# shadow contours num 400
# edge   0  nedges  12 :    0   0   0   0   0   0   4   0   0   0   0   0
# edge   1  nedges  13 :    0   0   0   0   0   0   0   0   0   0   0   0   0
# edge   2  nedges  13 :    0   0   0   0   0   0   4   0   0   0   0   0   0
# edge   3  nedges  11 :    0   0   0   0   0   0   0   0   0   0   0
# edge   4  nedges  13 :    0   0   0   0   0   0   0   0   0   0   0   0   0
# edge   5  nedges  13 :    0   0   0   0   0   0   4   0   0   0   0   0   0
# edge   6  nedges  13 :    0   0   0   0   0   0   0   0   0   0   0   0   0
# edge   7  nedges  14 :    0   0   0   0   0   0   4   0   0   0   0   0   0   0
# edge   8  nedges  13 :    0   0   0   0   0   0   0   0   0   0   0   0   0
# edge   9  nedges  14 :    0   0   0   0   0   0   4   0   0   0   0   0   0   0
# edge  10  nedges  13 :    0   0   0   0   0   0   0   0   0   0   0   0   0
# edge  11  nedges  13 :    0   0   0   0   0   4   0   0   0   0   0   0   0
# edge  12  nedges  13 :    0   0   0   0   0   0   0   0   0   0   0   0   0
# edge  13  nedges  13 :    0   0   0   0   0   4   0   0   0   0   0   0   0
# edge  14  nedges  13 :    0   0   0   0   0   0   0   0   0   0   0   0   0
# edge  15  nedges  14 :    0   0   0   0   0   0   4   0   0   0   0   0   0   0
# edge  16  nedges  12 :    0   0   0   0   0   0   0   0   0   0   0   0
# edge  17  nedges  13 :    0   0   0   0   0   4   0   0   0   0   0   0   0
# edge  18  nedges  13 :    0   0   0   0   0   0   0   0   0   0   0   0   0
# edge  19  nedges  14 :    0   0   0   0   0   0   4   0   0   0   0   0   0   0
# edge  20  nedges  14 :    0   0   0   0   0   4   0   0   0   0   0   0   0   0
# edge  21  nedges  13 :    0   0   0   0   0   4   0   0   0   0   0   0   0
# edge  22  nedges  13 :    0   0   0   0   0   4   0   0   0   0   0   0   0
# edge  23  nedges  14 :    0   0   0   0   0   4   0   0   0   0   0   0   0   0
# edge  24  nedges  13 :    0   0   0   0   4   0   0   0   0   0   0   0   0
# edge  25  nedges  12 :    0   0   0   0   4   0   0   0   0   0   0   0
# edge  26  nedges  12 :    0   0   0   0   4   0   0   0   0   0   0   0
# edge  27  nedges  12 :    0   0   0   0   4   0   3   0   0   0   0   0
# edge  28  nedges  14 :    0   0   0   0   0   4   0   0   0   0   0   0   0   0
# edge  29  nedges  12 :    0   0   0   0   0   0   0   0   0   0   0   0
# edge  30  nedges  14 :    0   0   0   0   0   0   0   0   0   0   0   0   0   0
# edge  31  nedges  13 :    0   0   0   0   0   0   0   0   0   0   0   0   0
# edge  32  nedges  14 :    0   0   0   0   3   0   4   0   0   0   0   0   0   0
# edge  33  nedges  14 :    0   0   0   0   0   4   0   0   0   0   0   0   0   0
# edge  34  nedges  17 :    0   0   0   0   0   3   0   4   0   0   0   0   0   0   0   0   0
# edge  35  nedges  15 :    0   0   0   0   0   0   0   0   0   0   0   0   0   0   0
# edge  36  nedges  15 :    0   0   0   0   3   0   0   0   0   0   0   0   0   0   0
# edge  37  nedges  14 :    0   0   0   0   0   0   0   0   0   0   0   0   0   0
# edge  38  nedges  18 :    0   0   0   0   0   0   3   0   4   0   0   0   0   0   0   0   0   0
# edge  39  nedges  14 :    0   0   0   0   0   0   0   0   0   0   0   0   0   0
# edge  40  nedges  16 :    0   0   0   0   0   0   4   0   3   0   0   0   0   0   0   0
# edge  41  nedges  15 :    0   0   0   0   0   0   0   0   0   0   0   0   0   0   0
# edge  42  nedges  14 :    0   0   0   0   0   0   0   0   0   0   0   0   0   0
# edge  43  nedges  16 :    0   0   0   0   0   0   0   4   0   0   0   0   0   0   0   0
# edge  44  nedges  13 :    0   0   0   0   0   0   0   0   0   0   0   0   0
# edge  45  nedges  14 :    0   0   0   0   3   0   4   0   0   0   0   0   0   0
# edge  46  nedges  15 :    0   0   0   0   0   0   0   0   0   0   0   0   0   0   0
# edge  47  nedges  13 :    0   0   0   0   0   4   3   3   0   0   0   0   0
# edge  48  nedges  14 :    0   0   0   0   0   0   0   0   0   0   0   0   0   0
# edge  49  nedges  14 :    0   0   0   0   0   0   0   0   0   0   0   0   0   0
# edge  50  nedges  12 :    0   0   0   0   0   0   0   0   0   0   0   0
# edge  51  nedges  13 :    0   0   0   0   0   0   0   0   0   0   0   0   0
# edge  52  nedges  14 :    0   0   0   0   0   0   0   0   0   0   0   0   0   0
# edge  53  nedges  14 :    0   0   0   0   0   0   0   0   0   0   0   0   0   0
# edge  54  nedges  16 :    0   0   0   0   0   0   0   0   0   0   0   0   0   0   0   0
# edge  55  nedges  15 :    0   0   0   0   0   0   0   0   0   3   0   0   0   0   0
# edge  56  nedges  13 :    0   0   0   0   0   0   0   0   0   0   0   0   0
# edge  57  nedges  13 :    0   0   0   0   0   0   0   0   0   0   0   0   0
# edge  58  nedges  13 :    0   0   0   0   0   0   0   4   0   0   0   0   0
# edge  59  nedges  12 :    0   0   0   0   0   0   0   0   0   0   0   0
# edge  60  nedges  13 :    0   0   0   0   0   0   0   0   0   0   0   0   0
# edge  61  nedges  16 :    0   0   0   0   0   0   0   0   0   0   0   0   0   0   0   0
# edge  62  nedges  13 :    0   0   0   0   0   0   0   0   0   0   0   0   0
# edge  63  nedges  12 :    0   0   0   0   0   0   0   0   0   0   0   0
# edge  64  nedges  12 :    0   0   0   0   0   0   4   0   0   0   0   0
# edge  65  nedges  15 :    0   0   0   0   0   0   0   0   0   0   0   0   0   0   0
# edge  66  nedges  14 :    0   0   0   0   0   0   0   0   0   0   0   0   0   0
# edge  67  nedges  14 :    0   0   0   0   0   0   0   0   0   0   0   0   0   0
# edge  68  nedges  13 :    0   0   0   0   0   0   4   0   0   0   0   0   0
# edge  69  nedges  12 :    0   0   0   0   0   0   0   0   0   0   0   0
# edge  70  nedges  13 :    0   0   0   0   0   0   0   3   0   0   0   0   0
# edge  71  nedges  12 :    0   0   0   0   0   0   0   0   0   0   0   0
# edge  72  nedges  13 :    0   0   0   0   0   0   0   0   0   0   0   0   0
# edge  73  nedges  13 :    0   0   0   0   0   0   0   0   0   0   0   0   0
# edge  74  nedges  12 :    0   0   0   0   0   0   0   0   0   0   0   0
# edge  75  nedges  12 :    0   0   0   0   0   0   0   3   0   0   0   0
# edge  76  nedges  14 :    0   0   0   0   0   0   0   4   0   0   0   0   0   0
# edge  77  nedges  11 :    0   0   0   0   0   0   0   0   0   0   0
# edge  78  nedges  11 :    0   0   0   0   0   4   0   0   0   0   0
# edge  79  nedges  11 :    0   0   0   0   0   4   0   0   0   0   0
# edge  80  nedges  12 :    0   0   0   0   0   0   0   0   0   0   0   0
# edge  81  nedges  11 :    0   0   0   0   0   0   0   0   0   0   0
# edge  82  nedges  12 :    0   0   0   0   0   0   0   0   0   0   0   0
# edge  83  nedges  12 :    0   0   0   0   0   0   0   0   0   0   0   0
# edge  84  nedges  13 :    0   0   0   0   0   0   0   0   0   0   0   0   0
# edge  85  nedges  12 :    0   0   0   0   0   0   0   0   0   0   0   0
# edge  86  nedges  12 :    0   0   0   0   0   0   0   3   0   0   0   0
# edge  87  nedges  14 :    0   0   0   0   0   0   0   0   0   0   0   0   0   0
# edge  88  nedges  13 :    0   0   0   0   0   0   0   0   0   0   0   0   0
# edge  89  nedges  14 :    0   0   0   0   0   0   0   0   0   0   0   0   0   0
# edge  90  nedges  14 :    0   0   0   0   0   0   0   0   0   0   0   0   0   0
# edge  91  nedges  12 :    0   0   0   0   0   0   0   0   0   0   0   0
# edge  92  nedges  13 :    0   0   0   0   0   0   4   0   0   0   0   0   0
# edge  93  nedges  11 :    0   0   0   0   0   0   0   0   0   0   0
# edge  94  nedges  14 :    0   0   0   0   0   0   0   4   0   0   0   0   0   0
# edge  95  nedges  11 :    0   0   0   0   0   0   0   0   0   0   0
# edge  96  nedges  12 :    0   0   0   0   0   0   0   0   0   0   0   0
# edge  97  nedges  15 :    0   0   0   0   0   0   0   4   0   3   0   0   0   0   0
# edge  98  nedges  14 :    0   0   0   0   0   0   0   3   0   0   0   0   0   0
# edge  99  nedges  11 :    0   0   0   0   0   0   0   0   0   0   0
# edge 100  nedges  13 :    0   0   0   0   0   0   0   0   0   0   0   0   0
# edge 101  nedges  14 :    0   0   0   0   0   0   0   0   0   0   0   0   0   0
# edge 102  nedges  13 :    0   0   0   0   0   0   0   0   0   0   0   0   0
# edge 103  nedges  12 :    0   0   0   0   3   0   4   0   0   0   0   0
# edge 104  nedges  12 :    0   0   0   0   0   4   0   0   0   0   0   0
# edge 105  nedges  15 :    0   0   0   0   0   0   0   0   0   3   0   0   0   0   0
# edge 106  nedges  14 :    0   0   0   0   0   0   4   0   0   0   0   0   0   0
# edge 107  nedges  15 :    0   0   0   0   0   0   0   0   0   0   0   0   0   0   0
# edge 108  nedges  12 :    0   0   0   0   0   0   4   0   0   0   0   0
# edge 109  nedges  12 :    0   0   0   0   0   0   0   0   0   0   0   0
# edge 110  nedges  14 :    0   0   0   0   0   0   0   0   0   0   0   0   0   0
# edge 111  nedges  12 :    0   0   0   0   0   0   0   0   0   0   0   0
# edge 112  nedges  14 :    0   0   0   0   0   0   0   0   0   0   0   0   0   0
# edge 113  nedges  12 :    0   0   0   0   0   0   0   0   0   0   0   0
# edge 114  nedges  13 :    0   0   0   0   0   0   0   0   0   0   0   0   0
# edge 115  nedges  13 :    0   0   0   0   0   0   0   0   0   0   0   0   0
# edge 116  nedges  12 :    0   0   0   0   4   0   0   0   0   0   0   0
# edge 117  nedges  12 :    0   0   0   0   0   0   3   3   0   0   0   0
# edge 118  nedges  13 :    0   0   0   0   0   0   0   0   0   0   0   0   0
# edge 119  nedges  12 :    0   0   0   0   0   4   0   0   0   0   0   0
# edge 120  nedges  11 :    0   0   0   0   0   4   0   0   0   0   0
# edge 121  nedges  12 :    0   0   0   0   0   4   0   0   0   0   0   0
# edge 122  nedges  10 :    0   0   0   0   0   4   0   0   0   0
# edge 123  nedges  11 :    0   0   0   0   0   0   0   0   0   0   0
# edge 124  nedges  11 :    0   0   0   0   4   0   0   0   0   0   0
# edge 125  nedges  10 :    0   0   0   0   4   0   0   0   0   0
# edge 126  nedges  12 :    0   0   0   0   0   0   0   3   0   0   0   0
# edge 127  nedges  11 :    0   0   0   0   0   0   0   0   0   0   0
# edge 128  nedges  12 :    0   0   0   0   0   4   0   0   0   0   0   0
# edge 129  nedges  11 :    0   0   0   0   0   0   4   0   0   0   0
# edge 130  nedges  13 :    0   0   0   0   0   0   0   0   0   0   0   0   0
# edge 131  nedges  13 :    0   0   0   0   0   0   0   0   0   0   0   0   0
# edge 132  nedges  16 :    0   0   0   0   0   0   0   0   0   0   3   0   0   0   0   0
# edge 133  nedges  12 :    0   0   0   0   0   0   0   0   0   0   0   0
# edge 134  nedges  13 :    0   0   0   0   0   0   0   0   0   0   0   0   0
# edge 135  nedges  14 :    0   0   0   0   0   0   0   0   4   0   0   0   0   0
# edge 136  nedges  15 :    0   0   0   0   0   0   0   0   0   3   0   0   0   0   0
# edge 137  nedges  15 :    0   0   0   0   0   0   0   0   0   3   0   0   0   3   0
# edge 138  nedges  15 :    0   0   0   0   0   0   0   0   0   0   0   0   0   0   0
# edge 139  nedges  14 :    0   0   0   0   0   0   0   0   0   0   0   0   0   0
# edge 140  nedges  14 :    0   0   0   0   0   0   0   0   0   3   0   0   0   0
# edge 141  nedges  14 :    0   0   0   0   0   0   0   0   0   3   0   0   0   0
# edge 142  nedges  14 :    0   0   0   0   0   0   0   0   0   0   0   0   3   0
# edge 143  nedges  14 :    0   0   0   0   0   0   0   0   0   0   0   0   0   0
# edge 144  nedges  14 :    0   0   0   0   0   0   0   0   0   3   0   0   0   0
# edge 145  nedges  14 :    0   0   0   0   0   0   0   0   0   0   0   0   0   0
# edge 146  nedges  12 :    0   0   0   0   0   0   0   3   0   0   0   0
# edge 147  nedges  13 :    0   0   0   0   0   0   0   0   0   0   0   0   0
# edge 148  nedges  14 :    0   0   0   0   0   0   0   0   3   0   0   0   0   0
# edge 149  nedges  13 :    0   0   0   0   0   0   0   0   3   0   0   0   0
# edge 150  nedges  13 :    0   0   0   0   0   0   0   0   3   0   0   0   0
# edge 151  nedges  13 :    0   0   0   0   0   0   0   3   0   0   0   0   0
# edge 152  nedges  13 :    0   0   0   0   0   0   0   0   3   0   0   0   0
# edge 153  nedges  12 :    0   0   0   0   0   0   3   3   0   0   0   0
# edge 154  nedges  12 :    0   0   0   0   0   0   0   0   0   0   0   0
# edge 155  nedges  11 :    0   0   0   0   0   0   0   0   0   0   0
# edge 156  nedges  12 :    0   0   0   0   0   0   0   0   0   0   0   0
# edge 157  nedges  15 :    0   0   0   0   0   0   0   0   0   3   0   0   0   0   0
# edge 158  nedges  12 :    0   0   0   0   0   0   0   0   0   0   0   0
# edge 159  nedges  13 :    0   0   0   0   0   0   0   0   0   0   0   0   0
# edge 160  nedges  11 :    0   0   0   0   0   0   0   0   0   0   0
# edge 161  nedges  13 :    0   0   0   0   0   0   0   0   0   0   0   0   0
# edge 162  nedges  13 :    0   0   0   0   0   0   0   0   0   0   0   0   0
# edge 163  nedges  12 :    0   0   0   0   0   0   0   0   0   0   0   0
# edge 164  nedges  14 :    0   0   0   0   0   0   0   0   0   0   0   0   0   0
# edge 165  nedges  13 :    0   0   0   0   0   0   3   4   0   0   0   0   0
# edge 166  nedges  13 :    0   0   0   0   0   0   0   0   0   0   0   0   0
# edge 167  nedges  13 :    0   0   0   0   0   0   0   3   0   0   0   0   0
# edge 168  nedges  11 :    0   0   0   0   0   4   0   0   0   0   0
# edge 169  nedges  13 :    0   0   0   0   0   0   0   0   0   0   0   0   0
# edge 170  nedges  12 :    0   0   0   0   0   0   0   0   0   0   0   0
# edge 171  nedges  11 :    0   0   0   0   0   4   0   0   0   0   0
# edge 172  nedges  12 :    0   0   0   0   0   0   0   0   0   0   0   0
# edge 173  nedges  12 :    0   0   0   0   0   0   0   0   0   0   0   0
# edge 174  nedges  13 :    0   0   0   0   0   0   0   0   0   0   0   0   0
# edge 175  nedges  12 :    0   0   0   0   0   0   0   0   0   0   0   0
# edge 176  nedges  15 :    0   0   0   0   0   0   0   0   0   0   0   0   0   0   0
# edge 177  nedges  11 :    0   0   0   0   0   0   0   0   0   0   0
# edge 178  nedges  12 :    0   0   0   0   0   0   0   0   0   0   0   0
# edge 179  nedges  14 :    0   0   0   0   0   0   0   0   0   0   0   0   0   0
# edge 180  nedges  13 :    0   0   0   0   0   0   0   0   0   0   0   0   0
# edge 181  nedges  11 :    0   0   0   0   0   0   0   0   0   0   0
# edge 182  nedges  12 :    0   0   0   0   0   0   0   0   0   0   0   0
# edge 183  nedges  13 :    0   0   0   0   0   0   0   0   3   0   0   0   0
# edge 184  nedges  11 :    0   0   0   0   0   0   0   0   0   0   0
# edge 185  nedges  13 :    0   0   0   0   0   0   0   3   3   0   0   0   0
# edge 186  nedges  13 :    0   0   0   0   0   0   4   0   3   0   0   0   0
# edge 187  nedges  12 :    0   0   0   0   0   0   0   0   0   0   0   0
# edge 188  nedges  14 :    0   0   0   0   0   0   4   0   0   0   0   0   0   0
# edge 189  nedges  13 :    0   0   0   0   0   0   0   0   0   0   0   0   0
# edge 190  nedges  15 :    0   0   0   0   0   0   0   0   0   0   0   0   0   0   0
# edge 191  nedges  13 :    0   0   0   0   0   0   0   0   0   0   0   0   0
# edge 192  nedges  13 :    0   0   0   0   0   0   0   0   3   0   0   0   0
# edge 193  nedges  12 :    0   0   0   0   0   0   0   0   0   0   0   0
# edge 194  nedges  13 :    0   0   0   0   0   0   0   0   0   0   0   0   0
# edge 195  nedges  13 :    0   0   0   0   0   0   0   0   0   0   0   0   0
# edge 196  nedges  13 :    0   0   0   0   0   0   0   0   0   0   0   0   0
# edge 197  nedges  14 :    0   0   0   0   0   0   0   0   0   0   0   0   0   0
# edge 198  nedges  13 :    0   0   0   0   0   0   0   0   0   0   0   0   0
# edge 199  nedges  16 :    0   0   0   0   0   0   0   0   0   0   0   0   0   0   0   0
# edge 200  nedges  15 :    0   0   0   0   0   0   0   0   0   0   0   0   0   0   0
# edge 201  nedges  14 :    0   0   0   0   0   0   0   0   0   0   0   0   0   0
# edge 202  nedges  15 :    0   0   0   0   0   0   0   0   0   0   0   0   0   0   0
# edge 203  nedges  14 :    0   0   0   0   0   0   0   0   0   3   0   0   0   0
# edge 204  nedges  15 :    0   0   0   0   0   4   0   4   0   3   0   0   0   0   0
# edge 205  nedges  15 :    0   0   0   0   0   0   0   0   0   0   0   0   0   0   0
# edge 206  nedges  16 :    0   0   0   0   0   3   0   0   0   0   0   0   0   0   0   0
# edge 207  nedges  15 :    0   0   0   0   0   0   0   0   0   0   0   0   0   0   0
# edge 208  nedges  16 :    0   0   0   0   0   0   0   0   0   3   0   0   0   0   0   0
# edge 209  nedges  15 :    0   0   0   0   0   0   0   0   0   0   0   0   0   0   0
# edge 210  nedges  17 :    0   0   0   0   0   0   4   0   4   0   3   0   0   0   0   0   0
# edge 211  nedges  17 :    0   0   0   0   0   0   3   0   0   0   0   0   0   0   0   0   0
# edge 212  nedges  17 :    0   0   0   0   0   0   0   0   0   0   0   0   0   0   0   0   0
# edge 213  nedges  16 :    0   0   0   0   0   0   4   0   0   0   0   0   0   0   0   0
# edge 214  nedges  15 :    0   0   0   0   0   0   0   0   0   0   0   0   0   0   0
# edge 215  nedges  15 :    0   0   0   0   0   0   0   0   0   0   0   0   0   0   0
# edge 216  nedges  14 :    0   0   0   0   0   0   0   0   0   0   0   0   0   0
# edge 217  nedges  15 :    0   0   0   0   0   0   0   0   0   0   0   0   0   0   0
# edge 218  nedges  14 :    0   0   0   0   0   4   0   3   0   0   0   0   0   0
# edge 219  nedges  13 :    0   0   0   0   0   4   0   0   0   0   0   0   0
# edge 220  nedges  13 :    0   0   0   0   0   4   0   0   0   0   0   0   0
# edge 221  nedges  14 :    0   0   0   0   0   0   0   0   0   0   0   0   0   0
# edge 222  nedges  14 :    0   0   0   0   0   4   0   0   0   0   0   0   0   0
# edge 223  nedges  13 :    0   0   0   0   0   4   0   4   0   0   0   0   0
# edge 224  nedges  13 :    0   0   0   0   0   4   0   0   0   0   0   0   0
# edge 225  nedges  13 :    0   0   0   0   4   0   0   3   0   0   0   0   0
# edge 226  nedges  12 :    0   0   0   0   0   3   0   0   0   0   0   0
# edge 227  nedges  10 :    0   0   0   4   0   0   0   0   0   0
# edge 228  nedges  13 :    0   0   0   0   0   0   3   0   0   0   0   0   0
# edge 229  nedges  12 :    0   0   0   0   4   0   0   0   0   0   0   0
# edge 230  nedges  14 :    0   0   0   0   0   4   0   0   0   0   0   0   0   0
# edge 231  nedges  14 :    0   0   0   0   0   0   0   0   0   0   0   0   0   0
# edge 232  nedges  13 :    0   0   0   0   0   0   0   0   0   0   0   0   0
# edge 233  nedges  16 :    0   0   0   0   0   0   0   4   0   0   0   0   0   0   0   0
# edge 234  nedges  14 :    0   0   0   0   0   0   0   0   0   0   0   0   0   0
# edge 235  nedges  14 :    0   0   0   0   0   0   4   0   0   0   0   0   0   0
# edge 236  nedges  14 :    0   0   0   0   0   4   0   0   0   0   0   0   0   0
# edge 237  nedges  12 :    0   0   0   0   0   0   0   0   0   0   0   0
# edge 238  nedges  15 :    0   0   0   0   0   0   4   0   0   0   0   0   0   0   0
# edge 239  nedges  13 :    0   0   0   0   0   0   0   0   0   0   0   0   0
# edge 240  nedges  14 :    0   0   0   0   0   0   0   0   0   0   0   0   0   0
# edge 241  nedges  12 :    0   0   0   0   0   0   0   0   0   0   0   0
# edge 242  nedges  13 :    0   0   0   0   0   0   4   0   0   0   0   0   0
# edge 243  nedges  14 :    0   0   0   0   0   0   0   0   0   0   0   0   0   0
# edge 244  nedges  16 :    0   0   0   0   0   0   0   4   0   0   0   0   0   0   0   0
# edge 245  nedges  14 :    0   0   0   0   0   0   0   0   0   0   0   0   0   0
# edge 246  nedges  15 :    0   0   0   0   0   0   0   0   0   0   0   0   0   0   0
# edge 247  nedges  15 :    0   0   0   0   0   0   0   0   0   0   0   0   0   0   0
# edge 248  nedges  13 :    0   0   0   0   0   0   4   0   0   0   0   0   0
# edge 249  nedges  13 :    0   0   0   0   0   4   0   0   0   0   0   0   0
# edge 250  nedges  15 :    0   0   0   0   0   0   0   0   0   0   0   0   0   0   0
# edge 251  nedges  14 :    0   0   0   0   0   0   0   0   0   0   0   0   3   0
# edge 252  nedges  13 :    0   0   0   0   0   0   4   0   0   0   0   0   0
# edge 253  nedges  13 :    0   0   0   0   0   0   4   0   0   0   0   0   0
# edge 254  nedges  13 :    0   0   0   0   0   0   4   0   0   0   0   0   0
# edge 255  nedges  14 :    0   0   0   0   0   0   0   4   0   0   0   0   3   0
# edge 256  nedges  13 :    0   0   0   0   0   0   4   0   0   0   0   3   0
# edge 257  nedges  13 :    0   0   0   0   0   0   4   0   0   0   0   0   0
# edge 258  nedges  11 :    0   0   0   0   0   0   4   0   0   0   0
# edge 259  nedges  14 :    0   0   0   0   0   0   0   4   0   0   0   0   0   0
# edge 260  nedges  13 :    0   0   0   0   0   0   4   0   0   0   0   0   0
# edge 261  nedges  15 :    0   0   0   0   0   0   0   4   0   0   0   0   0   0   0
# edge 262  nedges  14 :    0   0   0   0   0   0   0   0   0   0   0   0   0   0
# edge 263  nedges  14 :    0   0   0   0   0   0   0   0   4   0   0   0   3   0
# edge 264  nedges  13 :    0   0   0   0   0   0   0   4   0   0   0   0   0
# edge 265  nedges  15 :    0   0   0   0   0   0   0   4   0   3   0   0   0   0   0
# edge 266  nedges  15 :    0   0   0   0   0   0   4   0   0   0   0   0   0   0   0
# edge 267  nedges  16 :    0   0   0   0   0   0   0   0   0   0   0   0   0   0   0   0
# edge 268  nedges  13 :    0   0   0   0   0   0   4   0   0   0   0   0   0
# edge 269  nedges  14 :    0   0   0   0   0   0   4   0   0   0   0   0   0   0
# edge 270  nedges  15 :    0   0   0   0   0   0   4   0   0   0   0   0   0   0   0
# edge 271  nedges  15 :    0   0   0   0   0   0   4   0   0   0   0   0   0   0   0
# edge 272  nedges  14 :    0   0   0   0   0   4   0   0   0   0   0   0   0   0
# edge 273  nedges  13 :    0   0   0   0   0   0   0   0   0   0   0   0   0
# edge 274  nedges  15 :    0   0   0   0   0   0   4   0   0   0   0   0   0   3   3
# edge 275  nedges  15 :    0   0   0   0   0   0   0   0   0   0   0   0   0   0   0
# edge 276  nedges  14 :    0   0   0   0   0   0   0   0   0   0   0   0   0   0
# edge 277  nedges  15 :    0   0   0   0   0   0   4   0   0   0   0   0   0   0   0
# edge 278  nedges  15 :    0   0   0   0   0   0   0   0   0   0   0   0   0   0   0
# edge 279  nedges  14 :    0   0   0   0   0   0   0   0   0   0   0   0   0   0
# edge 280  nedges  14 :    0   0   0   0   0   4   0   0   0   0   0   0   0   0
# edge 281  nedges  14 :    0   0   0   0   0   0   4   0   0   0   0   0   0   0
# edge 282  nedges  15 :    0   0   0   0   0   0   4   0   0   0   0   0   0   0   0
# edge 283  nedges  14 :    0   0   0   0   0   0   4   0   0   0   0   0   0   0
# edge 284  nedges  12 :    0   0   0   0   0   0   0   0   0   0   0   0
# edge 285  nedges  12 :    0   0   0   0   0   0   4   0   0   0   0   0
# edge 286  nedges  13 :    0   0   0   0   0   0   4   0   0   0   0   0   0
# edge 287  nedges  13 :    0   0   0   0   0   0   4   0   0   0   0   0   0
# edge 288  nedges  13 :    0   0   0   0   0   0   0   4   0   0   0   0   0
# edge 289  nedges  14 :    0   0   0   0   0   0   0   4   0   0   0   0   0   0
# edge 290  nedges  13 :    0   0   0   0   0   0   0   4   0   0   0   0   0
# edge 291  nedges  13 :    0   0   0   0   0   0   0   4   0   0   0   0   0
# edge 292  nedges  15 :    0   0   0   0   0   0   0   0   4   0   0   0   0   0   0
# edge 293  nedges  15 :    0   0   0   0   0   0   0   4   0   0   0   0   0   0   0
# edge 294  nedges  15 :    0   0   0   0   0   0   0   0   0   0   0   0   0   0   0
# edge 295  nedges  15 :    0   0   0   0   0   0   0   4   0   0   0   0   0   0   0
# edge 296  nedges  14 :    0   0   0   0   0   0   0   4   0   0   0   0   0   0
# edge 297  nedges  15 :    0   0   0   0   0   0   0   4   0   0   0   0   0   0   0
# edge 298  nedges  16 :    0   0   0   0   0   0   0   4   0   0   0   0   0   0   0   0
# edge 299  nedges  14 :    0   0   0   0   0   0   0   4   0   0   0   0   0   0
# edge 300  nedges  14 :    0   0   0   0   0   0   4   0   0   0   0   0   0   0
# edge 301  nedges  14 :    0   0   0   0   0   0   4   0   0   0   0   0   0   0
# edge 302  nedges  15 :    0   0   0   0   0   0   4   0   0   0   0   0   0   0   0
# edge 303  nedges  12 :    0   0   0   0   0   4   0   0   0   0   0   0
# edge 304  nedges  14 :    0   0   0   0   0   0   4   0   0   0   0   0   0   0
# edge 305  nedges  13 :    0   0   0   0   0   0   4   0   0   0   0   0   0
# edge 306  nedges  12 :    0   0   0   0   0   0   4   0   0   0   0   0
# edge 307  nedges  13 :    0   0   0   0   0   0   4   0   0   0   0   0   0
# edge 308  nedges  14 :    0   0   0   0   0   0   4   0   0   0   0   0   0   0
# edge 309  nedges  15 :    0   0   0   0   0   0   4   0   0   0   0   0   0   0   0
# edge 310  nedges  14 :    0   0   0   0   0   0   0   4   0   0   0   0   0   0
# edge 311  nedges  16 :    0   0   0   0   0   3   0   4   0   0   0   0   0   0   0   0
# edge 312  nedges  14 :    0   0   0   0   0   0   0   0   0   0   0   0   0   0
# edge 313  nedges  15 :    0   0   0   0   0   0   0   4   0   0   0   0   0   0   0
# edge 314  nedges  14 :    0   0   0   0   0   0   4   0   0   0   0   0   0   0
# edge 315  nedges  12 :    0   0   0   0   0   4   0   0   0   0   0   0
# edge 316  nedges  12 :    0   0   0   0   0   4   0   0   0   0   0   0
# edge 317  nedges  12 :    0   0   0   0   0   0   3   0   0   0   0   0
# edge 318  nedges  13 :    0   0   0   0   0   0   0   0   0   0   0   0   0
# edge 319  nedges  12 :    0   0   0   0   0   4   0   0   0   0   0   0
# edge 320  nedges  12 :    0   0   0   0   0   4   0   0   0   0   0   0
# edge 321  nedges  12 :    0   0   0   0   0   4   0   0   0   0   3   0
# edge 322  nedges  11 :    0   0   0   0   0   4   0   0   0   0   0
# edge 323  nedges  12 :    0   0   0   0   0   4   0   0   0   0   0   0
# edge 324  nedges  10 :    0   0   0   0   0   4   0   0   0   0
# edge 325  nedges  10 :    0   0   0   0   0   4   0   0   0   0
# edge 326  nedges  11 :    0   0   0   0   4   0   0   0   0   0   0
# edge 327  nedges  12 :    0   0   0   0   0   4   0   0   0   0   0   0
# edge 328  nedges  13 :    0   3   0   0   0   0   4   0   0   0   0   0   0
# edge 329  nedges  13 :    0   0   0   0   0   0   4   0   0   0   0   0   0
# edge 330  nedges  13 :    0   0   0   0   0   0   4   0   0   0   0   3   0
# edge 331  nedges  14 :    0   0   0   0   0   0   4   0   0   0   0   0   0   0
# edge 332  nedges  13 :    0   0   0   0   0   0   4   0   0   0   0   0   0
# edge 333  nedges  13 :    0   0   0   0   0   0   0   0   0   0   0   0   0
# edge 334  nedges  13 :    0   0   0   0   0   0   4   0   0   0   0   0   0
# edge 335  nedges  13 :    0   0   0   0   0   0   4   0   0   0   0   0   0
# edge 336  nedges  14 :    0   0   0   0   0   0   0   4   0   0   0   0   0   0
# edge 337  nedges  14 :    0   0   0   0   0   0   0   4   0   0   0   0   0   0
# edge 338  nedges  13 :    0   0   0   0   0   4   0   0   0   0   0   0   0
# edge 339  nedges  13 :    0   0   0   0   0   0   4   0   0   0   0   0   0
# edge 340  nedges  12 :    0   0   0   0   0   0   0   0   0   0   0   0
# edge 341  nedges  13 :    0   0   0   0   0   0   4   0   0   0   0   0   0
# edge 342  nedges  13 :    0   0   0   0   0   4   0   0   0   0   0   0   0
# edge 343  nedges  14 :    0   0   0   0   0   0   0   0   0   0   0   0   0   0
# edge 344  nedges  15 :    0   0   0   0   0   0   4   0   0   0   0   0   0   0   0
# edge 345  nedges  14 :    0   0   0   0   0   4   0   0   0   0   0   0   0   0
# edge 346  nedges  16 :    0   0   0   0   0   0   4   0   0   0   0   0   0   0   0   0
# edge 347  nedges  14 :    0   0   0   0   0   4   0   0   0   0   0   0   0   0
# edge 348  nedges  16 :    0   0   0   0   0   0   4   0   0   0   0   0   0   0   0   0
# edge 349  nedges  16 :    0   0   0   0   0   0   4   0   0   0   0   0   0   0   0   0
# edge 350  nedges  15 :    0   0   0   0   0   4   0   0   0   0   0   0   0   0   0
# edge 351  nedges  15 :    0   0   0   0   0   0   4   0   0   0   0   0   0   0   0
# edge 352  nedges  15 :    0   0   0   0   0   0   4   0   0   0   0   0   0   0   0
# edge 353  nedges  16 :    0   0   0   0   0   0   4   0   0   0   0   0   0   0   0   0
# edge 354  nedges  15 :    0   0   0   0   0   0   4   0   0   0   0   0   0   0   0
# edge 355  nedges  16 :    0   0   0   0   0   0   0   4   0   0   0   0   0   0   0   0
# edge 356  nedges  14 :    0   0   0   0   0   0   4   0   0   0   0   0   0   0
# edge 357  nedges  13 :    0   0   0   0   0   4   0   0   0   0   0   3   3
# edge 358  nedges  13 :    0   0   0   0   0   0   4   0   0   0   0   0   0
# edge 359  nedges  13 :    0   0   0   0   0   0   4   0   0   0   0   0   0
# edge 360  nedges  12 :    0   0   0   0   0   4   0   0   0   0   0   0
# edge 361  nedges  13 :    0   0   0   0   0   0   4   0   0   0   0   0   0
# edge 362  nedges  13 :    0   0   0   0   0   0   4   0   0   0   0   0   0
# edge 363  nedges  13 :    0   0   0   0   0   0   4   0   0   0   0   0   0
# edge 364  nedges  12 :    0   0   0   0   0   0   4   0   0   0   0   0
# edge 365  nedges  12 :    0   0   0   0   0   0   4   0   0   0   0   0
# edge 366  nedges  12 :    0   0   0   0   0   0   4   0   0   0   0   0
# edge 367  nedges  14 :    0   0   0   0   0   0   0   0   4   0   0   0   0   0
# edge 368  nedges  12 :    0   0   0   0   0   4   0   0   0   0   0   0
# edge 369  nedges  12 :    0   0   0   0   0   4   0   0   0   0   0   0
# edge 370  nedges  12 :    0   0   0   0   0   0   4   0   0   0   0   0
# edge 371  nedges  14 :    0   0   0   0   0   0   4   0   0   0   0   0   0   0
# edge 372  nedges  13 :    0   0   0   0   0   0   4   0   0   0   0   0   0
# edge 373  nedges  14 :    0   0   0   0   0   0   4   0   0   0   0   0   0   0
# edge 374  nedges  15 :    0   0   0   0   0   0   0   4   0   0   0   0   0   0   0
# edge 375  nedges  16 :    0   0   0   0   0   0   0   4   0   0   0   0   0   0   0   0
# edge 376  nedges  14 :    0   0   0   0   0   0   0   4   0   0   0   0   0   0
# edge 377  nedges  15 :    0   0   0   0   0   0   0   4   0   0   0   0   0   0   0
# edge 378  nedges  16 :    0   0   0   0   0   0   0   0   4   0   0   0   0   0   0   0
# edge 379  nedges  15 :    0   0   0   0   0   0   0   4   0   0   0   0   0   0   0
# edge 380  nedges  15 :    0   0   0   0   0   0   0   4   0   0   0   0   0   0   0
# edge 381  nedges  15 :    0   0   0   0   0   0   0   4   0   0   0   0   0   0   0
# edge 382  nedges  16 :    0   0   0   0   0   3   0   0   0   3   0   0   0   0   0   0
# edge 383  nedges  16 :    0   0   0   0   0   3   0   4   0   0   0   0   0   0   0   0
# edge 384  nedges  16 :    0   0   0   0   0   0   4   0   3   0   0   0   0   0   0   0
# edge 385  nedges  13 :    0   0   0   0   0   0   4   0   0   0   0   0   0
# edge 386  nedges  15 :    0   0   0   0   0   0   0   0   0   0   0   0   0   0   0
# edge 387  nedges  16 :    0   0   0   0   0   0   4   0   0   0   0   0   0   0   0   0
# edge 388  nedges  15 :    0   0   0   0   0   0   4   0   0   0   0   0   0   0   0
# edge 389  nedges  14 :    0   0   0   0   0   4   0   0   0   0   0   0   0   0
# edge 390  nedges  13 :    0   0   0   0   4   0   0   0   0   0   0   0   0
# edge 391  nedges  13 :    0   0   0   0   0   4   0   0   0   0   0   0   0
# edge 392  nedges  11 :    0   0   0   0   4   0   0   0   0   0   0
# edge 393  nedges  13 :    0   0   0   0   0   4   0   0   0   0   0   0   0
# edge 394  nedges  13 :    0   0   0   0   0   4   0   0   0   0   0   0   0
# edge 395  nedges  12 :    0   0   0   0   0   4   0   0   0   0   0   0
# edge 396  nedges  15 :    0   0   0   0   0   0   0   0   0   0   0   0   0   0   0
# edge 397  nedges  14 :    0   0   0   0   0   0   0   0   0   0   0   0   0   0
# edge 398  nedges  13 :    0   0   0   0   0   0   0   0   0   0   0   0   0
# edge 399  nedges  14 :    0   0   0   0   0   0   0   0   0   0   0   0   0   0
#  EEdgeType:
#  EEdgeUnknown	 (-1):   0
#  EEdgeRegular	  (0): 5093
#  EEdgeDummy      (1):   0
#  EEdgeDust		  (2):   0
#  EEdgeCavern	  (3):  72
#  EEdgeMaxPointErr(4): 206
#  EEdgeGlare	  (5):   0
#   0  norm     1.0000000000   -0.0000000000    0.0000000000
# nedges  12 
#  type   0  conf  1.0000
   0.0000000000   1.8477445396  -4.5881613220
   0.0000000000   2.2975755375  -4.3687094257
      
      
#  type   0  conf  1.0000
   0.0000000000   2.2975755375  -4.3687094257
   0.0000000000   2.8117193264  -3.9002444720
      
      
#  type   0  conf  1.0000
   0.0000000000   2.8117193264  -3.9002444720
   0.0000000000   2.8091273167  -3.7728213858
      
      
#  type   0  conf  1.0000
   0.0000000000   2.8091273167  -3.7728213858
   0.0000000000   0.9541918875  -2.1645855837
      
      
#  type   0  conf  1.0000
   0.0000000000   0.9541918875  -2.1645855837
   0.0000000000   0.8253430429  -2.0537260016
      
      
#  type   0  conf  1.0000
   0.0000000000   0.8253430429  -2.0537260016
   0.0000000000   0.3475829158  -1.6745840677
      
      
#  type   4  conf  0.0000
#  type   0  conf  1.0000
   0.0000000000   0.2650364932  -1.6754259831
  -0.0000000000  -2.7786979506  -3.7490413382
      
      
#  type   0  conf  1.0000
  -0.0000000000  -2.7786979506  -3.7490413382
  -0.0000000000  -2.7994712680  -3.7908917699
      
      
#  type   0  conf  1.0000
  -0.0000000000  -2.7994712680  -3.7908917699
  -0.0000000000  -2.7964964308  -3.9180003262
      
      
#  type   0  conf  1.0000
  -0.0000000000  -2.7964964308  -3.9180003262
  -0.0000000000  -2.2428498516  -4.3436793326
      
      
#  type   0  conf  1.0000
  -0.0000000000  -2.2428498516  -4.3436793326
  -0.0000000000  -1.7916907949  -4.5832916766
      
      
#   1  norm     0.9999691576   -0.0078539009    0.0000000000
# nedges  13 
#  type   0  conf  1.0000
   0.0145806869   1.8564325479  -4.5877690346
   0.0180614963   2.2996138467  -4.3697723590
      
      
#  type   0  conf  1.0000
   0.0180614963   2.2996138467  -4.3697723590
   0.0221291877   2.8175177478  -3.9011484266
      
      
#  type   0  conf  1.0000
   0.0221291877   2.8175177478  -3.9011484266
   0.0221382146   2.8186670700  -3.7724403668
      
      
#  type   0  conf  1.0000
   0.0221382146   2.8186670700  -3.7724403668
   0.0070918239   0.9029404925  -2.1151097907
      
      
#  type   0  conf  1.0000
   0.0070918239   0.9029404925  -2.1151097907
   0.0066895730   0.8517253767  -2.0711344114
      
      
#  type   0  conf  1.0000
   0.0066895730   0.8517253767  -2.0711344114
   0.0027170747   0.3459415883  -1.6656941287
      
      
#  type   0  conf  1.0000
   0.0027170747   0.3459415883  -1.6656941287
   0.0023239946   0.2958941041  -1.6714391052
      
      
#  type   0  conf  1.0000
   0.0023239946   0.2958941041  -1.6714391052
   0.0002188341   0.0278622457  -1.8387516007
      
      
#  type   0  conf  1.0000
   0.0002188341   0.0278622457  -1.8387516007
  -0.0219764607  -2.7980723489  -3.7601370702
      
      
#  type   0  conf  1.0000
  -0.0219764607  -2.7980723489  -3.7601370702
  -0.0220512184  -2.8075906035  -3.8165326344
      
      
#  type   0  conf  1.0000
  -0.0220512184  -2.8075906035  -3.8165326344
  -0.0220411100  -2.8063035787  -3.9127357855
      
      
#  type   0  conf  1.0000
  -0.0220411100  -2.8063035787  -3.9127357855
  -0.0177815293  -2.2639680727  -4.3399559059
      
      
#  type   0  conf  1.0000
  -0.0177815293  -2.2639680727  -4.3399559059
  -0.0141439611  -1.8008280308  -4.5830328530
      
      
#   2  norm     0.9998766325   -0.0157073173    0.0000000000
# nedges  13 
#  type   0  conf  1.0000
   0.0292802576   1.8638857778  -4.5884691574
   0.0362124875   2.3051689454  -4.3685592620
      
      
#  type   0  conf  1.0000
   0.0362124875   2.3051689454  -4.3685592620
   0.0444187500   2.8275528685  -3.8969194709
      
      
#  type   0  conf  1.0000
   0.0444187500   2.8275528685  -3.8969194709
   0.0443851934   2.8254167700  -3.7695708301
      
      
#  type   0  conf  1.0000
   0.0443851934   2.8254167700  -3.7695708301
   0.0137047808   0.8724016838  -2.0834470602
      
      
#  type   0  conf  1.0000
   0.0137047808   0.8724016838  -2.0834470602
   0.0111390980   0.7090786799  -1.9515237298
      
      
#  type   0  conf  1.0000
   0.0111390980   0.7090786799  -1.9515237298
   0.0055577970   0.3537912472  -1.6690074907
      
      
#  type   4  conf  0.0000
#  type   0  conf  1.0000
   0.0048298138   0.3074502071  -1.6675298945
  -0.0004241080  -0.0269973360  -1.8754922248
      
      
#  type   0  conf  1.0000
  -0.0004241080  -0.0269973360  -1.8754922248
  -0.0437866265  -2.7873139488  -3.7509125367
      
      
#  type   0  conf  1.0000
  -0.0437866265  -2.7873139488  -3.7509125367
  -0.0442412180  -2.8162517632  -3.7907206479
      
      
#  type   0  conf  1.0000
  -0.0442412180  -2.8162517632  -3.7907206479
  -0.0441921130  -2.8131258969  -3.9122690552
      
      
#  type   0  conf  1.0000
  -0.0441921130  -2.8131258969  -3.9122690552
  -0.0357919120  -2.2783964806  -4.3405236584
      
      
#  type   0  conf  1.0000
  -0.0357919120  -2.2783964806  -4.3405236584
  -0.0283124474  -1.8022781379  -4.5853177816
      
      
#   3  norm     0.9997224302   -0.0235597648    0.0000000000
# nedges  11 
#  type   0  conf  1.0000
   0.0441028248   1.8714356238  -4.5894636753
   0.0544301627   2.3096603439  -4.3677344241
      
      
#  type   0  conf  1.0000
   0.0544301627   2.3096603439  -4.3677344241
   0.0668522281   2.8367716084  -3.8955526388
      
      
#  type   0  conf  1.0000
   0.0668522281   2.8367716084  -3.8955526388
   0.0667599674   2.8328566662  -3.7669197721
      
      
#  type   0  conf  1.0000
   0.0667599674   2.8328566662  -3.7669197721
   0.0204302801   0.8669275534  -2.0733501030
      
      
#  type   0  conf  1.0000
   0.0204302801   0.8669275534  -2.0733501030
   0.0086041617   0.3651043850  -1.6695609927
      
      
#  type   0  conf  1.0000
   0.0086041617   0.3651043850  -1.6695609927
   0.0073882387   0.3135085615  -1.6679603411
      
      
#  type   0  conf  1.0000
   0.0073882387   0.3135085615  -1.6679603411
  -0.0006030594  -0.0255898985  -1.8765240671
      
      
#  type   0  conf  1.0000
  -0.0006030594  -0.0255898985  -1.8765240671
  -0.0665549124  -2.8241554716  -3.7732224650
      
      
#  type   0  conf  1.0000
  -0.0665549124  -2.8241554716  -3.7732224650
  -0.0665534387  -2.8240929369  -3.9078106041
      
      
#  type   0  conf  1.0000
  -0.0665534387  -2.8240929369  -3.9078106041
  -0.0540083725  -2.2917623227  -4.3427236823
      
      
#  type   0  conf  1.0000
  -0.0540083725  -2.2917623227  -4.3427236823
  -0.0424792216  -1.8025405170  -4.5870189084
      
      
#   4  norm     0.9995065604   -0.0314107591    0.0000000000
# nedges  13 
#  type   0  conf  1.0000
   0.0591145438   1.8810552850  -4.5883565185
   0.0726271051   2.3110319557  -4.3690585894
      
      
#  type   0  conf  1.0000
   0.0726271051   2.3110319557  -4.3690585894
   0.0894019906   2.8448174671  -3.8953312386
      
      
#  type   0  conf  1.0000
   0.0894019906   2.8448174671  -3.8953312386
   0.0893124441   2.8419680508  -3.7659583844
      
      
#  type   0  conf  1.0000
   0.0893124441   2.8419680508  -3.7659583844
   0.0295739393   0.9410580062  -2.1315744278
      
      
#  type   0  conf  1.0000
   0.0295739393   0.9410580062  -2.1315744278
   0.0268407300   0.8540858778  -2.0579802285
      
      
#  type   0  conf  1.0000
   0.0268407300   0.8540858778  -2.0579802285
   0.0117358571   0.3734410293  -1.6701747204
      
      
#  type   0  conf  1.0000
   0.0117358571   0.3734410293  -1.6701747204
   0.0101377258   0.3225876655  -1.6666560751
      
      
#  type   0  conf  1.0000
   0.0101377258   0.3225876655  -1.6666560751
  -0.0001173483  -0.0037340839  -1.8653625404
      
      
#  type   0  conf  1.0000
  -0.0001173483  -0.0037340839  -1.8653625404
  -0.0026039677  -0.0828595966  -1.9169013439
      
      
#  type   0  conf  1.0000
  -0.0026039677  -0.0828595966  -1.9169013439
  -0.0890526109  -2.8337000268  -3.7767136786
      
      
#  type   0  conf  1.0000
  -0.0890526109  -2.8337000268  -3.7767136786
  -0.0890486777  -2.8335748689  -3.9053785382
      
      
#  type   0  conf  1.0000
  -0.0890486777  -2.8335748689  -3.9053785382
  -0.0726364051  -2.3113278867  -4.3411469852
      
      
#  type   0  conf  1.0000
  -0.0726364051  -2.3113278867  -4.3411469852
  -0.0567895838  -1.8070738567  -4.5871201965
      
      
#   5  norm     0.9992290362   -0.0392598158    0.0000000000
# nedges  13 
#  type   0  conf  1.0000
   0.0745565418   1.8975907033  -4.5838763854
   0.0902710465   2.2975515552  -4.3778165363
      
      
#  type   0  conf  1.0000
   0.0902710465   2.2975515552  -4.3778165363
   0.0918108536   2.3367422641  -4.3491714627
      
      
#  type   0  conf  1.0000
   0.0918108536   2.3367422641  -4.3491714627
   0.1121141804   2.8534964369  -3.8950377822
      
      
#  type   0  conf  1.0000
   0.1121141804   2.8534964369  -3.8950377822
   0.1119194387   2.8485399309  -3.7630034051
      
      
#  type   0  conf  1.0000
   0.1119194387   2.8485399309  -3.7630034051
   0.0342145953   0.8708196017  -2.0661381509
      
      
#  type   0  conf  1.0000
   0.0342145953   0.8708196017  -2.0661381509
   0.0152288084   0.3875990575  -1.6767107067
      
      
#  type   4  conf  0.0000
#  type   0  conf  1.0000
   0.0131308526   0.3342025164  -1.6653773038
  -0.0008777543  -0.0223403388  -1.8778889474
      
      
#  type   0  conf  1.0000
  -0.0008777543  -0.0223403388  -1.8778889474
  -0.1116349852  -2.8413001056  -3.7779076277
      
      
#  type   0  conf  1.0000
  -0.1116349852  -2.8413001056  -3.7779076277
  -0.1116924897  -2.8427636926  -3.9049018245
      
      
#  type   0  conf  1.0000
  -0.1116924897  -2.8427636926  -3.9049018245
  -0.0917875047  -2.3361479937  -4.3326325111
      
      
#  type   0  conf  1.0000
  -0.0917875047  -2.3361479937  -4.3326325111
  -0.0902860383  -2.2979331220  -4.3548420500
      
      
#  type   0  conf  1.0000
  -0.0902860383  -2.2979331220  -4.3548420500
  -0.0710528274  -1.8084152171  -4.5894200227
      
      
#   6  norm     0.9988898750   -0.0471064507   -0.0000000000
# nedges  13 
#  type   0  conf  1.0000
   0.0894655127   1.8971116148  -4.5880985113
   0.1091468087   2.3144524885  -4.3704604381
      
      
#  type   0  conf  1.0000
   0.1091468087   2.3144524885  -4.3704604381
   0.1348612523   2.8597259480  -3.8978160490
      
      
#  type   0  conf  1.0000
   0.1348612523   2.8597259480  -3.8978160490
   0.1347593496   2.8575651079  -3.7634638675
      
      
#  type   0  conf  1.0000
   0.1347593496   2.8575651079  -3.7634638675
   0.0437327241   0.9273501745  -2.1090804416
      
      
#  type   0  conf  1.0000
   0.0437327241   0.9273501745  -2.1090804416
   0.0401190684   0.8507227904  -2.0454097716
      
      
#  type   0  conf  1.0000
   0.0401190684   0.8507227904  -2.0454097716
   0.0182686775   0.3873863711  -1.6699911663
      
      
#  type   0  conf  1.0000
   0.0182686775   0.3873863711  -1.6699911663
   0.0158738892   0.3366050082  -1.6664954145
      
      
#  type   0  conf  1.0000
   0.0158738892   0.3366050082  -1.6664954145
  -0.0014062639  -0.0298197539  -1.8848800965
      
      
#  type   0  conf  1.0000
  -0.0014062639  -0.0298197539  -1.8848800965
  -0.1344541376  -2.8510931016  -3.7797106891
      
      
#  type   0  conf  1.0000
  -0.1344541376  -2.8510931016  -3.7797106891
  -0.1345342451  -2.8527917768  -3.9032065272
      
      
#  type   0  conf  1.0000
  -0.1345342451  -2.8527917768  -3.9032065272
  -0.1130310603  -2.3968178460  -4.2949423992
      
      
#  type   0  conf  1.0000
  -0.1130310603  -2.3968178460  -4.2949423992
  -0.1098770459  -2.3299371324  -4.3470510282
      
      
#  type   0  conf  1.0000
  -0.1098770459  -2.3299371324  -4.3470510282
  -0.0857173989  -1.8176330537  -4.5867117596
      
      
#   7  norm     0.9984890975   -0.0549501799    0.0000000000
# nedges  14 
#  type   0  conf  1.0000
   0.1047593951   1.9035627177  -4.5883292887
   0.1274498129   2.3158659138  -4.3709668762
      
      
#  type   0  conf  1.0000
   0.1274498129   2.3158659138  -4.3709668762
   0.1577652716   2.8667222547  -3.8989940586
      
      
#  type   0  conf  1.0000
   0.1577652716   2.8667222547  -3.8989940586
   0.1576620079   2.8648458701  -3.7632648921
      
      
#  type   0  conf  1.0000
   0.1576620079   2.8648458701  -3.7632648921
   0.0524719610   0.9534578605  -2.1268636078
      
      
#  type   0  conf  1.0000
   0.0524719610   0.9534578605  -2.1268636078
   0.0479441588   0.8711840422  -2.0575258771
      
      
#  type   0  conf  1.0000
   0.0479441588   0.8711840422  -2.0575258771
   0.0219689570   0.3991936703  -1.6750530093
      
      
#  type   4  conf  0.0000
#  type   0  conf  1.0000
   0.0190538969   0.3462246776  -1.6674127121
   0.0020575590   0.0373875064  -1.8456284141
      
      
#  type   0  conf  1.0000
   0.0020575590   0.0373875064  -1.8456284141
  -0.0072700490  -0.1321026554  -1.9553147361
      
      
#  type   0  conf  1.0000
  -0.0072700490  -0.1321026554  -1.9553147361
  -0.1574052777  -2.8601808754  -3.7804951333
      
      
#  type   0  conf  1.0000
  -0.1574052777  -2.8601808754  -3.7804951333
  -0.1573342199  -2.8588896973  -3.9082253569
      
      
#  type   0  conf  1.0000
  -0.1573342199  -2.8588896973  -3.9082253569
  -0.1317672310  -2.3943168848  -4.3079243017
      
      
#  type   0  conf  1.0000
  -0.1317672310  -2.3943168848  -4.3079243017
  -0.1288890127  -2.3420173349  -4.3472933701
      
      
#  type   0  conf  1.0000
  -0.1288890127  -2.3420173349  -4.3472933701
  -0.1002298081  -1.8212564683  -4.5867686753
      
      
#   8  norm     0.9980267284   -0.0627905195   -0.0000000000
# nedges  13 
#  type   0  conf  1.0000
   0.1202174383   1.9108014635  -4.5882207939
   0.1457383721   2.3164450908  -4.3716705734
      
      
#  type   0  conf  1.0000
   0.1457383721   2.3164450908  -4.3716705734
   0.1806938089   2.8720458486  -3.9027788835
      
      
#  type   0  conf  1.0000
   0.1806938089   2.8720458486  -3.9027788835
   0.1807758719   2.8733502027  -3.7636331093
      
      
#  type   0  conf  1.0000
   0.1807758719   2.8733502027  -3.7636331093
   0.0647667679   1.0294382962  -2.1866254609
      
      
#  type   0  conf  1.0000
   0.0647667679   1.0294382962  -2.1866254609
   0.0552144004   0.8776077638  -2.0580159717
      
      
#  type   0  conf  1.0000
   0.0552144004   0.8776077638  -2.0580159717
   0.0250162502   0.3976219101  -1.6677274680
      
      
#  type   0  conf  1.0000
   0.0250162502   0.3976219101  -1.6677274680
   0.0217836580   0.3462413293  -1.6678607184
      
      
#  type   0  conf  1.0000
   0.0217836580   0.3462413293  -1.6678607184
  -0.0013994967  -0.0222443626  -1.8842234948
      
      
#  type   0  conf  1.0000
  -0.0013994967  -0.0222443626  -1.8842234948
  -0.1804023402  -2.8674130860  -3.7783841954
      
      
#  type   0  conf  1.0000
  -0.1804023402  -2.8674130860  -3.7783841954
  -0.1805380565  -2.8695702357  -3.8785152905
      
      
#  type   0  conf  1.0000
  -0.1805380565  -2.8695702357  -3.8785152905
  -0.1799137083  -2.8596465045  -3.9202683351
      
      
#  type   0  conf  1.0000
  -0.1799137083  -2.8596465045  -3.9202683351
  -0.1488266755  -2.3655322677  -4.3435624033
      
      
#  type   0  conf  1.0000
  -0.1488266755  -2.3655322677  -4.3435624033
  -0.1148435618  -1.8253861432  -4.5868318505
      
      
#   9  norm     0.9975027964   -0.0706269859    0.0000000000
# nedges  14 
#  type   0  conf  1.0000
   0.1357714402   1.9175728579  -4.5882883153
   0.1642123657   2.3192593010  -4.3710708217
      
      
#  type   0  conf  1.0000
   0.1642123657   2.3192593010  -4.3710708217
   0.2039284471   2.8801908165  -3.9019165148
      
      
#  type   0  conf  1.0000
   0.2039284471   2.8801908165  -3.9019165148
   0.2037045678   2.8770288489  -3.7596501504
      
      
#  type   0  conf  1.0000
   0.2037045678   2.8770288489  -3.7596501504
   0.0646570678   0.9131864414  -2.0831380750
      
      
#  type   0  conf  1.0000
   0.0646570678   0.9131864414  -2.0831380750
   0.0534809546   0.7553402007  -1.9540266590
      
      
#  type   0  conf  1.0000
   0.0534809546   0.7553402007  -1.9540266590
   0.0291606196   0.4118510681  -1.6744817591
      
      
#  type   4  conf  0.0000
#  type   0  conf  1.0000
   0.0253886227   0.3585771328  -1.6673897533
   0.0023940982   0.0338131324  -1.8521302123
      
      
#  type   0  conf  1.0000
   0.0023940982   0.0338131324  -1.8521302123
  -0.0028067759  -0.0396416017  -1.8978698761
      
      
#  type   0  conf  1.0000
  -0.0028067759  -0.0396416017  -1.8978698761
  -0.2038313355  -2.8788192576  -3.7789740510
      
      
#  type   0  conf  1.0000
  -0.2038313355  -2.8788192576  -3.7789740510
  -0.2036521845  -2.8762890108  -3.9151620209
      
      
#  type   0  conf  1.0000
  -0.2036521845  -2.8762890108  -3.9151620209
  -0.1692187625  -2.3899673279  -4.3340273789
      
      
#  type   0  conf  1.0000
  -0.1692187625  -2.3899673279  -4.3340273789
  -0.1660041297  -2.3445653445  -4.3589516156
      
      
#  type   0  conf  1.0000
  -0.1660041297  -2.3445653445  -4.3589516156
  -0.1294468941  -1.8282479021  -4.5869357606
      
      
#  10  norm     0.9969173337   -0.0784590957    0.0000000000
# nedges  13 
#  type   0  conf  1.0000
   0.1513648220   1.9232724176  -4.5888296146
   0.1814376719   2.3053842057  -4.3794346639
      
      
#  type   0  conf  1.0000
   0.1814376719   2.3053842057  -4.3794346639
   0.1834636890   2.3311271937  -4.3625197619
      
      
#  type   0  conf  1.0000
   0.1834636890   2.3311271937  -4.3625197619
   0.2273205884   2.8883819364  -3.9012165958
      
      
#  type   0  conf  1.0000
   0.2273205884   2.8883819364  -3.9012165958
   0.2267293595   2.8808696618  -3.7560756474
      
      
#  type   0  conf  1.0000
   0.2267293595   2.8808696618  -3.7560756474
   0.0709319595   0.9012760004  -2.0688591122
      
      
#  type   0  conf  1.0000
   0.0709319595   0.9012760004  -2.0688591122
   0.0325078929   0.4130519426  -1.6695884074
      
      
#  type   0  conf  1.0000
   0.0325078929   0.4130519426  -1.6695884074
   0.0284757539   0.3618187590  -1.6663945413
      
      
#  type   0  conf  1.0000
   0.0284757539   0.3618187590  -1.6663945413
  -0.0002577650  -0.0032752155  -1.8765417661
      
      
#  type   0  conf  1.0000
  -0.0002577650  -0.0032752155  -1.8765417661
  -0.2270945295  -2.8855095866  -3.7746276445
      
      
#  type   0  conf  1.0000
  -0.2270945295  -2.8855095866  -3.7746276445
  -0.2272540797  -2.8875368633  -3.8914851441
      
      
#  type   0  conf  1.0000
  -0.2272540797  -2.8875368633  -3.8914851441
  -0.2259949365  -2.8715379326  -3.9321600059
      
      
#  type   0  conf  1.0000
  -0.2259949365  -2.8715379326  -3.9321600059
  -0.1878404131  -2.3867387467  -4.3467393455
      
      
#  type   0  conf  1.0000
  -0.1878404131  -2.3867387467  -4.3467393455
  -0.1441832314  -1.8320216574  -4.5864868885
      
      
#  11  norm     0.9962703765   -0.0862863658    0.0000000000
# nedges  13 
#  type   0  conf  1.0000
   0.1671058967   1.9294201700  -4.5892624652
   0.2010433843   2.3212655477  -4.3712603143
      
      
#  type   0  conf  1.0000
   0.2010433843   2.3212655477  -4.3712603143
   0.2506126607   2.8935970071  -3.9049329126
      
      
#  type   0  conf  1.0000
   0.2506126607   2.8935970071  -3.9049329126
   0.2499397912   2.8858279934  -3.7540305004
      
      
#  type   0  conf  1.0000
   0.2499397912   2.8858279934  -3.7540305004
   0.0795695238   0.9187170965  -2.0789755000
      
      
#  type   0  conf  1.0000
   0.0795695238   0.9187170965  -2.0789755000
   0.0363766494   0.4200081652  -1.6693850333
      
      
#  type   4  conf  0.0000
#  type   0  conf  1.0000
   0.0316832741   0.3658180196  -1.6680449955
   0.0009993964   0.0115391230  -1.8698157277
      
      
#  type   0  conf  1.0000
   0.0009993964   0.0115391230  -1.8698157277
  -0.0036019133  -0.0415880245  -1.9039846373
      
      
#  type   0  conf  1.0000
  -0.0036019133  -0.0415880245  -1.9039846373
  -0.2508431897  -2.8962587164  -3.7730151261
      
      
#  type   0  conf  1.0000
  -0.2508431897  -2.8962587164  -3.7730151261
  -0.2508582366  -2.8964324498  -3.8934319140
      
      
#  type   0  conf  1.0000
  -0.2508582366  -2.8964324498  -3.8934319140
  -0.2498098145  -2.8843272703  -3.9328157032
      
      
#  type   0  conf  1.0000
  -0.2498098145  -2.8843272703  -3.9328157032
  -0.2079749229  -2.4012977352  -4.3460530091
      
      
#  type   0  conf  1.0000
  -0.2079749229  -2.4012977352  -4.3460530091
  -0.1591107479  -1.8371074412  -4.5862716023
      
      
#  12  norm     0.9955619646   -0.0941083133    0.0000000000
# nedges  13 
#  type   0  conf  1.0000
   0.1830771506   1.9367539524  -4.5889464923
   0.2188693879   2.3153962719  -4.3750145005
      
      
#  type   0  conf  1.0000
   0.2188693879   2.3153962719  -4.3750145005
   0.2224645497   2.3534291106  -4.3465891531
      
      
#  type   0  conf  1.0000
   0.2224645497   2.3534291106  -4.3465891531
   0.2740135842   2.8987609342  -3.9061539095
      
      
#  type   0  conf  1.0000
   0.2740135842   2.8987609342  -3.9061539095
   0.2737215344   2.8956713704  -3.7568372844
      
      
#  type   0  conf  1.0000
   0.2737215344   2.8956713704  -3.7568372844
   0.0934645407   0.9887515617  -2.1337937983
      
      
#  type   0  conf  1.0000
   0.0934645407   0.9887515617  -2.1337937983
   0.0861300410   0.9111606598  -2.0681648839
      
      
#  type   0  conf  1.0000
   0.0861300410   0.9111606598  -2.0681648839
   0.0400689790   0.4238855217  -1.6672411248
      
      
#  type   0  conf  1.0000
   0.0400689790   0.4238855217  -1.6672411248
   0.0352360239   0.3727581968  -1.6678741024
      
      
#  type   0  conf  1.0000
   0.0352360239   0.3727581968  -1.6678741024
   0.0010226301   0.0108182960  -1.8721670612
      
      
#  type   0  conf  1.0000
   0.0010226301   0.0108182960  -1.8721670612
  -0.2746539534  -2.9055353326  -3.7696426464
      
      
#  type   0  conf  1.0000
  -0.2746539534  -2.9055353326  -3.7696426464
  -0.2746332729  -2.9053165560  -3.9254569098
      
      
#  type   0  conf  1.0000
  -0.2746332729  -2.9053165560  -3.9254569098
  -0.2283548422  -2.4157418965  -4.3460648668
      
      
#  type   0  conf  1.0000
  -0.2283548422  -2.4157418965  -4.3460648668
  -0.1740267273  -1.8410104739  -4.5862027639
      
      
#  13  norm     0.9947921418   -0.1019244558    0.0000000000
# nedges  13 
#  type   0  conf  1.0000
   0.1988545763   1.9408391075  -4.5901934103
   0.2379715893   2.3226247829  -4.3714694742
      
      
#  type   0  conf  1.0000
   0.2379715893   2.3226247829  -4.3714694742
   0.2976742489   2.9053282779  -3.9081116056
      
      
#  type   0  conf  1.0000
   0.2976742489   2.9053282779  -3.9081116056
   0.2971335890   2.9000513866  -3.7651493660
      
      
#  type   0  conf  1.0000
   0.2971335890   2.9000513866  -3.7651493660
   0.2950751913   2.8799612341  -3.7351943630
      
      
#  type   0  conf  1.0000
   0.2950751913   2.8799612341  -3.7351943630
   0.0482606100   0.4710280292  -1.6937947452
      
      
#  type   4  conf  0.0000
#  type   0  conf  1.0000
   0.0405519667   0.3957909561  -1.6615078837
   0.0050736196   0.0495189979  -1.8511571012
      
      
#  type   0  conf  1.0000
   0.0050736196   0.0495189979  -1.8511571012
  -0.0025202529  -0.0245979023  -1.8972732626
      
      
#  type   0  conf  1.0000
  -0.0025202529  -0.0245979023  -1.8972732626
  -0.2962111149  -2.8910479537  -3.7517677394
      
      
#  type   0  conf  1.0000
  -0.2962111149  -2.8910479537  -3.7517677394
  -0.2986918094  -2.9152597623  -3.7893073848
      
      
#  type   0  conf  1.0000
  -0.2986918094  -2.9152597623  -3.7893073848
  -0.2984739197  -2.9131331389  -3.9304898280
      
      
#  type   0  conf  1.0000
  -0.2984739197  -2.9131331389  -3.9304898280
  -0.2485838377  -2.4262013113  -4.3475683855
      
      
#  type   0  conf  1.0000
  -0.2485838377  -2.4262013113  -4.3475683855
  -0.1889010639  -1.8436919034  -4.5863864407
      
      
#  14  norm     0.9939609555   -0.1097343111    0.0000000000
# nedges  13 
#  type   0  conf  1.0000
   0.2151451286   1.9487601958  -4.5889486920
   0.2564013384   2.3224542694  -4.3721784707
      
      
#  type   0  conf  1.0000
   0.2564013384   2.3224542694  -4.3721784707
   0.3212744170   2.9100672643  -3.9094607062
      
      
#  type   0  conf  1.0000
   0.3212744170   2.9100672643  -3.9094607062
   0.3206979284   2.9048454964  -3.7511192477
      
      
#  type   0  conf  1.0000
   0.3206979284   2.9048454964  -3.7511192477
   0.0488270384   0.4422697815  -1.6647622256
      
      
#  type   0  conf  1.0000
   0.0488270384   0.4422697815  -1.6647622256
   0.0418864592   0.3794028011  -1.6711365129
      
      
#  type   0  conf  1.0000
   0.0418864592   0.3794028011  -1.6711365129
   0.0027671134   0.0250641999  -1.8680420353
      
      
#  type   0  conf  1.0000
   0.0027671134   0.0250641999  -1.8680420353
  -0.0000484708  -0.0004390430  -1.8834994706
      
      
#  type   0  conf  1.0000
  -0.0000484708  -0.0004390430  -1.8834994706
  -0.3205822774  -2.9037979424  -3.7517716692
      
      
#  type   0  conf  1.0000
  -0.3205822774  -2.9037979424  -3.7517716692
  -0.3229144807  -2.9249227759  -3.7911666550
      
      
#  type   0  conf  1.0000
  -0.3229144807  -2.9249227759  -3.7911666550
  -0.3226854513  -2.9228482531  -3.9328772323
      
      
#  type   0  conf  1.0000
  -0.3226854513  -2.9228482531  -3.9328772323
  -0.2709799921  -2.4545060629  -4.3341685093
      
      
#  type   0  conf  1.0000
  -0.2709799921  -2.4545060629  -4.3341685093
  -0.2679244663  -2.4268294564  -4.3517072243
      
      
#  type   0  conf  1.0000
  -0.2679244663  -2.4268294564  -4.3517072243
  -0.2033688192  -1.8420917199  -4.5906006975
      
      
#  15  norm     0.9930684570   -0.1175373975    0.0000000000
# nedges  14 
#  type   0  conf  1.0000
   0.2323196103   1.9628584770  -4.5835506749
   0.2733398668   2.3094368736  -4.3798000962
      
      
#  type   0  conf  1.0000
   0.2733398668   2.3094368736  -4.3798000962
   0.2771110523   2.3412994596  -4.3577659375
      
      
#  type   0  conf  1.0000
   0.2771110523   2.3412994596  -4.3577659375
   0.3450648400   2.9154381127  -3.9092715216
      
      
#  type   0  conf  1.0000
   0.3450648400   2.9154381127  -3.9092715216
   0.3444729230   2.9104370313  -3.7892735579
      
      
#  type   0  conf  1.0000
   0.3444729230   2.9104370313  -3.7892735579
   0.3433386767   2.9008538324  -3.7431431972
      
      
#  type   0  conf  1.0000
   0.3433386767   2.9008538324  -3.7431431972
   0.0548022962   0.4630222628  -1.6789352574
      
      
#  type   4  conf  0.0000
#  type   0  conf  1.0000
   0.0467140598   0.3946850988  -1.6663995343
   0.0029242107   0.0247065311  -1.8697785229
      
      
#  type   0  conf  1.0000
   0.0029242107   0.0247065311  -1.8697785229
  -0.0225746500  -0.1907322547  -2.0070090041
      
      
#  type   0  conf  1.0000
  -0.0225746500  -0.1907322547  -2.0070090041
  -0.3471208712  -2.9328094329  -3.7632664783
      
      
#  type   0  conf  1.0000
  -0.3471208712  -2.9328094329  -3.7632664783
  -0.3471081965  -2.9327023445  -3.9327945792
      
      
#  type   0  conf  1.0000
  -0.3471081965  -2.9327023445  -3.9327945792
  -0.2919226779  -2.4664422525  -4.3337211034
      
      
#  type   0  conf  1.0000
  -0.2919226779  -2.4664422525  -4.3337211034
  -0.2869921407  -2.4247843536  -4.3577061076
      
      
#  type   0  conf  1.0000
  -0.2869921407  -2.4247843536  -4.3577061076
  -0.2191205468  -1.8513401522  -4.5868851080
      
      
#  16  norm     0.9921147013   -0.1253332336    0.0000000000
# nedges  12 
#  type   0  conf  1.0000
   0.2474031447   1.9583975454  -4.5895228540
   0.2935229706   2.3234735594  -4.3712626835
      
      
#  type   0  conf  1.0000
   0.2935229706   2.3234735594  -4.3712626835
   0.3687395282   2.9188739212  -3.9119746567
      
      
#  type   0  conf  1.0000
   0.3687395282   2.9188739212  -3.9119746567
   0.3681425073   2.9141480136  -3.7503180643
      
      
#  type   0  conf  1.0000
   0.3681425073   2.9141480136  -3.7503180643
   0.0571667138   0.4525211356  -1.6645469892
      
      
#  type   0  conf  1.0000
   0.0571667138   0.4525211356  -1.6645469892
   0.0493436122   0.3905949098  -1.6716244317
      
      
#  type   0  conf  1.0000
   0.0493436122   0.3905949098  -1.6716244317
   0.0046572912   0.0368662560  -1.8652028033
      
      
#  type   0  conf  1.0000
   0.0046572912   0.0368662560  -1.8652028033
  -0.0065899438  -0.0521647762  -1.9197485563
      
      
#  type   0  conf  1.0000
  -0.0065899438  -0.0521647762  -1.9197485563
  -0.3715411208  -2.9410508098  -3.7605725880
      
      
#  type   0  conf  1.0000
  -0.3715411208  -2.9410508098  -3.7605725880
  -0.3716512796  -2.9419228067  -3.9344201304
      
      
#  type   0  conf  1.0000
  -0.3716512796  -2.9419228067  -3.9344201304
  -0.3129728761  -2.4774354146  -4.3345248460
      
      
#  type   0  conf  1.0000
  -0.3129728761  -2.4774354146  -4.3345248460
  -0.3059713885  -2.4220129339  -4.3633076875
      
      
#  type   0  conf  1.0000
  -0.3059713885  -2.4220129339  -4.3633076875
  -0.2343791404  -1.8553019361  -4.5874862127
      
      
#  17  norm     0.9910997474   -0.1331213385   -0.0000000000
# nedges  13 
#  type   0  conf  1.0000
   0.2636405853   1.9628266992  -4.5895695520
   0.3118135116   2.3214782540  -4.3722646443
      
      
#  type   0  conf  1.0000
   0.3118135116   2.3214782540  -4.3722646443
   0.3926939004   2.9236396641  -3.9120061857
      
      
#  type   0  conf  1.0000
   0.3926939004   2.9236396641  -3.9120061857
   0.3919975807   2.9184555045  -3.7635125069
      
      
#  type   0  conf  1.0000
   0.3919975807   2.9184555045  -3.7635125069
   0.3886741098   2.8937119793  -3.7286620240
      
      
#  type   0  conf  1.0000
   0.3886741098   2.8937119793  -3.7286620240
   0.0620764396   0.4621644005  -1.6695303682
      
      
#  type   4  conf  0.0000
#  type   0  conf  1.0000
   0.0534182216   0.3977032270  -1.6709123805
   0.0054455287   0.0405424267  -1.8647055033
      
      
#  type   0  conf  1.0000
   0.0054455287   0.0405424267  -1.8647055033
  -0.0001544583  -0.0011499549  -1.8887813862
      
      
#  type   0  conf  1.0000
  -0.0001544583  -0.0011499549  -1.8887813862
  -0.3961352479  -2.9492607904  -3.7580878176
      
      
#  type   0  conf  1.0000
  -0.3961352479  -2.9492607904  -3.7580878176
  -0.3962696772  -2.9502616282  -3.9357493654
      
      
#  type   0  conf  1.0000
  -0.3962696772  -2.9502616282  -3.9357493654
  -0.3342255299  -2.4883376465  -4.3342947499
      
      
#  type   0  conf  1.0000
  -0.3342255299  -2.4883376465  -4.3342947499
  -0.3285633306  -2.4461820891  -4.3581013716
      
      
#  type   0  conf  1.0000
  -0.3285633306  -2.4461820891  -4.3581013716
  -0.2497829933  -1.8596557418  -4.5873706186
      
      
#  18  norm     0.9900236577   -0.1409012319    0.0000000000
# nedges  13 
#  type   0  conf  1.0000
   0.2801489099   1.9684288396  -4.5892481568
   0.3304320035   2.3217362703  -4.3712213074
      
      
#  type   0  conf  1.0000
   0.3304320035   2.3217362703  -4.3712213074
   0.4168297428   2.9287984281  -3.9122158788
      
      
#  type   0  conf  1.0000
   0.4168297428   2.9287984281  -3.9122158788
   0.4154277953   2.9189478315  -3.7505129038
      
      
#  type   0  conf  1.0000
   0.4154277953   2.9189478315  -3.7505129038
   0.4022481953   2.8263431355  -3.6681779693
      
      
#  type   0  conf  1.0000
   0.4022481953   2.8263431355  -3.6681779693
   0.0686616771   0.4824420893  -1.6814729560
      
      
#  type   0  conf  1.0000
   0.0686616771   0.4824420893  -1.6814729560
   0.0594858211   0.4179691646  -1.6636786933
      
      
#  type   0  conf  1.0000
   0.0594858211   0.4179691646  -1.6636786933
   0.0053067922   0.0372874657  -1.8679885907
      
      
#  type   0  conf  1.0000
   0.0053067922   0.0372874657  -1.8679885907
  -0.0365369423  -0.2567219377  -2.0517511715
      
      
#  type   0  conf  1.0000
  -0.0365369423  -0.2567219377  -2.0517511715
  -0.4187997522  -2.9426404359  -3.7456876930
      
      
#  type   0  conf  1.0000
  -0.4187997522  -2.9426404359  -3.7456876930
  -0.4209833366  -2.9579830992  -3.7783847969
      
      
#  type   0  conf  1.0000
  -0.4209833366  -2.9579830992  -3.7783847969
  -0.4208546339  -2.9570787872  -3.9400924283
      
      
#  type   0  conf  1.0000
  -0.4208546339  -2.9570787872  -3.9400924283
  -0.3533528769  -2.4827867212  -4.3478423024
      
      
#  type   0  conf  1.0000
  -0.3533528769  -2.4827867212  -4.3478423024
  -0.2653158321  -1.8642062025  -4.5880425963
      
      
#  19  norm     0.9888864987   -0.1486724339   -0.0000000000
# nedges  14 
#  type   0  conf  1.0000
   0.2967799163   1.9740152538  -4.5887883937
   0.3476750503   2.3125414318  -4.3763360651
      
      
#  type   0  conf  1.0000
   0.3476750503   2.3125414318  -4.3763360651
   0.3534113412   2.3506960545  -4.3494681219
      
      
#  type   0  conf  1.0000
   0.3534113412   2.3506960545  -4.3494681219
   0.4406707676   2.9310973192  -3.9132855103
      
      
#  type   0  conf  1.0000
   0.4406707676   2.9310973192  -3.9132855103
   0.4402738078   2.9284569630  -3.8150467172
      
      
#  type   0  conf  1.0000
   0.4402738078   2.9284569630  -3.8150467172
   0.4395932885   2.9239305268  -3.7476446584
      
      
#  type   0  conf  1.0000
   0.4395932885   2.9239305268  -3.7476446584
   0.0712758244   0.4740872167  -1.6690508232
      
      
#  type   4  conf  0.0000
#  type   0  conf  1.0000
   0.0622125020   0.4138030280  -1.6696165660
   0.0055628709   0.0370011289  -1.8698722513
      
      
#  type   0  conf  1.0000
   0.0055628709   0.0370011289  -1.8698722513
  -0.0462822642  -0.3078439291  -2.0846518666
      
      
#  type   0  conf  1.0000
  -0.0462822642  -0.3078439291  -2.0846518666
  -0.4439256219  -2.9527468033  -3.7430477645
      
      
#  type   0  conf  1.0000
  -0.4439256219  -2.9527468033  -3.7430477645
  -0.4460476323  -2.9668612385  -3.7784362939
      
      
#  type   0  conf  1.0000
  -0.4460476323  -2.9668612385  -3.7784362939
  -0.4458426937  -2.9654981007  -3.9425296024
      
      
#  type   0  conf  1.0000
  -0.4458426937  -2.9654981007  -3.9425296024
  -0.3748975384  -2.4936103113  -4.3478453209
      
      
#  type   0  conf  1.0000
  -0.3748975384  -2.4936103113  -4.3478453209
  -0.2811814637  -1.8702630061  -4.5882252964
      
      
#  20  norm     0.9876883406   -0.1564344650    0.0000000000
# nedges  14 
#  type   0  conf  1.0000
   0.3129504765   1.9758915449  -4.5901659891
   0.3671691355   2.3182146852  -4.3718787670
      
      
#  type   0  conf  1.0000
   0.3671691355   2.3182146852  -4.3718787670
   0.4648589113   2.9350036556  -3.9160176618
      
      
#  type   0  conf  1.0000
   0.4648589113   2.9350036556  -3.9160176618
   0.4641730298   2.9306731702  -3.7654162109
      
      
#  type   0  conf  1.0000
   0.4641730298   2.9306731702  -3.7654162109
   0.4619760446   2.9168019516  -3.7378998977
      
      
#  type   0  conf  1.0000
   0.4619760446   2.9168019516  -3.7378998977
   0.0759193899   0.4793361632  -1.6686187930
      
      
#  type   4  conf  0.0000
#  type   0  conf  1.0000
   0.0660930406   0.4172950351  -1.6705907890
   0.0061598262   0.0388916118  -1.8706158789
      
      
#  type   0  conf  1.0000
   0.0061598262   0.0388916118  -1.8706158789
  -0.0827211959  -0.5222810757  -2.2188803359
      
      
#  type   0  conf  1.0000
  -0.0827211959  -0.5222810757  -2.2188803359
  -0.4647307093  -2.9341942196  -3.7217735439
      
      
#  type   0  conf  1.0000
  -0.4647307093  -2.9341942196  -3.7217735439
  -0.4712335045  -2.9752512525  -3.7704826382
      
      
#  type   0  conf  1.0000
  -0.4712335045  -2.9752512525  -3.7704826382
  -0.4710274915  -2.9739505380  -3.9445497995
      
      
#  type   0  conf  1.0000
  -0.4710274915  -2.9739505380  -3.9445497995
  -0.3994765739  -2.5221958235  -4.3323352561
      
      
#  type   0  conf  1.0000
  -0.3994765739  -2.5221958235  -4.3323352561
  -0.3941701293  -2.4886922509  -4.3529892672
      
      
#  type   0  conf  1.0000
  -0.3941701293  -2.4886922509  -4.3529892672
  -0.2964064375  -1.8714365937  -4.5918824966
      
      
#  21  norm     0.9864292572   -0.1641868466    0.0000000000
# nedges  13 
#  type   0  conf  1.0000
   0.3299369190   1.9822503246  -4.5895309824
   0.3847026079   2.3112808099  -4.3755993402
      
      
#  type   0  conf  1.0000
   0.3847026079   2.3112808099  -4.3755993402
   0.4890838813   2.9384001206  -3.9171034544
      
      
#  type   0  conf  1.0000
   0.4890838813   2.9384001206  -3.9171034544
   0.4885003593   2.9348943390  -3.7632381828
      
      
#  type   0  conf  1.0000
   0.4885003593   2.9348943390  -3.7632381828
   0.4857193149   2.9181859141  -3.7357717535
      
      
#  type   0  conf  1.0000
   0.4857193149   2.9181859141  -3.7357717535
   0.0807759341   0.4852991961  -1.6687618648
      
      
#  type   4  conf  0.0000
#  type   0  conf  1.0000
   0.0706543466   0.4244890266  -1.6695763060
   0.0083197004   0.0499844905  -1.8667652493
      
      
#  type   0  conf  1.0000
   0.0083197004   0.0499844905  -1.8667652493
  -0.0573627692  -0.3446336594  -2.1088555327
      
      
#  type   0  conf  1.0000
  -0.0573627692  -0.3446336594  -2.1088555327
  -0.4883035756  -2.9337120692  -3.7116323644
      
      
#  type   0  conf  1.0000
  -0.4883035756  -2.9337120692  -3.7116323644
  -0.4965300944  -2.9831367275  -3.7653750646
      
      
#  type   0  conf  1.0000
  -0.4965300944  -2.9831367275  -3.7653750646
  -0.4966117040  -2.9836270355  -3.9444102005
      
      
#  type   0  conf  1.0000
  -0.4966117040  -2.9836270355  -3.9444102005
  -0.4185650389  -2.5147251991  -4.3478404521
      
      
#  type   0  conf  1.0000
  -0.4185650389  -2.5147251991  -4.3478404521
  -0.3136843044  -1.8846051425  -4.5882796449
      
      
#  22  norm     0.9851093262   -0.1719291003    0.0000000000
# nedges  13 
#  type   0  conf  1.0000
   0.3461911137   1.9835856420  -4.5914001733
   0.4037577915   2.3134278333  -4.3733307765
      
      
#  type   0  conf  1.0000
   0.4037577915   2.3134278333  -4.3733307765
   0.5133613630   2.9414279817  -3.9179560547
      
      
#  type   0  conf  1.0000
   0.5133613630   2.9414279817  -3.9179560547
   0.5128971947   2.9387684172  -3.7763079707
      
      
#  type   0  conf  1.0000
   0.5128971947   2.9387684172  -3.7763079707
   0.5109375226   2.9275400020  -3.7408850898
      
      
#  type   0  conf  1.0000
   0.5109375226   2.9275400020  -3.7408850898
   0.0866217554   0.4963202796  -1.6729797649
      
      
#  type   4  conf  0.0000
#  type   0  conf  1.0000
   0.0751033087   0.4303225557  -1.6690310535
   0.0086897675   0.0497901227  -1.8689661199
      
      
#  type   0  conf  1.0000
   0.0086897675   0.0497901227  -1.8689661199
  -0.0179541615  -0.1028727069  -1.9608620387
      
      
#  type   0  conf  1.0000
  -0.0179541615  -0.1028727069  -1.9608620387
  -0.5076634776  -2.9087805702  -3.6862311218
      
      
#  type   0  conf  1.0000
  -0.5076634776  -2.9087805702  -3.6862311218
  -0.5218236246  -2.9899145540  -3.7526005037
      
      
#  type   0  conf  1.0000
  -0.5218236246  -2.9899145540  -3.7526005037
  -0.5224825210  -2.9936898603  -3.9421919766
      
      
#  type   0  conf  1.0000
  -0.5224825210  -2.9936898603  -3.9421919766
  -0.4412152462  -2.5280493712  -4.3458951505
      
      
#  type   0  conf  1.0000
  -0.4412152462  -2.5280493712  -4.3458951505
  -0.3307435625  -1.8950751646  -4.5875050060
      
      
#  23  norm     0.9837286289   -0.1796607486    0.0000000000
# nedges  14 
#  type   0  conf  1.0000
   0.3635921715   1.9908412450  -4.5893399832
   0.4218169842   2.3096499752  -4.3750643527
      
      
#  type   0  conf  1.0000
   0.4218169842   2.3096499752  -4.3750643527
   0.5376605619   2.9439490350  -3.9184360101
      
      
#  type   0  conf  1.0000
   0.5376605619   2.9439490350  -3.9184360101
   0.5370605435   2.9406636465  -3.7635869606
      
      
#  type   0  conf  1.0000
   0.5370605435   2.9406636465  -3.7635869606
   0.5340402050   2.9241258471  -3.7364222357
      
      
#  type   0  conf  1.0000
   0.5340402050   2.9241258471  -3.7364222357
   0.0907816007   0.4970727343  -1.6682119755
      
      
#  type   4  conf  0.0000
#  type   0  conf  1.0000
   0.0787151244   0.4310029986  -1.6727825233
   0.0114524664   0.0627077376  -1.8627965267
      
      
#  type   0  conf  1.0000
   0.0114524664   0.0627077376  -1.8627965267
  -0.0118046901  -0.0646363310  -1.9387126547
      
      
#  type   0  conf  1.0000
  -0.0118046901  -0.0646363310  -1.9387126547
  -0.5389088060  -2.9507837687  -3.7036342422
      
      
#  type   0  conf  1.0000
  -0.5389088060  -2.9507837687  -3.7036342422
  -0.5476963958  -2.9989000309  -3.7653949563
      
      
#  type   0  conf  1.0000
  -0.5476963958  -2.9989000309  -3.7653949563
  -0.5479419640  -3.0002446344  -3.9428325472
      
      
#  type   0  conf  1.0000
  -0.5479419640  -3.0002446344  -3.9428325472
  -0.4657416321  -2.5501584556  -4.3343377322
      
      
#  type   0  conf  1.0000
  -0.4657416321  -2.5501584556  -4.3343377322
  -0.4567640836  -2.5010020788  -4.3594355019
      
      
#  type   0  conf  1.0000
  -0.4567640836  -2.5010020788  -4.3594355019
  -0.3474356803  -1.9023767189  -4.5875063743
      
      
#  24  norm     0.9822872507   -0.1873813146    0.0000000000
# nedges  13 
#  type   0  conf  1.0000
   0.3830000230   2.0077564322  -4.5853496619
   0.5623014765   2.9476875680  -3.9203799338
      
      
#  type   0  conf  1.0000
   0.5623014765   2.9476875680  -3.9203799338
   0.5616824044   2.9444422783  -3.7781948056
      
      
#  type   0  conf  1.0000
   0.5616824044   2.9444422783  -3.7781948056
   0.5594637341   2.9328116012  -3.7416076572
      
      
#  type   0  conf  1.0000
   0.5594637341   2.9328116012  -3.7416076572
   0.0959420799   0.5029459960  -1.6683175003
      
      
#  type   4  conf  0.0000
#  type   0  conf  1.0000
   0.0840801791   0.4407637343  -1.6696944859
   0.0097996156   0.0513713841  -1.8708111416
      
      
#  type   0  conf  1.0000
   0.0097996156   0.0513713841  -1.8708111416
  -0.1184437332  -0.6209037932  -2.2783663851
      
      
#  type   0  conf  1.0000
  -0.1184437332  -0.6209037932  -2.2783663851
  -0.5618781688  -2.9454685112  -3.6906920551
      
      
#  type   0  conf  1.0000
  -0.5618781688  -2.9454685112  -3.6906920551
  -0.5735927381  -3.0068784337  -3.7635435278
      
      
#  type   0  conf  1.0000
  -0.5735927381  -3.0068784337  -3.7635435278
  -0.5737820089  -3.0078706261  -3.9440188774
      
      
#  type   0  conf  1.0000
  -0.5737820089  -3.0078706261  -3.9440188774
  -0.4942165349  -2.5907738046  -4.3068121402
      
      
#  type   0  conf  1.0000
  -0.4942165349  -2.5907738046  -4.3068121402
  -0.4841684008  -2.5380996410  -4.3473837159
      
      
#  type   0  conf  1.0000
  -0.4841684008  -2.5380996410  -4.3473837159
  -0.3641734735  -1.9090642033  -4.5893840405
      
      
#  25  norm     0.9807852804   -0.1950903220   -0.0000000000
# nedges  12 
#  type   0  conf  1.0000
   0.3976435885   1.9990893164  -4.5928121618
   0.5865321772   2.9486963780  -3.9211174114
      
      
#  type   0  conf  1.0000
   0.5865321772   2.9486963780  -3.9211174114
   0.5858582364   2.9453082485  -3.7635534951
      
      
#  type   0  conf  1.0000
   0.5858582364   2.9453082485  -3.7635534951
   0.5822436681   2.9271365868  -3.7349308590
      
      
#  type   0  conf  1.0000
   0.5822436681   2.9271365868  -3.7349308590
   0.1011279637   0.5084046057  -1.6682685061
      
      
#  type   4  conf  0.0000
#  type   0  conf  1.0000
   0.0878191997   0.4414969306  -1.6716740832
   0.0124340397   0.0625101391  -1.8667926859
      
      
#  type   0  conf  1.0000
   0.0124340397   0.0625101391  -1.8667926859
  -0.0086974388  -0.0437249776  -1.9292777945
      
      
#  type   0  conf  1.0000
  -0.0086974388  -0.0437249776  -1.9292777945
  -0.5875573848  -2.9538504446  -3.6870825001
      
      
#  type   0  conf  1.0000
  -0.5875573848  -2.9538504446  -3.6870825001
  -0.5994766667  -3.0137727210  -3.7654571736
      
      
#  type   0  conf  1.0000
  -0.5994766667  -3.0137727210  -3.7654571736
  -0.5996743140  -3.0147663612  -3.9460782616
      
      
#  type   0  conf  1.0000
  -0.5996743140  -3.0147663612  -3.9460782616
  -0.5069262590  -2.5484904016  -4.3480822711
      
      
#  type   0  conf  1.0000
  -0.5069262590  -2.5484904016  -4.3480822711
  -0.3818561269  -1.9197203868  -4.5864099612
      
      
#  26  norm     0.9792228106   -0.2027872954    0.0000000000
# nedges  12 
#  type   0  conf  1.0000
   0.4141086239   1.9996549090  -4.5940264673
   0.6107912754   2.9493995093  -3.9222361790
      
      
#  type   0  conf  1.0000
   0.6107912754   2.9493995093  -3.9222361790
   0.6105248749   2.9481131099  -3.7635186241
      
      
#  type   0  conf  1.0000
   0.6105248749   2.9481131099  -3.7635186241
   0.6037410658   2.9153553350  -3.7236872434
      
      
#  type   0  conf  1.0000
   0.6037410658   2.9153553350  -3.7236872434
   0.1076385211   0.5197667584  -1.6724308443
      
      
#  type   4  conf  0.0000
#  type   0  conf  1.0000
   0.0938354247   0.4531141268  -1.6685943976
   0.0140973045   0.0680733085  -1.8653581098
      
      
#  type   0  conf  1.0000
   0.0140973045   0.0680733085  -1.8653581098
   0.0050585954   0.0244270334  -1.8900680189
      
      
#  type   0  conf  1.0000
   0.0050585954   0.0244270334  -1.8900680189
  -0.6133044551  -2.9615351949  -3.6826615738
      
      
#  type   0  conf  1.0000
  -0.6133044551  -2.9615351949  -3.6826615738
  -0.6256248788  -3.0210282707  -3.7525292719
      
      
#  type   0  conf  1.0000
  -0.6256248788  -3.0210282707  -3.7525292719
  -0.6259361636  -3.0225314084  -3.9447050582
      
      
#  type   0  conf  1.0000
  -0.6259361636  -3.0225314084  -3.9447050582
  -0.5305118866  -2.5617450038  -4.3449656973
      
      
#  type   0  conf  1.0000
  -0.5305118866  -2.5617450038  -4.3449656973
  -0.3997525579  -1.9303320881  -4.5860356744
      
      
#  27  norm     0.9775999378   -0.2104717598    0.0000000000
# nedges  12 
#  type   0  conf  1.0000
   0.4317111563   2.0052134306  -4.5928529929
   0.6358251141   2.9532826281  -3.9209326304
      
      
#  type   0  conf  1.0000
   0.6358251141   2.9532826281  -3.9209326304
   0.6350898215   2.9498673383  -3.7635357242
      
      
#  type   0  conf  1.0000
   0.6350898215   2.9498673383  -3.7635357242
   0.6309378986   2.9305824732  -3.7355007239
      
      
#  type   0  conf  1.0000
   0.6309378986   2.9305824732  -3.7355007239
   0.1143653273   0.5312044567  -1.6762213386
      
      
#  type   4  conf  0.0000
#  type   0  conf  1.0000
   0.0999809746   0.4643919669  -1.6658682446
   0.0161751232   0.0751302668  -1.8631799074
      
      
#  type   3  conf  0.0000
#  type   0  conf  1.0000
   0.0133616332   0.0620621587  -1.8694698612
  -0.6412957901  -2.9786928425  -3.6837955392
      
      
#  type   0  conf  1.0000
  -0.6412957901  -2.9786928425  -3.6837955392
  -0.6522652346  -3.0296437550  -3.7525084641
      
      
#  type   0  conf  1.0000
  -0.6522652346  -3.0296437550  -3.7525084641
  -0.6524174098  -3.0303505787  -3.9441344620
      
      
#  type   0  conf  1.0000
  -0.6524174098  -3.0303505787  -3.9441344620
  -0.5534939955  -2.5708707713  -4.3445957618
      
      
#  type   0  conf  1.0000
  -0.5534939955  -2.5708707713  -4.3445957618
  -0.4172744182  -1.9381576207  -4.5859921289
      
      
#  28  norm     0.9759167619   -0.2181432414    0.0000000000
# nedges  14 
#  type   0  conf  1.0000
   0.4481685738   2.0049909435  -4.5909486153
   0.5279937295   2.3621081611  -4.3467946149
      
      
#  type   0  conf  1.0000
   0.5279937295   2.3621081611  -4.3467946149
   0.6606617773   2.9556308888  -3.9173870640
      
      
#  type   0  conf  1.0000
   0.6606617773   2.9556308888  -3.9173870640
   0.6598848733   2.9521552199  -3.7782437375
      
      
#  type   0  conf  1.0000
   0.6598848733   2.9521552199  -3.7782437375
   0.6570778552   2.9395973430  -3.7424918031
      
      
#  type   0  conf  1.0000
   0.6570778552   2.9395973430  -3.7424918031
   0.1191392441   0.5329983390  -1.6720230165
      
      
#  type   4  conf  0.0000
#  type   0  conf  1.0000
   0.1030466792   0.4610043422  -1.6703791332
   0.0164810283   0.0737318820  -1.8656254058
      
      
#  type   0  conf  1.0000
   0.0164810283   0.0737318820  -1.8656254058
  -0.0251836146  -0.1126650154  -1.9750135280
      
      
#  type   0  conf  1.0000
  -0.0251836146  -0.1126650154  -1.9750135280
  -0.6622112008  -2.9625626108  -3.6650016573
      
      
#  type   0  conf  1.0000
  -0.6622112008  -2.9625626108  -3.6650016573
  -0.6786800191  -3.0362398689  -3.7376023925
      
      
#  type   0  conf  1.0000
  -0.6786800191  -3.0362398689  -3.7376023925
  -0.6793851410  -3.0393944026  -3.9420108803
      
      
#  type   0  conf  1.0000
  -0.6793851410  -3.0393944026  -3.9420108803
  -0.5794776510  -2.5924339857  -4.3329785578
      
      
#  type   0  conf  1.0000
  -0.5794776510  -2.5924339857  -4.3329785578
  -0.5721030258  -2.5594418094  -4.3514140181
      
      
#  type   0  conf  1.0000
  -0.5721030258  -2.5594418094  -4.3514140181
  -0.4343076108  -1.9429805596  -4.5882889989
      
      
#  29  norm     0.9741733870   -0.2258012669    0.0000000000
# nedges  12 
#  type   0  conf  1.0000
   0.4657349045   2.0093179974  -4.5897509065
   0.5498362346   2.3721559863  -4.3442560504
      
      
#  type   0  conf  1.0000
   0.5498362346   2.3721559863  -4.3442560504
   0.6852375281   2.9563171760  -3.9175137564
      
      
#  type   0  conf  1.0000
   0.6852375281   2.9563171760  -3.9175137564
   0.6845564408   2.9533787644  -3.7542381741
      
      
#  type   0  conf  1.0000
   0.6845564408   2.9533787644  -3.7542381741
   0.1255809893   0.5417934955  -1.6723941974
      
      
#  type   0  conf  1.0000
   0.1255809893   0.5417934955  -1.6723941974
   0.1104064651   0.4763261145  -1.6655676076
      
      
#  type   0  conf  1.0000
   0.1104064651   0.4763261145  -1.6655676076
   0.0180428259   0.0778420826  -1.8652281268
      
      
#  type   0  conf  1.0000
   0.0180428259   0.0778420826  -1.8652281268
   0.0124063196   0.0535245287  -1.8783171149
      
      
#  type   0  conf  1.0000
   0.0124063196   0.0535245287  -1.8783171149
  -0.6916485338  -2.9839761491  -3.6692765146
      
      
#  type   0  conf  1.0000
  -0.6916485338  -2.9839761491  -3.6692765146
  -0.7058100065  -3.0450729266  -3.7394829154
      
      
#  type   0  conf  1.0000
  -0.7058100065  -3.0450729266  -3.7394829154
  -0.7060734829  -3.0462096419  -3.9424485043
      
      
#  type   0  conf  1.0000
  -0.7060734829  -3.0462096419  -3.9424485043
  -0.5989349726  -2.5839824503  -4.3455728140
      
      
#  type   0  conf  1.0000
  -0.5989349726  -2.5839824503  -4.3455728140
  -0.4533178058  -1.9557469647  -4.5856904361
      
      
#  30  norm     0.9723699204   -0.2334453639    0.0000000000
# nedges  14 
#  type   0  conf  1.0000
   0.4829700166   2.0117148991  -4.5895406041
   0.5692721950   2.3711893428  -4.3500998642
      
      
#  type   0  conf  1.0000
   0.5692721950   2.3711893428  -4.3500998642
   0.7101418653   2.9579537482  -3.9161102169
      
      
#  type   0  conf  1.0000
   0.7101418653   2.9579537482  -3.9161102169
   0.7095632381   2.9555435927  -3.7895089908
      
      
#  type   0  conf  1.0000
   0.7095632381   2.9555435927  -3.7895089908
   0.7073659197   2.9463911029  -3.7480777098
      
      
#  type   0  conf  1.0000
   0.7073659197   2.9463911029  -3.7480777098
   0.1553794403   0.6472019468  -1.7579535059
      
      
#  type   0  conf  1.0000
   0.1553794403   0.6472019468  -1.7579535059
   0.1262863886   0.5260206655  -1.6687396131
      
      
#  type   0  conf  1.0000
   0.1262863886   0.5260206655  -1.6687396131
   0.1145408626   0.4770970288  -1.6671106541
      
      
#  type   0  conf  1.0000
   0.1145408626   0.4770970288  -1.6671106541
   0.0192481399   0.0801742727  -1.8655774614
      
      
#  type   0  conf  1.0000
   0.0192481399   0.0801742727  -1.8655774614
  -0.0274010208  -0.1141334658  -1.9782502894
      
      
#  type   0  conf  1.0000
  -0.0274010208  -0.1141334658  -1.9782502894
  -0.7206525112  -3.0017337391  -3.6719119905
      
      
#  type   0  conf  1.0000
  -0.7206525112  -3.0017337391  -3.6719119905
  -0.7331790767  -3.0539106394  -3.7508262171
      
      
#  type   0  conf  1.0000
  -0.7331790767  -3.0539106394  -3.7508262171
  -0.7329783955  -3.0530747424  -3.9413413566
      
      
#  type   0  conf  1.0000
  -0.7329783955  -3.0530747424  -3.9413413566
  -0.6230723962  -2.5952833088  -4.3432232937
      
      
#  type   0  conf  1.0000
  -0.6230723962  -2.5952833088  -4.3432232937
  -0.4715189718  -1.9640178648  -4.5857920370
      
      
#  31  norm     0.9705064735   -0.2410750608   -0.0000000000
# nedges  13 
#  type   0  conf  1.0000
   0.5001666306   2.0135427993  -4.5895061128
   0.5908270379   2.3785183876  -4.3491036449
      
      
#  type   0  conf  1.0000
   0.5908270379   2.3785183876  -4.3491036449
   0.7348850370   2.9584590094  -3.9155876963
      
      
#  type   0  conf  1.0000
   0.7348850370   2.9584590094  -3.9155876963
   0.7338584244   2.9543261300  -3.7572852783
      
      
#  type   0  conf  1.0000
   0.7338584244   2.9543261300  -3.7572852783
   0.2473268843   0.9956747141  -2.0518453024
      
      
#  type   0  conf  1.0000
   0.2473268843   0.9956747141  -2.0518453024
   0.1333733482   0.5369269528  -1.6671393504
      
      
#  type   0  conf  1.0000
   0.1333733482   0.5369269528  -1.6671393504
   0.1187234447   0.4779501920  -1.6693298944
      
      
#  type   0  conf  1.0000
   0.1187234447   0.4779501920  -1.6693298944
   0.0215938590   0.0869313476  -1.8637026628
      
      
#  type   0  conf  1.0000
   0.0215938590   0.0869313476  -1.8637026628
   0.0094757907   0.0381471074  -1.8903761152
      
      
#  type   0  conf  1.0000
   0.0094757907   0.0381471074  -1.8903761152
  -0.7476346630  -3.0097857393  -3.6700675849
      
      
#  type   0  conf  1.0000
  -0.7476346630  -3.0097857393  -3.6700675849
  -0.7602174284  -3.0604407313  -3.7494213282
      
      
#  type   0  conf  1.0000
  -0.7602174284  -3.0604407313  -3.7494213282
  -0.7598592438  -3.0589987721  -3.9401878208
      
      
#  type   0  conf  1.0000
  -0.7598592438  -3.0589987721  -3.9401878208
  -0.6461639471  -2.6012906162  -4.3428692505
      
      
#  type   0  conf  1.0000
  -0.6461639471  -2.6012906162  -4.3428692505
  -0.4894952152  -1.9705824130  -4.5857813213
      
      
#  32  norm     0.9685831611   -0.2486898872    0.0000000000
# nedges  14 
#  type   0  conf  1.0000
   0.5171591896   2.0142020585  -4.5902288830
   0.6125602829   2.3857647852  -4.3489678938
      
      
#  type   0  conf  1.0000
   0.6125602829   2.3857647852  -4.3489678938
   0.7596333867   2.9585767052  -3.9147014104
      
      
#  type   0  conf  1.0000
   0.7596333867   2.9585767052  -3.9147014104
   0.7588552566   2.9555460885  -3.7594659784
      
      
#  type   0  conf  1.0000
   0.7588552566   2.9555460885  -3.7594659784
   0.2588654712   1.0082144445  -2.0575755769
      
      
#  type   3  conf  0.0000
#  type   0  conf  1.0000
   0.2567316381   0.9999037132  -2.0507633683
   0.1401005071   0.5456554488  -1.6697453674
      
      
#  type   4  conf  0.0000
#  type   0  conf  1.0000
   0.1252922513   0.4879811004  -1.6668235966
   0.0224325299   0.0873689354  -1.8650583360
      
      
#  type   0  conf  1.0000
   0.0224325299   0.0873689354  -1.8650583360
   0.0125917651   0.0490416873  -1.8859152116
      
      
#  type   0  conf  1.0000
   0.0125917651   0.0490416873  -1.8859152116
  -0.7745586765  -3.0167068709  -3.6665815867
      
      
#  type   0  conf  1.0000
  -0.7745586765  -3.0167068709  -3.6665815867
  -0.7874969820  -3.0670982441  -3.7397659696
      
      
#  type   0  conf  1.0000
  -0.7874969820  -3.0670982441  -3.7397659696
  -0.7871343848  -3.0656860211  -3.9385345085
      
      
#  type   0  conf  1.0000
  -0.7871343848  -3.0656860211  -3.9385345085
  -0.6695260640  -2.6076318538  -4.3423774325
      
      
#  type   0  conf  1.0000
  -0.6695260640  -2.6076318538  -4.3423774325
  -0.5075895369  -1.9769307221  -4.5862904684
      
      
#  33  norm     0.9666001020   -0.2562893731    0.0000000000
# nedges  14 
#  type   0  conf  1.0000
   0.5346590346   2.0164764191  -4.5898220277
   0.6345746994   2.3933101933  -4.3480159895
      
      
#  type   0  conf  1.0000
   0.6345746994   2.3933101933  -4.3480159895
   0.7848142661   2.9599414927  -3.9124558824
      
      
#  type   0  conf  1.0000
   0.7848142661   2.9599414927  -3.9124558824
   0.7827955986   2.9523280508  -3.7574835141
      
      
#  type   0  conf  1.0000
   0.7827955986   2.9523280508  -3.7574835141
   0.2687247630   1.0135004047  -2.0580850898
      
      
#  type   0  conf  1.0000
   0.2687247630   1.0135004047  -2.0580850898
   0.1459263222   0.5503638181  -1.6697199831
      
      
#  type   4  conf  0.0000
#  type   0  conf  1.0000
   0.1301595024   0.4908989661  -1.6673750142
   0.0228673512   0.0862446371  -1.8672282868
      
      
#  type   0  conf  1.0000
   0.0228673512   0.0862446371  -1.8672282868
   0.0118341313   0.0446326446  -1.8900782018
      
      
#  type   0  conf  1.0000
   0.0118341313   0.0446326446  -1.8900782018
  -0.8049411821  -3.0358505279  -3.6710648090
      
      
#  type   0  conf  1.0000
  -0.8049411821  -3.0358505279  -3.6710648090
  -0.8149640205  -3.0736518479  -3.7356973471
      
      
#  type   0  conf  1.0000
  -0.8149640205  -3.0736518479  -3.7356973471
  -0.8151081643  -3.0741954890  -3.9016355189
      
      
#  type   0  conf  1.0000
  -0.8151081643  -3.0741954890  -3.9016355189
  -0.8118792352  -3.0620175232  -3.9456214357
      
      
#  type   0  conf  1.0000
  -0.8118792352  -3.0620175232  -3.9456214357
  -0.6920570658  -2.6101059993  -4.3440781949
      
      
#  type   0  conf  1.0000
  -0.6920570658  -2.6101059993  -4.3440781949
  -0.5262419679  -1.9847312967  -4.5853801529
      
      
#  34  norm     0.9645574185   -0.2638730500    0.0000000000
# nedges  17 
#  type   0  conf  1.0000
   0.5520167407   2.0178333574  -4.5900773676
   0.6519712545   2.3832055234  -4.3580907015
      
      
#  type   0  conf  1.0000
   0.6519712545   2.3832055234  -4.3580907015
   0.6613698943   2.4175611644  -4.3340070501
      
      
#  type   0  conf  1.0000
   0.6613698943   2.4175611644  -4.3340070501
   0.8093571710   2.9585115402  -3.9113895934
      
      
#  type   0  conf  1.0000
   0.8093571710   2.9585115402  -3.9113895934
   0.8082679812   2.9545301329  -3.7612723537
      
      
#  type   0  conf  1.0000
   0.8082679812   2.9545301329  -3.7612723537
   0.2790855483   1.0201649468  -2.0594672665
      
      
#  type   3  conf  0.0000
#  type   0  conf  1.0000
   0.2756359581   1.0075553689  -2.0491312352
   0.1516113370   0.5541977091  -1.6687321637
      
      
#  type   4  conf  0.0000
#  type   0  conf  1.0000
   0.1349604355   0.4933322644  -1.6685187742
   0.0236189513   0.0863363452  -1.8685327241
      
      
#  type   0  conf  1.0000
   0.0236189513   0.0863363452  -1.8685327241
   0.0133787266   0.0489043878  -1.8892873604
      
      
#  type   0  conf  1.0000
   0.0133787266   0.0489043878  -1.8892873604
  -0.8289183206  -3.0300150605  -3.6611904425
      
      
#  type   0  conf  1.0000
  -0.8289183206  -3.0300150605  -3.6611904425
  -0.8425274928  -3.0797618157  -3.7259436088
      
      
#  type   0  conf  1.0000
  -0.8425274928  -3.0797618157  -3.7259436088
  -0.8425935089  -3.0800031297  -3.8947145933
      
      
#  type   0  conf  1.0000
  -0.8425935089  -3.0800031297  -3.8947145933
  -0.8389996310  -3.0668661247  -3.9424484335
      
      
#  type   0  conf  1.0000
  -0.8389996310  -3.0668661247  -3.9424484335
  -0.7227936374  -2.6420885538  -4.3221161510
      
      
#  type   0  conf  1.0000
  -0.7227936374  -2.6420885538  -4.3221161510
  -0.7127504324  -2.6053767793  -4.3472343192
      
      
#  type   0  conf  1.0000
  -0.7127504324  -2.6053767793  -4.3472343192
  -0.5444621701  -1.9902184983  -4.5858933638
      
      
#  35  norm     0.9624552365   -0.2714404499    0.0000000000
# nedges  15 
#  type   0  conf  1.0000
   0.5696729418   2.0199078883  -4.5892835200
   0.6779688505   2.4038962160  -4.3489408948
      
      
#  type   0  conf  1.0000
   0.6779688505   2.4038962160  -4.3489408948
   0.8343595960   2.9584159718  -3.9116117068
      
      
#  type   0  conf  1.0000
   0.8343595960   2.9584159718  -3.9116117068
   0.8330107694   2.9536333935  -3.7618391762
      
      
#  type   0  conf  1.0000
   0.8330107694   2.9536333935  -3.7618391762
   0.2886272936   1.0233951876  -2.0578313189
      
      
#  type   0  conf  1.0000
   0.2886272936   1.0233951876  -2.0578313189
   0.2765457721   0.9805573438  -2.0216603255
      
      
#  type   0  conf  1.0000
   0.2765457721   0.9805573438  -2.0216603255
   0.1570453489   0.5568408043  -1.6671265730
      
      
#  type   0  conf  1.0000
   0.1570453489   0.5568408043  -1.6671265730
   0.1406046892   0.4985466223  -1.6686300188
      
      
#  type   0  conf  1.0000
   0.1406046892   0.4985466223  -1.6686300188
   0.0242006795   0.0858091370  -1.8701492986
      
      
#  type   0  conf  1.0000
   0.0242006795   0.0858091370  -1.8701492986
   0.0136702752   0.0484711398  -1.8910452313
      
      
#  type   0  conf  1.0000
   0.0136702752   0.0484711398  -1.8910452313
  -0.8594804500  -3.0474878012  -3.6649279021
      
      
#  type   0  conf  1.0000
  -0.8594804500  -3.0474878012  -3.6649279021
  -0.8706746271  -3.0871793594  -3.7267828122
      
      
#  type   0  conf  1.0000
  -0.8706746271  -3.0871793594  -3.7267828122
  -0.8709491831  -3.0881528614  -3.8978422683
      
      
#  type   0  conf  1.0000
  -0.8709491831  -3.0881528614  -3.8978422683
  -0.8653629094  -3.0683454290  -3.9463343370
      
      
#  type   0  conf  1.0000
  -0.8653629094  -3.0683454290  -3.9463343370
  -0.7400286563  -2.6239436891  -4.3419493231
      
      
#  type   0  conf  1.0000
  -0.7400286563  -2.6239436891  -4.3419493231
  -0.5629787127  -1.9961719423  -4.5860397651
      
      
#  36  norm     0.9602936857   -0.2789911060    0.0000000000
# nedges  15 
#  type   0  conf  1.0000
   0.5871324228   2.0209230549  -4.5895008193
   0.6996252559   2.4081259260  -4.3500296205
      
      
#  type   0  conf  1.0000
   0.6996252559   2.4081259260  -4.3500296205
   0.8591104861   2.9570776890  -3.9110156447
      
      
#  type   0  conf  1.0000
   0.8591104861   2.9570776890  -3.9110156447
   0.8582297081   2.9540460313  -3.7644425065
      
      
#  type   0  conf  1.0000
   0.8582297081   2.9540460313  -3.7644425065
   0.2986310469   1.0278948057  -2.0572130354
      
      
#  type   3  conf  0.0000
#  type   0  conf  1.0000
   0.2951033338   1.0157523375  -2.0472032362
   0.1642118530   0.5652209053  -1.6696964429
      
      
#  type   0  conf  1.0000
   0.1642118530   0.5652209053  -1.6696964429
   0.1473080314   0.5070375698  -1.6666039845
      
      
#  type   0  conf  1.0000
   0.1473080314   0.5070375698  -1.6666039845
   0.0248738653   0.0856164059  -1.8717144622
      
      
#  type   0  conf  1.0000
   0.0248738653   0.0856164059  -1.8717144622
   0.0086681581   0.0298359958  -1.9031813901
      
      
#  type   0  conf  1.0000
   0.0086681581   0.0298359958  -1.9031813901
  -0.8869286328  -3.0528283779  -3.6615565846
      
      
#  type   0  conf  1.0000
  -0.8869286328  -3.0528283779  -3.6615565846
  -0.8990234670  -3.0944590705  -3.7268406349
      
      
#  type   0  conf  1.0000
  -0.8990234670  -3.0944590705  -3.7268406349
  -0.8993322632  -3.0955219537  -3.8906819087
      
      
#  type   0  conf  1.0000
  -0.8993322632  -3.0955219537  -3.8906819087
  -0.8932580901  -3.0746145130  -3.9443724599
      
      
#  type   0  conf  1.0000
  -0.8932580901  -3.0746145130  -3.9443724599
  -0.7630035448  -2.6262754272  -4.3436268086
      
      
#  type   0  conf  1.0000
  -0.7630035448  -2.6262754272  -4.3436268086
  -0.5816114786  -2.0019198401  -4.5859374586
      
      
#  37  norm     0.9580728995   -0.2865245527   -0.0000000000
# nedges  14 
#  type   0  conf  1.0000
   0.6047925812   2.0222887579  -4.5892757665
   0.7225355322   2.4159943910  -4.3483790081
      
      
#  type   0  conf  1.0000
   0.7225355322   2.4159943910  -4.3483790081
   0.8842514243   2.9567355325  -3.9096141288
      
      
#  type   0  conf  1.0000
   0.8842514243   2.9567355325  -3.9096141288
   0.8827158939   2.9516010680  -3.7641280917
      
      
#  type   0  conf  1.0000
   0.8827158939   2.9516010680  -3.7641280917
   0.3062690322   1.0240939455  -2.0496592174
      
      
#  type   0  conf  1.0000
   0.3062690322   1.0240939455  -2.0496592174
   0.1702590183   0.5693074112  -1.6692788690
      
      
#  type   0  conf  1.0000
   0.1702590183   0.5693074112  -1.6692788690
   0.1526390743   0.5103903283  -1.6672185535
      
      
#  type   0  conf  1.0000
   0.1526390743   0.5103903283  -1.6672185535
   0.0293641712   0.0981871062  -1.8671303706
      
      
#  type   0  conf  1.0000
   0.0293641712   0.0981871062  -1.8671303706
   0.0096122884   0.0321413051  -1.9034592806
      
      
#  type   0  conf  1.0000
   0.0096122884   0.0321413051  -1.9034592806
  -0.9184320375  -3.0710277245  -3.6658897729
      
      
#  type   0  conf  1.0000
  -0.9184320375  -3.0710277245  -3.6658897729
  -0.9277091844  -3.1020483924  -3.7268498552
      
      
#  type   0  conf  1.0000
  -0.9277091844  -3.1020483924  -3.7268498552
  -0.9279301603  -3.1027872854  -3.8773085707
      
      
#  type   0  conf  1.0000
  -0.9279301603  -3.1027872854  -3.8773085707
  -0.9235872016  -3.0882654200  -3.9327172696
      
      
#  type   0  conf  1.0000
  -0.9235872016  -3.0882654200  -3.9327172696
  -0.7883618142  -2.6361024979  -4.3408017856
      
      
#  type   0  conf  1.0000
  -0.7883618142  -2.6361024979  -4.3408017856
  -0.6004139685  -2.0076476733  -4.5861640730
      
      
#  38  norm     0.9557930148   -0.2940403252    0.0000000000
# nedges  18 
#  type   0  conf  1.0000
   0.6223378481   2.0229407907  -4.5896686312
   0.7397888985   2.4047213968  -4.3582467768
      
      
#  type   0  conf  1.0000
   0.7397888985   2.4047213968  -4.3582467768
   0.7509503310   2.4410022003  -4.3323651362
      
      
#  type   0  conf  1.0000
   0.7509503310   2.4410022003  -4.3323651362
   0.9093478070   2.9558812428  -3.9070800919
      
      
#  type   0  conf  1.0000
   0.9093478070   2.9558812428  -3.9070800919
   0.9082286449   2.9522433495  -3.7895733967
      
      
#  type   0  conf  1.0000
   0.9082286449   2.9522433495  -3.7895733967
   0.9022679803   2.9328679065  -3.7503626206
      
      
#  type   0  conf  1.0000
   0.9022679803   2.9328679065  -3.7503626206
   0.3185832571   1.0355710615  -2.0553966127
      
      
#  type   3  conf  0.0000
#  type   0  conf  1.0000
   0.3110596096   1.0111150632  -2.0350422502
   0.1768751783   0.5749417525  -1.6696499416
      
      
#  type   4  conf  0.0000
#  type   0  conf  1.0000
   0.1590772519   0.5170886886  -1.6662435359
   0.0301208180   0.0979092490  -1.8685853118
      
      
#  type   0  conf  1.0000
   0.0301208180   0.0979092490  -1.8685853118
   0.0176780827   0.0574635059  -1.8904303663
      
      
#  type   0  conf  1.0000
   0.0176780827   0.0574635059  -1.8904303663
  -0.9498144435  -3.0874201005  -3.6697630496
      
      
#  type   0  conf  1.0000
  -0.9498144435  -3.0874201005  -3.6697630496
  -0.9568241694  -3.1102055704  -3.7396958257
      
      
#  type   0  conf  1.0000
  -0.9568241694  -3.1102055704  -3.7396958257
  -0.9563060233  -3.1085213104  -3.8818255977
      
      
#  type   0  conf  1.0000
  -0.9563060233  -3.1085213104  -3.8818255977
  -0.9496437528  -3.0868652617  -3.9348822398
      
      
#  type   0  conf  1.0000
  -0.9496437528  -3.0868652617  -3.9348822398
  -0.8206854690  -2.6676798090  -4.3171675550
      
      
#  type   0  conf  1.0000
  -0.8206854690  -2.6676798090  -4.3171675550
  -0.8071078273  -2.6235449949  -4.3473014736
      
      
#  type   0  conf  1.0000
  -0.8071078273  -2.6235449949  -4.3473014736
  -0.6197268016  -2.0144534516  -4.5860401463
      
      
#  39  norm     0.9534541723   -0.3015379599    0.0000000000
# nedges  14 
#  type   0  conf  1.0000
   0.6427284352   2.0322884333  -4.5837895884
   0.7664815573   2.4235921706  -4.3490292067
      
      
#  type   0  conf  1.0000
   0.7664815573   2.4235921706  -4.3490292067
   0.9341065694   2.9536175350  -3.9074097455
      
      
#  type   0  conf  1.0000
   0.9341065694   2.9536175350  -3.9074097455
   0.9327822427   2.9494300531  -3.7684989663
      
      
#  type   0  conf  1.0000
   0.9327822427   2.9494300531  -3.7684989663
   0.3270649084   1.0341696335  -2.0507162170
      
      
#  type   0  conf  1.0000
   0.3270649084   1.0341696335  -2.0507162170
   0.1830114216   0.5786767394  -1.6699672140
      
      
#  type   0  conf  1.0000
   0.1830114216   0.5786767394  -1.6699672140
   0.1666226975   0.5268560752  -1.6657259893
      
      
#  type   0  conf  1.0000
   0.1666226975   0.5268560752  -1.6657259893
   0.0347038490   0.1097325510  -1.8632436718
      
      
#  type   0  conf  1.0000
   0.0347038490   0.1097325510  -1.8632436718
   0.0270036663   0.0853847998  -1.8765207532
      
      
#  type   0  conf  1.0000
   0.0270036663   0.0853847998  -1.8765207532
  -0.9739971145  -3.0797502669  -3.6601972836
      
      
#  type   0  conf  1.0000
  -0.9739971145  -3.0797502669  -3.6601972836
  -0.9852014505  -3.1151780483  -3.7140174071
      
      
#  type   0  conf  1.0000
  -0.9852014505  -3.1151780483  -3.7140174071
  -0.9847585246  -3.1137775296  -3.8916583356
      
      
#  type   0  conf  1.0000
  -0.9847585246  -3.1137775296  -3.8916583356
  -0.9732318404  -3.0773304927  -3.9488042613
      
      
#  type   0  conf  1.0000
  -0.9732318404  -3.0773304927  -3.9488042613
  -0.8344806332  -2.6386032512  -4.3429108052
      
      
#  type   0  conf  1.0000
  -0.8344806332  -2.6386032512  -4.3429108052
  -0.6385014962  -2.0189229763  -4.5858075881
      
      
#  40  norm     0.9510565163   -0.3090169944    0.0000000000
# nedges  16 
#  type   0  conf  1.0000
   0.6572970997   2.0229524629  -4.5896504299
   0.7895027596   2.4298396458  -4.3477782978
      
      
#  type   0  conf  1.0000
   0.7895027596   2.4298396458  -4.3477782978
   0.9590605922   2.9516849959  -3.9055273092
      
      
#  type   0  conf  1.0000
   0.9590605922   2.9516849959  -3.9055273092
   0.9580140253   2.9484639941  -3.7713028401
      
      
#  type   0  conf  1.0000
   0.9580140253   2.9484639941  -3.7713028401
   0.3467178853   1.0670879278  -2.0763965055
      
      
#  type   0  conf  1.0000
   0.3467178853   1.0670879278  -2.0763965055
   0.3399385945   1.0462234158  -2.0579832944
      
      
#  type   0  conf  1.0000
   0.3399385945   1.0462234158  -2.0579832944
   0.1896150447   0.5835751014  -1.6694614518
      
      
#  type   4  conf  0.0000
#  type   0  conf  1.0000
   0.1695874693   0.5219365623  -1.6676483615
   0.0355147775   0.1093032460  -1.8657421038
      
      
#  type   3  conf  0.0000
#  type   0  conf  1.0000
   0.0315658642   0.0971497406  -1.8715424410
  -1.0022681581  -3.0846642100  -3.6579164514
      
      
#  type   0  conf  1.0000
  -1.0022681581  -3.0846642100  -3.6579164514
  -1.0134163531  -3.1189748263  -3.7009955921
      
      
#  type   0  conf  1.0000
  -1.0134163531  -3.1189748263  -3.7009955921
  -1.0146317609  -3.1227154667  -3.8623367176
      
      
#  type   0  conf  1.0000
  -1.0146317609  -3.1227154667  -3.8623367176
  -1.0097407346  -3.1076624357  -3.9193071492
      
      
#  type   0  conf  1.0000
  -1.0097407346  -3.1076624357  -3.9193071492
  -0.8626262887  -2.6548907276  -4.3322323174
      
      
#  type   0  conf  1.0000
  -0.8626262887  -2.6548907276  -4.3322323174
  -0.8503482776  -2.6171028950  -4.3527119590
      
      
#  type   0  conf  1.0000
  -0.8503482776  -2.6171028950  -4.3527119590
  -0.6574127095  -2.0233082731  -4.5856111152
      
      
#  41  norm     0.9486001946   -0.3164769672    0.0000000000
# nedges  15 
#  type   0  conf  1.0000
   0.6788290423   2.0347052975  -4.5822998731
   0.8116166965   2.4327197114  -4.3483546094
      
      
#  type   0  conf  1.0000
   0.8116166965   2.4327197114  -4.3483546094
   0.9839516311   2.9492721607  -3.9036398770
      
      
#  type   0  conf  1.0000
   0.9839516311   2.9492721607  -3.9036398770
   0.9828642597   2.9460129005  -3.7730358655
      
      
#  type   0  conf  1.0000
   0.9828642597   2.9460129005  -3.7730358655
   0.3597904062   1.0784268202  -2.0833358487
      
      
#  type   0  conf  1.0000
   0.3597904062   1.0784268202  -2.0833358487
   0.3386651404   1.0151064736  -2.0282374736
      
      
#  type   0  conf  1.0000
   0.3386651404   1.0151064736  -2.0282374736
   0.1952167096   0.5851377126  -1.6678855959
      
      
#  type   0  conf  1.0000
   0.1952167096   0.5851377126  -1.6678855959
   0.1766233384   0.5294064042  -1.6666171794
      
      
#  type   0  conf  1.0000
   0.1766233384   0.5294064042  -1.6666171794
   0.0362853004   0.1087606574  -1.8668320128
      
      
#  type   0  conf  1.0000
   0.0362853004   0.1087606574  -1.8668320128
   0.0282698404   0.0847353170  -1.8798041827
      
      
#  type   0  conf  1.0000
   0.0282698404   0.0847353170  -1.8798041827
  -1.0330203666  -3.0963495687  -3.6604442282
      
      
#  type   0  conf  1.0000
  -1.0330203666  -3.0963495687  -3.6604442282
  -1.0428503232  -3.1258136362  -3.7141583990
      
      
#  type   0  conf  1.0000
  -1.0428503232  -3.1258136362  -3.7141583990
  -1.0433380512  -3.1272755401  -3.8690791927
      
      
#  type   0  conf  1.0000
  -1.0433380512  -3.1272755401  -3.8690791927
  -1.0351626370  -3.1027707566  -3.9255565868
      
      
#  type   0  conf  1.0000
  -1.0351626370  -3.1027707566  -3.9255565868
  -0.8842193899  -2.6503372200  -4.3396008057
      
      
#  type   0  conf  1.0000
  -0.8842193899  -2.6503372200  -4.3396008057
  -0.6761167057  -2.0265754072  -4.5865316362
      
      
#  42  norm     0.9460853588   -0.3239174182    0.0000000000
# nedges  14 
#  type   0  conf  1.0000
   0.6921706567   2.0216650521  -4.5896679373
   0.8344939805   2.4373574641  -4.3471982746
      
      
#  type   0  conf  1.0000
   0.8344939805   2.4373574641  -4.3471982746
   1.0092594647   2.9478056725  -3.9012936861
      
      
#  type   0  conf  1.0000
   1.0092594647   2.9478056725  -3.9012936861
   1.0073185293   2.9421366642  -3.7735239326
      
      
#  type   0  conf  1.0000
   1.0073185293   2.9421366642  -3.7735239326
   0.3590628048   1.0487366331  -2.0533329569
      
      
#  type   0  conf  1.0000
   0.3590628048   1.0487366331  -2.0533329569
   0.2010827146   0.5873145485  -1.6666160902
      
      
#  type   0  conf  1.0000
   0.2010827146   0.5873145485  -1.6666160902
   0.1805459779   0.5273316491  -1.6689669664
      
      
#  type   0  conf  1.0000
   0.1805459779   0.5273316491  -1.6689669664
   0.0372383686   0.1087643744  -1.8686035801
      
      
#  type   0  conf  1.0000
   0.0372383686   0.1087643744  -1.8686035801
   0.0247321638   0.0722367392  -1.8881725842
      
      
#  type   0  conf  1.0000
   0.0247321638   0.0722367392  -1.8881725842
  -1.0624240049  -3.1030865876  -3.6604190053
      
      
#  type   0  conf  1.0000
  -1.0624240049  -3.1030865876  -3.6604190053
  -1.0721959924  -3.1316282275  -3.7139978257
      
      
#  type   0  conf  1.0000
  -1.0721959924  -3.1316282275  -3.7139978257
  -1.0717772150  -3.1304050789  -3.8837805021
      
      
#  type   0  conf  1.0000
  -1.0717772150  -3.1304050789  -3.8837805021
  -1.0553415041  -3.0824002956  -3.9463619797
      
      
#  type   0  conf  1.0000
  -1.0553415041  -3.0824002956  -3.9463619797
  -0.9060425102  -2.6463336185  -4.3429613897
      
      
#  type   0  conf  1.0000
  -0.9060425102  -2.6463336185  -4.3429613897
  -0.6951027405  -2.0302289680  -4.5859559670
      
      
#  43  norm     0.9435121640   -0.3313378885    0.0000000000
# nedges  16 
#  type   0  conf  1.0000
   0.7096693820   2.0208425227  -4.5899180020
   0.8571301753   2.4407493823  -4.3471724480
      
      
#  type   0  conf  1.0000
   0.8571301753   2.4407493823  -4.3471724480
   1.0341299279   2.9447708822  -3.8999461738
      
      
#  type   0  conf  1.0000
   1.0341299279   2.9447708822  -3.8999461738
   1.0330697633   2.9417519756  -3.8023917560
      
      
#  type   0  conf  1.0000
   1.0330697633   2.9417519756  -3.8023917560
   1.0229631774   2.9129726325  -3.7518032283
      
      
#  type   0  conf  1.0000
   1.0229631774   2.9129726325  -3.7518032283
   0.3761059109   1.0709928272  -2.0697916556
      
      
#  type   0  conf  1.0000
   0.3761059109   1.0709928272  -2.0697916556
   0.3461922636   0.9858112313  -1.9972594796
      
      
#  type   0  conf  1.0000
   0.3461922636   0.9858112313  -1.9972594796
   0.2079325112   0.5921051000  -1.6666515008
      
      
#  type   4  conf  0.0000
#  type   0  conf  1.0000
   0.1855411542   0.5283438507  -1.6703473671
   0.0380886724   0.1084606590  -1.8701194763
      
      
#  type   0  conf  1.0000
   0.0380886724   0.1084606590  -1.8701194763
   0.0340013372   0.0968216324  -1.8760113604
      
      
#  type   0  conf  1.0000
   0.0340013372   0.0968216324  -1.8760113604
  -1.0924613413  -3.1108744279  -3.6604855996
      
      
#  type   0  conf  1.0000
  -1.0924613413  -3.1108744279  -3.6604855996
  -1.1016346830  -3.1369962805  -3.7139181610
      
      
#  type   0  conf  1.0000
  -1.1016346830  -3.1369962805  -3.7139181610
  -1.1010469382  -3.1353226285  -3.8814361262
      
      
#  type   0  conf  1.0000
  -1.1010469382  -3.1353226285  -3.8814361262
  -1.0865503590  -3.0940424148  -3.9335941684
      
      
#  type   0  conf  1.0000
  -1.0865503590  -3.0940424148  -3.9335941684
  -0.9330890355  -2.6570485470  -4.3385669387
      
      
#  type   0  conf  1.0000
  -0.9330890355  -2.6570485470  -4.3385669387
  -0.7146304649  -2.0349696182  -4.5863265230
      
      
#  44  norm     0.9408807690   -0.3387379202    0.0000000000
# nedges  13 
#  type   0  conf  1.0000
   0.7267417632   2.0186029024  -4.5904166244
   0.8792904384   2.4423231483  -4.3481501855
      
      
#  type   0  conf  1.0000
   0.8792904384   2.4423231483  -4.3481501855
   1.0594723427   2.9427976406  -3.8976413257
      
      
#  type   0  conf  1.0000
   1.0594723427   2.9427976406  -3.8976413257
   1.0570162346   2.9359755379  -3.7774780228
      
      
#  type   0  conf  1.0000
   1.0570162346   2.9359755379  -3.7774780228
   0.3814915699   1.0596335992  -2.0563370840
      
      
#  type   0  conf  1.0000
   0.3814915699   1.0596335992  -2.0563370840
   0.2153780792   0.5982356289  -1.6681842064
      
      
#  type   0  conf  1.0000
   0.2153780792   0.5982356289  -1.6681842064
   0.1947639510   0.5409776851  -1.6668961847
      
      
#  type   0  conf  1.0000
   0.1947639510   0.5409776851  -1.6668961847
   0.0396909247   0.1102457845  -1.8703102706
      
      
#  type   0  conf  1.0000
   0.0396909247   0.1102457845  -1.8703102706
   0.0263081267   0.0730736330  -1.8905699720
      
      
#  type   0  conf  1.0000
   0.0263081267   0.0730736330  -1.8905699720
  -1.1214635841  -3.1149849377  -3.6586422842
      
      
#  type   0  conf  1.0000
  -1.1214635841  -3.1149849377  -3.6586422842
  -1.1307832755  -3.1408713764  -3.7118042750
      
      
#  type   0  conf  1.0000
  -1.1307832755  -3.1408713764  -3.7118042750
  -1.1311586225  -3.1419139427  -3.8887855267
      
      
#  type   0  conf  1.0000
  -1.1311586225  -3.1419139427  -3.8887855267
  -0.9581905987  -2.6614767743  -4.3375704628
      
      
#  type   0  conf  1.0000
  -0.9581905987  -2.6614767743  -4.3375704628
  -0.7341563761  -2.0391977820  -4.5860565835
      
      
#  45  norm     0.9381913359   -0.3461170571    0.0000000000
# nedges  14 
#  type   0  conf  1.0000
   0.7449154113   2.0191815763  -4.5897667833
   0.9031027434   2.4479671025  -4.3462486468
      
      
#  type   0  conf  1.0000
   0.9031027434   2.4479671025  -4.3462486468
   1.0834221294   2.9367441856  -3.8988961192
      
      
#  type   0  conf  1.0000
   1.0834221294   2.9367441856  -3.8988961192
   1.0833795329   2.9366287229  -3.7836153790
      
      
#  type   0  conf  1.0000
   1.0833795329   2.9366287229  -3.7836153790
   0.3927441741   1.0645796671  -2.0573542311
      
      
#  type   3  conf  0.0000
#  type   0  conf  1.0000
   0.3883360802   1.0526310055  -2.0474384107
   0.2228680964   0.6041104096  -1.6694556931
      
      
#  type   4  conf  0.0000
#  type   0  conf  1.0000
   0.2009129297   0.5445983261  -1.6666585196
   0.0443750602   0.1202838640  -1.8670986697
      
      
#  type   0  conf  1.0000
   0.0443750602   0.1202838640  -1.8670986697
   0.0353498907   0.0958200717  -1.8793795425
      
      
#  type   0  conf  1.0000
   0.0353498907   0.0958200717  -1.8793795425
  -1.1542183735  -3.1286458025  -3.6627962554
      
      
#  type   0  conf  1.0000
  -1.1542183735  -3.1286458025  -3.6627962554
  -1.1606119491  -3.1459763474  -3.7270062519
      
      
#  type   0  conf  1.0000
  -1.1606119491  -3.1459763474  -3.7270062519
  -1.1606430221  -3.1460605745  -3.8881476890
      
      
#  type   0  conf  1.0000
  -1.1606430221  -3.1460605745  -3.8881476890
  -0.9800666310  -2.6565868485  -4.3409710900
      
      
#  type   0  conf  1.0000
  -0.9800666310  -2.6565868485  -4.3409710900
  -0.7536185808  -2.0427725494  -4.5856476405
      
      
#  46  norm     0.9354440308   -0.3534748438   -0.0000000000
# nedges  15 
#  type   0  conf  1.0000
   0.7621208351   2.0168942669  -4.5902085400
   0.9250574224   2.4480934334  -4.3475948011
      
      
#  type   0  conf  1.0000
   0.9250574224   2.4480934334  -4.3475948011
   1.1079161835   2.9320151032  -3.8998626928
      
      
#  type   0  conf  1.0000
   1.1079161835   2.9320151032  -3.8998626928
   1.1087852347   2.9343149802  -3.8282171250
      
      
#  type   0  conf  1.0000
   1.1087852347   2.9343149802  -3.8282171250
   1.1032645091   2.9197048039  -3.7742008900
      
      
#  type   0  conf  1.0000
   1.1032645091   2.9197048039  -3.7742008900
   0.4102563665   1.0857119705  -2.0733654948
      
      
#  type   0  conf  1.0000
   0.4102563665   1.0857119705  -2.0733654948
   0.3875001521   1.0254893965  -2.0215386349
      
      
#  type   0  conf  1.0000
   0.3875001521   1.0254893965  -2.0215386349
   0.2283976256   0.6044367775  -1.6668763185
      
      
#  type   0  conf  1.0000
   0.2283976256   0.6044367775  -1.6668763185
   0.2053788911   0.5435194643  -1.6688552611
      
      
#  type   0  conf  1.0000
   0.2053788911   0.5435194643  -1.6688552611
   0.0452092539   0.1196428189  -1.8687336324
      
      
#  type   0  conf  1.0000
   0.0452092539   0.1196428189  -1.8687336324
   0.0362358622   0.0958954268  -1.8808876626
      
      
#  type   0  conf  1.0000
   0.0362358622   0.0958954268  -1.8808876626
  -1.1832964591  -3.1315032139  -3.6604319140
      
      
#  type   0  conf  1.0000
  -1.1832964591  -3.1315032139  -3.6604319140
  -1.1905184554  -3.1506156727  -3.7141498790
      
      
#  type   0  conf  1.0000
  -1.1905184554  -3.1506156727  -3.7141498790
  -1.1900163970  -3.1492870136  -3.8865294929
      
      
#  type   0  conf  1.0000
  -1.1900163970  -3.1492870136  -3.8865294929
  -1.0063946893  -2.6633462645  -4.3375683313
      
      
#  type   0  conf  1.0000
  -1.0063946893  -2.6633462645  -4.3375683313
  -0.7730635289  -2.0458532659  -4.5860645066
      
      
#  47  norm     0.9326390231   -0.3608108265    0.0000000000
# nedges  13 
#  type   0  conf  1.0000
   0.7798211186   2.0157144767  -4.5898660183
   0.9483621571   2.4513664527  -4.3463919884
      
      
#  type   0  conf  1.0000
   0.9483621571   2.4513664527  -4.3463919884
   1.1342512767   2.9318604793  -3.8942725720
      
      
#  type   0  conf  1.0000
   1.1342512767   2.9318604793  -3.8942725720
   1.1322268058   2.9266275417  -3.7863165901
      
      
#  type   0  conf  1.0000
   1.1322268058   2.9266275417  -3.7863165901
   0.4153638685   1.0736500241  -2.0600235412
      
      
#  type   0  conf  1.0000
   0.4153638685   1.0736500241  -2.0600235412
   0.2353685120   0.6083904444  -1.6671641031
      
      
#  type   4  conf  0.0000
#  type   3  conf  0.0000
#  type   3  conf  0.0000
#  type   0  conf  1.0000
   0.0489429618   0.1265098293  -1.8653621823
  -1.2129217417  -3.1352112112  -3.6604278267
      
      
#  type   0  conf  1.0000
  -1.2129217417  -3.1352112112  -3.6604278267
  -1.2197488472  -3.1528582010  -3.7269379451
      
      
#  type   0  conf  1.0000
  -1.2197488472  -3.1528582010  -3.7269379451
  -1.2196343146  -3.1525621525  -3.8851365784
      
      
#  type   0  conf  1.0000
  -1.2196343146  -3.1525621525  -3.8851365784
  -1.0280883762  -2.6574461422  -4.3409992143
      
      
#  type   0  conf  1.0000
  -1.0280883762  -2.6574461422  -4.3409992143
  -0.7919622423  -2.0470973645  -4.5859031930
      
      
#  48  norm     0.9297764859   -0.3681245527   -0.0000000000
# nedges  14 
#  type   0  conf  1.0000
   0.7971366811   2.0133374336  -4.5898832040
   0.9709713538   2.4523936983  -4.3464659154
      
      
#  type   0  conf  1.0000
   0.9709713538   2.4523936983  -4.3464659154
   1.1583431631   2.9256408674  -3.8967702609
      
      
#  type   0  conf  1.0000
   1.1583431631   2.9256408674  -3.8967702609
   1.1583726423   2.9257153234  -3.7927016865
      
      
#  type   0  conf  1.0000
   1.1583726423   2.9257153234  -3.7927016865
   0.4470166880   1.1290352742  -2.1084722221
      
      
#  type   0  conf  1.0000
   0.4470166880   1.1290352742  -2.1084722221
   0.4178701936   1.0554196327  -2.0423094566
      
      
#  type   0  conf  1.0000
   0.4178701936   1.0554196327  -2.0423094566
   0.2422200229   0.6117779433  -1.6667633752
      
      
#  type   0  conf  1.0000
   0.2422200229   0.6117779433  -1.6667633752
   0.2180977265   0.5508519771  -1.6686846855
      
      
#  type   0  conf  1.0000
   0.2180977265   0.5508519771  -1.6686846855
   0.0471207015   0.1190133066  -1.8714161084
      
      
#  type   0  conf  1.0000
   0.0471207015   0.1190133066  -1.8714161084
   0.0420941355   0.1063176502  -1.8778785224
      
      
#  type   0  conf  1.0000
   0.0420941355   0.1063176502  -1.8778785224
  -1.2432405567  -3.1400672070  -3.6601411931
      
      
#  type   0  conf  1.0000
  -1.2432405567  -3.1400672070  -3.6601411931
  -1.2493013374  -3.1553749916  -3.7141661923
      
      
#  type   0  conf  1.0000
  -1.2493013374  -3.1553749916  -3.7141661923
  -1.2498536571  -3.1567699919  -3.8825496592
      
      
#  type   0  conf  1.0000
  -1.2498536571  -3.1567699919  -3.8825496592
  -1.0542858935  -2.6628222052  -4.3377490124
      
      
#  type   0  conf  1.0000
  -1.0542858935  -2.6628222052  -4.3377490124
  -0.8115418767  -2.0497208045  -4.5863778815
      
      
#  49  norm     0.9268565956   -0.3754155712   -0.0000000000
# nedges  14 
#  type   0  conf  1.0000
   0.8141558194   2.0100543209  -4.5900619767
   0.9930143034   2.4516347409  -4.3472475212
      
      
#  type   0  conf  1.0000
   0.9930143034   2.4516347409  -4.3472475212
   1.1821988318   2.9187089417  -3.8998960666
      
      
#  type   0  conf  1.0000
   1.1821988318   2.9187089417  -3.8998960666
   1.1837820306   2.9226176721  -3.7961786243
      
      
#  type   0  conf  1.0000
   1.1837820306   2.9226176721  -3.7961786243
   0.4412496666   1.0893931823  -2.0690820205
      
      
#  type   0  conf  1.0000
   0.4412496666   1.0893931823  -2.0690820205
   0.2499904255   0.6171967615  -1.6685083653
      
      
#  type   0  conf  1.0000
   0.2499904255   0.6171967615  -1.6685083653
   0.2250055572   0.5555120798  -1.6676651307
      
      
#  type   0  conf  1.0000
   0.2250055572   0.5555120798  -1.6676651307
   0.0537828854   0.1327835761  -1.8662110338
      
      
#  type   0  conf  1.0000
   0.0537828854   0.1327835761  -1.8662110338
   0.0442131260   0.1091569732  -1.8778605608
      
      
#  type   0  conf  1.0000
   0.0442131260   0.1091569732  -1.8778605608
  -1.2719180878  -3.1402151620  -3.6576540632
      
      
#  type   0  conf  1.0000
  -1.2719180878  -3.1402151620  -3.6576540632
  -1.2791551964  -3.1580827263  -3.6990283322
      
      
#  type   0  conf  1.0000
  -1.2791551964  -3.1580827263  -3.6990283322
  -1.2792440885  -3.1583021902  -3.8838484354
      
      
#  type   0  conf  1.0000
  -1.2792440885  -3.1583021902  -3.8838484354
  -1.0815684734  -2.6702645017  -4.3282986000
      
      
#  type   0  conf  1.0000
  -1.0815684734  -2.6702645017  -4.3282986000
  -1.0670809793  -2.6344965941  -4.3495010870
      
      
#  type   0  conf  1.0000
  -1.0670809793  -2.6344965941  -4.3495010870
  -0.8294647387  -2.0478502301  -4.5883146212
      
      
#  50  norm     0.9238795325   -0.3826834324    0.0000000000
# nedges  12 
#  type   0  conf  1.0000
   0.8319897837   2.0086010196  -4.5895088693
   1.0159366452   2.4526880274  -4.3468838673
      
      
#  type   0  conf  1.0000
   1.0159366452   2.4526880274  -4.3468838673
   1.2082781525   2.9170415030  -3.8970963551
      
      
#  type   0  conf  1.0000
   1.2082781525   2.9170415030  -3.8970963551
   1.2075143914   2.9151976204  -3.7958657755
      
      
#  type   0  conf  1.0000
   1.2075143914   2.9151976204  -3.7958657755
   0.4526236914   1.0927302545  -2.0697808429
      
      
#  type   0  conf  1.0000
   0.4526236914   1.0927302545  -2.0697808429
   0.2557562916   0.6174503078  -1.6661787512
      
      
#  type   0  conf  1.0000
   0.2557562916   0.6174503078  -1.6661787512
   0.2287239243   0.5521884000  -1.6706681136
      
      
#  type   0  conf  1.0000
   0.2287239243   0.5521884000  -1.6706681136
   0.0538585039   0.1300259306  -1.8685449697
      
      
#  type   0  conf  1.0000
   0.0538585039   0.1300259306  -1.8685449697
   0.0464439087   0.1121255143  -1.8773863401
      
      
#  type   0  conf  1.0000
   0.0464439087   0.1121255143  -1.8773863401
  -1.3087360362  -3.1595682881  -3.6668850834
      
      
#  type   0  conf  1.0000
  -1.3087360362  -3.1595682881  -3.6668850834
  -1.3090387885  -3.1602991968  -3.8827336213
      
      
#  type   0  conf  1.0000
  -1.3090387885  -3.1602991968  -3.8827336213
  -1.1016461155  -2.6596089929  -4.3382829164
      
      
#  type   0  conf  1.0000
  -1.1016461155  -2.6596089929  -4.3382829164
  -0.8506764647  -2.0537146584  -4.5863256301
      
      
#  51  norm     0.9208454801   -0.3899276878    0.0000000000
# nedges  13 
#  type   0  conf  1.0000
   0.8483972774   2.0035581537  -4.5906297189
   1.0388129812   2.4532400966  -4.3468023924
      
      
#  type   0  conf  1.0000
   1.0388129812   2.4532400966  -4.3468023924
   1.2330658424   2.9119837940  -3.8989782908
      
      
#  type   0  conf  1.0000
   1.2330658424   2.9119837940  -3.8989782908
   1.2320756562   2.9096453900  -3.7964718263
      
      
#  type   0  conf  1.0000
   1.2320756562   2.9096453900  -3.7964718263
   0.4637966574   1.0952929710  -2.0697409781
      
      
#  type   0  conf  1.0000
   0.4637966574   1.0952929710  -2.0697409781
   0.2630403576   0.6211908824  -1.6664805754
      
      
#  type   0  conf  1.0000
   0.2630403576   0.6211908824  -1.6664805754
   0.2371306755   0.5600030917  -1.6688851867
      
      
#  type   0  conf  1.0000
   0.2371306755   0.5600030917  -1.6688851867
   0.0557540842   0.1316677374  -1.8688530757
      
      
#  type   0  conf  1.0000
   0.0557540842   0.1316677374  -1.8688530757
   0.0457168078   0.1079639051  -1.8810787419
      
      
#  type   0  conf  1.0000
   0.0457168078   0.1079639051  -1.8810787419
  -1.3329281092  -3.1478165393  -3.6580137899
      
      
#  type   0  conf  1.0000
  -1.3329281092  -3.1478165393  -3.6580137899
  -1.3388934286  -3.1619041190  -3.6990219300
      
      
#  type   0  conf  1.0000
  -1.3388934286  -3.1619041190  -3.6990219300
  -1.3390798441  -3.1623443540  -3.8839065869
      
      
#  type   0  conf  1.0000
  -1.3390798441  -3.1623443540  -3.8839065869
  -1.1253771732  -2.6576683724  -4.3386652080
      
      
#  type   0  conf  1.0000
  -1.1253771732  -2.6576683724  -4.3386652080
  -0.8702255850  -2.0551074514  -4.5860157608
      
      
#  52  norm     0.9177546257   -0.3971478906    0.0000000000
# nedges  14 
#  type   0  conf  1.0000
   0.8671285110   2.0038157592  -4.5885641020
   1.0602240045   2.4500331169  -4.3488244961
      
      
#  type   0  conf  1.0000
   1.0602240045   2.4500331169  -4.3488244961
   1.2564601067   2.9035079931  -3.9053701825
      
      
#  type   0  conf  1.0000
   1.2564601067   2.9035079931  -3.9053701825
   1.2590942324   2.9095950984  -3.8028879584
      
      
#  type   0  conf  1.0000
   1.2590942324   2.9095950984  -3.8028879584
   0.5229086216   1.2083705279  -2.1753254393
      
      
#  type   0  conf  1.0000
   0.5229086216   1.2083705279  -2.1753254393
   0.4625361321   1.0688579363  -2.0452257105
      
      
#  type   0  conf  1.0000
   0.4625361321   1.0688579363  -2.0452257105
   0.2707495547   0.6256653052  -1.6675474423
      
      
#  type   0  conf  1.0000
   0.2707495547   0.6256653052  -1.6675474423
   0.2462171968   0.5689743710  -1.6667441294
      
      
#  type   0  conf  1.0000
   0.2462171968   0.5689743710  -1.6667441294
   0.0610548440   0.1410894198  -1.8652609730
      
      
#  type   0  conf  1.0000
   0.0610548440   0.1410894198  -1.8652609730
   0.0508845125   0.1175871705  -1.8770834184
      
      
#  type   0  conf  1.0000
   0.0508845125   0.1175871705  -1.8770834184
  -1.3645908717  -3.1533834479  -3.6592479332
      
      
#  type   0  conf  1.0000
  -1.3645908717  -3.1533834479  -3.6592479332
  -1.3691927135  -3.1640176768  -3.7012773742
      
      
#  type   0  conf  1.0000
  -1.3691927135  -3.1640176768  -3.7012773742
  -1.3695467160  -3.1648357284  -3.8842479961
      
      
#  type   0  conf  1.0000
  -1.3695467160  -3.1648357284  -3.8842479961
  -1.1491031968  -2.6554208120  -4.3391828595
      
      
#  type   0  conf  1.0000
  -1.1491031968  -2.6554208120  -4.3391828595
  -0.8896809044  -2.0559312656  -4.5862355535
      
      
#  53  norm     0.9146071598   -0.4043435955    0.0000000000
# nedges  14 
#  type   0  conf  1.0000
   0.8824088499   1.9959694204  -4.5910759884
   1.0838990711   2.4517313045  -4.3476082667
      
      
#  type   0  conf  1.0000
   1.0838990711   2.4517313045  -4.3476082667
   1.2826028251   2.9011903242  -3.9041449984
      
      
#  type   0  conf  1.0000
   1.2826028251   2.9011903242  -3.9041449984
   1.2821170575   2.9000915397  -3.7979463815
      
      
#  type   0  conf  1.0000
   1.2821170575   2.9000915397  -3.7979463815
   0.4874866355   1.1026730040  -2.0723519947
      
      
#  type   0  conf  1.0000
   0.4874866355   1.1026730040  -2.0723519947
   0.2770134043   0.6265919523  -1.6655907687
      
      
#  type   0  conf  1.0000
   0.2770134043   0.6265919523  -1.6655907687
   0.2482298121   0.5614847520  -1.6706969631
      
      
#  type   0  conf  1.0000
   0.2482298121   0.5614847520  -1.6706969631
   0.0578842569   0.1309316047  -1.8716693503
      
      
#  type   0  conf  1.0000
   0.0578842569   0.1309316047  -1.8716693503
   0.0528937707   0.1196433476  -1.8775206884
      
      
#  type   0  conf  1.0000
   0.0528937707   0.1196433476  -1.8775206884
  -1.3894481191  -3.1428696088  -3.6514771434
      
      
#  type   0  conf  1.0000
  -1.3894481191  -3.1428696088  -3.6514771434
  -1.3994474400  -3.1654876262  -3.6861314436
      
      
#  type   0  conf  1.0000
  -1.3994474400  -3.1654876262  -3.6861314436
  -1.3998625826  -3.1664266601  -3.8865744405
      
      
#  type   0  conf  1.0000
  -1.3998625826  -3.1664266601  -3.8865744405
  -1.1754470813  -2.6588088162  -4.3332132390
      
      
#  type   0  conf  1.0000
  -1.1754470813  -2.6588088162  -4.3332132390
  -1.1598112555  -2.6234412763  -4.3520630013
      
      
#  type   0  conf  1.0000
  -1.1598112555  -2.6234412763  -4.3520630013
  -0.9077886147  -2.0533773151  -4.5882550376
      
      
#  54  norm     0.9114032766   -0.4115143586    0.0000000000
# nedges  16 
#  type   0  conf  1.0000
   0.9010298990   1.9955600215  -4.5897673007
   1.0971971657   2.4300223576  -4.3582312153
      
      
#  type   0  conf  1.0000
   1.0971971657   2.4300223576  -4.3582312153
   1.1135431806   2.4662247678  -4.3325911955
      
      
#  type   0  conf  1.0000
   1.1135431806   2.4662247678  -4.3325911955
   1.2976012583   2.8738682231  -3.9283101459
      
      
#  type   0  conf  1.0000
   1.2976012583   2.8738682231  -3.9283101459
   1.3071049529   2.8949165736  -3.8799798625
      
      
#  type   0  conf  1.0000
   1.3071049529   2.8949165736  -3.8799798625
   1.3070647590   2.8948275540  -3.7975559766
      
      
#  type   0  conf  1.0000
   1.3070647590   2.8948275540  -3.7975559766
   0.5892351176   1.3050111269  -2.2654344083
      
      
#  type   0  conf  1.0000
   0.5892351176   1.3050111269  -2.2654344083
   0.4884510868   1.0817992414  -2.0526507762
      
      
#  type   0  conf  1.0000
   0.4884510868   1.0817992414  -2.0526507762
   0.2851098955   0.6314484235  -1.6670351697
      
      
#  type   0  conf  1.0000
   0.2851098955   0.6314484235  -1.6670351697
   0.2565978810   0.5683013112  -1.6691103374
      
      
#  type   0  conf  1.0000
   0.2565978810   0.5683013112  -1.6691103374
   0.0633397030   0.1402818922  -1.8682635972
      
      
#  type   0  conf  1.0000
   0.0633397030   0.1402818922  -1.8682635972
   0.0580447158   0.1285547954  -1.8739420377
      
      
#  type   0  conf  1.0000
   0.0580447158   0.1285547954  -1.8739420377
  -1.4253678005  -3.1568397471  -3.6577867204
      
      
#  type   0  conf  1.0000
  -1.4253678005  -3.1568397471  -3.6577867204
  -1.4303883269  -3.1679589805  -3.6996536531
      
      
#  type   0  conf  1.0000
  -1.4303883269  -3.1679589805  -3.6996536531
  -1.4301503101  -3.1674318317  -3.8875085470
      
      
#  type   0  conf  1.0000
  -1.4301503101  -3.1674318317  -3.8875085470
  -1.1952931885  -2.6472809654  -4.3417413112
      
      
#  type   0  conf  1.0000
  -1.1952931885  -2.6472809654  -4.3417413112
  -0.9288854320  -2.0572531885  -4.5863610408
      
      
#  55  norm     0.9081431738   -0.4186597375    0.0000000000
# nedges  15 
#  type   0  conf  1.0000
   0.9196166129   1.9948026397  -4.5876224454
   1.1202315842   2.4299701525  -4.3579318294
      
      
#  type   0  conf  1.0000
   1.1202315842   2.4299701525  -4.3579318294
   1.1355875877   2.4632798991  -4.3324019548
      
      
#  type   0  conf  1.0000
   1.1355875877   2.4632798991  -4.3324019548
   1.3162746993   2.8552205427  -3.9448091355
      
      
#  type   0  conf  1.0000
   1.3162746993   2.8552205427  -3.9448091355
   1.3310499235   2.8872704817  -3.8952692326
      
      
#  type   0  conf  1.0000
   1.3310499235   2.8872704817  -3.8952692326
   1.3318615908   2.8890311241  -3.7959923402
      
      
#  type   0  conf  1.0000
   1.3318615908   2.8890311241  -3.7959923402
   0.5084955848   1.1030121907  -2.0699383791
      
      
#  type   0  conf  1.0000
   0.5084955848   1.1030121907  -2.0699383791
   0.2924507612   0.6343747406  -1.6673305709
      
      
#  type   0  conf  1.0000
   0.2924507612   0.6343747406  -1.6673305709
   0.2641575370   0.5730019932  -1.6682072120
      
      
#  type   0  conf  1.0000
   0.2641575370   0.5730019932  -1.6682072120
   0.0643882429   0.1396688958  -1.8695217899
      
      
#  type   3  conf  0.0000
#  type   0  conf  1.0000
   0.0589340923   0.1278379285  -1.8749546239
  -1.4562737034  -3.1589018584  -3.6596978011
      
      
#  type   0  conf  1.0000
  -1.4562737034  -3.1589018584  -3.6596978011
  -1.4603623608  -3.1677708419  -3.7270903860
      
      
#  type   0  conf  1.0000
  -1.4603623608  -3.1677708419  -3.7270903860
  -1.4604117732  -3.1678780258  -3.8875714163
      
      
#  type   0  conf  1.0000
  -1.4604117732  -3.1678780258  -3.8875714163
  -1.2187492009  -2.6436713831  -4.3420038231
      
      
#  type   0  conf  1.0000
  -1.2187492009  -2.6436713831  -4.3420038231
  -0.9485321026  -2.0575251855  -4.5858541941
      
      
#  56  norm     0.9048270525   -0.4257792916    0.0000000000
# nedges  13 
#  type   0  conf  1.0000
   0.9347366473   1.9864164889  -4.5898517201
   1.1496347651   2.4430982355  -4.3503231547
      
      
#  type   0  conf  1.0000
   1.1496347651   2.4430982355  -4.3503231547
   1.3473706305   2.8633083391  -3.9347264140
      
      
#  type   0  conf  1.0000
   1.3473706305   2.8633083391  -3.9347264140
   1.3563888534   2.8824730384  -3.8887473048
      
      
#  type   0  conf  1.0000
   1.3563888534   2.8824730384  -3.8887473048
   1.3555811417   2.8807565636  -3.7912303200
      
      
#  type   0  conf  1.0000
   1.3555811417   2.8807565636  -3.7912303200
   0.5180220220   1.1008528328  -2.0668289197
      
      
#  type   0  conf  1.0000
   0.5180220220   1.1008528328  -2.0668289197
   0.3001879215   0.6379318055  -1.6675740991
      
      
#  type   0  conf  1.0000
   0.3001879215   0.6379318055  -1.6675740991
   0.2706114973   0.5750787047  -1.6684030021
      
      
#  type   0  conf  1.0000
   0.2706114973   0.5750787047  -1.6684030021
   0.0655615637   0.1393254148  -1.8708613633
      
      
#  type   0  conf  1.0000
   0.0655615637   0.1393254148  -1.8708613633
   0.0601365830   0.1277967441  -1.8767941159
      
      
#  type   0  conf  1.0000
   0.0601365830   0.1277967441  -1.8767941159
  -1.4903181133  -3.1670872031  -3.6625611969
      
      
#  type   0  conf  1.0000
  -1.4903181133  -3.1670872031  -3.6625611969
  -1.4908686525  -3.1682571585  -3.8875937123
      
      
#  type   0  conf  1.0000
  -1.4908686525  -3.1682571585  -3.8875937123
  -1.2429077880  -2.6413134988  -4.3416129500
      
      
#  type   0  conf  1.0000
  -1.2429077880  -2.6413134988  -4.3416129500
  -0.9680817500  -2.0572784392  -4.5858910481
      
      
#  57  norm     0.9014551171   -0.4328725815    0.0000000000
# nedges  13 
#  type   0  conf  1.0000
   0.9513490846   1.9811799987  -4.5901140561
   1.1724141220   2.4415469003  -4.3496154534
      
      
#  type   0  conf  1.0000
   1.1724141220   2.4415469003  -4.3496154534
   1.3776695859   2.8689904394  -3.9249862069
      
      
#  type   0  conf  1.0000
   1.3776695859   2.8689904394  -3.9249862069
   1.3812846067   2.8765187033  -3.8543313174
      
      
#  type   0  conf  1.0000
   1.3812846067   2.8765187033  -3.8543313174
   1.3766237546   2.8668125008  -3.7831121159
      
      
#  type   0  conf  1.0000
   1.3766237546   2.8668125008  -3.7831121159
   0.5641077240   1.1747516847  -2.1374331802
      
      
#  type   0  conf  1.0000
   0.5641077240   1.1747516847  -2.1374331802
   0.5168837514   1.0764079836  -2.0447158007
      
      
#  type   0  conf  1.0000
   0.5168837514   1.0764079836  -2.0447158007
   0.3065833898   0.6384584687  -1.6662488902
      
      
#  type   0  conf  1.0000
   0.3065833898   0.6384584687  -1.6662488902
   0.2753541633   0.5734237513  -1.6700682798
      
      
#  type   0  conf  1.0000
   0.2753541633   0.5734237513  -1.6700682798
   0.0654025721   0.1362005491  -1.8733838117
      
      
#  type   0  conf  1.0000
   0.0654025721   0.1362005491  -1.8733838117
  -1.5204667519  -3.1663648668  -3.6620316211
      
      
#  type   0  conf  1.0000
  -1.5204667519  -3.1663648668  -3.6620316211
  -1.5206880106  -3.1668256369  -3.8888659068
      
      
#  type   0  conf  1.0000
  -1.5206880106  -3.1668256369  -3.8888659068
  -1.2672421052  -2.6390257299  -4.3408077701
      
      
#  type   0  conf  1.0000
  -1.2672421052  -2.6390257299  -4.3408077701
  -0.9875392631  -2.0565458753  -4.5861898313
      
      
#  58  norm     0.8980275758   -0.4399391699    0.0000000000
# nedges  13 
#  type   0  conf  1.0000
   0.9680113577   1.9759570242  -4.5901481063
   1.1941906916   2.4376464868  -4.3505697352
      
      
#  type   0  conf  1.0000
   1.1941906916   2.4376464868  -4.3505697352
   1.3960942102   2.8497828450  -3.9406181242
      
      
#  type   0  conf  1.0000
   1.3960942102   2.8497828450  -3.9406181242
   1.4053472428   2.8686706345  -3.8903489601
      
      
#  type   0  conf  1.0000
   1.4053472428   2.8686706345  -3.8903489601
   1.4046632147   2.8672743594  -3.7860282156
      
      
#  type   0  conf  1.0000
   1.4046632147   2.8672743594  -3.7860282156
   0.6415588116   1.3095844692  -2.2687706461
      
      
#  type   0  conf  1.0000
   0.6415588116   1.3095844692  -2.2687706461
   0.5335570366   1.0891254177  -2.0549482645
      
      
#  type   0  conf  1.0000
   0.5335570366   1.0891254177  -2.0549482645
   0.3158854701   0.6448024690  -1.6694772513
      
      
#  type   4  conf  0.0000
#  type   0  conf  1.0000
   0.2851845354   0.5821340643  -1.6674785242
   0.0711799248   0.1452963038  -1.8696794146
      
      
#  type   0  conf  1.0000
   0.0711799248   0.1452963038  -1.8696794146
  -1.5507664496  -3.1655081673  -3.6617229665
      
      
#  type   0  conf  1.0000
  -1.5507664496  -3.1655081673  -3.6617229665
  -1.5511719465  -3.1663358895  -3.8891949088
      
      
#  type   0  conf  1.0000
  -1.5511719465  -3.1663358895  -3.8891949088
  -1.2896452149  -2.6324934111  -4.3421618951
      
      
#  type   0  conf  1.0000
  -1.2896452149  -2.6324934111  -4.3421618951
  -1.0068828944  -2.0553037025  -4.5860048890
      
      
#  59  norm     0.8945446398   -0.4469786207    0.0000000000
# nedges  12 
#  type   0  conf  1.0000
   0.9875421881   1.9763821582  -4.5873917843
   1.2157786231   2.4331549659  -4.3516519089
      
      
#  type   0  conf  1.0000
   1.2157786231   2.4331549659  -4.3516519089
   1.4226768883   2.8472233923  -3.9399410693
      
      
#  type   0  conf  1.0000
   1.4226768883   2.8472233923  -3.9399410693
   1.4298204980   2.8615199996  -3.8884276171
      
      
#  type   0  conf  1.0000
   1.4298204980   2.8615199996  -3.8884276171
   1.4280865085   2.8580497418  -3.7806080913
      
      
#  type   0  conf  1.0000
   1.4280865085   2.8580497418  -3.7806080913
   0.5462371405   1.0931921203  -2.0572360822
      
      
#  type   0  conf  1.0000
   0.5462371405   1.0931921203  -2.0572360822
   0.3219798114   0.6443827537  -1.6672640474
      
      
#  type   0  conf  1.0000
   0.3219798114   0.6443827537  -1.6672640474
   0.2902362677   0.5808539504  -1.6689448708
      
      
#  type   0  conf  1.0000
   0.2902362677   0.5808539504  -1.6689448708
   0.0701820984   0.1404564268  -1.8734491363
      
      
#  type   0  conf  1.0000
   0.0701820984   0.1404564268  -1.8734491363
  -1.5813436512  -3.1647654305  -3.6614809232
      
      
#  type   0  conf  1.0000
  -1.5813436512  -3.1647654305  -3.6614809232
  -1.5816626227  -3.1654037927  -3.8898253554
      
      
#  type   0  conf  1.0000
  -1.5816626227  -3.1654037927  -3.8898253554
  -1.3148872543  -2.6315024722  -4.3404491247
      
      
#  type   0  conf  1.0000
  -1.3148872543  -2.6315024722  -4.3404491247
  -1.0262948319  -2.0539383728  -4.5865621773
      
      
#  60  norm     0.8910065242   -0.4539904997    0.0000000000
# nedges  13 
#  type   0  conf  1.0000
   1.0012895184   1.9651413279  -4.5904851553
   1.2384182434   2.4305326546  -4.3515365891
      
      
#  type   0  conf  1.0000
   1.2384182434   2.4305326546  -4.3515365891
   1.4434908858   2.8330103770  -3.9500744815
      
      
#  type   0  conf  1.0000
   1.4434908858   2.8330103770  -3.9500744815
   1.4542767858   2.8541788977  -3.8977145193
      
      
#  type   0  conf  1.0000
   1.4542767858   2.8541788977  -3.8977145193
   1.4518776909   2.8494704089  -3.7762213125
      
      
#  type   0  conf  1.0000
   1.4518776909   2.8494704089  -3.7762213125
   0.5566771929   1.0925405069  -2.0559608009
      
      
#  type   0  conf  1.0000
   0.5566771929   1.0925405069  -2.0559608009
   0.3289955852   0.6456901918  -1.6665854787
      
      
#  type   0  conf  1.0000
   0.3289955852   0.6456901918  -1.6665854787
   0.2969774587   0.5828510803  -1.6691443748
      
      
#  type   0  conf  1.0000
   0.2969774587   0.5828510803  -1.6691443748
   0.0730528754   0.1433743408  -1.8729522109
      
      
#  type   0  conf  1.0000
   0.0730528754   0.1433743408  -1.8729522109
  -1.6122416371  -3.1642023744  -3.6613598274
      
      
#  type   0  conf  1.0000
  -1.6122416371  -3.1642023744  -3.6613598274
  -1.6124999350  -3.1647093125  -3.8898189766
      
      
#  type   0  conf  1.0000
  -1.6124999350  -3.1647093125  -3.8898189766
  -1.4769220250  -2.8986226820  -4.1127994410
      
      
#  type   0  conf  1.0000
  -1.4769220250  -2.8986226820  -4.1127994410
  -1.3374736127  -2.6249397632  -4.3407339876
      
      
#  type   0  conf  1.0000
  -1.3374736127  -2.6249397632  -4.3407339876
  -1.0439514640  -2.0488701104  -4.5891012604
      
      
#  61  norm     0.8874134471   -0.4609743745    0.0000000000
# nedges  16 
#  type   0  conf  1.0000
   1.0178621692   1.9594680878  -4.5905978085
   1.2505611802   2.4074327533  -4.3619839374
      
      
#  type   0  conf  1.0000
   1.2505611802   2.4074327533  -4.3619839374
   1.2641186498   2.4335319932  -4.3454450525
      
      
#  type   0  conf  1.0000
   1.2641186498   2.4335319932  -4.3454450525
   1.4648754857   2.8200053540  -3.9568425489
      
      
#  type   0  conf  1.0000
   1.4648754857   2.8200053540  -3.9568425489
   1.4776362128   2.8445707995  -3.9081730863
      
      
#  type   0  conf  1.0000
   1.4776362128   2.8445707995  -3.9081730863
   1.4776643574   2.8446249801  -3.7976291740
      
      
#  type   0  conf  1.0000
   1.4776643574   2.8446249801  -3.7976291740
   1.4640109989   2.8183411462  -3.7505222626
      
      
#  type   0  conf  1.0000
   1.4640109989   2.8183411462  -3.7505222626
   0.5766998111   1.1101943959  -2.0724409844
      
      
#  type   0  conf  1.0000
   0.5766998111   1.1101943959  -2.0724409844
   0.5592221433   1.0765484532  -2.0414371220
      
      
#  type   0  conf  1.0000
   0.5592221433   1.0765484532  -2.0414371220
   0.3376525622   0.6500088522  -1.6680962618
      
      
#  type   0  conf  1.0000
   0.3376525622   0.6500088522  -1.6680962618
   0.3066272112   0.5902825091  -1.6670722441
      
      
#  type   0  conf  1.0000
   0.3066272112   0.5902825091  -1.6670722441
   0.0769859848   0.1482043295  -1.8715072641
      
      
#  type   0  conf  1.0000
   0.0769859848   0.1482043295  -1.8715072641
  -1.6431402892  -3.1631797093  -3.6614804071
      
      
#  type   0  conf  1.0000
  -1.6431402892  -3.1631797093  -3.6614804071
  -1.6432610650  -3.1634122126  -3.8883592326
      
      
#  type   0  conf  1.0000
  -1.6432610650  -3.1634122126  -3.8883592326
  -1.3742065721  -2.6454602652  -4.3218521899
      
      
#  type   0  conf  1.0000
  -1.3742065721  -2.6454602652  -4.3218521899
  -1.3533234672  -2.6052585769  -4.3478530548
      
      
#  type   0  conf  1.0000
  -1.3533234672  -2.6052585769  -4.3478530548
  -1.0654513384  -2.0510811383  -4.5868366670
      
      
#  62  norm     0.8837656301   -0.4679298143    0.0000000000
# nedges  13 
#  type   0  conf  1.0000
   1.0398560262   1.9639462762  -4.5852609411
   1.2826545390   2.4225128689  -4.3525240589
      
      
#  type   0  conf  1.0000
   1.2826545390   2.4225128689  -4.3525240589
   1.4955716522   2.8246433188  -3.9487055985
      
      
#  type   0  conf  1.0000
   1.4955716522   2.8246433188  -3.9487055985
   1.5024104920   2.8375596396  -3.8998143166
      
      
#  type   0  conf  1.0000
   1.5024104920   2.8375596396  -3.8998143166
   1.5017400587   2.8362934114  -3.7735513076
      
      
#  type   0  conf  1.0000
   1.5017400587   2.8362934114  -3.7735513076
   0.5870673879   1.1087773512  -2.0703986653
      
      
#  type   0  conf  1.0000
   0.5870673879   1.1087773512  -2.0703986653
   0.5725767137   1.0814092301  -2.0449302494
      
      
#  type   0  conf  1.0000
   0.5725767137   1.0814092301  -2.0449302494
   0.3450561174   0.6516976002  -1.6678201363
      
      
#  type   0  conf  1.0000
   0.3450561174   0.6516976002  -1.6678201363
   0.3151173897   0.5951531832  -1.6662128491
      
      
#  type   0  conf  1.0000
   0.3151173897   0.5951531832  -1.6662128491
   0.0812076020   0.1533744706  -1.8699165053
      
      
#  type   0  conf  1.0000
   0.0812076020   0.1533744706  -1.8699165053
  -1.6739785738  -3.1615953589  -3.6611870158
      
      
#  type   0  conf  1.0000
  -1.6739785738  -3.1615953589  -3.6611870158
  -1.6740607794  -3.1617506182  -3.8906443451
      
      
#  type   0  conf  1.0000
  -1.6740607794  -3.1617506182  -3.8906443451
  -1.3839187237  -2.6137676326  -4.3423470677
      
      
#  type   0  conf  1.0000
  -1.3839187237  -2.6137676326  -4.3423470677
  -1.0849931715  -2.0491955088  -4.5866419726
      
      
#  63  norm     0.8800632983   -0.4748563899   -0.0000000000
# nedges  12 
#  type   0  conf  1.0000
   1.0512279170   1.9482671554  -4.5899655816
   1.3050194600   2.4186254092  -4.3523833915
      
      
#  type   0  conf  1.0000
   1.3050194600   2.4186254092  -4.3523833915
   1.5206873347   2.8183281093  -3.9479234091
      
      
#  type   0  conf  1.0000
   1.5206873347   2.8183281093  -3.9479234091
   1.5272661986   2.8305208833  -3.8936715330
      
      
#  type   0  conf  1.0000
   1.5272661986   2.8305208833  -3.8936715330
   1.5235587057   2.8236496934  -3.7664632374
      
      
#  type   0  conf  1.0000
   1.5235587057   2.8236496934  -3.7664632374
   0.5893271898   1.0922149127  -2.0545653609
      
      
#  type   0  conf  1.0000
   0.5893271898   1.0922149127  -2.0545653609
   0.3527586857   0.6537765503  -1.6682381642
      
      
#  type   0  conf  1.0000
   0.3527586857   0.6537765503  -1.6682381642
   0.3196151193   0.5923507446  -1.6677088532
      
      
#  type   0  conf  1.0000
   0.3196151193   0.5923507446  -1.6677088532
   0.0815547352   0.1511474432  -1.8720907779
      
      
#  type   0  conf  1.0000
   0.0815547352   0.1511474432  -1.8720907779
  -1.7039625324  -3.1579966457  -3.6610348936
      
      
#  type   0  conf  1.0000
  -1.7039625324  -3.1579966457  -3.6610348936
  -1.7043100603  -3.1586407280  -3.8901113814
      
      
#  type   0  conf  1.0000
  -1.7043100603  -3.1586407280  -3.8901113814
  -1.4097410396  -2.6127085483  -4.3394813100
      
      
#  type   0  conf  1.0000
  -1.4097410396  -2.6127085483  -4.3394813100
  -1.1045025762  -2.0470024220  -4.5867477675
      
      
#  64  norm     0.8763066800   -0.4817536741    0.0000000000
# nedges  12 
#  type   0  conf  1.0000
   1.0705965866   1.9474079616  -4.5876320025
   1.3276746385   2.4150312019  -4.3512100518
      
      
#  type   0  conf  1.0000
   1.3276746385   2.4150312019  -4.3512100518
   1.5429378190   2.8065934738  -3.9545429821
      
      
#  type   0  conf  1.0000
   1.5429378190   2.8065934738  -3.9545429821
   1.5514508539   2.8220786268  -3.9089241111
      
      
#  type   0  conf  1.0000
   1.5514508539   2.8220786268  -3.9089241111
   1.5482461060   2.8162492119  -3.7649486746
      
      
#  type   0  conf  1.0000
   1.5482461060   2.8162492119  -3.7649486746
   0.5986629938   1.0889639431  -2.0513007970
      
      
#  type   0  conf  1.0000
   0.5986629938   1.0889639431  -2.0513007970
   0.3596429750   0.6541881429  -1.6670658021
      
      
#  type   4  conf  0.0000
#  type   0  conf  1.0000
   0.3254970188   0.5920768793  -1.6686931891
   0.0855420705   0.1556004486  -1.8707070957
      
      
#  type   0  conf  1.0000
   0.0855420705   0.1556004486  -1.8707070957
  -1.7347024972  -3.1554121285  -3.6612370641
      
      
#  type   0  conf  1.0000
  -1.7347024972  -3.1554121285  -3.6612370641
  -1.7346084615  -3.1552410781  -3.8908790856
      
      
#  type   0  conf  1.0000
  -1.7346084615  -3.1552410781  -3.8908790856
  -1.4298443221  -2.6008771665  -4.3431518066
      
      
#  type   0  conf  1.0000
  -1.4298443221  -2.6008771665  -4.3431518066
  -1.1239226516  -2.0444077137  -4.5856142904
      
      
#  65  norm     0.8724960071   -0.4886212415    0.0000000000
# nedges  15 
#  type   0  conf  1.0000
   1.0838469533   1.9353479930  -4.5902911735
   1.3491218578   2.4090304187  -4.3521791171
      
      
#  type   0  conf  1.0000
   1.3491218578   2.4090304187  -4.3521791171
   1.5701441381   2.8036940981  -3.9503910629
      
      
#  type   0  conf  1.0000
   1.5701441381   2.8036940981  -3.9503910629
   1.5746663424   2.8117690749  -3.9021612129
      
      
#  type   0  conf  1.0000
   1.5746663424   2.8117690749  -3.9021612129
   1.5738090720   2.8102383085  -3.7895311453
      
      
#  type   0  conf  1.0000
   1.5738090720   2.8102383085  -3.7895311453
   1.5644423086   2.7935127491  -3.7496816874
      
      
#  type   0  conf  1.0000
   1.5644423086   2.7935127491  -3.7496816874
   0.6210227404   1.1089158949  -2.0711823532
      
      
#  type   0  conf  1.0000
   0.6210227404   1.1089158949  -2.0711823532
   0.6053870945   1.0809964402  -2.0446449756
      
      
#  type   0  conf  1.0000
   0.6053870945   1.0809964402  -2.0446449756
   0.3693076273   0.6594462190  -1.6698898147
      
      
#  type   0  conf  1.0000
   0.3693076273   0.6594462190  -1.6698898147
   0.3349473295   0.5980914924  -1.6666148752
      
      
#  type   0  conf  1.0000
   0.3349473295   0.5980914924  -1.6666148752
   0.0878702738   0.1569036638  -1.8710427371
      
      
#  type   0  conf  1.0000
   0.0878702738   0.1569036638  -1.8710427371
   0.0815997310   0.1457068041  -1.8768606675
      
      
#  type   0  conf  1.0000
   0.0815997310   0.1457068041  -1.8768606675
  -1.7650298017  -3.1516874903  -3.6616514742
      
      
#  type   0  conf  1.0000
  -1.7650298017  -3.1516874903  -3.6616514742
  -1.7648112127  -3.1512971716  -3.8904580852
      
      
#  type   0  conf  1.0000
  -1.7648112127  -3.1512971716  -3.8904580852
  -1.4552513522  -2.5985382670  -4.3406644434
      
      
#  type   0  conf  1.0000
  -1.4552513522  -2.5985382670  -4.3406644434
  -1.1432047551  -2.0413389745  -4.5864921720
      
      
#  66  norm     0.8686315144   -0.4954586684    0.0000000000
# nedges  14 
#  type   0  conf  1.0000
   1.0998040692   1.9281617925  -4.5903022587
   1.3688106305   2.3997804997  -4.3549739222
      
      
#  type   0  conf  1.0000
   1.3688106305   2.3997804997  -4.3549739222
   1.5928610142   2.7925826374  -3.9551471657
      
      
#  type   0  conf  1.0000
   1.5928610142   2.7925826374  -3.9551471657
   1.5984873568   2.8024466661  -3.9146176466
      
      
#  type   0  conf  1.0000
   1.5984873568   2.8024466661  -3.9146176466
   1.5973960637   2.8005334256  -3.7637997468
      
      
#  type   0  conf  1.0000
   1.5973960637   2.8005334256  -3.7637997468
   0.6327401237   1.1093115266  -2.0721767834
      
      
#  type   0  conf  1.0000
   0.6327401237   1.1093115266  -2.0721767834
   0.6163740879   1.0806188116  -2.0446929743
      
      
#  type   0  conf  1.0000
   0.6163740879   1.0806188116  -2.0446929743
   0.3751698449   0.6577427569  -1.6675701372
      
      
#  type   0  conf  1.0000
   0.3751698449   0.6577427569  -1.6675701372
   0.3400330925   0.5961414723  -1.6681678855
      
      
#  type   0  conf  1.0000
   0.3400330925   0.5961414723  -1.6681678855
   0.0890264493   0.1560799809  -1.8723551489
      
      
#  type   0  conf  1.0000
   0.0890264493   0.1560799809  -1.8723551489
   0.0830011040   0.1455164260  -1.8778276315
      
      
#  type   0  conf  1.0000
   0.0830011040   0.1455164260  -1.8778276315
  -1.7954405423  -3.1477423582  -3.6618600016
      
      
#  type   0  conf  1.0000
  -1.7954405423  -3.1477423582  -3.6618600016
  -1.7951676717  -3.1472639650  -3.8893460989
      
      
#  type   0  conf  1.0000
  -1.7951676717  -3.1472639650  -3.8893460989
  -1.4790227894  -2.5930029836  -4.3399013197
      
      
#  type   0  conf  1.0000
  -1.4790227894  -2.5930029836  -4.3399013197
  -1.1623126528  -2.0377510057  -4.5865786701
      
      
#  67  norm     0.8647134405   -0.5022655331    0.0000000000
# nedges  14 
#  type   0  conf  1.0000
   1.1159285721   1.9212117321  -4.5908578507
   1.3821388516   2.3795262920  -4.3623703480
      
      
#  type   0  conf  1.0000
   1.3821388516   2.3795262920  -4.3623703480
   1.4015878542   2.4130102020  -4.3364790336
      
      
#  type   0  conf  1.0000
   1.4015878542   2.4130102020  -4.3364790336
   1.6225199345   2.7933726331  -3.9457005357
      
      
#  type   0  conf  1.0000
   1.6225199345   2.7933726331  -3.9457005357
   1.6221852455   2.7927964238  -3.7646526088
      
      
#  type   0  conf  1.0000
   1.6221852455   2.7927964238  -3.7646526088
   0.6435630839   1.1079749888  -2.0704257069
      
      
#  type   0  conf  1.0000
   0.6435630839   1.1079749888  -2.0704257069
   0.6023427794   1.0370090376  -2.0057133916
      
      
#  type   0  conf  1.0000
   0.6023427794   1.0370090376  -2.0057133916
   0.3820452871   0.6577391297  -1.6665605791
      
      
#  type   0  conf  1.0000
   0.3820452871   0.6577391297  -1.6665605791
   0.3461842996   0.5959999184  -1.6689221420
      
      
#  type   0  conf  1.0000
   0.3461842996   0.5959999184  -1.6689221420
   0.0967306078   0.1665339370  -1.8682878871
      
      
#  type   0  conf  1.0000
   0.0967306078   0.1665339370  -1.8682878871
   0.0773559145   0.1331779598  -1.8854449435
      
      
#  type   0  conf  1.0000
   0.0773559145   0.1331779598  -1.8854449435
  -1.8261318092  -3.1439161467  -3.6623761336
      
      
#  type   0  conf  1.0000
  -1.8261318092  -3.1439161467  -3.6623761336
  -1.8259295417  -3.1435679177  -3.8892938827
      
      
#  type   0  conf  1.0000
  -1.8259295417  -3.1435679177  -3.8892938827
  -1.5017606247  -2.5854702562  -4.3401675355
      
      
#  type   0  conf  1.0000
  -1.5017606247  -2.5854702562  -4.3401675355
  -1.1813803943  -2.0338952963  -4.5867975411
      
      
#  68  norm     0.8607420270   -0.5090414158    0.0000000000
# nedges  13 
#  type   0  conf  1.0000
   1.1320864959   1.9142537229  -4.5906672645
   1.4126463034   2.3886544493  -4.3551868367
      
      
#  type   0  conf  1.0000
   1.4126463034   2.3886544493  -4.3551868367
   1.6463058569   2.7837511771  -3.9484301220
      
      
#  type   0  conf  1.0000
   1.6463058569   2.7837511771  -3.9484301220
   1.6456458393   2.7826351483  -3.7608132490
      
      
#  type   0  conf  1.0000
   1.6456458393   2.7826351483  -3.7608132490
   0.6543775649   1.1064920342  -2.0702363606
      
      
#  type   0  conf  1.0000
   0.6543775649   1.1064920342  -2.0702363606
   0.6304172207   1.0659773048  -2.0324381988
      
      
#  type   0  conf  1.0000
   0.6304172207   1.0659773048  -2.0324381988
   0.3920101715   0.6628530002  -1.6690222071
      
      
#  type   4  conf  0.0000
#  type   0  conf  1.0000
   0.3552778496   0.6007420358  -1.6673737072
   0.0979749508   0.1656665943  -1.8695767091
      
      
#  type   0  conf  1.0000
   0.0979749508   0.1656665943  -1.8695767091
   0.0915357473   0.1547784959  -1.8749683766
      
      
#  type   0  conf  1.0000
   0.0915357473   0.1547784959  -1.8749683766
  -1.8564461276  -3.1390789698  -3.6615200697
      
      
#  type   0  conf  1.0000
  -1.8564461276  -3.1390789698  -3.6615200697
  -1.8566086248  -3.1393537374  -3.8889766917
      
      
#  type   0  conf  1.0000
  -1.8566086248  -3.1393537374  -3.8889766917
  -1.5247731137  -2.5782505313  -4.3401975099
      
      
#  type   0  conf  1.0000
  -1.5247731137  -2.5782505313  -4.3401975099
  -1.2008373507  -2.0305050696  -4.5866718849
      
      
#  69  norm     0.8567175189   -0.5157858983   -0.0000000000
# nedges  12 
#  type   0  conf  1.0000
   1.1483787486   1.9074507377  -4.5909513463
   1.4342166257   2.3822258678  -4.3556066789
      
      
#  type   0  conf  1.0000
   1.4342166257   2.3822258678  -4.3556066789
   1.6712301646   2.7759040424  -3.9487245181
      
      
#  type   0  conf  1.0000
   1.6712301646   2.7759040424  -3.9487245181
   1.6678121364   2.7702267166  -3.7555936303
      
      
#  type   0  conf  1.0000
   1.6678121364   2.7702267166  -3.7555936303
   0.6554622406   1.0887191494  -2.0532344380
      
      
#  type   0  conf  1.0000
   0.6554622406   1.0887191494  -2.0532344380
   0.3974446307   0.6601533292  -1.6658007493
      
      
#  type   0  conf  1.0000
   0.3974446307   0.6601533292  -1.6658007493
   0.3578635805   0.5944094242  -1.6705976074
      
      
#  type   0  conf  1.0000
   0.3578635805   0.5944094242  -1.6705976074
   0.0992234574   0.1648096129  -1.8709992971
      
      
#  type   0  conf  1.0000
   0.0992234574   0.1648096129  -1.8709992971
   0.0927080644   0.1539875812  -1.8764595162
      
      
#  type   0  conf  1.0000
   0.0927080644   0.1539875812  -1.8764595162
  -1.8868832557  -3.1341026318  -3.6614227074
      
      
#  type   0  conf  1.0000
  -1.8868832557  -3.1341026318  -3.6614227074
  -1.8871210140  -3.1344975468  -3.8885762213
      
      
#  type   0  conf  1.0000
  -1.8871210140  -3.1344975468  -3.8885762213
  -1.5479977717  -2.5712157207  -4.3398898658
      
      
#  type   0  conf  1.0000
  -1.5479977717  -2.5712157207  -4.3398898658
  -1.2204814129  -2.0272128637  -4.5864712158
      
      
#  70  norm     0.8526401644   -0.5224985647   -0.0000000000
# nedges  13 
#  type   0  conf  1.0000
   1.1649488663   1.9010237729  -4.5907648480
   1.4569649668   2.3775507392  -4.3544910513
      
      
#  type   0  conf  1.0000
   1.4569649668   2.3775507392  -4.3544910513
   1.6952430823   2.7663852839  -3.9495130537
      
      
#  type   0  conf  1.0000
   1.6952430823   2.7663852839  -3.9495130537
   1.6926938104   2.7622252504  -3.7559346707
      
      
#  type   0  conf  1.0000
   1.6926938104   2.7622252504  -3.7559346707
   0.6684893583   1.0908754872  -2.0563447761
      
      
#  type   0  conf  1.0000
   0.6684893583   1.0908754872  -2.0563447761
   0.4094899209   0.6682268183  -1.6711505090
      
      
#  type   0  conf  1.0000
   0.4094899209   0.6682268183  -1.6711505090
   0.3744195571   0.6109971860  -1.6645498607
      
      
#  type   0  conf  1.0000
   0.3744195571   0.6109971860  -1.6645498607
   0.1018110446   0.1661405250  -1.8707770813
      
      
#  type   3  conf  0.0000
#  type   0  conf  1.0000
   0.0949928215   0.1550141960  -1.8768349422
  -1.9103672967  -3.1174360962  -3.6551003084
      
      
#  type   0  conf  1.0000
  -1.9103672967  -3.1174360962  -3.6551003084
  -1.9175422208  -3.1291445082  -3.6862955358
      
      
#  type   0  conf  1.0000
  -1.9175422208  -3.1291445082  -3.6862955358
  -1.9172299622  -3.1286349484  -3.8902053729
      
      
#  type   0  conf  1.0000
  -1.9172299622  -3.1286349484  -3.8902053729
  -1.5700176885  -2.5620360137  -4.3402204514
      
      
#  type   0  conf  1.0000
  -1.5700176885  -2.5620360137  -4.3402204514
  -1.2399567531  -2.0234255195  -4.5864108848
      
      
#  71  norm     0.8485102150   -0.5291790010    0.0000000000
# nedges  12 
#  type   0  conf  1.0000
   1.1810340751   1.8937249496  -4.5914461314
   1.4784061835   2.3705452149  -4.3541322278
      
      
#  type   0  conf  1.0000
   1.4784061835   2.3705452149  -4.3541322278
   1.7174720759   2.7538745825  -3.9532787372
      
      
#  type   0  conf  1.0000
   1.7174720759   2.7538745825  -3.9532787372
   1.7175809707   2.7540491894  -3.7574067770
      
      
#  type   0  conf  1.0000
   1.7175809707   2.7540491894  -3.7574067770
   0.6891799273   1.1050631397  -2.0720362229
      
      
#  type   0  conf  1.0000
   0.6891799273   1.1050631397  -2.0720362229
   0.6688725941   1.0725014174  -2.0401210022
      
      
#  type   0  conf  1.0000
   0.6688725941   1.0725014174  -2.0401210022
   0.4139229325   0.6637032759  -1.6677390349
      
      
#  type   0  conf  1.0000
   0.4139229325   0.6637032759  -1.6677390349
   0.3757953782   0.6025677825  -1.6680846708
      
      
#  type   0  conf  1.0000
   0.3757953782   0.6025677825  -1.6680846708
   0.1028522151   0.1649180240  -1.8723517769
      
      
#  type   0  conf  1.0000
   0.1028522151   0.1649180240  -1.8723517769
  -1.9467266447  -3.1214720175  -3.6610386469
      
      
#  type   0  conf  1.0000
  -1.9467266447  -3.1214720175  -3.6610386469
  -1.9468904165  -3.1217346169  -3.8904293080
      
      
#  type   0  conf  1.0000
  -1.9468904165  -3.1217346169  -3.8904293080
  -1.5915573150  -2.5519770003  -4.3409870696
      
      
#  type   0  conf  1.0000
  -1.5915573150  -2.5519770003  -4.3409870696
  -1.2581847675  -2.0174319570  -4.5866383654
      
      
#  72  norm     0.8443279255   -0.5358267950    0.0000000000
# nedges  13 
#  type   0  conf  1.0000
   1.1975401067   1.8870212604  -4.5916342675
   1.4976704378   2.3599509873  -4.3567923526
      
      
#  type   0  conf  1.0000
   1.4976704378   2.3599509873  -4.3567923526
   1.7421481325   2.7451861915  -3.9536658827
      
      
#  type   0  conf  1.0000
   1.7421481325   2.7451861915  -3.9536658827
   1.7405834203   2.7427205997  -3.7553972386
      
      
#  type   0  conf  1.0000
   1.7405834203   2.7427205997  -3.7553972386
   0.6916159159   1.0898122993  -2.0576462314
      
      
#  type   0  conf  1.0000
   0.6916159159   1.0898122993  -2.0576462314
   0.6562146536   1.0340288361  -2.0060523195
      
      
#  type   0  conf  1.0000
   0.6562146536   1.0340288361  -2.0060523195
   0.4213238868   0.6639002130  -1.6668714236
      
      
#  type   0  conf  1.0000
   0.4213238868   0.6639002130  -1.6668714236
   0.3814501487   0.6010692556  -1.6692193015
      
      
#  type   0  conf  1.0000
   0.3814501487   0.6010692556  -1.6692193015
   0.1102164465   0.1736733297  -1.8689839648
      
      
#  type   0  conf  1.0000
   0.1102164465   0.1736733297  -1.8689839648
   0.0754889491   0.1189515500  -1.8981298394
      
      
#  type   0  conf  1.0000
   0.0754889491   0.1189515500  -1.8981298394
  -1.9772132080  -3.1155894812  -3.6618409947
      
      
#  type   0  conf  1.0000
  -1.9772132080  -3.1155894812  -3.6618409947
  -1.9766797055  -3.1147488158  -3.8897586280
      
      
#  type   0  conf  1.0000
  -1.9766797055  -3.1147488158  -3.8897586280
  -1.6153706607  -2.5454168616  -4.3398581108
      
      
#  type   0  conf  1.0000
  -1.6153706607  -2.5454168616  -4.3398581108
  -1.2774954880  -2.0130107813  -4.5865647357
      
      
#  73  norm     0.8400935539   -0.5424415367    0.0000000000
# nedges  13 
#  type   0  conf  1.0000
   1.2145725973   1.8810407035  -4.5917776084
   1.5183694144   2.3515388688  -4.3572819660
      
      
#  type   0  conf  1.0000
   1.5183694144   2.3515388688  -4.3572819660
   1.7661088988   2.7352195603  -3.9535947789
      
      
#  type   0  conf  1.0000
   1.7661088988   2.7352195603  -3.9535947789
   1.7638605026   2.7317374095  -3.7537723875
      
      
#  type   0  conf  1.0000
   1.7638605026   2.7317374095  -3.7537723875
   0.6981293763   1.0812114287  -2.0509165337
      
      
#  type   0  conf  1.0000
   0.6981293763   1.0812114287  -2.0509165337
   0.4290361130   0.6644595749  -1.6670032735
      
      
#  type   0  conf  1.0000
   0.4290361130   0.6644595749  -1.6670032735
   0.3902673376   0.6044173473  -1.6681635753
      
      
#  type   0  conf  1.0000
   0.3902673376   0.6044173473  -1.6681635753
   0.1125450343   0.1743014712  -1.8691812612
      
      
#  type   0  conf  1.0000
   0.1125450343   0.1743014712  -1.8691812612
   0.1056809974   0.1636709556  -1.8746434637
      
      
#  type   0  conf  1.0000
   0.1056809974   0.1636709556  -1.8746434637
  -2.0069724844  -3.1082513655  -3.6616205309
      
      
#  type   0  conf  1.0000
  -2.0069724844  -3.1082513655  -3.6616205309
  -2.0065465567  -3.1075917200  -3.8894931395
      
      
#  type   0  conf  1.0000
  -2.0065465567  -3.1075917200  -3.8894931395
  -1.6432296964  -2.5449132896  -4.3322710162
      
      
#  type   0  conf  1.0000
  -1.6432296964  -2.5449132896  -4.3322710162
  -1.6188098259  -2.5070935904  -4.3535849760
      
      
#  type   0  conf  1.0000
  -1.6188098259  -2.5070935904  -4.3535849760
  -1.2936089073  -2.0034463271  -4.5876626022
      
      
#  74  norm     0.8358073614   -0.5490228180    0.0000000000
# nedges  12 
#  type   0  conf  1.0000
   1.2347147208   1.8796735200  -4.5896183109
   1.5392833831   2.3433349957  -4.3573705065
      
      
#  type   0  conf  1.0000
   1.5392833831   2.3433349957  -4.3573705065
   1.7887152340   2.7230586981  -3.9558767786
      
      
#  type   0  conf  1.0000
   1.7887152340   2.7230586981  -3.9558767786
   1.7884203424   2.7226097684  -3.7551807703
      
      
#  type   0  conf  1.0000
   1.7884203424   2.7226097684  -3.7551807703
   0.7227079705   1.1002177361  -2.0722414692
      
      
#  type   0  conf  1.0000
   0.7227079705   1.1002177361  -2.0722414692
   0.6954131275   1.0586653087  -2.0316474450
      
      
#  type   0  conf  1.0000
   0.6954131275   1.0586653087  -2.0316474450
   0.4384798330   0.6675217500  -1.6694342817
      
      
#  type   0  conf  1.0000
   0.4384798330   0.6675217500  -1.6694342817
   0.4001648513   0.6091927649  -1.6661322472
      
      
#  type   0  conf  1.0000
   0.4001648513   0.6091927649  -1.6661322472
   0.1120451068   0.1705723732  -1.8717039636
      
      
#  type   0  conf  1.0000
   0.1120451068   0.1705723732  -1.8717039636
  -2.0361455723  -3.0997353887  -3.6612117580
      
      
#  type   0  conf  1.0000
  -2.0361455723  -3.0997353887  -3.6612117580
  -2.0362949283  -3.0999627614  -3.8899636530
      
      
#  type   0  conf  1.0000
  -2.0362949283  -3.0999627614  -3.8899636530
  -1.6587055834  -2.5251379204  -4.3402042739
      
      
#  type   0  conf  1.0000
  -1.6587055834  -2.5251379204  -4.3402042739
  -1.3148809362  -2.0017149193  -4.5865989006
      
      
#  75  norm     0.8314696123   -0.5555702330    0.0000000000
# nedges  12 
#  type   0  conf  1.0000
   1.2489732876   1.8692206197  -4.5920575159
   1.5631979377   2.3394910418  -4.3544484066
      
      
#  type   0  conf  1.0000
   1.5631979377   2.3394910418  -4.3544484066
   1.8130904983   2.7134816880  -3.9539178116
      
      
#  type   0  conf  1.0000
   1.8130904983   2.7134816880  -3.9539178116
   1.8110358686   2.7104067174  -3.7530353171
      
      
#  type   0  conf  1.0000
   1.8110358686   2.7104067174  -3.7530353171
   0.7211404040   1.0792628843  -2.0523068505
      
      
#  type   0  conf  1.0000
   0.7211404040   1.0792628843  -2.0523068505
   0.4446060353   0.6653999545  -1.6670516121
      
      
#  type   0  conf  1.0000
   0.4446060353   0.6653999545  -1.6670516121
   0.4033770199   0.6036963725  -1.6689533868
      
      
#  type   0  conf  1.0000
   0.4033770199   0.6036963725  -1.6689533868
   0.1140974371   0.1707588819  -1.8722107728
      
      
#  type   3  conf  0.0000
#  type   0  conf  1.0000
   0.1077692183   0.1612880331  -1.8775917542
  -2.0664833008  -3.0927108165  -3.6618217568
      
      
#  type   0  conf  1.0000
  -2.0664833008  -3.0927108165  -3.6618217568
  -2.0656981189  -3.0915357087  -3.8903349462
      
      
#  type   0  conf  1.0000
  -2.0656981189  -3.0915357087  -3.8903349462
  -1.6807442193  -2.5154114842  -4.3402204180
      
      
#  type   0  conf  1.0000
  -1.6807442193  -2.5154114842  -4.3402204180
  -1.3333569166  -1.9955096451  -4.5868240901
      
      
#  76  norm     0.8270805743   -0.5620833779    0.0000000000
# nedges  14 
#  type   0  conf  1.0000
   1.2685186187   1.8665684647  -4.5906092393
   1.5811190256   2.3265459952  -4.3573499782
      
      
#  type   0  conf  1.0000
   1.5811190256   2.3265459952  -4.3573499782
   1.8362242463   2.7019219282  -3.9564376549
      
      
#  type   0  conf  1.0000
   1.8362242463   2.7019219282  -3.9564376549
   1.8351495215   2.7003405188  -3.8023420522
      
      
#  type   0  conf  1.0000
   1.8351495215   2.7003405188  -3.8023420522
   1.8316627615   2.6952099072  -3.7490305424
      
      
#  type   0  conf  1.0000
   1.8316627615   2.6952099072  -3.7490305424
   0.7440965264   1.0949047892  -2.0704727209
      
      
#  type   0  conf  1.0000
   0.7440965264   1.0949047892  -2.0704727209
   0.7321876608   1.0773814257  -2.0529159765
      
      
#  type   0  conf  1.0000
   0.7321876608   1.0773814257  -2.0529159765
   0.4544160808   0.6686529577  -1.6688308547
      
      
#  type   4  conf  0.0000
#  type   0  conf  1.0000
   0.4109545752   0.6047012942  -1.6684838463
   0.1226786244   0.1805161140  -1.8684870841
      
      
#  type   0  conf  1.0000
   0.1226786244   0.1805161140  -1.8684870841
   0.0929773114   0.1368119592  -1.8917199230
      
      
#  type   0  conf  1.0000
   0.0929773114   0.1368119592  -1.8917199230
  -2.0960089356  -3.0841834904  -3.6618624228
      
      
#  type   0  conf  1.0000
  -2.0960089356  -3.0841834904  -3.6618624228
  -2.0954195160  -3.0833161857  -3.8899945103
      
      
#  type   0  conf  1.0000
  -2.0954195160  -3.0833161857  -3.8899945103
  -1.7016494118  -2.5039010727  -4.3413505316
      
      
#  type   0  conf  1.0000
  -1.7016494118  -2.5039010727  -4.3413505316
  -1.3516982404  -1.9889635612  -4.5862717974
      
      
#  77  norm     0.8226405180   -0.5685618507    0.0000000000
# nedges  11 
#  type   0  conf  1.0000
   1.2872078956   1.8624347882  -4.5903181713
   1.6018994109   2.3177555080  -4.3575106597
      
      
#  type   0  conf  1.0000
   1.6018994109   2.3177555080  -4.3575106597
   1.8596571498   2.6906999108  -3.9564428491
      
      
#  type   0  conf  1.0000
   1.8596571498   2.6906999108  -3.9564428491
   1.8581833498   2.6885674997  -3.7526739367
      
      
#  type   0  conf  1.0000
   1.8581833498   2.6885674997  -3.7526739367
   0.7426165542   1.0744767100  -2.0516075201
      
      
#  type   0  conf  1.0000
   0.7426165542   1.0744767100  -2.0516075201
   0.4610833225   0.6671320329  -1.6674455979
      
      
#  type   0  conf  1.0000
   0.4610833225   0.6671320329  -1.6674455979
   0.4181270666   0.6049795044  -1.6685894513
      
      
#  type   0  conf  1.0000
   0.4181270666   0.6049795044  -1.6685894513
   0.1187159812   0.1717677261  -1.8734665975
      
      
#  type   0  conf  1.0000
   0.1187159812   0.1717677261  -1.8734665975
  -2.1247876809  -3.0743118558  -3.6608551508
      
      
#  type   0  conf  1.0000
  -2.1247876809  -3.0743118558  -3.6608551508
  -2.1257342865  -3.0756814802  -3.8883033315
      
      
#  type   0  conf  1.0000
  -2.1257342865  -3.0756814802  -3.8883033315
  -1.7258155782  -2.4970472772  -4.3390060075
      
      
#  type   0  conf  1.0000
  -1.7258155782  -2.4970472772  -4.3390060075
  -1.3700898918  -1.9823550540  -4.5871521949
      
      
#  78  norm     0.8181497174   -0.5750052520    0.0000000000
# nedges  11 
#  type   0  conf  1.0000
   1.3058971172   1.8581036497  -4.5902886978
   1.6243644214   2.3112367890  -4.3556518166
      
      
#  type   0  conf  1.0000
   1.6243644214   2.3112367890  -4.3556518166
   1.8829961996   2.6792325864  -3.9561051394
      
      
#  type   0  conf  1.0000
   1.8829961996   2.6792325864  -3.9561051394
   1.8816154437   2.6772679695  -3.7528997779
      
      
#  type   0  conf  1.0000
   1.8816154437   2.6772679695  -3.7528997779
   0.7553339194   1.0747314577  -2.0542663344
      
      
#  type   0  conf  1.0000
   0.7553339194   1.0747314577  -2.0542663344
   0.4702089745   0.6690396970  -1.6689746603
      
      
#  type   4  conf  0.0000
#  type   0  conf  1.0000
   0.4265716333   0.6069500409  -1.6679191174
   0.1241602233   0.1766621282  -1.8715238671
      
      
#  type   0  conf  1.0000
   0.1241602233   0.1766621282  -1.8715238671
  -2.1549425380  -3.0661730867  -3.6614409705
      
      
#  type   0  conf  1.0000
  -2.1549425380  -3.0661730867  -3.6614409705
  -2.1545526105  -3.0656182759  -3.8902064316
      
      
#  type   0  conf  1.0000
  -2.1545526105  -3.0656182759  -3.8902064316
  -1.7453949269  -2.4834457793  -4.3405359548
      
      
#  type   0  conf  1.0000
  -1.7453949269  -2.4834457793  -4.3405359548
  -1.3885793070  -1.9757485060  -4.5873005824
      
      
#  79  norm     0.8136084495   -0.5814131843   -0.0000000000
# nedges  11 
#  type   0  conf  1.0000
   1.3246833207   1.8537136270  -4.5900730992
   1.6444078672   2.3011245209  -4.3558124776
      
      
#  type   0  conf  1.0000
   1.6444078672   2.3011245209  -4.3558124776
   1.9060659954   2.6672793823  -3.9558751542
      
      
#  type   0  conf  1.0000
   1.9060659954   2.6672793823  -3.9558751542
   1.9041139941   2.6645478228  -3.7521460946
      
      
#  type   0  conf  1.0000
   1.9041139941   2.6645478228  -3.7521460946
   0.7647497238   1.0701629303  -2.0523982377
      
      
#  type   0  conf  1.0000
   0.7647497238   1.0701629303  -2.0523982377
   0.4776157479   0.6683580947  -1.6686555837
      
      
#  type   4  conf  0.0000
#  type   0  conf  1.0000
   0.4328081280   0.6056559422  -1.6684887332
   0.1262660324   0.1766920903  -1.8721357927
      
      
#  type   0  conf  1.0000
   0.1262660324   0.1766920903  -1.8721357927
  -2.1834931024  -3.0555007789  -3.6613344224
      
      
#  type   0  conf  1.0000
  -2.1834931024  -3.0555007789  -3.6613344224
  -2.1830873696  -3.0549330112  -3.8900326247
      
      
#  type   0  conf  1.0000
  -2.1830873696  -3.0549330112  -3.8900326247
  -1.7669817836  -2.4726499984  -4.3400720146
      
      
#  type   0  conf  1.0000
  -1.7669817836  -2.4726499984  -4.3400720146
  -1.4070165658  -1.9689277735  -4.5868733433
      
      
#  80  norm     0.8090169944   -0.5877852523    0.0000000000
# nedges  12 
#  type   0  conf  1.0000
   1.3434024263   1.8490348114  -4.5900005933
   1.6647036590   2.2912680193  -4.3557430928
      
      
#  type   0  conf  1.0000
   1.6647036590   2.2912680193  -4.3557430928
   1.9293864280   2.6555725971  -3.9556165098
      
      
#  type   0  conf  1.0000
   1.9293864280   2.6555725971  -3.9556165098
   1.9273376510   2.6527526975  -3.7525144127
      
      
#  type   0  conf  1.0000
   1.9273376510   2.6527526975  -3.7525144127
   0.7738180896   1.0650692283  -2.0497026706
      
      
#  type   0  conf  1.0000
   0.7738180896   1.0650692283  -2.0497026706
   0.4839791033   0.6661400877  -1.6672300961
      
      
#  type   0  conf  1.0000
   0.4839791033   0.6661400877  -1.6672300961
   0.4396222430   0.6050881071  -1.6687738270
      
      
#  type   0  conf  1.0000
   0.4396222430   0.6050881071  -1.6687738270
   0.1359336899   0.1870966731  -1.8677496786
      
      
#  type   0  conf  1.0000
   0.1359336899   0.1870966731  -1.8677496786
   0.1280420058   0.1762347018  -1.8729946649
      
      
#  type   0  conf  1.0000
   0.1280420058   0.1762347018  -1.8729946649
  -2.2126771035  -3.0454887611  -3.6617018693
      
      
#  type   0  conf  1.0000
  -2.2126771035  -3.0454887611  -3.6617018693
  -2.2124691399  -3.0452025238  -3.8886998652
      
      
#  type   0  conf  1.0000
  -2.2124691399  -3.0452025238  -3.8886998652
  -1.7885049117  -2.4616658251  -4.3399492749
      
      
#  type   0  conf  1.0000
  -1.7885049117  -2.4616658251  -4.3399492749
  -1.4250063921  -1.9613530347  -4.5870322230
      
      
#  81  norm     0.8043756353   -0.5941210629    0.0000000000
# nedges  11 
#  type   0  conf  1.0000
   1.3622407335   1.8443265588  -4.5900194282
   1.6844389963   2.2805481447  -4.3559564767
      
      
#  type   0  conf  1.0000
   1.6844389963   2.2805481447  -4.3559564767
   1.9527558414   2.6438201211  -3.9544811344
      
      
#  type   0  conf  1.0000
   1.9527558414   2.6438201211  -3.9544811344
   1.9506346062   2.6409481982  -3.7538962542
      
      
#  type   0  conf  1.0000
   1.9506346062   2.6409481982  -3.7538962542
   0.7859603345   1.0641052520  -2.0517327317
      
      
#  type   0  conf  1.0000
   0.7859603345   1.0641052520  -2.0517327317
   0.4910914693   0.6648847133  -1.6664669100
      
      
#  type   0  conf  1.0000
   0.4910914693   0.6648847133  -1.6664669100
   0.4456457796   0.6033561666  -1.6692628114
      
      
#  type   0  conf  1.0000
   0.4456457796   0.6033561666  -1.6692628114
   0.1303850838   0.1765272959  -1.8735151979
      
      
#  type   0  conf  1.0000
   0.1303850838   0.1765272959  -1.8735151979
  -2.2411821148  -3.0343180875  -3.6615427066
      
      
#  type   0  conf  1.0000
  -2.2411821148  -3.0343180875  -3.6615427066
  -2.2407894904  -3.0337865166  -3.8899423318
      
      
#  type   0  conf  1.0000
  -2.2407894904  -3.0337865166  -3.8899423318
  -1.8080607561  -2.4479186316  -4.3407533022
      
      
#  type   0  conf  1.0000
  -1.8080607561  -2.4479186316  -4.3407533022
  -1.4424537161  -1.9529262582  -4.5874487262
      
      
#  82  norm     0.7996846585   -0.6004202253    0.0000000000
# nedges  12 
#  type   0  conf  1.0000
   1.3798502966   1.8377880469  -4.5906558443
   1.7051334112   2.2710244794  -4.3552403848
      
      
#  type   0  conf  1.0000
   1.7051334112   2.2710244794  -4.3552403848
   1.9750979654   2.6305835069  -3.9549283697
      
      
#  type   0  conf  1.0000
   1.9750979654   2.6305835069  -3.9549283697
   1.9733252693   2.6282224974  -3.7539573630
      
      
#  type   0  conf  1.0000
   1.9733252693   2.6282224974  -3.7539573630
   0.7943109674   1.0579228811  -2.0485514444
      
      
#  type   0  conf  1.0000
   0.7943109674   1.0579228811  -2.0485514444
   0.4976290338   0.6627796453  -1.6651322615
      
      
#  type   0  conf  1.0000
   0.4976290338   0.6627796453  -1.6651322615
   0.4506019813   0.6001454919  -1.6707434411
      
      
#  type   0  conf  1.0000
   0.4506019813   0.6001454919  -1.6707434411
   0.1388426164   0.1849210030  -1.8699958596
      
      
#  type   0  conf  1.0000
   0.1388426164   0.1849210030  -1.8699958596
   0.1263600782   0.1682958230  -1.8783557574
      
      
#  type   0  conf  1.0000
   0.1263600782   0.1682958230  -1.8783557574
  -2.2700973525  -3.0234858013  -3.6626447998
      
      
#  type   0  conf  1.0000
  -2.2700973525  -3.0234858013  -3.6626447998
  -2.2689205110  -3.0219183955  -3.8893270081
      
      
#  type   0  conf  1.0000
  -2.2689205110  -3.0219183955  -3.8893270081
  -1.8299315887  -2.4372400460  -4.3398773470
      
      
#  type   0  conf  1.0000
  -1.8299315887  -2.4372400460  -4.3398773470
  -1.4610831943  -1.9459801086  -4.5868004934
      
      
#  83  norm     0.7949443534   -0.6066823510    0.0000000000
# nedges  12 
#  type   0  conf  1.0000
   1.3995205428   1.8338113035  -4.5908569301
   1.7266754838   2.2624869896  -4.3528996455
      
      
#  type   0  conf  1.0000
   1.7266754838   2.2624869896  -4.3528996455
   1.9979753153   2.6179749460  -3.9542854590
      
      
#  type   0  conf  1.0000
   1.9979753153   2.6179749460  -3.9542854590
   1.9968846993   2.6165458966  -3.7559200951
      
      
#  type   0  conf  1.0000
   1.9968846993   2.6165458966  -3.7559200951
   0.8102392597   1.0616678123  -2.0558842335
      
      
#  type   0  conf  1.0000
   0.8102392597   1.0616678123  -2.0558842335
   0.5072661449   0.6646779108  -1.6666353206
      
      
#  type   0  conf  1.0000
   0.5072661449   0.6646779108  -1.6666353206
   0.4588840046   0.6012821169  -1.6700445401
      
      
#  type   0  conf  1.0000
   0.4588840046   0.6012821169  -1.6700445401
   0.1415309427   0.1854499699  -1.8701487678
      
      
#  type   0  conf  1.0000
   0.1415309427   0.1854499699  -1.8701487678
   0.1338357256   0.1753668194  -1.8753871741
      
      
#  type   0  conf  1.0000
   0.1338357256   0.1753668194  -1.8753871741
  -2.2974565181  -3.0103893465  -3.6610579670
      
      
#  type   0  conf  1.0000
  -2.2974565181  -3.0103893465  -3.6610579670
  -2.2985631279  -3.0118393529  -3.8878530454
      
      
#  type   0  conf  1.0000
  -2.2985631279  -3.0118393529  -3.8878530454
  -1.8504970220  -2.4247320796  -4.3400014912
      
      
#  type   0  conf  1.0000
  -1.8504970220  -2.4247320796  -4.3400014912
  -1.4788969927  -1.9378193740  -4.5867707133
      
      
#  84  norm     0.7901550124   -0.6129070537    0.0000000000
# nedges  13 
#  type   0  conf  1.0000
   1.4191750235   1.8295894159  -4.5897069617
   1.7452557881   2.2499702045  -4.3544544948
      
      
#  type   0  conf  1.0000
   1.7452557881   2.2499702045  -4.3544544948
   2.0204067955   2.6046927458  -3.9535859394
      
      
#  type   0  conf  1.0000
   2.0204067955   2.6046927458  -3.9535859394
   2.0207929146   2.6051905276  -3.7588150293
      
      
#  type   0  conf  1.0000
   2.0207929146   2.6051905276  -3.7588150293
   0.8220610222   1.0597946839  -2.0573361043
      
      
#  type   0  conf  1.0000
   0.8220610222   1.0597946839  -2.0573361043
   0.7907441173   1.0194211734  -2.0171012985
      
      
#  type   0  conf  1.0000
   0.7907441173   1.0194211734  -2.0171012985
   0.5146033605   0.6634226548  -1.6664833805
      
      
#  type   0  conf  1.0000
   0.5146033605   0.6634226548  -1.6664833805
   0.4680678683   0.6034294597  -1.6688986564
      
      
#  type   0  conf  1.0000
   0.4680678683   0.6034294597  -1.6688986564
   0.1418842801   0.1829161118  -1.8719916097
      
      
#  type   0  conf  1.0000
   0.1418842801   0.1829161118  -1.8719916097
   0.1339159327   0.1726433802  -1.8773225631
      
      
#  type   0  conf  1.0000
   0.1339159327   0.1726433802  -1.8773225631
  -2.3269252829  -2.9998539987  -3.6621781020
      
      
#  type   0  conf  1.0000
  -2.3269252829  -2.9998539987  -3.6621781020
  -2.3258659170  -2.9984882724  -3.8897730584
      
      
#  type   0  conf  1.0000
  -2.3258659170  -2.9984882724  -3.8897730584
  -1.8681274228  -2.4083753614  -4.3421501098
      
      
#  type   0  conf  1.0000
  -1.8681274228  -2.4083753614  -4.3421501098
  -1.4962381391  -1.9289385858  -4.5865207748
      
      
#  85  norm     0.7853169309   -0.6190939493    0.0000000000
# nedges  12 
#  type   0  conf  1.0000
   1.4387795796   1.8250831960  -4.5892324562
   1.7655964517   2.2396484220  -4.3537084194
      
      
#  type   0  conf  1.0000
   1.7655964517   2.2396484220  -4.3537084194
   2.0446177309   2.5935852274  -3.9495486082
      
      
#  type   0  conf  1.0000
   2.0446177309   2.5935852274  -3.9495486082
   2.0418912779   2.5901267382  -3.7570091125
      
      
#  type   0  conf  1.0000
   2.0418912779   2.5901267382  -3.7570091125
   0.8251149855   1.0466533694  -2.0469705104
      
      
#  type   0  conf  1.0000
   0.8251149855   1.0466533694  -2.0469705104
   0.5217371273   0.6618203909  -1.6659952996
      
      
#  type   0  conf  1.0000
   0.5217371273   0.6618203909  -1.6659952996
   0.4741237097   0.6014230586  -1.6696213184
      
      
#  type   0  conf  1.0000
   0.4741237097   0.6014230586  -1.6696213184
   0.1431785371   0.1816211085  -1.8731527487
      
      
#  type   0  conf  1.0000
   0.1431785371   0.1816211085  -1.8731527487
   0.1362175161   0.1727910954  -1.8780121041
      
      
#  type   0  conf  1.0000
   0.1362175161   0.1727910954  -1.8780121041
  -2.3547479342  -2.9869835148  -3.6617919184
      
      
#  type   0  conf  1.0000
  -2.3547479342  -2.9869835148  -3.6617919184
  -2.3544730797  -2.9866348634  -3.8887200583
      
      
#  type   0  conf  1.0000
  -2.3544730797  -2.9866348634  -3.8887200583
  -1.8910296685  -2.3987596989  -4.3398152191
      
      
#  type   0  conf  1.0000
  -1.8910296685  -2.3987596989  -4.3398152191
  -1.5136403583  -1.9200436411  -4.5869821996
      
      
#  86  norm     0.7804304073   -0.6252426563    0.0000000000
# nedges  12 
#  type   0  conf  1.0000
   1.4621963500   1.8251193860  -4.5861992756
   1.7848155261   2.2278139438  -4.3537338487
      
      
#  type   0  conf  1.0000
   1.7848155261   2.2278139438  -4.3537338487
   2.0671950391   2.5802811917  -3.9487553268
      
      
#  type   0  conf  1.0000
   2.0671950391   2.5802811917  -3.9487553268
   2.0657370874   2.5784613706  -3.7602452592
      
      
#  type   0  conf  1.0000
   2.0657370874   2.5784613706  -3.7602452592
   0.8385640858   1.0466990767  -2.0508168935
      
      
#  type   0  conf  1.0000
   0.8385640858   1.0466990767  -2.0508168935
   0.5312680931   0.6631309782  -1.6676088982
      
      
#  type   0  conf  1.0000
   0.5312680931   0.6631309782  -1.6676088982
   0.4838845917   0.6039867005  -1.6682092355
      
      
#  type   0  conf  1.0000
   0.4838845917   0.6039867005  -1.6682092355
   0.1447840507   0.1807200364  -1.8739963676
      
      
#  type   3  conf  0.0000
#  type   0  conf  1.0000
   0.1364466812   0.1703132982  -1.8800696522
  -2.3830517181  -2.9745347734  -3.6618168407
      
      
#  type   0  conf  1.0000
  -2.3830517181  -2.9745347734  -3.6618168407
  -2.3820565635  -2.9732926174  -3.8900424353
      
      
#  type   0  conf  1.0000
  -2.3820565635  -2.9732926174  -3.8900424353
  -1.9094263780  -2.3833537121  -4.3409063417
      
      
#  type   0  conf  1.0000
  -1.9094263780  -2.3833537121  -4.3409063417
  -1.5313401920  -1.9114250087  -4.5870387795
      
      
#  87  norm     0.7754957432   -0.6313527954    0.0000000000
# nedges  14 
#  type   0  conf  1.0000
   1.4756854278   1.8125963420  -4.5898354303
   1.7970381921   2.2073165405  -4.3585554434
      
      
#  type   0  conf  1.0000
   1.7970381921   2.2073165405  -4.3585554434
   1.8185195393   2.2337022529  -4.3334933682
      
      
#  type   0  conf  1.0000
   1.8185195393   2.2337022529  -4.3334933682
   2.0897906953   2.5669068071  -3.9456089707
      
      
#  type   0  conf  1.0000
   2.0897906953   2.5669068071  -3.9456089707
   2.0889261125   2.5658448330  -3.7635784808
      
      
#  type   0  conf  1.0000
   2.0889261125   2.5658448330  -3.7635784808
   0.8631398658   1.0602016757  -2.0701563807
      
      
#  type   0  conf  1.0000
   0.8631398658   1.0602016757  -2.0701563807
   0.8388825468   1.0304062146  -2.0382963494
      
      
#  type   0  conf  1.0000
   0.8388825468   1.0304062146  -2.0382963494
   0.5386156952   0.6615860131  -1.6675123332
      
      
#  type   0  conf  1.0000
   0.5386156952   0.6615860131  -1.6675123332
   0.4942256021   0.6070613029  -1.6668325025
      
      
#  type   0  conf  1.0000
   0.4942256021   0.6070613029  -1.6668325025
   0.1627600587   0.1999194960  -1.8647324706
      
      
#  type   0  conf  1.0000
   0.1627600587   0.1999194960  -1.8647324706
   0.1461594755   0.1795288654  -1.8752785548
      
      
#  type   0  conf  1.0000
   0.1461594755   0.1795288654  -1.8752785548
  -2.4099498280  -2.9601608583  -3.6616481643
      
      
#  type   0  conf  1.0000
  -2.4099498280  -2.9601608583  -3.6616481643
  -2.4097277193  -2.9598880404  -3.8888177178
      
      
#  type   0  conf  1.0000
  -2.4097277193  -2.9598880404  -3.8888177178
  -1.9296902777  -2.3702541697  -4.3406350407
      
      
#  type   0  conf  1.0000
  -1.9296902777  -2.3702541697  -4.3406350407
  -1.5479678839  -1.9013814671  -4.5869526828
      
      
#  88  norm     0.7705132428   -0.6374239897   -0.0000000000
# nedges  13 
#  type   0  conf  1.0000
   1.4943603791   1.8063713950  -4.5895564071
   1.8222702753   2.2027463691  -4.3542196649
      
      
#  type   0  conf  1.0000
   1.8222702753   2.2027463691  -4.3542196649
   2.1122612801   2.5532852775  -3.9454387779
      
      
#  type   0  conf  1.0000
   2.1122612801   2.5532852775  -3.9454387779
   2.1111265887   2.5519136712  -3.7647156292
      
      
#  type   0  conf  1.0000
   2.1111265887   2.5519136712  -3.7647156292
   0.8641641591   1.0445950250  -2.0571677163
      
      
#  type   0  conf  1.0000
   0.8641641591   1.0445950250  -2.0571677163
   0.8221433534   0.9938005965  -2.0050975234
      
      
#  type   0  conf  1.0000
   0.8221433534   0.9938005965  -2.0050975234
   0.5448136962   0.6585666283  -1.6655799895
      
      
#  type   0  conf  1.0000
   0.5448136962   0.6585666283  -1.6655799895
   0.4943234668   0.5975344253  -1.6703314231
      
      
#  type   0  conf  1.0000
   0.4943234668   0.5975344253  -1.6703314231
   0.1532120352   0.1852015362  -1.8725711769
      
      
#  type   0  conf  1.0000
   0.1532120352   0.1852015362  -1.8725711769
  -2.4365720358  -2.9453096381  -3.6609427501
      
      
#  type   0  conf  1.0000
  -2.4365720358  -2.9453096381  -3.6609427501
  -2.4378852265  -2.9468970130  -3.8874838304
      
      
#  type   0  conf  1.0000
  -2.4378852265  -2.9468970130  -3.8874838304
  -1.9562088874  -2.3646503389  -4.3342619086
      
      
#  type   0  conf  1.0000
  -1.9562088874  -2.3646503389  -4.3342619086
  -1.9106993499  -2.3096387581  -4.3651943506
      
      
#  type   0  conf  1.0000
  -1.9106993499  -2.3096387581  -4.3651943506
  -1.5650615411  -1.8918344188  -4.5870218966
      
      
#  89  norm     0.7654832135   -0.6434558647    0.0000000000
# nedges  14 
#  type   0  conf  1.0000
   1.5123688839   1.7991801096  -4.5903703295
   1.8371355746   2.1855367560  -4.3560347263
      
      
#  type   0  conf  1.0000
   1.8371355746   2.1855367560  -4.3560347263
   1.8577762443   2.2100917986  -4.3321815155
      
      
#  type   0  conf  1.0000
   1.8577762443   2.2100917986  -4.3321815155
   2.1344627101   2.5392501086  -3.9413229460
      
      
#  type   0  conf  1.0000
   2.1344627101   2.5392501086  -3.9413229460
   2.1333641720   2.5379432397  -3.7659870109
      
      
#  type   0  conf  1.0000
   2.1333641720   2.5379432397  -3.7659870109
   0.8965623687   1.0665897705  -2.0874011783
      
      
#  type   0  conf  1.0000
   0.8965623687   1.0665897705  -2.0874011783
   0.8640148096   1.0278697720  -2.0441591144
      
      
#  type   0  conf  1.0000
   0.8640148096   1.0278697720  -2.0441591144
   0.5544750761   0.6596277792  -1.6679393325
      
      
#  type   0  conf  1.0000
   0.5544750761   0.6596277792  -1.6679393325
   0.5068716867   0.6029967071  -1.6674863851
      
      
#  type   0  conf  1.0000
   0.5068716867   0.6029967071  -1.6674863851
   0.1653263748   0.1966794797  -1.8671347688
      
      
#  type   0  conf  1.0000
   0.1653263748   0.1966794797  -1.8671347688
   0.1488868038   0.1771222477  -1.8775611447
      
      
#  type   0  conf  1.0000
   0.1488868038   0.1771222477  -1.8775611447
  -2.4642848207  -2.9316209035  -3.6616840457
      
      
#  type   0  conf  1.0000
  -2.4642848207  -2.9316209035  -3.6616840457
  -2.4642869078  -2.9316233864  -3.8893465706
      
      
#  type   0  conf  1.0000
  -2.4642869078  -2.9316233864  -3.8893465706
  -1.9668436585  -2.3398431605  -4.3414626667
      
      
#  type   0  conf  1.0000
  -1.9668436585  -2.3398431605  -4.3414626667
  -1.5826599316  -1.8828014115  -4.5865813453
      
      
#  90  norm     0.7604059656   -0.6494480483   -0.0000000000
# nedges  14 
#  type   0  conf  1.0000
   1.5306047828   1.7921079458  -4.5900952022
   1.8600436178   2.1778312628  -4.3534141974
      
      
#  type   0  conf  1.0000
   1.8600436178   2.1778312628  -4.3534141974
   2.1477048426   2.5146392831  -3.9546883718
      
      
#  type   0  conf  1.0000
   2.1477048426   2.5146392831  -3.9546883718
   2.1574143335   2.5260076363  -3.9133213800
      
      
#  type   0  conf  1.0000
   2.1574143335   2.5260076363  -3.9133213800
   2.1555844002   2.5238650597  -3.7680934117
      
      
#  type   0  conf  1.0000
   2.1555844002   2.5238650597  -3.7680934117
   0.8818278462   1.0324877511  -2.0532966773
      
      
#  type   0  conf  1.0000
   0.8818278462   1.0324877511  -2.0532966773
   0.5608675687   0.6566915494  -1.6667220616
      
      
#  type   0  conf  1.0000
   0.5608675687   0.6566915494  -1.6667220616
   0.5113416057   0.5987040972  -1.6685733320
      
      
#  type   0  conf  1.0000
   0.5113416057   0.5987040972  -1.6685733320
   0.1585568174   0.1856461808  -1.8731388454
      
      
#  type   0  conf  1.0000
   0.1585568174   0.1856461808  -1.8731388454
   0.1507743396   0.1765340701  -1.8782213775
      
      
#  type   0  conf  1.0000
   0.1507743396   0.1765340701  -1.8782213775
  -2.4913813644  -2.9170327895  -3.6620371435
      
      
#  type   0  conf  1.0000
  -2.4913813644  -2.9170327895  -3.6620371435
  -2.4909420117  -2.9165183736  -3.8881573594
      
      
#  type   0  conf  1.0000
  -2.4909420117  -2.9165183736  -3.8881573594
  -2.0140989809  -2.3582069180  -4.3166421141
      
      
#  type   0  conf  1.0000
  -2.0140989809  -2.3582069180  -4.3166421141
  -1.9759293860  -2.3135160643  -4.3478229346
      
      
#  type   0  conf  1.0000
  -1.9759293860  -2.3135160643  -4.3478229346
  -1.5987036947  -1.8718415272  -4.5870891310
      
      
#  91  norm     0.7552818123   -0.6554001709    0.0000000000
# nedges  12 
#  type   0  conf  1.0000
   1.5490189588   1.7850862700  -4.5898728481
   1.8784852473   2.1647625449  -4.3533906912
      
      
#  type   0  conf  1.0000
   1.8784852473   2.1647625449  -4.3533906912
   2.1769740073   2.5087403795  -3.9425315107
      
      
#  type   0  conf  1.0000
   2.1769740073   2.5087403795  -3.9425315107
   2.1797587359   2.5119494951  -3.7733728502
      
      
#  type   0  conf  1.0000
   2.1797587359   2.5119494951  -3.7733728502
   0.9213718192   1.0617869941  -2.0918937522
      
      
#  type   0  conf  1.0000
   0.9213718192   1.0617869941  -2.0918937522
   0.8845684904   1.0193749135  -2.0446548642
      
      
#  type   0  conf  1.0000
   0.8845684904   1.0193749135  -2.0446548642
   0.5686976331   0.6553659855  -1.6666311247
      
      
#  type   0  conf  1.0000
   0.5686976331   0.6553659855  -1.6666311247
   0.5182587379   0.5972403062  -1.6685845292
      
      
#  type   0  conf  1.0000
   0.5182587379   0.5972403062  -1.6685845292
   0.1612284728   0.1857993612  -1.8735922729
      
      
#  type   0  conf  1.0000
   0.1612284728   0.1857993612  -1.8735922729
  -2.5168450784  -2.9004071046  -3.6607631204
      
      
#  type   0  conf  1.0000
  -2.5168450784  -2.9004071046  -3.6607631204
  -2.5185724367  -2.9023977087  -3.8879218728
      
      
#  type   0  conf  1.0000
  -2.5185724367  -2.9023977087  -3.8879218728
  -2.0072306986  -2.3131285389  -4.3394585225
      
      
#  type   0  conf  1.0000
  -2.0072306986  -2.3131285389  -4.3394585225
  -1.6160902080  -1.8623790400  -4.5872486337
      
      
#  92  norm     0.7501110696   -0.6613118653    0.0000000000
# nedges  13 
#  type   0  conf  1.0000
   1.5670934082   1.7775185571  -4.5900210993
   1.8897715829   2.1435251018  -4.3584265047
      
      
#  type   0  conf  1.0000
   1.8897715829   2.1435251018  -4.3584265047
   1.9127175157   2.1695521536  -4.3324590873
      
      
#  type   0  conf  1.0000
   1.9127175157   2.1695521536  -4.3324590873
   2.2015797745   2.4972020708  -3.9342322442
      
      
#  type   0  conf  1.0000
   2.2015797745   2.4972020708  -3.9342322442
   2.1995013526   2.4948445639  -3.7720361788
      
      
#  type   0  conf  1.0000
   2.1995013526   2.4948445639  -3.7720361788
   0.9096731370   1.0318216345  -2.0625862636
      
      
#  type   0  conf  1.0000
   0.9096731370   1.0318216345  -2.0625862636
   0.5782835777   0.6559339636  -1.6682944217
      
      
#  type   4  conf  0.0000
#  type   0  conf  1.0000
   0.5257208406   0.5963132415  -1.6682357888
   0.1623604233   0.1841617505  -1.8748027020
      
      
#  type   0  conf  1.0000
   0.1623604233   0.1841617505  -1.8748027020
  -2.5434605711  -2.8849897146  -3.6608112651
      
      
#  type   0  conf  1.0000
  -2.5434605711  -2.8849897146  -3.6608112651
  -2.5450890066  -2.8868368120  -3.8874058638
      
      
#  type   0  conf  1.0000
  -2.5450890066  -2.8868368120  -3.8874058638
  -2.0428129410  -2.3171164478  -4.3250021729
      
      
#  type   0  conf  1.0000
  -2.0428129410  -2.3171164478  -4.3250021729
  -2.0079162712  -2.2775339456  -4.3506484734
      
      
#  type   0  conf  1.0000
  -2.0079162712  -2.2775339456  -4.3506484734
  -1.6326669437  -1.8518971332  -4.5872712883
      
      
#  93  norm     0.7448940566   -0.6671827669    0.0000000000
# nedges  11 
#  type   0  conf  1.0000
   1.5852559438   1.7699014262  -4.5897495970
   1.9149578198   2.1380059099  -4.3532820631
      
      
#  type   0  conf  1.0000
   1.9149578198   2.1380059099  -4.3532820631
   2.2223976959   2.4812553878  -3.9349312408
      
      
#  type   0  conf  1.0000
   2.2223976959   2.4812553878  -3.9349312408
   2.2223724229   2.4812271711  -3.7749884052
      
      
#  type   0  conf  1.0000
   2.2223724229   2.4812271711  -3.7749884052
   0.9207272508   1.0279705815  -2.0634386855
      
      
#  type   0  conf  1.0000
   0.9207272508   1.0279705815  -2.0634386855
   0.5843415300   0.6524037405  -1.6668978024
      
      
#  type   0  conf  1.0000
   0.5843415300   0.6524037405  -1.6668978024
   0.5329835251   0.5950637213  -1.6684899713
      
      
#  type   0  conf  1.0000
   0.5329835251   0.5950637213  -1.6684899713
   0.1670649514   0.1865241363  -1.8738806417
      
      
#  type   0  conf  1.0000
   0.1670649514   0.1865241363  -1.8738806417
  -2.5704335929  -2.8698293799  -3.6612186096
      
      
#  type   0  conf  1.0000
  -2.5704335929  -2.8698293799  -3.6612186096
  -2.5706285524  -2.8700470477  -3.8894168860
      
      
#  type   0  conf  1.0000
  -2.5706285524  -2.8700470477  -3.8894168860
  -2.0408540917  -2.2785661721  -4.3418238549
      
      
#  type   0  conf  1.0000
  -2.0408540917  -2.2785661721  -4.3418238549
  -1.6489992625  -1.8410693604  -4.5864423122
      
      
#  94  norm     0.7396310950   -0.6730125135    0.0000000000
# nedges  14 
#  type   0  conf  1.0000
   1.6030912584   1.7617742895  -4.5899376885
   1.9225116948   2.1128127656  -4.3605353544
      
      
#  type   0  conf  1.0000
   1.9225116948   2.1128127656  -4.3605353544
   1.9473302656   2.1400880187  -4.3340650140
      
      
#  type   0  conf  1.0000
   1.9473302656   2.1400880187  -4.3340650140
   2.2451234655   2.4673584723  -3.9294119329
      
      
#  type   0  conf  1.0000
   2.2451234655   2.4673584723  -3.9294119329
   2.2440079816   2.4661325715  -3.7764196625
      
      
#  type   0  conf  1.0000
   2.2440079816   2.4661325715  -3.7764196625
   0.9911405048   1.0892491924  -2.1414995722
      
      
#  type   0  conf  1.0000
   0.9911405048   1.0892491924  -2.1414995722
   0.9057849587   0.9954446721  -2.0335524636
      
      
#  type   0  conf  1.0000
   0.9057849587   0.9954446721  -2.0335524636
   0.5922936618   0.6509222352  -1.6687173739
      
      
#  type   4  conf  0.0000
#  type   0  conf  1.0000
   0.5393103480   0.5926943336  -1.6704103795
   0.1843495218   0.2025974791  -1.8652092406
      
      
#  type   0  conf  1.0000
   0.1843495218   0.2025974791  -1.8652092406
   0.1659057841   0.1823280760  -1.8764941923
      
      
#  type   0  conf  1.0000
   0.1659057841   0.1823280760  -1.8764941923
  -2.5969858381  -2.8540501708  -3.6617605254
      
      
#  type   0  conf  1.0000
  -2.5969858381  -2.8540501708  -3.6617605254
  -2.5968637237  -2.8539159687  -3.8890512161
      
      
#  type   0  conf  1.0000
  -2.5968637237  -2.8539159687  -3.8890512161
  -2.0597552396  -2.2636414519  -4.3413337381
      
      
#  type   0  conf  1.0000
  -2.0597552396  -2.2636414519  -4.3413337381
  -1.6651292802  -1.8299531853  -4.5863921894
      
      
#  95  norm     0.7343225094   -0.6788007455   -0.0000000000
# nedges  11 
#  type   0  conf  1.0000
   1.6210758696   1.7536699958  -4.5897198347
   1.9506779329   2.1102314990  -4.3526230759
      
      
#  type   0  conf  1.0000
   1.9506779329   2.1102314990  -4.3526230759
   2.2646344165   2.4498677095  -3.9313968494
      
      
#  type   0  conf  1.0000
   2.2646344165   2.4498677095  -3.9313968494
   2.2660012549   2.4513463470  -3.7767565907
      
      
#  type   0  conf  1.0000
   2.2660012549   2.4513463470  -3.7767565907
   0.9430038180   1.0201357830  -2.0659217976
      
      
#  type   0  conf  1.0000
   0.9430038180   1.0201357830  -2.0659217976
   0.5985604319   0.6475190272  -1.6660265310
      
      
#  type   0  conf  1.0000
   0.5985604319   0.6475190272  -1.6660265310
   0.5454649237   0.5900806300  -1.6691923956
      
      
#  type   0  conf  1.0000
   0.5454649237   0.5900806300  -1.6691923956
   0.1758121926   0.1901925585  -1.8723318951
      
      
#  type   0  conf  1.0000
   0.1758121926   0.1901925585  -1.8723318951
  -2.6222360574  -2.8367189852  -3.6613235033
      
      
#  type   0  conf  1.0000
  -2.6222360574  -2.8367189852  -3.6613235033
  -2.6223728569  -2.8368669741  -3.8891261781
      
      
#  type   0  conf  1.0000
  -2.6223728569  -2.8368669741  -3.8891261781
  -2.0786105024  -2.2486281730  -4.3402160042
      
      
#  type   0  conf  1.0000
  -2.0786105024  -2.2486281730  -4.3402160042
  -1.6807744921  -1.8182516017  -4.5873336870
      
      
#  96  norm     0.7289686274   -0.6845471059    0.0000000000
# nedges  12 
#  type   0  conf  1.0000
   1.6386433390   1.7449779210  -4.5897836062
   1.9687652435   2.0965220433  -4.3521997284
      
      
#  type   0  conf  1.0000
   1.9687652435   2.0965220433  -4.3521997284
   2.2879684940   2.4364389802  -3.9253099327
      
      
#  type   0  conf  1.0000
   2.2879684940   2.4364389802  -3.9253099327
   2.2866731774   2.4350596081  -3.7748989694
      
      
#  type   0  conf  1.0000
   2.2866731774   2.4350596081  -3.7748989694
   0.9523646715   1.0141653677  -2.0651732845
      
      
#  type   0  conf  1.0000
   0.9523646715   1.0141653677  -2.0651732845
   0.6049657767   0.6442231193  -1.6649437325
      
      
#  type   0  conf  1.0000
   0.6049657767   0.6442231193  -1.6649437325
   0.5501140786   0.5858119936  -1.6704546511
      
      
#  type   0  conf  1.0000
   0.5501140786   0.5858119936  -1.6704546511
   0.1760012053   0.1874222474  -1.8741146871
      
      
#  type   0  conf  1.0000
   0.1760012053   0.1874222474  -1.8741146871
   0.1318481403   0.1404040088  -1.9020821679
      
      
#  type   0  conf  1.0000
   0.1318481403   0.1404040088  -1.9020821679
  -2.6477456658  -2.8195627547  -3.6616471654
      
      
#  type   0  conf  1.0000
  -2.6477456658  -2.8195627547  -3.6616471654
  -2.6481803930  -2.8200256922  -3.8881624973
      
      
#  type   0  conf  1.0000
  -2.6481803930  -2.8200256922  -3.8881624973
  -2.0956194403  -2.2316080424  -4.3408727996
      
      
#  type   0  conf  1.0000
  -2.0956194403  -2.2316080424  -4.3408727996
  -1.6970536269  -1.8071785599  -4.5864584341
      
      
#  97  norm     0.7235697792   -0.6902512402    0.0000000000
# nedges  15 
#  type   0  conf  1.0000
   1.6550336749   1.7349224180  -4.5905686033
   1.9853178639   2.0811494782  -4.3523324600
      
      
#  type   0  conf  1.0000
   1.9853178639   2.0811494782  -4.3523324600
   2.3036086062   2.4148041661  -3.9310363573
      
      
#  type   0  conf  1.0000
   2.3036086062   2.4148041661  -3.9310363573
   2.3096235585   2.4211094610  -3.8931253453
      
      
#  type   0  conf  1.0000
   2.3096235585   2.4211094610  -3.8931253453
   2.3076840453   2.4190763272  -3.7731585692
      
      
#  type   0  conf  1.0000
   2.3076840453   2.4190763272  -3.7731585692
   1.0252935273   1.0747846117  -2.1457153767
      
      
#  type   0  conf  1.0000
   1.0252935273   1.0747846117  -2.1457153767
   0.9362643139   0.9814579437  -2.0350793429
      
      
#  type   0  conf  1.0000
   0.9362643139   0.9814579437  -2.0350793429
   0.6157735348   0.6454970229  -1.6698546426
      
      
#  type   4  conf  0.0000
#  type   0  conf  1.0000
   0.5620465898   0.5891766696  -1.6695488026
   0.1788650263   0.1874988700  -1.8733347795
      
      
#  type   3  conf  0.0000
#  type   0  conf  1.0000
   0.1610526907   0.1688267301  -1.8855376141
  -2.6718874698  -2.8008599100  -3.6608379329
      
      
#  type   0  conf  1.0000
  -2.6718874698  -2.8008599100  -3.6608379329
  -2.6729616078  -2.8019858968  -3.8887145007
      
      
#  type   0  conf  1.0000
  -2.6729616078  -2.8019858968  -3.8887145007
  -2.1223024325  -2.2247463141  -4.3330621584
      
      
#  type   0  conf  1.0000
  -2.1223024325  -2.2247463141  -4.3330621584
  -2.0957497810  -2.1969119618  -4.3513250792
      
      
#  type   0  conf  1.0000
  -2.0957497810  -2.1969119618  -4.3513250792
  -1.7088399388  -1.7913259189  -4.5888299877
      
      
#  98  norm     0.7181262978   -0.6959127966    0.0000000000
# nedges  14 
#  type   0  conf  1.0000
   1.6726764059   1.7260681519  -4.5904095955
   2.0040929038   2.0680634477  -4.3505008812
      
      
#  type   0  conf  1.0000
   2.0040929038   2.0680634477  -4.3505008812
   2.3304850321   2.4048739961  -3.9208701387
      
      
#  type   0  conf  1.0000
   2.3304850321   2.4048739961  -3.9208701387
   2.3287427239   2.4030760736  -3.7710257176
      
      
#  type   0  conf  1.0000
   2.3287427239   2.4030760736  -3.7710257176
   0.9703434121   1.0013167246  -2.0638433875
      
      
#  type   0  conf  1.0000
   0.9703434121   1.0013167246  -2.0638433875
   0.6208625581   0.6406804595  -1.6658831540
      
      
#  type   0  conf  1.0000
   0.6208625581   0.6406804595  -1.6658831540
   0.5626702460   0.5806306517  -1.6710022497
      
      
#  type   0  conf  1.0000
   0.5626702460   0.5806306517  -1.6710022497
   0.1892921483   0.1953343440  -1.8702738405
      
      
#  type   3  conf  0.0000
#  type   0  conf  1.0000
   0.1804926255   0.1862539409  -1.8748255549
  -2.6909345669  -2.7768290618  -3.6582640587
      
      
#  type   0  conf  1.0000
  -2.6909345669  -2.7768290618  -3.6582640587
  -2.6981948280  -2.7843210700  -3.7123107853
      
      
#  type   0  conf  1.0000
  -2.6981948280  -2.7843210700  -3.7123107853
  -2.6976046089  -2.7837120112  -3.8890105156
      
      
#  type   0  conf  1.0000
  -2.6976046089  -2.7837120112  -3.8890105156
  -2.1396141168  -2.2079104909  -4.3327150207
      
      
#  type   0  conf  1.0000
  -2.1396141168  -2.2079104909  -4.3327150207
  -2.1038982969  -2.1710546239  -4.3566703071
      
      
#  type   0  conf  1.0000
  -2.1038982969  -2.1710546239  -4.3566703071
  -1.7245724766  -1.7796207426  -4.5887221288
      
      
#  99  norm     0.7126385189   -0.7015314258    0.0000000000
# nedges  11 
#  type   0  conf  1.0000
   1.6951608905   1.7219997593  -4.5864104657
   2.0206577388   2.0526500815  -4.3508147403
      
      
#  type   0  conf  1.0000
   2.0206577388   2.0526500815  -4.3508147403
   2.3519876891   2.3892258589  -3.9183841327
      
      
#  type   0  conf  1.0000
   2.3519876891   2.3892258589  -3.9183841327
   2.3503322543   2.3875442142  -3.7688253729
      
      
#  type   0  conf  1.0000
   2.3503322543   2.3875442142  -3.7688253729
   0.9779869131   0.9934710260  -2.0612783674
      
      
#  type   0  conf  1.0000
   0.9779869131   0.9934710260  -2.0612783674
   0.6296556982   0.6396248090  -1.6672738280
      
      
#  type   0  conf  1.0000
   0.6296556982   0.6396248090  -1.6672738280
   0.5738717221   0.5829576254  -1.6689933598
      
      
#  type   0  conf  1.0000
   0.5738717221   0.5829576254  -1.6689933598
   0.1889401080   0.1919315283  -1.8721621929
      
      
#  type   0  conf  1.0000
   0.1889401080   0.1919315283  -1.8721621929
  -2.7209764086  -2.7640566433  -3.6607148930
      
      
#  type   0  conf  1.0000
  -2.7209764086  -2.7640566433  -3.6607148930
  -2.7234131799  -2.7665319951  -3.8874088453
      
      
#  type   0  conf  1.0000
  -2.7234131799  -2.7665319951  -3.8874088453
  -2.1478791477  -2.1818857408  -4.3398303945
      
      
#  type   0  conf  1.0000
  -2.1478791477  -2.1818857408  -4.3398303945
  -1.7424607727  -1.7700485235  -4.5870670924
      
      
# 100  norm     0.7071067812   -0.7071067812    0.0000000000
# nedges  13 
#  type   0  conf  1.0000
   1.7082856899   1.7082856899  -4.5895354752
   2.0372315231   2.0372315231  -4.3505687529
      
      
#  type   0  conf  1.0000
   2.0372315231   2.0372315231  -4.3505687529
   2.3731881088   2.3731881088  -3.9170310128
      
      
#  type   0  conf  1.0000
   2.3731881088   2.3731881088  -3.9170310128
   2.3710729922   2.3710729922  -3.7651543871
      
      
#  type   0  conf  1.0000
   2.3710729922   2.3710729922  -3.7651543871
   0.9941975843   0.9941975843  -2.0698797784
      
      
#  type   0  conf  1.0000
   0.9941975843   0.9941975843  -2.0698797784
   0.9486240324   0.9486240324  -2.0177039228
      
      
#  type   0  conf  1.0000
   0.9486240324   0.9486240324  -2.0177039228
   0.6354153867   0.6354153867  -1.6655577062
      
      
#  type   0  conf  1.0000
   0.6354153867   0.6354153867  -1.6655577062
   0.5758423375   0.5758423375  -1.6713971002
      
      
#  type   0  conf  1.0000
   0.5758423375   0.5758423375  -1.6713971002
   0.2002189911   0.2002189911  -1.8681468487
      
      
#  type   0  conf  1.0000
   0.2002189911   0.2002189911  -1.8681468487
   0.1405818141   0.1405818141  -1.9031765068
      
      
#  type   0  conf  1.0000
   0.1405818141   0.1405818141  -1.9031765068
  -2.7473014962  -2.7473014962  -3.6626120661
      
      
#  type   0  conf  1.0000
  -2.7473014962  -2.7473014962  -3.6626120661
  -2.7465243641  -2.7465243641  -3.8893120222
      
      
#  type   0  conf  1.0000
  -2.7465243641  -2.7465243641  -3.8893120222
  -2.1608812481  -2.1608812481  -4.3420991763
      
      
#  type   0  conf  1.0000
  -2.1608812481  -2.1608812481  -4.3420991763
  -1.7573174873  -1.7573174873  -4.5870709229
      
      
# 101  norm     0.7015314258   -0.7126385189    0.0000000000
# nedges  14 
#  type   0  conf  1.0000
   1.7244919742   1.6976142620  -4.5901087521
   2.0432145448   2.0113692632  -4.3578882784
      
      
#  type   0  conf  1.0000
   2.0432145448   2.0113692632  -4.3578882784
   2.0677235905   2.0354963140  -4.3327855113
      
      
#  type   0  conf  1.0000
   2.0677235905   2.0354963140  -4.3327855113
   2.3950655520   2.3577363655  -3.9139842892
      
      
#  type   0  conf  1.0000
   2.3950655520   2.3577363655  -3.9139842892
   2.3917260769   2.3544489390  -3.7614505454
      
      
#  type   0  conf  1.0000
   2.3917260769   2.3544489390  -3.7614505454
   0.9904470387   0.9750100573  -2.0540485746
      
      
#  type   0  conf  1.0000
   0.9904470387   0.9750100573  -2.0540485746
   0.6441370365   0.6340975987  -1.6670796453
      
      
#  type   0  conf  1.0000
   0.6441370365   0.6340975987  -1.6670796453
   0.5882716863   0.5791029588  -1.6685922338
      
      
#  type   0  conf  1.0000
   0.5882716863   0.5791029588  -1.6685922338
   0.2017666878   0.1986219779  -1.8689039435
      
      
#  type   0  conf  1.0000
   0.2017666878   0.1986219779  -1.8689039435
   0.0911164876   0.0896963576  -1.9349083379
      
      
#  type   0  conf  1.0000
   0.0911164876   0.0896963576  -1.9349083379
  -2.7710662951  -2.7278768089  -3.6620791533
      
      
#  type   0  conf  1.0000
  -2.7710662951  -2.7278768089  -3.6620791533
  -2.7711691214  -2.7279780326  -3.8874563449
      
      
#  type   0  conf  1.0000
  -2.7711691214  -2.7279780326  -3.8874563449
  -2.2192767653  -2.1846874004  -4.3103886162
      
      
#  type   0  conf  1.0000
  -2.2192767653  -2.1846874004  -4.3103886162
  -2.1639843146  -2.1302567308  -4.3499505771
      
      
#  type   0  conf  1.0000
  -2.1639843146  -2.1302567308  -4.3499505771
  -1.7721941243  -1.7445729325  -4.5870538203
      
      
# 102  norm     0.6959127966   -0.7181262978    0.0000000000
# nedges  13 
#  type   0  conf  1.0000
   1.7444229960   1.6904634873  -4.5876252291
   2.0682017786   2.0042269558  -4.3512615584
      
      
#  type   0  conf  1.0000
   2.0682017786   2.0042269558  -4.3512615584
   2.4138668438   2.3391997078  -3.9185154855
      
      
#  type   0  conf  1.0000
   2.4138668438   2.3391997078  -3.9185154855
   2.4146030428   2.3399131342  -3.7612295353
      
      
#  type   0  conf  1.0000
   2.4146030428   2.3399131342  -3.7612295353
   1.0096386055   0.9784078757  -2.0659468284
      
      
#  type   0  conf  1.0000
   1.0096386055   0.9784078757  -2.0659468284
   0.9911140279   0.9604563112  -2.0441197632
      
      
#  type   0  conf  1.0000
   0.9911140279   0.9604563112  -2.0441197632
   0.6508698706   0.6307367844  -1.6665913447
      
      
#  type   0  conf  1.0000
   0.6508698706   0.6307367844  -1.6665913447
   0.5944335482   0.5760461832  -1.6688413632
      
      
#  type   0  conf  1.0000
   0.5944335482   0.5760461832  -1.6688413632
   0.2033593583   0.1970689281  -1.8698754327
      
      
#  type   0  conf  1.0000
   0.2033593583   0.1970689281  -1.8698754327
   0.1846390500   0.1789276873  -1.8804231099
      
      
#  type   0  conf  1.0000
   0.1846390500   0.1789276873  -1.8804231099
  -2.7947665277  -2.7083171807  -3.6617442118
      
      
#  type   0  conf  1.0000
  -2.7947665277  -2.7083171807  -3.6617442118
  -2.7943252872  -2.7078895888  -3.8892344667
      
      
#  type   0  conf  1.0000
  -2.7943252872  -2.7078895888  -3.8892344667
  -2.1928277007  -2.1249978763  -4.3420815278
      
      
#  type   0  conf  1.0000
  -2.1928277007  -2.1249978763  -4.3420815278
  -1.7866134858  -1.7313489162  -4.5872860273
      
      
# 103  norm     0.6902512402   -0.7235697792    0.0000000000
# nedges  12 
#  type   0  conf  1.0000
   1.7568857059   1.6759856095  -4.5904173736
   2.0839779772   1.9880161178  -4.3511918746
      
      
#  type   0  conf  1.0000
   2.0839779772   1.9880161178  -4.3511918746
   2.4359137290   2.3237461277  -3.9171248414
      
      
#  type   0  conf  1.0000
   2.4359137290   2.3237461277  -3.9171248414
   2.4340682340   2.3219856131  -3.7573146269
      
      
#  type   0  conf  1.0000
   2.4340682340   2.3219856131  -3.7573146269
   1.0082086251   0.9617831948  -2.0534326087
      
      
#  type   3  conf  0.0000
#  type   0  conf  1.0000
   1.0000394758   0.9539902140  -2.0446674255
   0.6605673027   0.6301498667  -1.6685994557
      
      
#  type   4  conf  0.0000
#  type   0  conf  1.0000
   0.6026548740   0.5749041574  -1.6681216697
   0.2001895154   0.1909712999  -1.8731048640
      
      
#  type   0  conf  1.0000
   0.2001895154   0.1909712999  -1.8731048640
  -2.8164212022  -2.6867322043  -3.6606986230
      
      
#  type   0  conf  1.0000
  -2.8164212022  -2.6867322043  -3.6606986230
  -2.8186915651  -2.6888980229  -3.8875752573
      
      
#  type   0  conf  1.0000
  -2.8186915651  -2.6888980229  -3.8875752573
  -2.2104712556  -2.1086847040  -4.3410263237
      
      
#  type   0  conf  1.0000
  -2.2104712556  -2.1086847040  -4.3410263237
  -1.8010664591  -1.7181319520  -4.5871372261
      
      
# 104  norm     0.6845471059   -0.7289686274    0.0000000000
# nedges  12 
#  type   0  conf  1.0000
   1.7739290691   1.6658302768  -4.5900266035
   2.0990824645   1.9711696390  -4.3514584301
      
      
#  type   0  conf  1.0000
   2.0990824645   1.9711696390  -4.3514584301
   2.4566758154   2.3069721472  -3.9180123988
      
      
#  type   0  conf  1.0000
   2.4566758154   2.3069721472  -3.9180123988
   2.4530565674   2.3035734471  -3.7523938325
      
      
#  type   0  conf  1.0000
   2.4530565674   2.3035734471  -3.7523938325
   1.0160057863   0.9540929396  -2.0520902828
      
      
#  type   0  conf  1.0000
   1.0160057863   0.9540929396  -2.0520902828
   0.6693758320   0.6285857461  -1.6702045031
      
      
#  type   4  conf  0.0000
#  type   0  conf  1.0000
   0.6124826279   0.5751594713  -1.6666265584
   0.2063117646   0.1937396426  -1.8717671673
      
      
#  type   0  conf  1.0000
   0.2063117646   0.1937396426  -1.8717671673
   0.1945325584   0.1826782318  -1.8780897232
      
      
#  type   0  conf  1.0000
   0.1945325584   0.1826782318  -1.8780897232
  -2.8408179054  -2.6677055808  -3.6619240889
      
      
#  type   0  conf  1.0000
  -2.8408179054  -2.6677055808  -3.6619240889
  -2.8409516987  -2.6678312211  -3.8882030640
      
      
#  type   0  conf  1.0000
  -2.8409516987  -2.6678312211  -3.8882030640
  -2.2261717844  -2.0905144542  -4.3405959848
      
      
#  type   0  conf  1.0000
  -2.2261717844  -2.0905144542  -4.3405959848
  -1.8152218482  -1.7046067774  -4.5873264073
      
      
# 105  norm     0.6788007455   -0.7343225094   -0.0000000000
# nedges  15 
#  type   0  conf  1.0000
   1.7896212290   1.6543088478  -4.5905667052
   2.0971946425   1.9386267867  -4.3637220207
      
      
#  type   0  conf  1.0000
   2.0971946425   1.9386267867  -4.3637220207
   2.1256045452   1.9648886306  -4.3382694173
      
      
#  type   0  conf  1.0000
   2.1256045452   1.9648886306  -4.3382694173
   2.4770535897   2.2897647857  -3.9177712707
      
      
#  type   0  conf  1.0000
   2.4770535897   2.2897647857  -3.9177712707
   2.4753120061   2.2881548823  -3.7528186368
      
      
#  type   0  conf  1.0000
   2.4753120061   2.2881548823  -3.7528186368
   1.0313701488   0.9533887589  -2.0595210776
      
      
#  type   0  conf  1.0000
   1.0313701488   0.9533887589  -2.0595210776
   0.9863304855   0.9117545224  -2.0096247287
      
      
#  type   0  conf  1.0000
   0.9863304855   0.9117545224  -2.0096247287
   0.6715159758   0.6207429830  -1.6658212203
      
      
#  type   0  conf  1.0000
   0.6715159758   0.6207429830  -1.6658212203
   0.6128495065   0.5665122566  -1.6695499327
      
      
#  type   0  conf  1.0000
   0.6128495065   0.5665122566  -1.6695499327
   0.2849200320   0.2633773684  -1.8339689763
      
      
#  type   3  conf  0.0000
#  type   0  conf  1.0000
   0.2093321441   0.1935046436  -1.8712978133
  -2.8560592387  -2.6401140039  -3.6575424885
      
      
#  type   0  conf  1.0000
  -2.8560592387  -2.6401140039  -3.6575424885
  -2.8638492132  -2.6473149822  -3.7124208684
      
      
#  type   0  conf  1.0000
  -2.8638492132  -2.6473149822  -3.7124208684
  -2.8629711296  -2.6465032901  -3.8892832319
      
      
#  type   0  conf  1.0000
  -2.8629711296  -2.6465032901  -3.8892832319
  -2.2389869731  -2.0696982689  -4.3420534864
      
      
#  type   0  conf  1.0000
  -2.2389869731  -2.0696982689  -4.3420534864
  -1.8301104469  -1.6917366958  -4.5867761305
      
      
# 106  norm     0.6730125135   -0.7396310950    0.0000000000
# nedges  14 
#  type   0  conf  1.0000
   1.8159274485   1.6523668417  -4.5827893591
   2.1285491853   1.9368307350  -4.3515387001
      
      
#  type   0  conf  1.0000
   2.1285491853   1.9368307350  -4.3515387001
   2.4973509372   2.2724145088  -3.9215815942
      
      
#  type   0  conf  1.0000
   2.4973509372   2.2724145088  -3.9215815942
   2.4951750292   2.2704345849  -3.7504797963
      
      
#  type   0  conf  1.0000
   2.4951750292   2.2704345849  -3.7504797963
   1.0384556386   0.9449219269  -2.0572475064
      
      
#  type   0  conf  1.0000
   1.0384556386   0.9449219269  -2.0572475064
   1.0305197802   0.9377008515  -2.0486101641
      
      
#  type   0  conf  1.0000
   1.0305197802   0.9377008515  -2.0486101641
   0.6822115902   0.6207647842  -1.6689841707
      
      
#  type   4  conf  0.0000
#  type   0  conf  1.0000
   0.6235151232   0.5673551087  -1.6675094106
   0.2092623435   0.1904140817  -1.8734430044
      
      
#  type   0  conf  1.0000
   0.2092623435   0.1904140817  -1.8734430044
   0.1996863570   0.1817006045  -1.8789030322
      
      
#  type   0  conf  1.0000
   0.1996863570   0.1817006045  -1.8789030322
  -2.8855989945  -2.6256930590  -3.6615669735
      
      
#  type   0  conf  1.0000
  -2.8855989945  -2.6256930590  -3.6615669735
  -2.8870614594  -2.6270237996  -3.8868241488
      
      
#  type   0  conf  1.0000
  -2.8870614594  -2.6270237996  -3.8868241488
  -2.2647017313  -2.0607200196  -4.3346914173
      
      
#  type   0  conf  1.0000
  -2.2647017313  -2.0607200196  -4.3346914173
  -2.2173673140  -2.0176490139  -4.3636227090
      
      
#  type   0  conf  1.0000
  -2.2173673140  -2.0176490139  -4.3636227090
  -1.8432185730  -1.6771998543  -4.5871109421
      
      
# 107  norm     0.6671827669   -0.7448940566    0.0000000000
# nedges  15 
#  type   0  conf  1.0000
   1.8212251052   1.6312252650  -4.5904205877
   2.1318730636   1.9094647846  -4.3599450712
      
      
#  type   0  conf  1.0000
   2.1318730636   1.9094647846  -4.3599450712
   2.1558371201   1.9309287838  -4.3370991741
      
      
#  type   0  conf  1.0000
   2.1558371201   1.9309287838  -4.3370991741
   2.5181281564   2.2554237021  -3.9222685993
      
      
#  type   0  conf  1.0000
   2.5181281564   2.2554237021  -3.9222685993
   2.5135621415   2.2513340380  -3.7458663882
      
      
#  type   0  conf  1.0000
   2.5135621415   2.2513340380  -3.7458663882
   1.0432603758   0.9344219328  -2.0529375115
      
      
#  type   0  conf  1.0000
   1.0432603758   0.9344219328  -2.0529375115
   0.6865590610   0.6149335867  -1.6662572860
      
      
#  type   0  conf  1.0000
   0.6865590610   0.6149335867  -1.6662572860
   0.6260870050   0.5607702956  -1.6695168067
      
      
#  type   0  conf  1.0000
   0.6260870050   0.5607702956  -1.6695168067
   0.2221520141   0.1989759404  -1.8685604819
      
      
#  type   0  conf  1.0000
   0.2221520141   0.1989759404  -1.8685604819
   0.1737238853   0.1556000903  -1.8955819487
      
      
#  type   0  conf  1.0000
   0.1737238853   0.1556000903  -1.8955819487
  -2.8968283768  -2.5946159116  -3.6552121881
      
      
#  type   0  conf  1.0000
  -2.8968283768  -2.5946159116  -3.6552121881
  -2.9078193048  -2.6044602078  -3.6864304430
      
      
#  type   0  conf  1.0000
  -2.9078193048  -2.6044602078  -3.6864304430
  -2.9081091364  -2.6047198027  -3.8887457587
      
      
#  type   0  conf  1.0000
  -2.9081091364  -2.6047198027  -3.8887457587
  -2.2806711544  -2.0427394711  -4.3328993191
      
      
#  type   0  conf  1.0000
  -2.2806711544  -2.0427394711  -4.3328993191
  -2.2422554826  -2.0083315255  -4.3573456695
      
      
#  type   0  conf  1.0000
  -2.2422554826  -2.0083315255  -4.3573456695
  -1.8534118435  -1.6600541124  -4.5890112922
      
      
# 108  norm     0.6613118653   -0.7501110696    0.0000000000
# nedges  12 
#  type   0  conf  1.0000
   1.8377237120   1.6201713922  -4.5902489528
   2.1564200115   1.9011399751  -4.3519351856
      
      
#  type   0  conf  1.0000
   2.1564200115   1.9011399751  -4.3519351856
   2.5371703676   2.2368165681  -3.9263482152
      
      
#  type   0  conf  1.0000
   2.5371703676   2.2368165681  -3.9263482152
   2.5349935308   2.2348974283  -3.7458145481
      
      
#  type   0  conf  1.0000
   2.5349935308   2.2348974283  -3.7458145481
   1.0647202376   0.9386771571  -2.0675475043
      
      
#  type   0  conf  1.0000
   1.0647202376   0.9386771571  -2.0675475043
   1.0352736734   0.9127165187  -2.0351220225
      
      
#  type   0  conf  1.0000
   1.0352736734   0.9127165187  -2.0351220225
   0.6971363890   0.6146084020  -1.6696993627
      
      
#  type   4  conf  0.0000
#  type   0  conf  1.0000
   0.6378111722   0.5623061878  -1.6670576519
   0.2143489341   0.1889740055  -1.8740090497
      
      
#  type   0  conf  1.0000
   0.2143489341   0.1889740055  -1.8740090497
  -2.9286221247  -2.5819277151  -3.6608132620
      
      
#  type   0  conf  1.0000
  -2.9286221247  -2.5819277151  -3.6608132620
  -2.9310607338  -2.5840776383  -3.8874461053
      
      
#  type   0  conf  1.0000
  -2.9310607338  -2.5840776383  -3.8874461053
  -2.2845503964  -2.0141021046  -4.3404994234
      
      
#  type   0  conf  1.0000
  -2.2845503964  -2.0141021046  -4.3404994234
  -1.8700098660  -1.6486354657  -4.5871958539
      
      
# 109  norm     0.6554001709   -0.7552818123    0.0000000000
# nedges  12 
#  type   0  conf  1.0000
   1.8532490055   1.6081675676  -4.5902555564
   2.1691690821   1.8823090455  -4.3528999013
      
      
#  type   0  conf  1.0000
   2.1691690821   1.8823090455  -4.3528999013
   2.5567780166   2.2186589454  -3.9292628237
      
      
#  type   0  conf  1.0000
   2.5567780166   2.2186589454  -3.9292628237
   2.5551192637   2.2172195529  -3.7440896486
      
      
#  type   0  conf  1.0000
   2.5551192637   2.2172195529  -3.7440896486
   1.0576780994   0.9178063020  -2.0497633625
      
      
#  type   0  conf  1.0000
   1.0576780994   0.9178063020  -2.0497633625
   0.7007016286   0.6080379001  -1.6663762846
      
      
#  type   0  conf  1.0000
   0.7007016286   0.6080379001  -1.6663762846
   0.6377038060   0.5533711743  -1.6702940776
      
      
#  type   0  conf  1.0000
   0.6377038060   0.5533711743  -1.6702940776
   0.2234592656   0.1939080731  -1.8710947835
      
      
#  type   0  conf  1.0000
   0.2234592656   0.1939080731  -1.8710947835
   0.2038163977   0.1768628606  -1.8818918529
      
      
#  type   0  conf  1.0000
   0.2038163977   0.1768628606  -1.8818918529
  -2.9509143206  -2.5606730079  -3.6615794626
      
      
#  type   0  conf  1.0000
  -2.9509143206  -2.5606730079  -3.6615794626
  -2.9518285139  -2.5614663044  -3.8878613080
      
      
#  type   0  conf  1.0000
  -2.9518285139  -2.5614663044  -3.8878613080
  -2.2994704745  -1.9953788341  -4.3398178646
      
      
#  type   0  conf  1.0000
  -2.2994704745  -1.9953788341  -4.3398178646
  -1.8832949836  -1.6342401393  -4.5871025423
      
      
# 110  norm     0.6494480483   -0.7604059656   -0.0000000000
# nedges  14 
#  type   0  conf  1.0000
   1.8682989742   1.5956780686  -4.5902502671
   2.1835689700   1.8649440827  -4.3525055445
      
      
#  type   0  conf  1.0000
   2.1835689700   1.8649440827  -4.3525055445
   2.5764270208   2.2004765560  -3.9304622089
      
      
#  type   0  conf  1.0000
   2.5764270208   2.2004765560  -3.9304622089
   2.5753820679   2.1995840818  -3.7431215408
      
      
#  type   0  conf  1.0000
   2.5753820679   2.1995840818  -3.7431215408
   1.0885714461   0.9297278468  -2.0750361073
      
      
#  type   0  conf  1.0000
   1.0885714461   0.9297278468  -2.0750361073
   1.0498982364   0.8966978054  -2.0322279316
      
      
#  type   0  conf  1.0000
   1.0498982364   0.8966978054  -2.0322279316
   0.7075622724   0.6043152706  -1.6667354021
      
      
#  type   0  conf  1.0000
   0.7075622724   0.6043152706  -1.6667354021
   0.6469582963   0.5525545852  -1.6689394707
      
      
#  type   0  conf  1.0000
   0.6469582963   0.5525545852  -1.6689394707
   0.2248178803   0.1920126093  -1.8720799376
      
      
#  type   0  conf  1.0000
   0.2248178803   0.1920126093  -1.8720799376
   0.2052269410   0.1752803664  -1.8828313884
      
      
#  type   0  conf  1.0000
   0.2052269410   0.1752803664  -1.8828313884
  -2.9719043841  -2.5382461335  -3.6614734596
      
      
#  type   0  conf  1.0000
  -2.9719043841  -2.5382461335  -3.6614734596
  -2.9734413248  -2.5395588049  -3.8869292803
      
      
#  type   0  conf  1.0000
  -2.9734413248  -2.5395588049  -3.8869292803
  -2.3581349352  -2.0140375019  -4.3090631584
      
      
#  type   0  conf  1.0000
  -2.3581349352  -2.0140375019  -4.3090631584
  -2.3003420939  -1.9646777524  -4.3468524866
      
      
#  type   0  conf  1.0000
  -2.3003420939  -1.9646777524  -4.3468524866
  -1.8963834573  -1.6196644831  -4.5877270679
      
      
# 111  norm     0.6434558647   -0.7654832135    0.0000000000
# nedges  12 
#  type   0  conf  1.0000
   1.8832301388   1.5830203146  -4.5902082548
   2.1965731203   1.8464126080  -4.3529081280
      
      
#  type   0  conf  1.0000
   2.1965731203   1.8464126080  -4.3529081280
   2.5962087283   2.1823414320  -3.9315541014
      
      
#  type   0  conf  1.0000
   2.5962087283   2.1823414320  -3.9315541014
   2.5940318660   2.1805115880  -3.7411769338
      
      
#  type   0  conf  1.0000
   2.5940318660   2.1805115880  -3.7411769338
   1.0843923028   0.9115269605  -2.0609955811
      
      
#  type   0  conf  1.0000
   1.0843923028   0.9115269605  -2.0609955811
   0.7171580812   0.6028343472  -1.6689304599
      
      
#  type   0  conf  1.0000
   0.7171580812   0.6028343472  -1.6689304599
   0.6555900655   0.5510810231  -1.6677681537
      
      
#  type   0  conf  1.0000
   0.6555900655   0.5510810231  -1.6677681537
   0.2366277738   0.1989064242  -1.8679216031
      
      
#  type   0  conf  1.0000
   0.2366277738   0.1989064242  -1.8679216031
   0.1718326154   0.1444404034  -1.9030590937
      
      
#  type   0  conf  1.0000
   0.1718326154   0.1444404034  -1.9030590937
  -2.9926214594  -2.5155611449  -3.6615117568
      
      
#  type   0  conf  1.0000
  -2.9926214594  -2.5155611449  -3.6615117568
  -2.9933138594  -2.5161431679  -3.8883576793
      
      
#  type   0  conf  1.0000
  -2.9933138594  -2.5161431679  -3.8883576793
  -2.3230978968  -1.9527677938  -4.3418159543
      
      
#  type   0  conf  1.0000
  -2.3230978968  -1.9527677938  -4.3418159543
  -1.9088549504  -1.6045602191  -4.5871239729
      
      
# 112  norm     0.6374239897   -0.7705132428   -0.0000000000
# nedges  14 
#  type   0  conf  1.0000
   1.8980004505   1.5701625262  -4.5907983327
   2.2100203835   1.8282878633  -4.3522719754
      
      
#  type   0  conf  1.0000
   2.2100203835   1.8282878633  -4.3522719754
   2.6155522561   2.1637730047  -3.9335939140
      
      
#  type   0  conf  1.0000
   2.6155522561   2.1637730047  -3.9335939140
   2.6136665390   2.1622130039  -3.7400900702
      
      
#  type   0  conf  1.0000
   2.6136665390   2.1622130039  -3.7400900702
   1.0910745920   0.9026154009  -2.0593081822
      
      
#  type   0  conf  1.0000
   1.0910745920   0.9026154009  -2.0593081822
   1.0849729929   0.8975677191  -2.0527203397
      
      
#  type   0  conf  1.0000
   1.0849729929   0.8975677191  -2.0527203397
   0.7228438476   0.5979884364  -1.6678421675
      
      
#  type   0  conf  1.0000
   0.7228438476   0.5979884364  -1.6678421675
   0.6603306446   0.5462730174  -1.6685143324
      
      
#  type   0  conf  1.0000
   0.6603306446   0.5462730174  -1.6685143324
   0.2397780781   0.1983616773  -1.8681239288
      
      
#  type   0  conf  1.0000
   0.2397780781   0.1983616773  -1.8681239288
   0.1698458209   0.1405086828  -1.9057144066
      
      
#  type   0  conf  1.0000
   0.1698458209   0.1405086828  -1.9057144066
  -3.0124743062  -2.4921354815  -3.6611691360
      
      
#  type   0  conf  1.0000
  -3.0124743062  -2.4921354815  -3.6611691360
  -3.0147564922  -2.4940234700  -3.8867466197
      
      
#  type   0  conf  1.0000
  -3.0147564922  -2.4940234700  -3.8867466197
  -2.3509211024  -1.9448510752  -4.3320649796
      
      
#  type   0  conf  1.0000
  -2.3509211024  -1.9448510752  -4.3320649796
  -2.2991620147  -1.9020322340  -4.3631993578
      
      
#  type   0  conf  1.0000
  -2.2991620147  -1.9020322340  -4.3631993578
  -1.9222251696  -1.5902029567  -4.5868150089
      
      
# 113  norm     0.6313527954   -0.7754957432    0.0000000000
# nedges  12 
#  type   0  conf  1.0000
   1.9124207953   1.5569553099  -4.5905960626
   2.2211204274   1.8082763229  -4.3540660738
      
      
#  type   0  conf  1.0000
   2.2211204274   1.8082763229  -4.3540660738
   2.6353351418   2.1455001183  -3.9340790821
      
      
#  type   0  conf  1.0000
   2.6353351418   2.1455001183  -3.9340790821
   2.6310770134   2.1420334568  -3.7348011574
      
      
#  type   0  conf  1.0000
   2.6310770134   2.1420334568  -3.7348011574
   0.7363477633   0.5994813290  -1.6668961059
      
      
#  type   0  conf  1.0000
   0.7363477633   0.5994813290  -1.6668961059
   0.6662065157   0.5423773757  -1.6687529864
      
      
#  type   0  conf  1.0000
   0.6662065157   0.5423773757  -1.6687529864
   0.2411121260   0.1962961320  -1.8688816676
      
      
#  type   0  conf  1.0000
   0.2411121260   0.1962961320  -1.8688816676
   0.2111522058   0.1719049222  -1.8845671165
      
      
#  type   0  conf  1.0000
   0.2111522058   0.1719049222  -1.8845671165
  -3.0316904766  -2.4681840928  -3.6607842789
      
      
#  type   0  conf  1.0000
  -3.0316904766  -2.4681840928  -3.6607842789
  -3.0353909125  -2.4711967212  -3.8851914949
      
      
#  type   0  conf  1.0000
  -3.0353909125  -2.4711967212  -3.8851914949
  -2.4546390693  -1.9983903868  -4.2721437984
      
      
#  type   0  conf  1.0000
  -2.4546390693  -1.9983903868  -4.2721437984
  -2.3413533474  -1.9061613091  -4.3457209954
      
      
#  type   0  conf  1.0000
  -2.3413533474  -1.9061613091  -4.3457209954
  -1.9335074762  -1.5741225672  -4.5870951562
      
      
# 114  norm     0.6252426563   -0.7804304073    0.0000000000
# nedges  13 
#  type   0  conf  1.0000
   1.9273299179   1.5440824271  -4.5904542691
   2.2340057702   1.7897761145  -4.3537752192
      
      
#  type   0  conf  1.0000
   2.2340057702   1.7897761145  -4.3537752192
   2.6541030406   2.1263374924  -3.9351974994
      
      
#  type   0  conf  1.0000
   2.6541030406   2.1263374924  -3.9351974994
   2.6521400464   2.1247648374  -3.7369538517
      
      
#  type   0  conf  1.0000
   2.6521400464   2.1247648374  -3.7369538517
   0.7685299951   0.6157086283  -1.6952535177
      
      
#  type   0  conf  1.0000
   0.7685299951   0.6157086283  -1.6952535177
   0.7261071301   0.5817215046  -1.6670820578
      
      
#  type   0  conf  1.0000
   0.7261071301   0.5817215046  -1.6670820578
   0.6715907943   0.5380456838  -1.6691459798
      
      
#  type   0  conf  1.0000
   0.6715907943   0.5380456838  -1.6691459798
   0.2428252308   0.1945396936  -1.8697257559
      
      
#  type   0  conf  1.0000
   0.2428252308   0.1945396936  -1.8697257559
   0.2124794096   0.1702281065  -1.8853924813
      
      
#  type   0  conf  1.0000
   0.2124794096   0.1702281065  -1.8853924813
  -3.0451446418  -2.4396208898  -3.6576169581
      
      
#  type   0  conf  1.0000
  -3.0451446418  -2.4396208898  -3.6576169581
  -3.0534312556  -2.4462597193  -3.7253415056
      
      
#  type   0  conf  1.0000
  -3.0534312556  -2.4462597193  -3.7253415056
  -3.0509534894  -2.4442746543  -3.8906150138
      
      
#  type   0  conf  1.0000
  -3.0509534894  -2.4442746543  -3.8906150138
  -2.3615810201  -1.8919831625  -4.3408604357
      
      
#  type   0  conf  1.0000
  -2.3615810201  -1.8919831625  -4.3408604357
  -1.9464294074  -1.5593840035  -4.5869900101
      
      
# 115  norm     0.6190939493   -0.7853169309    0.0000000000
# nedges  13 
#  type   0  conf  1.0000
   1.9416879991   1.5307033943  -4.5905230077
   2.2465752336   1.7710571097  -4.3534811790
      
      
#  type   0  conf  1.0000
   2.2465752336   1.7710571097  -4.3534811790
   2.6724666246   2.1068028104  -3.9366653923
      
      
#  type   0  conf  1.0000
   2.6724666246   2.1068028104  -3.9366653923
   2.6709941564   2.1056420100  -3.7359266160
      
      
#  type   0  conf  1.0000
   2.6709941564   2.1056420100  -3.7359266160
   0.7728008028   0.6092270295  -1.6937105386
      
      
#  type   0  conf  1.0000
   0.7728008028   0.6092270295  -1.6937105386
   0.7307402065   0.5760691290  -1.6675802009
      
      
#  type   0  conf  1.0000
   0.7307402065   0.5760691290  -1.6675802009
   0.6808356820   0.5367275741  -1.6680243055
      
      
#  type   0  conf  1.0000
   0.6808356820   0.5367275741  -1.6680243055
   0.2441233381   0.1924513220  -1.8704233482
      
      
#  type   0  conf  1.0000
   0.2441233381   0.1924513220  -1.8704233482
   0.2340376528   0.1845004088  -1.8755074414
      
      
#  type   0  conf  1.0000
   0.2340376528   0.1845004088  -1.8755074414
  -3.0708040383  -2.4208267069  -3.6609317710
      
      
#  type   0  conf  1.0000
  -3.0708040383  -2.4208267069  -3.6609317710
  -3.0735295485  -2.4229753258  -3.8869838822
      
      
#  type   0  conf  1.0000
  -3.0735295485  -2.4229753258  -3.8869838822
  -2.3845193436  -1.8798034775  -4.3345614738
      
      
#  type   0  conf  1.0000
  -2.3845193436  -1.8798034775  -4.3345614738
  -2.3454517463  -1.8490050671  -4.3578085291
      
      
#  type   0  conf  1.0000
  -2.3454517463  -1.8490050671  -4.3578085291
  -1.9573852126  -1.5430780796  -4.5870592941
      
      
# 116  norm     0.6129070537   -0.7901550124   -0.0000000000
# nedges  12 
#  type   0  conf  1.0000
   1.9560403096   1.5172603909  -4.5902230378
   2.2594878163   1.7526384046  -4.3525688363
      
      
#  type   0  conf  1.0000
   2.2594878163   1.7526384046  -4.3525688363
   2.6910649972   2.0874039812  -3.9375290457
      
      
#  type   0  conf  1.0000
   2.6910649972   2.0874039812  -3.9375290457
   2.6892367630   2.0859858575  -3.7346212806
      
      
#  type   0  conf  1.0000
   2.6892367630   2.0859858575  -3.7346212806
   0.7554890057   0.5860173426  -1.6688901500
      
      
#  type   4  conf  0.0000
#  type   0  conf  1.0000
   0.6862789569   0.5323325257  -1.6678473741
   0.2438757045   0.1891693872  -1.8721718930
      
      
#  type   0  conf  1.0000
   0.2438757045   0.1891693872  -1.8721718930
   0.2337904816   0.1813464864  -1.8773389126
      
      
#  type   0  conf  1.0000
   0.2337904816   0.1813464864  -1.8773389126
  -3.0901740815  -2.3969847206  -3.6612891031
      
      
#  type   0  conf  1.0000
  -3.0901740815  -2.3969847206  -3.6612891031
  -3.0925573715  -2.3988333898  -3.8872235846
      
      
#  type   0  conf  1.0000
  -3.0925573715  -2.3988333898  -3.8872235846
  -2.4198910589  -1.8770599133  -4.3191929837
      
      
#  type   0  conf  1.0000
  -2.4198910589  -1.8770599133  -4.3191929837
  -2.3685003649  -1.8371972050  -4.3507174743
      
      
#  type   0  conf  1.0000
  -2.3685003649  -1.8371972050  -4.3507174743
  -1.9686861035  -1.5270694742  -4.5876092350
      
      
# 117  norm     0.6066823510   -0.7949443534    0.0000000000
# nedges  12 
#  type   0  conf  1.0000
   1.9702173997   1.5036223843  -4.5903099735
   2.2705606740   1.7328371249  -4.3528916334
      
      
#  type   0  conf  1.0000
   2.2705606740   1.7328371249  -4.3528916334
   2.7089952654   2.0674398270  -3.9394662928
      
      
#  type   0  conf  1.0000
   2.7089952654   2.0674398270  -3.9394662928
   2.7080039343   2.0666832670  -3.7507887171
      
      
#  type   0  conf  1.0000
   2.7080039343   2.0666832670  -3.7507887171
   2.6977393337   2.0588495716  -3.7233517692
      
      
#  type   0  conf  1.0000
   2.6977393337   2.0588495716  -3.7233517692
   0.7581924097   0.5786341543  -1.6659075159
      
      
#  type   0  conf  1.0000
   0.7581924097   0.5786341543  -1.6659075159
   0.6895243428   0.5262283424  -1.6690876318
      
      
#  type   3  conf  0.0000
#  type   3  conf  0.0000
#  type   0  conf  1.0000
   0.2553319119   0.1948631548  -1.8674294714
  -3.1095117793  -2.3731043672  -3.6620645098
      
      
#  type   0  conf  1.0000
  -3.1095117793  -2.3731043672  -3.6620645098
  -3.1098645089  -2.3733735620  -3.8885547980
      
      
#  type   0  conf  1.0000
  -3.1098645089  -2.3733735620  -3.8885547980
  -2.4128061602  -1.8413954481  -4.3310295949
      
      
#  type   0  conf  1.0000
  -2.4128061602  -1.8413954481  -4.3310295949
  -1.9799028329  -1.5110140733  -4.5881703624
      
      
# 118  norm     0.6004202253   -0.7996846585    0.0000000000
# nedges  13 
#  type   0  conf  1.0000
   1.9841284723   1.4897257960  -4.5901292602
   2.2822891968   1.7135912003  -4.3525188018
      
      
#  type   0  conf  1.0000
   2.2822891968   1.7135912003  -4.3525188018
   2.7277915466   2.0480838261  -3.9391567669
      
      
#  type   0  conf  1.0000
   2.7277915466   2.0480838261  -3.9391567669
   2.7269146837   2.0474254588  -3.7787562265
      
      
#  type   0  conf  1.0000
   2.7269146837   2.0474254588  -3.7787562265
   2.7185652838   2.0411565521  -3.7261849715
      
      
#  type   0  conf  1.0000
   2.7185652838   2.0411565521  -3.7261849715
   0.7759973999   0.5826353285  -1.6785206114
      
      
#  type   0  conf  1.0000
   0.7759973999   0.5826353285  -1.6785206114
   0.7338220687   0.5509691941  -1.6668083282
      
      
#  type   0  conf  1.0000
   0.7338220687   0.5509691941  -1.6668083282
   0.6918981486   0.5194918245  -1.6705909095
      
      
#  type   0  conf  1.0000
   0.6918981486   0.5194918245  -1.6705909095
   0.2486912641   0.1867226828  -1.8730968486
      
      
#  type   0  conf  1.0000
   0.2486912641   0.1867226828  -1.8730968486
   0.2177047062   0.1634573170  -1.8891603769
      
      
#  type   0  conf  1.0000
   0.2177047062   0.1634573170  -1.8891603769
  -3.1265428296  -2.3474747581  -3.6611050425
      
      
#  type   0  conf  1.0000
  -3.1265428296  -2.3474747581  -3.6611050425
  -3.1286161275  -2.3490314342  -3.8884250793
      
      
#  type   0  conf  1.0000
  -3.1286161275  -2.3490314342  -3.8884250793
  -2.4258045392  -1.8213455673  -4.3298996253
      
      
#  type   0  conf  1.0000
  -2.4258045392  -1.8213455673  -4.3298996253
  -1.9920733151  -1.4956909527  -4.5878889010
      
      
# 119  norm     0.5941210629   -0.8043756353    0.0000000000
# nedges  12 
#  type   0  conf  1.0000
   1.9976479636   1.4754856804  -4.5902847626
   2.2927014826   1.6934155910  -4.3531098316
      
      
#  type   0  conf  1.0000
   2.2927014826   1.6934155910  -4.3531098316
   2.7449854086   2.0274776822  -3.9409838955
      
      
#  type   0  conf  1.0000
   2.7449854086   2.0274776822  -3.9409838955
   2.7449018156   2.0274159394  -3.7637948742
      
      
#  type   0  conf  1.0000
   2.7449018156   2.0274159394  -3.7637948742
   2.7355703346   2.0205236006  -3.7242583880
      
      
#  type   0  conf  1.0000
   2.7355703346   2.0205236006  -3.7242583880
   0.7701534745   0.5688441828  -1.6672976623
      
      
#  type   4  conf  0.0000
#  type   0  conf  1.0000
   0.6945730134   0.5130195880  -1.6727758276
   0.2585713273   0.1909837457  -1.8696364405
      
      
#  type   0  conf  1.0000
   0.2585713273   0.1909837457  -1.8696364405
   0.2484688299   0.1835219254  -1.8744561217
      
      
#  type   0  conf  1.0000
   0.2484688299   0.1835219254  -1.8744561217
  -3.1443788191  -2.3224742325  -3.6613255120
      
      
#  type   0  conf  1.0000
  -3.1443788191  -2.3224742325  -3.6613255120
  -3.1463599981  -2.3239375540  -3.8885286457
      
      
#  type   0  conf  1.0000
  -3.1463599981  -2.3239375540  -3.8885286457
  -2.4273898003  -1.7928979261  -4.3359845541
      
      
#  type   0  conf  1.0000
  -2.4273898003  -1.7928979261  -4.3359845541
  -2.0025659915  -1.4791181921  -4.5875461412
      
      
# 120  norm     0.5877852523   -0.8090169944    0.0000000000
# nedges  11 
#  type   0  conf  1.0000
   2.0117306089   1.4616078422  -4.5902050829
   2.3069310118   1.6760834893  -4.3502872105
      
      
#  type   0  conf  1.0000
   2.3069310118   1.6760834893  -4.3502872105
   2.7635506003   2.0078370394  -3.9407826868
      
      
#  type   0  conf  1.0000
   2.7635506003   2.0078370394  -3.9407826868
   2.7619426063   2.0066687634  -3.7508853669
      
      
#  type   0  conf  1.0000
   2.7619426063   2.0066687634  -3.7508853669
   2.7490657680   1.9973131927  -3.7189074123
      
      
#  type   0  conf  1.0000
   2.7490657680   1.9973131927  -3.7189074123
   0.7745148945   0.5627180094  -1.6664643215
      
      
#  type   4  conf  0.0000
#  type   0  conf  1.0000
   0.6984662045   0.5074654020  -1.6730837441
   0.2600588185   0.1889437914  -1.8704395915
      
      
#  type   0  conf  1.0000
   0.2600588185   0.1889437914  -1.8704395915
   0.2498984231   0.1815618320  -1.8753404500
      
      
#  type   0  conf  1.0000
   0.2498984231   0.1815618320  -1.8753404500
  -3.1621293426  -2.2974214465  -3.6616543704
      
      
#  type   0  conf  1.0000
  -3.1621293426  -2.2974214465  -3.6616543704
  -3.1633358602  -2.2982980328  -3.8912570093
      
      
#  type   0  conf  1.0000
  -3.1633358602  -2.2982980328  -3.8912570093
  -2.0143229667  -1.4634913005  -4.5914662456
      
      
# 121  norm     0.5814131843   -0.8136084495    0.0000000000
# nedges  12 
#  type   0  conf  1.0000
   2.0246832602   1.4468600249  -4.5905551051
   2.3164749414   1.6553774397  -4.3517253223
      
      
#  type   0  conf  1.0000
   2.3164749414   1.6553774397  -4.3517253223
   2.7802882881   1.9868233521  -3.9421464616
      
      
#  type   0  conf  1.0000
   2.7802882881   1.9868233521  -3.9421464616
   2.7792127545   1.9860547644  -3.7507716807
      
      
#  type   0  conf  1.0000
   2.7792127545   1.9860547644  -3.7507716807
   2.7709859598   1.9801758101  -3.7232485945
      
      
#  type   0  conf  1.0000
   2.7709859598   1.9801758101  -3.7232485945
   0.7806655627   0.5578718498  -1.6667832656
      
      
#  type   4  conf  0.0000
#  type   0  conf  1.0000
   0.7024226749   0.5019586564  -1.6738596476
   0.2615688043   0.1869198280  -1.8713553285
      
      
#  type   0  conf  1.0000
   0.2615688043   0.1869198280  -1.8713553285
   0.2513259384   0.1796001679  -1.8760904966
      
      
#  type   0  conf  1.0000
   0.2513259384   0.1796001679  -1.8760904966
  -3.1654837501  -2.2620880944  -3.6546623071
      
      
#  type   0  conf  1.0000
  -3.1654837501  -2.2620880944  -3.6546623071
  -3.1795135079  -2.2721139073  -3.6888018515
      
      
#  type   0  conf  1.0000
  -3.1795135079  -2.2721139073  -3.6888018515
  -3.1808333691  -2.2730570941  -3.8901760805
      
      
#  type   0  conf  1.0000
  -3.1808333691  -2.2730570941  -3.8901760805
  -2.0248594924  -1.4469859624  -4.5911957846
      
      
# 122  norm     0.5750052520   -0.8181497174    0.0000000000
# nedges  10 
#  type   0  conf  1.0000
   2.0375595011   1.4320208020  -4.5910152857
   2.3377253699   1.6429809079  -4.3436599876
      
      
#  type   0  conf  1.0000
   2.3377253699   1.6429809079  -4.3436599876
   2.7981960613   1.9666051301  -3.9414819996
      
      
#  type   0  conf  1.0000
   2.7981960613   1.9666051301  -3.9414819996
   2.7961992940   1.9652017785  -3.7637525879
      
      
#  type   0  conf  1.0000
   2.7961992940   1.9652017785  -3.7637525879
   2.7880769835   1.9594933232  -3.7228631533
      
      
#  type   0  conf  1.0000
   2.7880769835   1.9594933232  -3.7228631533
   0.7876601820   0.5535768476  -1.6677997996
      
      
#  type   4  conf  0.0000
#  type   0  conf  1.0000
   0.7160998814   0.5032834260  -1.6702189299
   0.2587576079   0.1818578927  -1.8740377911
      
      
#  type   0  conf  1.0000
   0.2587576079   0.1818578927  -1.8740377911
  -3.1944124899  -2.2450707001  -3.6607825845
      
      
#  type   0  conf  1.0000
  -3.1944124899  -2.2450707001  -3.6607825845
  -3.1977368900  -2.2474071276  -3.8902862859
      
      
#  type   0  conf  1.0000
  -3.1977368900  -2.2474071276  -3.8902862859
  -2.0341623414  -1.4296332382  -4.5910353318
      
      
# 123  norm     0.5685618507   -0.8226405180    0.0000000000
# nedges  11 
#  type   0  conf  1.0000
   2.0521318725   1.4183156188  -4.5935479387
   2.7828432959   1.9233413623  -3.9728108079
      
      
#  type   0  conf  1.0000
   2.7828432959   1.9233413623  -3.9728108079
   2.8155912899   1.9459748938  -3.9317896997
      
      
#  type   0  conf  1.0000
   2.8155912899   1.9459748938  -3.9317896997
   2.8127789200   1.9440311454  -3.7318851154
      
      
#  type   0  conf  1.0000
   2.8127789200   1.9440311454  -3.7318851154
   0.7946170435   0.5491936356  -1.6660999477
      
      
#  type   0  conf  1.0000
   0.7946170435   0.5491936356  -1.6660999477
   0.7214088939   0.4985963697  -1.6702780797
      
      
#  type   0  conf  1.0000
   0.7214088939   0.4985963697  -1.6702780797
   0.2753920859   0.1903351836  -1.8679299067
      
      
#  type   0  conf  1.0000
   0.2753920859   0.1903351836  -1.8679299067
   0.2542688746   0.1757360338  -1.8778711453
      
      
#  type   0  conf  1.0000
   0.2542688746   0.1757360338  -1.8778711453
  -3.2006983501  -2.2121387626  -3.6559524708
      
      
#  type   0  conf  1.0000
  -3.2006983501  -2.2121387626  -3.6559524708
  -3.2120917763  -2.2200132440  -3.7000431603
      
      
#  type   0  conf  1.0000
  -3.2120917763  -2.2200132440  -3.7000431603
  -3.2122304957  -2.2201091189  -3.8916747220
      
      
#  type   0  conf  1.0000
  -3.2122304957  -2.2201091189  -3.8916747220
  -2.0441920306  -1.4128280564  -4.5904807851
      
      
# 124  norm     0.5620833779   -0.8270805743    0.0000000000
# nedges  11 
#  type   0  conf  1.0000
   2.0747837234   1.4100215624  -4.5851342270
   2.8317138824   1.9244307672  -3.9452085419
      
      
#  type   0  conf  1.0000
   2.8317138824   1.9244307672  -3.9452085419
   2.8315525444   1.9243211221  -3.7768854542
      
      
#  type   0  conf  1.0000
   2.8315525444   1.9243211221  -3.7768854542
   2.8216479323   1.9175899547  -3.7243031607
      
      
#  type   0  conf  1.0000
   2.8216479323   1.9175899547  -3.7243031607
   0.8023312694   0.5452637676  -1.6677436392
      
      
#  type   4  conf  0.0000
#  type   0  conf  1.0000
   0.7248772958   0.4926261015  -1.6723344591
   0.2767814609   0.1881004866  -1.8683650476
      
      
#  type   0  conf  1.0000
   0.2767814609   0.1881004866  -1.8683650476
   0.2554133473   0.1735787316  -1.8787975057
      
      
#  type   0  conf  1.0000
   0.2554133473   0.1735787316  -1.8787975057
  -3.2268850405  -2.1929888090  -3.6613835916
      
      
#  type   0  conf  1.0000
  -3.2268850405  -2.1929888090  -3.6613835916
  -3.2290661432  -2.1944710849  -3.8697956317
      
      
#  type   0  conf  1.0000
  -3.2290661432  -2.1944710849  -3.8697956317
  -3.2153084475  -2.1851213645  -3.8988691335
      
      
#  type   0  conf  1.0000
  -3.2153084475  -2.1851213645  -3.8988691335
  -2.0535492586  -1.3955906350  -4.5906706046
      
      
# 125  norm     0.5555702330   -0.8314696123    0.0000000000
# nedges  10 
#  type   0  conf  1.0000
   2.0770509932   1.3878411035  -4.5938376310
   2.8481767482   1.9030908602  -3.9453630020
      
      
#  type   0  conf  1.0000
   2.8481767482   1.9030908602  -3.9453630020
   2.8482955497   1.9031702408  -3.7638890841
      
      
#  type   0  conf  1.0000
   2.8482955497   1.9031702408  -3.7638890841
   2.8381187321   1.8963703087  -3.7231884712
      
      
#  type   0  conf  1.0000
   2.8381187321   1.8963703087  -3.7231884712
   0.8069678673   0.5391986904  -1.6673403746
      
      
#  type   4  conf  0.0000
#  type   0  conf  1.0000
   0.7284371536   0.4867261451  -1.6722352705
   0.2675855741   0.1787949644  -1.8742072926
      
      
#  type   0  conf  1.0000
   0.2675855741   0.1787949644  -1.8742072926
   0.2569414816   0.1716828092  -1.8793612316
      
      
#  type   0  conf  1.0000
   0.2569414816   0.1716828092  -1.8793612316
  -3.2428165375  -2.1667807370  -3.6623389816
      
      
#  type   0  conf  1.0000
  -3.2428165375  -2.1667807370  -3.6623389816
  -3.2445562900  -2.1679432025  -3.8898603392
      
      
#  type   0  conf  1.0000
  -3.2445562900  -2.1679432025  -3.8898603392
  -2.0631534144  -1.3785550383  -4.5907325377
      
      
# 126  norm     0.5490228180   -0.8358073614    0.0000000000
# nedges  12 
#  type   0  conf  1.0000
   2.0880446299   1.3715889567  -4.5915868249
   2.4030346114   1.5784987009  -4.3357755877
      
      
#  type   0  conf  1.0000
   2.4030346114   1.5784987009  -4.3357755877
   2.8643641270   1.8815355517  -3.9425477602
      
      
#  type   0  conf  1.0000
   2.8643641270   1.8815355517  -3.9425477602
   2.8650206295   1.8819667932  -3.7350148797
      
      
#  type   0  conf  1.0000
   2.8650206295   1.8819667932  -3.7350148797
   0.8545099265   0.5613081070  -1.7066729137
      
      
#  type   0  conf  1.0000
   0.8545099265   0.5613081070  -1.7066729137
   0.7990926244   0.5249057436  -1.6662647191
      
      
#  type   0  conf  1.0000
   0.7990926244   0.5249057436  -1.6662647191
   0.7353218054   0.4830161451  -1.6711809837
      
      
#  type   0  conf  1.0000
   0.7353218054   0.4830161451  -1.6711809837
   0.2812679071   0.1847584816  -1.8697831775
      
      
#  type   3  conf  0.0000
#  type   0  conf  1.0000
   0.2706331044   0.1777727219  -1.8741440812
  -3.2563607828  -2.1390292261  -3.6610685955
      
      
#  type   0  conf  1.0000
  -3.2563607828  -2.1390292261  -3.6610685955
  -3.2588544418  -2.1406672540  -3.8288950304
      
      
#  type   0  conf  1.0000
  -3.2588544418  -2.1406672540  -3.8288950304
  -3.2522017468  -2.1362972501  -3.8940196534
      
      
#  type   0  conf  1.0000
  -3.2522017468  -2.1362972501  -3.8940196534
  -2.0725345207  -1.3614007193  -4.5908385005
      
      
# 127  norm     0.5424415367   -0.8400935539    0.0000000000
# nedges  11 
#  type   0  conf  1.0000
   2.0998127101   1.3558318927  -4.5910045842
   2.3552592581   1.5207716394  -4.3875349520
      
      
#  type   0  conf  1.0000
   2.3552592581   1.5207716394  -4.3875349520
   2.4216632853   1.5636481767  -4.3344159895
      
      
#  type   0  conf  1.0000
   2.4216632853   1.5636481767  -4.3344159895
   2.8830953226   1.8615910691  -3.9377010364
      
      
#  type   0  conf  1.0000
   2.8830953226   1.8615910691  -3.9377010364
   2.8789000193   1.8588821961  -3.7326504968
      
      
#  type   0  conf  1.0000
   2.8789000193   1.8588821961  -3.7326504968
   0.8194067746   0.5290842525  -1.6648756632
      
      
#  type   0  conf  1.0000
   0.8194067746   0.5290842525  -1.6648756632
   0.7402401072   0.4779669828  -1.6713608519
      
      
#  type   0  conf  1.0000
   0.7402401072   0.4779669828  -1.6713608519
   0.2827062209   0.1825410946  -1.8704492862
      
      
#  type   0  conf  1.0000
   0.2827062209   0.1825410946  -1.8704492862
   0.2659248460   0.1717054981  -1.8780163008
      
      
#  type   0  conf  1.0000
   0.2659248460   0.1717054981  -1.8780163008
  -3.2711674298  -2.1121660547  -3.6612688413
      
      
#  type   0  conf  1.0000
  -3.2711674298  -2.1121660547  -3.6612688413
  -3.2737892421  -2.1138589374  -3.8905208889
      
      
#  type   0  conf  1.0000
  -3.2737892421  -2.1138589374  -3.8905208889
  -2.0817079297  -1.3441417840  -4.5906840582
      
      
# 128  norm     0.5358267950   -0.8443279255    0.0000000000
# nedges  12 
#  type   0  conf  1.0000
   2.1128092158   1.3408295004  -4.5896632236
   2.4245074302   1.5386392022  -4.3462977929
      
      
#  type   0  conf  1.0000
   2.4245074302   1.5386392022  -4.3462977929
   2.8980631287   1.8391667870  -3.9386285681
      
      
#  type   0  conf  1.0000
   2.8980631287   1.8391667870  -3.9386285681
   2.8971126095   1.8385635691  -3.7364376599
      
      
#  type   0  conf  1.0000
   2.8971126095   1.8385635691  -3.7364376599
   1.0113069067   0.6417948787  -1.8494305378
      
      
#  type   0  conf  1.0000
   1.0113069067   0.6417948787  -1.8494305378
   0.8194342561   0.5200287920  -1.6684983463
      
      
#  type   4  conf  0.0000
#  type   0  conf  1.0000
   0.7548944654   0.4790705953  -1.6675015233
   0.2752986302   0.1747098233  -1.8748760693
      
      
#  type   0  conf  1.0000
   0.2752986302   0.1747098233  -1.8748760693
  -3.2816161586  -2.0825769414  -3.6594636770
      
      
#  type   0  conf  1.0000
  -3.2816161586  -2.0825769414  -3.6594636770
  -3.2883379366  -2.0868427114  -3.7515126060
      
      
#  type   0  conf  1.0000
  -3.2883379366  -2.0868427114  -3.7515126060
  -3.2854330440  -2.0849992105  -3.8699370839
      
      
#  type   0  conf  1.0000
  -3.2854330440  -2.0849992105  -3.8699370839
  -3.2742623467  -2.0779100704  -3.8990620388
      
      
#  type   0  conf  1.0000
  -3.2742623467  -2.0779100704  -3.8990620388
  -2.0897025802  -1.3261655835  -4.5911295168
      
      
# 129  norm     0.5291790010   -0.8485102150    0.0000000000
# nedges  11 
#  type   0  conf  1.0000
   2.1240392584   1.3246711153  -4.5897662811
   2.4368733235   1.5197721466  -4.3504049694
      
      
#  type   0  conf  1.0000
   2.4368733235   1.5197721466  -4.3504049694
   2.9153151675   1.8181555633  -3.9363668287
      
      
#  type   0  conf  1.0000
   2.9153151675   1.8181555633  -3.9363668287
   2.9116977708   1.8158995499  -3.7347892375
      
      
#  type   0  conf  1.0000
   2.9116977708   1.8158995499  -3.7347892375
   0.8367669037   0.5218552073  -1.6688263978
      
      
#  type   0  conf  1.0000
   0.8367669037   0.5218552073  -1.6688263978
   0.7593389623   0.4735667601  -1.6676977230
      
      
#  type   0  conf  1.0000
   0.7593389623   0.4735667601  -1.6676977230
   0.2951480089   0.1840710056  -1.8675469509
      
      
#  type   4  conf  0.0000
#  type   0  conf  1.0000
   0.2839735770   0.1771019973  -1.8718503052
  -3.2998376816  -2.0579655694  -3.6621111011
      
      
#  type   0  conf  1.0000
  -3.2998376816  -2.0579655694  -3.6621111011
  -3.3015178228  -2.0590134006  -3.8880373756
      
      
#  type   0  conf  1.0000
  -3.3015178228  -2.0590134006  -3.8880373756
  -2.5591272064  -1.5960165883  -4.3270386068
      
      
#  type   0  conf  1.0000
  -2.5591272064  -1.5960165883  -4.3270386068
  -2.0969594744  -1.3077826291  -4.5878584467
      
      
# 130  norm     0.5224985647   -0.8526401644    0.0000000000
# nedges  13 
#  type   0  conf  1.0000
   2.1351481917   1.3084204947  -4.5898361827
   2.4454459684   1.4985712168  -4.3569484526
      
      
#  type   0  conf  1.0000
   2.4454459684   1.4985712168  -4.3569484526
   2.4893743372   1.5254905558  -4.3204150177
      
      
#  type   0  conf  1.0000
   2.4893743372   1.5254905558  -4.3204150177
   2.9329313512   1.7973026436  -3.9314956869
      
      
#  type   0  conf  1.0000
   2.9329313512   1.7973026436  -3.9314956869
   2.9270192939   1.7936797302  -3.7376551402
      
      
#  type   0  conf  1.0000
   2.9270192939   1.7936797302  -3.7376551402
   1.2563279506   0.7698787583  -2.0745715834
      
      
#  type   0  conf  1.0000
   1.2563279506   0.7698787583  -2.0745715834
   0.8304049735   0.5088728223  -1.6661555825
      
      
#  type   0  conf  1.0000
   0.8304049735   0.5088728223  -1.6661555825
   0.7614777254   0.4666341503  -1.6689564563
      
      
#  type   0  conf  1.0000
   0.7614777254   0.4666341503  -1.6689564563
   0.2854743204   0.1749388885  -1.8730700938
      
      
#  type   0  conf  1.0000
   0.2854743204   0.1749388885  -1.8730700938
   0.2740335906   0.1679280003  -1.8781893844
      
      
#  type   0  conf  1.0000
   0.2740335906   0.1679280003  -1.8781893844
  -3.3127291673  -2.0300430446  -3.6619909969
      
      
#  type   0  conf  1.0000
  -3.3127291673  -2.0300430446  -3.6619909969
  -3.3142525470  -2.0309765729  -3.8882037964
      
      
#  type   0  conf  1.0000
  -3.3142525470  -2.0309765729  -3.8882037964
  -2.5749113258  -1.5779076899  -4.3250133686
      
      
#  type   0  conf  1.0000
  -2.5749113258  -1.5779076899  -4.3250133686
  -2.1050122449  -1.2899531627  -4.5874623855
      
      
# 131  norm     0.5157858983   -0.8567175189    0.0000000000
# nedges  13 
#  type   0  conf  1.0000
   2.1462136791   1.2921257311  -4.5899617611
   2.4708847122   1.4875935915  -4.3512209235
      
      
#  type   0  conf  1.0000
   2.4708847122   1.4875935915  -4.3512209235
   2.9470308716   1.7742568955  -3.9324804664
      
      
#  type   0  conf  1.0000
   2.9470308716   1.7742568955  -3.9324804664
   2.9463459862   1.7738445610  -3.7768970759
      
      
#  type   0  conf  1.0000
   2.9463459862   1.7738445610  -3.7768970759
   2.9332253309   1.7659452840  -3.7305197115
      
      
#  type   0  conf  1.0000
   2.9332253309   1.7659452840  -3.7305197115
   1.3653672379   0.8220179368  -2.1735021998
      
      
#  type   0  conf  1.0000
   1.3653672379   0.8220179368  -2.1735021998
   1.2708734731   0.7651280632  -2.0805402905
      
      
#  type   0  conf  1.0000
   1.2708734731   0.7651280632  -2.0805402905
   0.8421771203   0.5070318663  -1.6712226240
      
      
#  type   0  conf  1.0000
   0.8421771203   0.5070318663  -1.6712226240
   0.7827536469   0.4712560255  -1.6634065573
      
      
#  type   0  conf  1.0000
   0.7827536469   0.4712560255  -1.6634065573
   0.2920452204   0.1758255236  -1.8710149927
      
      
#  type   0  conf  1.0000
   0.2920452204   0.1758255236  -1.8710149927
  -3.3231657053  -2.0007084841  -3.6605331506
      
      
#  type   0  conf  1.0000
  -3.3231657053  -2.0007084841  -3.6605331506
  -3.3278321341  -2.0035179028  -3.8872872271
      
      
#  type   0  conf  1.0000
  -3.3278321341  -2.0035179028  -3.8872872271
  -2.5845123712  -1.5560030064  -4.3265545280
      
      
#  type   0  conf  1.0000
  -2.5845123712  -1.5560030064  -4.3265545280
  -2.1121579819  -1.2716225337  -4.5874442789
      
      
# 132  norm     0.5090414158   -0.8607420270    0.0000000000
# nedges  16 
#  type   0  conf  1.0000
   2.1684335436   1.2824080228  -4.5820920964
   2.4795143454   1.4663806962  -4.3573039603
      
      
#  type   0  conf  1.0000
   2.4795143454   1.4663806962  -4.3573039603
   2.5388873143   1.5014937721  -4.3069655744
      
      
#  type   0  conf  1.0000
   2.5388873143   1.5014937721  -4.3069655744
   2.9652511658   1.7536446509  -3.9266049212
      
      
#  type   0  conf  1.0000
   2.9652511658   1.7536446509  -3.9266049212
   2.9596431077   1.7503280546  -3.7637964890
      
      
#  type   0  conf  1.0000
   2.9596431077   1.7503280546  -3.7637964890
   2.9422446925   1.7400386605  -3.7248636750
      
      
#  type   0  conf  1.0000
   2.9422446925   1.7400386605  -3.7248636750
   1.2957917282   0.7663290918  -2.0963639711
      
      
#  type   0  conf  1.0000
   1.2957917282   0.7663290918  -2.0963639711
   1.2656429084   0.7484991295  -2.0668784716
      
      
#  type   0  conf  1.0000
   1.2656429084   0.7484991295  -2.0668784716
   0.8397179227   0.4966077951  -1.6649163640
      
      
#  type   0  conf  1.0000
   0.8397179227   0.4966077951  -1.6649163640
   0.7671001058   0.4536617379  -1.6707278024
      
      
#  type   0  conf  1.0000
   0.7671001058   0.4536617379  -1.6707278024
   0.3544778528   0.2096376178  -1.8463655515
      
      
#  type   3  conf  0.0000
#  type   0  conf  1.0000
   0.2879925499   0.1703183192  -1.8742159902
  -3.3270779625  -1.9676284220  -3.6568503320
      
      
#  type   0  conf  1.0000
  -3.3270779625  -1.9676284220  -3.6568503320
  -3.3383002573  -1.9742652686  -3.7016578758
      
      
#  type   0  conf  1.0000
  -3.3383002573  -1.9742652686  -3.7016578758
  -3.3379574220  -1.9740625164  -3.8889300204
      
      
#  type   0  conf  1.0000
  -3.3379574220  -1.9740625164  -3.8889300204
  -2.5875606527  -1.5302791042  -4.3313263875
      
      
#  type   0  conf  1.0000
  -2.5875606527  -1.5302791042  -4.3313263875
  -2.1200722827  -1.2538072528  -4.5874937713
      
      
# 133  norm     0.5022655331   -0.8647134405    0.0000000000
# nedges  12 
#  type   0  conf  1.0000
   2.1681338612   1.2593523573  -4.5899133996
   2.5063470187   1.4558021914  -4.3503922230
      
      
#  type   0  conf  1.0000
   2.5063470187   1.4558021914  -4.3503922230
   2.9795735360   1.7306740250  -3.9273423957
      
      
#  type   0  conf  1.0000
   2.9795735360   1.7306740250  -3.9273423957
   2.9753729643   1.7282341388  -3.7443781295
      
      
#  type   0  conf  1.0000
   2.9753729643   1.7282341388  -3.7443781295
   1.3164805395   0.7646727448  -2.1082885842
      
      
#  type   0  conf  1.0000
   1.3164805395   0.7646727448  -2.1082885842
   1.2499805259   0.7260464633  -2.0446019337
      
      
#  type   0  conf  1.0000
   1.2499805259   0.7260464633  -2.0446019337
   0.8469372699   0.4919403117  -1.6662579373
      
      
#  type   0  conf  1.0000
   0.8469372699   0.4919403117  -1.6662579373
   0.7731739156   0.4490951461  -1.6702213252
      
      
#  type   0  conf  1.0000
   0.7731739156   0.4490951461  -1.6702213252
   0.2893371499   0.1680603898  -1.8751400234
      
      
#  type   0  conf  1.0000
   0.2893371499   0.1680603898  -1.8751400234
  -3.3481533758  -1.9447622317  -3.6615222048
      
      
#  type   0  conf  1.0000
  -3.3481533758  -1.9447622317  -3.6615222048
  -3.3520437862  -1.9470219619  -3.8860551517
      
      
#  type   0  conf  1.0000
  -3.3520437862  -1.9470219619  -3.8860551517
  -2.5952001911  -1.5074122206  -4.3343644627
      
      
#  type   0  conf  1.0000
  -2.5952001911  -1.5074122206  -4.3343644627
  -2.1258911012  -1.2348158099  -4.5876761141
      
      
# 134  norm     0.4954586684   -0.8686315144    0.0000000000
# nedges  13 
#  type   0  conf  1.0000
   2.1786407376   1.2426747371  -4.5899233164
   2.5209174942   1.4379059522  -4.3520279196
      
      
#  type   0  conf  1.0000
   2.5209174942   1.4379059522  -4.3520279196
   2.9919707534   1.7065899876  -3.9283392167
      
      
#  type   0  conf  1.0000
   2.9919707534   1.7065899876  -3.9283392167
   2.9938514794   1.7076627348  -3.7898108764
      
      
#  type   0  conf  1.0000
   2.9938514794   1.7076627348  -3.7898108764
   2.9734867734   1.6960469116  -3.7303516894
      
      
#  type   0  conf  1.0000
   2.9734867734   1.6960469116  -3.7303516894
   1.5021938955   0.8568362704  -2.2823766437
      
      
#  type   0  conf  1.0000
   1.5021938955   0.8568362704  -2.2823766437
   1.2989477275   0.7409067029  -2.0829693544
      
      
#  type   0  conf  1.0000
   1.2989477275   0.7409067029  -2.0829693544
   0.8516820271   0.4857908516  -1.6658685166
      
      
#  type   0  conf  1.0000
   0.8516820271   0.4857908516  -1.6658685166
   0.7759908163   0.4426173471  -1.6705791635
      
      
#  type   0  conf  1.0000
   0.7759908163   0.4426173471  -1.6705791635
   0.2807669976   0.1601466680  -1.8809152475
      
      
#  type   0  conf  1.0000
   0.2807669976   0.1601466680  -1.8809152475
  -3.3582581917  -1.9155166538  -3.6605154325
      
      
#  type   0  conf  1.0000
  -3.3582581917  -1.9155166538  -3.6605154325
  -3.3629970763  -1.9182196658  -3.8867487448
      
      
#  type   0  conf  1.0000
  -3.3629970763  -1.9182196658  -3.8867487448
  -2.6142632126  -1.4911494100  -4.3296172209
      
      
#  type   0  conf  1.0000
  -2.6142632126  -1.4911494100  -4.3296172209
  -2.1331689347  -1.2167380786  -4.5873560868
      
      
# 135  norm     0.4886212415   -0.8724960071    0.0000000000
# nedges  14 
#  type   0  conf  1.0000
   2.1886247552   1.2256887554  -4.5901528002
   2.5374476346   1.4210389542  -4.3516787979
      
      
#  type   0  conf  1.0000
   2.5374476346   1.4210389542  -4.3516787979
   2.9990325381   1.6795389207  -3.9331252329
      
      
#  type   0  conf  1.0000
   2.9990325381   1.6795389207  -3.9331252329
   3.0096476556   1.6854836722  -3.8897713601
      
      
#  type   0  conf  1.0000
   3.0096476556   1.6854836722  -3.8897713601
   3.0085818076   1.6848867686  -3.8045161256
      
      
#  type   0  conf  1.0000
   3.0085818076   1.6848867686  -3.8045161256
   2.9932847943   1.6763200295  -3.7377468951
      
      
#  type   0  conf  1.0000
   2.9932847943   1.6763200295  -3.7377468951
   1.3890809004   0.7779226823  -2.1626979421
      
      
#  type   0  conf  1.0000
   1.3890809004   0.7779226823  -2.1626979421
   1.2962831862   0.7259534653  -2.0730922338
      
      
#  type   0  conf  1.0000
   1.2962831862   0.7259534653  -2.0730922338
   0.8619359218   0.4827073096  -1.6705234620
      
      
#  type   4  conf  0.0000
#  type   0  conf  1.0000
   0.7954740435   0.4454868693  -1.6653716386
   0.2969567463   0.1663037686  -1.8742523509
      
      
#  type   0  conf  1.0000
   0.2969567463   0.1663037686  -1.8742523509
  -3.3694152175  -1.8869631876  -3.6605384916
      
      
#  type   0  conf  1.0000
  -3.3694152175  -1.8869631876  -3.6605384916
  -3.3749700573  -1.8900740474  -3.8858838195
      
      
#  type   0  conf  1.0000
  -3.3749700573  -1.8900740474  -3.8858838195
  -2.6258894186  -1.4705687331  -4.3293857971
      
      
#  type   0  conf  1.0000
  -2.6258894186  -1.4705687331  -4.3293857971
  -2.1395370996  -1.1981983475  -4.5874028000
      
      
# 136  norm     0.4817536741   -0.8763066800   -0.0000000000
# nedges  15 
#  type   0  conf  1.0000
   2.1997151935   1.2093036611  -4.5894145570
   2.5550120783   1.4046297764  -4.3506324386
      
      
#  type   0  conf  1.0000
   2.5550120783   1.4046297764  -4.3506324386
   3.0231541289   1.6619930467  -3.9218898977
      
      
#  type   0  conf  1.0000
   3.0231541289   1.6619930467  -3.9218898977
   3.0239663402   1.6624395636  -3.7898630977
      
      
#  type   0  conf  1.0000
   3.0239663402   1.6624395636  -3.7898630977
   2.9995415270   1.6490119089  -3.7312992846
      
      
#  type   0  conf  1.0000
   2.9995415270   1.6490119089  -3.7312992846
   1.4083269474   0.7742342911  -2.1736971169
      
      
#  type   0  conf  1.0000
   1.4083269474   0.7742342911  -2.1736971169
   1.3018845371   0.7157170809  -2.0709177243
      
      
#  type   0  conf  1.0000
   1.3018845371   0.7157170809  -2.0709177243
   0.8610128337   0.4733458109  -1.6653736597
      
      
#  type   0  conf  1.0000
   0.8610128337   0.4733458109  -1.6653736597
   0.7857793184   0.4319858359  -1.6706900443
      
      
#  type   0  conf  1.0000
   0.7857793184   0.4319858359  -1.6706900443
   0.2930461261   0.1611034711  -1.8773499666
      
      
#  type   3  conf  0.0000
#  type   0  conf  1.0000
   0.2814805327   0.1547452324  -1.8830460675
  -3.3797314186  -1.8580230705  -3.6608173284
      
      
#  type   0  conf  1.0000
  -3.3797314186  -1.8580230705  -3.6608173284
  -3.3860132039  -1.8614765112  -3.8850869121
      
      
#  type   0  conf  1.0000
  -3.3860132039  -1.8614765112  -3.8850869121
  -2.8878617762  -1.5876154463  -4.1805106484
      
      
#  type   0  conf  1.0000
  -2.8878617762  -1.5876154463  -4.1805106484
  -2.6283705222  -1.4449589223  -4.3337504697
      
      
#  type   0  conf  1.0000
  -2.6283705222  -1.4449589223  -4.3337504697
  -2.1454352821  -1.1794630273  -4.5875585268
      
      
# 137  norm     0.4748563899   -0.8800632983    0.0000000000
# nedges  15 
#  type   0  conf  1.0000
   2.2171528638   1.1963107730  -4.5842766272
   2.5695723997   1.3864660367  -4.3516262849
      
      
#  type   0  conf  1.0000
   2.5695723997   1.3864660367  -4.3516262849
   3.0371996156   1.6387839915  -3.9200145688
      
      
#  type   0  conf  1.0000
   3.0371996156   1.6387839915  -3.9200145688
   3.0388717485   1.6396862255  -3.7916755213
      
      
#  type   0  conf  1.0000
   3.0388717485   1.6396862255  -3.7916755213
   3.0143416363   1.6264504951  -3.7339447208
      
      
#  type   0  conf  1.0000
   3.0143416363   1.6264504951  -3.7339447208
   1.3785402856   0.7438199782  -2.1367078471
      
      
#  type   0  conf  1.0000
   1.3785402856   0.7438199782  -2.1367078471
   1.3183196962   0.7113267112  -2.0793679238
      
      
#  type   0  conf  1.0000
   1.3183196962   0.7113267112  -2.0793679238
   0.8728580699   0.4709686596  -1.6712140264
      
      
#  type   0  conf  1.0000
   0.8728580699   0.4709686596  -1.6712140264
   0.8105240200   0.4373350312  -1.6635405246
      
      
#  type   0  conf  1.0000
   0.8105240200   0.4373350312  -1.6635405246
   0.2962768412   0.1598623093  -1.8764712146
      
      
#  type   3  conf  0.0000
#  type   0  conf  1.0000
   0.2417531514   0.1304429226  -1.9035317183
  -3.3906382435  -1.8294891274  -3.6611570428
      
      
#  type   0  conf  1.0000
  -3.3906382435  -1.8294891274  -3.6611570428
  -3.3952761942  -1.8319916298  -3.8852138405
      
      
#  type   0  conf  1.0000
  -3.3952761942  -1.8319916298  -3.8852138405
  -2.6419858592  -1.4255382194  -4.3326449907
      
      
#  type   3  conf  0.0000
#  type   0  conf  1.0000
  -2.6261571455  -1.4169975089  -4.3403609306
  -2.1524585356  -1.1614036076  -4.5873114695
      
      
# 138  norm     0.4679298143   -0.8837656301    0.0000000000
# nedges  15 
#  type   0  conf  1.0000
   2.2181330853   1.1744410138  -4.5902276748
   2.5884494844   1.3705134543  -4.3488884508
      
      
#  type   0  conf  1.0000
   2.5884494844   1.3705134543  -4.3488884508
   3.0461631382   1.6128603590  -3.9226140260
      
      
#  type   0  conf  1.0000
   3.0461631382   1.6128603590  -3.9226140260
   3.0538734990   1.6169427850  -3.8819149750
      
      
#  type   0  conf  1.0000
   3.0538734990   1.6169427850  -3.8819149750
   3.0520312268   1.6159673520  -3.7916123444
      
      
#  type   0  conf  1.0000
   3.0520312268   1.6159673520  -3.7916123444
   3.0270156656   1.6027222942  -3.7346556001
      
      
#  type   0  conf  1.0000
   3.0270156656   1.6027222942  -3.7346556001
   1.3813895711   0.7314081284  -2.1319727324
      
      
#  type   0  conf  1.0000
   1.3813895711   0.7314081284  -2.1319727324
   1.3241001200   0.7010749254  -2.0773630188
      
      
#  type   0  conf  1.0000
   1.3241001200   0.7010749254  -2.0773630188
   0.8708845785   0.4611096485  -1.6655747796
      
      
#  type   0  conf  1.0000
   0.8708845785   0.4611096485  -1.6655747796
   0.7965238782   0.4217376844  -1.6700512427
      
      
#  type   0  conf  1.0000
   0.7965238782   0.4217376844  -1.6700512427
   0.3020919345   0.1599494459  -1.8758006808
      
      
#  type   0  conf  1.0000
   0.3020919345   0.1599494459  -1.8758006808
  -3.3989877809  -1.7996713912  -3.6603138544
      
      
#  type   0  conf  1.0000
  -3.3989877809  -1.7996713912  -3.6603138544
  -3.4052295279  -1.8029762261  -3.8220321496
      
      
#  type   0  conf  1.0000
  -3.4052295279  -1.8029762261  -3.8220321496
  -3.4009481082  -1.8007093311  -3.8889950778
      
      
#  type   0  conf  1.0000
  -3.4009481082  -1.8007093311  -3.8889950778
  -2.6509984061  -1.4036314035  -4.3327451583
      
      
#  type   0  conf  1.0000
  -2.6509984061  -1.4036314035  -4.3327451583
  -2.1584446838  -1.1428376320  -4.5870393081
      
      
# 139  norm     0.4609743745   -0.8874134471    0.0000000000
# nedges  14 
#  type   0  conf  1.0000
   2.2273058658   1.1569927544  -4.5901265073
   2.6042432223   1.3527960327  -4.3490732918
      
      
#  type   0  conf  1.0000
   2.6042432223   1.3527960327  -4.3490732918
   3.0679095319   1.5936513947  -3.9119109782
      
      
#  type   0  conf  1.0000
   3.0679095319   1.5936513947  -3.9119109782
   3.0661949727   1.5927607525  -3.7914933888
      
      
#  type   0  conf  1.0000
   3.0661949727   1.5927607525  -3.7914933888
   3.0393317087   1.5788064042  -3.7354721293
      
      
#  type   0  conf  1.0000
   3.0393317087   1.5788064042  -3.7354721293
   1.3805546239   0.7171407041  -2.1237906512
      
      
#  type   0  conf  1.0000
   1.3805546239   0.7171407041  -2.1237906512
   1.3263908231   0.6890048625  -2.0727995816
      
      
#  type   0  conf  1.0000
   1.3263908231   0.6890048625  -2.0727995816
   0.8778249241   0.4559935357  -1.6673358069
      
      
#  type   0  conf  1.0000
   0.8778249241   0.4559935357  -1.6673358069
   0.8047635609   0.4180411964  -1.6685634149
      
      
#  type   0  conf  1.0000
   0.8047635609   0.4180411964  -1.6685634149
   0.3103829507   0.1612310328  -1.8732801236
      
      
#  type   0  conf  1.0000
   0.3103829507   0.1612310328  -1.8732801236
   0.2988146371   0.1552217750  -1.8786586493
      
      
#  type   0  conf  1.0000
   0.2988146371   0.1552217750  -1.8786586493
  -3.4093910541  -1.7710368419  -3.6612108706
      
      
#  type   0  conf  1.0000
  -3.4093910541  -1.7710368419  -3.6612108706
  -3.4129988408  -1.7729109370  -3.8864654350
      
      
#  type   0  conf  1.0000
  -3.4129988408  -1.7729109370  -3.8864654350
  -2.6636393120  -1.3836498307  -4.3312233967
      
      
#  type   0  conf  1.0000
  -2.6636393120  -1.3836498307  -4.3312233967
  -2.1643887241  -1.1243099162  -4.5870233037
      
      
# 140  norm     0.4539904997   -0.8910065242    0.0000000000
# nedges  14 
#  type   0  conf  1.0000
   2.2369414654   1.1397786057  -4.5896353781
   2.6194314263   1.3346669749  -4.3491512971
      
      
#  type   0  conf  1.0000
   2.6194314263   1.3346669749  -4.3491512971
   3.0833791616   1.5710601533  -3.9081759579
      
      
#  type   0  conf  1.0000
   3.0833791616   1.5710601533  -3.9081759579
   3.0778693580   1.5682527681  -3.7898066859
      
      
#  type   0  conf  1.0000
   3.0778693580   1.5682527681  -3.7898066859
   3.0517756015   1.5549573351  -3.7365227838
      
      
#  type   0  conf  1.0000
   3.0517756015   1.5549573351  -3.7365227838
   1.3729296554   0.6995425998  -2.1093425857
      
      
#  type   0  conf  1.0000
   1.3729296554   0.6995425998  -2.1093425857
   1.3320800845   0.6787287038  -2.0704178405
      
      
#  type   0  conf  1.0000
   1.3320800845   0.6787287038  -2.0704178405
   0.8781684377   0.4474491680  -1.6651722073
      
      
#  type   0  conf  1.0000
   0.8781684377   0.4474491680  -1.6651722073
   0.8038509781   0.4095825310  -1.6705208711
      
      
#  type   0  conf  1.0000
   0.8038509781   0.4095825310  -1.6705208711
   0.3211792438   0.1636489986  -1.8702193583
      
      
#  type   3  conf  0.0000
#  type   0  conf  1.0000
   0.3098589273   0.1578810092  -1.8745918971
  -3.4182765195  -1.7416988801  -3.6614791855
      
      
#  type   0  conf  1.0000
  -3.4182765195  -1.7416988801  -3.6614791855
  -3.4218590975  -1.7435242948  -3.8863664406
      
      
#  type   0  conf  1.0000
  -3.4218590975  -1.7435242948  -3.8863664406
  -2.6736854679  -1.3623107898  -4.3308671394
      
      
#  type   0  conf  1.0000
  -2.6736854679  -1.3623107898  -4.3308671394
  -2.1685398438  -1.1049262387  -4.5876138574
      
      
# 141  norm     0.4469786207   -0.8945446398    0.0000000000
# nedges  14 
#  type   0  conf  1.0000
   2.2533152393   1.1259178052  -4.5849698042
   2.6339964177   1.3161334082  -4.3493776137
      
      
#  type   0  conf  1.0000
   2.6339964177   1.3161334082  -4.3493776137
   3.0947030907   1.5463354843  -3.9090565582
      
      
#  type   0  conf  1.0000
   3.0947030907   1.5463354843  -3.9090565582
   3.0950312209   1.5464994417  -3.8157016119
      
      
#  type   0  conf  1.0000
   3.0950312209   1.5464994417  -3.8157016119
   3.0730726889   1.5355273852  -3.7478391977
      
      
#  type   0  conf  1.0000
   3.0730726889   1.5355273852  -3.7478391977
   1.4340477908   0.7165530651  -2.1609799184
      
      
#  type   0  conf  1.0000
   1.4340477908   0.7165530651  -2.1609799184
   1.3387268799   0.6689239056  -2.0697086426
      
      
#  type   0  conf  1.0000
   1.3387268799   0.6689239056  -2.0697086426
   0.8818116382   0.4406163004  -1.6647062512
      
      
#  type   0  conf  1.0000
   0.8818116382   0.4406163004  -1.6647062512
   0.8079308930   0.4037001845  -1.6705522386
      
      
#  type   0  conf  1.0000
   0.8079308930   0.4037001845  -1.6705522386
   0.3223433782   0.1610658565  -1.8708154085
      
      
#  type   3  conf  0.0000
#  type   0  conf  1.0000
   0.3110344673   0.1554151140  -1.8753514740
  -3.4259864658  -1.7118684040  -3.6614164771
      
      
#  type   0  conf  1.0000
  -3.4259864658  -1.7118684040  -3.6614164771
  -3.4294466262  -1.7135973481  -3.8865002444
      
      
#  type   0  conf  1.0000
  -3.4294466262  -1.7135973481  -3.8865002444
  -2.6838304622  -1.3410340688  -4.3303556211
      
      
#  type   0  conf  1.0000
  -2.6838304622  -1.3410340688  -4.3303556211
  -2.1728025636  -1.0856879016  -4.5874932237
      
      
# 142  norm     0.4399391699   -0.8980275758    0.0000000000
# nedges  14 
#  type   0  conf  1.0000
   2.2538664630   1.1041577870  -4.5899067942
   2.6490129984   1.2977380772  -4.3489341272
      
      
#  type   0  conf  1.0000
   2.6490129984   1.2977380772  -4.3489341272
   3.1079645365   1.5225761157  -3.9082202206
      
      
#  type   0  conf  1.0000
   3.1079645365   1.5225761157  -3.9082202206
   3.1083651448   1.5227723717  -3.8045050495
      
      
#  type   0  conf  1.0000
   3.1083651448   1.5227723717  -3.8045050495
   3.0761717339   1.5070009825  -3.7406569502
      
      
#  type   0  conf  1.0000
   3.0761717339   1.5070009825  -3.7406569502
   1.3914935336   0.6816856481  -2.1132133473
      
      
#  type   0  conf  1.0000
   1.3914935336   0.6816856481  -2.1132133473
   1.3453255622   0.6590681923  -2.0701161150
      
      
#  type   0  conf  1.0000
   1.3453255622   0.6590681923  -2.0701161150
   0.8900950654   0.4360530731  -1.6668578247
      
      
#  type   0  conf  1.0000
   0.8900950654   0.4360530731  -1.6668578247
   0.8160067535   0.3997575836  -1.6690048731
      
      
#  type   0  conf  1.0000
   0.8160067535   0.3997575836  -1.6690048731
   0.3136361218   0.1536487507  -1.8754700981
      
      
#  type   0  conf  1.0000
   0.3136361218   0.1536487507  -1.8754700981
  -3.4320100168  -1.6813243585  -3.6603438506
      
      
#  type   0  conf  1.0000
  -3.4320100168  -1.6813243585  -3.6603438506
  -3.4395158699  -1.6850014380  -3.8837348021
      
      
#  type   0  conf  1.0000
  -3.4395158699  -1.6850014380  -3.8837348021
  -2.6893944837  -1.3175207627  -4.3326528789
      
      
#  type   3  conf  0.0000
#  type   0  conf  1.0000
  -2.6796427160  -1.3127434210  -4.3367164448
  -2.1781173148  -1.0670486622  -4.5874746615
      
      
# 143  norm     0.4328725815   -0.9014551171    0.0000000000
# nedges  14 
#  type   0  conf  1.0000
   2.2623179177   1.0863495904  -4.5901535836
   2.6625271367   1.2785273201  -4.3491098564
      
      
#  type   0  conf  1.0000
   2.6625271367   1.2785273201  -4.3491098564
   3.1217220811   1.4990295916  -3.9072562239
      
      
#  type   0  conf  1.0000
   3.1217220811   1.4990295916  -3.9072562239
   3.1214836254   1.4989150868  -3.8173896259
      
      
#  type   0  conf  1.0000
   3.1214836254   1.4989150868  -3.8173896259
   3.0953999355   1.4863898773  -3.7500443906
      
      
#  type   0  conf  1.0000
   3.0953999355   1.4863898773  -3.7500443906
   1.4233153981   0.6834663190  -2.1370341206
      
      
#  type   0  conf  1.0000
   1.4233153981   0.6834663190  -2.1370341206
   1.3547190520   0.6505268228  -2.0727428158
      
      
#  type   0  conf  1.0000
   1.3547190520   0.6505268228  -2.0727428158
   0.8949914027   0.4297687501  -1.6671597811
      
      
#  type   0  conf  1.0000
   0.8949914027   0.4297687501  -1.6671597811
   0.8209963593   0.3942368363  -1.6687594078
      
      
#  type   0  conf  1.0000
   0.8209963593   0.3942368363  -1.6687594078
   0.3269359759   0.1569924195  -1.8708557427
      
      
#  type   0  conf  1.0000
   0.3269359759   0.1569924195  -1.8708557427
   0.3109079433   0.1492958678  -1.8779722817
      
      
#  type   0  conf  1.0000
   0.3109079433   0.1492958678  -1.8779722817
  -3.4408685982  -1.6522815662  -3.6611654665
      
      
#  type   0  conf  1.0000
  -3.4408685982  -1.6522815662  -3.6611654665
  -3.4450095227  -1.6542700098  -3.8860137230
      
      
#  type   0  conf  1.0000
  -3.4450095227  -1.6542700098  -3.8860137230
  -2.6989209875  -1.2960033983  -4.3316008410
      
      
#  type   0  conf  1.0000
  -2.6989209875  -1.2960033983  -4.3316008410
  -2.1823170471  -1.0479337195  -4.5873846073
      
      
# 144  norm     0.4257792916   -0.9048270525    0.0000000000
# nedges  14 
#  type   0  conf  1.0000
   2.2701983421   1.0682742510  -4.5898449326
   2.6761916305   1.2593201910  -4.3493533355
      
      
#  type   0  conf  1.0000
   2.6761916305   1.2593201910  -4.3493533355
   3.1336747807   1.4745954207  -3.9084578389
      
      
#  type   0  conf  1.0000
   3.1336747807   1.4745954207  -3.9084578389
   3.1347250076   1.4750896200  -3.8174824922
      
      
#  type   0  conf  1.0000
   3.1347250076   1.4750896200  -3.8174824922
   3.1124730595   1.4646186480  -3.7577435890
      
      
#  type   0  conf  1.0000
   3.1124730595   1.4646186480  -3.7577435890
   1.4142625740   0.6655014516  -2.1214937800
      
      
#  type   0  conf  1.0000
   1.4142625740   0.6655014516  -2.1214937800
   1.3470554037   0.6338761578  -2.0594562984
      
      
#  type   0  conf  1.0000
   1.3470554037   0.6338761578  -2.0594562984
   0.8946894440   0.4210088951  -1.6646343799
      
      
#  type   0  conf  1.0000
   0.8946894440   0.4210088951  -1.6646343799
   0.8181995101   0.3850154643  -1.6711549153
      
      
#  type   0  conf  1.0000
   0.8181995101   0.3850154643  -1.6711549153
   0.3128626624   0.1472219939  -1.8779656355
      
      
#  type   3  conf  0.0000
#  type   0  conf  1.0000
   0.3045730885   0.1433212164  -1.8822032677
  -3.4469963703  -1.6220333693  -3.6609983006
      
      
#  type   0  conf  1.0000
  -3.4469963703  -1.6220333693  -3.6609983006
  -3.4529957544  -1.6248564652  -3.8850719185
      
      
#  type   0  conf  1.0000
  -3.4529957544  -1.6248564652  -3.8850719185
  -2.7053993508  -1.2730643009  -4.3325097981
      
      
#  type   0  conf  1.0000
  -2.7053993508  -1.2730643009  -4.3325097981
  -2.1871317692  -1.0291860889  -4.5867085798
      
      
# 145  norm     0.4186597375   -0.9081431738    0.0000000000
# nedges  14 
#  type   0  conf  1.0000
   2.2783704971   1.0503431858  -4.5895221877
   2.6888264267   1.2395659611  -4.3499985636
      
      
#  type   0  conf  1.0000
   2.6888264267   1.2395659611  -4.3499985636
   3.1474323586   1.4509861915  -3.9077868786
      
      
#  type   0  conf  1.0000
   3.1474323586   1.4509861915  -3.9077868786
   3.1461378264   1.4503894041  -3.8026850134
      
      
#  type   0  conf  1.0000
   3.1461378264   1.4503894041  -3.8026850134
   3.1133827389   1.4352891019  -3.7493215148
      
      
#  type   0  conf  1.0000
   3.1133827389   1.4352891019  -3.7493215148
   1.4178641053   0.6536443056  -2.1186416625
      
      
#  type   0  conf  1.0000
   1.4178641053   0.6536443056  -2.1186416625
   1.3590242906   0.6265187794  -2.0647936654
      
      
#  type   0  conf  1.0000
   1.3590242906   0.6265187794  -2.0647936654
   0.9012882112   0.4154995565  -1.6656405471
      
      
#  type   0  conf  1.0000
   0.9012882112   0.4154995565  -1.6656405471
   0.8229038696   0.3793638800  -1.6707460055
      
      
#  type   0  conf  1.0000
   0.8229038696   0.3793638800  -1.6707460055
   0.3273454755   0.1509083312  -1.8729622313
      
      
#  type   0  conf  1.0000
   0.3273454755   0.1509083312  -1.8729622313
   0.3149001336   0.1451709500  -1.8784606683
      
      
#  type   0  conf  1.0000
   0.3149001336   0.1451709500  -1.8784606683
  -3.4538375670  -1.5922409274  -3.6613206015
      
      
#  type   0  conf  1.0000
  -3.4538375670  -1.5922409274  -3.6613206015
  -3.4580834984  -1.5941983286  -3.8860159479
      
      
#  type   0  conf  1.0000
  -3.4580834984  -1.5941983286  -3.8860159479
  -2.7158551227  -1.2520263607  -4.3309490150
      
      
#  type   0  conf  1.0000
  -2.7158551227  -1.2520263607  -4.3309490150
  -2.1903110829  -1.0097472398  -4.5875152944
      
      
# 146  norm     0.4115143586   -0.9114032766    0.0000000000
# nedges  12 
#  type   0  conf  1.0000
   2.2849420238   1.0316908832  -4.5898546115
   2.7002417705   1.2192059089  -4.3510066576
      
      
#  type   0  conf  1.0000
   2.7002417705   1.2192059089  -4.3510066576
   3.1585029058   1.4261187454  -3.9107635540
      
      
#  type   0  conf  1.0000
   3.1585029058   1.4261187454  -3.9107635540
   3.1581774594   1.4259718007  -3.7836470256
      
      
#  type   0  conf  1.0000
   3.1581774594   1.4259718007  -3.7836470256
   1.3986137760   0.6314983342  -2.0938855258
      
      
#  type   0  conf  1.0000
   1.3986137760   0.6314983342  -2.0938855258
   0.9073804024   0.4096979612  -1.6675270368
      
      
#  type   0  conf  1.0000
   0.9073804024   0.4096979612  -1.6675270368
   0.8322870571   0.3757920157  -1.6686866067
      
      
#  type   0  conf  1.0000
   0.8322870571   0.3757920157  -1.6686866067
   0.3423690639   0.1545855598  -1.8678408002
      
      
#  type   3  conf  0.0000
#  type   0  conf  1.0000
   0.3305016755   0.1492272285  -1.8722847706
  -3.4609291705  -1.5626694398  -3.6616180275
      
      
#  type   0  conf  1.0000
  -3.4609291705  -1.5626694398  -3.6616180275
  -3.4633331102  -1.5637548602  -3.8870432000
      
      
#  type   0  conf  1.0000
  -3.4633331102  -1.5637548602  -3.8870432000
  -2.7183192125  -1.2273681869  -4.3335723359
      
      
#  type   0  conf  1.0000
  -2.7183192125  -1.2273681869  -4.3335723359
  -2.1942834799  -0.9907569810  -4.5869802514
      
      
# 147  norm     0.4043435955   -0.9146071598    0.0000000000
# nedges  13 
#  type   0  conf  1.0000
   2.2920643832   1.0133110636  -4.5895189354
   2.7120974405   1.1990057357  -4.3517031845
      
      
#  type   0  conf  1.0000
   2.7120974405   1.1990057357  -4.3517031845
   3.1684055167   1.4007374259  -3.9154461795
      
      
#  type   0  conf  1.0000
   3.1684055167   1.4007374259  -3.9154461795
   3.1718143236   1.4022444436  -3.7887758823
      
      
#  type   0  conf  1.0000
   3.1718143236   1.4022444436  -3.7887758823
   1.4078562776   0.6224067494  -2.0960406927
      
      
#  type   0  conf  1.0000
   1.4078562776   0.6224067494  -2.0960406927
   0.9095961193   0.4021282377  -1.6663374475
      
      
#  type   0  conf  1.0000
   0.9095961193   0.4021282377  -1.6663374475
   0.8310114305   0.3673863102  -1.6704474550
      
      
#  type   0  conf  1.0000
   0.8310114305   0.3673863102  -1.6704474550
   0.3317324699   0.1466573908  -1.8732569803
      
      
#  type   0  conf  1.0000
   0.3317324699   0.1466573908  -1.8732569803
   0.3207108523   0.1417847846  -1.8781184594
      
      
#  type   0  conf  1.0000
   0.3207108523   0.1417847846  -1.8781184594
  -3.4651727488  -1.5319368467  -3.6613783205
      
      
#  type   0  conf  1.0000
  -3.4651727488  -1.5319368467  -3.6613783205
  -3.4701581970  -1.5341408903  -3.8845723014
      
      
#  type   0  conf  1.0000
  -3.4701581970  -1.5341408903  -3.8845723014
  -2.8236453907  -1.2483205686  -4.2748188166
      
      
#  type   0  conf  1.0000
  -2.8236453907  -1.2483205686  -4.2748188166
  -2.7177697272  -1.2015134274  -4.3370929867
      
      
#  type   0  conf  1.0000
  -2.7177697272  -1.2015134274  -4.3370929867
  -2.1968080690  -0.9711986876  -4.5871169841
      
      
# 148  norm     0.3971478906   -0.9177546257    0.0000000000
# nedges  14 
#  type   0  conf  1.0000
   2.3122709818   1.0006090052  -4.5822792192
   2.7122201411   1.1736824613  -4.3584659329
      
      
#  type   0  conf  1.0000
   2.7122201411   1.1736824613  -4.3584659329
   2.7385785396   1.1850887589  -4.3394707478
      
      
#  type   0  conf  1.0000
   2.7385785396   1.1850887589  -4.3394707478
   3.1831475341   1.3774709420  -3.9127624739
      
      
#  type   0  conf  1.0000
   3.1831475341   1.3774709420  -3.9127624739
   3.1821286868   1.3770300474  -3.7899876068
      
      
#  type   0  conf  1.0000
   3.1821286868   1.3770300474  -3.7899876068
   1.4157080923   0.6126315977  -2.0975268900
      
      
#  type   0  conf  1.0000
   1.4157080923   0.6126315977  -2.0975268900
   0.9132952122   0.3952181301  -1.6665397330
      
      
#  type   0  conf  1.0000
   0.9132952122   0.3952181301  -1.6665397330
   0.8380047599   0.3626370420  -1.6691611149
      
      
#  type   0  conf  1.0000
   0.8380047599   0.3626370420  -1.6691611149
   0.3231185490   0.1398258822  -1.8777977008
      
      
#  type   3  conf  0.0000
#  type   0  conf  1.0000
   0.2949686793   0.1276443458  -1.8914310737
  -3.4688448636  -1.5011032164  -3.6609476917
      
      
#  type   0  conf  1.0000
  -3.4688448636  -1.5011032164  -3.6609476917
  -3.4753905073  -1.5039357694  -3.8843857885
      
      
#  type   0  conf  1.0000
  -3.4753905073  -1.5039357694  -3.8843857885
  -2.8108983086  -1.2163843175  -4.2863389879
      
      
#  type   0  conf  1.0000
  -2.8108983086  -1.2163843175  -4.2863389879
  -2.7302430709  -1.1814816795  -4.3335923475
      
      
#  type   0  conf  1.0000
  -2.7302430709  -1.1814816795  -4.3335923475
  -2.1946143766  -0.9496944456  -4.5907818882
      
      
# 149  norm     0.3899276878   -0.9208454801    0.0000000000
# nedges  13 
#  type   0  conf  1.0000
   2.3055481081   0.9762735033  -4.5896927637
   2.7253134856   1.1540211782  -4.3582123503
      
      
#  type   0  conf  1.0000
   2.7253134856   1.1540211782  -4.3582123503
   2.7606350830   1.1689779425  -4.3301043325
      
      
#  type   0  conf  1.0000
   2.7606350830   1.1689779425  -4.3301043325
   3.1951511257   1.3529717173  -3.9147192144
      
      
#  type   0  conf  1.0000
   3.1951511257   1.3529717173  -3.9147192144
   3.1928724814   1.3520068360  -3.7912211711
      
      
#  type   0  conf  1.0000
   3.1928724814   1.3520068360  -3.7912211711
   1.4267933544   0.6041689356  -2.1020465493
      
      
#  type   0  conf  1.0000
   1.4267933544   0.6041689356  -2.1020465493
   0.9177907280   0.3886341674  -1.6668430126
      
      
#  type   0  conf  1.0000
   0.9177907280   0.3886341674  -1.6668430126
   0.8400837232   0.3557295016  -1.6694776531
      
      
#  type   0  conf  1.0000
   0.8400837232   0.3557295016  -1.6694776531
   0.3458115330   0.1464322673  -1.8697811987
      
      
#  type   3  conf  0.0000
#  type   0  conf  1.0000
   0.3338750288   0.1413778107  -1.8743462226
  -3.4735077548  -1.4708405227  -3.6610691998
      
      
#  type   0  conf  1.0000
  -3.4735077548  -1.4708405227  -3.6610691998
  -3.4790315349  -1.4731795414  -3.8851165443
      
      
#  type   0  conf  1.0000
  -3.4790315349  -1.4731795414  -3.8851165443
  -2.7428215831  -1.1614348997  -4.3311281133
      
      
#  type   0  conf  1.0000
  -2.7428215831  -1.1614348997  -4.3311281133
  -2.2023834599  -0.9325889182  -4.5870886785
      
      
# 150  norm     0.3826834324   -0.9238795325    0.0000000000
# nedges  13 
#  type   0  conf  1.0000
   2.3120571388   0.9576854239  -4.5891929131
   2.7369804620   1.1336944273  -4.3584837568
      
      
#  type   0  conf  1.0000
   2.7369804620   1.1336944273  -4.3584837568
   2.7695553631   1.1471873931  -4.3322990163
      
      
#  type   0  conf  1.0000
   2.7695553631   1.1471873931  -4.3322990163
   3.2057251715   1.3278548433  -3.9187772201
      
      
#  type   0  conf  1.0000
   3.2057251715   1.3278548433  -3.9187772201
   3.2044608669   1.3273311511  -3.7923561231
      
      
#  type   0  conf  1.0000
   3.2044608669   1.3273311511  -3.7923561231
   1.4309985243   0.5927389965  -2.1005718416
      
      
#  type   0  conf  1.0000
   1.4309985243   0.5927389965  -2.1005718416
   0.9208798183   0.3814409101  -1.6666666265
      
      
#  type   0  conf  1.0000
   0.9208798183   0.3814409101  -1.6666666265
   0.8440344857   0.3496105311  -1.6694315169
      
      
#  type   0  conf  1.0000
   0.8440344857   0.3496105311  -1.6694315169
   0.3262457489   0.1351354139  -1.8784004890
      
      
#  type   3  conf  0.0000
#  type   0  conf  1.0000
   0.2967846143   0.1229322124  -1.8927756008
  -3.4774260113  -1.4403970160  -3.6613075861
      
      
#  type   0  conf  1.0000
  -3.4774260113  -1.4403970160  -3.6613075861
  -3.4823504027  -1.4424367657  -3.8855541005
      
      
#  type   0  conf  1.0000
  -3.4823504027  -1.4424367657  -3.8855541005
  -2.7465203749  -1.1376459886  -4.3322975652
      
      
#  type   0  conf  1.0000
  -2.7465203749  -1.1376459886  -4.3322975652
  -2.2046031269  -0.9131765148  -4.5869685028
      
      
# 151  norm     0.3754155712   -0.9268565956    0.0000000000
# nedges  13 
#  type   0  conf  1.0000
   2.3185043622   0.9390909485  -4.5891500183
   2.7585316156   1.1173203353  -4.3528525271
      
      
#  type   0  conf  1.0000
   2.7585316156   1.1173203353  -4.3528525271
   3.2161086371   1.3026581100  -3.9224763827
      
      
#  type   0  conf  1.0000
   3.2161086371   1.3026581100  -3.9224763827
   3.2154904254   1.3024077085  -3.7926005490
      
      
#  type   0  conf  1.0000
   3.2154904254   1.3024077085  -3.7926005490
   1.4354851874   0.5814313608  -2.0995232716
      
      
#  type   0  conf  1.0000
   1.4354851874   0.5814313608  -2.0995232716
   0.9228066953   0.3737751927  -1.6654316210
      
      
#  type   0  conf  1.0000
   0.9228066953   0.3737751927  -1.6654316210
   0.8418689788   0.3409920424  -1.6713069480
      
      
#  type   0  conf  1.0000
   0.8418689788   0.3409920424  -1.6713069480
   0.3300471935   0.1336828764  -1.8778808836
      
      
#  type   3  conf  0.0000
#  type   0  conf  1.0000
   0.2979583702   0.1206855648  -1.8933167247
  -3.4806564623  -1.4098110109  -3.6610018454
      
      
#  type   0  conf  1.0000
  -3.4806564623  -1.4098110109  -3.6610018454
  -3.4875619879  -1.4126080367  -3.8841598484
      
      
#  type   0  conf  1.0000
  -3.4875619879  -1.4126080367  -3.8841598484
  -2.7915215218  -1.1306826230  -4.3086116177
      
      
#  type   0  conf  1.0000
  -2.7915215218  -1.1306826230  -4.3086116177
  -2.7427174246  -1.1109149285  -4.3366869901
      
      
#  type   0  conf  1.0000
  -2.7427174246  -1.1109149285  -4.3366869901
  -2.2061124144  -0.8935675229  -4.5873913186
      
      
# 152  norm     0.3681245527   -0.9297764859    0.0000000000
# nedges  13 
#  type   0  conf  1.0000
   2.3301260033   0.9225621487  -4.5862166327
   2.7558792484   1.0911297833  -4.3600799337
      
      
#  type   0  conf  1.0000
   2.7558792484   1.0911297833  -4.3600799337
   2.7869423061   1.1034285179  -4.3375100430
      
      
#  type   0  conf  1.0000
   2.7869423061   1.1034285179  -4.3375100430
   3.2276914078   1.2779334321  -3.9227175356
      
      
#  type   0  conf  1.0000
   3.2276914078   1.2779334321  -3.9227175356
   3.2257698286   1.2771726251  -3.7913926032
      
      
#  type   0  conf  1.0000
   3.2257698286   1.2771726251  -3.7913926032
   1.4397140037   0.5700230987  -2.0984077061
      
      
#  type   0  conf  1.0000
   1.4397140037   0.5700230987  -2.0984077061
   0.9269240699   0.3669952013  -1.6661133895
      
      
#  type   0  conf  1.0000
   0.9269240699   0.3669952013  -1.6661133895
   0.8481816594   0.3358188755  -1.6701515133
      
      
#  type   0  conf  1.0000
   0.8481816594   0.3358188755  -1.6701515133
   0.3494232648   0.1383464574  -1.8712309301
      
      
#  type   3  conf  0.0000
#  type   0  conf  1.0000
   0.3374542342   0.1336075830  -1.8760003064
  -3.4839228626  -1.3793826418  -3.6611223038
      
      
#  type   0  conf  1.0000
  -3.4839228626  -1.3793826418  -3.6611223038
  -3.4895988276  -1.3816299153  -3.8849724995
      
      
#  type   0  conf  1.0000
  -3.4895988276  -1.3816299153  -3.8849724995
  -2.7585167383  -1.0921740394  -4.3317102273
      
      
#  type   0  conf  1.0000
  -2.7585167383  -1.0921740394  -4.3317102273
  -2.2090763679  -0.8746352076  -4.5865453605
      
      
# 153  norm     0.3608108265   -0.9326390231    0.0000000000
# nedges  12 
#  type   0  conf  1.0000
   2.3299501056   0.9013897150  -4.5891302452
   2.7823880838   1.0764247680  -4.3518584452
      
      
#  type   0  conf  1.0000
   2.7823880838   1.0764247680  -4.3518584452
   3.2381307217   1.2527382974  -3.9256197620
      
      
#  type   0  conf  1.0000
   3.2381307217   1.2527382974  -3.9256197620
   3.2365667729   1.2521332513  -3.7901261450
      
      
#  type   0  conf  1.0000
   3.2365667729   1.2521332513  -3.7901261450
   1.4393692149   0.5568499528  -2.0933826882
      
      
#  type   0  conf  1.0000
   1.4393692149   0.5568499528  -2.0933826882
   0.9287819188   0.3593186253  -1.6652979724
      
      
#  type   0  conf  1.0000
   0.9287819188   0.3593186253  -1.6652979724
   0.8475759969   0.3279024235  -1.6711423687
      
      
#  type   3  conf  0.0000
#  type   3  conf  0.0000
#  type   0  conf  1.0000
   0.3623652952   0.1401885600  -1.8654983256
  -3.4868194730  -1.3489487193  -3.6613915796
      
      
#  type   0  conf  1.0000
  -3.4868194730  -1.3489487193  -3.6613915796
  -3.4916715039  -1.3508258285  -3.8855027300
      
      
#  type   0  conf  1.0000
  -3.4916715039  -1.3508258285  -3.8855027300
  -2.7635008416  -1.0691178451  -4.3315842669
      
      
#  type   0  conf  1.0000
  -2.7635008416  -1.0691178451  -4.3315842669
  -2.2100079319  -0.8549875876  -4.5869326771
      
      
# 154  norm     0.3534748438   -0.9354440308    0.0000000000
# nedges  12 
#  type   0  conf  1.0000
   2.3448559871   0.8860472422  -4.5841608962
   2.7921166148   1.0550529499  -4.3522570144
      
      
#  type   0  conf  1.0000
   2.7921166148   1.0550529499  -4.3522570144
   3.2461050408   1.2266008808  -3.9303050196
      
      
#  type   0  conf  1.0000
   3.2461050408   1.2266008808  -3.9303050196
   3.2474811210   1.2271208582  -3.7887864200
      
      
#  type   0  conf  1.0000
   3.2474811210   1.2271208582  -3.7887864200
   1.4396802362   0.5440098283  -2.0891947607
      
      
#  type   0  conf  1.0000
   1.4396802362   0.5440098283  -2.0891947607
   0.9320353952   0.3521868277  -1.6655247940
      
      
#  type   0  conf  1.0000
   0.9320353952   0.3521868277  -1.6655247940
   0.8508413163   0.3215061419  -1.6712590027
      
      
#  type   0  conf  1.0000
   0.8508413163   0.3215061419  -1.6712590027
   0.3492044249   0.1319533563  -1.8730139319
      
      
#  type   0  conf  1.0000
   0.3492044249   0.1319533563  -1.8730139319
   0.3372721464   0.1274445240  -1.8781861767
      
      
#  type   0  conf  1.0000
   0.3372721464   0.1274445240  -1.8781861767
  -3.4889852087  -1.3183776484  -3.6612538938
      
      
#  type   0  conf  1.0000
  -3.4889852087  -1.3183776484  -3.6612538938
  -3.4945323369  -1.3204737335  -3.8852132969
      
      
#  type   0  conf  1.0000
  -3.4945323369  -1.3204737335  -3.8852132969
  -2.7669056607  -1.0455265242  -4.3323149329
      
      
#  type   0  conf  1.0000
  -2.7669056607  -1.0455265242  -4.3323149329
  -2.2120054368  -0.8358472024  -4.5865559369
      
      
# 155  norm     0.3461170571   -0.9381913359    0.0000000000
# nedges  11 
#  type   0  conf  1.0000
   2.3517323557   0.8675998710  -4.5830063024
   2.8037034310   1.0343408037  -4.3515858867
      
      
#  type   0  conf  1.0000
   2.8037034310   1.0343408037  -4.3515858867
   3.2570849130   1.2016020630  -3.9306166850
      
      
#  type   0  conf  1.0000
   3.2570849130   1.2016020630  -3.9306166850
   3.2571019885   1.2016083625  -3.7858730645
      
      
#  type   0  conf  1.0000
   3.2571019885   1.2016083625  -3.7858730645
   1.4440438089   0.5327358869  -2.0888599099
      
      
#  type   0  conf  1.0000
   1.4440438089   0.5327358869  -2.0888599099
   0.9353796368   0.3450797665  -1.6657649447
      
      
#  type   0  conf  1.0000
   0.9353796368   0.3450797665  -1.6657649447
   0.8545156082   0.3152474514  -1.6710552638
      
      
#  type   0  conf  1.0000
   0.8545156082   0.3152474514  -1.6710552638
   0.3455433122   0.1274776581  -1.8754333070
      
      
#  type   0  conf  1.0000
   0.3455433122   0.1274776581  -1.8754333070
  -3.4887433899  -1.2870653872  -3.6604230937
      
      
#  type   0  conf  1.0000
  -3.4887433899  -1.2870653872  -3.6604230937
  -3.4967662321  -1.2900251699  -3.8841532890
      
      
#  type   0  conf  1.0000
  -3.4967662321  -1.2900251699  -3.8841532890
  -2.7710276214  -1.0222860612  -4.3322296077
      
      
#  type   0  conf  1.0000
  -2.7710276214  -1.0222860612  -4.3322296077
  -2.2180313448  -0.8182749640  -4.5839302005
      
      
# 156  norm     0.3387379202   -0.9408807690   -0.0000000000
# nedges  12 
#  type   0  conf  1.0000
   2.3453919662   0.8443930655  -4.5883300361
   2.7984626726   1.0075085568  -4.3596137657
      
      
#  type   0  conf  1.0000
   2.7984626726   1.0075085568  -4.3596137657
   2.8209438562   1.0156022809  -4.3448665043
      
      
#  type   0  conf  1.0000
   2.8209438562   1.0156022809  -4.3448665043
   3.2680433048   1.1765679870  -3.9311722531
      
      
#  type   0  conf  1.0000
   3.2680433048   1.1765679870  -3.9311722531
   3.2645962041   1.1753269544  -3.7812897378
      
      
#  type   0  conf  1.0000
   3.2645962041   1.1753269544  -3.7812897378
   1.4464907651   0.5207687197  -2.0869465201
      
      
#  type   0  conf  1.0000
   1.4464907651   0.5207687197  -2.0869465201
   0.9383498835   0.3378267454  -1.6658349908
      
      
#  type   0  conf  1.0000
   0.9383498835   0.3378267454  -1.6658349908
   0.8575208878   0.3087265163  -1.6706469746
      
      
#  type   0  conf  1.0000
   0.8575208878   0.3087265163  -1.6706469746
   0.3475756215   0.1251349236  -1.8756732942
      
      
#  type   0  conf  1.0000
   0.3475756215   0.1251349236  -1.8756732942
  -3.4898904903  -1.2564378884  -3.6606364773
      
      
#  type   0  conf  1.0000
  -3.4898904903  -1.2564378884  -3.6606364773
  -3.4959378259  -1.2586150632  -3.8855434776
      
      
#  type   0  conf  1.0000
  -3.4959378259  -1.2586150632  -3.8855434776
  -2.7784183047  -1.0002921403  -4.3298792052
      
      
#  type   0  conf  1.0000
  -2.7784183047  -1.0002921403  -4.3298792052
  -2.2226357032  -0.8001980914  -4.5831304579
      
      
# 157  norm     0.3313378885   -0.9435121640    0.0000000000
# nedges  15 
#  type   0  conf  1.0000
   2.3520402383   0.8259777413  -4.5870230135
   2.8079176192   0.9860704826  -4.3596852675
      
      
#  type   0  conf  1.0000
   2.8079176192   0.9860704826  -4.3596852675
   2.8290307210   0.9934848762  -4.3465677525
      
      
#  type   0  conf  1.0000
   2.8290307210   0.9934848762  -4.3465677525
   3.2765873685   1.1506555839  -3.9331494577
      
      
#  type   0  conf  1.0000
   3.2765873685   1.1506555839  -3.9331494577
   3.2755002644   1.1502738202  -3.7808945064
      
      
#  type   0  conf  1.0000
   3.2755002644   1.1502738202  -3.7808945064
   1.4621620027   0.5134747479  -2.0970749264
      
      
#  type   0  conf  1.0000
   1.4621620027   0.5134747479  -2.0970749264
   1.4177581206   0.4978812144  -2.0593341488
      
      
#  type   0  conf  1.0000
   1.4177581206   0.4978812144  -2.0593341488
   0.9412213860   0.3305334245  -1.6659399026
      
      
#  type   0  conf  1.0000
   0.9412213860   0.3305334245  -1.6659399026
   0.8599589218   0.3019960782  -1.6709547521
      
      
#  type   0  conf  1.0000
   0.8599589218   0.3019960782  -1.6709547521
   0.3437871859   0.1207294666  -1.8779730781
      
      
#  type   3  conf  0.0000
#  type   0  conf  1.0000
   0.2907534221   0.1021053343  -1.9029358309
  -3.4900627489  -1.2256228016  -3.6607686249
      
      
#  type   0  conf  1.0000
  -3.4900627489  -1.2256228016  -3.6607686249
  -3.4979436860  -1.2283903897  -3.8835320726
      
      
#  type   0  conf  1.0000
  -3.4979436860  -1.2283903897  -3.8835320726
  -2.8152080276  -0.9886306918  -4.3094306434
      
      
#  type   0  conf  1.0000
  -2.8152080276  -0.9886306918  -4.3094306434
  -2.7665982278  -0.9715601451  -4.3369448611
      
      
#  type   0  conf  1.0000
  -2.7665982278  -0.9715601451  -4.3369448611
  -2.2137748134  -0.7774223801  -4.5871559450
      
      
# 158  norm     0.3239174182   -0.9460853588    0.0000000000
# nedges  12 
#  type   0  conf  1.0000
   2.3526727231   0.8054999131  -4.5888554321
   2.8312815887   0.9693643537  -4.3524816026
      
      
#  type   0  conf  1.0000
   2.8312815887   0.9693643537  -4.3524816026
   3.2853864419   1.1248391957  -3.9357930566
      
      
#  type   0  conf  1.0000
   3.2853864419   1.1248391957  -3.9357930566
   3.2835047235   1.1241949394  -3.7771732206
      
      
#  type   0  conf  1.0000
   3.2835047235   1.1241949394  -3.7771732206
   1.4527803584   0.4973978918  -2.0845648704
      
      
#  type   0  conf  1.0000
   1.4527803584   0.4973978918  -2.0845648704
   0.9432884742   0.3229598306  -1.6658534074
      
      
#  type   0  conf  1.0000
   0.9432884742   0.3229598306  -1.6658534074
   0.8639341205   0.2957907626  -1.6704736184
      
      
#  type   0  conf  1.0000
   0.8639341205   0.2957907626  -1.6704736184
   0.3530099097   0.1208623064  -1.8750510452
      
      
#  type   0  conf  1.0000
   0.3530099097   0.1208623064  -1.8750510452
  -3.4902332674  -1.1949739401  -3.6610475978
      
      
#  type   0  conf  1.0000
  -3.4902332674  -1.1949739401  -3.6610475978
  -3.4979084639  -1.1976017472  -3.8835346786
      
      
#  type   0  conf  1.0000
  -3.4979084639  -1.1976017472  -3.8835346786
  -2.8247783335  -0.9671377918  -4.3052200352
      
      
#  type   0  conf  1.0000
  -2.8247783335  -0.9671377918  -4.3052200352
  -2.7758170615  -0.9503746016  -4.3337406133
      
      
#  type   0  conf  1.0000
  -2.7758170615  -0.9503746016  -4.3337406133
  -2.2043271453  -0.7547098696  -4.5915755278
      
      
# 159  norm     0.3164769672   -0.9486001946    0.0000000000
# nedges  13 
#  type   0  conf  1.0000
   2.3656726826   0.7892481155  -4.5839038866
   2.8391290033   0.9472050939  -4.3533218826
      
      
#  type   0  conf  1.0000
   2.8391290033   0.9472050939  -4.3533218826
   3.2866939186   1.0965240460  -3.9445020004
      
      
#  type   0  conf  1.0000
   3.2866939186   1.0965240460  -3.9445020004
   3.2958899133   1.0995920619  -3.9001459859
      
      
#  type   0  conf  1.0000
   3.2958899133   1.0995920619  -3.9001459859
   3.2896601785   1.0975136651  -3.7727005413
      
      
#  type   0  conf  1.0000
   3.2896601785   1.0975136651  -3.7727005413
   1.4566789067   0.4859848492  -2.0843553873
      
      
#  type   0  conf  1.0000
   1.4566789067   0.4859848492  -2.0843553873
   0.9459938736   0.3156074327  -1.6658842257
      
      
#  type   0  conf  1.0000
   0.9459938736   0.3156074327  -1.6658842257
   0.8650977556   0.2886184460  -1.6707173561
      
      
#  type   0  conf  1.0000
   0.8650977556   0.2886184460  -1.6707173561
   0.3689123040   0.1230784558  -1.8697525590
      
      
#  type   0  conf  1.0000
   0.3689123040   0.1230784558  -1.8697525590
   0.3074010672   0.1025567547  -1.8971581590
      
      
#  type   0  conf  1.0000
   0.3074010672   0.1025567547  -1.8971581590
  -3.4905962968  -1.1645510258  -3.6610343705
      
      
#  type   0  conf  1.0000
  -3.4905962968  -1.1645510258  -3.6610343705
  -3.4981086755  -1.1670573449  -3.8839180041
      
      
#  type   0  conf  1.0000
  -3.4981086755  -1.1670573449  -3.8839180041
  -2.7855985556  -0.9293459855  -4.3313338593
      
      
#  type   0  conf  1.0000
  -2.7855985556  -0.9293459855  -4.3313338593
  -2.2111723458  -0.7377029036  -4.5871729546
      
      
# 160  norm     0.3090169944   -0.9510565163    0.0000000000
# nedges  11 
#  type   0  conf  1.0000
   2.3712575915   0.7704682963  -4.5828768136
   2.8492885402   0.9257899669  -4.3524010854
      
      
#  type   0  conf  1.0000
   2.8492885402   0.9257899669  -4.3524010854
   3.3033477602   1.0733227508  -3.9378433392
      
      
#  type   0  conf  1.0000
   3.3033477602   1.0733227508  -3.9378433392
   3.2994176320   1.0720457747  -3.7719818914
      
      
#  type   0  conf  1.0000
   3.2994176320   1.0720457747  -3.7719818914
   1.4631920780   0.4754199255  -2.0864538073
      
      
#  type   0  conf  1.0000
   1.4631920780   0.4754199255  -2.0864538073
   0.9487588199   0.3082704276  -1.6660278438
      
      
#  type   0  conf  1.0000
   0.9487588199   0.3082704276  -1.6660278438
   0.8668141500   0.2816449903  -1.6709116040
      
      
#  type   0  conf  1.0000
   0.8668141500   0.2816449903  -1.6709116040
   0.3534420823   0.1148402940  -1.8768498400
      
      
#  type   0  conf  1.0000
   0.3534420823   0.1148402940  -1.8768498400
  -3.4886163046  -1.1335201500  -3.6605115738
      
      
#  type   0  conf  1.0000
  -3.4886163046  -1.1335201500  -3.6605115738
  -3.4966192051  -1.1361204500  -3.8840990301
      
      
#  type   0  conf  1.0000
  -3.4966192051  -1.1361204500  -3.8840990301
  -2.7849316650  -0.9048791506  -4.3328747564
      
      
#  type   0  conf  1.0000
  -2.7849316650  -0.9048791506  -4.3328747564
  -2.2104575424  -0.7182211932  -4.5867361331
      
      
# 161  norm     0.3015379599   -0.9534541723    0.0000000000
# nedges  13 
#  type   0  conf  1.0000
   2.3783773889   0.7521819995  -4.5810210029
   2.8564738653   0.9033840608  -4.3530522854
      
      
#  type   0  conf  1.0000
   2.8564738653   0.9033840608  -4.3530522854
   3.3100973208   1.0468463218  -3.9408663375
      
      
#  type   0  conf  1.0000
   3.3100973208   1.0468463218  -3.9408663375
   3.3084530845   1.0463263182  -3.7709869709
      
      
#  type   0  conf  1.0000
   3.3084530845   1.0463263182  -3.7709869709
   1.4695235510   0.4647492732  -2.0886841556
      
      
#  type   0  conf  1.0000
   1.4695235510   0.4647492732  -2.0886841556
   0.9546988445   0.3019315981  -1.6686014354
      
      
#  type   0  conf  1.0000
   0.9546988445   0.3019315981  -1.6686014354
   0.8772386882   0.2774341674  -1.6681521267
      
      
#  type   0  conf  1.0000
   0.8772386882   0.2774341674  -1.6681521267
   0.6905823075   0.2184025056  -1.7423390951
      
      
#  type   0  conf  1.0000
   0.6905823075   0.2184025056  -1.7423390951
   0.3531456558   0.1116853056  -1.8784435535
      
      
#  type   0  conf  1.0000
   0.3531456558   0.1116853056  -1.8784435535
  -3.4735386709  -1.0985360335  -3.6539516614
      
      
#  type   0  conf  1.0000
  -3.4735386709  -1.0985360335  -3.6539516614
  -3.4891068876  -1.1034596140  -3.6862555429
      
      
#  type   0  conf  1.0000
  -3.4891068876  -1.1034596140  -3.6862555429
  -3.4949148757  -1.1052964394  -3.8845397230
      
      
#  type   0  conf  1.0000
  -3.4949148757  -1.1052964394  -3.8845397230
  -2.7880537621  -0.8817456235  -4.3323953098
      
      
#  type   0  conf  1.0000
  -2.7880537621  -0.8817456235  -4.3323953098
  -2.2085808035  -0.6984823909  -4.5870309180
      
      
# 162  norm     0.2940403252   -0.9557930148    0.0000000000
# nedges  13 
#  type   0  conf  1.0000
   2.3702737166   0.7291914083  -4.5863593424
   2.8649350697   0.8813691109  -4.3527763059
      
      
#  type   0  conf  1.0000
   2.8649350697   0.8813691109  -4.3527763059
   3.3197615857   1.0212920175  -3.9398188658
      
      
#  type   0  conf  1.0000
   3.3197615857   1.0212920175  -3.9398188658
   3.3154047837   1.0199516902  -3.7683551194
      
      
#  type   0  conf  1.0000
   3.3154047837   1.0199516902  -3.7683551194
   1.4703715719   0.4523453599  -2.0859940032
      
      
#  type   0  conf  1.0000
   1.4703715719   0.4523453599  -2.0859940032
   0.9523966376   0.2929954632  -1.6655484634
      
      
#  type   0  conf  1.0000
   0.9523966376   0.2929954632  -1.6655484634
   0.8699560458   0.2676334255  -1.6713097205
      
      
#  type   0  conf  1.0000
   0.8699560458   0.2676334255  -1.6713097205
   0.3689245896   0.1134960233  -1.8719652429
      
      
#  type   0  conf  1.0000
   0.3689245896   0.1134960233  -1.8719652429
   0.3566926631   0.1097329914  -1.8771377639
      
      
#  type   0  conf  1.0000
   0.3566926631   0.1097329914  -1.8771377639
  -3.4857568676  -1.0723588342  -3.6605185114
      
      
#  type   0  conf  1.0000
  -3.4857568676  -1.0723588342  -3.6605185114
  -3.4946706534  -1.0751010727  -3.8831806492
      
      
#  type   0  conf  1.0000
  -3.4946706534  -1.0751010727  -3.8831806492
  -2.8162458038  -0.8663903369  -4.3158241516
      
      
#  type   0  conf  1.0000
  -2.8162458038  -0.8663903369  -4.3158241516
  -2.7788826355  -0.8548959255  -4.3370880752
      
      
#  type   0  conf  1.0000
  -2.7788826355  -0.8548959255  -4.3370880752
  -2.2071226134  -0.6789995753  -4.5872722739
      
      
# 163  norm     0.2865245527   -0.9580728995    0.0000000000
# nedges  12 
#  type   0  conf  1.0000
   2.3762125468   0.7106382380  -4.5844791095
   2.8724225735   0.8590365030  -4.3530107230
      
      
#  type   0  conf  1.0000
   2.8724225735   0.8590365030  -4.3530107230
   3.3271926632   0.9950415988  -3.9409542608
      
      
#  type   0  conf  1.0000
   3.3271926632   0.9950415988  -3.9409542608
   3.3233674043   0.9938976038  -3.7671475567
      
      
#  type   0  conf  1.0000
   3.3233674043   0.9938976038  -3.7671475567
   1.4750539403   0.4411346681  -2.0869373125
      
      
#  type   0  conf  1.0000
   1.4750539403   0.4411346681  -2.0869373125
   0.9548104598   0.2855488764  -1.6658709172
      
      
#  type   0  conf  1.0000
   0.9548104598   0.2855488764  -1.6658709172
   0.8772085981   0.2623409987  -1.6697078874
      
      
#  type   0  conf  1.0000
   0.8772085981   0.2623409987  -1.6697078874
   0.3845735069   0.1150118661  -1.8657654681
      
      
#  type   0  conf  1.0000
   0.3845735069   0.1150118661  -1.8657654681
  -3.4676656939  -1.0370519430  -3.6531718096
      
      
#  type   0  conf  1.0000
  -3.4676656939  -1.0370519430  -3.6531718096
  -3.4835805663  -1.0418114991  -3.6755911975
      
      
#  type   0  conf  1.0000
  -3.4835805663  -1.0418114991  -3.6755911975
  -3.4913298167  -1.0441290164  -3.8842931088
      
      
#  type   0  conf  1.0000
  -3.4913298167  -1.0441290164  -3.8842931088
  -2.7918712515  -0.8349465495  -4.3316789099
      
      
#  type   0  conf  1.0000
  -2.7918712515  -0.8349465495  -4.3316789099
  -2.2046436689  -0.6593282635  -4.5874820501
      
      
# 164  norm     0.2789911060   -0.9602936857    0.0000000000
# nedges  14 
#  type   0  conf  1.0000
   2.3811672233   0.6917930287  -4.5829625139
   2.8678711994   0.8331936051  -4.3584104435
      
      
#  type   0  conf  1.0000
   2.8678711994   0.8331936051  -4.3584104435
   2.9023148041   0.8432003973  -4.3329335653
      
      
#  type   0  conf  1.0000
   2.9023148041   0.8432003973  -4.3329335653
   3.3349908901   0.9689044205  -3.9402465888
      
      
#  type   0  conf  1.0000
   3.3349908901   0.9689044205  -3.9402465888
   3.3310006449   0.9677451471  -3.7660419071
      
      
#  type   0  conf  1.0000
   3.3310006449   0.9677451471  -3.7660419071
   1.4791865911   0.4297434308  -2.0875531186
      
      
#  type   0  conf  1.0000
   1.4791865911   0.4297434308  -2.0875531186
   0.9556855056   0.2776523060  -1.6651371529
      
      
#  type   0  conf  1.0000
   0.9556855056   0.2776523060  -1.6651371529
   0.8731707882   0.2536795645  -1.6714398773
      
      
#  type   0  conf  1.0000
   0.8731707882   0.2536795645  -1.6714398773
   0.3707135191   0.1077022334  -1.8728770125
      
      
#  type   0  conf  1.0000
   0.3707135191   0.1077022334  -1.8728770125
   0.3583211006   0.1041019031  -1.8778625971
      
      
#  type   0  conf  1.0000
   0.3583211006   0.1041019031  -1.8778625971
  -3.4817021502  -1.0115279818  -3.6621349543
      
      
#  type   0  conf  1.0000
  -3.4817021502  -1.0115279818  -3.6621349543
  -3.4880789660  -1.0133806180  -3.8835023885
      
      
#  type   0  conf  1.0000
  -3.4880789660  -1.0133806180  -3.8835023885
  -2.8488724934  -0.8276739707  -4.2954948214
      
      
#  type   0  conf  1.0000
  -2.8488724934  -0.8276739707  -4.2954948214
  -2.7866095293  -0.8095849075  -4.3339070831
      
      
#  type   0  conf  1.0000
  -2.7866095293  -0.8095849075  -4.3339070831
  -2.1988066834  -0.6388123943  -4.5902375284
      
      
# 165  norm     0.2714404499   -0.9624552365    0.0000000000
# nedges  13 
#  type   0  conf  1.0000
   2.3868297135   0.6731555990  -4.5811520067
   2.8851748214   0.8137034553  -4.3538710241
      
      
#  type   0  conf  1.0000
   2.8851748214   0.8137034553  -4.3538710241
   3.3408844988   0.9422268766  -3.9439491801
      
      
#  type   0  conf  1.0000
   3.3408844988   0.9422268766  -3.9439491801
   3.3385469737   0.9415676263  -3.7650790105
      
      
#  type   0  conf  1.0000
   3.3385469737   0.9415676263  -3.7650790105
   1.4825988057   0.4181361081  -2.0878296542
      
      
#  type   0  conf  1.0000
   1.4825988057   0.4181361081  -2.0878296542
   0.9590185317   0.2704711989  -1.6663838650
      
      
#  type   0  conf  1.0000
   0.9590185317   0.2704711989  -1.6663838650
   0.8790707405   0.2479235898  -1.6697933489
      
      
#  type   3  conf  0.0000
#  type   4  conf  0.0000
#  type   0  conf  1.0000
   0.3851627563   0.1086271318  -1.8664365524
  -3.4773032979  -0.9807009570  -3.6614292029
      
      
#  type   0  conf  1.0000
  -3.4773032979  -0.9807009570  -3.6614292029
  -3.4844897807  -0.9827277548  -3.8840732530
      
      
#  type   0  conf  1.0000
  -3.4844897807  -0.9827277548  -3.8840732530
  -2.8288235101  -0.7978107418  -4.3083676918
      
      
#  type   0  conf  1.0000
  -2.8288235101  -0.7978107418  -4.3083676918
  -2.7865933227  -0.7859005972  -4.3337348963
      
      
#  type   0  conf  1.0000
  -2.7865933227  -0.7859005972  -4.3337348963
  -2.1956535570  -0.6192383466  -4.5909745552
      
      
# 166  norm     0.2638730500   -0.9645574185    0.0000000000
# nedges  13 
#  type   0  conf  1.0000
   2.3792044020   0.6508766716  -4.5852169963
   2.8914048987   0.7909988713  -4.3540667213
      
      
#  type   0  conf  1.0000
   2.8914048987   0.7909988713  -4.3540667213
   3.3477002820   0.9158271627  -3.9443974062
      
      
#  type   0  conf  1.0000
   3.3477002820   0.9158271627  -3.9443974062
   3.3456052158   0.9152540174  -3.7641264614
      
      
#  type   0  conf  1.0000
   3.3456052158   0.9152540174  -3.7641264614
   1.4848019734   0.4061958550  -2.0871047781
      
      
#  type   0  conf  1.0000
   1.4848019734   0.4061958550  -2.0871047781
   0.9606490319   0.2628038364  -1.6664972361
      
      
#  type   0  conf  1.0000
   0.9606490319   0.2628038364  -1.6664972361
   0.8817702856   0.2412250533  -1.6698072331
      
      
#  type   0  conf  1.0000
   0.8817702856   0.2412250533  -1.6698072331
   0.6957046693   0.1903232606  -1.7438801881
      
      
#  type   0  conf  1.0000
   0.6957046693   0.1903232606  -1.7438801881
   0.3600773175   0.0985060072  -1.8797296318
      
      
#  type   0  conf  1.0000
   0.3600773175   0.0985060072  -1.8797296318
  -3.4667496885  -0.9483953949  -3.6579429878
      
      
#  type   0  conf  1.0000
  -3.4667496885  -0.9483953949  -3.6579429878
  -3.4760520552  -0.9509402345  -3.7401245999
      
      
#  type   0  conf  1.0000
  -3.4760520552  -0.9509402345  -3.7401245999
  -3.4802859424  -0.9520984949  -3.8843746042
      
      
#  type   0  conf  1.0000
  -3.4802859424  -0.9520984949  -3.8843746042
  -2.7900014507  -0.7632580271  -4.3333609290
      
      
#  type   0  conf  1.0000
  -2.7900014507  -0.7632580271  -4.3333609290
  -2.1979984443  -0.6013043311  -4.5869918588
      
      
# 167  norm     0.2562893731   -0.9666001020    0.0000000000
# nedges  13 
#  type   0  conf  1.0000
   2.3857221986   0.6325627790  -4.5831449835
   2.8978644212   0.7683548288  -4.3539812523
      
      
#  type   0  conf  1.0000
   2.8978644212   0.7683548288  -4.3539812523
   3.3541065705   0.8893252427  -3.9449979494
      
      
#  type   0  conf  1.0000
   3.3541065705   0.8893252427  -3.9449979494
   3.3529955703   0.8890306664  -3.7640327190
      
      
#  type   0  conf  1.0000
   3.3529955703   0.8890306664  -3.7640327190
   1.4890701266   0.3948197900  -2.0883509067
      
      
#  type   0  conf  1.0000
   1.4890701266   0.3948197900  -2.0883509067
   0.9634024921   0.2554415422  -1.6672589473
      
      
#  type   0  conf  1.0000
   0.9634024921   0.2554415422  -1.6672589473
   0.8837885549   0.2343322893  -1.6692605334
      
      
#  type   0  conf  1.0000
   0.8837885549   0.2343322893  -1.6692605334
   0.3630201341   0.0962530445  -1.8782148177
      
      
#  type   3  conf  0.0000
#  type   0  conf  1.0000
   0.3367368205   0.0892841501  -1.8908161411
  -3.4689815662  -0.9197837960  -3.6607779327
      
      
#  type   0  conf  1.0000
  -3.4689815662  -0.9197837960  -3.6607779327
  -3.4780981764  -0.9222010213  -3.8822462425
      
      
#  type   0  conf  1.0000
  -3.4780981764  -0.9222010213  -3.8822462425
  -2.8324207015  -0.7510027410  -4.3060914153
      
      
#  type   0  conf  1.0000
  -2.8324207015  -0.7510027410  -4.3060914153
  -2.7839467264  -0.7381500994  -4.3356718187
      
      
#  type   0  conf  1.0000
  -2.7839467264  -0.7381500994  -4.3356718187
  -2.1966063366  -0.5824196168  -4.5867948462
      
      
# 168  norm     0.2486898872   -0.9685831611    0.0000000000
# nedges  11 
#  type   0  conf  1.0000
   2.3913069274   0.6139832632  -4.5809302197
   2.9034546534   0.7454804493  -4.3542399276
      
      
#  type   0  conf  1.0000
   2.9034546534   0.7454804493  -4.3542399276
   3.3603417424   0.8627891154  -3.9452538439
      
      
#  type   0  conf  1.0000
   3.3603417424   0.8627891154  -3.9452538439
   3.3593032777   0.8625224829  -3.7632383301
      
      
#  type   0  conf  1.0000
   3.3593032777   0.8625224829  -3.7632383301
   1.4938320021   0.3835508679  -2.0902523219
      
      
#  type   0  conf  1.0000
   1.4938320021   0.3835508679  -2.0902523219
   0.9638319857   0.2474699927  -1.6664293299
      
      
#  type   4  conf  0.0000
#  type   0  conf  1.0000
   0.8820599989   0.2264745150  -1.6702501348
   0.3708808147   0.0952260081  -1.8757611367
      
      
#  type   0  conf  1.0000
   0.3708808147   0.0952260081  -1.8757611367
  -3.4632724099  -0.8892172189  -3.6604811788
      
      
#  type   0  conf  1.0000
  -3.4632724099  -0.8892172189  -3.6604811788
  -3.4724205995  -0.8915660748  -3.8834455279
      
      
#  type   0  conf  1.0000
  -3.4724205995  -0.8915660748  -3.8834455279
  -2.7911418960  -0.7166434345  -4.3321786194
      
      
#  type   0  conf  1.0000
  -2.7911418960  -0.7166434345  -4.3321786194
  -2.1939778643  -0.5633177712  -4.5865728322
      
      
# 169  norm     0.2410750608   -0.9705064735    0.0000000000
# nedges  13 
#  type   0  conf  1.0000
   2.3820535412   0.5917051746  -4.5853668984
   2.9085360374   0.7224841063  -4.3545235972
      
      
#  type   0  conf  1.0000
   2.9085360374   0.7224841063  -4.3545235972
   3.3670044045   0.8363682405  -3.9449972896
      
      
#  type   0  conf  1.0000
   3.3670044045   0.8363682405  -3.9449972896
   3.3650506886   0.8358829350  -3.7622786665
      
      
#  type   0  conf  1.0000
   3.3650506886   0.8358829350  -3.7622786665
   1.4958756172   0.3715774343  -2.0898410358
      
      
#  type   0  conf  1.0000
   1.4958756172   0.3715774343  -2.0898410358
   0.9659140656   0.2399343008  -1.6670132093
      
      
#  type   0  conf  1.0000
   0.9659140656   0.2399343008  -1.6670132093
   0.8876901908   0.2205033893  -1.6688576775
      
      
#  type   0  conf  1.0000
   0.8876901908   0.2205033893  -1.6688576775
   0.3748617642   0.0931161461  -1.8749448479
      
      
#  type   0  conf  1.0000
   0.3748617642   0.0931161461  -1.8749448479
   0.3115803178   0.0773969532  -1.9040374433
      
      
#  type   0  conf  1.0000
   0.3115803178   0.0773969532  -1.9040374433
  -3.4591246982  -0.8592510404  -3.6609204932
      
      
#  type   0  conf  1.0000
  -3.4591246982  -0.8592510404  -3.6609204932
  -3.4681987624  -0.8615050497  -3.8811509465
      
      
#  type   0  conf  1.0000
  -3.4681987624  -0.8615050497  -3.8811509465
  -2.8855364624  -0.7167709822  -4.2697893673
      
      
#  type   0  conf  1.0000
  -2.8855364624  -0.7167709822  -4.2697893673
  -2.7842356100  -0.6916077197  -4.3350536193
      
      
#  type   0  conf  1.0000
  -2.7842356100  -0.6916077197  -4.3350536193
  -2.1893223329  -0.5438304937  -4.5865479610
      
      
# 170  norm     0.2334453639   -0.9723699204    0.0000000000
# nedges  12 
#  type   0  conf  1.0000
   2.3867506195   0.5730081270  -4.5834953092
   2.8892441188   0.6936461427  -4.3652993830
      
      
#  type   0  conf  1.0000
   2.8892441188   0.6936461427  -4.3652993830
   2.9230758427   0.7017684210  -4.3457859362
      
      
#  type   0  conf  1.0000
   2.9230758427   0.7017684210  -4.3457859362
   3.3730536035   0.8097985234  -3.9443349956
      
      
#  type   0  conf  1.0000
   3.3730536035   0.8097985234  -3.9443349956
   3.3713335330   0.8093855711  -3.7620146007
      
      
#  type   0  conf  1.0000
   3.3713335330   0.8093855711  -3.7620146007
   1.4974619806   0.3595088141  -2.0891214314
      
      
#  type   0  conf  1.0000
   1.4974619806   0.3595088141  -2.0891214314
   0.9666136632   0.2320634088  -1.6667653054
      
      
#  type   0  conf  1.0000
   0.9666136632   0.2320634088  -1.6667653054
   0.8884390875   0.2132953536  -1.6691426462
      
      
#  type   0  conf  1.0000
   0.8884390875   0.2132953536  -1.6691426462
   0.3754931246   0.0901479234  -1.8751627233
      
      
#  type   0  conf  1.0000
   0.3754931246   0.0901479234  -1.8751627233
  -3.4537446619  -0.8291707326  -3.6607808010
      
      
#  type   0  conf  1.0000
  -3.4537446619  -0.8291707326  -3.6607808010
  -3.4621477919  -0.8311881456  -3.8835885667
      
      
#  type   0  conf  1.0000
  -3.4621477919  -0.8311881456  -3.8835885667
  -2.7904342557  -0.6699239934  -4.3314322724
      
      
#  type   0  conf  1.0000
  -2.7904342557  -0.6699239934  -4.3314322724
  -2.1856653647  -0.5247318285  -4.5872948254
      
      
# 171  norm     0.2258012669   -0.9741733870    0.0000000000
# nedges  11 
#  type   0  conf  1.0000
   2.3914803691   0.5543153860  -4.5816968385
   2.9156595437   0.6758135949  -4.3563389845
      
      
#  type   0  conf  1.0000
   2.9156595437   0.6758135949  -4.3563389845
   3.3790589538   0.7832238109  -3.9444633868
      
      
#  type   0  conf  1.0000
   3.3790589538   0.7832238109  -3.9444633868
   3.3768410245   0.7827097225  -3.7617035339
      
      
#  type   0  conf  1.0000
   3.3768410245   0.7827097225  -3.7617035339
   1.5019929377   0.3481432697  -2.0913078907
      
      
#  type   0  conf  1.0000
   1.5019929377   0.3481432697  -2.0913078907
   0.9674173888   0.2242353106  -1.6665705373
      
      
#  type   4  conf  0.0000
#  type   0  conf  1.0000
   0.8856416306   0.2052807076  -1.6702694841
   0.3727664832   0.0864026315  -1.8771716161
      
      
#  type   0  conf  1.0000
   0.3727664832   0.0864026315  -1.8771716161
  -3.4463642286  -0.7988243359  -3.6604419547
      
      
#  type   0  conf  1.0000
  -3.4463642286  -0.7988243359  -3.6604419547
  -3.4557548646  -0.8010009685  -3.8830899240
      
      
#  type   0  conf  1.0000
  -3.4557548646  -0.8010009685  -3.8830899240
  -2.7877240288  -0.6461597348  -4.3318960290
      
      
#  type   0  conf  1.0000
  -2.7877240288  -0.6461597348  -4.3318960290
  -2.1810762562  -0.5055463313  -4.5870558282
      
      
# 172  norm     0.2181432414   -0.9759167619    0.0000000000
# nedges  12 
#  type   0  conf  1.0000
   2.3823062438   0.5325085359  -4.5857120282
   2.9192954734   0.6525398497  -4.3568895511
      
      
#  type   0  conf  1.0000
   2.9192954734   0.6525398497  -4.3568895511
   3.3828499081   0.7561565421  -3.9455260578
      
      
#  type   0  conf  1.0000
   3.3828499081   0.7561565421  -3.9455260578
   3.3834391397   0.7562882510  -3.7626523570
      
      
#  type   0  conf  1.0000
   3.3834391397   0.7562882510  -3.7626523570
   1.5013627907   0.3355943442  -2.0890821630
      
      
#  type   0  conf  1.0000
   1.5013627907   0.3355943442  -2.0890821630
   0.9661838518   0.2159676782  -1.6652342958
      
      
#  type   0  conf  1.0000
   0.9661838518   0.2159676782  -1.6652342958
   0.8848663930   0.1977910727  -1.6708870725
      
      
#  type   0  conf  1.0000
   0.8848663930   0.1977910727  -1.6708870725
   0.3788338872   0.0846794064  -1.8750888167
      
      
#  type   0  conf  1.0000
   0.3788338872   0.0846794064  -1.8750888167
  -3.4391937477  -0.7687508824  -3.6603199025
      
      
#  type   0  conf  1.0000
  -3.4391937477  -0.7687508824  -3.6603199025
  -3.4496555604  -0.7710893746  -3.8819453105
      
      
#  type   0  conf  1.0000
  -3.4496555604  -0.7710893746  -3.8819453105
  -2.8107933124  -0.6282867433  -4.3148645262
      
      
#  type   0  conf  1.0000
  -2.8107933124  -0.6282867433  -4.3148645262
  -2.7733295588  -0.6199126022  -4.3370653305
      
      
#  type   0  conf  1.0000
  -2.7733295588  -0.6199126022  -4.3370653305
  -2.1770035007  -0.4866179358  -4.5869298594
      
      
# 173  norm     0.2104717598   -0.9775999378    0.0000000000
# nedges  12 
#  type   0  conf  1.0000
   2.3873814933   0.5139897875  -4.5844232931
   2.9265300257   0.6300654295  -4.3548091444
      
      
#  type   0  conf  1.0000
   2.9265300257   0.6300654295  -4.3548091444
   3.3883850041   0.7295002047  -3.9443635081
      
      
#  type   0  conf  1.0000
   3.3883850041   0.7295002047  -3.9443635081
   3.3878151064   0.7293775090  -3.7618181514
      
      
#  type   0  conf  1.0000
   3.3878151064   0.7293775090  -3.7618181514
   1.5048256617   0.3239804883  -2.0907001051
      
      
#  type   0  conf  1.0000
   1.5048256617   0.3239804883  -2.0907001051
   0.9694479481   0.2087166824  -1.6670238860
      
      
#  type   0  conf  1.0000
   0.9694479481   0.2087166824  -1.6670238860
   0.8897924802   0.1915673088  -1.6694346540
      
      
#  type   0  conf  1.0000
   0.8897924802   0.1915673088  -1.6694346540
   0.3802603053   0.0818679017  -1.8753492691
      
      
#  type   0  conf  1.0000
   0.3802603053   0.0818679017  -1.8753492691
   0.2107902964   0.0453819634  -1.9544489202
      
      
#  type   0  conf  1.0000
   0.2107902964   0.0453819634  -1.9544489202
  -3.4331156995  -0.7391304715  -3.6610442064
      
      
#  type   0  conf  1.0000
  -3.4331156995  -0.7391304715  -3.6610442064
  -3.4416472016  -0.7409672558  -3.8830365024
      
      
#  type   0  conf  1.0000
  -3.4416472016  -0.7409672558  -3.8830365024
  -2.7821750517  -0.5989866168  -4.3322948793
      
      
#  type   0  conf  1.0000
  -2.7821750517  -0.5989866168  -4.3322948793
  -2.1719209045  -0.4676023364  -4.5868086270
      
      
# 174  norm     0.2027872954   -0.9792228106    0.0000000000
# nedges  13 
#  type   0  conf  1.0000
   2.3912602406   0.4952061895  -4.5824648913
   2.9265138623   0.6060518858  -4.3572042827
      
      
#  type   0  conf  1.0000
   2.9265138623   0.6060518858  -4.3572042827
   3.3938707056   0.7028368352  -3.9430961813
      
      
#  type   0  conf  1.0000
   3.3938707056   0.7028368352  -3.9430961813
   3.3928276835   0.7026208357  -3.7625576822
      
      
#  type   0  conf  1.0000
   3.3928276835   0.7026208357  -3.7625576822
   1.5560295251   0.3222382235  -2.1345240379
      
      
#  type   0  conf  1.0000
   1.5560295251   0.3222382235  -2.1345240379
   1.4837059256   0.3072607261  -2.0728030482
      
      
#  type   0  conf  1.0000
   1.4837059256   0.3072607261  -2.0728030482
   0.9705544524   0.2009921647  -1.6672372529
      
      
#  type   0  conf  1.0000
   0.9705544524   0.2009921647  -1.6672372529
   0.8916200294   0.1846456315  -1.6689019886
      
      
#  type   0  conf  1.0000
   0.8916200294   0.1846456315  -1.6689019886
   0.3934934859   0.0814885835  -1.8705131913
      
      
#  type   0  conf  1.0000
   0.3934934859   0.0814885835  -1.8705131913
   0.3171148416   0.0656713266  -1.9053955041
      
      
#  type   0  conf  1.0000
   0.3171148416   0.0656713266  -1.9053955041
  -3.4250995716  -0.7093040225  -3.6609990347
      
      
#  type   0  conf  1.0000
  -3.4250995716  -0.7093040225  -3.6609990347
  -3.4340490763  -0.7111573758  -3.8828796050
      
      
#  type   0  conf  1.0000
  -3.4340490763  -0.7111573758  -3.8828796050
  -2.7784529124  -0.5753899371  -4.3325622103
      
      
#  type   0  conf  1.0000
  -2.7784529124  -0.5753899371  -4.3325622103
  -2.1661068238  -0.4485791584  -4.5869503323
      
      
# 175  norm     0.1950903220   -0.9807852804    0.0000000000
# nedges  12 
#  type   0  conf  1.0000
   2.3958646375   0.4765671070  -4.5811565910
   2.9317260621   0.5831565715  -4.3564812590
      
      
#  type   0  conf  1.0000
   2.9317260621   0.5831565715  -4.3564812590
   3.3985464336   0.6760129168  -3.9415222964
      
      
#  type   0  conf  1.0000
   3.3985464336   0.6760129168  -3.9415222964
   3.3979052379   0.6758853750  -3.7632919255
      
      
#  type   0  conf  1.0000
   3.3979052379   0.6758853750  -3.7632919255
   1.5331381309   0.3049601351  -2.1128276393
      
      
#  type   0  conf  1.0000
   1.5331381309   0.3049601351  -2.1128276393
   1.4852116659   0.2954269685  -2.0729270225
      
      
#  type   0  conf  1.0000
   1.4852116659   0.2954269685  -2.0729270225
   0.9700651080   0.1929579471  -1.6664732850
      
      
#  type   0  conf  1.0000
   0.9700651080   0.1929579471  -1.6664732850
   0.8895090381   0.1769343486  -1.6699241959
      
      
#  type   0  conf  1.0000
   0.8895090381   0.1769343486  -1.6699241959
   0.3836096629   0.0763047062  -1.8749551013
      
      
#  type   0  conf  1.0000
   0.3836096629   0.0763047062  -1.8749551013
  -3.4174435840  -0.6797717937  -3.6608201781
      
      
#  type   0  conf  1.0000
  -3.4174435840  -0.6797717937  -3.6608201781
  -3.4263819974  -0.6815497546  -3.8828563193
      
      
#  type   0  conf  1.0000
  -3.4263819974  -0.6815497546  -3.8828563193
  -2.7752694929  -0.5520354250  -4.3328470056
      
      
#  type   0  conf  1.0000
  -2.7752694929  -0.5520354250  -4.3328470056
  -2.1609172288  -0.4298331617  -4.5869647600
      
      
# 176  norm     0.1873813146   -0.9822872507   -0.0000000000
# nedges  15 
#  type   0  conf  1.0000
   2.3863171532   0.4552143427  -4.5859547372
   2.9189781040   0.5568248534  -4.3629071589
      
      
#  type   0  conf  1.0000
   2.9189781040   0.5568248534  -4.3629071589
   2.9469751252   0.5621655708  -4.3454515219
      
      
#  type   0  conf  1.0000
   2.9469751252   0.5621655708  -4.3454515219
   3.4033148227   0.6492170238  -3.9393929058
      
      
#  type   0  conf  1.0000
   3.4033148227   0.6492170238  -3.9393929058
   3.4009567302   0.6487671936  -3.7620041895
      
      
#  type   0  conf  1.0000
   3.4009567302   0.6487671936  -3.7620041895
   1.5081176682   0.2876888313  -2.0900292027
      
      
#  type   0  conf  1.0000
   1.5081176682   0.2876888313  -2.0900292027
   0.9714594617   0.1853158034  -1.6674187357
      
      
#  type   0  conf  1.0000
   0.9714594617   0.1853158034  -1.6674187357
   0.8925307222   0.1702593411  -1.6691500466
      
      
#  type   0  conf  1.0000
   0.8925307222   0.1702593411  -1.6691500466
   0.6924603371   0.1320938739  -1.7500719817
      
      
#  type   0  conf  1.0000
   0.6924603371   0.1320938739  -1.7500719817
   0.3793821958   0.0723710244  -1.8781194037
      
      
#  type   0  conf  1.0000
   0.3793821958   0.0723710244  -1.8781194037
  -3.4026363502  -0.6490875982  -3.6581703423
      
      
#  type   0  conf  1.0000
  -3.4026363502  -0.6490875982  -3.6581703423
  -3.4117972234  -0.6508351283  -3.7398301579
      
      
#  type   0  conf  1.0000
  -3.4117972234  -0.6508351283  -3.7398301579
  -3.4172827113  -0.6518815410  -3.8831886768
      
      
#  type   0  conf  1.0000
  -3.4172827113  -0.6518815410  -3.8831886768
  -2.8054650757  -0.5351710852  -4.3091440677
      
      
#  type   0  conf  1.0000
  -2.8054650757  -0.5351710852  -4.3091440677
  -2.7664786496  -0.5277340266  -4.3340620467
      
      
#  type   0  conf  1.0000
  -2.7664786496  -0.5277340266  -4.3340620467
  -2.1495853634  -0.4100553386  -4.5905176055
      
      
# 177  norm     0.1796607486   -0.9837286289    0.0000000000
# nedges  11 
#  type   0  conf  1.0000
   2.4007392199   0.4384528342  -4.5808185172
   2.9356132789   0.5361381826  -4.3570987946
      
      
#  type   0  conf  1.0000
   2.9356132789   0.5361381826  -4.3570987946
   3.4062205561   0.6220863325  -3.9406218717
      
      
#  type   0  conf  1.0000
   3.4062205561   0.6220863325  -3.9406218717
   3.4058022144   0.6220099298  -3.7631559255
      
      
#  type   0  conf  1.0000
   3.4058022144   0.6220099298  -3.7631559255
   1.5093205572   0.2756508789  -2.0902149918
      
      
#  type   0  conf  1.0000
   1.5093205572   0.2756508789  -2.0902149918
   0.9727283994   0.1776517499  -1.6679297326
      
      
#  type   0  conf  1.0000
   0.9727283994   0.1776517499  -1.6679297326
   0.8935784847   0.1631964088  -1.6686156761
      
      
#  type   0  conf  1.0000
   0.8935784847   0.1631964088  -1.6686156761
   0.3846717884   0.0702535429  -1.8757211078
      
      
#  type   0  conf  1.0000
   0.3846717884   0.0702535429  -1.8757211078
  -3.3989217052  -0.6207533257  -3.6602602363
      
      
#  type   0  conf  1.0000
  -3.3989217052  -0.6207533257  -3.6602602363
  -3.4096084046  -0.6227050635  -3.8821782956
      
      
#  type   0  conf  1.0000
  -3.4096084046  -0.6227050635  -3.8821782956
  -2.7681290742  -0.5055501355  -4.3327527154
      
      
#  type   0  conf  1.0000
  -2.7681290742  -0.5055501355  -4.3327527154
  -2.1500265865  -0.3926645771  -4.5868526016
      
      
# 178  norm     0.1719291003   -0.9851093262    0.0000000000
# nedges  12 
#  type   0  conf  1.0000
   2.3800585655   0.4153867159  -4.5899020308
   2.9372156624   0.5126261956  -4.3576553845
      
      
#  type   0  conf  1.0000
   2.9372156624   0.5126261956  -4.3576553845
   3.4103110083   0.5951945513  -3.9392178924
      
      
#  type   0  conf  1.0000
   3.4103110083   0.5951945513  -3.9392178924
   3.4084176165   0.5948641015  -3.7627642583
      
      
#  type   0  conf  1.0000
   3.4084176165   0.5948641015  -3.7627642583
   1.5100558258   0.2635469309  -2.0900389939
      
      
#  type   0  conf  1.0000
   1.5100558258   0.2635469309  -2.0900389939
   0.9704701468   0.1693741545  -1.6663386463
      
      
#  type   0  conf  1.0000
   0.9704701468   0.1693741545  -1.6663386463
   0.8924948642   0.1557652891  -1.6693241938
      
      
#  type   0  conf  1.0000
   0.8924948642   0.1557652891  -1.6693241938
   0.3845054909   0.0671069508  -1.8764106008
      
      
#  type   0  conf  1.0000
   0.3845054909   0.0671069508  -1.8764106008
  -3.3903820803  -0.5917163965  -3.6605937222
      
      
#  type   0  conf  1.0000
  -3.3903820803  -0.5917163965  -3.6605937222
  -3.4003570125  -0.5934573009  -3.8826999895
      
      
#  type   0  conf  1.0000
  -3.4003570125  -0.5934573009  -3.8826999895
  -2.7983537848  -0.4883909184  -4.3084353753
      
      
#  type   0  conf  1.0000
  -2.7983537848  -0.4883909184  -4.3084353753
  -2.7591499781  -0.4815487588  -4.3340956684
      
      
#  type   0  conf  1.0000
  -2.7591499781  -0.4815487588  -4.3340956684
  -2.1401850919  -0.3735220929  -4.5898705038
      
      
# 179  norm     0.1641868466   -0.9864292572    0.0000000000
# nedges  14 
#  type   0  conf  1.0000
   2.4081761064   0.4008304073  -4.5794510986
   2.9403842831   0.4894141365  -4.3566262305
      
      
#  type   0  conf  1.0000
   2.9403842831   0.4894141365  -4.3566262305
   3.4128142177   0.5680480382  -3.9384945824
      
      
#  type   0  conf  1.0000
   3.4128142177   0.5680480382  -3.9384945824
   3.4134144543   0.5681479449  -3.7655783221
      
      
#  type   0  conf  1.0000
   3.4134144543   0.5681479449  -3.7655783221
   1.5526608801   0.2584336300  -2.1266723103
      
      
#  type   0  conf  1.0000
   1.5526608801   0.2584336300  -2.1266723103
   1.4865324028   0.2474268335  -2.0711181760
      
      
#  type   0  conf  1.0000
   1.4865324028   0.2474268335  -2.0711181760
   0.9710241463   0.1616227331  -1.6665894719
      
      
#  type   0  conf  1.0000
   0.9710241463   0.1616227331  -1.6665894719
   0.8922293259   0.1485076789  -1.6693742103
      
      
#  type   0  conf  1.0000
   0.8922293259   0.1485076789  -1.6693742103
   0.3936312254   0.0655182003  -1.8732716970
      
      
#  type   0  conf  1.0000
   0.3936312254   0.0655182003  -1.8732716970
   0.3815698383   0.0635106350  -1.8783540213
      
      
#  type   0  conf  1.0000
   0.3815698383   0.0635106350  -1.8783540213
  -3.3805324005  -0.5626748705  -3.6610468430
      
      
#  type   0  conf  1.0000
  -3.3805324005  -0.5626748705  -3.6610468430
  -3.3892325294  -0.5641229690  -3.8830116077
      
      
#  type   0  conf  1.0000
  -3.3892325294  -0.5641229690  -3.8830116077
  -2.7917973498  -0.4646824897  -4.3092718896
      
      
#  type   0  conf  1.0000
  -2.7917973498  -0.4646824897  -4.3092718896
  -2.7540517903  -0.4583999060  -4.3339786108
      
      
#  type   0  conf  1.0000
  -2.7540517903  -0.4583999060  -4.3339786108
  -2.1316961199  -0.3548115196  -4.5906681579
      
      
# 180  norm     0.1564344650   -0.9876883406    0.0000000000
# nedges  13 
#  type   0  conf  1.0000
   2.4065263186   0.3811563241  -4.5809907348
   2.9408617074   0.4657867356  -4.3570440281
      
      
#  type   0  conf  1.0000
   2.9408617074   0.4657867356  -4.3570440281
   3.4064761939   0.5395328254  -3.9463009856
      
      
#  type   0  conf  1.0000
   3.4064761939   0.5395328254  -3.9463009856
   3.4159223740   0.5410289534  -3.9044586785
      
      
#  type   0  conf  1.0000
   3.4159223740   0.5410289534  -3.9044586785
   3.4152063566   0.5409155474  -3.7648302430
      
      
#  type   0  conf  1.0000
   3.4152063566   0.5409155474  -3.7648302430
   1.5152055210   0.2399849784  -2.0935783681
      
      
#  type   0  conf  1.0000
   1.5152055210   0.2399849784  -2.0935783681
   0.9685577545   0.1534044779  -1.6648634615
      
      
#  type   0  conf  1.0000
   0.9685577545   0.1534044779  -1.6648634615
   0.8873225977   0.1405380930  -1.6710774675
      
      
#  type   0  conf  1.0000
   0.8873225977   0.1405380930  -1.6710774675
   0.3965832195   0.0628126113  -1.8723387024
      
      
#  type   0  conf  1.0000
   0.3965832195   0.0628126113  -1.8723387024
   0.3841402148   0.0608418329  -1.8776715890
      
      
#  type   0  conf  1.0000
   0.3841402148   0.0608418329  -1.8776715890
  -3.3701238519  -0.5337751801  -3.6611391106
      
      
#  type   0  conf  1.0000
  -3.3701238519  -0.5337751801  -3.6611391106
  -3.3785254978  -0.5351058701  -3.8829212284
      
      
#  type   0  conf  1.0000
  -3.3785254978  -0.5351058701  -3.8829212284
  -2.7529449426  -0.4360236440  -4.3332037448
      
      
#  type   0  conf  1.0000
  -2.7529449426  -0.4360236440  -4.3332037448
  -2.1305556376  -0.3374468622  -4.5863969174
      
      
# 181  norm     0.1486724339   -0.9888864987    0.0000000000
# nedges  11 
#  type   0  conf  1.0000
   2.4028728084   0.3612557652  -4.5837562916
   2.9427802699   0.4424272206  -4.3566026771
      
      
#  type   0  conf  1.0000
   2.9427802699   0.4424272206  -4.3566026771
   3.4178386004   0.5138490454  -3.9362733149
      
      
#  type   0  conf  1.0000
   3.4178386004   0.5138490454  -3.9362733149
   3.4186868880   0.5139765797  -3.7662178562
      
      
#  type   0  conf  1.0000
   3.4186868880   0.5139765797  -3.7662178562
   1.5153331976   0.2278201542  -2.0935825126
      
      
#  type   0  conf  1.0000
   1.5153331976   0.2278201542  -2.0935825126
   0.9722500715   0.1461712590  -1.6674103651
      
      
#  type   0  conf  1.0000
   0.9722500715   0.1461712590  -1.6674103651
   0.8941164948   0.1344244012  -1.6685964603
      
      
#  type   0  conf  1.0000
   0.8941164948   0.1344244012  -1.6685964603
   0.3899690887   0.0586292296  -1.8756133655
      
      
#  type   0  conf  1.0000
   0.3899690887   0.0586292296  -1.8756133655
  -3.3581513516  -0.5048754690  -3.6605370802
      
      
#  type   0  conf  1.0000
  -3.3581513516  -0.5048754690  -3.6605370802
  -3.3680919002  -0.5063699636  -3.8821395662
      
      
#  type   0  conf  1.0000
  -3.3680919002  -0.5063699636  -3.8821395662
  -2.7487478887  -0.4132557572  -4.3324852125
      
      
#  type   0  conf  1.0000
  -2.7487478887  -0.4132557572  -4.3324852125
  -2.1241250311  -0.3193479117  -4.5862539898
      
      
# 182  norm     0.1409012319   -0.9900236577    0.0000000000
# nedges  12 
#  type   0  conf  1.0000
   2.4052827613   0.3423224300  -4.5836098651
   2.9035739720   0.4132397711  -4.3733377580
      
      
#  type   0  conf  1.0000
   2.9035739720   0.4132397711  -4.3733377580
   2.9531214418   0.4202914203  -4.3482367409
      
      
#  type   0  conf  1.0000
   2.9531214418   0.4202914203  -4.3482367409
   3.4211554755   0.4869025274  -3.9325067833
      
      
#  type   0  conf  1.0000
   3.4211554755   0.4869025274  -3.9325067833
   3.4206168284   0.4868258666  -3.7669082567
      
      
#  type   0  conf  1.0000
   3.4206168284   0.4868258666  -3.7669082567
   1.5155260365   0.2156912958  -2.0939802463
      
      
#  type   0  conf  1.0000
   1.5155260365   0.2156912958  -2.0939802463
   0.9712193054   0.1382249763  -1.6670909970
      
      
#  type   0  conf  1.0000
   0.9712193054   0.1382249763  -1.6670909970
   0.8917301029   0.1269119875  -1.6693325308
      
      
#  type   0  conf  1.0000
   0.8917301029   0.1269119875  -1.6693325308
   0.3923505108   0.0558397467  -1.8749617748
      
      
#  type   0  conf  1.0000
   0.3923505108   0.0558397467  -1.8749617748
  -3.3461712186  -0.4762306873  -3.6603416391
      
      
#  type   0  conf  1.0000
  -3.3461712186  -0.4762306873  -3.6603416391
  -3.3570648365  -0.4777810787  -3.8816360314
      
      
#  type   0  conf  1.0000
  -3.3570648365  -0.4777810787  -3.8816360314
  -2.7425021986  -0.3903158630  -4.3326660229
      
      
#  type   0  conf  1.0000
  -2.7425021986  -0.3903158630  -4.3326660229
  -2.1155948506  -0.3010937349  -4.5864545348
      
      
# 183  norm     0.1331213385   -0.9910997474    0.0000000000
# nedges  13 
#  type   0  conf  1.0000
   2.4162681213   0.3245453824  -4.5802771071
   2.9202353362   0.3922366420  -4.3665581327
      
      
#  type   0  conf  1.0000
   2.9202353362   0.3922366420  -4.3665581327
   2.9543831173   0.3968232624  -4.3476193231
      
      
#  type   0  conf  1.0000
   2.9543831173   0.3968232624  -4.3476193231
   3.4219144486   0.4596205709  -3.9331074388
      
      
#  type   0  conf  1.0000
   3.4219144486   0.4596205709  -3.9331074388
   3.4246570924   0.4599889540  -3.7697179917
      
      
#  type   0  conf  1.0000
   3.4246570924   0.4599889540  -3.7697179917
   1.5165527269   0.2036984970  -2.0948700872
      
      
#  type   0  conf  1.0000
   1.5165527269   0.2036984970  -2.0948700872
   0.9702109826   0.1303156267  -1.6668071381
      
      
#  type   0  conf  1.0000
   0.9702109826   0.1303156267  -1.6668071381
   0.8887242445   0.1193705894  -1.6700479516
      
      
#  type   0  conf  1.0000
   0.8887242445   0.1193705894  -1.6700479516
   0.3981547721   0.0534788717  -1.8734385811
      
      
#  type   3  conf  0.0000
#  type   0  conf  1.0000
   0.3862419404   0.0518787783  -1.8783049269
  -3.3356144432  -0.4480290310  -3.6606716057
      
      
#  type   0  conf  1.0000
  -3.3356144432  -0.4480290310  -3.6606716057
  -3.3465379624  -0.4494962431  -3.8814668270
      
      
#  type   0  conf  1.0000
  -3.3465379624  -0.4494962431  -3.8814668270
  -2.7372889631  -0.3676638720  -4.3322896604
      
      
#  type   0  conf  1.0000
  -2.7372889631  -0.3676638720  -4.3322896604
  -2.1084369390  -0.2831984856  -4.5869839458
      
      
# 184  norm     0.1253332336   -0.9921147013    0.0000000000
# nedges  11 
#  type   0  conf  1.0000
   2.4093596912   0.3043729122  -4.5846572388
   2.9469544511   0.3722869241  -4.3546320703
      
      
#  type   0  conf  1.0000
   2.9469544511   0.3722869241  -4.3546320703
   3.4222215617   0.4323271228  -3.9327230795
      
      
#  type   0  conf  1.0000
   3.4222215617   0.4323271228  -3.9327230795
   3.4271442042   0.4329489972  -3.7715786968
      
      
#  type   0  conf  1.0000
   3.4271442042   0.4329489972  -3.7715786968
   1.5171062140   0.1916550850  -2.0955647360
      
      
#  type   0  conf  1.0000
   1.5171062140   0.1916550850  -2.0955647360
   0.9687821267   0.1223856439  -1.6661560069
      
      
#  type   0  conf  1.0000
   0.9687821267   0.1223856439  -1.6661560069
   0.8876983323   0.1121423786  -1.6705068383
      
      
#  type   0  conf  1.0000
   0.8876983323   0.1121423786  -1.6705068383
   0.3924445536   0.0495772765  -1.8759896710
      
      
#  type   0  conf  1.0000
   0.3924445536   0.0495772765  -1.8759896710
  -3.3227992481  -0.4197671637  -3.6604640083
      
      
#  type   0  conf  1.0000
  -3.3227992481  -0.4197671637  -3.6604640083
  -3.3337654807  -0.4211525211  -3.8821688536
      
      
#  type   0  conf  1.0000
  -3.3337654807  -0.4211525211  -3.8821688536
  -2.7296990494  -0.3448411843  -4.3327421712
      
      
#  type   0  conf  1.0000
  -2.7296990494  -0.3448411843  -4.3327421712
  -2.1000763567  -0.2653013408  -4.5872035319
      
      
# 185  norm     0.1175373975   -0.9930684570    0.0000000000
# nedges  13 
#  type   0  conf  1.0000
   2.4233731369   0.2868251122  -4.5799351517
   2.9456608654   0.3486419385  -4.3549540143
      
      
#  type   0  conf  1.0000
   2.9456608654   0.3486419385  -4.3549540143
   3.4139822235   0.4040714240  -3.9401011359
      
      
#  type   0  conf  1.0000
   3.4139822235   0.4040714240  -3.9401011359
   3.4284401168   0.4057826284  -3.8852342865
      
      
#  type   0  conf  1.0000
   3.4284401168   0.4057826284  -3.8852342865
   3.4249570475   0.4053703800  -3.7693718765
      
      
#  type   0  conf  1.0000
   3.4249570475   0.4053703800  -3.7693718765
   1.5153523572   0.1793537707  -2.0945404979
      
      
#  type   0  conf  1.0000
   1.5153523572   0.1793537707  -2.0945404979
   0.9698657047   0.1147911708  -1.6674831501
      
      
#  type   0  conf  1.0000
   0.9698657047   0.1147911708  -1.6674831501
   0.8910900925   0.1054674626  -1.6685264604
      
      
#  type   3  conf  0.0000
#  type   3  conf  0.0000
#  type   0  conf  1.0000
   0.4173430045   0.0493957997  -1.8646279734
  -3.3114679822  -0.3919380640  -3.6608038629
      
      
#  type   0  conf  1.0000
  -3.3114679822  -0.3919380640  -3.6608038629
  -3.3213835002  -0.3931116429  -3.8823616537
      
      
#  type   0  conf  1.0000
  -3.3213835002  -0.3931116429  -3.8823616537
  -2.7231280381  -0.3223034427  -4.3326035986
      
      
#  type   0  conf  1.0000
  -2.7231280381  -0.3223034427  -4.3326035986
  -2.0924162586  -0.2476537843  -4.5866735749
      
      
# 186  norm     0.1097343111   -0.9939609555    0.0000000000
# nedges  13 
#  type   0  conf  1.0000
   2.4141966428   0.2665297907  -4.5852308223
   2.9459263126   0.3252332928  -4.3544297066
      
      
#  type   0  conf  1.0000
   2.9459263126   0.3252332928  -4.3544297066
   3.4128567266   0.3767828904  -3.9401596829
      
      
#  type   0  conf  1.0000
   3.4128567266   0.3767828904  -3.9401596829
   3.4286181274   0.3785229653  -3.8890678420
      
      
#  type   0  conf  1.0000
   3.4286181274   0.3785229653  -3.8890678420
   3.4276980887   0.3784213920  -3.7721659589
      
      
#  type   0  conf  1.0000
   3.4276980887   0.3784213920  -3.7721659589
   1.5193912062   0.1677423508  -2.0984385368
      
      
#  type   0  conf  1.0000
   1.5193912062   0.1677423508  -2.0984385368
   0.9727573168   0.1073934076  -1.6698447130
      
      
#  type   4  conf  0.0000
#  type   0  conf  1.0000
   0.8938349013   0.0986802918  -1.6676118896
   0.3910423689   0.0431714794  -1.8773729873
      
      
#  type   3  conf  0.0000
#  type   0  conf  1.0000
   0.3736117975   0.0412471265  -1.8858336154
  -3.2991405377  -0.3642285063  -3.6609892080
      
      
#  type   0  conf  1.0000
  -3.2991405377  -0.3642285063  -3.6609892080
  -3.3087786809  -0.3652925672  -3.8819888276
      
      
#  type   0  conf  1.0000
  -3.3087786809  -0.3652925672  -3.8819888276
  -2.7166316611  -0.2999189276  -4.3325848096
      
      
#  type   0  conf  1.0000
  -2.7166316611  -0.2999189276  -4.3325848096
  -2.0839055084  -0.2300653100  -4.5867365321
      
      
# 187  norm     0.1019244558   -0.9947921418    0.0000000000
# nedges  12 
#  type   0  conf  1.0000
   2.4158480019   0.2475230579  -4.5861048646
   2.9463120132   0.3018733622  -4.3531298515
      
      
#  type   0  conf  1.0000
   2.9463120132   0.3018733622  -4.3531298515
   3.4137414100   0.3497652633  -3.9379698142
      
      
#  type   0  conf  1.0000
   3.4137414100   0.3497652633  -3.9379698142
   3.4294265635   0.3513723335  -3.8866918843
      
      
#  type   0  conf  1.0000
   3.4294265635   0.3513723335  -3.8866918843
   3.4288774841   0.3513160759  -3.7739999714
      
      
#  type   0  conf  1.0000
   3.4288774841   0.3513160759  -3.7739999714
   1.5181202229   0.1555436267  -2.0981875244
      
      
#  type   0  conf  1.0000
   1.5181202229   0.1555436267  -2.0981875244
   0.9702004022   0.0994048343  -1.6689750238
      
      
#  type   0  conf  1.0000
   0.9702004022   0.0994048343  -1.6689750238
   0.8959355316   0.0917958010  -1.6669022402
      
      
#  type   0  conf  1.0000
   0.8959355316   0.0917958010  -1.6669022402
   0.3968042929   0.0406557912  -1.8751730811
      
      
#  type   0  conf  1.0000
   0.3968042929   0.0406557912  -1.8751730811
  -3.2843927696  -0.3365124548  -3.6605542275
      
      
#  type   0  conf  1.0000
  -3.2843927696  -0.3365124548  -3.6605542275
  -3.2954868469  -0.3376491323  -3.8809566967
      
      
#  type   0  conf  1.0000
  -3.2954868469  -0.3376491323  -3.8809566967
  -2.7090078593  -0.2775596431  -4.3325071931
      
      
#  type   0  conf  1.0000
  -2.7090078593  -0.2775596431  -4.3325071931
  -2.0738934532  -0.2124870641  -4.5871582783
      
      
# 188  norm     0.0941083133   -0.9955619646    0.0000000000
# nedges  14 
#  type   0  conf  1.0000
   2.4308053846   0.2297787610  -4.5806179586
   2.9455108762   0.2784327548  -4.3525425063
      
      
#  type   0  conf  1.0000
   2.9455108762   0.2784327548  -4.3525425063
   3.4105950117   0.3223961495  -3.9390722502
      
      
#  type   0  conf  1.0000
   3.4105950117   0.3223961495  -3.9390722502
   3.4301513254   0.3242447654  -3.8867271742
      
      
#  type   0  conf  1.0000
   3.4301513254   0.3242447654  -3.8867271742
   3.4284079431   0.3240799673  -3.7749786299
      
      
#  type   0  conf  1.0000
   3.4284079431   0.3240799673  -3.7749786299
   1.5220471493   0.1438758160  -2.1025492296
      
      
#  type   0  conf  1.0000
   1.5220471493   0.1438758160  -2.1025492296
   0.9703045430   0.0917207840  -1.6694534834
      
      
#  type   4  conf  0.0000
#  type   0  conf  1.0000
   0.8943053538   0.0845367455  -1.6670324714
   0.4103413170   0.0387886747  -1.8697705740
      
      
#  type   0  conf  1.0000
   0.4103413170   0.0387886747  -1.8697705740
   0.1276649600   0.0120678918  -2.0066233648
      
      
#  type   0  conf  1.0000
   0.1276649600   0.0120678918  -2.0066233648
  -3.2697160504  -0.3090791668  -3.6605112934
      
      
#  type   0  conf  1.0000
  -3.2697160504  -0.3090791668  -3.6605112934
  -3.2813056891  -0.3101747102  -3.8814552520
      
      
#  type   0  conf  1.0000
  -3.2813056891  -0.3101747102  -3.8814552520
  -2.7274842868  -0.2578231742  -4.3113389960
      
      
#  type   0  conf  1.0000
  -2.7274842868  -0.2578231742  -4.3113389960
  -2.6952623647  -0.2547773058  -4.3340503674
      
      
#  type   0  conf  1.0000
  -2.6952623647  -0.2547773058  -4.3340503674
  -2.0603749772  -0.1947627780  -4.5901538719
      
      
# 189  norm     0.0862863658   -0.9962703765   -0.0000000000
# nedges  13 
#  type   0  conf  1.0000
   2.4323868135   0.2106675289  -4.5811548041
   2.9431945855   0.2549082765  -4.3531036440
      
      
#  type   0  conf  1.0000
   2.9431945855   0.2549082765  -4.3531036440
   3.4094132612   0.2952871899  -3.9378035648
      
      
#  type   0  conf  1.0000
   3.4094132612   0.2952871899  -3.9378035648
   3.4304140614   0.2971060563  -3.8852471900
      
      
#  type   0  conf  1.0000
   3.4304140614   0.2971060563  -3.8852471900
   3.4288293561   0.2969688059  -3.7770104746
      
      
#  type   0  conf  1.0000
   3.4288293561   0.2969688059  -3.7770104746
   1.5184445581   0.1315115512  -2.1003133685
      
      
#  type   0  conf  1.0000
   1.5184445581   0.1315115512  -2.1003133685
   0.9650269752   0.0835803940  -1.6669914718
      
      
#  type   0  conf  1.0000
   0.9650269752   0.0835803940  -1.6669914718
   0.8876024114   0.0768747000  -1.6690487506
      
      
#  type   0  conf  1.0000
   0.8876024114   0.0768747000  -1.6690487506
   0.3941838032   0.0341400172  -1.8773295478
      
      
#  type   0  conf  1.0000
   0.3941838032   0.0341400172  -1.8773295478
  -3.2559029630  -0.2819917572  -3.6608117240
      
      
#  type   0  conf  1.0000
  -3.2559029630  -0.2819917572  -3.6608117240
  -3.2658475943  -0.2828530556  -3.8814412736
      
      
#  type   0  conf  1.0000
  -3.2658475943  -0.2828530556  -3.8814412736
  -2.7169746471  -0.2353155065  -4.3131877069
      
      
#  type   0  conf  1.0000
  -2.7169746471  -0.2353155065  -4.3131877069
  -2.6876013645  -0.2327715045  -4.3339100104
      
      
#  type   0  conf  1.0000
  -2.6876013645  -0.2327715045  -4.3339100104
  -2.0509240133  -0.1776292699  -4.5901988078
      
      
# 190  norm     0.0784590957   -0.9969173337    0.0000000000
# nedges  15 
#  type   0  conf  1.0000
   2.4423007816   0.1922132401  -4.5776484086
   2.9244900918   0.2301623618  -4.3604236745
      
      
#  type   0  conf  1.0000
   2.9244900918   0.2301623618  -4.3604236745
   2.9512187394   0.2322659520  -4.3444939635
      
      
#  type   0  conf  1.0000
   2.9512187394   0.2322659520  -4.3444939635
   3.4014908489   0.2677031356  -3.9404005126
      
      
#  type   0  conf  1.0000
   3.4014908489   0.2677031356  -3.9404005126
   3.4285790098   0.2698350201  -3.8916754955
      
      
#  type   0  conf  1.0000
   3.4285790098   0.2698350201  -3.8916754955
   3.4308277875   0.2700120027  -3.7807659197
      
      
#  type   0  conf  1.0000
   3.4308277875   0.2700120027  -3.7807659197
   1.5247608092   0.1200012782  -2.1068938657
      
      
#  type   0  conf  1.0000
   1.5247608092   0.1200012782  -2.1068938657
   0.9634700436   0.0758267369  -1.6666415547
      
      
#  type   0  conf  1.0000
   0.9634700436   0.0758267369  -1.6666415547
   0.8821269647   0.0694248978  -1.6707853707
      
      
#  type   0  conf  1.0000
   0.8821269647   0.0694248978  -1.6707853707
   0.4001396534   0.0314916737  -1.8749608454
      
      
#  type   0  conf  1.0000
   0.4001396534   0.0314916737  -1.8749608454
   0.3745734971   0.0294795736  -1.8872070956
      
      
#  type   0  conf  1.0000
   0.3745734971   0.0294795736  -1.8872070956
  -3.2406785592  -0.2550469339  -3.6609931927
      
      
#  type   0  conf  1.0000
  -3.2406785592  -0.2550469339  -3.6609931927
  -3.2511058338  -0.2558675782  -3.8799507983
      
      
#  type   0  conf  1.0000
  -3.2511058338  -0.2558675782  -3.8799507983
  -2.7557334277  -0.2168809243  -4.2754901327
      
      
#  type   0  conf  1.0000
  -2.7557334277  -0.2168809243  -4.2754901327
  -2.6786562329  -0.2108148175  -4.3343530503
      
      
#  type   0  conf  1.0000
  -2.6786562329  -0.2108148175  -4.3343530503
  -2.0469706125  -0.1611000810  -4.5866863967
      
      
# 191  norm     0.0706269859   -0.9975027964    0.0000000000
# nedges  13 
#  type   0  conf  1.0000
   2.4350283298   0.1724092526  -4.5816986864
   2.9383573265   0.2080468569  -4.3529539880
      
      
#  type   0  conf  1.0000
   2.9383573265   0.2080468569  -4.3529539880
   3.4037202219   0.2409963171  -3.9379616845
      
      
#  type   0  conf  1.0000
   3.4037202219   0.2409963171  -3.9379616845
   3.4299856434   0.2428560087  -3.8842298689
      
      
#  type   0  conf  1.0000
   3.4299856434   0.2428560087  -3.8842298689
   3.4298149833   0.2428439253  -3.7813451857
      
      
#  type   0  conf  1.0000
   3.4298149833   0.2428439253  -3.7813451857
   1.5268536814   0.1081070388  -2.1095651950
      
      
#  type   0  conf  1.0000
   1.5268536814   0.1081070388  -2.1095651950
   0.9614974898   0.0680776735  -1.6663105866
      
      
#  type   0  conf  1.0000
   0.9614974898   0.0680776735  -1.6663105866
   0.8811138009   0.0623862031  -1.6705354194
      
      
#  type   0  conf  1.0000
   0.8811138009   0.0623862031  -1.6705354194
   0.3936902089   0.0278747618  -1.8782290171
      
      
#  type   0  conf  1.0000
   0.3936902089   0.0278747618  -1.8782290171
  -3.2261308176  -0.2284223129  -3.6609299184
      
      
#  type   0  conf  1.0000
  -3.2261308176  -0.2284223129  -3.6609299184
  -3.2370401735  -0.2291947367  -3.8809678236
      
      
#  type   0  conf  1.0000
  -3.2370401735  -0.2291947367  -3.8809678236
  -2.6816456260  -0.1898706937  -4.3271243437
      
      
#  type   0  conf  1.0000
  -2.6816456260  -0.1898706937  -4.3271243437
  -2.6677916854  -0.1888897821  -4.3345248198
      
      
#  type   0  conf  1.0000
  -2.6677916854  -0.1888897821  -4.3345248198
  -2.0311929342  -0.1438161730  -4.5908507041
      
      
# 192  norm     0.0627905195   -0.9980267284    0.0000000000
# nedges  13 
#  type   0  conf  1.0000
   2.4231486116   0.1524515886  -4.5879235519
   2.9363021710   0.1847364740  -4.3524384638
      
      
#  type   0  conf  1.0000
   2.9363021710   0.1847364740  -4.3524384638
   3.4063807571   0.2143113119  -3.9315984449
      
      
#  type   0  conf  1.0000
   3.4063807571   0.2143113119  -3.9315984449
   3.4296976186   0.2157782845  -3.8785127978
      
      
#  type   0  conf  1.0000
   3.4296976186   0.2157782845  -3.8785127978
   3.4291441370   0.2157434623  -3.7819267005
      
      
#  type   0  conf  1.0000
   3.4291441370   0.2157434623  -3.7819267005
   1.5274148854   0.0960967993  -2.1116025410
      
      
#  type   0  conf  1.0000
   1.5274148854   0.0960967993  -2.1116025410
   0.9623149873   0.0605437272  -1.6678817727
      
      
#  type   0  conf  1.0000
   0.9623149873   0.0605437272  -1.6678817727
   0.8836819016   0.0555965528  -1.6690412344
      
      
#  type   0  conf  1.0000
   0.8836819016   0.0555965528  -1.6690412344
   0.3876851355   0.0243910813  -1.8810407383
      
      
#  type   3  conf  0.0000
#  type   0  conf  1.0000
   0.3490279773   0.0219589791  -1.9005305867
  -3.2104852312  -0.2019866100  -3.6610814523
      
      
#  type   0  conf  1.0000
  -3.2104852312  -0.2019866100  -3.6610814523
  -3.2209756267  -0.2026466098  -3.8808053167
      
      
#  type   0  conf  1.0000
  -3.2209756267  -0.2026466098  -3.8808053167
  -2.6651234392  -0.1676753544  -4.3326710100
      
      
#  type   0  conf  1.0000
  -2.6651234392  -0.1676753544  -4.3326710100
  -2.0278081486  -0.1275788749  -4.5861362848
      
      
# 193  norm     0.0549501799   -0.9984890975    0.0000000000
# nedges  12 
#  type   0  conf  1.0000
   2.4384270251   0.1341947589  -4.5814195809
   2.9340814792   0.1614722740  -4.3521422219
      
      
#  type   0  conf  1.0000
   2.9340814792   0.1614722740  -4.3521422219
   3.4103590161   0.1876834129  -3.9239933777
      
      
#  type   0  conf  1.0000
   3.4103590161   0.1876834129  -3.9239933777
   3.4288464983   0.1887008406  -3.8757581191
      
      
#  type   0  conf  1.0000
   3.4288464983   0.1887008406  -3.8757581191
   3.4267616713   0.1885861056  -3.7805223424
      
      
#  type   0  conf  1.0000
   3.4267616713   0.1885861056  -3.7805223424
   1.5267796482   0.0840237681  -2.1126030554
      
      
#  type   0  conf  1.0000
   1.5267796482   0.0840237681  -2.1126030554
   0.9592082275   0.0527884228  -1.6669736982
      
      
#  type   0  conf  1.0000
   0.9592082275   0.0527884228  -1.6669736982
   0.8823137577   0.0485566641  -1.6690668004
      
      
#  type   0  conf  1.0000
   0.8823137577   0.0485566641  -1.6690668004
   0.4087218756   0.0224933258  -1.8719229131
      
      
#  type   0  conf  1.0000
   0.4087218756   0.0224933258  -1.8719229131
  -3.1950030112  -0.1758316548  -3.6604732396
      
      
#  type   0  conf  1.0000
  -3.1950030112  -0.1758316548  -3.6604732396
  -3.2060661443  -0.1764404958  -3.8804710280
      
      
#  type   0  conf  1.0000
  -3.2060661443  -0.1764404958  -3.8804710280
  -2.6565477655  -0.1461986696  -4.3323238437
      
      
#  type   0  conf  1.0000
  -2.6565477655  -0.1461986696  -4.3323238437
  -2.0183667339  -0.1110774423  -4.5864442005
      
      
# 194  norm     0.0471064507   -0.9988898750    0.0000000000
# nedges  13 
#  type   0  conf  1.0000
   2.4394024224   0.1150392980  -4.5814244032
   2.9300013113   0.1381753543  -4.3524519955
      
      
#  type   0  conf  1.0000
   2.9300013113   0.1381753543  -4.3524519955
   3.4138917122   0.1609950463  -3.9168034045
      
      
#  type   0  conf  1.0000
   3.4138917122   0.1609950463  -3.9168034045
   3.4282368384   0.1616715453  -3.8653429033
      
      
#  type   0  conf  1.0000
   3.4282368384   0.1616715453  -3.8653429033
   3.4259640130   0.1615643616  -3.7800116132
      
      
#  type   0  conf  1.0000
   3.4259640130   0.1615643616  -3.7800116132
   1.5249135803   0.0719130989  -2.1128336132
      
      
#  type   0  conf  1.0000
   1.5249135803   0.0719130989  -2.1128336132
   0.9558917485   0.0450787105  -1.6658174735
      
      
#  type   0  conf  1.0000
   0.9558917485   0.0450787105  -1.6658174735
   0.8753288393   0.0412794602  -1.6710966111
      
      
#  type   0  conf  1.0000
   0.8753288393   0.0412794602  -1.6710966111
   0.3953556617   0.0186444997  -1.8783481539
      
      
#  type   0  conf  1.0000
   0.3953556617   0.0186444997  -1.8783481539
  -3.1786320076  -0.1499004803  -3.6604391376
      
      
#  type   0  conf  1.0000
  -3.1786320076  -0.1499004803  -3.6604391376
  -3.1914113454  -0.1505031385  -3.8781849778
      
      
#  type   0  conf  1.0000
  -3.1914113454  -0.1505031385  -3.8781849778
  -2.7733984265  -0.1307901497  -4.2273379773
      
      
#  type   0  conf  1.0000
  -2.7733984265  -0.1307901497  -4.2273379773
  -2.6450135415  -0.1247356722  -4.3334658230
      
      
#  type   0  conf  1.0000
  -2.6450135415  -0.1247356722  -4.3334658230
  -2.0070795141  -0.0946514672  -4.5862576957
      
      
# 195  norm     0.0392598158   -0.9992290362    0.0000000000
# nedges  13 
#  type   0  conf  1.0000
   2.4402127610   0.0958762205  -4.5814204158
   2.9051315383   0.1141429290  -4.3620906371
      
      
#  type   0  conf  1.0000
   2.9051315383   0.1141429290  -4.3620906371
   2.9317707169   0.1151895852  -4.3469279640
      
      
#  type   0  conf  1.0000
   2.9317707169   0.1151895852  -4.3469279640
   3.3890816111   0.1331573792  -3.9343091988
      
      
#  type   0  conf  1.0000
   3.3890816111   0.1331573792  -3.9343091988
   3.4241792727   0.1345363700  -3.8820821720
      
      
#  type   0  conf  1.0000
   3.4241792727   0.1345363700  -3.8820821720
   3.4264466808   0.1346254567  -3.7802273979
      
      
#  type   0  conf  1.0000
   3.4264466808   0.1346254567  -3.7802273979
   1.5267269073   0.0599852636  -2.1166175893
      
      
#  type   0  conf  1.0000
   1.5267269073   0.0599852636  -2.1166175893
   0.9547285429   0.0375113866  -1.6662454544
      
      
#  type   0  conf  1.0000
   0.9547285429   0.0375113866  -1.6662454544
   0.8745465381   0.0343610271  -1.6708298974
      
      
#  type   0  conf  1.0000
   0.8745465381   0.0343610271  -1.6708298974
   0.3980147669   0.0156380428  -1.8772428133
      
      
#  type   0  conf  1.0000
   0.3980147669   0.0156380428  -1.8772428133
  -3.1620698406  -0.1242380624  -3.6609855059
      
      
#  type   0  conf  1.0000
  -3.1620698406  -0.1242380624  -3.6609855059
  -3.1727422568  -0.1246573828  -3.8807034944
      
      
#  type   0  conf  1.0000
  -3.1727422568  -0.1246573828  -3.8807034944
  -2.6363312456  -0.1035817367  -4.3322798469
      
      
#  type   0  conf  1.0000
  -2.6363312456  -0.1035817367  -4.3322798469
  -1.9945978541  -0.0783679631  -4.5873501899
      
      
# 196  norm     0.0314107591   -0.9995065604    0.0000000000
# nedges  13 
#  type   0  conf  1.0000
   2.4406982377   0.0767020322  -4.5811658853
   2.9205303635   0.0917813642  -4.3526953163
      
      
#  type   0  conf  1.0000
   2.9205303635   0.0917813642  -4.3526953163
   3.4015245327   0.1068972149  -3.9190456059
      
      
#  type   0  conf  1.0000
   3.4015245327   0.1068972149  -3.9190456059
   3.4252827955   0.1076438484  -3.8697290633
      
      
#  type   0  conf  1.0000
   3.4252827955   0.1076438484  -3.8697290633
   3.4240056610   0.1076037128  -3.7775494065
      
      
#  type   0  conf  1.0000
   3.4240056610   0.1076037128  -3.7775494065
   1.6660505925   0.0523577492  -2.2407240687
      
      
#  type   0  conf  1.0000
   1.6660505925   0.0523577492  -2.2407240687
   1.4845924537   0.0466551974  -2.0849146352
      
      
#  type   0  conf  1.0000
   1.4845924537   0.0466551974  -2.0849146352
   0.9482356254   0.0297995050  -1.6642106962
      
      
#  type   0  conf  1.0000
   0.9482356254   0.0297995050  -1.6642106962
   0.8720977422   0.0274067757  -1.6710871094
      
      
#  type   0  conf  1.0000
   0.8720977422   0.0274067757  -1.6710871094
   0.3999349763   0.0125684630  -1.8764335045
      
      
#  type   0  conf  1.0000
   0.3999349763   0.0125684630  -1.8764335045
  -3.1435272314  -0.0987893231  -3.6606358179
      
      
#  type   0  conf  1.0000
  -3.1435272314  -0.0987893231  -3.6606358179
  -3.1558702014  -0.0991772165  -3.8787572441
      
      
#  type   0  conf  1.0000
  -3.1558702014  -0.0991772165  -3.8787572441
  -2.6256538450  -0.0825144963  -4.3324312126
      
      
#  type   0  conf  1.0000
  -2.6256538450  -0.0825144963  -4.3324312126
  -1.9835588944  -0.0623358495  -4.5864722074
      
      
# 197  norm     0.0235597648   -0.9997224302    0.0000000000
# nedges  14 
#  type   0  conf  1.0000
   2.4416004719   0.0575395042  -4.5807022625
   2.9072576843   0.0685133246  -4.3566772062
      
      
#  type   0  conf  1.0000
   2.9072576843   0.0685133246  -4.3566772062
   2.9591394688   0.0697359866  -4.3145354644
      
      
#  type   0  conf  1.0000
   2.9591394688   0.0697359866  -4.3145354644
   3.4209644835   0.0806194963  -3.8942472766
      
      
#  type   0  conf  1.0000
   3.4209644835   0.0806194963  -3.8942472766
   3.4247422998   0.0807085254  -3.7770817348
      
      
#  type   0  conf  1.0000
   3.4247422998   0.0807085254  -3.7770817348
   1.6529927071   0.0389549322  -2.2316113620
      
      
#  type   0  conf  1.0000
   1.6529927071   0.0389549322  -2.2316113620
   1.4986812983   0.0353183823  -2.0985006960
      
      
#  type   0  conf  1.0000
   1.4986812983   0.0353183823  -2.0985006960
   0.9493661432   0.0223730532  -1.6658840970
      
      
#  type   0  conf  1.0000
   0.9493661432   0.0223730532  -1.6658840970
   0.8715615381   0.0205394860  -1.6703797268
      
      
#  type   0  conf  1.0000
   0.8715615381   0.0205394860  -1.6703797268
   0.3960019281   0.0093323027  -1.8787278954
      
      
#  type   0  conf  1.0000
   0.3960019281   0.0093323027  -1.8787278954
  -3.1257377487  -0.0736620927  -3.6606958472
      
      
#  type   0  conf  1.0000
  -3.1257377487  -0.0736620927  -3.6606958472
  -3.1381152053  -0.0739537836  -3.8773932241
      
      
#  type   0  conf  1.0000
  -3.1381152053  -0.0739537836  -3.8773932241
  -2.6465186139  -0.0623686678  -4.3050524260
      
      
#  type   0  conf  1.0000
  -2.6465186139  -0.0623686678  -4.3050524260
  -2.6084212878  -0.0614708546  -4.3347985348
      
      
#  type   0  conf  1.0000
  -2.6084212878  -0.0614708546  -4.3347985348
  -1.9723904946  -0.0464819582  -4.5864670454
      
      
# 198  norm     0.0157073173   -0.9998766325   -0.0000000000
# nedges  13 
#  type   0  conf  1.0000
   2.4276956409   0.0381372907  -4.5872086034
   2.9125102674   0.0457533674  -4.3514303221
      
      
#  type   0  conf  1.0000
   2.9125102674   0.0457533674  -4.3514303221
   3.4047487432   0.0534860673  -3.9045037776
      
      
#  type   0  conf  1.0000
   3.4047487432   0.0534860673  -3.9045037776
   3.4208772104   0.0537394335  -3.8636227466
      
      
#  type   0  conf  1.0000
   3.4208772104   0.0537394335  -3.8636227466
   3.4181041169   0.0536958703  -3.7690630814
      
      
#  type   0  conf  1.0000
   3.4181041169   0.0536958703  -3.7690630814
   1.5246033500   0.0239503833  -2.1230052480
      
      
#  type   0  conf  1.0000
   1.5246033500   0.0239503833  -2.1230052480
   1.4085488833   0.0221272540  -2.0299769044
      
      
#  type   0  conf  1.0000
   1.4085488833   0.0221272540  -2.0299769044
   0.9475477990   0.0148852703  -1.6662263830
      
      
#  type   0  conf  1.0000
   0.9475477990   0.0148852703  -1.6662263830
   0.8698298356   0.0136643790  -1.6703842385
      
      
#  type   0  conf  1.0000
   0.8698298356   0.0136643790  -1.6703842385
   0.3988247688   0.0062652401  -1.8774024638
      
      
#  type   0  conf  1.0000
   0.3988247688   0.0062652401  -1.8774024638
  -3.1079296693  -0.0488232607  -3.6611142256
      
      
#  type   0  conf  1.0000
  -3.1079296693  -0.0488232607  -3.6611142256
  -3.1197006232  -0.0490081736  -3.8788653208
      
      
#  type   0  conf  1.0000
  -3.1197006232  -0.0490081736  -3.8788653208
  -2.6026240848  -0.0408852863  -4.3322737489
      
      
#  type   0  conf  1.0000
  -2.6026240848  -0.0408852863  -4.3322737489
  -1.9603100701  -0.0307950114  -4.5871153314
      
      
# 199  norm     0.0078539009   -0.9999691576    0.0000000000
# nedges  16 
#  type   0  conf  1.0000
   2.4279627690   0.0190695671  -4.5870088353
   2.9082185329   0.0228415646  -4.3511044019
      
      
#  type   0  conf  1.0000
   2.9082185329   0.0228415646  -4.3511044019
   3.4156409151   0.0268269326  -3.8890906718
      
      
#  type   0  conf  1.0000
   3.4156409151   0.0268269326  -3.8890906718
   3.4180442776   0.0268458090  -3.7895885600
      
      
#  type   0  conf  1.0000
   3.4180442776   0.0268458090  -3.7895885600
   3.3718755860   0.0264831935  -3.7275446947
      
      
#  type   0  conf  1.0000
   3.3718755860   0.0264831935  -3.7275446947
   1.5648373666   0.0122904567  -2.1605774030
      
      
#  type   0  conf  1.0000
   1.5648373666   0.0122904567  -2.1605774030
   1.4732682120   0.0115712594  -2.0835386135
      
      
#  type   0  conf  1.0000
   1.4732682120   0.0115712594  -2.0835386135
   0.9507636437   0.0074674337  -1.6696643856
      
      
#  type   0  conf  1.0000
   0.9507636437   0.0074674337  -1.6696643856
   0.8774728398   0.0068917973  -1.6670203865
      
      
#  type   0  conf  1.0000
   0.8774728398   0.0068917973  -1.6670203865
   0.6442777429   0.0050602496  -1.7688793571
      
      
#  type   0  conf  1.0000
   0.6442777429   0.0050602496  -1.7688793571
   0.3862167143   0.0030334014  -1.8846976513
      
      
#  type   0  conf  1.0000
   0.3862167143   0.0030334014  -1.8846976513
  -3.0843703758  -0.0242250864  -3.6578824039
      
      
#  type   0  conf  1.0000
  -3.0843703758  -0.0242250864  -3.6578824039
  -3.0930013175  -0.0242928750  -3.7008605375
      
      
#  type   0  conf  1.0000
  -3.0930013175  -0.0242928750  -3.7008605375
  -3.1028191738  -0.0243699859  -3.8787538654
      
      
#  type   0  conf  1.0000
  -3.1028191738  -0.0243699859  -3.8787538654
  -2.6100717543  -0.0204998771  -4.3158497350
      
      
#  type   0  conf  1.0000
  -2.6100717543  -0.0204998771  -4.3158497350
  -2.5874202944  -0.0203219693  -4.3335827832
      
      
#  type   0  conf  1.0000
  -2.5874202944  -0.0203219693  -4.3335827832
  -1.9418033941  -0.0152512018  -4.5908219262
      
      
# 200  norm     0.0000000000   -1.0000000000    0.0000000000
# nedges  15 
#  type   0  conf  1.0000
   2.4417188465   0.0000000000  -4.5795675585
   2.8829515708   0.0000000000  -4.3606009568
      
      
#  type   0  conf  1.0000
   2.8829515708   0.0000000000  -4.3606009568
   2.9214531921   0.0000000000  -4.3342949963
      
      
#  type   0  conf  1.0000
   2.9214531921   0.0000000000  -4.3342949963
   3.4163459675   0.0000000000  -3.8814051873
      
      
#  type   0  conf  1.0000
   3.4163459675   0.0000000000  -3.8814051873
   3.4146454696   0.0000000000  -3.7917499241
      
      
#  type   0  conf  1.0000
   3.4146454696   0.0000000000  -3.7917499241
   3.3733493905   0.0000000000  -3.7278804124
      
      
#  type   0  conf  1.0000
   3.3733493905   0.0000000000  -3.7278804124
   1.7960594888   0.0000000000  -2.3635457274
      
      
#  type   0  conf  1.0000
   1.7960594888   0.0000000000  -2.3635457274
   1.4859423342   0.0000000000  -2.0957213267
      
      
#  type   0  conf  1.0000
   1.4859423342   0.0000000000  -2.0957213267
   0.9393601197   0.0000000000  -1.6645427696
      
      
#  type   0  conf  1.0000
   0.9393601197   0.0000000000  -1.6645427696
   0.8662705993   0.0000000000  -1.6705318584
      
      
#  type   0  conf  1.0000
   0.8662705993   0.0000000000  -1.6705318584
   0.4313484703   0.0000000000  -1.8617924662
      
      
#  type   0  conf  1.0000
   0.4313484703   0.0000000000  -1.8617924662
  -3.0478159873  -0.0000000000  -3.6486158048
      
      
#  type   0  conf  1.0000
  -3.0478159873  -0.0000000000  -3.6486158048
  -3.0729388708  -0.0000000000  -3.6731646549
      
      
#  type   0  conf  1.0000
  -3.0729388708  -0.0000000000  -3.6731646549
  -3.0833365459  -0.0000000000  -3.8784524765
      
      
#  type   0  conf  1.0000
  -3.0833365459  -0.0000000000  -3.8784524765
  -2.5804990048  -0.0000000000  -4.3317906668
      
      
#  type   0  conf  1.0000
  -2.5804990048  -0.0000000000  -4.3317906668
  -1.9374455817  -0.0000000000  -4.5866777571
      
      
# 201  norm    -0.0078539009   -0.9999691576   -0.0000000000
# nedges  14 
#  type   0  conf  1.0000
   2.4278303284  -0.0190685269  -4.5861849706
   2.8977523769  -0.0227593619  -4.3502879912
      
      
#  type   0  conf  1.0000
   2.8977523769  -0.0227593619  -4.3502879912
   3.4115392073  -0.0267947172  -3.8818016950
      
      
#  type   0  conf  1.0000
   3.4115392073  -0.0267947172  -3.8818016950
   3.4127618543  -0.0268043201  -3.8046897900
      
      
#  type   0  conf  1.0000
   3.4127618543  -0.0268043201  -3.8046897900
   3.3742061826  -0.0265014983  -3.7285321320
      
      
#  type   0  conf  1.0000
   3.3742061826  -0.0265014983  -3.7285321320
   1.5765719461  -0.0123826217  -2.1762512705
      
      
#  type   0  conf  1.0000
   1.5765719461  -0.0123826217  -2.1762512705
   1.4731861400  -0.0115706148  -2.0891118783
      
      
#  type   0  conf  1.0000
   1.4731861400  -0.0115706148  -2.0891118783
   0.9409717644  -0.0073905269  -1.6662272887
      
      
#  type   0  conf  1.0000
   0.9409717644  -0.0073905269  -1.6662272887
   0.8622712511  -0.0067724018  -1.6708511922
      
      
#  type   0  conf  1.0000
   0.8622712511  -0.0067724018  -1.6708511922
   0.3998516487  -0.0031404921  -1.8773109249
      
      
#  type   0  conf  1.0000
   0.3998516487  -0.0031404921  -1.8773109249
   0.3886312330  -0.0030523653  -1.8830032319
      
      
#  type   0  conf  1.0000
   0.3886312330  -0.0030523653  -1.8830032319
  -3.0536930132   0.0239841420  -3.6616578748
      
      
#  type   0  conf  1.0000
  -3.0536930132   0.0239841420  -3.6616578748
  -3.0659098427   0.0240800947  -3.8764905787
      
      
#  type   0  conf  1.0000
  -3.0659098427   0.0240800947  -3.8764905787
  -2.5675242683   0.0201657031  -4.3326518025
      
      
#  type   0  conf  1.0000
  -2.5675242683   0.0201657031  -4.3326518025
  -1.9253519170   0.0151219895  -4.5864871569
      
      
# 202  norm    -0.0157073173   -0.9998766325    0.0000000000
# nedges  15 
#  type   0  conf  1.0000
   2.4280865997  -0.0381434323  -4.5853539661
   2.8919874205  -0.0454309688  -4.3498546760
      
      
#  type   0  conf  1.0000
   2.8919874205  -0.0454309688  -4.3498546760
   3.4093225461  -0.0535579184  -3.8784733344
      
      
#  type   0  conf  1.0000
   3.4093225461  -0.0535579184  -3.8784733344
   3.4094581283  -0.0535600483  -3.8046836455
      
      
#  type   0  conf  1.0000
   3.4094581283  -0.0535600483  -3.8046836455
   3.3713246337  -0.0529609994  -3.7254186466
      
      
#  type   0  conf  1.0000
   3.3713246337  -0.0529609994  -3.7254186466
   1.5242482093  -0.0239448043  -2.1341534201
      
      
#  type   0  conf  1.0000
   1.5242482093  -0.0239448043  -2.1341534201
   1.4730572211  -0.0231406320  -2.0914894153
      
      
#  type   0  conf  1.0000
   1.4730572211  -0.0231406320  -2.0914894153
   0.9376801497  -0.0147302569  -1.6662740519
      
      
#  type   0  conf  1.0000
   0.9376801497  -0.0147302569  -1.6662740519
   0.8602505050  -0.0135138948  -1.6706675902
      
      
#  type   0  conf  1.0000
   0.8602505050  -0.0135138948  -1.6706675902
   0.4005256559  -0.0062919598  -1.8771382730
      
      
#  type   0  conf  1.0000
   0.4005256559  -0.0062919598  -1.8771382730
   0.3883148436  -0.0061001370  -1.8832210514
      
      
#  type   0  conf  1.0000
   0.3883148436  -0.0061001370  -1.8832210514
  -3.0269392681   0.0475509618  -3.6577600132
      
      
#  type   0  conf  1.0000
  -3.0269392681   0.0475509618  -3.6577600132
  -3.0368214246   0.0477062031  -3.6859290106
      
      
#  type   0  conf  1.0000
  -3.0368214246   0.0477062031  -3.6859290106
  -3.0467391035   0.0478620025  -3.8776344208
      
      
#  type   0  conf  1.0000
  -3.0467391035   0.0478620025  -3.8776344208
  -2.5551024798   0.0401387572  -4.3327020284
      
      
#  type   0  conf  1.0000
  -2.5551024798   0.0401387572  -4.3327020284
  -1.9130392394   0.0300524219  -4.5865178352
      
      
# 203  norm    -0.0235597648   -0.9997224302    0.0000000000
# nedges  14 
#  type   0  conf  1.0000
   2.4277273760  -0.0572125665  -4.5847967090
   2.8851804452  -0.0679930456  -4.3496219324
      
      
#  type   0  conf  1.0000
   2.8851804452  -0.0679930456  -4.3496219324
   3.4042100358  -0.0802246558  -3.8790093102
      
      
#  type   0  conf  1.0000
   3.4042100358  -0.0802246558  -3.8790093102
   3.4056812978  -0.0802593280  -3.8046649876
      
      
#  type   0  conf  1.0000
   3.4056812978  -0.0802593280  -3.8046649876
   3.3704688390  -0.0794295005  -3.7249037707
      
      
#  type   0  conf  1.0000
   3.3704688390  -0.0794295005  -3.7249037707
   1.8840843890  -0.0444009095  -2.4469742864
      
      
#  type   0  conf  1.0000
   1.8840843890  -0.0444009095  -2.4469742864
   1.4727836750  -0.0347080709  -2.0947514685
      
      
#  type   0  conf  1.0000
   1.4727836750  -0.0347080709  -2.0947514685
   0.9385390946  -0.0221178996  -1.6688812795
      
      
#  type   0  conf  1.0000
   0.9385390946  -0.0221178996  -1.6688812795
   0.8659456594  -0.0204071405  -1.6673673663
      
      
#  type   0  conf  1.0000
   0.8659456594  -0.0204071405  -1.6673673663
   0.4004739436  -0.0094376916  -1.8770015773
      
      
#  type   3  conf  0.0000
#  type   0  conf  1.0000
   0.3364642272  -0.0079292190  -1.9105437970
  -3.0145562943   0.0710419565  -3.6618506809
      
      
#  type   0  conf  1.0000
  -3.0145562943   0.0710419565  -3.6618506809
  -3.0280288182   0.0713594541  -3.8754410215
      
      
#  type   0  conf  1.0000
  -3.0280288182   0.0713594541  -3.8754410215
  -2.5427307767   0.0599227719  -4.3323882659
      
      
#  type   0  conf  1.0000
  -2.5427307767   0.0599227719  -4.3323882659
  -1.9004258841   0.0447860182  -4.5861802378
      
      
# 204  norm    -0.0314107591   -0.9995065604    0.0000000000
# nedges  15 
#  type   0  conf  1.0000
   2.4357611702  -0.0765468786  -4.5796975966
   2.8761032033  -0.0903851844  -4.3503411446
      
      
#  type   0  conf  1.0000
   2.8761032033  -0.0903851844  -4.3503411446
   3.3997945533  -0.1068428481  -3.8795629690
      
      
#  type   0  conf  1.0000
   3.3997945533  -0.1068428481  -3.8795629690
   3.4006503464  -0.1068697425  -3.7788330686
      
      
#  type   0  conf  1.0000
   3.4006503464  -0.1068697425  -3.7788330686
   3.3586127133  -0.1055486567  -3.7142795174
      
      
#  type   0  conf  1.0000
   3.3586127133  -0.1055486567  -3.7142795174
   1.4723830414  -0.0462715012  -2.0972137168
      
      
#  type   4  conf  0.0000
#  type   0  conf  1.0000
   1.4594944226  -0.0458664600  -2.0875559821
   0.9379657830  -0.0294767622  -1.6706143334
      
      
#  type   4  conf  0.0000
#  type   0  conf  1.0000
   0.8658208507  -0.0272095164  -1.6662091854
   0.4003189091  -0.0125805285  -1.8769330534
      
      
#  type   3  conf  0.0000
#  type   0  conf  1.0000
   0.3881457111  -0.0121979704  -1.8835487144
  -2.9815031924   0.0936975125  -3.6554959405
      
      
#  type   0  conf  1.0000
  -2.9815031924   0.0936975125  -3.6554959405
  -2.9970800982   0.0941870365  -3.6859325069
      
      
#  type   0  conf  1.0000
  -2.9970800982   0.0941870365  -3.6859325069
  -3.0068524905   0.0944941463  -3.8761532374
      
      
#  type   0  conf  1.0000
  -3.0068524905   0.0944941463  -3.8761532374
  -2.5287883004   0.0794703739  -4.3326338184
      
      
#  type   0  conf  1.0000
  -2.5287883004   0.0794703739  -4.3326338184
  -1.8857429159   0.0592618586  -4.5864273296
      
      
# 205  norm    -0.0392598158   -0.9992290362    0.0000000000
# nedges  15 
#  type   0  conf  1.0000
   2.4270200930  -0.0953578792  -4.5829301669
   2.8687395311  -0.1127130832  -4.3503299855
      
      
#  type   0  conf  1.0000
   2.8687395311  -0.1127130832  -4.3503299855
   3.3955532882  -0.1334116520  -3.8795928936
      
      
#  type   0  conf  1.0000
   3.3955532882  -0.1334116520  -3.8795928936
   3.3980032952  -0.1335079131  -3.8072145982
      
      
#  type   0  conf  1.0000
   3.3980032952  -0.1335079131  -3.8072145982
   3.3903689848  -0.1332079602  -3.7656877877
      
      
#  type   0  conf  1.0000
   3.3903689848  -0.1332079602  -3.7656877877
   3.3566613353  -0.1318835831  -3.7128036799
      
      
#  type   0  conf  1.0000
   3.3566613353  -0.1318835831  -3.7128036799
   1.4975351622  -0.0588383168  -2.1226268955
      
      
#  type   0  conf  1.0000
   1.4975351622  -0.0588383168  -2.1226268955
   1.4364586082  -0.0564386124  -2.0723301999
      
      
#  type   0  conf  1.0000
   1.4364586082  -0.0564386124  -2.0723301999
   0.9306344562  -0.0365647274  -1.6676453218
      
      
#  type   0  conf  1.0000
   0.9306344562  -0.0365647274  -1.6676453218
   0.8563227987  -0.0336450144  -1.6691654487
      
      
#  type   0  conf  1.0000
   0.8563227987  -0.0336450144  -1.6691654487
   0.4013290363  -0.0157682608  -1.8766906851
      
      
#  type   0  conf  1.0000
   0.4013290363  -0.0157682608  -1.8766906851
   0.3511818409  -0.0137979721  -1.9030904349
      
      
#  type   0  conf  1.0000
   0.3511818409  -0.0137979721  -1.9030904349
  -2.9762650584   0.1169377726  -3.6640997379
      
      
#  type   0  conf  1.0000
  -2.9762650584   0.1169377726  -3.6640997379
  -2.9868772044   0.1173547250  -3.8756069236
      
      
#  type   0  conf  1.0000
  -2.9868772044   0.1173547250  -3.8756069236
  -2.5166259595   0.0988785032  -4.3318043447
      
      
#  type   0  conf  1.0000
  -2.5166259595   0.0988785032  -4.3318043447
  -1.8723893136   0.0735663765  -4.5868405049
      
      
# 206  norm    -0.0471064507   -0.9988898750    0.0000000000
# nedges  16 
#  type   0  conf  1.0000
   2.4258632674  -0.1144008076  -4.5821747290
   2.8604635834  -0.1348960383  -4.3499913781
      
      
#  type   0  conf  1.0000
   2.8604635834  -0.1348960383  -4.3499913781
   3.3929899195  -0.1600093428  -3.8786380775
      
      
#  type   0  conf  1.0000
   3.3929899195  -0.1600093428  -3.8786380775
   3.3884146280  -0.1597935775  -3.7636084014
      
      
#  type   0  conf  1.0000
   3.3884146280  -0.1597935775  -3.7636084014
   3.3528513553  -0.1581164561  -3.7107216539
      
      
#  type   0  conf  1.0000
   3.3528513553  -0.1581164561  -3.7107216539
   1.4686761292  -0.0692610081  -2.1019710243
      
      
#  type   3  conf  0.0000
#  type   0  conf  1.0000
   1.4552041528  -0.0686256858  -2.0913228339
   0.9271384941  -0.0437227415  -1.6675923946
      
      
#  type   0  conf  1.0000
   0.9271384941  -0.0437227415  -1.6675923946
   0.8530133727  -0.0402270895  -1.6692359470
      
      
#  type   0  conf  1.0000
   0.8530133727  -0.0402270895  -1.6692359470
   0.4112435737  -0.0193937546  -1.8720204546
      
      
#  type   0  conf  1.0000
   0.4112435737  -0.0193937546  -1.8720204546
   0.3986421506  -0.0187994866  -1.8780673140
      
      
#  type   0  conf  1.0000
   0.3986421506  -0.0187994866  -1.8780673140
  -2.9304197891   0.1381950892  -3.6509742508
      
      
#  type   0  conf  1.0000
  -2.9304197891   0.1381950892  -3.6509742508
  -2.9569576659   0.1394465837  -3.6873378396
      
      
#  type   0  conf  1.0000
  -2.9569576659   0.1394465837  -3.6873378396
  -2.9668260711   0.1399119659  -3.8742457970
      
      
#  type   0  conf  1.0000
  -2.9668260711   0.1399119659  -3.8742457970
  -2.5273925875   0.1191888088  -4.3082796011
      
      
#  type   0  conf  1.0000
  -2.5273925875   0.1191888088  -4.3082796011
  -2.4910674626   0.1174757594  -4.3355682832
      
      
#  type   0  conf  1.0000
  -2.4910674626   0.1174757594  -4.3355682832
  -1.8537598590   0.0874210958  -4.5901343807
      
      
# 207  norm    -0.0549501799   -0.9984890975   -0.0000000000
# nedges  15 
#  type   0  conf  1.0000
   2.4243546062  -0.1334203069  -4.5814366303
   2.8524245423  -0.1569784209  -4.3500725660
      
      
#  type   0  conf  1.0000
   2.8524245423  -0.1569784209  -4.3500725660
   3.3864214752  -0.1863660503  -3.8819899664
      
      
#  type   0  conf  1.0000
   3.3864214752  -0.1863660503  -3.8819899664
   3.3867645696  -0.1863849319  -3.7897152404
      
      
#  type   0  conf  1.0000
   3.3867645696  -0.1863849319  -3.7897152404
   3.3633376865  -0.1850956725  -3.7220442125
      
      
#  type   0  conf  1.0000
   3.3633376865  -0.1850956725  -3.7220442125
   1.5071588966  -0.0829439728  -2.1379381970
      
      
#  type   0  conf  1.0000
   1.5071588966  -0.0829439728  -2.1379381970
   1.3908232379  -0.0765416341  -2.0429513784
      
      
#  type   0  conf  1.0000
   1.3908232379  -0.0765416341  -2.0429513784
   0.9248609812  -0.0508981795  -1.6680839316
      
      
#  type   0  conf  1.0000
   0.9248609812  -0.0508981795  -1.6680839316
   0.8521616000  -0.0468972905  -1.6684015921
      
      
#  type   0  conf  1.0000
   0.8521616000  -0.0468972905  -1.6684015921
   0.6820510538  -0.0375355407  -1.7468188614
      
      
#  type   0  conf  1.0000
   0.6820510538  -0.0375355407  -1.7468188614
   0.3977994007  -0.0218922257  -1.8790369018
      
      
#  type   0  conf  1.0000
   0.3977994007  -0.0218922257  -1.8790369018
  -2.9380461410   0.1616904626  -3.6656188636
      
      
#  type   0  conf  1.0000
  -2.9380461410   0.1616904626  -3.6656188636
  -2.9478636629   0.1622307535  -3.8768796755
      
      
#  type   0  conf  1.0000
  -2.9478636629   0.1622307535  -3.8768796755
  -2.4996105290   0.1375618909  -4.3218711803
      
      
#  type   0  conf  1.0000
  -2.4996105290   0.1375618909  -4.3218711803
  -2.4649192643   0.1356527151  -4.3410366383
      
      
#  type   0  conf  1.0000
  -2.4649192643   0.1356527151  -4.3410366383
  -1.8389851169   0.1012054746  -4.5905954231
      
      
# 208  norm    -0.0627905195   -0.9980267284   -0.0000000000
# nedges  16 
#  type   0  conf  1.0000
   2.4231865870  -0.1524539778  -4.5802230200
   2.8429847479  -0.1788654394  -4.3503969882
      
      
#  type   0  conf  1.0000
   2.8429847479  -0.1788654394  -4.3503969882
   3.3797805176  -0.2126377667  -3.8853409385
      
      
#  type   0  conf  1.0000
   3.3797805176  -0.2126377667  -3.8853409385
   3.3820212417  -0.2127787411  -3.7769160516
      
      
#  type   0  conf  1.0000
   3.3820212417  -0.2127787411  -3.7769160516
   3.3527450154  -0.2109368370  -3.7144330125
      
      
#  type   0  conf  1.0000
   3.3527450154  -0.2109368370  -3.7144330125
   1.4982985042  -0.0942649518  -2.1347762917
      
      
#  type   0  conf  1.0000
   1.4982985042  -0.0942649518  -2.1347762917
   1.4522313626  -0.0913666530  -2.0962012729
      
      
#  type   0  conf  1.0000
   1.4522313626  -0.0913666530  -2.0962012729
   0.9214180332  -0.0579707090  -1.6681809698
      
      
#  type   0  conf  1.0000
   0.9214180332  -0.0579707090  -1.6681809698
   0.8496813807  -0.0534574213  -1.6682634581
      
      
#  type   0  conf  1.0000
   0.8496813807  -0.0534574213  -1.6682634581
   0.3965827136  -0.0249508695  -1.8786716813
      
      
#  type   3  conf  0.0000
#  type   0  conf  1.0000
   0.3852371859  -0.0242370694  -1.8849611363
  -2.9012459719   0.1825309249  -3.6583318064
      
      
#  type   0  conf  1.0000
  -2.9012459719   0.1825309249  -3.6583318064
  -2.9187509226   0.1836322431  -3.7002011161
      
      
#  type   0  conf  1.0000
  -2.9187509226   0.1836322431  -3.7002011161
  -2.9298042550   0.1843276598  -3.8758989471
      
      
#  type   0  conf  1.0000
  -2.9298042550   0.1843276598  -3.8758989471
  -2.4845180415   0.1563126259  -4.3222263034
      
      
#  type   0  conf  1.0000
  -2.4845180415   0.1563126259  -4.3222263034
  -2.4505129155   0.1541732047  -4.3409931961
      
      
#  type   0  conf  1.0000
  -2.4505129155   0.1541732047  -4.3409931961
  -1.8245986882   0.1147940193  -4.5905019607
      
      
# 209  norm    -0.0706269859   -0.9975027964   -0.0000000000
# nedges  15 
#  type   0  conf  1.0000
   2.4094031442  -0.1705948921  -4.5858599565
   2.8332643274  -0.2006058735  -4.3509221338
      
      
#  type   0  conf  1.0000
   2.8332643274  -0.2006058735  -4.3509221338
   3.3777845254  -0.2391599713  -3.8846796372
      
      
#  type   0  conf  1.0000
   3.3777845254  -0.2391599713  -3.8846796372
   3.3733488711  -0.2388459101  -3.7656723525
      
      
#  type   0  conf  1.0000
   3.3733488711  -0.2388459101  -3.7656723525
   3.3483279249  -0.2370743321  -3.7118787025
      
      
#  type   0  conf  1.0000
   3.3483279249  -0.2370743321  -3.7118787025
   1.5867018351  -0.1123445153  -2.2144911567
      
      
#  type   0  conf  1.0000
   1.5867018351  -0.1123445153  -2.2144911567
   1.4428636922  -0.1021602286  -2.0924756474
      
      
#  type   0  conf  1.0000
   1.4428636922  -0.1021602286  -2.0924756474
   0.9139092405  -0.0647082447  -1.6654832789
      
      
#  type   0  conf  1.0000
   0.9139092405  -0.0647082447  -1.6654832789
   0.8397262199  -0.0594558052  -1.6710391622
      
      
#  type   0  conf  1.0000
   0.8397262199  -0.0594558052  -1.6710391622
   0.3996349947  -0.0282956752  -1.8771531743
      
      
#  type   0  conf  1.0000
   0.3996349947  -0.0282956752  -1.8771531743
   0.3754185861  -0.0265810615  -1.8900856184
      
      
#  type   0  conf  1.0000
   0.3754185861  -0.0265810615  -1.8900856184
  -2.8800802397   0.2039206179  -3.6587336295
      
      
#  type   0  conf  1.0000
  -2.8800802397   0.2039206179  -3.6587336295
  -2.9008214525   0.2053891745  -3.7120782553
      
      
#  type   0  conf  1.0000
  -2.9008214525   0.2053891745  -3.7120782553
  -2.9101702744   0.2060511066  -3.8780610917
      
      
#  type   0  conf  1.0000
  -2.9101702744   0.2060511066  -3.8780610917
  -2.4647647380   0.1745147032  -4.3289753895
      
      
#  type   0  conf  1.0000
  -2.4647647380   0.1745147032  -4.3289753895
  -1.8182830728   0.1287413464  -4.5869616990
      
      
# 210  norm    -0.0784590957   -0.9969173337   -0.0000000000
# nedges  17 
#  type   0  conf  1.0000
   2.4079333907  -0.1895084678  -4.5847354201
   2.8090282401  -0.2210753170  -4.3594688448
      
      
#  type   0  conf  1.0000
   2.8090282401  -0.2210753170  -4.3594688448
   2.8441612267  -0.2238403430  -4.3343828197
      
      
#  type   0  conf  1.0000
   2.8441612267  -0.2238403430  -4.3343828197
   3.3706316118  -0.2652744609  -3.8871969434
      
      
#  type   0  conf  1.0000
   3.3706316118  -0.2652744609  -3.8871969434
   3.3697978671  -0.2652088438  -3.7787155738
      
      
#  type   0  conf  1.0000
   3.3697978671  -0.2652088438  -3.7787155738
   3.3450952552  -0.2632647061  -3.7124433543
      
      
#  type   0  conf  1.0000
   3.3450952552  -0.2632647061  -3.7124433543
   1.4556721517  -0.1145638829  -2.1069401668
      
      
#  type   4  conf  0.0000
#  type   0  conf  1.0000
   1.4451897753  -0.1137389020  -2.0990116057
   0.9178851695  -0.0722391295  -1.6704705674
      
      
#  type   4  conf  0.0000
#  type   0  conf  1.0000
   0.8432662530  -0.0663664934  -1.6680418893
   0.4133772968  -0.0325334988  -1.8706917847
      
      
#  type   3  conf  0.0000
#  type   0  conf  1.0000
   0.4001669470  -0.0314938217  -1.8764489535
  -2.8586366192   0.2249795811  -3.6590272705
      
      
#  type   0  conf  1.0000
  -2.8586366192   0.2249795811  -3.6590272705
  -2.8827163300   0.2268746955  -3.7247041317
      
      
#  type   0  conf  1.0000
  -2.8827163300   0.2268746955  -3.7247041317
  -2.8896803309   0.2274227742  -3.8532258138
      
      
#  type   0  conf  1.0000
  -2.8896803309   0.2274227742  -3.8532258138
  -2.8809665078   0.2267369815  -3.8915354645
      
      
#  type   0  conf  1.0000
  -2.8809665078   0.2267369815  -3.8915354645
  -2.4453940139   0.1924566828  -4.3322111774
      
      
#  type   0  conf  1.0000
  -2.4453940139   0.1924566828  -4.3322111774
  -1.8048122434   0.1420418041  -4.5858472653
      
      
# 211  norm    -0.0862863658   -0.9962703765    0.0000000000
# nedges  17 
#  type   0  conf  1.0000
   2.4065010625  -0.2084255799  -4.5830848099
   2.8056031018  -0.2429915626  -4.3560149444
      
      
#  type   0  conf  1.0000
   2.8056031018  -0.2429915626  -4.3560149444
   2.8374141555  -0.2457466984  -4.3321373525
      
      
#  type   0  conf  1.0000
   2.8374141555  -0.2457466984  -4.3321373525
   3.3644275653  -0.2913910063  -3.8888552975
      
      
#  type   0  conf  1.0000
   3.3644275653  -0.2913910063  -3.8888552975
   3.3640629018  -0.2913594231  -3.7635728322
      
      
#  type   0  conf  1.0000
   3.3640629018  -0.2913594231  -3.7635728322
   3.3395680760  -0.2892379412  -3.7101055425
      
      
#  type   0  conf  1.0000
   3.3395680760  -0.2892379412  -3.7101055425
   1.4373668075  -0.1244894569  -2.0964058577
      
      
#  type   3  conf  0.0000
#  type   0  conf  1.0000
   1.4260605735  -0.1235102310  -2.0875920753
   0.9107169499  -0.0788766360  -1.6684283051
      
      
#  type   0  conf  1.0000
   0.9107169499  -0.0788766360  -1.6684283051
   0.8413062479  -0.0728650177  -1.6679103700
      
      
#  type   0  conf  1.0000
   0.8413062479  -0.0728650177  -1.6679103700
   0.6679350530  -0.0578494450  -1.7496697918
      
      
#  type   0  conf  1.0000
   0.6679350530  -0.0578494450  -1.7496697918
   0.3847315484  -0.0333213633  -1.8853150967
      
      
#  type   0  conf  1.0000
   0.3847315484  -0.0333213633  -1.8853150967
  -2.8368838156   0.2457007660  -3.6599248086
      
      
#  type   0  conf  1.0000
  -2.8368838156   0.2457007660  -3.6599248086
  -2.8621309388   0.2478874038  -3.7264004835
      
      
#  type   0  conf  1.0000
  -2.8621309388   0.2478874038  -3.7264004835
  -2.8712137109   0.2486740572  -3.8831807298
      
      
#  type   0  conf  1.0000
  -2.8712137109   0.2486740572  -3.8831807298
  -2.4397170603   0.2113023971  -4.3216290300
      
      
#  type   0  conf  1.0000
  -2.4397170603   0.2113023971  -4.3216290300
  -2.4071768093   0.2084841059  -4.3406412754
      
      
#  type   0  conf  1.0000
  -2.4071768093   0.2084841059  -4.3406412754
  -1.7829394263   0.1544192893  -4.5902529675
      
      
# 212  norm    -0.0941083133   -0.9955619646   -0.0000000000
# nedges  17 
#  type   0  conf  1.0000
   2.4046210546  -0.2273036131  -4.5816521231
   2.7918212874  -0.2639048113  -4.3578483800
      
      
#  type   0  conf  1.0000
   2.7918212874  -0.2639048113  -4.3578483800
   2.8265155966  -0.2671843891  -4.3323817909
      
      
#  type   0  conf  1.0000
   2.8265155966  -0.2671843891  -4.3323817909
   3.3590314985  -0.3175219624  -3.8908704562
      
      
#  type   0  conf  1.0000
   3.3590314985  -0.3175219624  -3.8908704562
   3.3580816062  -0.3174321712  -3.7767950056
      
      
#  type   0  conf  1.0000
   3.3580816062  -0.3174321712  -3.7767950056
   3.3358765173  -0.3153331723  -3.7107690319
      
      
#  type   0  conf  1.0000
   3.3358765173  -0.3153331723  -3.7107690319
   1.5024298429  -0.1420214345  -2.1560464773
      
      
#  type   0  conf  1.0000
   1.5024298429  -0.1420214345  -2.1560464773
   1.4003731426  -0.1323742360  -2.0714862703
      
      
#  type   0  conf  1.0000
   1.4003731426  -0.1323742360  -2.0714862703
   0.9066175403  -0.0857005898  -1.6678292404
      
      
#  type   0  conf  1.0000
   0.9066175403  -0.0857005898  -1.6678292404
   0.8348840402  -0.0789197776  -1.6689240969
      
      
#  type   0  conf  1.0000
   0.8348840402  -0.0789197776  -1.6689240969
   0.6103168938  -0.0576919323  -1.7759397171
      
      
#  type   0  conf  1.0000
   0.6103168938  -0.0576919323  -1.7759397171
   0.3843549992  -0.0363322445  -1.8857447349
      
      
#  type   0  conf  1.0000
   0.3843549992  -0.0363322445  -1.8857447349
  -2.8129784490   0.2659047519  -3.6588409759
      
      
#  type   0  conf  1.0000
  -2.8129784490   0.2659047519  -3.6588409759
  -2.8393350317   0.2683961825  -3.7129634297
      
      
#  type   0  conf  1.0000
  -2.8393350317   0.2683961825  -3.7129634297
  -2.8521751255   0.2696099288  -3.8840061349
      
      
#  type   0  conf  1.0000
  -2.8521751255   0.2696099288  -3.8840061349
  -2.4235449314   0.2290924461  -4.3223108031
      
      
#  type   0  conf  1.0000
  -2.4235449314   0.2290924461  -4.3223108031
  -2.3927942010   0.2261856463  -4.3400470311
      
      
#  type   0  conf  1.0000
  -2.3927942010   0.2261856463  -4.3400470311
  -1.7671326904   0.1670432206  -4.5901595875
      
      
# 213  norm    -0.1019244558   -0.9947921418    0.0000000000
# nedges  16 
#  type   0  conf  1.0000
   2.4034491766  -0.2462526985  -4.5797291142
   2.7921443525  -0.2860776455  -4.3515998229
      
      
#  type   0  conf  1.0000
   2.7921443525  -0.2860776455  -4.3515998229
   3.3523539331  -0.3434756226  -3.8942040022
      
      
#  type   0  conf  1.0000
   3.3523539331  -0.3434756226  -3.8942040022
   3.3483351884  -0.3430638699  -3.7508725050
      
      
#  type   0  conf  1.0000
   3.3483351884  -0.3430638699  -3.7508725050
   3.3207093818  -0.3402333838  -3.6977129931
      
      
#  type   0  conf  1.0000
   3.3207093818  -0.3402333838  -3.6977129931
   1.1131190470  -0.1140479989  -1.8367014345
      
      
#  type   0  conf  1.0000
   1.1131190470  -0.1140479989  -1.8367014345
   0.8996158348  -0.0921728777  -1.6695110151
      
      
#  type   4  conf  0.0000
#  type   0  conf  1.0000
   0.8336836900  -0.0854175992  -1.6679230885
   0.3969741747  -0.0406731970  -1.8776968167
      
      
#  type   0  conf  1.0000
   0.3969741747  -0.0406731970  -1.8776968167
   0.3734074423  -0.0382585957  -1.8907811266
      
      
#  type   0  conf  1.0000
   0.3734074423  -0.0382585957  -1.8907811266
  -2.7901958070   0.2858780013  -3.6605750412
      
      
#  type   0  conf  1.0000
  -2.7901958070   0.2858780013  -3.6605750412
  -2.8216545751   0.2891012051  -3.7260348483
      
      
#  type   0  conf  1.0000
  -2.8216545751   0.2891012051  -3.7260348483
  -2.8280712990   0.2897586501  -3.8684971503
      
      
#  type   0  conf  1.0000
  -2.8280712990   0.2897586501  -3.8684971503
  -2.8122834710   0.2881410601  -3.9097095640
      
      
#  type   0  conf  1.0000
  -2.8122834710   0.2881410601  -3.9097095640
  -2.4302791897   0.2490016491  -4.2984013131
      
      
#  type   0  conf  1.0000
  -2.4302791897   0.2490016491  -4.2984013131
  -2.3904126279   0.2449169992  -4.3340758542
      
      
#  type   0  conf  1.0000
  -2.3904126279   0.2449169992  -4.3340758542
  -1.7522587980   0.1795330068  -4.5901960757
      
      
# 214  norm    -0.1097343111   -0.9939609555    0.0000000000
# nedges  15 
#  type   0  conf  1.0000
   2.3981723502  -0.2647606923  -4.5795528790
   2.7789218396  -0.3067958273  -4.3531152710
      
      
#  type   0  conf  1.0000
   2.7789218396  -0.3067958273  -4.3531152710
   3.3426297797  -0.3690297633  -3.8983846608
      
      
#  type   0  conf  1.0000
   3.3426297797  -0.3690297633  -3.8983846608
   3.3443687204  -0.3692217441  -3.7786084399
      
      
#  type   0  conf  1.0000
   3.3443687204  -0.3692217441  -3.7786084399
   3.3293628132  -0.3675650765  -3.7098577414
      
      
#  type   0  conf  1.0000
   3.3293628132  -0.3675650765  -3.7098577414
   0.9534383500  -0.1052605738  -1.7066576397
      
      
#  type   0  conf  1.0000
   0.9534383500  -0.1052605738  -1.7066576397
   0.8867510024  -0.0978982221  -1.6670792229
      
      
#  type   0  conf  1.0000
   0.8867510024  -0.0978982221  -1.6670792229
   0.8230391140  -0.0908643641  -1.6705303257
      
      
#  type   0  conf  1.0000
   0.8230391140  -0.0908643641  -1.6705303257
   0.3990394841  -0.0440543692  -1.8767554114
      
      
#  type   0  conf  1.0000
   0.3990394841  -0.0440543692  -1.8767554114
   0.3746042709  -0.0413566965  -1.8897909605
      
      
#  type   0  conf  1.0000
   0.3746042709  -0.0413566965  -1.8897909605
  -2.7642136669   0.3051720299  -3.6597688319
      
      
#  type   0  conf  1.0000
  -2.7642136669   0.3051720299  -3.6597688319
  -2.8005137069   0.3091795917  -3.7248425856
      
      
#  type   0  conf  1.0000
  -2.8005137069   0.3091795917  -3.7248425856
  -2.8101676913   0.3102454015  -3.8936589298
      
      
#  type   0  conf  1.0000
  -2.8101676913   0.3102454015  -3.8936589298
  -2.3929590039   0.2641851336  -4.3195933311
      
      
#  type   0  conf  1.0000
  -2.3929590039   0.2641851336  -4.3195933311
  -2.3621864526   0.2607878123  -4.3396285931
      
      
#  type   0  conf  1.0000
  -2.3621864526   0.2607878123  -4.3396285931
  -1.7427529009   0.1924017115  -4.5869959727
      
      
# 215  norm    -0.1175373975   -0.9930684570    0.0000000000
# nedges  15 
#  type   0  conf  1.0000
   2.3860007379  -0.2824017973  -4.5839326424
   2.7705210821  -0.3279127791  -4.3515580962
      
      
#  type   0  conf  1.0000
   2.7705210821  -0.3279127791  -4.3515580962
   3.3371469424  -0.3949773692  -3.8988757346
      
      
#  type   0  conf  1.0000
   3.3371469424  -0.3949773692  -3.8988757346
   3.3379844705  -0.3950764972  -3.7785921522
      
      
#  type   0  conf  1.0000
   3.3379844705  -0.3950764972  -3.7785921522
   3.3239976949  -0.3934210532  -3.7097239377
      
      
#  type   0  conf  1.0000
   3.3239976949  -0.3934210532  -3.7097239377
   1.0119275380  -0.1197695168  -1.7601251717
      
      
#  type   0  conf  1.0000
   1.0119275380  -0.1197695168  -1.7601251717
   0.8859549892  -0.1048596831  -1.6671697471
      
      
#  type   0  conf  1.0000
   0.8859549892  -0.1048596831  -1.6671697471
   0.8188101403  -0.0969125665  -1.6709891932
      
      
#  type   0  conf  1.0000
   0.8188101403  -0.0969125665  -1.6709891932
   0.5913829913  -0.0699947896  -1.7822110967
      
      
#  type   0  conf  1.0000
   0.5913829913  -0.0699947896  -1.7822110967
   0.3745153848  -0.0443268169  -1.8900986062
      
      
#  type   0  conf  1.0000
   0.3745153848  -0.0443268169  -1.8900986062
  -2.7408009129   0.3243951653  -3.6584690586
      
      
#  type   0  conf  1.0000
  -2.7408009129   0.3243951653  -3.6584690586
  -2.7792038888   0.3289404570  -3.7116484855
      
      
#  type   0  conf  1.0000
  -2.7792038888   0.3289404570  -3.7116484855
  -2.7911861916   0.3303586560  -3.8684706305
      
      
#  type   0  conf  1.0000
  -2.7911861916   0.3303586560  -3.8684706305
  -2.7704656574   0.3279062192  -3.9216200502
      
      
#  type   0  conf  1.0000
  -2.7704656574   0.3279062192  -3.9216200502
  -2.3610253068   0.2794457602  -4.3342732647
      
      
#  type   0  conf  1.0000
  -2.3610253068   0.2794457602  -4.3342732647
  -1.7301968119   0.2047822876  -4.5855637601
      
      
# 216  norm    -0.1253332336   -0.9921147013    0.0000000000
# nedges  14 
#  type   0  conf  1.0000
   2.3835430127  -0.3011115073  -4.5819877256
   2.7569586403  -0.3482848714  -4.3532338500
      
      
#  type   0  conf  1.0000
   2.7569586403  -0.3482848714  -4.3532338500
   3.3320349929  -0.4209339096  -3.8980916025
      
      
#  type   0  conf  1.0000
   3.3320349929  -0.4209339096  -3.8980916025
   3.3275804408  -0.4203711688  -3.7163512602
      
      
#  type   0  conf  1.0000
   3.3275804408  -0.4203711688  -3.7163512602
   0.9274115323  -0.1171593224  -1.6939212095
      
      
#  type   0  conf  1.0000
   0.9274115323  -0.1171593224  -1.6939212095
   0.8818190476  -0.1113996522  -1.6679765464
      
      
#  type   0  conf  1.0000
   0.8818190476  -0.1113996522  -1.6679765464
   0.8195515409  -0.1035334368  -1.6692908334
      
      
#  type   0  conf  1.0000
   0.8195515409  -0.1035334368  -1.6692908334
   0.3958661434  -0.0500095238  -1.8777254243
      
      
#  type   0  conf  1.0000
   0.3958661434  -0.0500095238  -1.8777254243
   0.3505091520  -0.0442796033  -1.9033419924
      
      
#  type   0  conf  1.0000
   0.3505091520  -0.0442796033  -1.9033419924
  -2.7187355403   0.3434561710  -3.6605553665
      
      
#  type   0  conf  1.0000
  -2.7187355403   0.3434561710  -3.6605553665
  -2.7602042684   0.3486948896  -3.7259148411
      
      
#  type   0  conf  1.0000
  -2.7602042684   0.3486948896  -3.7259148411
  -2.7717878630   0.3501582379  -3.8995055234
      
      
#  type   0  conf  1.0000
  -2.7717878630   0.3501582379  -3.8995055234
  -2.3587463630   0.2979789620  -4.3209248422
      
      
#  type   0  conf  1.0000
  -2.3587463630   0.2979789620  -4.3209248422
  -2.3202603272   0.2931170450  -4.3433276274
      
      
#  type   0  conf  1.0000
  -2.3202603272   0.2931170450  -4.3433276274
  -1.7060290282   0.2155215867  -4.5900781749
      
      
# 217  norm    -0.1331213385   -0.9910997474   -0.0000000000
# nedges  15 
#  type   0  conf  1.0000
   2.3812327596  -0.3198395451  -4.5798363495
   2.7485478845  -0.3691761343  -4.3511320653
      
      
#  type   0  conf  1.0000
   2.7485478845  -0.3691761343  -4.3511320653
   3.3231905496  -0.4463602935  -3.9001613720
      
      
#  type   0  conf  1.0000
   3.3231905496  -0.4463602935  -3.9001613720
   3.3226155672  -0.4462830637  -3.7638851354
      
      
#  type   0  conf  1.0000
   3.3226155672  -0.4462830637  -3.7638851354
   3.3039151822  -0.4437712880  -3.7012377521
      
      
#  type   0  conf  1.0000
   3.3039151822  -0.4437712880  -3.7012377521
   0.8878919272  -0.1192587952  -1.6662384333
      
      
#  type   0  conf  1.0000
   0.8878919272  -0.1192587952  -1.6662384333
   0.8041508698  -0.1080109650  -1.6749903656
      
      
#  type   0  conf  1.0000
   0.8041508698  -0.1080109650  -1.6749903656
   0.4084612092  -0.0548631992  -1.8709631244
      
      
#  type   0  conf  1.0000
   0.4084612092  -0.0548631992  -1.8709631244
   0.3695921640  -0.0496424338  -1.8925071923
      
      
#  type   0  conf  1.0000
   0.3695921640  -0.0496424338  -1.8925071923
  -2.6953292183   0.3620279737  -3.6602383240
      
      
#  type   0  conf  1.0000
  -2.6953292183   0.3620279737  -3.6602383240
  -2.7387510025   0.3678602485  -3.7259738456
      
      
#  type   0  conf  1.0000
  -2.7387510025   0.3678602485  -3.7259738456
  -2.7505547202   0.3694456860  -3.8622813319
      
      
#  type   0  conf  1.0000
  -2.7505547202   0.3694456860  -3.8622813319
  -2.7388816065   0.3678777908  -3.9184414091
      
      
#  type   0  conf  1.0000
  -2.7388816065   0.3678777908  -3.9184414091
  -2.3410080437   0.3144366903  -4.3219019300
      
      
#  type   0  conf  1.0000
  -2.3410080437   0.3144366903  -4.3219019300
  -2.3183791620   0.3113972515  -4.3371387039
      
      
#  type   0  conf  1.0000
  -2.3183791620   0.3113972515  -4.3371387039
  -1.6901889556   0.2270207582  -4.5905083170
      
      
# 218  norm    -0.1409012319   -0.9900236577    0.0000000000
# nedges  14 
#  type   0  conf  1.0000
   2.3758658981  -0.3381357904  -4.5793214727
   2.7308600725  -0.3886589431  -4.3552196148
      
      
#  type   0  conf  1.0000
   2.7308600725  -0.3886589431  -4.3552196148
   3.3145291039  -0.4717273475  -3.9030287489
      
      
#  type   0  conf  1.0000
   3.3145291039  -0.4717273475  -3.9030287489
   3.3160136909  -0.4719386355  -3.7527426715
      
      
#  type   0  conf  1.0000
   3.3160136909  -0.4719386355  -3.7527426715
   3.2950265509  -0.4689517232  -3.6991297049
      
      
#  type   0  conf  1.0000
   3.2950265509  -0.4689517232  -3.6991297049
   0.8856926633  -0.1260527326  -1.6681249860
      
      
#  type   4  conf  0.0000
#  type   0  conf  1.0000
   0.8060157234  -0.1147130248  -1.6722916413
   0.4098640891  -0.0583322981  -1.8697139056
      
      
#  type   3  conf  0.0000
#  type   0  conf  1.0000
   0.3953560352  -0.0562674962  -1.8765946528
  -2.6853684683   0.3821845291  -3.6696901583
      
      
#  type   0  conf  1.0000
  -2.6853684683   0.3821845291  -3.6696901583
  -2.7231536057   0.3875621505  -3.7489793932
      
      
#  type   0  conf  1.0000
  -2.7231536057   0.3875621505  -3.7489793932
  -2.7309545335   0.3886723869  -3.9073486238
      
      
#  type   0  conf  1.0000
  -2.7309545335   0.3886723869  -3.9073486238
  -2.3265933540   0.3311232689  -4.3194771718
      
      
#  type   0  conf  1.0000
  -2.3265933540   0.3311232689  -4.3194771718
  -2.2882855248   0.3256712574  -4.3434427463
      
      
#  type   0  conf  1.0000
  -2.2882855248   0.3256712574  -4.3434427463
  -1.6814759945   0.2393094723  -4.5865793196
      
      
# 219  norm    -0.1486724339   -0.9888864987    0.0000000000
# nedges  13 
#  type   0  conf  1.0000
   2.3629984580  -0.3552609248  -4.5837573007
   2.7253985282  -0.4097453379  -4.3500889057
      
      
#  type   0  conf  1.0000
   2.7253985282  -0.4097453379  -4.3500889057
   3.3088096268  -0.4974572725  -3.9017102414
      
      
#  type   0  conf  1.0000
   3.3088096268  -0.4974572725  -3.9017102414
   3.3044974756  -0.4968089696  -3.7397029472
      
      
#  type   0  conf  1.0000
   3.3044974756  -0.4968089696  -3.7397029472
   3.2858014164  -0.4939981429  -3.6964836833
      
      
#  type   0  conf  1.0000
   3.2858014164  -0.4939981429  -3.6964836833
   0.8845695944  -0.1329890890  -1.6713631848
      
      
#  type   4  conf  0.0000
#  type   0  conf  1.0000
   0.8107646015  -0.1218930047  -1.6686000368
   0.4096157676  -0.0615829756  -1.8691690497
      
      
#  type   0  conf  1.0000
   0.4096157676  -0.0615829756  -1.8691690497
   0.3297541602  -0.0495763201  -1.9148847206
      
      
#  type   0  conf  1.0000
   0.3297541602  -0.0495763201  -1.9148847206
  -2.6572041290   0.3994927686  -3.6679085423
      
      
#  type   0  conf  1.0000
  -2.6572041290   0.3994927686  -3.6679085423
  -2.7009968117   0.4060767039  -3.7376788354
      
      
#  type   0  conf  1.0000
  -2.7009968117   0.4060767039  -3.7376788354
  -2.7095290744   0.4073594722  -3.9112605146
      
      
#  type   0  conf  1.0000
  -2.7095290744   0.4073594722  -3.9112605146
  -2.2950734090   0.3450488505  -4.3333520630
      
      
#  type   0  conf  1.0000
  -2.2950734090   0.3450488505  -4.3333520630
  -1.6643772195   0.2502279205  -4.5869585597
      
      
# 220  norm    -0.1564344650   -0.9876883406    0.0000000000
# nedges  13 
#  type   0  conf  1.0000
   2.3605994180  -0.3738822176  -4.5805544118
   2.7102668470  -0.4292640977  -4.3518818671
      
      
#  type   0  conf  1.0000
   2.7102668470  -0.4292640977  -4.3518818671
   3.2999504507  -0.5226608052  -3.9025818912
      
      
#  type   0  conf  1.0000
   3.2999504507  -0.5226608052  -3.9025818912
   3.2967455560  -0.5221531998  -3.7397904229
      
      
#  type   0  conf  1.0000
   3.2967455560  -0.5221531998  -3.7397904229
   3.2806809028  -0.5196088087  -3.6983813449
      
      
#  type   0  conf  1.0000
   3.2806809028  -0.5196088087  -3.6983813449
   0.8761443631  -0.1387676346  -1.6682909831
      
      
#  type   4  conf  0.0000
#  type   0  conf  1.0000
   0.8034911238  -0.1272604919  -1.6705045431
   0.4092219617  -0.0648143914  -1.8685146366
      
      
#  type   0  conf  1.0000
   0.4092219617  -0.0648143914  -1.8685146366
   0.3948215272  -0.0625335866  -1.8759273767
      
      
#  type   0  conf  1.0000
   0.3948215272  -0.0625335866  -1.8759273767
  -2.6340457474   0.4171918615  -3.6703046914
      
      
#  type   0  conf  1.0000
  -2.6340457474   0.4171918615  -3.6703046914
  -2.6814005821   0.4246921305  -3.7505630365
      
      
#  type   0  conf  1.0000
  -2.6814005821   0.4246921305  -3.7505630365
  -2.6879632070   0.4257315482  -3.9152056760
      
      
#  type   0  conf  1.0000
  -2.6879632070   0.4257315482  -3.9152056760
  -2.2765453898   0.3605693674  -4.3334030196
      
      
#  type   0  conf  1.0000
  -2.2765453898   0.3605693674  -4.3334030196
  -1.6488934981   0.2611590738  -4.5866057672
      
      
# 221  norm    -0.1641868466   -0.9864292572    0.0000000000
# nedges  14 
#  type   0  conf  1.0000
   2.3559998197  -0.3921458920  -4.5792802869
   2.6768191727  -0.4455448737  -4.3652656289
      
      
#  type   0  conf  1.0000
   2.6768191727  -0.4455448737  -4.3652656289
   2.7220497841  -0.4530733116  -4.3335347732
      
      
#  type   0  conf  1.0000
   2.7220497841  -0.4530733116  -4.3335347732
   3.2930240727  -0.5481094911  -3.9021468366
      
      
#  type   0  conf  1.0000
   3.2930240727  -0.5481094911  -3.9021468366
   3.2866459483  -0.5470478801  -3.7268294333
      
      
#  type   0  conf  1.0000
   3.2866459483  -0.5470478801  -3.7268294333
   3.2645536365  -0.5433707112  -3.6903710532
      
      
#  type   0  conf  1.0000
   3.2645536365  -0.5433707112  -3.6903710532
   0.8705816970  -0.1449045256  -1.6688345052
      
      
#  type   0  conf  1.0000
   0.8705816970  -0.1449045256  -1.6688345052
   0.8014259787  -0.1333938579  -1.6682952964
      
      
#  type   0  conf  1.0000
   0.8014259787  -0.1333938579  -1.6682952964
   0.3958009566  -0.0658793425  -1.8756018816
      
      
#  type   0  conf  1.0000
   0.3958009566  -0.0658793425  -1.8756018816
  -2.5987897731   0.4325572205  -3.6637464000
      
      
#  type   0  conf  1.0000
  -2.5987897731   0.4325572205  -3.6637464000
  -2.6498798585   0.4410609424  -3.7222069697
      
      
#  type   0  conf  1.0000
  -2.6498798585   0.4410609424  -3.7222069697
  -2.6615314408   0.4430002974  -3.7656741199
      
      
#  type   0  conf  1.0000
  -2.6615314408   0.4430002974  -3.7656741199
  -2.6685755696   0.4441727619  -3.9159370421
      
      
#  type   0  conf  1.0000
  -2.6685755696   0.4441727619  -3.9159370421
  -2.2576658101   0.3757786251  -4.3337854051
      
      
#  type   0  conf  1.0000
  -2.2576658101   0.3757786251  -4.3337854051
  -1.6319357162   0.2716285807  -4.5868866063
      
      
# 222  norm    -0.1719291003   -0.9851093262   -0.0000000000
# nedges  14 
#  type   0  conf  1.0000
   2.3406229576  -0.4085041005  -4.5853596801
   2.6839548516  -0.4684251083  -4.3517906407
      
      
#  type   0  conf  1.0000
   2.6839548516  -0.4684251083  -4.3517906407
   3.2813566210  -0.5726884078  -3.9063415563
      
      
#  type   0  conf  1.0000
   3.2813566210  -0.5726884078  -3.9063415563
   3.2789720608  -0.5722722355  -3.7378581499
      
      
#  type   0  conf  1.0000
   3.2789720608  -0.5722722355  -3.7378581499
   3.2647022519  -0.5697817551  -3.6971981379
      
      
#  type   0  conf  1.0000
   3.2647022519  -0.5697817551  -3.6971981379
   0.8653657424  -0.1510304994  -1.6683741632
      
      
#  type   4  conf  0.0000
#  type   0  conf  1.0000
   0.7950705044  -0.1387620164  -1.6690591906
   0.4058584637  -0.0708336412  -1.8700636877
      
      
#  type   0  conf  1.0000
   0.4058584637  -0.0708336412  -1.8700636877
   0.2780934851  -0.0485350828  -1.9454789639
      
      
#  type   0  conf  1.0000
   0.2780934851  -0.0485350828  -1.9454789639
  -2.5832718524   0.4508531120  -3.6717016453
      
      
#  type   0  conf  1.0000
  -2.5832718524   0.4508531120  -3.6717016453
  -2.6383459299   0.4604650772  -3.7518915204
      
      
#  type   0  conf  1.0000
  -2.6383459299   0.4604650772  -3.7518915204
  -2.6486199695   0.4622581842  -3.9149055217
      
      
#  type   0  conf  1.0000
  -2.6486199695   0.4622581842  -3.9149055217
  -2.2421231434   0.3913131310  -4.3309794041
      
      
#  type   0  conf  1.0000
  -2.2421231434   0.3913131310  -4.3309794041
  -2.1745068658   0.3795122014  -4.3598245420
      
      
#  type   0  conf  1.0000
  -2.1745068658   0.3795122014  -4.3598245420
  -1.6082658419   0.2806873226  -4.5902927516
      
      
# 223  norm    -0.1796607486   -0.9837286289    0.0000000000
# nedges  13 
#  type   0  conf  1.0000
   2.3384627188  -0.4270791255  -4.5828765722
   2.6787362745  -0.4892241114  -4.3470389891
      
      
#  type   0  conf  1.0000
   2.6787362745  -0.4892241114  -4.3470389891
   3.2704293557  -0.5972864558  -3.9089030539
      
      
#  type   0  conf  1.0000
   3.2704293557  -0.5972864558  -3.9089030539
   3.2722300615  -0.5976153231  -3.7527296724
      
      
#  type   0  conf  1.0000
   3.2722300615  -0.5976153231  -3.7527296724
   3.2586484723  -0.5951348845  -3.6993054996
      
      
#  type   0  conf  1.0000
   3.2586484723  -0.5951348845  -3.6993054996
   0.8623994585  -0.1575021075  -1.6695317471
      
      
#  type   4  conf  0.0000
#  type   0  conf  1.0000
   0.7877373083  -0.1438663777  -1.6704499842
   0.4075847001  -0.0744381836  -1.8684361037
      
      
#  type   4  conf  0.0000
#  type   0  conf  1.0000
   0.3943891859  -0.0720282548  -1.8746378262
  -2.5676496540   0.4689360921  -3.6774308203
      
      
#  type   0  conf  1.0000
  -2.5676496540   0.4689360921  -3.6774308203
  -2.6214610275   0.4787637939  -3.7634356635
      
      
#  type   0  conf  1.0000
  -2.6214610275   0.4787637939  -3.7634356635
  -2.6270914567   0.4797920929  -3.9209576903
      
      
#  type   0  conf  1.0000
  -2.6270914567   0.4797920929  -3.9209576903
  -2.2216493046   0.4057452080  -4.3340386288
      
      
#  type   0  conf  1.0000
  -2.2216493046   0.4057452080  -4.3340386288
  -1.5987222221   0.2919785221  -4.5871195241
      
      
# 224  norm    -0.1873813146   -0.9822872507    0.0000000000
# nedges  13 
#  type   0  conf  1.0000
   2.3355084005  -0.4455220548  -4.5797159048
   2.6736953800  -0.5100346714  -4.3424773034
      
      
#  type   0  conf  1.0000
   2.6736953800  -0.5100346714  -4.3424773034
   3.2622633872  -0.6223100234  -3.9084028231
      
      
#  type   0  conf  1.0000
   3.2622633872  -0.6223100234  -3.9084028231
   3.2617761058  -0.6222170695  -3.7527677645
      
      
#  type   0  conf  1.0000
   3.2617761058  -0.6222170695  -3.7527677645
   3.2511969276  -0.6201989834  -3.7004470663
      
      
#  type   0  conf  1.0000
   3.2511969276  -0.6201989834  -3.7004470663
   0.8567549126  -0.1634347404  -1.6680249145
      
      
#  type   4  conf  0.0000
#  type   0  conf  1.0000
   0.7861017991  -0.1499569382  -1.6694819025
   0.4071813997  -0.0776740061  -1.8678424684
      
      
#  type   0  conf  1.0000
   0.4071813997  -0.0776740061  -1.8678424684
   0.3906969679  -0.0745294326  -1.8767015569
      
      
#  type   0  conf  1.0000
   0.3906969679  -0.0745294326  -1.8767015569
  -2.5374586412   0.4840461235  -3.6747252550
      
      
#  type   0  conf  1.0000
  -2.5374586412   0.4840461235  -3.6747252550
  -2.5993660235   0.4958555883  -3.7506254925
      
      
#  type   0  conf  1.0000
  -2.5993660235   0.4958555883  -3.7506254925
  -2.6079537556   0.4974937858  -3.9205287184
      
      
#  type   0  conf  1.0000
  -2.6079537556   0.4974937858  -3.9205287184
  -2.2033400055   0.4203095850  -4.3335803141
      
      
#  type   0  conf  1.0000
  -2.2033400055   0.4203095850  -4.3335803141
  -1.5826622438   0.3019089697  -4.5868663571
      
      
# 225  norm    -0.1950903220   -0.9807852804   -0.0000000000
# nedges  13 
#  type   0  conf  1.0000
   2.3206650552  -0.4616089800  -4.5895029495
   3.2524476287  -0.6469520576  -3.9107865792
      
      
#  type   0  conf  1.0000
   3.2524476287  -0.6469520576  -3.9107865792
   3.2512578921  -0.6467154043  -3.7397966577
      
      
#  type   0  conf  1.0000
   3.2512578921  -0.6467154043  -3.7397966577
   3.2404320826  -0.6445620169  -3.6984694660
      
      
#  type   0  conf  1.0000
   3.2404320826  -0.6445620169  -3.6984694660
   0.8525026157  -0.1695733135  -1.6679170575
      
      
#  type   4  conf  0.0000
#  type   0  conf  1.0000
   0.7993883517  -0.1590082295  -1.6688934806
   0.7725500740  -0.1536697641  -1.6732464095
      
      
#  type   0  conf  1.0000
   0.7725500740  -0.1536697641  -1.6732464095
   0.4445625079  -0.0884289809  -1.8476370924
      
      
#  type   3  conf  0.0000
#  type   0  conf  1.0000
   0.3929599248  -0.0781645889  -1.8744289634
  -2.5079133047   0.4988549726  -3.6730784364
      
      
#  type   0  conf  1.0000
  -2.5079133047   0.4988549726  -3.6730784364
  -2.5812415242   0.5134408623  -3.7633922518
      
      
#  type   0  conf  1.0000
  -2.5812415242   0.5134408623  -3.7633922518
  -2.5883822655   0.5148612441  -3.9208418218
      
      
#  type   0  conf  1.0000
  -2.5883822655   0.5148612441  -3.9208418218
  -2.1834459573   0.4343144044  -4.3344990380
      
      
#  type   0  conf  1.0000
  -2.1834459573   0.4343144044  -4.3344990380
  -1.5665559810   0.3116073588  -4.5865130916
      
      
# 226  norm    -0.2027872954   -0.9792228106    0.0000000000
# nedges  12 
#  type   0  conf  1.0000
   2.3164590350  -0.4797156045  -4.5868522344
   3.2432883013  -0.6716527184  -3.9108401917
      
      
#  type   0  conf  1.0000
   3.2432883013  -0.6716527184  -3.9108401917
   3.2398835380  -0.6709476258  -3.7058555134
      
      
#  type   0  conf  1.0000
   3.2398835380  -0.6709476258  -3.7058555134
   0.8475097626  -0.1755108344  -1.6669671688
      
      
#  type   0  conf  1.0000
   0.8475097626  -0.1755108344  -1.6669671688
   0.7734130055  -0.1601661337  -1.6706269352
      
      
#  type   0  conf  1.0000
   0.7734130055  -0.1601661337  -1.6706269352
   0.4589481325  -0.0950435891  -1.8391895642
      
      
#  type   3  conf  0.0000
#  type   0  conf  1.0000
   0.3904651062  -0.0808614362  -1.8756332069
  -2.4815143574   0.5138969185  -3.6726626925
      
      
#  type   0  conf  1.0000
  -2.4815143574   0.5138969185  -3.6726626925
  -2.5587034200   0.5298820049  -3.7507234489
      
      
#  type   0  conf  1.0000
  -2.5587034200   0.5298820049  -3.7507234489
  -2.5706428531   0.5323545427  -3.9194361741
      
      
#  type   0  conf  1.0000
  -2.5706428531   0.5323545427  -3.9194361741
  -2.1771440547   0.4508648590  -4.3218596066
      
      
#  type   0  conf  1.0000
  -2.1771440547   0.4508648590  -4.3218596066
  -2.1511875959   0.4454895348  -4.3401183305
      
      
#  type   0  conf  1.0000
  -2.1511875959   0.4454895348  -4.3401183305
  -1.5414281276   0.3192144194  -4.5903717177
      
      
# 227  norm    -0.2104717598   -0.9775999378    0.0000000000
# nedges  10 
#  type   0  conf  1.0000
   2.3147446265  -0.4983514792  -4.5835425163
   3.2325793820  -0.6959561320  -3.9110932211
      
      
#  type   0  conf  1.0000
   3.2325793820  -0.6959561320  -3.9110932211
   3.2286213789  -0.6951039962  -3.7046145340
      
      
#  type   0  conf  1.0000
   3.2286213789  -0.6951039962  -3.7046145340
   0.8476751996  -0.1824996956  -1.6707366434
      
      
#  type   4  conf  0.0000
#  type   0  conf  1.0000
   0.7740509444  -0.1666488081  -1.6678096282
   0.3919544261  -0.0843855801  -1.8743906673
      
      
#  type   0  conf  1.0000
   0.3919544261  -0.0843855801  -1.8743906673
  -2.4620867178   0.5300734015  -3.6786771266
      
      
#  type   0  conf  1.0000
  -2.4620867178   0.5300734015  -3.6786771266
  -2.5412391379   0.5471144717  -3.7634656309
      
      
#  type   0  conf  1.0000
  -2.5412391379   0.5471144717  -3.7634656309
  -2.5498478528   0.5489678795  -3.9195637051
      
      
#  type   0  conf  1.0000
  -2.5498478528   0.5489678795  -3.9195637051
  -2.1450791119   0.4618234496  -4.3347715976
      
      
#  type   0  conf  1.0000
  -2.1450791119   0.4618234496  -4.3347715976
  -1.5303198368   0.3294692406  -4.5871421266
      
      
# 228  norm    -0.2181432414   -0.9759167619    0.0000000000
# nedges  13 
#  type   0  conf  1.0000
   2.3066139262  -0.5155892983  -4.5787134740
   2.6184076395  -0.5852834505  -4.3603271367
      
      
#  type   0  conf  1.0000
   2.6184076395  -0.5852834505  -4.3603271367
   3.2211905860  -0.7200214024  -3.9091550382
      
      
#  type   0  conf  1.0000
   3.2211905860  -0.7200214024  -3.9091550382
   3.2180625504  -0.7193222036  -3.7039954381
      
      
#  type   0  conf  1.0000
   3.2180625504  -0.7193222036  -3.7039954381
   0.8390669623  -0.1875536870  -1.6673015160
      
      
#  type   0  conf  1.0000
   0.8390669623  -0.1875536870  -1.6673015160
   0.7661690231  -0.1712590670  -1.6693609297
      
      
#  type   0  conf  1.0000
   0.7661690231  -0.1712590670  -1.6693609297
   0.4551564025  -0.1017395098  -1.8391910035
      
      
#  type   3  conf  0.0000
#  type   0  conf  1.0000
   0.3894387936  -0.0870498838  -1.8742886015
  -2.4341534423   0.5440977578  -3.6785098352
      
      
#  type   0  conf  1.0000
  -2.4341534423   0.5440977578  -3.6785098352
  -2.5218313798   0.5636960988  -3.7634907998
      
      
#  type   0  conf  1.0000
  -2.5218313798   0.5636960988  -3.7634907998
  -2.5294970151   0.5654095713  -3.9186839513
      
      
#  type   0  conf  1.0000
  -2.5294970151   0.5654095713  -3.9186839513
  -2.1569230691   0.4821294275  -4.3019258733
      
      
#  type   0  conf  1.0000
  -2.1569230691   0.4821294275  -4.3019258733
  -2.1190355236   0.4736605577  -4.3372418742
      
      
#  type   0  conf  1.0000
  -2.1190355236   0.4736605577  -4.3372418742
  -1.5064482703   0.3367310835  -4.5908828479
      
      
# 229  norm    -0.2258012669   -0.9741733870   -0.0000000000
# nedges  12 
#  type   0  conf  1.0000
   2.2907383922  -0.5309646496  -4.5837589735
   2.6092176947  -0.6047841882  -4.3639484041
      
      
#  type   0  conf  1.0000
   2.6092176947  -0.6047841882  -4.3639484041
   3.2099555232  -0.7440277403  -3.9090279941
      
      
#  type   0  conf  1.0000
   3.2099555232  -0.7440277403  -3.9090279941
   3.2081687347  -0.7436135849  -3.7045292598
      
      
#  type   0  conf  1.0000
   3.2081687347  -0.7436135849  -3.7045292598
   0.8375173577  -0.1941261001  -1.6694854565
      
      
#  type   4  conf  0.0000
#  type   0  conf  1.0000
   0.7601132765  -0.1761847974  -1.6696472609
   0.3908119460  -0.0905853452  -1.8731816755
      
      
#  type   0  conf  1.0000
   0.3908119460  -0.0905853452  -1.8731816755
  -0.5578851238   0.1293108285  -2.4850311448
      
      
#  type   0  conf  1.0000
  -0.5578851238   0.1293108285  -2.4850311448
  -2.4691680764   0.5723224297  -3.7196443564
      
      
#  type   0  conf  1.0000
  -2.4691680764   0.5723224297  -3.7196443564
  -2.5028795409   0.5801363276  -3.7837339409
      
      
#  type   0  conf  1.0000
  -2.5028795409   0.5801363276  -3.7837339409
  -2.5098022911   0.5817409349  -3.9173525672
      
      
#  type   0  conf  1.0000
  -2.5098022911   0.5817409349  -3.9173525672
  -2.1034693372   0.4875580133  -4.3360711925
      
      
#  type   0  conf  1.0000
  -2.1034693372   0.4875580133  -4.3360711925
  -1.4943646329   0.3463751236  -4.5874560341
      
      
# 230  norm    -0.2334453639   -0.9723699204   -0.0000000000
# nedges  14 
#  type   0  conf  1.0000
   2.2859877790  -0.5488171093  -4.5805009476
   2.5997539275  -0.6241456968  -4.3681724781
      
      
#  type   0  conf  1.0000
   2.5997539275  -0.6241456968  -4.3681724781
   3.1980893584  -0.7677933246  -3.9088343108
      
      
#  type   0  conf  1.0000
   3.1980893584  -0.7677933246  -3.9088343108
   3.1964097408  -0.7673900841  -3.7059916191
      
      
#  type   0  conf  1.0000
   3.1964097408  -0.7673900841  -3.7059916191
   1.3294315563  -0.3191682783  -2.0930914889
      
      
#  type   0  conf  1.0000
   1.3294315563  -0.3191682783  -2.0930914889
   0.8225208962  -0.1974697961  -1.6693392981
      
      
#  type   4  conf  0.0000
#  type   0  conf  1.0000
   0.7577723574  -0.1819250472  -1.6682155905
   0.3879264931  -0.0931329111  -1.8742520291
      
      
#  type   0  conf  1.0000
   0.3879264931  -0.0931329111  -1.8742520291
   0.3499241503  -0.0840093558  -1.8980623608
      
      
#  type   0  conf  1.0000
   0.3499241503  -0.0840093558  -1.8980623608
  -2.4531149203   0.5889407859  -3.7270358443
      
      
#  type   0  conf  1.0000
  -2.4531149203   0.5889407859  -3.7270358443
  -2.4817688438   0.5958199843  -3.7775343246
      
      
#  type   0  conf  1.0000
  -2.4817688438   0.5958199843  -3.7775343246
  -2.4904372962   0.5979010956  -3.9155150248
      
      
#  type   0  conf  1.0000
  -2.4904372962   0.5979010956  -3.9155150248
  -2.0969986505   0.5034448338  -4.3219334670
      
      
#  type   0  conf  1.0000
  -2.0969986505   0.5034448338  -4.3219334670
  -2.0610619073   0.4948171851  -4.3448868235
      
      
#  type   0  conf  1.0000
  -2.0610619073   0.4948171851  -4.3448868235
  -1.4691160466   0.3527035574  -4.5914148533
      
      
# 231  norm    -0.2410750608   -0.9705064735    0.0000000000
# nedges  14 
#  type   0  conf  1.0000
   2.2806601793  -0.5665189326  -4.5787406439
   2.5955660670  -0.6447419616  -4.3684381570
      
      
#  type   0  conf  1.0000
   2.5955660670  -0.6447419616  -4.3684381570
   3.1873473407  -0.7917411940  -3.9080038803
      
      
#  type   0  conf  1.0000
   3.1873473407  -0.7917411940  -3.9080038803
   3.1859476427  -0.7913935072  -3.7065168465
      
      
#  type   0  conf  1.0000
   3.1859476427  -0.7913935072  -3.7065168465
   1.3190809303  -0.3276614059  -2.0884291270
      
      
#  type   0  conf  1.0000
   1.3190809303  -0.3276614059  -2.0884291270
   0.8146898992  -0.2023700226  -1.6677618052
      
      
#  type   0  conf  1.0000
   0.8146898992  -0.2023700226  -1.6677618052
   0.7551955258  -0.1875915435  -1.6675731575
      
      
#  type   0  conf  1.0000
   0.7551955258  -0.1875915435  -1.6675731575
   0.3870729336  -0.0961494164  -1.8740571362
      
      
#  type   0  conf  1.0000
   0.3870729336  -0.0961494164  -1.8740571362
   0.2994152973  -0.0743751464  -1.9307305685
      
      
#  type   0  conf  1.0000
   0.2994152973  -0.0743751464  -1.9307305685
  -2.4351310453   0.6048896952  -3.7315459329
      
      
#  type   0  conf  1.0000
  -2.4351310453   0.6048896952  -3.7315459329
  -2.4647815879   0.6122549282  -3.7775421533
      
      
#  type   0  conf  1.0000
  -2.4647815879   0.6122549282  -3.7775421533
  -2.4701677673   0.6135928621  -3.9164843008
      
      
#  type   0  conf  1.0000
  -2.4701677673   0.6135928621  -3.9164843008
  -2.0705277140   0.5143217570  -4.3296550427
      
      
#  type   0  conf  1.0000
  -2.0705277140   0.5143217570  -4.3296550427
  -2.0192901808   0.5015942876  -4.3549090576
      
      
#  type   0  conf  1.0000
  -2.0192901808   0.5015942876  -4.3549090576
  -1.4516840934   0.3606002028  -4.5920016094
      
      
# 232  norm    -0.2486898872   -0.9685831611    0.0000000000
# nedges  13 
#  type   0  conf  1.0000
   2.2639883449  -0.5812934073  -4.5844830759
   2.5934317660  -0.6658801011  -4.3670516051
      
      
#  type   0  conf  1.0000
   2.5934317660  -0.6658801011  -4.3670516051
   3.1753256775  -0.8152850639  -3.9078376908
      
      
#  type   0  conf  1.0000
   3.1753256775  -0.8152850639  -3.9078376908
   3.1737731923  -0.8148864535  -3.7058593798
      
      
#  type   0  conf  1.0000
   3.1737731923  -0.8148864535  -3.7058593798
   1.3171566829  -0.3381883559  -2.0917625718
      
      
#  type   0  conf  1.0000
   1.3171566829  -0.3381883559  -2.0917625718
   0.8110299755  -0.2082371046  -1.6692309306
      
      
#  type   0  conf  1.0000
   0.8110299755  -0.2082371046  -1.6692309306
   0.7481826703  -0.1921006593  -1.6680201474
      
      
#  type   0  conf  1.0000
   0.7481826703  -0.1921006593  -1.6680201474
   0.3790678959  -0.0973280933  -1.8775560521
      
      
#  type   0  conf  1.0000
   0.3790678959  -0.0973280933  -1.8775560521
  -2.4037474773   0.6171774535  -3.7275064262
      
      
#  type   0  conf  1.0000
  -2.4037474773   0.6171774535  -3.7275064262
  -2.4421618077   0.6270405772  -3.7642869686
      
      
#  type   0  conf  1.0000
  -2.4421618077   0.6270405772  -3.7642869686
  -2.4527543660   0.6297602839  -3.9108846292
      
      
#  type   0  conf  1.0000
  -2.4527543660   0.6297602839  -3.9108846292
  -2.0540987388   0.5274029160  -4.3254589133
      
      
#  type   0  conf  1.0000
  -2.0540987388   0.5274029160  -4.3254589133
  -2.0280566693   0.5207164490  -4.3430054751
      
      
#  type   0  conf  1.0000
  -2.0280566693   0.5207164490  -4.3430054751
  -1.4329127174   0.3679094540  -4.5934139702
      
      
# 233  norm    -0.2562893731   -0.9666001020    0.0000000000
# nedges  16 
#  type   0  conf  1.0000
   2.2594959974  -0.5990945082  -4.5815939108
   2.5642805850  -0.6799066773  -4.3834748886
      
      
#  type   0  conf  1.0000
   2.5642805850  -0.6799066773  -4.3834748886
   2.5967474864  -0.6885151203  -4.3615757210
      
      
#  type   0  conf  1.0000
   2.5967474864  -0.6885151203  -4.3615757210
   3.1641392987  -0.8389563333  -3.9059635769
      
      
#  type   0  conf  1.0000
   3.1641392987  -0.8389563333  -3.9059635769
   3.1620869547  -0.8384121642  -3.7066165056
      
      
#  type   0  conf  1.0000
   3.1620869547  -0.8384121642  -3.7066165056
   1.4083401072  -0.3734146132  -2.1759633070
      
      
#  type   0  conf  1.0000
   1.4083401072  -0.3734146132  -2.1759633070
   1.2964788981  -0.3437551510  -2.0792757815
      
      
#  type   0  conf  1.0000
   1.2964788981  -0.3437551510  -2.0792757815
   0.8056098033  -0.2136035689  -1.6691248384
      
      
#  type   4  conf  0.0000
#  type   0  conf  1.0000
   0.7414591534  -0.1965943323  -1.6684837089
   0.3855196642  -0.1022186868  -1.8733990252
      
      
#  type   0  conf  1.0000
   0.3855196642  -0.1022186868  -1.8733990252
   0.3185122413  -0.0844519905  -1.9171083020
      
      
#  type   0  conf  1.0000
   0.3185122413  -0.0844519905  -1.9171083020
  -2.4250568669   0.6429921774  -3.7584841314
      
      
#  type   0  conf  1.0000
  -2.4250568669   0.6429921774  -3.7584841314
  -2.4320532713   0.6448472404  -3.8795924484
      
      
#  type   0  conf  1.0000
  -2.4320532713   0.6448472404  -3.8795924484
  -2.4221177643   0.6422128884  -3.9220426713
      
      
#  type   0  conf  1.0000
  -2.4221177643   0.6422128884  -3.9220426713
  -2.0381627075   0.5404090498  -4.3205383196
      
      
#  type   0  conf  1.0000
  -2.0381627075   0.5404090498  -4.3205383196
  -2.0115874594   0.5333627504  -4.3417353895
      
      
#  type   0  conf  1.0000
  -2.0115874594   0.5333627504  -4.3417353895
  -1.4178558323   0.3759376620  -4.5933973763
      
      
# 234  norm    -0.2638730500   -0.9645574185    0.0000000000
# nedges  14 
#  type   0  conf  1.0000
   2.2543000042  -0.6167066950  -4.5792954492
   2.5851318446  -0.7072120450  -4.3672387616
      
      
#  type   0  conf  1.0000
   2.5851318446  -0.7072120450  -4.3672387616
   3.1524594911  -0.8624153263  -3.9054174273
      
      
#  type   0  conf  1.0000
   3.1524594911  -0.8624153263  -3.9054174273
   3.1493526437  -0.8615653891  -3.7055032983
      
      
#  type   0  conf  1.0000
   3.1493526437  -0.8615653891  -3.7055032983
   1.3013908625  -0.3560202529  -2.0879550794
      
      
#  type   0  conf  1.0000
   1.3013908625  -0.3560202529  -2.0879550794
   0.7985043517  -0.2184460714  -1.6683454181
      
      
#  type   0  conf  1.0000
   0.7985043517  -0.2184460714  -1.6683454181
   0.7393661193  -0.2022676817  -1.6675678820
      
      
#  type   0  conf  1.0000
   0.7393661193  -0.2022676817  -1.6675678820
   0.3868867449  -0.1058402366  -1.8713549752
      
      
#  type   0  conf  1.0000
   0.3868867449  -0.1058402366  -1.8713549752
   0.3123213414  -0.0854414505  -1.9207873778
      
      
#  type   0  conf  1.0000
   0.3123213414  -0.0854414505  -1.9207873778
  -2.3910969852   0.6541301141  -3.7517460509
      
      
#  type   0  conf  1.0000
  -2.3910969852   0.6541301141  -3.7517460509
  -2.4107770219   0.6595139630  -3.8022967227
      
      
#  type   0  conf  1.0000
  -2.4107770219   0.6595139630  -3.8022967227
  -2.4103862455   0.6594070586  -3.9115806258
      
      
#  type   0  conf  1.0000
  -2.4103862455   0.6594070586  -3.9115806258
  -2.0176323423   0.5519617492  -4.3214055561
      
      
#  type   0  conf  1.0000
  -2.0176323423   0.5519617492  -4.3214055561
  -1.9829415490   0.5424714221  -4.3455634637
      
      
#  type   0  conf  1.0000
  -1.9829415490   0.5424714221  -4.3455634637
  -1.4033838313   0.3839223718  -4.5927547371
      
      
# 235  norm    -0.2714404499   -0.9624552365    0.0000000000
# nedges  14 
#  type   0  conf  1.0000
   2.2374237930  -0.6310187715  -4.5845935251
   2.5729300192  -0.7256413134  -4.3717002833
      
      
#  type   0  conf  1.0000
   2.5729300192  -0.7256413134  -4.3717002833
   2.5980069101  -0.7327137281  -4.3526317980
      
      
#  type   0  conf  1.0000
   2.5980069101  -0.7327137281  -4.3526317980
   3.1397974614  -0.8855144667  -3.9047047854
      
      
#  type   0  conf  1.0000
   3.1397974614  -0.8855144667  -3.9047047854
   3.1372532753  -0.8847969320  -3.7064271723
      
      
#  type   0  conf  1.0000
   3.1372532753  -0.8847969320  -3.7064271723
   1.3030289015  -0.3674921574  -2.0945857168
      
      
#  type   0  conf  1.0000
   1.3030289015  -0.3674921574  -2.0945857168
   0.7952096875  -0.2242723268  -1.6702591857
      
      
#  type   4  conf  0.0000
#  type   0  conf  1.0000
   0.7296944652  -0.2057951231  -1.6688691317
   0.3838780003  -0.1082647932  -1.8725704301
      
      
#  type   0  conf  1.0000
   0.3838780003  -0.1082647932  -1.8725704301
   0.3552499962  -0.1001908610  -1.8912012541
      
      
#  type   0  conf  1.0000
   0.3552499962  -0.1001908610  -1.8912012541
  -2.3887142154   0.6736870835  -3.7659939953
      
      
#  type   0  conf  1.0000
  -2.3887142154   0.6736870835  -3.7659939953
  -2.3932685872   0.6749715492  -3.9049542218
      
      
#  type   0  conf  1.0000
  -2.3932685872   0.6749715492  -3.9049542218
  -1.9908455050   0.5614765020  -4.3274043810
      
      
#  type   0  conf  1.0000
  -1.9908455050   0.5614765020  -4.3274043810
  -1.9529546959   0.5507901886  -4.3491522348
      
      
#  type   0  conf  1.0000
  -1.9529546959   0.5507901886  -4.3491522348
  -1.3886033581   0.3916266502  -4.5930398595
      
      
# 236  norm    -0.2789911060   -0.9602936857    0.0000000000
# nedges  14 
#  type   0  conf  1.0000
   2.2339064645  -0.6490098234  -4.5807304867
   2.5749782980  -0.7481003511  -4.3671396348
      
      
#  type   0  conf  1.0000
   2.5749782980  -0.7481003511  -4.3671396348
   3.1266610590  -0.9083790095  -3.9049629936
      
      
#  type   0  conf  1.0000
   3.1266610590  -0.9083790095  -3.9049629936
   3.1242233028  -0.9076707759  -3.7064281385
      
      
#  type   0  conf  1.0000
   3.1242233028  -0.9076707759  -3.7064281385
   1.2893818880  -0.3746000670  -2.0880767633
      
      
#  type   0  conf  1.0000
   1.2893818880  -0.3746000670  -2.0880767633
   0.7891709897  -0.2292753670  -1.6706627168
      
      
#  type   4  conf  0.0000
#  type   0  conf  1.0000
   0.7300079934  -0.2120869277  -1.6664920310
   0.3850103446  -0.1118558452  -1.8704922594
      
      
#  type   0  conf  1.0000
   0.3850103446  -0.1118558452  -1.8704922594
   0.2364027686  -0.0686813533  -1.9715108581
      
      
#  type   0  conf  1.0000
   0.2364027686  -0.0686813533  -1.9715108581
  -2.3583303767   0.6851583115  -3.7627900108
      
      
#  type   0  conf  1.0000
  -2.3583303767   0.6851583115  -3.7627900108
  -2.3737002058   0.6896236596  -3.8409959395
      
      
#  type   0  conf  1.0000
  -2.3737002058   0.6896236596  -3.8409959395
  -2.3728175696   0.6893672301  -3.9022657283
      
      
#  type   0  conf  1.0000
  -2.3728175696   0.6893672301  -3.9022657283
  -1.9714770598   0.5727670333  -4.3252668966
      
      
#  type   0  conf  1.0000
  -1.9714770598   0.5727670333  -4.3252668966
  -1.9344262495   0.5620027778  -4.3484595657
      
      
#  type   0  conf  1.0000
  -1.9344262495   0.5620027778  -4.3484595657
  -1.3748842979   0.3994408134  -4.5928717630
      
      
# 237  norm    -0.2865245527   -0.9580728995    0.0000000000
# nedges  12 
#  type   0  conf  1.0000
   2.2273364868  -0.6661148551  -4.5784757818
   2.5707908221  -0.7688294814  -4.3664880253
      
      
#  type   0  conf  1.0000
   2.5707908221  -0.7688294814  -4.3664880253
   3.1137604911  -0.9312118446  -3.9032130467
      
      
#  type   0  conf  1.0000
   3.1137604911  -0.9312118446  -3.9032130467
   3.1118570847  -0.9306426054  -3.7075427926
      
      
#  type   0  conf  1.0000
   3.1118570847  -0.9306426054  -3.7075427926
   1.2857819701  -0.3845303464  -2.0905568010
      
      
#  type   0  conf  1.0000
   1.2857819701  -0.3845303464  -2.0905568010
   0.7830864184  -0.2341924982  -1.6706486550
      
      
#  type   0  conf  1.0000
   0.7830864184  -0.2341924982  -1.6706486550
   0.7249082848  -0.2167935469  -1.6661511775
      
      
#  type   0  conf  1.0000
   0.7249082848  -0.2167935469  -1.6661511775
   0.3722714682  -0.1113327764  -1.8774538778
      
      
#  type   0  conf  1.0000
   0.3722714682  -0.1113327764  -1.8774538778
  -2.3501822127   0.7028535174  -3.7711726703
      
      
#  type   0  conf  1.0000
  -2.3501822127   0.7028535174  -3.7711726703
  -2.3568892376   0.7048593432  -3.8933064347
      
      
#  type   0  conf  1.0000
  -2.3568892376   0.7048593432  -3.8933064347
  -1.9817004731   0.5926541102  -4.2926586595
      
      
#  type   0  conf  1.0000
  -1.9817004731   0.5926541102  -4.2926586595
  -1.9319591621   0.5777783039  -4.3395414781
      
      
#  type   0  conf  1.0000
  -1.9319591621   0.5777783039  -4.3395414781
  -1.3620824749   0.4073490359  -4.5929242842
      
      
# 238  norm    -0.2940403252   -0.9557930148   -0.0000000000
# nedges  15 
#  type   0  conf  1.0000
   2.2092677142  -0.6796594944  -4.5834015029
   2.5633941552  -0.7886030128  -4.3673821043
      
      
#  type   0  conf  1.0000
   2.5633941552  -0.7886030128  -4.3673821043
   3.0995363636  -0.9535418928  -3.9036266694
      
      
#  type   0  conf  1.0000
   3.0995363636  -0.9535418928  -3.9036266694
   3.1002120707  -0.9537497674  -3.7105189203
      
      
#  type   0  conf  1.0000
   3.1002120707  -0.9537497674  -3.7105189203
   1.3063943332  -0.4018993743  -2.1142833415
      
      
#  type   0  conf  1.0000
   1.3063943332  -0.4018993743  -2.1142833415
   1.2574535243  -0.3868432156  -2.0723739715
      
      
#  type   0  conf  1.0000
   1.2574535243  -0.3868432156  -2.0723739715
   0.7764788549  -0.2388760867  -1.6703628551
      
      
#  type   4  conf  0.0000
#  type   0  conf  1.0000
   0.7128326091  -0.2192959448  -1.6689243786
   0.3812187460  -0.1172781997  -1.8711488573
      
      
#  type   0  conf  1.0000
   0.3812187460  -0.1172781997  -1.8711488573
   0.3315156352  -0.1019875263  -1.9043088390
      
      
#  type   0  conf  1.0000
   0.3315156352  -0.1019875263  -1.9043088390
  -2.3331462089   0.7177694955  -3.7753727878
      
      
#  type   0  conf  1.0000
  -2.3331462089   0.7177694955  -3.7753727878
  -2.3361239795   0.7186855774  -3.8748142136
      
      
#  type   0  conf  1.0000
  -2.3361239795   0.7186855774  -3.8748142136
  -2.3142839314   0.7119667013  -3.9180169615
      
      
#  type   0  conf  1.0000
  -2.3142839314   0.7119667013  -3.9180169615
  -1.9177935102   0.5899903209  -4.3341186375
      
      
#  type   0  conf  1.0000
  -1.9177935102   0.5899903209  -4.3341186375
  -1.8157085383   0.5585848828  -4.3825333844
      
      
#  type   0  conf  1.0000
  -1.8157085383   0.5585848828  -4.3825333844
  -1.3497566415   0.4152393622  -4.5925582787
      
      
# 239  norm    -0.3015379599   -0.9534541723    0.0000000000
# nedges  13 
#  type   0  conf  1.0000
   2.2049753343  -0.6973421307  -4.5800943748
   2.5583482119  -0.8090992971  -4.3668304484
      
      
#  type   0  conf  1.0000
   2.5583482119  -0.8090992971  -4.3668304484
   3.0887783086  -0.9768523092  -3.9002629172
      
      
#  type   0  conf  1.0000
   3.0887783086  -0.9768523092  -3.9002629172
   3.0855175957  -0.9758210811  -3.7087706000
      
      
#  type   0  conf  1.0000
   3.0855175957  -0.9758210811  -3.7087706000
   1.2752851983  -0.4033197486  -2.0925161694
      
      
#  type   0  conf  1.0000
   1.2752851983  -0.4033197486  -2.0925161694
   0.7703441170  -0.2436278536  -1.6701842220
      
      
#  type   0  conf  1.0000
   0.7703441170  -0.2436278536  -1.6701842220
   0.7104134623  -0.2246742763  -1.6673082508
      
      
#  type   0  conf  1.0000
   0.7104134623  -0.2246742763  -1.6673082508
   0.3804575682  -0.1203229293  -1.8705430807
      
      
#  type   0  conf  1.0000
   0.3804575682  -0.1203229293  -1.8705430807
   0.2934341426  -0.0928010336  -1.9300376470
      
      
#  type   0  conf  1.0000
   0.2934341426  -0.0928010336  -1.9300376470
  -2.3153938255   0.7322629140  -3.7766985196
      
      
#  type   0  conf  1.0000
  -2.3153938255   0.7322629140  -3.7766985196
  -2.3195654797   0.7335822350  -3.8869197865
      
      
#  type   0  conf  1.0000
  -2.3195654797   0.7335822350  -3.8869197865
  -1.9230857900   0.6081921740  -4.3106753924
      
      
#  type   0  conf  1.0000
  -1.9230857900   0.6081921740  -4.3106753924
  -1.8854096351   0.5962767709  -4.3403825140
      
      
#  type   0  conf  1.0000
  -1.8854096351   0.5962767709  -4.3403825140
  -1.3395776297   0.4236527747  -4.5929352710
      
      
# 240  norm    -0.3090169944   -0.9510565163    0.0000000000
# nedges  14 
#  type   0  conf  1.0000
   2.1970275056  -0.7138575097  -4.5789091263
   2.5426437640  -0.8261550394  -4.3721716753
      
      
#  type   0  conf  1.0000
   2.5426437640  -0.8261550394  -4.3721716753
   2.5759433590  -0.8369747337  -4.3457633052
      
      
#  type   0  conf  1.0000
   2.5759433590  -0.8369747337  -4.3457633052
   3.0751740300  -0.9991846117  -3.8978322014
      
      
#  type   0  conf  1.0000
   3.0751740300  -0.9991846117  -3.8978322014
   3.0730164550  -0.9984835731  -3.7108281940
      
      
#  type   0  conf  1.0000
   3.0730164550  -0.9984835731  -3.7108281940
   1.3161933881  -0.4276571558  -2.1351950107
      
      
#  type   0  conf  1.0000
   1.3161933881  -0.4276571558  -2.1351950107
   1.2382189946  -0.4023217396  -2.0671435273
      
      
#  type   0  conf  1.0000
   1.2382189946  -0.4023217396  -2.0671435273
   0.7591019376  -0.2466471710  -1.6666065643
      
      
#  type   0  conf  1.0000
   0.7591019376  -0.2466471710  -1.6666065643
   0.6985017684  -0.2269569824  -1.6707527853
      
      
#  type   0  conf  1.0000
   0.6985017684  -0.2269569824  -1.6707527853
   0.3504454265  -0.1138666215  -1.8883317303
      
      
#  type   0  conf  1.0000
   0.3504454265  -0.1138666215  -1.8883317303
  -2.2973559573   0.7464561998  -3.7772615823
      
      
#  type   0  conf  1.0000
  -2.2973559573   0.7464561998  -3.7772615823
  -2.3006003640   0.7475103714  -3.8838706416
      
      
#  type   0  conf  1.0000
  -2.3006003640   0.7475103714  -3.8838706416
  -1.9169058319   0.6228404606  -4.2953312988
      
      
#  type   0  conf  1.0000
  -1.9169058319   0.6228404606  -4.2953312988
  -1.8681741937   0.6070065915  -4.3380974408
      
      
#  type   0  conf  1.0000
  -1.8681741937   0.6070065915  -4.3380974408
  -1.3288276656   0.4317622814  -4.5929220440
      
      
# 241  norm    -0.3164769672   -0.9486001946   -0.0000000000
# nedges  12 
#  type   0  conf  1.0000
   2.1806765260  -0.7275287284  -4.5823255872
   2.5445873214  -0.8489385547  -4.3671080279
      
      
#  type   0  conf  1.0000
   2.5445873214  -0.8489385547  -4.3671080279
   3.0618822926  -1.0215212134  -3.8973902438
      
      
#  type   0  conf  1.0000
   3.0618822926  -1.0215212134  -3.8973902438
   3.0571086500  -1.0199286057  -3.7092146895
      
      
#  type   0  conf  1.0000
   3.0571086500  -1.0199286057  -3.7092146895
   1.2561422077  -0.4190807450  -2.0877913437
      
      
#  type   0  conf  1.0000
   1.2561422077  -0.4190807450  -2.0877913437
   0.7546796054  -0.2517801642  -1.6678956204
      
      
#  type   0  conf  1.0000
   0.7546796054  -0.2517801642  -1.6678956204
   0.6963801815  -0.2323300049  -1.6689379550
      
      
#  type   0  conf  1.0000
   0.6963801815  -0.2323300049  -1.6689379550
   0.3476325367  -0.1159789883  -1.8890156312
      
      
#  type   0  conf  1.0000
   0.3476325367  -0.1159789883  -1.8890156312
  -2.2796167409   0.7605376813  -3.7768446944
      
      
#  type   0  conf  1.0000
  -2.2796167409   0.7605376813  -3.7768446944
  -2.2835887005   0.7618628273  -3.8834264409
      
      
#  type   0  conf  1.0000
  -2.2835887005   0.7618628273  -3.8834264409
  -1.8698540830   0.6238305164  -4.3211182161
      
      
#  type   0  conf  1.0000
  -1.8698540830   0.6238305164  -4.3211182161
  -1.8327551046   0.6114533608  -4.3461192619
      
      
#  type   0  conf  1.0000
  -1.8327551046   0.6114533608  -4.3461192619
  -1.3185996766   0.4399181330  -4.5919274882
      
      
# 242  norm    -0.3239174182   -0.9460853588    0.0000000000
# nedges  13 
#  type   0  conf  1.0000
   2.1748924443  -0.7446321189  -4.5796175830
   2.5382260013  -0.8690289998  -4.3668020509
      
      
#  type   0  conf  1.0000
   2.5382260013  -0.8690289998  -4.3668020509
   3.0474579106  -1.0433780517  -3.8962806161
      
      
#  type   0  conf  1.0000
   3.0474579106  -1.0433780517  -3.8962806161
   3.0459999273  -1.0428788725  -3.7133404316
      
      
#  type   0  conf  1.0000
   3.0459999273  -1.0428788725  -3.7133404316
   1.2814841914  -0.4387501052  -2.1165092252
      
      
#  type   0  conf  1.0000
   1.2814841914  -0.4387501052  -2.1165092252
   1.2138138919  -0.4155813832  -2.0581438478
      
      
#  type   0  conf  1.0000
   1.2138138919  -0.4155813832  -2.0581438478
   0.7501143530  -0.2568215461  -1.6692978169
      
      
#  type   4  conf  0.0000
#  type   0  conf  1.0000
   0.6900611509  -0.2362607394  -1.6690783779
   0.3437879925  -0.1177049385  -1.8907060788
      
      
#  type   0  conf  1.0000
   0.3437879925  -0.1177049385  -1.8907060788
  -2.2609061271   0.7740811848  -3.7744523684
      
      
#  type   0  conf  1.0000
  -2.2609061271   0.7740811848  -3.7744523684
  -2.2669182523   0.7761395953  -3.8814633286
      
      
#  type   0  conf  1.0000
  -2.2669182523   0.7761395953  -3.8814633286
  -1.8620301908   0.6375154275  -4.3084471514
      
      
#  type   0  conf  1.0000
  -1.8620301908   0.6375154275  -4.3084471514
  -1.8219731222   0.6238008276  -4.3398377197
      
      
#  type   0  conf  1.0000
  -1.8219731222   0.6238008276  -4.3398377197
  -1.3084310792   0.4479760871  -4.5922130248
      
      
# 243  norm    -0.3313378885   -0.9435121640   -0.0000000000
# nedges  14 
#  type   0  conf  1.0000
   2.1564904862  -0.7573055562  -4.5836654078
   2.5224521805  -0.8858221559  -4.3716511565
      
      
#  type   0  conf  1.0000
   2.5224521805  -0.8858221559  -4.3716511565
   2.5535971986  -0.8967595077  -4.3457522432
      
      
#  type   0  conf  1.0000
   2.5535971986  -0.8967595077  -4.3457522432
   3.0336489016  -1.0653416667  -3.8930683869
      
      
#  type   0  conf  1.0000
   3.0336489016  -1.0653416667  -3.8930683869
   3.0306304607  -1.0642816657  -3.7131745765
      
      
#  type   0  conf  1.0000
   3.0306304607  -1.0642816657  -3.7131745765
   1.2416060147  -0.4360209978  -2.0872865844
      
      
#  type   0  conf  1.0000
   1.2416060147  -0.4360209978  -2.0872865844
   0.7412504358  -0.2603086251  -1.6678046470
      
      
#  type   0  conf  1.0000
   0.7412504358  -0.2603086251  -1.6678046470
   0.6865257113  -0.2410906698  -1.6680310231
      
      
#  type   0  conf  1.0000
   0.6865257113  -0.2410906698  -1.6680310231
   0.3765225195  -0.1322252975  -1.8678768185
      
      
#  type   0  conf  1.0000
   0.3765225195  -0.1322252975  -1.8678768185
   0.3275743165  -0.1150359121  -1.9012758293
      
      
#  type   0  conf  1.0000
   0.3275743165  -0.1150359121  -1.9012758293
  -2.2445676346   0.7882360492  -3.7731925676
      
      
#  type   0  conf  1.0000
  -2.2445676346   0.7882360492  -3.7731925676
  -2.2481780698   0.7895039438  -3.8851479100
      
      
#  type   0  conf  1.0000
  -2.2481780698   0.7895039438  -3.8851479100
  -1.8187270576   0.6386914827  -4.3288788075
      
      
#  type   0  conf  1.0000
  -1.8187270576   0.6386914827  -4.3288788075
  -1.6853886548   0.5918663685  -4.3976800244
      
      
#  type   0  conf  1.0000
  -1.6853886548   0.5918663685  -4.3976800244
  -1.2970046597   0.4554756172  -4.5919121700
      
      
# 244  norm    -0.3387379202   -0.9408807690    0.0000000000
# nedges  16 
#  type   0  conf  1.0000
   2.1510580527  -0.7744285516  -4.5802725229
   2.5246365893  -0.9089251006  -4.3658407987
      
      
#  type   0  conf  1.0000
   2.5246365893  -0.9089251006  -4.3658407987
   3.0192628927  -1.0870015274  -3.8920773879
      
      
#  type   0  conf  1.0000
   3.0192628927  -1.0870015274  -3.8920773879
   3.0172906855  -1.0862914891  -3.7380949800
      
      
#  type   0  conf  1.0000
   3.0172906855  -1.0862914891  -3.7380949800
   3.0012044212  -1.0805000776  -3.7014660753
      
      
#  type   0  conf  1.0000
   3.0012044212  -1.0805000776  -3.7014660753
   1.2589212301  -0.4532395318  -2.1095369199
      
      
#  type   0  conf  1.0000
   1.2589212301  -0.4532395318  -2.1095369199
   1.2260244869  -0.4413959755  -2.0807063068
      
      
#  type   0  conf  1.0000
   1.2260244869  -0.4413959755  -2.0807063068
   0.7378718004  -0.2656501943  -1.6700135892
      
      
#  type   4  conf  0.0000
#  type   0  conf  1.0000
   0.6794139950  -0.2446040893  -1.6676179790
   0.3631233737  -0.1307324588  -1.8754739116
      
      
#  type   0  conf  1.0000
   0.3631233737  -0.1307324588  -1.8754739116
  -0.0656264809   0.0236269870  -2.1876467018
      
      
#  type   0  conf  1.0000
  -0.0656264809   0.0236269870  -2.1876467018
  -2.2144501984   0.7972511283  -3.7620713122
      
      
#  type   0  conf  1.0000
  -2.2144501984   0.7972511283  -3.7620713122
  -2.2303602558   0.8029791015  -3.8419113834
      
      
#  type   0  conf  1.0000
  -2.2303602558   0.8029791015  -3.8419113834
  -2.2273852309   0.8019080266  -3.8927268818
      
      
#  type   0  conf  1.0000
  -2.2273852309   0.8019080266  -3.8927268818
  -1.8004067675   0.6481863209  -4.3237267392
      
      
#  type   0  conf  1.0000
  -1.8004067675   0.6481863209  -4.3237267392
  -1.7661666354   0.6358591148  -4.3464785322
      
      
#  type   0  conf  1.0000
  -1.7661666354   0.6358591148  -4.3464785322
  -1.2867633690   0.4632633186  -4.5907474826
      
      
# 245  norm    -0.3461170571   -0.9381913359    0.0000000000
# nedges  14 
#  type   0  conf  1.0000
   2.1415727407  -0.7900678957  -4.5787174773
   2.5165339670  -0.9283983953  -4.3662384622
      
      
#  type   0  conf  1.0000
   2.5165339670  -0.9283983953  -4.3662384622
   3.0048304437  -1.1085404761  -3.8902765613
      
      
#  type   0  conf  1.0000
   3.0048304437  -1.1085404761  -3.8902765613
   3.0015566043  -1.1073326930  -3.7165089042
      
      
#  type   0  conf  1.0000
   3.0015566043  -1.1073326930  -3.7165089042
   1.2322209701  -0.4545903160  -2.0921635140
      
      
#  type   0  conf  1.0000
   1.2322209701  -0.4545903160  -2.0921635140
   0.7281885028  -0.2686429217  -1.6680867023
      
      
#  type   0  conf  1.0000
   0.7281885028  -0.2686429217  -1.6680867023
   0.6738213867  -0.2485858337  -1.6683508922
      
      
#  type   0  conf  1.0000
   0.6738213867  -0.2485858337  -1.6683508922
   0.3772266458  -0.1391662569  -1.8645421952
      
      
#  type   0  conf  1.0000
   0.3772266458  -0.1391662569  -1.8645421952
   0.2912516032  -0.1074483892  -1.9258157427
      
      
#  type   0  conf  1.0000
   0.2912516032  -0.1074483892  -1.9258157427
  -2.1945702719   0.8096197172  -3.7551781686
      
      
#  type   0  conf  1.0000
  -2.1945702719   0.8096197172  -3.7551781686
  -2.2114560179   0.8158491978  -3.8152781098
      
      
#  type   0  conf  1.0000
  -2.2114560179   0.8158491978  -3.8152781098
  -2.2138545786   0.8167340735  -3.8924602873
      
      
#  type   0  conf  1.0000
  -2.2138545786   0.8167340735  -3.8924602873
  -1.7930991489   0.6615092004  -4.3088136643
      
      
#  type   0  conf  1.0000
  -1.7930991489   0.6615092004  -4.3088136643
  -1.7564507757   0.6479889017  -4.3392249762
      
      
#  type   0  conf  1.0000
  -1.7564507757   0.6479889017  -4.3392249762
  -1.2757433977   0.4706465872  -4.5917264374
      
      
# 246  norm    -0.3534748438   -0.9354440308   -0.0000000000
# nedges  15 
#  type   0  conf  1.0000
   2.1270523522  -0.8037461068  -4.5802944442
   2.5081177277  -0.9477387131  -4.3664428328
      
      
#  type   0  conf  1.0000
   2.5081177277  -0.9477387131  -4.3664428328
   2.9881642233  -1.1291331680  -3.8912001414
      
      
#  type   0  conf  1.0000
   2.9881642233  -1.1291331680  -3.8912001414
   2.9888767420  -1.1294024064  -3.7209472593
      
      
#  type   0  conf  1.0000
   2.9888767420  -1.1294024064  -3.7209472593
   1.4273522340  -0.5393514644  -2.2790850317
      
      
#  type   0  conf  1.0000
   1.4273522340  -0.5393514644  -2.2790850317
   1.2211392500  -0.4614300711  -2.0894214259
      
      
#  type   0  conf  1.0000
   1.2211392500  -0.4614300711  -2.0894214259
   0.7264716792  -0.2745107723  -1.6718015249
      
      
#  type   0  conf  1.0000
   0.7264716792  -0.2745107723  -1.6718015249
   0.6696049427  -0.2530226232  -1.6664141396
      
      
#  type   0  conf  1.0000
   0.6696049427  -0.2530226232  -1.6664141396
   0.3631517710  -0.1372236193  -1.8723432322
      
      
#  type   0  conf  1.0000
   0.3631517710  -0.1372236193  -1.8723432322
   0.2306895120  -0.0871703026  -1.9697129663
      
      
#  type   0  conf  1.0000
   0.2306895120  -0.0871703026  -1.9697129663
  -2.1762036712   0.8223188425  -3.7499512625
      
      
#  type   0  conf  1.0000
  -2.1762036712   0.8223188425  -3.7499512625
  -2.1935583576   0.8288766321  -3.8022587409
      
      
#  type   0  conf  1.0000
  -2.1935583576   0.8288766321  -3.8022587409
  -2.1979537016   0.8305374942  -3.8953948162
      
      
#  type   0  conf  1.0000
  -2.1979537016   0.8305374942  -3.8953948162
  -1.7516664215   0.6618995838  -4.3273895438
      
      
#  type   0  conf  1.0000
  -1.7516664215   0.6618995838  -4.3273895438
  -1.6907705187   0.6388889397  -4.3627488979
      
      
#  type   0  conf  1.0000
  -1.6907705187   0.6388889397  -4.3627488979
  -1.2641043715   0.4776652376  -4.5909834772
      
      
# 247  norm    -0.3608108265   -0.9326390231    0.0000000000
# nedges  15 
#  type   0  conf  1.0000
   2.1194778588  -0.8199641437  -4.5778808279
   2.5004255343  -0.9673416844  -4.3658851859
      
      
#  type   0  conf  1.0000
   2.5004255343  -0.9673416844  -4.3658851859
   2.9761087038  -1.1513696237  -3.8883325266
      
      
#  type   0  conf  1.0000
   2.9761087038  -1.1513696237  -3.8883325266
   2.9709138137  -1.1493598723  -3.7185799953
      
      
#  type   0  conf  1.0000
   2.9709138137  -1.1493598723  -3.7185799953
   1.2155315890  -0.4702537063  -2.0905645807
      
      
#  type   0  conf  1.0000
   1.2155315890  -0.4702537063  -2.0905645807
   0.7158861456  -0.2769554624  -1.6687226839
      
      
#  type   0  conf  1.0000
   0.7158861456  -0.2769554624  -1.6687226839
   0.6602695692  -0.2554390317  -1.6684032468
      
      
#  type   0  conf  1.0000
   0.6602695692  -0.2554390317  -1.6684032468
   0.3596514711  -0.1391386606  -1.8736825385
      
      
#  type   0  conf  1.0000
   0.3596514711  -0.1391386606  -1.8736825385
   0.2994077927  -0.1158321392  -1.9179219896
      
      
#  type   0  conf  1.0000
   0.2994077927  -0.1158321392  -1.9179219896
  -2.1473851649   0.8307606662  -3.7368622317
      
      
#  type   0  conf  1.0000
  -2.1473851649   0.8307606662  -3.7368622317
  -2.1778155561   0.8425332966  -3.7903178595
      
      
#  type   0  conf  1.0000
  -2.1778155561   0.8425332966  -3.7903178595
  -2.1793092683   0.8431111703  -3.8808765208
      
      
#  type   0  conf  1.0000
  -2.1793092683   0.8431111703  -3.8808765208
  -2.1618063342   0.8363397958  -3.9200382865
      
      
#  type   0  conf  1.0000
  -2.1618063342   0.8363397958  -3.9200382865
  -1.7501813013   0.6770940805  -4.3078862046
      
      
#  type   0  conf  1.0000
  -1.7501813013   0.6770940805  -4.3078862046
  -1.7197057119   0.6653039642  -4.3350056954
      
      
#  type   0  conf  1.0000
  -1.7197057119   0.6653039642  -4.3350056954
  -1.2540383640   0.4851508540  -4.5922386350
      
      
# 248  norm    -0.3681245527   -0.9297764859    0.0000000000
# nedges  13 
#  type   0  conf  1.0000
   2.1026471602  -0.8324969034  -4.5809589178
   2.4919734519  -0.9866420868  -4.3653408260
      
      
#  type   0  conf  1.0000
   2.4919734519  -0.9866420868  -4.3653408260
   2.9585231876  -1.1713621947  -3.8915811934
      
      
#  type   0  conf  1.0000
   2.9585231876  -1.1713621947  -3.8915811934
   2.9597465071  -1.1718465411  -3.7248599615
      
      
#  type   0  conf  1.0000
   2.9597465071  -1.1718465411  -3.7248599615
   1.2378323058  -0.4900924800  -2.1183996059
      
      
#  type   0  conf  1.0000
   1.2378323058  -0.4900924800  -2.1183996059
   1.1530986387  -0.4565440480  -2.0434847176
      
      
#  type   0  conf  1.0000
   1.1530986387  -0.4565440480  -2.0434847176
   0.7096904776  -0.2809863377  -1.6721321918
      
      
#  type   4  conf  0.0000
#  type   0  conf  1.0000
   0.6319332757  -0.2502000836  -1.6716441674
  -2.1352154482   0.8453916007  -3.7349535113
      
      
#  type   0  conf  1.0000
  -2.1352154482   0.8453916007  -3.7349535113
  -2.1609122541   0.8555656860  -3.7869016052
      
      
#  type   0  conf  1.0000
  -2.1609122541   0.8555656860  -3.7869016052
  -2.1654244257   0.8573521811  -3.8797088555
      
      
#  type   0  conf  1.0000
  -2.1654244257   0.8573521811  -3.8797088555
  -2.1496873226   0.8511214212  -3.9200639502
      
      
#  type   0  conf  1.0000
  -2.1496873226   0.8511214212  -3.9200639502
  -1.6971369037   0.6719440349  -4.3357866396
      
      
#  type   0  conf  1.0000
  -1.6971369037   0.6719440349  -4.3357866396
  -1.2484656445   0.4943025167  -4.5877340423
      
      
# 249  norm    -0.3754155712   -0.9268565956    0.0000000000
# nedges  13 
#  type   0  conf  1.0000
   2.0920865839  -0.8473823067  -4.5797189199
   2.4821879853  -1.0053896415  -4.3660669116
      
      
#  type   0  conf  1.0000
   2.4821879853  -1.0053896415  -4.3660669116
   2.9459569951  -1.1932354297  -3.8899004005
      
      
#  type   0  conf  1.0000
   2.9459569951  -1.1932354297  -3.8899004005
   2.9421027290  -1.1916742912  -3.7241762531
      
      
#  type   0  conf  1.0000
   2.9421027290  -1.1916742912  -3.7241762531
   1.2022346427  -0.4869551636  -2.0927031569
      
      
#  type   0  conf  1.0000
   1.2022346427  -0.4869551636  -2.0927031569
   0.7030187318  -0.2847519023  -1.6691926776
      
      
#  type   4  conf  0.0000
#  type   0  conf  1.0000
   0.6473215953  -0.2621922394  -1.6705578463
   0.4072379118  -0.1649483361  -1.8366405808
      
      
#  type   0  conf  1.0000
   0.4072379118  -0.1649483361  -1.8366405808
  -2.1220264740   0.8595092106  -3.7347527969
      
      
#  type   0  conf  1.0000
  -2.1220264740   0.8595092106  -3.7347527969
  -2.1449103817   0.8687781475  -3.7892950940
      
      
#  type   0  conf  1.0000
  -2.1449103817   0.8687781475  -3.7892950940
  -2.1498493044   0.8707786172  -3.9059715766
      
      
#  type   0  conf  1.0000
  -2.1498493044   0.8707786172  -3.9059715766
  -1.6999112734   0.6885349522  -4.3138896631
      
      
#  type   0  conf  1.0000
  -1.6999112734   0.6885349522  -4.3138896631
  -1.6635360854   0.6738014842  -4.3423934692
      
      
#  type   0  conf  1.0000
  -1.6635360854   0.6738014842  -4.3423934692
  -1.2374625949   0.5012239532  -4.5877048224
      
      
# 250  norm    -0.3826834324   -0.9238795325    0.0000000000
# nedges  15 
#  type   0  conf  1.0000
   2.0770444464  -0.8603399793  -4.5810449413
   2.4728025365  -1.0242683477  -4.3662139785
      
      
#  type   0  conf  1.0000
   2.4728025365  -1.0242683477  -4.3662139785
   2.9300966206  -1.2136857593  -3.8922398074
      
      
#  type   0  conf  1.0000
   2.9300966206  -1.2136857593  -3.8922398074
   2.9289628589  -1.2132161398  -3.7639309718
      
      
#  type   0  conf  1.0000
   2.9289628589  -1.2132161398  -3.7639309718
   2.9125000741  -1.2063970311  -3.7136529346
      
      
#  type   0  conf  1.0000
   2.9125000741  -1.2063970311  -3.7136529346
   1.2398714117  -0.5135715543  -2.1353613604
      
      
#  type   0  conf  1.0000
   1.2398714117  -0.5135715543  -2.1353613604
   1.1688151693  -0.4841390950  -2.0711638154
      
      
#  type   0  conf  1.0000
   1.1688151693  -0.4841390950  -2.0711638154
   0.6979814649  -0.2891133890  -1.6704123073
      
      
#  type   0  conf  1.0000
   0.6979814649  -0.2891133890  -1.6704123073
   0.6544975635  -0.2711017673  -1.6679174158
      
      
#  type   0  conf  1.0000
   0.6544975635  -0.2711017673  -1.6679174158
   0.5450122434  -0.2257514629  -1.7307487467
      
      
#  type   0  conf  1.0000
   0.5450122434  -0.2257514629  -1.7307487467
  -2.1101919915   0.8740701421  -3.7351500770
      
      
#  type   0  conf  1.0000
  -2.1101919915   0.8740701421  -3.7351500770
  -2.1287306572   0.8817491089  -3.7901141856
      
      
#  type   0  conf  1.0000
  -2.1287306572   0.8817491089  -3.7901141856
  -2.1339598960   0.8839151305  -3.9087768032
      
      
#  type   0  conf  1.0000
  -2.1339598960   0.8839151305  -3.9087768032
  -1.6847510860   0.6978467490  -4.3078184756
      
      
#  type   0  conf  1.0000
  -1.6847510860   0.6978467490  -4.3078184756
  -1.6477823908   0.6825338141  -4.3375657307
      
      
#  type   0  conf  1.0000
  -1.6477823908   0.6825338141  -4.3375657307
  -1.2213849783   0.5059142229  -4.5920125971
      
      
# 251  norm    -0.3899276878   -0.9208454801   -0.0000000000
# nedges  14 
#  type   0  conf  1.0000
   2.0671821384  -0.8753385545  -4.5791343826
   2.4623774027  -1.0426821305  -4.3666894355
      
      
#  type   0  conf  1.0000
   2.4623774027  -1.0426821305  -4.3666894355
   2.9151684960  -1.2344143895  -3.8941630726
      
      
#  type   0  conf  1.0000
   2.9151684960  -1.2344143895  -3.8941630726
   2.9114472749  -1.2328386559  -3.7513252715
      
      
#  type   0  conf  1.0000
   2.9114472749  -1.2328386559  -3.7513252715
   2.8922451385  -1.2247076015  -3.7112114654
      
      
#  type   0  conf  1.0000
   2.8922451385  -1.2247076015  -3.7112114654
   1.1902619029  -0.5040108049  -2.0966138494
      
      
#  type   0  conf  1.0000
   1.1902619029  -0.5040108049  -2.0966138494
   0.6918036563  -0.2929410047  -1.6715945929
      
      
#  type   0  conf  1.0000
   0.6918036563  -0.2929410047  -1.6715945929
   0.6525305748  -0.2763110030  -1.6679052950
      
      
#  type   0  conf  1.0000
   0.6525305748  -0.2763110030  -1.6679052950
   0.5731980717  -0.2427180277  -1.7065323770
      
      
#  type   0  conf  1.0000
   0.5731980717  -0.2427180277  -1.7065323770
  -2.0956540054   0.8873948326  -3.7335983687
      
      
#  type   0  conf  1.0000
  -2.0956540054   0.8873948326  -3.7335983687
  -2.1122960160   0.8944418138  -3.7769134463
      
      
#  type   0  conf  1.0000
  -2.1122960160   0.8944418138  -3.7769134463
  -2.1155897242   0.8958365190  -3.9146187966
      
      
#  type   0  conf  1.0000
  -2.1155897242   0.8958365190  -3.9146187966
  -1.6306232616   0.6904797512  -4.3339271017
      
      
#  type   3  conf  0.0000
#  type   0  conf  1.0000
  -1.6102832751   0.6818668796  -4.3458698953
  -1.2084511004   0.5117129351  -4.5934089698
      
      
# 252  norm    -0.3971478906   -0.9177546257    0.0000000000
# nedges  13 
#  type   0  conf  1.0000
   2.0508501086  -0.8874820914  -4.5807651391
   2.4527726772  -1.0614095181  -4.3659959173
      
      
#  type   0  conf  1.0000
   2.4527726772  -1.0614095181  -4.3659959173
   2.8991494026  -1.2545739761  -3.8975400693
      
      
#  type   0  conf  1.0000
   2.8991494026  -1.2545739761  -3.8975400693
   2.8966600143  -1.2534967216  -3.7339613313
      
      
#  type   0  conf  1.0000
   2.8966600143  -1.2534967216  -3.7339613313
   1.2785370713  -0.5532723963  -2.1884439740
      
      
#  type   0  conf  1.0000
   1.2785370713  -0.5532723963  -2.1884439740
   1.1720062731  -0.5071724033  -2.0881088855
      
      
#  type   0  conf  1.0000
   1.1720062731  -0.5071724033  -2.0881088855
   0.6868923342  -0.2972448561  -1.6731759899
      
      
#  type   4  conf  0.0000
#  type   0  conf  1.0000
   0.6228050270  -0.2695118018  -1.6664931646
  -2.0835686776   0.9016406806  -3.7341109322
      
      
#  type   0  conf  1.0000
  -2.0835686776   0.9016406806  -3.7341109322
  -2.0967062067   0.9073257971  -3.8030667282
      
      
#  type   0  conf  1.0000
  -2.0967062067   0.9073257971  -3.8030667282
  -2.1024985462   0.9098323662  -3.9111674349
      
      
#  type   0  conf  1.0000
  -2.1024985462   0.9098323662  -3.9111674349
  -1.6849351265   0.7291365389  -4.2687043752
      
      
#  type   0  conf  1.0000
  -1.6849351265   0.7291365389  -4.2687043752
  -1.6019336877   0.6932186090  -4.3377615970
      
      
#  type   0  conf  1.0000
  -1.6019336877   0.6932186090  -4.3377615970
  -1.1966822613   0.5178506569  -4.5916619564
      
      
# 253  norm    -0.4043435955   -0.9146071598    0.0000000000
# nedges  13 
#  type   0  conf  1.0000
   2.0416530432  -0.9026053683  -4.5787452863
   2.4403463788  -1.0788658481  -4.3671704728
      
      
#  type   0  conf  1.0000
   2.4403463788  -1.0788658481  -4.3671704728
   2.8831126243  -1.2746107575  -3.9021299963
      
      
#  type   0  conf  1.0000
   2.8831126243  -1.2746107575  -3.9021299963
   2.8815508727  -1.2739203144  -3.7375543073
      
      
#  type   0  conf  1.0000
   2.8815508727  -1.2739203144  -3.7375543073
   1.2151814455  -0.5372260972  -2.1362575089
      
      
#  type   0  conf  1.0000
   1.2151814455  -0.5372260972  -2.1362575089
   1.1461479532  -0.5067067095  -2.0729640881
      
      
#  type   0  conf  1.0000
   1.1461479532  -0.5067067095  -2.0729640881
   0.6858460659  -0.3032093739  -1.6789801114
      
      
#  type   4  conf  0.0000
#  type   0  conf  1.0000
   0.6196288585  -0.2739350527  -1.6644737103
  -2.0686953784   0.9145606596  -3.7331292833
      
      
#  type   0  conf  1.0000
  -2.0686953784   0.9145606596  -3.7331292833
  -2.0811737476   0.9200772889  -3.8022231784
      
      
#  type   0  conf  1.0000
  -2.0811737476   0.9200772889  -3.8022231784
  -2.0851631222   0.9218409730  -3.9157256224
      
      
#  type   0  conf  1.0000
  -2.0851631222   0.9218409730  -3.9157256224
  -1.5936080625   0.7045267544  -4.3259575238
      
      
#  type   0  conf  1.0000
  -1.5936080625   0.7045267544  -4.3259575238
  -1.5701442711   0.6941535207  -4.3420539909
      
      
#  type   0  conf  1.0000
  -1.5701442711   0.6941535207  -4.3420539909
  -1.1857730171   0.5242247670  -4.5930158832
      
      
# 254  norm    -0.4115143586   -0.9114032766   -0.0000000000
# nedges  13 
#  type   0  conf  1.0000
   2.0245947924  -0.9141396007  -4.5804475205
   2.4265314380  -1.0956209550  -4.3689136048
      
      
#  type   0  conf  1.0000
   2.4265314380  -1.0956209550  -4.3689136048
   2.8247807694  -1.2754374231  -3.9539305776
      
      
#  type   0  conf  1.0000
   2.8247807694  -1.2754374231  -3.9539305776
   2.8668713494  -1.2944420487  -3.8899513053
      
      
#  type   0  conf  1.0000
   2.8668713494  -1.2944420487  -3.8899513053
   2.8651164038  -1.2936496603  -3.7404329337
      
      
#  type   0  conf  1.0000
   2.8651164038  -1.2936496603  -3.7404329337
   1.1737263471  -0.5299577665  -2.1044804151
      
      
#  type   0  conf  1.0000
   1.1737263471  -0.5299577665  -2.1044804151
   0.6706280183  -0.3028001609  -1.6720419411
      
      
#  type   4  conf  0.0000
#  type   0  conf  1.0000
   0.6083005169  -0.2746582149  -1.6694589770
  -2.0507040246   0.9259283711  -3.7295150035
      
      
#  type   0  conf  1.0000
  -2.0507040246   0.9259283711  -3.7295150035
  -2.0638649027   0.9318707354  -3.7771039950
      
      
#  type   0  conf  1.0000
  -2.0638649027   0.9318707354  -3.7771039950
  -2.0683816688   0.9339101335  -3.9187159383
      
      
#  type   0  conf  1.0000
  -2.0683816688   0.9339101335  -3.9187159383
  -1.5608538283   0.7047525267  -4.3335595993
      
      
#  type   0  conf  1.0000
  -1.5608538283   0.7047525267  -4.3335595993
  -1.5078833911   0.6808354572  -4.3691130365
      
      
#  type   0  conf  1.0000
  -1.5078833911   0.6808354572  -4.3691130365
  -1.1729616428   0.5296124893  -4.5921200364
      
      
# 255  norm    -0.4186597375   -0.9081431738    0.0000000000
# nedges  14 
#  type   0  conf  1.0000
   2.0057956359  -0.9246844536  -4.5834730769
   2.4165443545  -1.1140422065  -4.3686166275
      
      
#  type   0  conf  1.0000
   2.4165443545  -1.1140422065  -4.3686166275
   2.8149246184  -1.2976980237  -3.9515329512
      
      
#  type   0  conf  1.0000
   2.8149246184  -1.2976980237  -3.9515329512
   2.8512361282  -1.3144378590  -3.8905284590
      
      
#  type   0  conf  1.0000
   2.8512361282  -1.3144378590  -3.8905284590
   2.8504071721  -1.3140557050  -3.7439041390
      
      
#  type   0  conf  1.0000
   2.8504071721  -1.3140557050  -3.7439041390
   1.2918732618  -0.5955617311  -2.2271384014
      
      
#  type   0  conf  1.0000
   1.2918732618  -0.5955617311  -2.2271384014
   1.1501050036  -0.5302056689  -2.0909687165
      
      
#  type   0  conf  1.0000
   1.1501050036  -0.5302056689  -2.0909687165
   0.6590287098  -0.3038163966  -1.6682588225
      
      
#  type   4  conf  0.0000
#  type   0  conf  1.0000
   0.5972771607  -0.2753485426  -1.6734293831
  -2.0298941816   0.9357940353  -3.7233706897
      
      
#  type   0  conf  1.0000
  -2.0298941816   0.9357940353  -3.7233706897
  -2.0476639096   0.9439859922  -3.7635289278
      
      
#  type   0  conf  1.0000
  -2.0476639096   0.9439859922  -3.7635289278
  -2.0549141350   0.9473283919  -3.9183624188
      
      
#  type   0  conf  1.0000
  -2.0549141350   0.9473283919  -3.9183624188
  -1.5359036327   0.7080612730  -4.3363469925
      
      
#  type   3  conf  0.0000
#  type   0  conf  1.0000
  -1.5239456031   0.7025485459  -4.3435349636
  -1.1627011955   0.5360125929  -4.5934764152
      
      
# 256  norm    -0.4257792916   -0.9048270525    0.0000000000
# nedges  13 
#  type   0  conf  1.0000
   1.9994995667  -0.9408930764  -4.5794048186
   2.4039243923  -1.1312009537  -4.3695339869
      
      
#  type   0  conf  1.0000
   2.4039243923  -1.1312009537  -4.3695339869
   2.8106588528  -1.3225956628  -3.9420568372
      
      
#  type   0  conf  1.0000
   2.8106588528  -1.3225956628  -3.9420568372
   2.8351842714  -1.3341364488  -3.8885662047
      
      
#  type   0  conf  1.0000
   2.8351842714  -1.3341364488  -3.8885662047
   2.8340520960  -1.3336036875  -3.7456967883
      
      
#  type   0  conf  1.0000
   2.8340520960  -1.3336036875  -3.7456967883
   1.1613029434  -0.5464676848  -2.1084919335
      
      
#  type   0  conf  1.0000
   1.1613029434  -0.5464676848  -2.1084919335
   0.6561511089  -0.3087612749  -1.6714363600
      
      
#  type   4  conf  0.0000
#  type   0  conf  1.0000
   0.5954167785  -0.2801818684  -1.6707262728
  -2.0101758447   0.9459169515  -3.7181608236
      
      
#  type   0  conf  1.0000
  -2.0101758447   0.9459169515  -3.7181608236
  -2.0315903201   0.9559938387  -3.7505409392
      
      
#  type   0  conf  1.0000
  -2.0315903201   0.9559938387  -3.7505409392
  -2.0400394974   0.9599697197  -3.9192430798
      
      
#  type   0  conf  1.0000
  -2.0400394974   0.9599697197  -3.9192430798
  -1.5181328409   0.7143790891  -4.3327167139
      
      
#  type   3  conf  0.0000
#  type   0  conf  1.0000
  -1.5065374950   0.7089227335  -4.3407027951
  -1.1511672698   0.5416981989  -4.5927597891
      
      
# 257  norm    -0.4328725815   -0.9014551171    0.0000000000
# nedges  13 
#  type   0  conf  1.0000
   1.9788966869  -0.9502526539  -4.5829290815
   2.3938034925  -1.1494880641  -4.3686732948
      
      
#  type   0  conf  1.0000
   2.3938034925  -1.1494880641  -4.3686732948
   2.7969644739  -1.3430832099  -3.9430638017
      
      
#  type   0  conf  1.0000
   2.7969644739  -1.3430832099  -3.9430638017
   2.8192148486  -1.3537676876  -3.8883040343
      
      
#  type   0  conf  1.0000
   2.8192148486  -1.3537676876  -3.8883040343
   2.8182771935  -1.3533174320  -3.7473589016
      
      
#  type   0  conf  1.0000
   2.8182771935  -1.3533174320  -3.7473589016
   1.1529922173  -0.5536589766  -2.1088371720
      
      
#  type   0  conf  1.0000
   1.1529922173  -0.5536589766  -2.1088371720
   0.6511158186  -0.3126613626  -1.6736315808
      
      
#  type   4  conf  0.0000
#  type   0  conf  1.0000
   0.5912175812  -0.2838986387  -1.6688712383
  -2.0048069592   0.9626945895  -3.7252183464
      
      
#  type   0  conf  1.0000
  -2.0048069592   0.9626945895  -3.7252183464
  -2.0173675081   0.9687260791  -3.7641865162
      
      
#  type   0  conf  1.0000
  -2.0173675081   0.9687260791  -3.7641865162
  -2.0238771664   0.9718519725  -3.9214044118
      
      
#  type   0  conf  1.0000
  -2.0238771664   0.9718519725  -3.9214044118
  -1.6311514726   0.7832677805  -4.2283804741
      
      
#  type   0  conf  1.0000
  -1.6311514726   0.7832677805  -4.2283804741
  -1.4910313923   0.7159830763  -4.3368539360
      
      
#  type   0  conf  1.0000
  -1.4910313923   0.7159830763  -4.3368539360
  -1.1406292803   0.5477223788  -4.5935412122
      
      
# 258  norm    -0.4399391699   -0.8980275758    0.0000000000
# nedges  11 
#  type   0  conf  1.0000
   1.9721340998  -0.9661385264  -4.5789380952
   2.3812833842  -1.1665786926  -4.3692555325
      
      
#  type   0  conf  1.0000
   2.3812833842  -1.1665786926  -4.3692555325
   2.7842660613  -1.3639978690  -3.9427650035
      
      
#  type   0  conf  1.0000
   2.7842660613  -1.3639978690  -3.9427650035
   2.8025832987  -1.3729713910  -3.8913006279
      
      
#  type   0  conf  1.0000
   2.8025832987  -1.3729713910  -3.8913006279
   2.8015064354  -1.3724438411  -3.7471407675
      
      
#  type   0  conf  1.0000
   2.8015064354  -1.3724438411  -3.7471407675
   1.1399004275  -0.5584314573  -2.1049884973
      
      
#  type   0  conf  1.0000
   1.1399004275  -0.5584314573  -2.1049884973
   0.6481654642  -0.3175329844  -1.6775417967
      
      
#  type   4  conf  0.0000
#  type   0  conf  1.0000
   0.5870847034  -0.2876098285  -1.6661394925
  -1.9885739198   0.9741923111  -3.7236490799
      
      
#  type   0  conf  1.0000
  -1.9885739198   0.9741923111  -3.7236490799
  -2.0018871428   0.9807143918  -3.7642049573
      
      
#  type   0  conf  1.0000
  -2.0018871428   0.9807143918  -3.7642049573
  -2.0093608856   0.9843757406  -3.9240785454
      
      
#  type   0  conf  1.0000
  -2.0093608856   0.9843757406  -3.9240785454
  -1.1306819463   0.5539153699  -4.5973249711
      
      
# 259  norm    -0.4469786207   -0.8945446398    0.0000000000
# nedges  14 
#  type   0  conf  1.0000
   1.9592965711  -0.9790050042  -4.5782940811
   2.3690374432  -1.1837409130  -4.3691326558
      
      
#  type   0  conf  1.0000
   2.3690374432  -1.1837409130  -4.3691326558
   2.7715468082  -1.3848634426  -3.9416516704
      
      
#  type   0  conf  1.0000
   2.7715468082  -1.3848634426  -3.9416516704
   2.7860424042  -1.3921064813  -3.8894359388
      
      
#  type   0  conf  1.0000
   2.7860424042  -1.3921064813  -3.8894359388
   2.7857735432  -1.3919721391  -3.7484362417
      
      
#  type   0  conf  1.0000
   2.7857735432  -1.3919721391  -3.7484362417
   1.2232167168  -0.6112067487  -2.1967468797
      
      
#  type   0  conf  1.0000
   1.2232167168  -0.6112067487  -2.1967468797
   1.1201939947  -0.5597292123  -2.0963049582
      
      
#  type   0  conf  1.0000
   1.1201939947  -0.5597292123  -2.0963049582
   0.6348686034  -0.3172258599  -1.6721688503
      
      
#  type   4  conf  0.0000
#  type   0  conf  1.0000
   0.5747793969  -0.2872009854  -1.6708644449
  -1.9748060668   0.9867546599  -3.7237147954
      
      
#  type   0  conf  1.0000
  -1.9748060668   0.9867546599  -3.7237147954
  -1.9864077484   0.9925516916  -3.7509953112
      
      
#  type   0  conf  1.0000
  -1.9864077484   0.9925516916  -3.7509953112
  -1.9937742933   0.9962325454  -3.9208487811
      
      
#  type   0  conf  1.0000
  -1.9937742933   0.9962325454  -3.9208487811
  -1.5140604880   0.7565331437  -4.2960064853
      
      
#  type   0  conf  1.0000
  -1.5140604880   0.7565331437  -4.2960064853
  -1.3758300058   0.6874632868  -4.4025902952
      
      
#  type   0  conf  1.0000
  -1.3758300058   0.6874632868  -4.4025902952
  -1.1171874484   0.5582269263  -4.5939897781
      
      
# 260  norm    -0.4539904997   -0.8910065242    0.0000000000
# nedges  13 
#  type   0  conf  1.0000
   1.9443880112  -0.9907151754  -4.5782267700
   2.3552691379  -1.2000695662  -4.3700112643
      
      
#  type   0  conf  1.0000
   2.3552691379  -1.2000695662  -4.3700112643
   2.7498288310  -1.4011077711  -3.9512690354
      
      
#  type   0  conf  1.0000
   2.7498288310  -1.4011077711  -3.9512690354
   2.7690734449  -1.4109133917  -3.8988598470
      
      
#  type   0  conf  1.0000
   2.7690734449  -1.4109133917  -3.8988598470
   2.7678323511  -1.4102810228  -3.7457066874
      
      
#  type   0  conf  1.0000
   2.7678323511  -1.4102810228  -3.7457066874
   1.1183352819  -0.5698202872  -2.1023825979
      
      
#  type   0  conf  1.0000
   1.1183352819  -0.5698202872  -2.1023825979
   0.6316106186  -0.3218216844  -1.6764117779
      
      
#  type   4  conf  0.0000
#  type   0  conf  1.0000
   0.5712793081  -0.2910813462  -1.6667498204
  -1.9576729193   0.9974841742  -3.7222171797
      
      
#  type   0  conf  1.0000
  -1.9576729193   0.9974841742  -3.7222171797
  -1.9714791932   1.0045188221  -3.7511771399
      
      
#  type   0  conf  1.0000
  -1.9714791932   1.0045188221  -3.7511771399
  -1.9773231469   1.0074964652  -3.9205019601
      
      
#  type   0  conf  1.0000
  -1.9773231469   1.0074964652  -3.9205019601
  -1.4391058829   0.7332610719  -4.3487673745
      
      
#  type   0  conf  1.0000
  -1.4391058829   0.7332610719  -4.3487673745
  -1.3813798064   0.7038481668  -4.3920777087
      
      
#  type   0  conf  1.0000
  -1.3813798064   0.7038481668  -4.3920777087
  -1.1057806929   0.5634234046  -4.5937523742
      
      
# 261  norm    -0.4609743745   -0.8874134471   -0.0000000000
# nedges  15 
#  type   0  conf  1.0000
   1.9261294825  -1.0005441504  -4.5797738368
   2.3267019077  -1.2086248638  -4.3781497902
      
      
#  type   0  conf  1.0000
   2.3267019077  -1.2086248638  -4.3781497902
   2.3547172886  -1.2231776890  -4.3582272409
      
      
#  type   0  conf  1.0000
   2.3547172886  -1.2231776890  -4.3582272409
   2.7281469490  -1.4171588651  -3.9573707613
      
      
#  type   0  conf  1.0000
   2.7281469490  -1.4171588651  -3.9573707613
   2.7514020583  -1.4292389271  -3.9059342956
      
      
#  type   0  conf  1.0000
   2.7514020583  -1.4292389271  -3.9059342956
   2.7519320825  -1.4295142526  -3.7447289496
      
      
#  type   0  conf  1.0000
   2.7519320825  -1.4295142526  -3.7447289496
   1.1053627688  -0.5741899818  -2.0991956863
      
      
#  type   0  conf  1.0000
   1.1053627688  -0.5741899818  -2.0991956863
   0.6184865041  -0.3212780135  -1.6713172382
      
      
#  type   4  conf  0.0000
#  type   0  conf  1.0000
   0.5579855170  -0.2898502672  -1.6712872167
  -1.9443948721   1.0100322606  -3.7233823570
      
      
#  type   0  conf  1.0000
  -1.9443948721   1.0100322606  -3.7233823570
  -1.9558082285   1.0159610245  -3.7512580504
      
      
#  type   0  conf  1.0000
  -1.9558082285   1.0159610245  -3.7512580504
  -1.9625721951   1.0194746238  -3.8934911069
      
      
#  type   0  conf  1.0000
  -1.9625721951   1.0194746238  -3.8934911069
  -1.9504352982   1.0131700107  -3.9270437799
      
      
#  type   0  conf  1.0000
  -1.9504352982   1.0131700107  -3.9270437799
  -1.4333290804   0.7445548392  -4.3496762014
      
      
#  type   0  conf  1.0000
  -1.4333290804   0.7445548392  -4.3496762014
  -1.4043197712   0.7294857096  -4.3709740409
      
      
#  type   0  conf  1.0000
  -1.4043197712   0.7294857096  -4.3709740409
  -1.0952968251   0.5689611427  -4.5943353637
      
      
# 262  norm    -0.4679298143   -0.8837656301    0.0000000000
# nedges  14 
#  type   0  conf  1.0000
   1.9054266602  -1.0088714845  -4.5824366793
   2.3296596859  -1.2334913092  -4.3701250855
      
      
#  type   0  conf  1.0000
   2.3296596859  -1.2334913092  -4.3701250855
   2.7204351528  -1.4403962684  -3.9521315772
      
      
#  type   0  conf  1.0000
   2.7204351528  -1.4403962684  -3.9521315772
   2.7347516657  -1.4479764718  -3.9014445288
      
      
#  type   0  conf  1.0000
   2.7347516657  -1.4479764718  -3.9014445288
   2.7348715006  -1.4480399211  -3.7429080306
      
      
#  type   0  conf  1.0000
   2.7348715006  -1.4480399211  -3.7429080306
   1.1186018937  -0.5922692154  -2.1221701889
      
      
#  type   0  conf  1.0000
   1.1186018937  -0.5922692154  -2.1221701889
   1.0638213743  -0.5632644234  -2.0712548100
      
      
#  type   0  conf  1.0000
   1.0638213743  -0.5632644234  -2.0712548100
   0.6097684294  -0.3228557642  -1.6701744832
      
      
#  type   0  conf  1.0000
   0.6097684294  -0.3228557642  -1.6701744832
   0.5690803929  -0.3013125579  -1.6682330770
      
      
#  type   0  conf  1.0000
   0.5690803929  -0.3013125579  -1.6682330770
   0.5043041954  -0.2670153267  -1.7077368939
      
      
#  type   0  conf  1.0000
   0.5043041954  -0.2670153267  -1.7077368939
  -1.9409441098   1.0276770061  -3.7335641712
      
      
#  type   0  conf  1.0000
  -1.9409441098   1.0276770061  -3.7335641712
  -1.9478808505   1.0313498212  -3.9153956167
      
      
#  type   0  conf  1.0000
  -1.9478808505   1.0313498212  -3.9153956167
  -1.4614791463   0.7738133756  -4.3226384389
      
      
#  type   0  conf  1.0000
  -1.4614791463   0.7738133756  -4.3226384389
  -1.4045369555   0.7436640375  -4.3686890776
      
      
#  type   0  conf  1.0000
  -1.4045369555   0.7436640375  -4.3686890776
  -1.0848350206   0.5743905764  -4.5929884363
      
      
# 263  norm    -0.4748563899   -0.8800632983    0.0000000000
# nedges  14 
#  type   0  conf  1.0000
   1.8983691064  -1.0243043907  -4.5788030836
   2.3072972439  -1.2449500413  -4.3749397964
      
      
#  type   0  conf  1.0000
   2.3072972439  -1.2449500413  -4.3749397964
   2.3301107076  -1.2572595184  -4.3565718142
      
      
#  type   0  conf  1.0000
   2.3301107076  -1.2572595184  -4.3565718142
   2.6996034780  -1.4566269996  -3.9581332113
      
      
#  type   0  conf  1.0000
   2.6996034780  -1.4566269996  -3.9581332113
   2.7174192203  -1.4662398525  -3.9164618153
      
      
#  type   0  conf  1.0000
   2.7174192203  -1.4662398525  -3.9164618153
   2.7187182325  -1.4669407615  -3.7407947671
      
      
#  type   0  conf  1.0000
   2.7187182325  -1.4669407615  -3.7407947671
   1.0897453112  -0.5879946651  -2.1027707024
      
      
#  type   0  conf  1.0000
   1.0897453112  -0.5879946651  -2.1027707024
   0.9985656651  -0.5387967976  -2.0199952582
      
      
#  type   0  conf  1.0000
   0.9985656651  -0.5387967976  -2.0199952582
   0.6007390962  -0.3241412283  -1.6717353584
      
      
#  type   4  conf  0.0000
#  type   0  conf  1.0000
   0.5411184178  -0.2919716558  -1.6709222897
  -1.9256005790   1.0389976960  -3.7328886344
      
      
#  type   0  conf  1.0000
  -1.9256005790   1.0389976960  -3.7328886344
  -1.9336652247   1.0433491427  -3.9137585658
      
      
#  type   0  conf  1.0000
  -1.9336652247   1.0433491427  -3.9137585658
  -1.4100765778   0.7608360381  -4.3624393161
      
      
#  type   3  conf  0.0000
#  type   0  conf  1.0000
  -1.3755818425   0.7422236889  -4.3859907874
  -1.0746700864   0.5798605152  -4.5927559979
      
      
# 264  norm    -0.4817536741   -0.8763066800    0.0000000000
# nedges  13 
#  type   0  conf  1.0000
   1.8791664070  -1.0330804745  -4.5807941756
   2.3039982631  -1.2666337638  -4.3696738391
      
      
#  type   0  conf  1.0000
   2.3039982631  -1.2666337638  -4.3696738391
   2.6898486539  -1.4787568112  -3.9538125631
      
      
#  type   0  conf  1.0000
   2.6898486539  -1.4787568112  -3.9538125631
   2.7010795883  -1.4849310696  -3.9035766827
      
      
#  type   0  conf  1.0000
   2.7010795883  -1.4849310696  -3.9035766827
   2.7008757319  -1.4848189986  -3.7379605879
      
      
#  type   0  conf  1.0000
   2.7008757319  -1.4848189986  -3.7379605879
   1.0849901901  -0.5964784046  -2.1078623490
      
      
#  type   0  conf  1.0000
   1.0849901901  -0.5964784046  -2.1078623490
   1.0282290121  -0.5652736829  -2.0557130370
      
      
#  type   0  conf  1.0000
   1.0282290121  -0.5652736829  -2.0557130370
   0.5947225706  -0.3269515000  -1.6698557513
      
      
#  type   4  conf  0.0000
#  type   0  conf  1.0000
   0.5357647179  -0.2945391461  -1.6680157039
  -1.9123546413   1.0513258607  -3.7346108172
      
      
#  type   0  conf  1.0000
  -1.9123546413   1.0513258607  -3.7346108172
  -1.9186563558   1.0547902576  -3.9114215227
      
      
#  type   0  conf  1.0000
  -1.9186563558   1.0547902576  -3.9114215227
  -1.4157424292   0.7783109868  -4.3546664100
      
      
#  type   0  conf  1.0000
  -1.4157424292   0.7783109868  -4.3546664100
  -1.3929857021   0.7658003702  -4.3724555676
      
      
#  type   0  conf  1.0000
  -1.3929857021   0.7658003702  -4.3724555676
  -1.0625597254   0.5841471523  -4.5915594139
      
      
# 265  norm    -0.4886212415   -0.8724960071   -0.0000000000
# nedges  15 
#  type   0  conf  1.0000
   1.8675892222  -1.0459002184  -4.5790905332
   2.2892105371  -1.2820195000  -4.3703141954
      
      
#  type   0  conf  1.0000
   2.2892105371  -1.2820195000  -4.3703141954
   2.6678626643  -1.4940748801  -3.9619548232
      
      
#  type   0  conf  1.0000
   2.6678626643  -1.4940748801  -3.9619548232
   2.6843998581  -1.5033361537  -3.9124291597
      
      
#  type   0  conf  1.0000
   2.6843998581  -1.5033361537  -3.9124291597
   2.6837675379  -1.5029820373  -3.7361634738
      
      
#  type   0  conf  1.0000
   2.6837675379  -1.5029820373  -3.7361634738
   1.0915800037  -0.6113141748  -2.1242357218
      
      
#  type   0  conf  1.0000
   1.0915800037  -0.6113141748  -2.1242357218
   1.0368905869  -0.5806866298  -2.0705208887
      
      
#  type   0  conf  1.0000
   1.0368905869  -0.5806866298  -2.0705208887
   0.5843687999  -0.3272622524  -1.6705979502
      
      
#  type   4  conf  0.0000
#  type   0  conf  1.0000
   0.5366851138  -0.3005581051  -1.6693497639
   0.0895080181  -0.0501268987  -2.0382807197
      
      
#  type   3  conf  0.0000
#  type   0  conf  1.0000
   0.0644855568  -0.0361136470  -2.0585869264
  -1.8994334453   1.0637338402  -3.7393423436
      
      
#  type   0  conf  1.0000
  -1.8994334453   1.0637338402  -3.7393423436
  -1.9023593669   1.0653724351  -3.9114635108
      
      
#  type   0  conf  1.0000
  -1.9023593669   1.0653724351  -3.9114635108
  -1.4093245396   0.7892596649  -4.3566198061
      
      
#  type   0  conf  1.0000
  -1.4093245396   0.7892596649  -4.3566198061
  -1.3908447412   0.7789104806  -4.3708855617
      
      
#  type   0  conf  1.0000
  -1.3908447412   0.7789104806  -4.3708855617
  -1.0521963484   0.5892582681  -4.5926047064
      
      
# 266  norm    -0.4954586684   -0.8686315144    0.0000000000
# nedges  15 
#  type   0  conf  1.0000
   1.8516004988  -1.0561342783  -4.5789708132
   2.2764810934  -1.2984818908  -4.3698866639
      
      
#  type   0  conf  1.0000
   2.2764810934  -1.2984818908  -4.3698866639
   2.6643271352  -1.5197053673  -3.9482576460
      
      
#  type   0  conf  1.0000
   2.6643271352  -1.5197053673  -3.9482576460
   2.6666360719  -1.5210223615  -3.7341610553
      
      
#  type   0  conf  1.0000
   2.6666360719  -1.5210223615  -3.7341610553
   1.0863969886  -0.6196699019  -2.1291831576
      
      
#  type   0  conf  1.0000
   1.0863969886  -0.6196699019  -2.1291831576
   1.0082997832  -0.5751240424  -2.0535365197
      
      
#  type   0  conf  1.0000
   1.0082997832  -0.5751240424  -2.0535365197
   0.5758241107  -0.3284442740  -1.6689979119
      
      
#  type   4  conf  0.0000
#  type   0  conf  1.0000
   0.5295573061  -0.3020541546  -1.6698306512
   0.0903481597  -0.0515336804  -2.0333365499
      
      
#  type   0  conf  1.0000
   0.0903481597  -0.0515336804  -2.0333365499
   0.0594670971  -0.0339194334  -2.0589344896
      
      
#  type   0  conf  1.0000
   0.0594670971  -0.0339194334  -2.0589344896
  -1.8675447192   1.0652287010  -3.7254798574
      
      
#  type   0  conf  1.0000
  -1.8675447192   1.0652287010  -3.7254798574
  -1.8854594838   1.0754471024  -3.7747628005
      
      
#  type   0  conf  1.0000
  -1.8854594838   1.0754471024  -3.7747628005
  -1.8898840103   1.0779708077  -3.9055448814
      
      
#  type   0  conf  1.0000
  -1.8898840103   1.0779708077  -3.9055448814
  -1.4030253253   0.8002715166  -4.3595640569
      
      
#  type   0  conf  1.0000
  -1.4030253253   0.8002715166  -4.3595640569
  -1.3692540986   0.7810087490  -4.3830551160
      
      
#  type   0  conf  1.0000
  -1.3692540986   0.7810087490  -4.3830551160
  -1.0409883082   0.5937692479  -4.5912952330
      
      
# 267  norm    -0.5022655331   -0.8647134405    0.0000000000
# nedges  16 
#  type   0  conf  1.0000
   1.8311789243  -1.0636333560  -4.5813626188
   2.2562446819  -1.3105311945  -4.3728193472
      
      
#  type   0  conf  1.0000
   2.2562446819  -1.3105311945  -4.3728193472
   2.2736858020  -1.3206618031  -4.3588222449
      
      
#  type   0  conf  1.0000
   2.2736858020  -1.3206618031  -4.3588222449
   2.6490337970  -1.5386812671  -3.9450965082
      
      
#  type   0  conf  1.0000
   2.6490337970  -1.5386812671  -3.9450965082
   2.6485385328  -1.5383935948  -3.7326676062
      
      
#  type   0  conf  1.0000
   2.6485385328  -1.5383935948  -3.7326676062
   1.0700247985  -0.6215198593  -2.1225852640
      
      
#  type   0  conf  1.0000
   1.0700247985  -0.6215198593  -2.1225852640
   1.0168560886  -0.5906370151  -2.0709108437
      
      
#  type   0  conf  1.0000
   1.0168560886  -0.5906370151  -2.0709108437
   0.5689272893  -0.3304592654  -1.6677388450
      
      
#  type   0  conf  1.0000
   0.5689272893  -0.3304592654  -1.6677388450
   0.5226509565  -0.3035798324  -1.6693027463
      
      
#  type   0  conf  1.0000
   0.5226509565  -0.3035798324  -1.6693027463
   0.0552302466  -0.0320802799  -2.0584473999
      
      
#  type   0  conf  1.0000
   0.0552302466  -0.0320802799  -2.0584473999
   0.0396630670  -0.0230381425  -2.0717274845
      
      
#  type   0  conf  1.0000
   0.0396630670  -0.0230381425  -2.0717274845
  -1.8691697031   1.0857001562  -3.7416908876
      
      
#  type   0  conf  1.0000
  -1.8691697031   1.0857001562  -3.7416908876
  -1.8747511146   1.0889420980  -3.8803570912
      
      
#  type   0  conf  1.0000
  -1.8747511146   1.0889420980  -3.8803570912
  -1.8577657875   1.0790762350  -3.9197326864
      
      
#  type   0  conf  1.0000
  -1.8577657875   1.0790762350  -3.9197326864
  -1.3998679280   0.8131079942  -4.3587970580
      
      
#  type   0  conf  1.0000
  -1.3998679280   0.8131079942  -4.3587970580
  -1.3744214218   0.7983274873  -4.3762597817
      
      
#  type   0  conf  1.0000
  -1.3744214218   0.7983274873  -4.3762597817
  -1.0303465105   0.5984728757  -4.5924863703
      
      
# 268  norm    -0.5090414158   -0.8607420270   -0.0000000000
# nedges  13 
#  type   0  conf  1.0000
   1.8117625039  -1.0714733579  -4.5825956899
   2.2466289416  -1.3286526523  -4.3705333404
      
      
#  type   0  conf  1.0000
   2.2466289416  -1.3286526523  -4.3705333404
   2.6302846480  -1.5555460046  -3.9502826146
      
      
#  type   0  conf  1.0000
   2.6302846480  -1.5555460046  -3.9502826146
   2.6302472313  -1.5555238764  -3.7302427369
      
      
#  type   0  conf  1.0000
   2.6302472313  -1.5555238764  -3.7302427369
   1.0344755121  -0.6117871124  -2.0968084236
      
      
#  type   0  conf  1.0000
   1.0344755121  -0.6117871124  -2.0968084236
   0.9344034600  -0.5526046658  -2.0049030999
      
      
#  type   0  conf  1.0000
   0.9344034600  -0.5526046658  -2.0049030999
   0.5616579787  -0.3321636027  -1.6700916561
      
      
#  type   4  conf  0.0000
#  type   0  conf  1.0000
   0.5111404833  -0.3022876392  -1.6727663435
   0.0587533437  -0.0347466306  -2.0513226590
      
      
#  type   0  conf  1.0000
   0.0587533437  -0.0347466306  -2.0513226590
  -1.8538251754   1.0963491525  -3.7417105381
      
      
#  type   0  conf  1.0000
  -1.8538251754   1.0963491525  -3.7417105381
  -1.8619568539   1.1011582138  -3.8987674964
      
      
#  type   0  conf  1.0000
  -1.8619568539   1.1011582138  -3.8987674964
  -1.4102373263   0.8340120298  -4.3446332249
      
      
#  type   0  conf  1.0000
  -1.4102373263   0.8340120298  -4.3446332249
  -1.3782914851   0.8151193120  -4.3713538780
      
      
#  type   0  conf  1.0000
  -1.3782914851   0.8151193120  -4.3713538780
  -1.0191325390   0.6027133034  -4.5921007353
      
      
# 269  norm    -0.5157858983   -0.8567175189    0.0000000000
# nedges  14 
#  type   0  conf  1.0000
   1.8035869325  -1.0858476518  -4.5786838288
   2.2335631799  -1.3447144079  -4.3697904037
      
      
#  type   0  conf  1.0000
   2.2335631799  -1.3447144079  -4.3697904037
   2.6138384119  -1.5736587190  -3.9494476347
      
      
#  type   0  conf  1.0000
   2.6138384119  -1.5736587190  -3.9494476347
   2.6117441030  -1.5723978424  -3.7283596302
      
      
#  type   0  conf  1.0000
   2.6117441030  -1.5723978424  -3.7283596302
   1.0870791598  -0.6544748865  -2.1611422102
      
      
#  type   0  conf  1.0000
   1.0870791598  -0.6544748865  -2.1611422102
   0.9942621117  -0.5985944785  -2.0676824297
      
      
#  type   0  conf  1.0000
   0.9942621117  -0.5985944785  -2.0676824297
   0.5531407833  -0.3330178378  -1.6693047043
      
      
#  type   4  conf  0.0000
#  type   0  conf  1.0000
   0.5062197484  -0.3047690772  -1.6710475746
   0.0653513491  -0.0393447123  -2.0417649478
      
      
#  type   0  conf  1.0000
   0.0653513491  -0.0393447123  -2.0417649478
  -0.0893275859   0.0537795809  -2.1791042681
      
      
#  type   0  conf  1.0000
  -0.0893275859   0.0537795809  -2.1791042681
  -1.8405579819   1.1081060339  -3.7456483813
      
      
#  type   0  conf  1.0000
  -1.8405579819   1.1081060339  -3.7456483813
  -1.8468586195   1.1118993263  -3.8970528977
      
      
#  type   0  conf  1.0000
  -1.8468586195   1.1118993263  -3.8970528977
  -1.4040541259   0.8453093378  -4.3465799209
      
      
#  type   0  conf  1.0000
  -1.4040541259   0.8453093378  -4.3465799209
  -1.3740911588   0.8272701644  -4.3711296644
      
      
#  type   0  conf  1.0000
  -1.3740911588   0.8272701644  -4.3711296644
  -1.0078722837   0.6067884685  -4.5921367468
      
      
# 270  norm    -0.5224985647   -0.8526401644    0.0000000000
# nedges  15 
#  type   0  conf  1.0000
   1.7841190625  -1.0933095677  -4.5803491420
   2.2183352171  -1.3593975694  -4.3698265182
      
      
#  type   0  conf  1.0000
   2.2183352171  -1.3593975694  -4.3698265182
   2.5950753803  -1.5902642383  -3.9523729096
      
      
#  type   0  conf  1.0000
   2.5950753803  -1.5902642383  -3.9523729096
   2.5936673353  -1.5894013872  -3.7268473211
      
      
#  type   0  conf  1.0000
   2.5936673353  -1.5894013872  -3.7268473211
   1.0775704563  -0.6603360249  -2.1623360952
      
      
#  type   0  conf  1.0000
   1.0775704563  -0.6603360249  -2.1623360952
   0.9877349010  -0.6052847258  -2.0706665204
      
      
#  type   0  conf  1.0000
   0.9877349010  -0.6052847258  -2.0706665204
   0.5494418827  -0.3366984187  -1.6736876239
      
      
#  type   4  conf  0.0000
#  type   0  conf  1.0000
   0.5030774916  -0.3082862833  -1.6670932056
   0.1015895399  -0.0622541501  -2.0071736712
      
      
#  type   0  conf  1.0000
   0.1015895399  -0.0622541501  -2.0071736712
   0.0261958561  -0.0160528413  -2.0718363165
      
      
#  type   0  conf  1.0000
   0.0261958561  -0.0160528413  -2.0718363165
  -1.8129250010   1.1109618694  -3.7355733492
      
      
#  type   0  conf  1.0000
  -1.8129250010   1.1109618694  -3.7355733492
  -1.8290835709   1.1208638538  -3.7898146494
      
      
#  type   0  conf  1.0000
  -1.8290835709   1.1208638538  -3.7898146494
  -1.8326906900   1.1230742992  -3.8954150923
      
      
#  type   0  conf  1.0000
  -1.8326906900   1.1230742992  -3.8954150923
  -1.4136447100   0.8662825924  -4.3323608469
      
      
#  type   0  conf  1.0000
  -1.4136447100   0.8662825924  -4.3323608469
  -1.3773986663   0.8440709883  -4.3660250689
      
      
#  type   0  conf  1.0000
  -1.3773986663   0.8440709883  -4.3660250689
  -0.9971348038   0.6110449937  -4.5925645892
      
      
# 271  norm    -0.5291790010   -0.8485102150   -0.0000000000
# nedges  15 
#  type   0  conf  1.0000
   1.7637485808  -1.0999734540  -4.5824628792
   2.2016348434  -1.3730641145  -4.3711473340
      
      
#  type   0  conf  1.0000
   2.2016348434  -1.3730641145  -4.3711473340
   2.5772573375  -1.6073235643  -3.9544566524
      
      
#  type   0  conf  1.0000
   2.5772573375  -1.6073235643  -3.9544566524
   2.5771740876  -1.6072716450  -3.7273105791
      
      
#  type   0  conf  1.0000
   2.5771740876  -1.6072716450  -3.7273105791
   1.0170177299  -0.6342698258  -2.1098304024
      
      
#  type   0  conf  1.0000
   1.0170177299  -0.6342698258  -2.1098304024
   0.9771097812  -0.6093809700  -2.0712241158
      
      
#  type   0  conf  1.0000
   0.9771097812  -0.6093809700  -2.0712241158
   0.5420739857  -0.3380680222  -1.6703547889
      
      
#  type   4  conf  0.0000
#  type   0  conf  1.0000
   0.4943288836  -0.3082914739  -1.6683263429
   0.0664589319  -0.0414475519  -2.0333808595
      
      
#  type   0  conf  1.0000
   0.0664589319  -0.0414475519  -2.0333808595
   0.0211907898  -0.0132157760  -2.0728300518
      
      
#  type   0  conf  1.0000
   0.0211907898  -0.0132157760  -2.0728300518
  -1.7970412921   1.1207366734  -3.7359295493
      
      
#  type   0  conf  1.0000
  -1.7970412921   1.1207366734  -3.7359295493
  -1.8149559847   1.1319092898  -3.7898124834
      
      
#  type   0  conf  1.0000
  -1.8149559847   1.1319092898  -3.7898124834
  -1.8197223731   1.1348818794  -3.8957523117
      
      
#  type   0  conf  1.0000
  -1.8197223731   1.1348818794  -3.8957523117
  -1.3825346395   0.8622268612  -4.3587398945
      
      
#  type   0  conf  1.0000
  -1.3825346395   0.8622268612  -4.3587398945
  -1.3437642664   0.8380474619  -4.3842505544
      
      
#  type   0  conf  1.0000
  -1.3437642664   0.8380474619  -4.3842505544
  -0.9861567248   0.6150231561  -4.5904991923
      
      
# 272  norm    -0.5358267950   -0.8443279255    0.0000000000
# nedges  14 
#  type   0  conf  1.0000
   1.7551619559  -1.1138596475  -4.5784444389
   2.1857726004  -1.3871334723  -4.3715811210
      
      
#  type   0  conf  1.0000
   2.1857726004  -1.3871334723  -4.3715811210
   2.5600212579  -1.6246388924  -3.9544661583
      
      
#  type   0  conf  1.0000
   2.5600212579  -1.6246388924  -3.9544661583
   2.5569854212  -1.6227122919  -3.7239957915
      
      
#  type   0  conf  1.0000
   2.5569854212  -1.6227122919  -3.7239957915
   0.9861793822  -0.6258484668  -2.0886868380
      
      
#  type   0  conf  1.0000
   0.9861793822  -0.6258484668  -2.0886868380
   0.5337462807  -0.3387256897  -1.6703502531
      
      
#  type   4  conf  0.0000
#  type   0  conf  1.0000
   0.4882649537  -0.3098623619  -1.6671235642
   0.1082321442  -0.0686862073  -1.9936438060
      
      
#  type   0  conf  1.0000
   0.1082321442  -0.0686862073  -1.9936438060
   0.0178296851  -0.0113150622  -2.0721326320
      
      
#  type   0  conf  1.0000
   0.0178296851  -0.0113150622  -2.0721326320
  -1.7791688021   1.1290948554  -3.7346106948
      
      
#  type   0  conf  1.0000
  -1.7791688021   1.1290948554  -3.7346106948
  -1.8008906996   1.1428799907  -3.7800149496
      
      
#  type   0  conf  1.0000
  -1.8008906996   1.1428799907  -3.7800149496
  -1.8056955979   1.1459292719  -3.8970272622
      
      
#  type   0  conf  1.0000
  -1.8056955979   1.1459292719  -3.8970272622
  -1.3967858554   0.8864272584  -4.3391806350
      
      
#  type   0  conf  1.0000
  -1.3967858554   0.8864272584  -4.3391806350
  -1.3639512113   0.8655897596  -4.3683430198
      
      
#  type   0  conf  1.0000
  -1.3639512113   0.8655897596  -4.3683430198
  -0.9762664661   0.6195575389  -4.5917475632
      
      
# 273  norm    -0.5424415367   -0.8400935539    0.0000000000
# nedges  13 
#  type   0  conf  1.0000
   1.7377979158  -1.1220819009  -4.5787172494
   2.1696699815  -1.4009381614  -4.3719515632
      
      
#  type   0  conf  1.0000
   2.1696699815  -1.4009381614  -4.3719515632
   2.5426303090  -1.6417555945  -3.9547569730
      
      
#  type   0  conf  1.0000
   2.5426303090  -1.6417555945  -3.9547569730
   2.5390181581  -1.6394232582  -3.7234122457
      
      
#  type   0  conf  1.0000
   2.5390181581  -1.6394232582  -3.7234122457
   0.9760844690  -0.6302497583  -2.0887599191
      
      
#  type   0  conf  1.0000
   0.9760844690  -0.6302497583  -2.0887599191
   0.5260876109  -0.3396904675  -1.6700164150
      
      
#  type   0  conf  1.0000
   0.5260876109  -0.3396904675  -1.6700164150
   0.4797163659  -0.3097489339  -1.6683193133
      
      
#  type   0  conf  1.0000
   0.4797163659  -0.3097489339  -1.6683193133
   0.0317263759  -0.0204854614  -2.0555841544
      
      
#  type   0  conf  1.0000
   0.0317263759  -0.0204854614  -2.0555841544
  -1.7641040643   1.1390675658  -3.7362948479
      
      
#  type   0  conf  1.0000
  -1.7641040643   1.1390675658  -3.7362948479
  -1.7882066189   1.1546303881  -3.7897454483
      
      
#  type   0  conf  1.0000
  -1.7882066189   1.1546303881  -3.7897454483
  -1.7914214127   1.1567061542  -3.9020004568
      
      
#  type   0  conf  1.0000
  -1.7914214127   1.1567061542  -3.9020004568
  -1.3842361966   0.8937899905  -4.3463605676
      
      
#  type   0  conf  1.0000
  -1.3842361966   0.8937899905  -4.3463605676
  -1.3572100153   0.8763394063  -4.3690081397
      
      
#  type   0  conf  1.0000
  -1.3572100153   0.8763394063  -4.3690081397
  -0.9659260757   0.6236905668  -4.5918830257
      
      
# 274  norm    -0.5490228180   -0.8358073614    0.0000000000
# nedges  15 
#  type   0  conf  1.0000
   1.7156893875  -1.1269972794  -4.5813445301
   2.1546943081  -1.4153696123  -4.3715853453
      
      
#  type   0  conf  1.0000
   2.1546943081  -1.4153696123  -4.3715853453
   2.5234271505  -1.6575818176  -3.9564023455
      
      
#  type   0  conf  1.0000
   2.5234271505  -1.6575818176  -3.9564023455
   2.5211931994  -1.6561143859  -3.7234962242
      
      
#  type   0  conf  1.0000
   2.5211931994  -1.6561143859  -3.7234962242
   0.9699044116  -0.6371081159  -2.0929063177
      
      
#  type   0  conf  1.0000
   0.9699044116  -0.6371081159  -2.0929063177
   0.8948165092  -0.5877845831  -2.0211799878
      
      
#  type   0  conf  1.0000
   0.8948165092  -0.5877845831  -2.0211799878
   0.5166559532  -0.3393795275  -1.6717541645
      
      
#  type   4  conf  0.0000
#  type   0  conf  1.0000
   0.4722248230  -0.3101937301  -1.6684603826
   0.0273601741  -0.0179722751  -2.0555579844
      
      
#  type   0  conf  1.0000
   0.0273601741  -0.0179722751  -2.0555579844
  -1.7705443189   1.1630302344  -3.7579951645
      
      
#  type   0  conf  1.0000
  -1.7705443189   1.1630302344  -3.7579951645
  -1.7786342173   1.1683443043  -3.8803233709
      
      
#  type   0  conf  1.0000
  -1.7786342173   1.1683443043  -3.8803233709
  -1.7525621979   1.1512181886  -3.9336445961
      
      
#  type   0  conf  1.0000
  -1.7525621979   1.1512181886  -3.9336445961
  -1.3827751090   0.9083134728  -4.3419577902
      
      
#  type   0  conf  1.0000
  -1.3827751090   0.9083134728  -4.3419577902
  -1.3500232899   0.8867995488  -4.3706420416
      
      
#  type   3  conf  0.0000
#  type   3  conf  0.0000
# 275  norm    -0.5555702330   -0.8314696123    0.0000000000
# nedges  15 
#  type   0  conf  1.0000
   1.6969107296  -1.1338395000  -4.5819901588
   2.1390476621  -1.4292659533  -4.3715274539
      
      
#  type   0  conf  1.0000
   2.1390476621  -1.4292659533  -4.3715274539
   2.5059743009  -1.6744384951  -3.9549094185
      
      
#  type   0  conf  1.0000
   2.5059743009  -1.6744384951  -3.9549094185
   2.5021201656  -1.6718632442  -3.7226477572
      
      
#  type   0  conf  1.0000
   2.5021201656  -1.6718632442  -3.7226477572
   1.0240956637  -0.6842788457  -2.1613584259
      
      
#  type   0  conf  1.0000
   1.0240956637  -0.6842788457  -2.1613584259
   0.9327424783  -0.6232385987  -2.0662720584
      
      
#  type   0  conf  1.0000
   0.9327424783  -0.6232385987  -2.0662720584
   0.5045329234  -0.3371181216  -1.6672705074
      
      
#  type   0  conf  1.0000
   0.5045329234  -0.3371181216  -1.6672705074
   0.4596339008  -0.3071175538  -1.6731702807
      
      
#  type   0  conf  1.0000
   0.4596339008  -0.3071175538  -1.6731702807
   0.0313236932  -0.0209298226  -2.0481695538
      
      
#  type   0  conf  1.0000
   0.0313236932  -0.0209298226  -2.0481695538
  -0.0009394803   0.0006277407  -2.0779049337
      
      
#  type   0  conf  1.0000
  -0.0009394803   0.0006277407  -2.0779049337
  -1.7415209068   1.1636470674  -3.7479687448
      
      
#  type   0  conf  1.0000
  -1.7415209068   1.1636470674  -3.7479687448
  -1.7618954015   1.1772608695  -3.8027548716
      
      
#  type   0  conf  1.0000
  -1.7618954015   1.1772608695  -3.8027548716
  -1.7651722804   1.1794504100  -3.8868914073
      
      
#  type   0  conf  1.0000
  -1.7651722804   1.1794504100  -3.8868914073
  -1.7438901915   1.1652301728  -3.9369890057
      
      
#  type   0  conf  1.0000
  -1.7438901915   1.1652301728  -3.9369890057
  -1.3551249373   0.9054655348  -4.3650948502
      
      
#  type   0  conf  1.0000
  -1.3551249373   0.9054655348  -4.3650948502
  -0.9568625333   0.6393551042  -4.5833231125
      
      
# 276  norm    -0.5620833779   -0.8270805743    0.0000000000
# nedges  14 
#  type   0  conf  1.0000
   1.6863969334  -1.1460741725  -4.5788444635
   2.1213728242  -1.4416834826  -4.3725921164
      
      
#  type   0  conf  1.0000
   2.1213728242  -1.4416834826  -4.3725921164
   2.4865472072  -1.6898557370  -3.9567898930
      
      
#  type   0  conf  1.0000
   2.4865472072  -1.6898557370  -3.9567898930
   2.4833002391  -1.6876490998  -3.7222737225
      
      
#  type   0  conf  1.0000
   2.4833002391  -1.6876490998  -3.7222737225
   0.9398738784  -0.6387376282  -2.0837114626
      
      
#  type   0  conf  1.0000
   0.9398738784  -0.6387376282  -2.0837114626
   0.4998687525  -0.3397104534  -1.6679808211
      
      
#  type   0  conf  1.0000
   0.4998687525  -0.3397104534  -1.6679808211
   0.4560883861  -0.3099573471  -1.6691022111
      
      
#  type   0  conf  1.0000
   0.4560883861  -0.3099573471  -1.6691022111
   0.0206861021  -0.0140582604  -2.0540275535
      
      
#  type   0  conf  1.0000
   0.0206861021  -0.0140582604  -2.0540275535
  -0.0432574379   0.0293977244  -2.1147074663
      
      
#  type   0  conf  1.0000
  -0.0432574379   0.0293977244  -2.1147074663
  -1.7462943879   1.1867804405  -3.7700096187
      
      
#  type   0  conf  1.0000
  -1.7462943879   1.1867804405  -3.7700096187
  -1.7519686579   1.1906366704  -3.8789039340
      
      
#  type   0  conf  1.0000
  -1.7519686579   1.1906366704  -3.8789039340
  -1.7460828945   1.1866367097  -3.9063052081
      
      
#  type   0  conf  1.0000
  -1.7460828945   1.1866367097  -3.9063052081
  -1.7206032364   1.1693207519  -3.9526062240
      
      
#  type   0  conf  1.0000
  -1.7206032364   1.1693207519  -3.9526062240
  -1.3492779616   0.9169683558  -4.3658276535
      
      
#  type   0  conf  1.0000
  -1.3492779616   0.9169683558  -4.3658276535
  -0.9422750857   0.6403694870  -4.5843088075
      
      
# 277  norm    -0.5685618507   -0.8226405180   -0.0000000000
# nedges  15 
#  type   0  conf  1.0000
   1.6681238579  -1.1529113472  -4.5796746733
   2.1062629713  -1.4557279235  -4.3715954967
      
      
#  type   0  conf  1.0000
   2.1062629713  -1.4557279235  -4.3715954967
   2.4686410112  -1.7061827996  -3.9555822260
      
      
#  type   0  conf  1.0000
   2.4686410112  -1.7061827996  -3.9555822260
   2.4644052892  -1.7032553120  -3.7221386941
      
      
#  type   0  conf  1.0000
   2.4644052892  -1.7032553120  -3.7221386941
   0.9416419142  -0.6508087770  -2.0966888919
      
      
#  type   0  conf  1.0000
   0.9416419142  -0.6508087770  -2.0966888919
   0.8487451347  -0.5866038616  -2.0067649351
      
      
#  type   0  conf  1.0000
   0.8487451347  -0.5866038616  -2.0067649351
   0.4900304488  -0.3386808852  -1.6684403700
      
      
#  type   4  conf  0.0000
#  type   0  conf  1.0000
   0.4442322452  -0.3070277988  -1.6733245293
   0.0047069907  -0.0032532015  -2.0638612573
      
      
#  type   0  conf  1.0000
   0.0047069907  -0.0032532015  -2.0638612573
  -1.7316469181   1.1968148359  -3.7727583879
      
      
#  type   0  conf  1.0000
  -1.7316469181   1.1968148359  -3.7727583879
  -1.7383829053   1.2014703632  -3.8601867186
      
      
#  type   0  conf  1.0000
  -1.7383829053   1.2014703632  -3.8601867186
  -1.7349599430   1.1991046083  -3.9093521986
      
      
#  type   0  conf  1.0000
  -1.7349599430   1.1991046083  -3.9093521986
  -1.7049930881   1.1783932403  -3.9642842337
      
      
#  type   0  conf  1.0000
  -1.7049930881   1.1783932403  -3.9642842337
  -1.3480788848   0.9317146541  -4.3589199954
      
      
#  type   0  conf  1.0000
  -1.3480788848   0.9317146541  -4.3589199954
  -1.3318850479   0.9205224046  -4.3714594498
      
      
#  type   0  conf  1.0000
  -1.3318850479   0.9205224046  -4.3714594498
  -0.9225873245   0.6376393396  -4.5899292508
      
      
# 278  norm    -0.5750052520   -0.8181497174    0.0000000000
# nedges  15 
#  type   0  conf  1.0000
   1.6483023035  -1.1584462615  -4.5810191718
   2.0898868851  -1.4687971034  -4.3713727792
      
      
#  type   0  conf  1.0000
   2.0898868851  -1.4687971034  -4.3713727792
   2.4486772733  -1.7209592117  -3.9568364412
      
      
#  type   0  conf  1.0000
   2.4486772733  -1.7209592117  -3.9568364412
   2.4458602152  -1.7189793501  -3.7226425971
      
      
#  type   0  conf  1.0000
   2.4458602152  -1.7189793501  -3.7226425971
   0.9198577885  -0.6464868816  -2.0851066967
      
      
#  type   0  conf  1.0000
   0.9198577885  -0.6464868816  -2.0851066967
   0.4837383017  -0.3399769727  -1.6677376666
      
      
#  type   0  conf  1.0000
   0.4837383017  -0.3399769727  -1.6677376666
   0.4412576837  -0.3101210942  -1.6688408237
      
      
#  type   0  conf  1.0000
   0.4412576837  -0.3101210942  -1.6688408237
   0.0209154574  -0.0146996296  -2.0457930312
      
      
#  type   0  conf  1.0000
   0.0209154574  -0.0146996296  -2.0457930312
  -0.0465759410   0.0327341196  -2.1100302674
      
      
#  type   0  conf  1.0000
  -0.0465759410   0.0327341196  -2.1100302674
  -1.7142586101   1.2048011301  -3.7730503604
      
      
#  type   0  conf  1.0000
  -1.7142586101   1.2048011301  -3.7730503604
  -1.7232258268   1.2111033956  -3.8196818874
      
      
#  type   0  conf  1.0000
  -1.7232258268   1.2111033956  -3.8196818874
  -1.7259474722   1.2130162000  -3.9003694760
      
      
#  type   0  conf  1.0000
  -1.7259474722   1.2130162000  -3.9003694760
  -1.6985300790   1.1937469333  -3.9628662297
      
      
#  type   0  conf  1.0000
  -1.6985300790   1.1937469333  -3.9628662297
  -1.3417794260   0.9430183750  -4.3589493028
      
      
#  type   0  conf  1.0000
  -1.3417794260   0.9430183750  -4.3589493028
  -1.3261960075   0.9320661651  -4.3716783620
      
      
#  type   0  conf  1.0000
  -1.3261960075   0.9320661651  -4.3716783620
  -0.9086048549   0.6385781874  -4.5910100738
      
      
# 279  norm    -0.5814131843   -0.8136084495    0.0000000000
# nedges  14 
#  type   0  conf  1.0000
   1.6287396752  -1.1639145606  -4.5827523904
   2.0720680915  -1.4807217254  -4.3726970900
      
      
#  type   0  conf  1.0000
   2.0720680915  -1.4807217254  -4.3726970900
   2.4302747245  -1.7366999657  -3.9567726867
      
      
#  type   0  conf  1.0000
   2.4302747245  -1.7366999657  -3.9567726867
   2.4285840536  -1.7354917944  -3.7245754435
      
      
#  type   0  conf  1.0000
   2.4285840536  -1.7354917944  -3.7245754435
   0.9966127036  -0.7121899556  -2.1785262019
      
      
#  type   0  conf  1.0000
   0.9966127036  -0.7121899556  -2.1785262019
   0.8918908276  -0.6373545979  -2.0667292192
      
      
#  type   0  conf  1.0000
   0.8918908276  -0.6373545979  -2.0667292192
   0.4729666830  -0.3379869830  -1.6666228683
      
      
#  type   0  conf  1.0000
   0.4729666830  -0.3379869830  -1.6666228683
   0.4284769192  -0.3061941283  -1.6742929033
      
      
#  type   0  conf  1.0000
   0.4284769192  -0.3061941283  -1.6742929033
  -0.0140852814   0.0100654907  -2.0740697958
      
      
#  type   0  conf  1.0000
  -0.0140852814   0.0100654907  -2.0740697958
  -1.7084645203   1.2208867763  -3.7823361887
      
      
#  type   0  conf  1.0000
  -1.7084645203   1.2208867763  -3.7823361887
  -1.7131305687   1.2242211837  -3.8890849957
      
      
#  type   0  conf  1.0000
  -1.7131305687   1.2242211837  -3.8890849957
  -1.7038176401   1.2175660666  -3.9448413323
      
      
#  type   0  conf  1.0000
  -1.7038176401   1.2175660666  -3.9448413323
  -1.3484563417   0.9636211326  -4.3457540991
      
      
#  type   0  conf  1.0000
  -1.3484563417   0.9636211326  -4.3457540991
  -1.3202019330   0.9434302339  -4.3721748162
      
      
#  type   0  conf  1.0000
  -1.3202019330   0.9434302339  -4.3721748162
  -0.8964858642   0.6406382595  -4.5906775547
      
      
# 280  norm    -0.5877852523   -0.8090169944    0.0000000000
# nedges  14 
#  type   0  conf  1.0000
   1.6097811343  -1.1695744548  -4.5839047111
   2.0558315475  -1.4936490497  -4.3719715312
      
      
#  type   0  conf  1.0000
   2.0558315475  -1.4936490497  -4.3719715312
   2.4108548163  -1.7515885529  -3.9570419167
      
      
#  type   0  conf  1.0000
   2.4108548163  -1.7515885529  -3.9570419167
   2.4084676066  -1.7498541435  -3.7236341381
      
      
#  type   0  conf  1.0000
   2.4084676066  -1.7498541435  -3.7236341381
   0.8965001292  -0.6513454702  -2.0821871416
      
      
#  type   0  conf  1.0000
   0.8965001292  -0.6513454702  -2.0821871416
   0.4701101064  -0.3415549851  -1.6697767413
      
      
#  type   4  conf  0.0000
#  type   0  conf  1.0000
   0.4260018073  -0.3095084300  -1.6709865621
  -0.0008038300   0.0005840167  -2.0579118376
      
      
#  type   0  conf  1.0000
  -0.0008038300   0.0005840167  -2.0579118376
  -0.2311935720   0.1679719622  -2.2911374549
      
      
#  type   0  conf  1.0000
  -0.2311935720   0.1679719622  -2.2911374549
  -1.6960857639   1.2322784386  -3.7844295967
      
      
#  type   0  conf  1.0000
  -1.6960857639   1.2322784386  -3.7844295967
  -1.7011791723   1.2359790164  -3.9056283376
      
      
#  type   0  conf  1.0000
  -1.7011791723   1.2359790164  -3.9056283376
  -1.6800524937   1.2206295860  -3.9650333191
      
      
#  type   0  conf  1.0000
  -1.6800524937   1.2206295860  -3.9650333191
  -1.3282634539   0.9650398877  -4.3599326751
      
      
#  type   0  conf  1.0000
  -1.3282634539   0.9650398877  -4.3599326751
  -1.3066426255   0.9493314363  -4.3761633872
      
      
#  type   0  conf  1.0000
  -1.3066426255   0.9493314363  -4.3761633872
  -0.8850804005   0.6430485517  -4.5912859661
      
      
# 281  norm    -0.5941210629   -0.8043756353    0.0000000000
# nedges  14 
#  type   0  conf  1.0000
   1.5897601235  -1.1742150469  -4.5858062104
   2.0387430032  -1.5058389475  -4.3722387201
      
      
#  type   0  conf  1.0000
   2.0387430032  -1.5058389475  -4.3722387201
   2.3927004098  -1.7672759447  -3.9556882663
      
      
#  type   0  conf  1.0000
   2.3927004098  -1.7672759447  -3.9556882663
   2.3887496173  -1.7643578441  -3.7230711366
      
      
#  type   0  conf  1.0000
   2.3887496173  -1.7643578441  -3.7230711366
   0.8988827752  -0.6639251196  -2.0963985136
      
      
#  type   0  conf  1.0000
   0.8988827752  -0.6639251196  -2.0963985136
   0.8402723182  -0.6206347643  -2.0369066864
      
      
#  type   0  conf  1.0000
   0.8402723182  -0.6206347643  -2.0369066864
   0.4658647044  -0.3440930098  -1.6747878568
      
      
#  type   4  conf  0.0000
#  type   0  conf  1.0000
   0.4226021744  -0.3121388094  -1.6665211763
  -0.0206111524   0.0152236334  -2.0728706734
      
      
#  type   0  conf  1.0000
  -0.0206111524   0.0152236334  -2.0728706734
  -1.6840525342   1.2438605021  -3.7850092255
      
      
#  type   0  conf  1.0000
  -1.6840525342   1.2438605021  -3.7850092255
  -1.6882840393   1.2469859403  -3.9017929292
      
      
#  type   0  conf  1.0000
  -1.6882840393   1.2469859403  -3.9017929292
  -1.6791194677   1.2402168827  -3.9549185886
      
      
#  type   0  conf  1.0000
  -1.6791194677   1.2402168827  -3.9549185886
  -1.3229950635   0.9771793163  -4.3589442692
      
      
#  type   0  conf  1.0000
  -1.3229950635   0.9771793163  -4.3589442692
  -1.2994422032   0.9597829038  -4.3769063949
      
      
#  type   0  conf  1.0000
  -1.2994422032   0.9597829038  -4.3769063949
  -0.8736162104   0.6452629453  -4.5913156976
      
      
# 282  norm    -0.6004202253   -0.7996846585    0.0000000000
# nedges  15 
#  type   0  conf  1.0000
   1.5807757649  -1.1868800168  -4.5825776455
   2.0214086087  -1.5177165142  -4.3721557252
      
      
#  type   0  conf  1.0000
   2.0214086087  -1.5177165142  -4.3721557252
   2.3724046708  -1.7812518121  -3.9566023724
      
      
#  type   0  conf  1.0000
   2.3724046708  -1.7812518121  -3.9566023724
   2.3703327870  -1.7796961977  -3.7245445590
      
      
#  type   0  conf  1.0000
   2.3703327870  -1.7796961977  -3.7245445590
   0.8969433664  -0.6734441288  -2.1060102542
      
      
#  type   0  conf  1.0000
   0.8969433664  -0.6734441288  -2.1060102542
   0.8455471005  -0.6348547208  -2.0524259847
      
      
#  type   0  conf  1.0000
   0.8455471005  -0.6348547208  -2.0524259847
   0.4533681015  -0.3403983993  -1.6696318006
      
      
#  type   4  conf  0.0000
#  type   0  conf  1.0000
   0.4106122686  -0.3082964118  -1.6707508535
  -0.0112248719   0.0084278722  -2.0609194528
      
      
#  type   0  conf  1.0000
  -0.0112248719   0.0084278722  -2.0609194528
  -0.1448534643   0.1087590574  -2.1982909192
      
      
#  type   0  conf  1.0000
  -0.1448534643   0.1087590574  -2.1982909192
  -1.6726065469   1.2558285183  -3.7849755595
      
      
#  type   0  conf  1.0000
  -1.6726065469   1.2558285183  -3.7849755595
  -1.6762564315   1.2585689292  -3.9152687851
      
      
#  type   0  conf  1.0000
  -1.6762564315   1.2585689292  -3.9152687851
  -1.6614477674   1.2474502697  -3.9659992426
      
      
#  type   0  conf  1.0000
  -1.6614477674   1.2474502697  -3.9659992426
  -1.3162816618   0.9882922269  -4.3588184072
      
      
#  type   0  conf  1.0000
  -1.3162816618   0.9882922269  -4.3588184072
  -1.2916226576   0.9697777228  -4.3776437676
      
      
#  type   0  conf  1.0000
  -1.2916226576   0.9697777228  -4.3776437676
  -0.8626884975   0.6477248457  -4.5923686763
      
      
# 283  norm    -0.6066823510   -0.7949443534    0.0000000000
# nedges  14 
#  type   0  conf  1.0000
   1.5712619033  -1.1991491750  -4.5796526963
   2.0025194205  -1.5282745072  -4.3730555856
      
      
#  type   0  conf  1.0000
   2.0025194205  -1.5282745072  -4.3730555856
   2.3528400616  -1.7956307684  -3.9561585577
      
      
#  type   0  conf  1.0000
   2.3528400616  -1.7956307684  -3.9561585577
   2.3501842098  -1.7936038864  -3.7247317300
      
      
#  type   0  conf  1.0000
   2.3501842098  -1.7936038864  -3.7247317300
   0.9221847427  -0.7037891462  -2.1460939674
      
      
#  type   0  conf  1.0000
   0.9221847427  -0.7037891462  -2.1460939674
   0.8511280026  -0.6495603565  -2.0682411770
      
      
#  type   0  conf  1.0000
   0.8511280026  -0.6495603565  -2.0682411770
   0.4444946799  -0.3392276154  -1.6692529244
      
      
#  type   4  conf  0.0000
#  type   0  conf  1.0000
   0.4056419623  -0.3095761587  -1.6681458471
  -0.0186561119   0.0142378945  -2.0636891744
      
      
#  type   0  conf  1.0000
  -0.0186561119   0.0142378945  -2.0636891744
  -1.6591194858   1.2661999622  -3.7811533737
      
      
#  type   0  conf  1.0000
  -1.6591194858   1.2661999622  -3.7811533737
  -1.6640658452   1.2699749044  -3.9144707617
      
      
#  type   0  conf  1.0000
  -1.6640658452   1.2699749044  -3.9144707617
  -1.6549794462   1.2630403839  -3.9631976249
      
      
#  type   0  conf  1.0000
  -1.6549794462   1.2630403839  -3.9631976249
  -1.3049174033   0.9958814787  -4.3630524000
      
      
#  type   0  conf  1.0000
  -1.3049174033   0.9958814787  -4.3630524000
  -1.2738902744   0.9722023224  -4.3838132598
      
      
#  type   0  conf  1.0000
  -1.2738902744   0.9722023224  -4.3838132598
  -0.8527244082   0.6507786948  -4.5924642753
      
      
# 284  norm    -0.6129070537   -0.7901550124    0.0000000000
# nedges  12 
#  type   0  conf  1.0000
   1.5522688144  -1.2040631150  -4.5813477560
   1.9857629401  -1.5403156265  -4.3723673605
      
      
#  type   0  conf  1.0000
   1.9857629401  -1.5403156265  -4.3723673605
   2.3329925331  -1.8096545074  -3.9545222203
      
      
#  type   0  conf  1.0000
   2.3329925331  -1.8096545074  -3.9545222203
   2.3315434935  -1.8085305171  -3.7268017507
      
      
#  type   0  conf  1.0000
   2.3315434935  -1.8085305171  -3.7268017507
   0.8542377469  -0.6626147178  -2.0832451738
      
      
#  type   0  conf  1.0000
   0.8542377469  -0.6626147178  -2.0832451738
   0.4407282692  -0.3418638884  -1.6707688626
      
      
#  type   0  conf  1.0000
   0.4407282692  -0.3418638884  -1.6707688626
   0.3981443805  -0.3088324384  -1.6677164592
      
      
#  type   0  conf  1.0000
   0.3981443805  -0.3088324384  -1.6677164592
  -0.0200416522   0.0155458990  -2.0613585428
      
      
#  type   0  conf  1.0000
  -0.0200416522   0.0155458990  -2.0613585428
  -1.6480832517   1.2783844108  -3.7796771705
      
      
#  type   0  conf  1.0000
  -1.6480832517   1.2783844108  -3.7796771705
  -1.6506503825   1.2803756816  -3.9568439145
      
      
#  type   0  conf  1.0000
  -1.6506503825   1.2803756816  -3.9568439145
  -1.3168872534   1.0214824608  -4.3422760717
      
      
#  type   0  conf  1.0000
  -1.3168872534   1.0214824608  -4.3422760717
  -1.2863821965   0.9978203132  -4.3735649900
      
      
#  type   0  conf  1.0000
  -1.2863821965   0.9978203132  -4.3735649900
  -0.8449318099   0.6553962932  -4.5931347864
      
      
# 285  norm    -0.6190939493   -0.7853169309   -0.0000000000
# nedges  12 
#  type   0  conf  1.0000
   1.5408230255  -1.2146869303  -4.5797671586
   1.9670271493  -1.5506791696  -4.3727777851
      
      
#  type   0  conf  1.0000
   1.9670271493  -1.5506791696  -4.3727777851
   2.3136354230  -1.8239231003  -3.9539582216
      
      
#  type   0  conf  1.0000
   2.3136354230  -1.8239231003  -3.9539582216
   2.3120746328  -1.8226926725  -3.7282425015
      
      
#  type   0  conf  1.0000
   2.3120746328  -1.8226926725  -3.7282425015
   0.8563268026  -0.6750736184  -2.0976451963
      
      
#  type   0  conf  1.0000
   0.8563268026  -0.6750736184  -2.0976451963
   0.8020728890  -0.6323032816  -2.0407371322
      
      
#  type   0  conf  1.0000
   0.8020728890  -0.6323032816  -2.0407371322
   0.4280817736  -0.3374724591  -1.6684598858
      
      
#  type   4  conf  0.0000
#  type   0  conf  1.0000
   0.3848610558  -0.3033999926  -1.6737308893
  -0.0204168825   0.0160953723  -2.0580100346
      
      
#  type   0  conf  1.0000
  -0.0204168825   0.0160953723  -2.0580100346
  -1.6352979739   1.2891649742  -3.7760287809
      
      
#  type   0  conf  1.0000
  -1.6352979739   1.2891649742  -3.7760287809
  -1.6392201595   1.2922569760  -3.9594573929
      
      
#  type   0  conf  1.0000
  -1.6392201595   1.2922569760  -3.9594573929
  -1.2851591743   1.0131378013  -4.3703487561
      
      
#  type   0  conf  1.0000
  -1.2851591743   1.0131378013  -4.3703487561
  -0.8379993672   0.6606254333  -4.5942317897
      
      
# 286  norm    -0.6252426563   -0.7804304073    0.0000000000
# nedges  13 
#  type   0  conf  1.0000
   1.5230580376  -1.2201995774  -4.5812241499
   1.9483552652  -1.5609269066  -4.3732211882
      
      
#  type   0  conf  1.0000
   1.9483552652  -1.5609269066  -4.3732211882
   2.2919772274  -1.8362200094  -3.9552943395
      
      
#  type   0  conf  1.0000
   2.2919772274  -1.8362200094  -3.9552943395
   2.2933900828  -1.8373519201  -3.7313627061
      
      
#  type   0  conf  1.0000
   2.2933900828  -1.8373519201  -3.7313627061
   0.9026242593  -0.7231383916  -2.1622645968
      
      
#  type   0  conf  1.0000
   0.9026242593  -0.7231383916  -2.1622645968
   0.8213178511  -0.6579996757  -2.0719661054
      
      
#  type   0  conf  1.0000
   0.8213178511  -0.6579996757  -2.0719661054
   0.4250679521  -0.3405436449  -1.6717369842
      
      
#  type   4  conf  0.0000
#  type   0  conf  1.0000
   0.3822081050  -0.3062064325  -1.6705421959
   0.0005609113  -0.0004493747  -2.0333572243
      
      
#  type   0  conf  1.0000
   0.0005609113  -0.0004493747  -2.0333572243
  -0.0363081253   0.0290882935  -2.0709716649
      
      
#  type   0  conf  1.0000
  -0.0363081253   0.0290882935  -2.0709716649
  -1.6239697882   1.3010451343  -3.7744157239
      
      
#  type   0  conf  1.0000
  -1.6239697882   1.3010451343  -3.7744157239
  -1.6293551201   1.3053595988  -3.9594069868
      
      
#  type   0  conf  1.0000
  -1.6293551201   1.3053595988  -3.9594069868
  -1.2781546703   1.0239949825  -4.3702687793
      
      
#  type   0  conf  1.0000
  -1.2781546703   1.0239949825  -4.3702687793
  -0.8342044381   0.6683237786  -4.5937314033
      
      
# 287  norm    -0.6313527954   -0.7754957432    0.0000000000
# nedges  13 
#  type   0  conf  1.0000
   1.5022912618  -1.2230573747  -4.5848891657
   1.9305085193  -1.5716810324  -4.3734780336
      
      
#  type   0  conf  1.0000
   1.9305085193  -1.5716810324  -4.3734780336
   2.2747952404  -1.8519744909  -3.9510527830
      
      
#  type   0  conf  1.0000
   2.2747952404  -1.8519744909  -3.9510527830
   2.2731719597  -1.8506529326  -3.7313066117
      
      
#  type   0  conf  1.0000
   2.2731719597  -1.8506529326  -3.7313066117
   0.8318910807  -0.6772658186  -2.0944133873
      
      
#  type   0  conf  1.0000
   0.8318910807  -0.6772658186  -2.0944133873
   0.7719363907  -0.6284550270  -2.0312717020
      
      
#  type   0  conf  1.0000
   0.7719363907  -0.6284550270  -2.0312717020
   0.4125907654  -0.3359016931  -1.6682506360
      
      
#  type   4  conf  0.0000
#  type   0  conf  1.0000
   0.3700044326  -0.3012309673  -1.6742547910
  -0.0229122937   0.0186535398  -2.0531651914
      
      
#  type   0  conf  1.0000
  -0.0229122937   0.0186535398  -2.0531651914
  -1.6125168143   1.3127950829  -3.7727314304
      
      
#  type   0  conf  1.0000
  -1.6125168143   1.3127950829  -3.7727314304
  -1.6174651214   1.3168236382  -3.9620300272
      
      
#  type   0  conf  1.0000
  -1.6174651214   1.3168236382  -3.9620300272
  -1.2817840516   1.0435362815  -4.3568732189
      
      
#  type   0  conf  1.0000
  -1.2817840516   1.0435362815  -4.3568732189
  -1.2619791354   1.0274125448  -4.3743417380
      
      
#  type   0  conf  1.0000
  -1.2619791354   1.0274125448  -4.3743417380
  -0.8313262355   0.6768059623  -4.5937098210
      
      
# 288  norm    -0.6374239897   -0.7705132428    0.0000000000
# nedges  13 
#  type   0  conf  1.0000
   1.4933590573  -1.2354140534  -4.5828619025
   1.9011330966  -1.5727540764  -4.3785834761
      
      
#  type   0  conf  1.0000
   1.9011330966  -1.5727540764  -4.3785834761
   1.9354704505  -1.6011604060  -4.3449591850
      
      
#  type   0  conf  1.0000
   1.9354704505  -1.6011604060  -4.3449591850
   2.2548316355  -1.8653589549  -3.9481429708
      
      
#  type   0  conf  1.0000
   2.2548316355  -1.8653589549  -3.9481429708
   2.2535507266  -1.8642992949  -3.7331219310
      
      
#  type   0  conf  1.0000
   2.2535507266  -1.8642992949  -3.7331219310
   0.9839951028  -0.8140315435  -2.2811331792
      
      
#  type   0  conf  1.0000
   0.9839951028  -0.8140315435  -2.2811331792
   0.7951557007  -0.6578100039  -2.0659502465
      
      
#  type   0  conf  1.0000
   0.7951557007  -0.6578100039  -2.0659502465
   0.4076301899  -0.3372210205  -1.6707145269
      
      
#  type   4  conf  0.0000
#  type   0  conf  1.0000
   0.3653549907  -0.3022479341  -1.6718811268
  -0.0276516405   0.0228754264  -2.0541366960
      
      
#  type   0  conf  1.0000
  -0.0276516405   0.0228754264  -2.0541366960
  -1.6008262280   1.3243186288  -3.7710101856
      
      
#  type   0  conf  1.0000
  -1.6008262280   1.3243186288  -3.7710101856
  -1.6074485894   1.3297971226  -3.9616327420
      
      
#  type   0  conf  1.0000
  -1.6074485894   1.3297971226  -3.9616327420
  -1.2635843601   1.0453278924  -4.3695902621
      
      
#  type   0  conf  1.0000
  -1.2635843601   1.0453278924  -4.3695902621
  -0.8360353026   0.6916285517  -4.5898663034
      
      
# 289  norm    -0.6434558647   -0.7654832135    0.0000000000
# nedges  14 
#  type   0  conf  1.0000
   1.4870353163  -1.2499837729  -4.5795940923
   1.8920447662  -1.5904297830  -4.3741339344
      
      
#  type   0  conf  1.0000
   1.8920447662  -1.5904297830  -4.3741339344
   2.2288986992  -1.8735850958  -3.9567416621
      
      
#  type   0  conf  1.0000
   2.2288986992  -1.8735850958  -3.9567416621
   2.2366681516  -1.8801160029  -3.8997480114
      
      
#  type   0  conf  1.0000
   2.2366681516  -1.8801160029  -3.8997480114
   2.2311316761  -1.8754621090  -3.7311918241
      
      
#  type   0  conf  1.0000
   2.2311316761  -1.8754621090  -3.7311918241
   0.8010624740  -0.6733633577  -2.0842722478
      
      
#  type   0  conf  1.0000
   0.8010624740  -0.6733633577  -2.0842722478
   0.6627563100  -0.5571048810  -1.9407492806
      
      
#  type   0  conf  1.0000
   0.6627563100  -0.5571048810  -1.9407492806
   0.3971208926  -0.3338149849  -1.6679840153
      
      
#  type   4  conf  0.0000
#  type   0  conf  1.0000
   0.3556569332  -0.2989608857  -1.6742666181
  -0.0320715511   0.0269589552  -2.0550888705
      
      
#  type   0  conf  1.0000
  -0.0320715511   0.0269589552  -2.0550888705
  -1.5900801119   1.3366019730  -3.7708004579
      
      
#  type   0  conf  1.0000
  -1.5900801119   1.3366019730  -3.7708004579
  -1.5962963428   1.3418272609  -3.9632575414
      
      
#  type   0  conf  1.0000
  -1.5962963428   1.3418272609  -3.9632575414
  -1.2651209587   1.0634452671  -4.3581690444
      
      
#  type   0  conf  1.0000
  -1.2651209587   1.0634452671  -4.3581690444
  -1.2456643508   1.0470902796  -4.3743213343
      
      
#  type   0  conf  1.0000
  -1.2456643508   1.0470902796  -4.3743213343
  -0.8310547859   0.6985745298  -4.5920523453
      
      
# 290  norm    -0.6494480483   -0.7604059656   -0.0000000000
# nedges  13 
#  type   0  conf  1.0000
   1.4737927771  -1.2587379453  -4.5800110058
   1.8759927452  -1.6022491697  -4.3721936163
      
      
#  type   0  conf  1.0000
   1.8759927452  -1.6022491697  -4.3721936163
   2.2069187842  -1.8848867080  -3.9575096242
      
      
#  type   0  conf  1.0000
   2.2069187842  -1.8848867080  -3.9575096242
   2.2156025657  -1.8923033581  -3.9144137619
      
      
#  type   0  conf  1.0000
   2.2156025657  -1.8923033581  -3.9144137619
   2.2138702854  -1.8908238509  -3.7367286586
      
      
#  type   0  conf  1.0000
   2.2138702854  -1.8908238509  -3.7367286586
   0.8120734169  -0.6935762206  -2.1093724556
      
      
#  type   0  conf  1.0000
   0.8120734169  -0.6935762206  -2.1093724556
   0.7648698663  -0.6532605797  -2.0567312309
      
      
#  type   0  conf  1.0000
   0.7648698663  -0.6532605797  -2.0567312309
   0.3923096355  -0.3350640824  -1.6705665817
      
      
#  type   4  conf  0.0000
#  type   0  conf  1.0000
   0.3510087836  -0.2997898225  -1.6717537896
  -0.0351721166   0.0300398254  -2.0547056164
      
      
#  type   0  conf  1.0000
  -0.0351721166   0.0300398254  -2.0547056164
  -1.5792593599   1.3488149166  -3.7705778260
      
      
#  type   0  conf  1.0000
  -1.5792593599   1.3488149166  -3.7705778260
  -1.5844553515   1.3532527127  -3.9647790632
      
      
#  type   0  conf  1.0000
  -1.5844553515   1.3532527127  -3.9647790632
  -1.2482086201   1.0660708739  -4.3688517324
      
      
#  type   0  conf  1.0000
  -1.2482086201   1.0660708739  -4.3688517324
  -0.8359120530   0.7139363392  -4.5884264724
      
      
# 291  norm    -0.6554001709   -0.7552818123    0.0000000000
# nedges  13 
#  type   0  conf  1.0000
   1.4625919480  -1.2691726414  -4.5792451983
   1.8573408945  -1.6117183280  -4.3715556806
      
      
#  type   0  conf  1.0000
   1.8573408945  -1.6117183280  -4.3715556806
   2.1823787203  -1.8937717856  -3.9609630156
      
      
#  type   0  conf  1.0000
   2.1823787203  -1.8937717856  -3.9609630156
   2.1960311418  -1.9056187535  -3.9134495363
      
      
#  type   0  conf  1.0000
   2.1960311418  -1.9056187535  -3.9134495363
   2.1923347272  -1.9024111683  -3.7365727521
      
      
#  type   0  conf  1.0000
   2.1923347272  -1.9024111683  -3.7365727521
   0.7894574780  -0.6850563029  -2.0965490012
      
      
#  type   0  conf  1.0000
   0.7894574780  -0.6850563029  -2.0965490012
   0.7300472447  -0.6335027286  -2.0316753489
      
      
#  type   0  conf  1.0000
   0.7300472447  -0.6335027286  -2.0316753489
   0.3803713366  -0.3300694324  -1.6667952638
      
      
#  type   4  conf  0.0000
#  type   0  conf  1.0000
   0.3393192336  -0.2944462319  -1.6756196392
  -0.0410255951   0.0356001979  -2.0570205446
      
      
#  type   0  conf  1.0000
  -0.0410255951   0.0356001979  -2.0570205446
  -1.5683843886   1.3609746450  -3.7705264682
      
      
#  type   0  conf  1.0000
  -1.5683843886   1.3609746450  -3.7705264682
  -1.5746728657   1.3664315074  -3.9630446854
      
      
#  type   0  conf  1.0000
  -1.5746728657   1.3664315074  -3.9630446854
  -1.2409313687   1.0768253887  -4.3681165811
      
      
#  type   0  conf  1.0000
  -1.2409313687   1.0768253887  -4.3681165811
  -0.8354686537   0.7249827674  -4.5882683426
      
      
# 292  norm    -0.6613118653   -0.7501110696   -0.0000000000
# nedges  15 
#  type   0  conf  1.0000
   1.4430806527  -1.2722467337  -4.5824193608
   1.8224719188  -1.6067251277  -4.3805690327
      
      
#  type   0  conf  1.0000
   1.8224719188  -1.6067251277  -4.3805690327
   1.8474179764  -1.6287180359  -4.3599717649
      
      
#  type   0  conf  1.0000
   1.8474179764  -1.6287180359  -4.3599717649
   2.1745508674  -1.9171244748  -3.9410081568
      
      
#  type   0  conf  1.0000
   2.1745508674  -1.9171244748  -3.9410081568
   2.1743540313  -1.9169509404  -3.7779827520
      
      
#  type   0  conf  1.0000
   2.1743540313  -1.9169509404  -3.7779827520
   2.1630451933  -1.9069808585  -3.7289151859
      
      
#  type   0  conf  1.0000
   2.1630451933  -1.9069808585  -3.7289151859
   0.7751625037  -0.6833976753  -2.0927293896
      
      
#  type   0  conf  1.0000
   0.7751625037  -0.6833976753  -2.0927293896
   0.6597330562  -0.5816329284  -1.9690347634
      
      
#  type   0  conf  1.0000
   0.6597330562  -0.5816329284  -1.9690347634
   0.3761163457  -0.3315911632  -1.6707649291
      
      
#  type   4  conf  0.0000
#  type   0  conf  1.0000
   0.3379826327  -0.2979717729  -1.6693394248
  -0.0447000275   0.0394083753  -2.0570124442
      
      
#  type   0  conf  1.0000
  -0.0447000275   0.0394083753  -2.0570124442
  -1.5578753360   1.3734518608  -3.7712155095
      
      
#  type   0  conf  1.0000
  -1.5578753360   1.3734518608  -3.7712155095
  -1.5636538393   1.3785462967  -3.9640172527
      
      
#  type   0  conf  1.0000
  -1.5636538393   1.3785462967  -3.9640172527
  -1.2407001044   1.0938242796  -4.3579425360
      
      
#  type   0  conf  1.0000
  -1.2407001044   1.0938242796  -4.3579425360
  -1.2266304539   1.0814202142  -4.3709413034
      
      
#  type   0  conf  1.0000
  -1.2266304539   1.0814202142  -4.3709413034
  -0.8297181105   0.7314949126  -4.5917237263
      
      
# 293  norm    -0.6671827669   -0.7448940566    0.0000000000
# nedges  15 
#  type   0  conf  1.0000
   1.4383432614  -1.2882876812  -4.5787205682
   1.8191371336  -1.6293551216  -4.3714530084
      
      
#  type   0  conf  1.0000
   1.8191371336  -1.6293551216  -4.3714530084
   2.1444977024  -1.9207723542  -3.9528149284
      
      
#  type   0  conf  1.0000
   2.1444977024  -1.9207723542  -3.9528149284
   2.1558477455  -1.9309383007  -3.8959223211
      
      
#  type   0  conf  1.0000
   2.1558477455  -1.9309383007  -3.8959223211
   2.1515571643  -1.9270953357  -3.7408116903
      
      
#  type   0  conf  1.0000
   2.1515571643  -1.9270953357  -3.7408116903
   0.8111891998  -0.7265616500  -2.1492277069
      
      
#  type   0  conf  1.0000
   0.8111891998  -0.7265616500  -2.1492277069
   0.7337221303  -0.6571763551  -2.0587376930
      
      
#  type   0  conf  1.0000
   0.7337221303  -0.6571763551  -2.0587376930
   0.3672473424  -0.3289341563  -1.6689457458
      
      
#  type   4  conf  0.0000
#  type   0  conf  1.0000
   0.3267798133  -0.2926884140  -1.6736756205
   0.0004985497  -0.0004465384  -2.0071605955
      
      
#  type   0  conf  1.0000
   0.0004985497  -0.0004465384  -2.0071605955
  -0.0601822685   0.0539037358  -2.0704744215
      
      
#  type   0  conf  1.0000
  -0.0601822685   0.0539037358  -2.0704744215
  -1.5471774631   1.3857677231  -3.7725594159
      
      
#  type   0  conf  1.0000
  -1.5471774631   1.3857677231  -3.7725594159
  -1.5533536740   1.3912995990  -3.9628945601
      
      
#  type   0  conf  1.0000
  -1.5533536740   1.3912995990  -3.9628945601
  -1.2324054078   1.1038343542  -4.3576345141
      
      
#  type   0  conf  1.0000
  -1.2324054078   1.1038343542  -4.3576345141
  -1.2180345053   1.0909627003  -4.3706841603
      
      
#  type   0  conf  1.0000
  -1.2180345053   1.0909627003  -4.3706841603
  -0.8301971173   0.7435865610  -4.5915716643
      
      
# 294  norm    -0.6730125135   -0.7396310950    0.0000000000
# nedges  15 
#  type   0  conf  1.0000
   1.4265080778  -1.2980224784  -4.5785352670
   1.7983964471  -1.6364148579  -4.3720872004
      
      
#  type   0  conf  1.0000
   1.7983964471  -1.6364148579  -4.3720872004
   2.1149877809  -1.9244908065  -3.9631657725
      
      
#  type   0  conf  1.0000
   2.1149877809  -1.9244908065  -3.9631657725
   2.1344219814  -1.9421745683  -3.9135161749
      
      
#  type   0  conf  1.0000
   2.1344219814  -1.9421745683  -3.9135161749
   2.1336144280  -1.9414397513  -3.7468828833
      
      
#  type   0  conf  1.0000
   2.1336144280  -1.9414397513  -3.7468828833
   0.7669357465  -0.6978578348  -2.1099096687
      
      
#  type   0  conf  1.0000
   0.7669357465  -0.6978578348  -2.1099096687
   0.7152906246  -0.6508643896  -2.0513051428
      
      
#  type   0  conf  1.0000
   0.7152906246  -0.6508643896  -2.0513051428
   0.3602020666  -0.3277586622  -1.6679651080
      
      
#  type   0  conf  1.0000
   0.3602020666  -0.3277586622  -1.6679651080
   0.3232034672  -0.2940925271  -1.6698257626
      
      
#  type   0  conf  1.0000
   0.3232034672  -0.2940925271  -1.6698257626
  -0.0006854340   0.0006236970  -2.0043679109
      
      
#  type   0  conf  1.0000
  -0.0006854340   0.0006236970  -2.0043679109
  -0.0646783202   0.0588527431  -2.0717338874
      
      
#  type   0  conf  1.0000
  -0.0646783202   0.0588527431  -2.0717338874
  -1.5374682118   1.3989884318  -3.7745152723
      
      
#  type   0  conf  1.0000
  -1.5374682118   1.3989884318  -3.7745152723
  -1.5422596475   1.4033483028  -3.9620002847
      
      
#  type   0  conf  1.0000
  -1.5422596475   1.4033483028  -3.9620002847
  -1.2237317440   1.1135102113  -4.3581749846
      
      
#  type   0  conf  1.0000
  -1.2237317440   1.1135102113  -4.3581749846
  -1.2088892912   1.1000046185  -4.3710201025
      
      
#  type   0  conf  1.0000
  -1.2088892912   1.1000046185  -4.3710201025
  -0.8298095099   0.7550685575  -4.5909185226
      
      
# 295  norm    -0.6788007455   -0.7343225094    0.0000000000
# nedges  15 
#  type   0  conf  1.0000
   1.4135582677  -1.3066798220  -4.5785507238
   1.7804671952  -1.6458469460  -4.3716883081
      
      
#  type   0  conf  1.0000
   1.7804671952  -1.6458469460  -4.3716883081
   2.1129095516  -1.9531534992  -3.9358288049
      
      
#  type   0  conf  1.0000
   2.1129095516  -1.9531534992  -3.9358288049
   2.1146409458  -1.9547539835  -3.7778402686
      
      
#  type   0  conf  1.0000
   2.1146409458  -1.9547539835  -3.7778402686
   2.0982602443  -1.9396118189  -3.7305322205
      
      
#  type   0  conf  1.0000
   2.0982602443  -1.9396118189  -3.7305322205
   0.7461977893  -0.6897781414  -2.0978730547
      
      
#  type   0  conf  1.0000
   0.7461977893  -0.6897781414  -2.0978730547
   0.7004072256  -0.6474497796  -2.0455010668
      
      
#  type   0  conf  1.0000
   0.7004072256  -0.6474497796  -2.0455010668
   0.3527041532  -0.3260363656  -1.6692657727
      
      
#  type   4  conf  0.0000
#  type   0  conf  1.0000
   0.3126163164  -0.2889795504  -1.6738283426
   0.0105074544  -0.0097129910  -1.9889799049
      
      
#  type   0  conf  1.0000
   0.0105074544  -0.0097129910  -1.9889799049
  -0.0652757212   0.0603402560  -2.0689178817
      
      
#  type   0  conf  1.0000
  -0.0652757212   0.0603402560  -2.0689178817
  -1.5265892124   1.4111645526  -3.7756958285
      
      
#  type   0  conf  1.0000
  -1.5265892124   1.4111645526  -3.7756958285
  -1.5316167207   1.4158119334  -3.9616574046
      
      
#  type   0  conf  1.0000
  -1.5316167207   1.4158119334  -3.9616574046
  -1.2139268703   1.1221424565  -4.3588482192
      
      
#  type   0  conf  1.0000
  -1.2139268703   1.1221424565  -4.3588482192
  -1.2006605656   1.1098792106  -4.3706341637
      
      
#  type   0  conf  1.0000
  -1.2006605656   1.1098792106  -4.3706341637
  -0.8277037145   0.7651214436  -4.5914778546
      
      
# 296  norm    -0.6845471059   -0.7289686274    0.0000000000
# nedges  14 
#  type   0  conf  1.0000
   1.3928048471  -1.3079308098  -4.5831864906
   1.7607455964  -1.6534501718  -4.3715501214
      
      
#  type   0  conf  1.0000
   1.7607455964  -1.6534501718  -4.3715501214
   2.0917109648  -1.9642473400  -3.9346901479
      
      
#  type   0  conf  1.0000
   2.0917109648  -1.9642473400  -3.9346901479
   2.0939730908  -1.9663716178  -3.7769677723
      
      
#  type   0  conf  1.0000
   2.0939730908  -1.9663716178  -3.7769677723
   2.0711876061  -1.9449746234  -3.7251590660
      
      
#  type   0  conf  1.0000
   2.0711876061  -1.9449746234  -3.7251590660
   0.7422519950  -0.6970210184  -2.1068247512
      
      
#  type   0  conf  1.0000
   0.7422519950  -0.6970210184  -2.1068247512
   0.6859942914  -0.6441915183  -2.0419187464
      
      
#  type   0  conf  1.0000
   0.6859942914  -0.6441915183  -2.0419187464
   0.3473779061  -0.3262095669  -1.6713788929
      
      
#  type   4  conf  0.0000
#  type   0  conf  1.0000
   0.3078757569  -0.2891145797  -1.6717200678
  -0.0577664807   0.0542463361  -2.0566748160
      
      
#  type   0  conf  1.0000
  -0.0577664807   0.0542463361  -2.0566748160
  -1.5157350271   1.4233699327  -3.7759855021
      
      
#  type   0  conf  1.0000
  -1.5157350271   1.4233699327  -3.7759855021
  -1.5213353272   1.4286289645  -3.9594499469
      
      
#  type   0  conf  1.0000
  -1.5213353272   1.4286289645  -3.9594499469
  -1.2060728893   1.1325778296  -4.3579444279
      
      
#  type   0  conf  1.0000
  -1.2060728893   1.1325778296  -4.3579444279
  -1.1914965703   1.1188897550  -4.3711229741
      
      
#  type   0  conf  1.0000
  -1.1914965703   1.1188897550  -4.3711229741
  -0.8264079776   0.7760487463  -4.5914387696
      
      
# 297  norm    -0.6902512402   -0.7235697792    0.0000000000
# nedges  15 
#  type   0  conf  1.0000
   1.3834218597  -1.3197188189  -4.5818495379
   1.7428174879  -1.6625651970  -4.3703172002
      
      
#  type   0  conf  1.0000
   1.7428174879  -1.6625651970  -4.3703172002
   2.0621033954  -1.9671488046  -3.9442412591
      
      
#  type   0  conf  1.0000
   2.0621033954  -1.9671488046  -3.9442412591
   2.0744106748  -1.9788893652  -3.8955908119
      
      
#  type   0  conf  1.0000
   2.0744106748  -1.9788893652  -3.8955908119
   2.0717884798  -1.9763879156  -3.7533517244
      
      
#  type   0  conf  1.0000
   2.0717884798  -1.9763879156  -3.7533517244
   0.7202760298  -0.6871091596  -2.0932668968
      
      
#  type   0  conf  1.0000
   0.7202760298  -0.6871091596  -2.0932668968
   0.6454841797  -0.6157612830  -2.0086321957
      
      
#  type   0  conf  1.0000
   0.6454841797  -0.6157612830  -2.0086321957
   0.3379451322  -0.3223836226  -1.6694731989
      
      
#  type   4  conf  0.0000
#  type   0  conf  1.0000
   0.2984533279  -0.2847103150  -1.6741517935
  -0.0456994171   0.0435950757  -2.0407807086
      
      
#  type   0  conf  1.0000
  -0.0456994171   0.0435950757  -2.0407807086
  -0.0739930777   0.0705858856  -2.0724664438
      
      
#  type   0  conf  1.0000
  -0.0739930777   0.0705858856  -2.0724664438
  -1.5054503200   1.4361281806  -3.7780951776
      
      
#  type   0  conf  1.0000
  -1.5054503200   1.4361281806  -3.7780951776
  -1.5092822042   1.4397836163  -3.9603442636
      
      
#  type   0  conf  1.0000
  -1.5092822042   1.4397836163  -3.9603442636
  -1.1965987517   1.1414984376  -4.3580902388
      
      
#  type   0  conf  1.0000
  -1.1965987517   1.1414984376  -4.3580902388
  -1.1829452402   1.1284736354  -4.3705431001
      
      
#  type   0  conf  1.0000
  -1.1829452402   1.1284736354  -4.3705431001
  -0.8249065195   0.7869216826  -4.5917527705
      
      
# 298  norm    -0.6959127966   -0.7181262978    0.0000000000
# nedges  16 
#  type   0  conf  1.0000
   1.3723845900  -1.3299331900  -4.5808526465
   1.7227593103  -1.6694699153  -4.3704574064
      
      
#  type   0  conf  1.0000
   1.7227593103  -1.6694699153  -4.3704574064
   2.0395292768  -1.9764413686  -3.9444650701
      
      
#  type   0  conf  1.0000
   2.0395292768  -1.9764413686  -3.9444650701
   2.0531054088  -1.9895975558  -3.9000034409
      
      
#  type   0  conf  1.0000
   2.0531054088  -1.9895975558  -3.9000034409
   2.0529465218  -1.9894435835  -3.7585381314
      
      
#  type   0  conf  1.0000
   2.0529465218  -1.9894435835  -3.7585381314
   0.7309781503  -0.7083671082  -2.1200816499
      
      
#  type   0  conf  1.0000
   0.7309781503  -0.7083671082  -2.1200816499
   0.6851772694  -0.6639829668  -2.0651821363
      
      
#  type   0  conf  1.0000
   0.6851772694  -0.6639829668  -2.0651821363
   0.3300818774  -0.3198715924  -1.6671007339
      
      
#  type   4  conf  0.0000
#  type   0  conf  1.0000
   0.2943166156  -0.2852126425  -1.6708265956
  -0.0003746444   0.0003630557  -1.9886062878
      
      
#  type   0  conf  1.0000
  -0.0003746444   0.0003630557  -1.9886062878
  -0.0744474246   0.0721445734  -2.0692820054
      
      
#  type   0  conf  1.0000
  -0.0744474246   0.0721445734  -2.0692820054
  -1.4846636845   1.4387392022  -3.7682256585
      
      
#  type   0  conf  1.0000
  -1.4846636845   1.4387392022  -3.7682256585
  -1.4954985150   1.4492388834  -3.8027842459
      
      
#  type   0  conf  1.0000
  -1.4954985150   1.4492388834  -3.8027842459
  -1.4997040810   1.4533143604  -3.9560196733
      
      
#  type   0  conf  1.0000
  -1.4997040810   1.4533143604  -3.9560196733
  -1.1976284309   1.1605826903  -4.3454187229
      
      
#  type   0  conf  1.0000
  -1.1976284309   1.1605826903  -4.3454187229
  -1.1787702497   1.1423078413  -4.3672138321
      
      
#  type   0  conf  1.0000
  -1.1787702497   1.1423078413  -4.3672138321
  -0.8224717906   0.7970306138  -4.5927048677
      
      
# 299  norm    -0.7015314258   -0.7126385189    0.0000000000
# nedges  14 
#  type   0  conf  1.0000
   1.3622450425  -1.3410132648  -4.5788068983
   1.7020761892  -1.6755478466  -4.3709631831
      
      
#  type   0  conf  1.0000
   1.7020761892  -1.6755478466  -4.3709631831
   2.0203605408  -1.9888714588  -3.9392763747
      
      
#  type   0  conf  1.0000
   2.0203605408  -1.9888714588  -3.9392763747
   2.0330333252  -2.0013467268  -3.8894415741
      
      
#  type   0  conf  1.0000
   2.0330333252  -2.0013467268  -3.8894415741
   2.0309826754  -1.9993280382  -3.7602410879
      
      
#  type   0  conf  1.0000
   2.0309826754  -1.9993280382  -3.7602410879
   0.7807467016  -0.7685780830  -2.1965499141
      
      
#  type   0  conf  1.0000
   0.7807467016  -0.7685780830  -2.1965499141
   0.6795873441  -0.6689953823  -2.0706275556
      
      
#  type   0  conf  1.0000
   0.6795873441  -0.6689953823  -2.0706275556
   0.3218612855  -0.3168447965  -1.6685076826
      
      
#  type   4  conf  0.0000
#  type   0  conf  1.0000
   0.2831268976  -0.2787141179  -1.6752427710
  -0.0743892876   0.0732298656  -2.0652026740
      
      
#  type   0  conf  1.0000
  -0.0743892876   0.0732298656  -2.0652026740
  -1.4843990670   1.4612634123  -3.7828067827
      
      
#  type   0  conf  1.0000
  -1.4843990670   1.4612634123  -3.7828067827
  -1.4893463069   1.4661335452  -3.9539163367
      
      
#  type   0  conf  1.0000
  -1.4893463069   1.4661335452  -3.9539163367
  -1.1780549807   1.1596939659  -4.3583280128
      
      
#  type   0  conf  1.0000
  -1.1780549807   1.1596939659  -4.3583280128
  -1.1637103336   1.1455728926  -4.3714239009
      
      
#  type   0  conf  1.0000
  -1.1637103336   1.1455728926  -4.3714239009
  -0.8205153400   0.8077268925  -4.5921972098
      
      
# 300  norm    -0.7071067812   -0.7071067812    0.0000000000
# nedges  14 
#  type   0  conf  1.0000
   1.3421812510  -1.3421812510  -4.5832886352
   1.6833655701  -1.6833655701  -4.3696943323
      
      
#  type   0  conf  1.0000
   1.6833655701  -1.6833655701  -4.3696943323
   2.0095966625  -2.0095966625  -3.9210224536
      
      
#  type   0  conf  1.0000
   2.0095966625  -2.0095966625  -3.9210224536
   2.0128924923  -2.0128924923  -3.7671817045
      
      
#  type   0  conf  1.0000
   2.0128924923  -2.0128924923  -3.7671817045
   0.6896452671  -0.6896452671  -2.0962495615
      
      
#  type   0  conf  1.0000
   0.6896452671  -0.6896452671  -2.0962495615
   0.5282689178  -0.5282689178  -1.9114639382
      
      
#  type   0  conf  1.0000
   0.5282689178  -0.5282689178  -1.9114639382
   0.3150043918  -0.3150043918  -1.6699552837
      
      
#  type   4  conf  0.0000
#  type   0  conf  1.0000
   0.2800280393  -0.2800280393  -1.6705222602
   0.0103996074  -0.0103996074  -1.9682273000
      
      
#  type   0  conf  1.0000
   0.0103996074  -0.0103996074  -1.9682273000
  -0.0833387388   0.0833387388  -2.0719960322
      
      
#  type   0  conf  1.0000
  -0.0833387388   0.0833387388  -2.0719960322
  -1.4764607631   1.4764607631  -3.7898410608
      
      
#  type   0  conf  1.0000
  -1.4764607631   1.4764607631  -3.7898410608
  -1.4783511365   1.4783511365  -3.9518471913
      
      
#  type   0  conf  1.0000
  -1.4783511365   1.4783511365  -3.9518471913
  -1.1696015048   1.1696015048  -4.3570819549
      
      
#  type   0  conf  1.0000
  -1.1696015048   1.1696015048  -4.3570819549
  -1.1549429362   1.1549429362  -4.3709537700
      
      
#  type   0  conf  1.0000
  -1.1549429362   1.1549429362  -4.3709537700
  -0.8193449216   0.8193449216  -4.5916744757
      
      
# 301  norm    -0.7126385189   -0.7015314258    0.0000000000
# nedges  14 
#  type   0  conf  1.0000
   1.3317376036  -1.3528225230  -4.5814899529
   1.6638780410  -1.6902216198  -4.3691733442
      
      
#  type   0  conf  1.0000
   1.6638780410  -1.6902216198  -4.3691733442
   1.9912928843  -2.0228203038  -3.9130425113
      
      
#  type   0  conf  1.0000
   1.9912928843  -2.0228203038  -3.9130425113
   1.9900888851  -2.0215972421  -3.7667580258
      
      
#  type   0  conf  1.0000
   1.9900888851  -2.0215972421  -3.7667580258
   0.6786343613  -0.6893789335  -2.0965826876
      
      
#  type   0  conf  1.0000
   0.6786343613  -0.6893789335  -2.0965826876
   0.5781779315  -0.5873320134  -1.9797761300
      
      
#  type   0  conf  1.0000
   0.5781779315  -0.5873320134  -1.9797761300
   0.3154678823  -0.3204625711  -1.6782341406
      
      
#  type   4  conf  0.0000
#  type   0  conf  1.0000
   0.2768863399  -0.2812701811  -1.6663040170
  -0.0400132561   0.0406467715  -2.0203182746
      
      
#  type   0  conf  1.0000
  -0.0400132561   0.0406467715  -2.0203182746
  -0.1070852571   0.1087806992  -2.0980151906
      
      
#  type   0  conf  1.0000
  -0.1070852571   0.1087806992  -2.0980151906
  -1.4648608437   1.4880534553  -3.7910715768
      
      
#  type   0  conf  1.0000
  -1.4648608437   1.4880534553  -3.7910715768
  -1.4687234632   1.4919772303  -3.9163490604
      
      
#  type   0  conf  1.0000
  -1.4687234632   1.4919772303  -3.9163490604
  -1.4609998386   1.4841313202  -3.9588766867
      
      
#  type   0  conf  1.0000
  -1.4609998386   1.4841313202  -3.9588766867
  -1.1521074892   1.1703483901  -4.3668100193
      
      
#  type   0  conf  1.0000
  -1.1521074892   1.1703483901  -4.3668100193
  -0.8217747614   0.8347856238  -4.5878845318
      
      
# 302  norm    -0.7181262978   -0.6959127966    0.0000000000
# nedges  15 
#  type   0  conf  1.0000
   1.3213372866  -1.3635143057  -4.5796303210
   1.6433324365  -1.6957875245  -4.3692783990
      
      
#  type   0  conf  1.0000
   1.6433324365  -1.6957875245  -4.3692783990
   1.9694438358  -2.0323083832  -3.9115279878
      
      
#  type   0  conf  1.0000
   1.9694438358  -2.0323083832  -3.9115279878
   1.9711139710  -2.0340318289  -3.7712974401
      
      
#  type   0  conf  1.0000
   1.9711139710  -2.0340318289  -3.7712974401
   0.7583197893  -0.7825253185  -2.2128069255
      
      
#  type   0  conf  1.0000
   0.7583197893  -0.7825253185  -2.2128069255
   0.6373162386  -0.6576593406  -2.0606227158
      
      
#  type   0  conf  1.0000
   0.6373162386  -0.6576593406  -2.0606227158
   0.3048335147  -0.3145637850  -1.6740577017
      
      
#  type   4  conf  0.0000
#  type   0  conf  1.0000
   0.2664612580  -0.2749666878  -1.6709225233
  -0.0726922937   0.0750126280  -2.0532309278
      
      
#  type   0  conf  1.0000
  -0.0726922937   0.0750126280  -2.0532309278
  -0.1608570917   0.1659916420  -2.1619139040
      
      
#  type   0  conf  1.0000
  -0.1608570917   0.1659916420  -2.1619139040
  -1.4572768907   1.5037930951  -3.7988737277
      
      
#  type   0  conf  1.0000
  -1.4572768907   1.5037930951  -3.7988737277
  -1.4583386163   1.5048887110  -3.9190705738
      
      
#  type   0  conf  1.0000
  -1.4583386163   1.5048887110  -3.9190705738
  -1.4485314275   1.4947684772  -3.9559456930
      
      
#  type   0  conf  1.0000
  -1.4485314275   1.4947684772  -3.9559456930
  -1.1589820267   1.1959766742  -4.3463947355
      
      
#  type   0  conf  1.0000
  -1.1589820267   1.1959766742  -4.3463947355
  -1.1358035003   1.1720582904  -4.3712210978
      
      
#  type   0  conf  1.0000
  -1.1358035003   1.1720582904  -4.3712210978
  -0.8193449303   0.8454983790  -4.5881153679
      
      
# 303  norm    -0.7235697792   -0.6902512402    0.0000000000
# nedges  12 
#  type   0  conf  1.0000
   1.3097785111  -1.3730017316  -4.5788465895
   1.6250652106  -1.7035073710  -4.3680726882
      
      
#  type   0  conf  1.0000
   1.6250652106  -1.7035073710  -4.3680726882
   1.9498537930  -2.0439735508  -3.9067988493
      
      
#  type   0  conf  1.0000
   1.9498537930  -2.0439735508  -3.9067988493
   1.9502893376  -2.0444301192  -3.7711753504
      
      
#  type   0  conf  1.0000
   1.9502893376  -2.0444301192  -3.7711753504
   0.6585022018  -0.6902882095  -2.0980667386
      
      
#  type   0  conf  1.0000
   0.6585022018  -0.6902882095  -2.0980667386
   0.2936799632  -0.3078559425  -1.6684091116
      
      
#  type   4  conf  0.0000
#  type   0  conf  1.0000
   0.2564234696  -0.2688010720  -1.6753253686
  -0.0460511462   0.0482740424  -2.0197235391
      
      
#  type   0  conf  1.0000
  -0.0460511462   0.0482740424  -2.0197235391
  -0.1116498468   0.1170392029  -2.0974710964
      
      
#  type   0  conf  1.0000
  -0.1116498468   0.1170392029  -2.0974710964
  -1.4452198873   1.5149808849  -3.7987314357
      
      
#  type   0  conf  1.0000
  -1.4452198873   1.5149808849  -3.7987314357
  -1.4491007145   1.5190490403  -3.9385130760
      
      
#  type   0  conf  1.0000
  -1.4491007145   1.5190490403  -3.9385130760
  -1.1344619440   1.1892226055  -4.3656919036
      
      
#  type   0  conf  1.0000
  -1.1344619440   1.1892226055  -4.3656919036
  -0.8164469440   0.8558569700  -4.5877657719
      
      
# 304  norm    -0.7289686274   -0.6845471059   -0.0000000000
# nedges  14 
#  type   0  conf  1.0000
   1.2904044576  -1.3741411776  -4.5825737449
   1.6045639691  -1.7086870780  -4.3682527757
      
      
#  type   0  conf  1.0000
   1.6045639691  -1.7086870780  -4.3682527757
   1.9280902765  -2.0532076029  -3.9057313034
      
      
#  type   0  conf  1.0000
   1.9280902765  -2.0532076029  -3.9057313034
   1.9304823253  -2.0557548761  -3.7722699829
      
      
#  type   0  conf  1.0000
   1.9304823253  -2.0557548761  -3.7722699829
   0.7448959377  -0.7932336060  -2.2256270469
      
      
#  type   0  conf  1.0000
   0.7448959377  -0.7932336060  -2.2256270469
   0.6265520829  -0.6672102006  -2.0732715543
      
      
#  type   0  conf  1.0000
   0.6265520829  -0.6672102006  -2.0732715543
   0.2909250107  -0.3098036701  -1.6742370590
      
      
#  type   4  conf  0.0000
#  type   0  conf  1.0000
   0.2531887800  -0.2696186659  -1.6706787885
  -0.0712742184   0.0758993336  -2.0454536864
      
      
#  type   0  conf  1.0000
  -0.0712742184   0.0758993336  -2.0454536864
  -0.1776879698   0.1892184692  -2.1786738439
      
      
#  type   0  conf  1.0000
  -0.1776879698   0.1892184692  -2.1786738439
  -1.4246049619   1.5170501997  -3.7893548319
      
      
#  type   0  conf  1.0000
  -1.4246049619   1.5170501997  -3.7893548319
  -1.4388113765   1.5321784946  -3.8545612651
      
      
#  type   0  conf  1.0000
  -1.4388113765   1.5321784946  -3.8545612651
  -1.4369521355   1.5301986040  -3.9379724088
      
      
#  type   0  conf  1.0000
  -1.4369521355   1.5301986040  -3.9379724088
  -1.1246903813   1.1976736100  -4.3653342822
      
      
#  type   0  conf  1.0000
  -1.1246903813   1.1976736100  -4.3653342822
  -0.8143016192   0.8671431499  -4.5877470188
      
      
# 305  norm    -0.7343225094   -0.6788007455   -0.0000000000
# nedges  13 
#  type   0  conf  1.0000
   1.2800510813  -1.3847514583  -4.5806818669
   1.5857280997  -1.7154309937  -4.3670764716
      
      
#  type   0  conf  1.0000
   1.5857280997  -1.7154309937  -4.3670764716
   1.9086387404  -2.0647537568  -3.9014609653
      
      
#  type   0  conf  1.0000
   1.9086387404  -2.0647537568  -3.9014609653
   1.9089623133  -2.0651037960  -3.7699554432
      
      
#  type   0  conf  1.0000
   1.9089623133  -2.0651037960  -3.7699554432
   0.8421851138  -0.9110707233  -2.3685769825
      
      
#  type   0  conf  1.0000
   0.8421851138  -0.9110707233  -2.3685769825
   0.6129962851  -0.6631356452  -2.0691999080
      
      
#  type   0  conf  1.0000
   0.6129962851  -0.6631356452  -2.0691999080
   0.2800774846  -0.3029861158  -1.6703035442
      
      
#  type   4  conf  0.0000
#  type   0  conf  1.0000
   0.2427765896  -0.2626342350  -1.6748718155
  -0.1067377708   0.1154682700  -2.0841996905
      
      
#  type   0  conf  1.0000
  -0.1067377708   0.1154682700  -2.0841996905
  -1.4254231713   1.5420140992  -3.8045029965
      
      
#  type   0  conf  1.0000
  -1.4254231713   1.5420140992  -3.8045029965
  -1.4313298311   1.5484038878  -3.9258002111
      
      
#  type   0  conf  1.0000
  -1.4313298311   1.5484038878  -3.9258002111
  -1.1385052524   1.2316280432  -4.3335115670
      
      
#  type   0  conf  1.0000
  -1.1385052524   1.2316280432  -4.3335115670
  -1.1062150403   1.1966966886  -4.3715477603
      
      
#  type   0  conf  1.0000
  -1.1062150403   1.1966966886  -4.3715477603
  -0.8109345731   0.8772640787  -4.5878430867
      
      
# 306  norm    -0.7396310950   -0.6730125135   -0.0000000000
# nedges  12 
#  type   0  conf  1.0000
   1.2690664552  -1.3946858239  -4.5788344659
   1.5653894271  -1.7203405179  -4.3669048546
      
      
#  type   0  conf  1.0000
   1.5653894271  -1.7203405179  -4.3669048546
   1.8871439818  -2.0739441565  -3.9022946315
      
      
#  type   0  conf  1.0000
   1.8871439818  -2.0739441565  -3.9022946315
   1.8894533273  -2.0764820941  -3.7689379684
      
      
#  type   0  conf  1.0000
   1.8894533273  -2.0764820941  -3.7689379684
   0.6436075718  -0.7073154860  -2.1227199821
      
      
#  type   0  conf  1.0000
   0.6436075718  -0.7073154860  -2.1227199821
   0.5814770786  -0.6390349655  -2.0438319245
      
      
#  type   0  conf  1.0000
   0.5814770786  -0.6390349655  -2.0438319245
   0.2696327140  -0.2963224836  -1.6667574336
      
      
#  type   4  conf  0.0000
#  type   0  conf  1.0000
   0.2324343604  -0.2554420267  -1.6787987064
  -0.1155137518   0.1269479557  -2.0926147423
      
      
#  type   0  conf  1.0000
  -0.1155137518   0.1269479557  -2.0926147423
  -1.4176032532   1.5579256334  -3.8085912006
      
      
#  type   0  conf  1.0000
  -1.4176032532   1.5579256334  -3.8085912006
  -1.4195379311   1.5600518167  -3.9258285676
      
      
#  type   0  conf  1.0000
  -1.4195379311   1.5600518167  -3.9258285676
  -1.1045401338   1.2138737575  -4.3656077226
      
      
#  type   0  conf  1.0000
  -1.1045401338   1.2138737575  -4.3656077226
  -0.8075046206   0.8874359907  -4.5873206471
      
      
# 307  norm    -0.7448940566   -0.6671827669   -0.0000000000
# nedges  13 
#  type   0  conf  1.0000
   1.2492638682  -1.3947740809  -4.5829709081
   1.5440057850  -1.7238465824  -4.3671906126
      
      
#  type   0  conf  1.0000
   1.5440057850  -1.7238465824  -4.3671906126
   1.8674815186  -2.0849997227  -3.9002809912
      
      
#  type   0  conf  1.0000
   1.8674815186  -2.0849997227  -3.9002809912
   1.8670127349  -2.0844763366  -3.7640736474
      
      
#  type   0  conf  1.0000
   1.8670127349  -2.0844763366  -3.7640736474
   0.6277977960  -0.7009216518  -2.1172507957
      
      
#  type   0  conf  1.0000
   0.6277977960  -0.7009216518  -2.1172507957
   0.5764507476  -0.6435938653  -2.0512929101
      
      
#  type   0  conf  1.0000
   0.5764507476  -0.6435938653  -2.0512929101
   0.2661081896  -0.2971036104  -1.6705802637
      
      
#  type   4  conf  0.0000
#  type   0  conf  1.0000
   0.2301035438  -0.2569052600  -1.6740368602
  -0.0900787304   0.1005708094  -2.0586538350
      
      
#  type   0  conf  1.0000
  -0.0900787304   0.1005708094  -2.0586538350
  -0.2580835267   0.2881442607  -2.2787904893
      
      
#  type   0  conf  1.0000
  -0.2580835267   0.2881442607  -2.2787904893
  -1.4110038392   1.5753530004  -3.8137313047
      
      
#  type   0  conf  1.0000
  -1.4110038392   1.5753530004  -3.8137313047
  -1.4079175754   1.5719072586  -3.9260231568
      
      
#  type   0  conf  1.0000
  -1.4079175754   1.5719072586  -3.9260231568
  -1.0941531986   1.2215966224  -4.3655127661
      
      
#  type   0  conf  1.0000
  -1.0941531986   1.2215966224  -4.3655127661
  -0.8044785447   0.8981816023  -4.5874841327
      
      
# 308  norm    -0.7501110696   -0.6613118653    0.0000000000
# nedges  14 
#  type   0  conf  1.0000
   1.2385260021  -1.4048319906  -4.5803978398
   1.5236099528  -1.7281962586  -4.3664247678
      
      
#  type   0  conf  1.0000
   1.5236099528  -1.7281962586  -4.3664247678
   1.8468254171  -2.0948122386  -3.9006685074
      
      
#  type   0  conf  1.0000
   1.8468254171  -2.0948122386  -3.9006685074
   1.8467353160  -2.0947100391  -3.7619475671
      
      
#  type   0  conf  1.0000
   1.8467353160  -2.0947100391  -3.7619475671
   0.6199886265  -0.7032390558  -2.1220007226
      
      
#  type   0  conf  1.0000
   0.6199886265  -0.7032390558  -2.1220007226
   0.5629162129  -0.6385031098  -2.0475726559
      
      
#  type   0  conf  1.0000
   0.5629162129  -0.6385031098  -2.0475726559
   0.2561968396  -0.2905982721  -1.6680107899
      
      
#  type   4  conf  0.0000
#  type   0  conf  1.0000
   0.2198082007  -0.2493234632  -1.6780402861
  -0.1116482626   0.1266400954  -2.0818576209
      
      
#  type   0  conf  1.0000
  -0.1116482626   0.1266400954  -2.0818576209
  -1.3956268064   1.5830278746  -3.8031305584
      
      
#  type   0  conf  1.0000
  -1.3956268064   1.5830278746  -3.8031305584
  -1.4003023239   1.5883312081  -3.8850537400
      
      
#  type   0  conf  1.0000
  -1.4003023239   1.5883312081  -3.8850537400
  -1.3954574891   1.5828358218  -3.9281766027
      
      
#  type   0  conf  1.0000
  -1.3954574891   1.5828358218  -3.9281766027
  -1.0939099447   1.2407972723  -4.3517344822
      
      
#  type   0  conf  1.0000
  -1.0939099447   1.2407972723  -4.3517344822
  -1.0751638097   1.2195339561  -4.3707942506
      
      
#  type   0  conf  1.0000
  -1.0751638097   1.2195339561  -4.3707942506
  -0.7968995064   0.9039050598  -4.5928368205
      
      
# 309  norm    -0.7552818123   -0.6554001709    0.0000000000
# nedges  15 
#  type   0  conf  1.0000
   1.2268506572  -1.4138201802  -4.5787889132
   1.5018615340  -1.7307421504  -4.3671736685
      
      
#  type   0  conf  1.0000
   1.5018615340  -1.7307421504  -4.3671736685
   1.8259490895  -2.1042199844  -3.9039230358
      
      
#  type   0  conf  1.0000
   1.8259490895  -2.1042199844  -3.9039230358
   1.8240015914  -2.1019756917  -3.7559049086
      
      
#  type   0  conf  1.0000
   1.8240015914  -2.1019756917  -3.7559049086
   0.5894477573  -0.6792783862  -2.0964236320
      
      
#  type   0  conf  1.0000
   0.5894477573  -0.6792783862  -2.0964236320
   0.5295368207  -0.6102371457  -2.0192067366
      
      
#  type   0  conf  1.0000
   0.5295368207  -0.6102371457  -2.0192067366
   0.2506008607  -0.2887919177  -1.6691033491
      
      
#  type   4  conf  0.0000
#  type   0  conf  1.0000
   0.2174524728  -0.2505917835  -1.6734349153
  -0.0684907976   0.0789286546  -2.0256651531
      
      
#  type   0  conf  1.0000
  -0.0684907976   0.0789286546  -2.0256651531
  -0.1357359500   0.1564218303  -2.1118205617
      
      
#  type   0  conf  1.0000
  -0.1357359500   0.1564218303  -2.1118205617
  -1.3764115836   1.5861738850  -3.7881862551
      
      
#  type   0  conf  1.0000
  -1.3764115836   1.5861738850  -3.7881862551
  -1.3893037501   1.6010307912  -3.8417255916
      
      
#  type   0  conf  1.0000
  -1.3893037501   1.6010307912  -3.8417255916
  -1.3878064574   1.5993053141  -3.9247991150
      
      
#  type   0  conf  1.0000
  -1.3878064574   1.5993053141  -3.9247991150
  -1.0843325428   1.2495825976  -4.3502078108
      
      
#  type   0  conf  1.0000
  -1.0843325428   1.2495825976  -4.3502078108
  -1.0642978267   1.2264946319  -4.3712775157
      
      
#  type   0  conf  1.0000
  -1.0642978267   1.2264946319  -4.3712775157
  -0.7935010001   0.9144289245  -4.5927444543
      
      
# 310  norm    -0.7604059656   -0.6494480483    0.0000000000
# nedges  14 
#  type   0  conf  1.0000
   1.2076543310  -1.4139815494  -4.5824684766
   1.4675216508  -1.7182470880  -4.3777615431
      
      
#  type   0  conf  1.0000
   1.4675216508  -1.7182470880  -4.3777615431
   1.4928835129  -1.7479420133  -4.3500179449
      
      
#  type   0  conf  1.0000
   1.4928835129  -1.7479420133  -4.3500179449
   1.8051219728  -2.1135262786  -3.9055218900
      
      
#  type   0  conf  1.0000
   1.8051219728  -2.1135262786  -3.9055218900
   1.8048162555  -2.1131683297  -3.7557946522
      
      
#  type   0  conf  1.0000
   1.8048162555  -2.1131683297  -3.7557946522
   0.5861774158  -0.6863255729  -2.1070099892
      
      
#  type   0  conf  1.0000
   0.5861774158  -0.6863255729  -2.1070099892
   0.5294208556  -0.6198721791  -2.0322066932
      
      
#  type   0  conf  1.0000
   0.5294208556  -0.6198721791  -2.0322066932
   0.2428729627  -0.2843677030  -1.6687634501
      
      
#  type   4  conf  0.0000
#  type   0  conf  1.0000
   0.2077956495  -0.2432974461  -1.6770262964
  -0.1032220544   0.1208574976  -2.0655881861
      
      
#  type   0  conf  1.0000
  -0.1032220544   0.1208574976  -2.0655881861
  -1.3759503103   1.6110308238  -3.7972093077
      
      
#  type   0  conf  1.0000
  -1.3759503103   1.6110308238  -3.7972093077
  -1.3799867687   1.6157569093  -3.9214092132
      
      
#  type   0  conf  1.0000
  -1.3799867687   1.6157569093  -3.9214092132
  -1.0826778512   1.2676528924  -4.3375394923
      
      
#  type   0  conf  1.0000
  -1.0826778512   1.2676528924  -4.3375394923
  -1.0574163118   1.2380754298  -4.3682060963
      
      
#  type   0  conf  1.0000
  -1.0574163118   1.2380754298  -4.3682060963
  -0.7898123084   0.9247513986  -4.5929534683
      
      
# 311  norm    -0.7654832135   -0.6434558647   -0.0000000000
# nedges  16 
#  type   0  conf  1.0000
   1.1968091697  -1.4237764847  -4.5801255038
   1.4469097679  -1.7213070849  -4.3781055466
      
      
#  type   0  conf  1.0000
   1.4469097679  -1.7213070849  -4.3781055466
   1.4722720410  -1.7514791532  -4.3502749924
      
      
#  type   0  conf  1.0000
   1.4722720410  -1.7514791532  -4.3502749924
   1.7850666967  -2.1235933436  -3.9082612763
      
      
#  type   0  conf  1.0000
   1.7850666967  -2.1235933436  -3.9082612763
   1.7832046892  -2.1213782181  -3.7514837271
      
      
#  type   0  conf  1.0000
   1.7832046892  -2.1213782181  -3.7514837271
   0.5574125810  -0.6631223634  -2.0823328319
      
      
#  type   3  conf  0.0000
#  type   0  conf  1.0000
   0.5500040635  -0.6543088673  -2.0720404823
   0.2380383271  -0.2831807954  -1.6698514130
      
      
#  type   4  conf  0.0000
#  type   0  conf  1.0000
   0.2066780082  -0.2458731896  -1.6714981775
  -0.0827038754   0.0983881441  -2.0370228256
      
      
#  type   0  conf  1.0000
  -0.0827038754   0.0983881441  -2.0370228256
  -0.1374512041   0.1635179585  -2.1094503846
      
      
#  type   0  conf  1.0000
  -0.1374512041   0.1635179585  -2.1094503846
  -1.3590307053   1.6167623120  -3.7866644820
      
      
#  type   0  conf  1.0000
  -1.3590307053   1.6167623120  -3.7866644820
  -1.3683323348   1.6278279369  -3.8537549533
      
      
#  type   0  conf  1.0000
  -1.3683323348   1.6278279369  -3.8537549533
  -1.3670410767   1.6262917999  -3.9273483323
      
      
#  type   0  conf  1.0000
  -1.3670410767   1.6262917999  -3.9273483323
  -1.0665482185   1.2688123652  -4.3446349682
      
      
#  type   0  conf  1.0000
  -1.0665482185   1.2688123652  -4.3446349682
  -1.0471427280   1.2457267457  -4.3681194560
      
      
#  type   0  conf  1.0000
  -1.0471427280   1.2457267457  -4.3681194560
  -0.7860212864   0.9350852687  -4.5924901451
      
      
# 312  norm    -0.7705132428   -0.6374239897    0.0000000000
# nedges  14 
#  type   0  conf  1.0000
   1.1843635560  -1.4316496067  -4.5784850644
   1.4377103975  -1.7378933306  -4.3681933413
      
      
#  type   0  conf  1.0000
   1.4377103975  -1.7378933306  -4.3681933413
   1.7620228642  -2.1299197595  -3.9159643993
      
      
#  type   0  conf  1.0000
   1.7620228642  -2.1299197595  -3.9159643993
   1.7646882675  -2.1331416786  -3.7526584510
      
      
#  type   0  conf  1.0000
   1.7646882675  -2.1331416786  -3.7526584510
   0.5587389391  -0.6753993555  -2.0990456752
      
      
#  type   0  conf  1.0000
   0.5587389391  -0.6753993555  -2.0990456752
   0.5340949555  -0.6456098966  -2.0658747790
      
      
#  type   0  conf  1.0000
   0.5340949555  -0.6456098966  -2.0658747790
   0.2259998516  -0.2731868918  -1.6622414494
      
      
#  type   0  conf  1.0000
   0.2259998516  -0.2731868918  -1.6622414494
   0.1873562321  -0.2264747802  -1.6858167718
      
      
#  type   0  conf  1.0000
   0.1873562321  -0.2264747802  -1.6858167718
  -0.0911240347   0.1101500360  -2.0454162582
      
      
#  type   0  conf  1.0000
  -0.0911240347   0.1101500360  -2.0454162582
  -0.1485717333   0.1795923747  -2.1229660889
      
      
#  type   0  conf  1.0000
  -0.1485717333   0.1795923747  -2.1229660889
  -1.3551279952   1.6380683544  -3.7911588069
      
      
#  type   0  conf  1.0000
  -1.3551279952   1.6380683544  -3.7911588069
  -1.3590289898   1.6427838469  -3.9254719201
      
      
#  type   0  conf  1.0000
  -1.3590289898   1.6427838469  -3.9254719201
  -1.0713679891   1.2950614297  -4.3232444180
      
      
#  type   0  conf  1.0000
  -1.0713679891   1.2950614297  -4.3232444180
  -1.0379697844   1.2546899354  -4.3664765738
      
      
#  type   0  conf  1.0000
  -1.0379697844   1.2546899354  -4.3664765738
  -0.7819036599   0.9451591628  -4.5931381890
      
      
# 313  norm    -0.7754957432   -0.6313527954    0.0000000000
# nedges  15 
#  type   0  conf  1.0000
   1.1655351162  -1.4316362067  -4.5823705210
   1.4105437985  -1.7325823520  -4.3738407399
      
      
#  type   0  conf  1.0000
   1.4105437985  -1.7325823520  -4.3738407399
   1.4253035783  -1.7507119089  -4.3577707376
      
      
#  type   0  conf  1.0000
   1.4253035783  -1.7507119089  -4.3577707376
   1.7440291530  -2.1422051092  -3.9133530861
      
      
#  type   0  conf  1.0000
   1.7440291530  -2.1422051092  -3.9133530861
   1.7418938520  -2.1395823017  -3.7475671731
      
      
#  type   0  conf  1.0000
   1.7418938520  -2.1395823017  -3.7475671731
   0.5465872377  -0.6713775232  -2.0969574223
      
      
#  type   0  conf  1.0000
   0.5465872377  -0.6713775232  -2.0969574223
   0.5081591596  -0.6241760043  -2.0447791923
      
      
#  type   0  conf  1.0000
   0.5081591596  -0.6241760043  -2.0447791923
   0.2233414416  -0.2743320984  -1.6684553108
      
      
#  type   4  conf  0.0000
#  type   0  conf  1.0000
   0.1933417590  -0.2374832457  -1.6723079282
  -0.0647553373   0.0795395043  -2.0074039369
      
      
#  type   0  conf  1.0000
  -0.0647553373   0.0795395043  -2.0074039369
  -0.1147509318   0.1409494973  -2.0735281045
      
      
#  type   0  conf  1.0000
  -0.1147509318   0.1409494973  -2.0735281045
  -1.3453228202   1.6524708971  -3.7899197132
      
      
#  type   0  conf  1.0000
  -1.3453228202   1.6524708971  -3.7899197132
  -1.3479339004   1.6556781080  -3.9296164527
      
      
#  type   0  conf  1.0000
  -1.3479339004   1.6556781080  -3.9296164527
  -1.0365499948   1.2732027391  -4.3556125016
      
      
#  type   0  conf  1.0000
  -1.0365499948   1.2732027391  -4.3556125016
  -1.0196732469   1.2524728932  -4.3731221881
      
      
#  type   0  conf  1.0000
  -1.0196732469   1.2524728932  -4.3731221881
  -0.7773239633   0.9547933088  -4.5935871641
      
      
# 314  norm    -0.7804304073   -0.6252426563    0.0000000000
# nedges  14 
#  type   0  conf  1.0000
   1.1550189692  -1.4416993394  -4.5789477176
   1.3805924512  -1.7232610701  -4.3821786028
      
      
#  type   0  conf  1.0000
   1.3805924512  -1.7232610701  -4.3821786028
   1.4051707131  -1.7539397558  -4.3564400809
      
      
#  type   0  conf  1.0000
   1.4051707131  -1.7539397558  -4.3564400809
   1.7240725888  -2.1519943643  -3.9153672617
      
      
#  type   0  conf  1.0000
   1.7240725888  -2.1519943643  -3.9153672617
   1.7207934014  -2.1479012694  -3.7447331121
      
      
#  type   0  conf  1.0000
   1.7207934014  -2.1479012694  -3.7447331121
   0.5188148632  -0.6475868064  -2.0732564304
      
      
#  type   0  conf  1.0000
   0.5188148632  -0.6475868064  -2.0732564304
   0.2178818510  -0.2719610059  -1.6686365939
      
      
#  type   4  conf  0.0000
#  type   0  conf  1.0000
   0.1842182656  -0.2299419827  -1.6777889355
  -0.0653619605   0.0815850629  -2.0047699453
      
      
#  type   0  conf  1.0000
  -0.0653619605   0.0815850629  -2.0047699453
  -0.1239075374   0.1546618883  -2.0845414896
      
      
#  type   0  conf  1.0000
  -0.1239075374   0.1546618883  -2.0845414896
  -1.3333217336   1.6642575697  -3.7842386940
      
      
#  type   0  conf  1.0000
  -1.3333217336   1.6642575697  -3.7842386940
  -1.3373620331   1.6693006878  -3.9338355320
      
      
#  type   0  conf  1.0000
  -1.3373620331   1.6693006878  -3.9338355320
  -1.0324975580   1.2887676195  -4.3456338725
      
      
#  type   0  conf  1.0000
  -1.0324975580   1.2887676195  -4.3456338725
  -1.0105752957   1.2614041631  -4.3722145432
      
      
#  type   0  conf  1.0000
  -1.0105752957   1.2614041631  -4.3722145432
  -0.7725422118   0.9642903070  -4.5921504584
      
      
# 315  norm    -0.7853169309   -0.6190939493    0.0000000000
# nedges  12 
#  type   0  conf  1.0000
   1.1408761091  -1.4471944453  -4.5785027898
   1.3747047585  -1.7438046730  -4.3684247008
      
      
#  type   0  conf  1.0000
   1.3747047585  -1.7438046730  -4.3684247008
   1.7006934736  -2.1573193868  -3.9226883617
      
      
#  type   0  conf  1.0000
   1.7006934736  -2.1573193868  -3.9226883617
   1.7020538907  -2.1590450676  -3.7634837274
      
      
#  type   0  conf  1.0000
   1.7020538907  -2.1590450676  -3.7634837274
   1.6866915037  -2.1395579726  -3.7228196864
      
      
#  type   0  conf  1.0000
   1.6866915037  -2.1395579726  -3.7228196864
   0.2248379095  -0.2852055285  -1.6807512019
      
      
#  type   4  conf  0.0000
#  type   0  conf  1.0000
   0.1854662731  -0.2352628459  -1.6658563977
  -0.0808052661   0.1025009914  -2.0222863879
      
      
#  type   0  conf  1.0000
  -0.0808052661   0.1025009914  -2.0222863879
  -0.1898854048   0.2408684878  -2.1752506502
      
      
#  type   0  conf  1.0000
  -0.1898854048   0.2408684878  -2.1752506502
  -1.3255629250   1.6814685544  -3.7860150572
      
      
#  type   0  conf  1.0000
  -1.3255629250   1.6814685544  -3.7860150572
  -1.3252992797   1.6811341218  -3.9400667463
      
      
#  type   0  conf  1.0000
  -1.3252992797   1.6811341218  -3.9400667463
  -1.0044941589   1.2741947661  -4.3675754017
      
      
#  type   0  conf  1.0000
  -1.0044941589   1.2741947661  -4.3675754017
  -0.7729105750   0.9804323904  -4.5877236441
      
      
# 316  norm    -0.7901550124   -0.6129070537   -0.0000000000
# nedges  12 
#  type   0  conf  1.0000
   1.1244887092  -1.4496821087  -4.5799946578
   1.3532036810  -1.7445396736  -4.3688370100
      
      
#  type   0  conf  1.0000
   1.3532036810  -1.7445396736  -4.3688370100
   1.6818655266  -2.1682479718  -3.9218208594
      
      
#  type   0  conf  1.0000
   1.6818655266  -2.1682479718  -3.9218208594
   1.6809304351  -2.1670424592  -3.7637367205
      
      
#  type   0  conf  1.0000
   1.6809304351  -2.1670424592  -3.7637367205
   1.6709275318  -2.1541467938  -3.7285164838
      
      
#  type   0  conf  1.0000
   1.6709275318  -2.1541467938  -3.7285164838
   0.2168980745  -0.2796233128  -1.6808024545
      
      
#  type   4  conf  0.0000
#  type   0  conf  1.0000
   0.1785466395  -0.2301809406  -1.6659153380
  -0.0623571361   0.0803903355  -1.9944534998
      
      
#  type   0  conf  1.0000
  -0.0623571361   0.0803903355  -1.9944534998
  -0.1348127954   0.1737996086  -2.0948936599
      
      
#  type   0  conf  1.0000
  -0.1348127954   0.1737996086  -2.0948936599
  -1.3138753499   1.6938378947  -3.7820390828
      
      
#  type   0  conf  1.0000
  -1.3138753499   1.6938378947  -3.7820390828
  -1.3165375707   1.6972700090  -3.9385299706
      
      
#  type   0  conf  1.0000
  -1.3165375707   1.6972700090  -3.9385299706
  -0.9953162174   1.2831539357  -4.3654548794
      
      
#  type   0  conf  1.0000
  -0.9953162174   1.2831539357  -4.3654548794
  -0.7680195744   0.9901248691  -4.5881049692
      
      
# 317  norm    -0.7949443534   -0.6066823510    0.0000000000
# nedges  12 
#  type   0  conf  1.0000
   1.1114770367  -1.4563838766  -4.5779654837
   1.3317658415  -1.7450313727  -4.3689152912
      
      
#  type   0  conf  1.0000
   1.3317658415  -1.7450313727  -4.3689152912
   1.6611890470  -2.1766791973  -3.9238311232
      
      
#  type   0  conf  1.0000
   1.6611890470  -2.1766791973  -3.9238311232
   1.6599795983  -2.1750944398  -3.7415963597
      
      
#  type   0  conf  1.0000
   1.6599795983  -2.1750944398  -3.7415963597
   0.1963277180  -0.2572509495  -1.6614601864
      
      
#  type   0  conf  1.0000
   0.1963277180  -0.2572509495  -1.6614601864
   0.1578382812  -0.2068177031  -1.6839100669
      
      
#  type   0  conf  1.0000
   0.1578382812  -0.2068177031  -1.6839100669
  -0.1101733675   0.1443617014  -2.0577460858
      
      
#  type   3  conf  0.0000
#  type   0  conf  1.0000
  -0.1249587173   0.1637351516  -2.0782802059
  -1.3032154757   1.7076214298  -3.7798771724
      
      
#  type   0  conf  1.0000
  -1.3032154757   1.7076214298  -3.7798771724
  -1.3060234245   1.7113007243  -3.9412465245
      
      
#  type   0  conf  1.0000
  -1.3060234245   1.7113007243  -3.9412465245
  -0.9873316844   1.2937144886  -4.3605936274
      
      
#  type   0  conf  1.0000
  -0.9873316844   1.2937144886  -4.3605936274
  -0.9785655917   1.2822281550  -4.3699599081
      
      
#  type   0  conf  1.0000
  -0.9785655917   1.2822281550  -4.3699599081
  -0.7594965701   0.9951789578  -4.5936202542
      
      
# 318  norm    -0.7996846585   -0.6004202253    0.0000000000
# nedges  13 
#  type   0  conf  1.0000
   1.0934882916  -1.4563896654  -4.5814071300
   1.3103668409  -1.7452447727  -4.3690043005
      
      
#  type   0  conf  1.0000
   1.3103668409  -1.7452447727  -4.3690043005
   1.6398922146  -2.1841313638  -3.9262205210
      
      
#  type   0  conf  1.0000
   1.6398922146  -2.1841313638  -3.9262205210
   1.6395486782  -2.1836738162  -3.7507089427
      
      
#  type   0  conf  1.0000
   1.6395486782  -2.1836738162  -3.7507089427
   1.6183292503  -2.1554121918  -3.7108380979
      
      
#  type   0  conf  1.0000
   1.6183292503  -2.1554121918  -3.7108380979
   0.2016333589  -0.2685504201  -1.6793396532
      
      
#  type   0  conf  1.0000
   0.2016333589  -0.2685504201  -1.6793396532
   0.1769944989  -0.2357345396  -1.6671081783
      
      
#  type   0  conf  1.0000
   0.1769944989  -0.2357345396  -1.6671081783
   0.1536309073  -0.2046171572  -1.6841205081
      
      
#  type   0  conf  1.0000
   0.1536309073  -0.2046171572  -1.6841205081
   0.0228007695  -0.0303677738  -1.8638592364
      
      
#  type   0  conf  1.0000
   0.0228007695  -0.0303677738  -1.8638592364
  -1.2931644510   1.7223333404  -3.7771599734
      
      
#  type   0  conf  1.0000
  -1.2931644510   1.7223333404  -3.7771599734
  -1.2958305966   1.7258843130  -3.9435207253
      
      
#  type   0  conf  1.0000
  -1.2958305966   1.7258843130  -3.9435207253
  -0.9775681552   1.3019985393  -4.3579249909
      
      
#  type   0  conf  1.0000
  -0.9775681552   1.3019985393  -4.3579249909
  -0.9657862262   1.2863064832  -4.3713185271
      
      
#  type   0  conf  1.0000
  -0.9657862262   1.2863064832  -4.3713185271
  -0.7544496488   1.0048325894  -4.5943521807
      
      
# 319  norm    -0.8043756353   -0.5941210629    0.0000000000
# nedges  12 
#  type   0  conf  1.0000
   1.0817077941  -1.4645153124  -4.5782433376
   1.2892390676  -1.7454902019  -4.3697171056
      
      
#  type   0  conf  1.0000
   1.2892390676  -1.7454902019  -4.3697171056
   1.6196691760  -2.1928568162  -3.9274978620
      
      
#  type   0  conf  1.0000
   1.6196691760  -2.1928568162  -3.9274978620
   1.6199097114  -2.1931824751  -3.7636037222
      
      
#  type   0  conf  1.0000
   1.6199097114  -2.1931824751  -3.7636037222
   1.6118029070  -2.1822067390  -3.7302941111
      
      
#  type   0  conf  1.0000
   1.6118029070  -2.1822067390  -3.7302941111
   0.1863018653  -0.2522325677  -1.6663176522
      
      
#  type   4  conf  0.0000
#  type   0  conf  1.0000
   0.1427067451  -0.1932094920  -1.6842490341
  -1.2671092896   1.7155288768  -3.7524936265
      
      
#  type   0  conf  1.0000
  -1.2671092896   1.7155288768  -3.7524936265
  -1.2820814552   1.7357995691  -3.7900270716
      
      
#  type   0  conf  1.0000
  -1.2820814552   1.7357995691  -3.7900270716
  -1.2853632982   1.7402428294  -3.9433390161
      
      
#  type   0  conf  1.0000
  -1.2853632982   1.7402428294  -3.9433390161
  -0.9756384771   1.3209089339  -4.3459802175
      
      
#  type   0  conf  1.0000
  -0.9756384771   1.3209089339  -4.3459802175
  -0.9517655442   1.2885875658  -4.3750770668
      
      
#  type   0  conf  1.0000
  -0.9517655442   1.2885875658  -4.3750770668
  -0.7490337713   1.0141106809  -4.5927834292
      
      
# 320  norm    -0.8090169944   -0.5877852523    0.0000000000
# nedges  12 
#  type   0  conf  1.0000
   1.0624135423  -1.4622867917  -4.5829202674
   1.2688508918  -1.7464234273  -4.3688323935
      
      
#  type   0  conf  1.0000
   1.2688508918  -1.7464234273  -4.3688323935
   1.5990999537  -2.2009722652  -3.9285328311
      
      
#  type   0  conf  1.0000
   1.5990999537  -2.2009722652  -3.9285328311
   1.5986390364  -2.2003378671  -3.7507979462
      
      
#  type   0  conf  1.0000
   1.5986390364  -2.2003378671  -3.7507979462
   1.5867086495  -2.1839170983  -3.7232673362
      
      
#  type   0  conf  1.0000
   1.5867086495  -2.1839170983  -3.7232673362
   0.1829063502  -0.2517489936  -1.6709674082
      
      
#  type   4  conf  0.0000
#  type   0  conf  1.0000
   0.1410839356  -0.1941853783  -1.6789256406
  -1.2641256385   1.7399196740  -3.7625067843
      
      
#  type   0  conf  1.0000
  -1.2641256385   1.7399196740  -3.7625067843
  -1.2712233532   1.7496888402  -3.7899068999
      
      
#  type   0  conf  1.0000
  -1.2712233532   1.7496888402  -3.7899068999
  -1.2751564902   1.7551023389  -3.9448724209
      
      
#  type   0  conf  1.0000
  -1.2751564902   1.7551023389  -3.9448724209
  -0.9542511190   1.3134139877  -4.3586650417
      
      
#  type   0  conf  1.0000
  -0.9542511190   1.3134139877  -4.3586650417
  -0.9340087138   1.2855527072  -4.3813671321
      
      
#  type   0  conf  1.0000
  -0.9340087138   1.2855527072  -4.3813671321
  -0.7446512667   1.0249245405  -4.5943007933
      
      
# 321  norm    -0.8136084495   -0.5814131843    0.0000000000
# nedges  12 
#  type   0  conf  1.0000
   1.0512343597  -1.4710591030  -4.5791925409
   1.2472658381  -1.7453784194  -4.3697779603
      
      
#  type   0  conf  1.0000
   1.2472658381  -1.7453784194  -4.3697779603
   1.5787546420  -2.2092517870  -3.9292251224
      
      
#  type   0  conf  1.0000
   1.5787546420  -2.2092517870  -3.9292251224
   1.5782604340  -2.2085602103  -3.7511183016
      
      
#  type   0  conf  1.0000
   1.5782604340  -2.2085602103  -3.7511183016
   1.5544604097  -2.1752553224  -3.7054814558
      
      
#  type   0  conf  1.0000
   1.5544604097  -2.1752553224  -3.7054814558
   0.1877991188  -0.2627992519  -1.6869635783
      
      
#  type   4  conf  0.0000
#  type   0  conf  1.0000
   0.1468054631  -0.2054342220  -1.6629633733
  -1.2537485079   1.7544500316  -3.7624635571
      
      
#  type   0  conf  1.0000
  -1.2537485079   1.7544500316  -3.7624635571
  -1.2610953115   1.7647308811  -3.7899157669
      
      
#  type   0  conf  1.0000
  -1.2610953115   1.7647308811  -3.7899157669
  -1.2645270253   1.7695330965  -3.9464020489
      
      
#  type   0  conf  1.0000
  -1.2645270253   1.7695330965  -3.9464020489
  -0.9391847851   1.3142610065  -4.3634809588
      
      
#  type   3  conf  0.0000
#  type   0  conf  1.0000
  -0.8870590660   1.2413181723  -4.4232841787
  -0.7392591838   1.0344923963  -4.5949336676
      
      
# 322  norm    -0.8181497174   -0.5750052520    0.0000000000
# nedges  11 
#  type   0  conf  1.0000
   1.0316274039  -1.4678573212  -4.5843632714
   1.2264716042  -1.7450925758  -4.3698443448
      
      
#  type   0  conf  1.0000
   1.2264716042  -1.7450925758  -4.3698443448
   1.5587094673  -2.2178192385  -3.9289471776
      
      
#  type   0  conf  1.0000
   1.5587094673  -2.2178192385  -3.9289471776
   1.5578486518  -2.2165944220  -3.7764130806
      
      
#  type   0  conf  1.0000
   1.5578486518  -2.2165944220  -3.7764130806
   1.5529900061  -2.2096812684  -3.7334439267
      
      
#  type   0  conf  1.0000
   1.5529900061  -2.2096812684  -3.7334439267
   0.1711231276  -0.2434835820  -1.6708179594
      
      
#  type   4  conf  0.0000
#  type   0  conf  1.0000
   0.1308837698  -0.1862287673  -1.6789525602
  -1.2435791739   1.7694341853  -3.7628836723
      
      
#  type   0  conf  1.0000
  -1.2435791739   1.7694341853  -3.7628836723
  -1.2502489808   1.7789243607  -3.7901879148
      
      
#  type   0  conf  1.0000
  -1.2502489808   1.7789243607  -3.7901879148
  -1.2534696463   1.7835069041  -3.9479582124
      
      
#  type   0  conf  1.0000
  -1.2534696463   1.7835069041  -3.9479582124
  -0.9266869783   1.3185421990  -4.3654016478
      
      
#  type   0  conf  1.0000
  -0.9266869783   1.3185421990  -4.3654016478
  -0.7382379710   1.0504063836  -4.5886190579
      
      
# 323  norm    -0.8226405180   -0.5685618507   -0.0000000000
# nedges  12 
#  type   0  conf  1.0000
   1.0208372625  -1.4770285649  -4.5798469410
   1.2051457484  -1.7437007451  -4.3696623988
      
      
#  type   0  conf  1.0000
   1.2051457484  -1.7437007451  -4.3696623988
   1.5375220025  -2.2246091519  -3.9308174140
      
      
#  type   0  conf  1.0000
   1.5375220025  -2.2246091519  -3.9308174140
   1.5372757873  -2.2242529082  -3.7508304975
      
      
#  type   0  conf  1.0000
   1.5372757873  -2.2242529082  -3.7508304975
   1.5170390725  -2.1949728194  -3.7106445246
      
      
#  type   0  conf  1.0000
   1.5170390725  -2.1949728194  -3.7106445246
   0.1630134282  -0.2358607965  -1.6676155017
      
      
#  type   4  conf  0.0000
#  type   0  conf  1.0000
   0.1242274489  -0.1797421561  -1.6801495350
  -1.2334132172   1.7846003678  -3.7634128136
      
      
#  type   0  conf  1.0000
  -1.2334132172   1.7846003678  -3.7634128136
  -1.2397309298   1.7937413369  -3.7900836876
      
      
#  type   0  conf  1.0000
  -1.2397309298   1.7937413369  -3.7900836876
  -1.2433534612   1.7989827036  -3.9467523494
      
      
#  type   0  conf  1.0000
  -1.2433534612   1.7989827036  -3.9467523494
  -0.9430410474   1.3644668118  -4.3328238988
      
      
#  type   0  conf  1.0000
  -0.9430410474   1.3644668118  -4.3328238988
  -0.9120119053   1.3195713805  -4.3708799422
      
      
#  type   0  conf  1.0000
  -0.9120119053   1.3195713805  -4.3708799422
  -0.7293169138   1.0552337323  -4.5953174673
      
      
# 324  norm    -0.8270805743   -0.5620833779   -0.0000000000
# nedges  10 
#  type   0  conf  1.0000
   1.0070212232  -1.4817867321  -4.5789009407
   1.1851986825  -1.7439669017  -4.3682700457
      
      
#  type   0  conf  1.0000
   1.1851986825  -1.7439669017  -4.3682700457
   1.5169484164  -2.2321218112  -3.9314850905
      
      
#  type   0  conf  1.0000
   1.5169484164  -2.2321218112  -3.9314850905
   1.5166260455  -2.2316474568  -3.7777422802
      
      
#  type   0  conf  1.0000
   1.5166260455  -2.2316474568  -3.7777422802
   1.5118982175  -2.2246906691  -3.7343208090
      
      
#  type   0  conf  1.0000
   1.5118982175  -2.2246906691  -3.7343208090
   0.1666650807  -0.2452402190  -1.6817141634
      
      
#  type   4  conf  0.0000
#  type   0  conf  1.0000
   0.1275331877  -0.1876593870  -1.6660966424
  -1.2216951791   1.7976698655  -3.7618870349
      
      
#  type   0  conf  1.0000
  -1.2216951791   1.7976698655  -3.7618870349
  -1.2292456013   1.8087799745  -3.7891076405
      
      
#  type   0  conf  1.0000
  -1.2292456013   1.8087799745  -3.7891076405
  -1.2312894371   1.8117873875  -3.9522406447
      
      
#  type   0  conf  1.0000
  -1.2312894371   1.8117873875  -3.9522406447
  -0.7249523751   1.0667350260  -4.5973346343
      
      
# 325  norm    -0.8314696123   -0.5555702330    0.0000000000
# nedges  10 
#  type   0  conf  1.0000
   0.9901532284  -1.4818690276  -4.5816408976
   1.1642482505  -1.7424206409  -4.3688673901
      
      
#  type   0  conf  1.0000
   1.1642482505  -1.7424206409  -4.3688673901
   1.4960310631  -2.2389687101  -3.9329910763
      
      
#  type   0  conf  1.0000
   1.4960310631  -2.2389687101  -3.9329910763
   1.4950859952  -2.2375543161  -3.7509634066
      
      
#  type   0  conf  1.0000
   1.4950859952  -2.2375543161  -3.7509634066
   1.4841598219  -2.2212021422  -3.7238598372
      
      
#  type   0  conf  1.0000
   1.4841598219  -2.2212021422  -3.7238598372
   0.1659082098  -0.2482991829  -1.6885718608
      
      
#  type   4  conf  0.0000
#  type   0  conf  1.0000
   0.1241502415  -0.1858039669  -1.6622320605
  -1.2113748744   1.8129506178  -3.7625745493
      
      
#  type   0  conf  1.0000
  -1.2113748744   1.8129506178  -3.7625745493
  -1.2185141011   1.8236352255  -3.7899011610
      
      
#  type   0  conf  1.0000
  -1.2185141011   1.8236352255  -3.7899011610
  -1.2207256442   1.8269450337  -3.9521995350
      
      
#  type   0  conf  1.0000
  -1.2207256442   1.8269450337  -3.9521995350
  -0.7196794074   1.0770763484  -4.5977131028
      
      
# 326  norm    -0.8358073614   -0.5490228180    0.0000000000
# nedges  11 
#  type   0  conf  1.0000
   0.9791940736  -1.4906805110  -4.5818234795
   1.4753819607  -2.2460543772  -3.9355248928
      
      
#  type   0  conf  1.0000
   1.4753819607  -2.2460543772  -3.9355248928
   1.4746198338  -2.2448941500  -3.7773233312
      
      
#  type   0  conf  1.0000
   1.4746198338  -2.2448941500  -3.7773233312
   1.4696384393  -2.2373107015  -3.7341339165
      
      
#  type   0  conf  1.0000
   1.4696384393  -2.2373107015  -3.7341339165
   0.1657076003  -0.2522657122  -1.6960901439
      
      
#  type   4  conf  0.0000
#  type   0  conf  1.0000
   0.1194682743  -0.1818730659  -1.6600914444
  -1.1999339105   1.8267247966  -3.7620912647
      
      
#  type   0  conf  1.0000
  -1.1999339105   1.8267247966  -3.7620912647
  -1.2072590824   1.8378763051  -3.7894462468
      
      
#  type   0  conf  1.0000
  -1.2072590824   1.8378763051  -3.7894462468
  -1.2102522330   1.8424329414  -3.9481618707
      
      
#  type   0  conf  1.0000
  -1.2102522330   1.8424329414  -3.9481618707
  -0.9074866705   1.3815164228  -4.3516170267
      
      
#  type   0  conf  1.0000
  -0.9074866705   1.3815164228  -4.3516170267
  -0.8833543136   1.3447784205  -4.3833636366
      
      
#  type   0  conf  1.0000
  -0.8833543136   1.3447784205  -4.3833636366
  -0.7130205511   1.0854700494  -4.5931068171
      
      
# 327  norm    -0.8400935539   -0.5424415367    0.0000000000
# nedges  12 
#  type   0  conf  1.0000
   0.9607557327  -1.4879478125  -4.5864576005
   1.4550138363  -2.2534184093  -3.9354190273
      
      
#  type   0  conf  1.0000
   1.4550138363  -2.2534184093  -3.9354190273
   1.4535179049  -2.2511016208  -3.7437536095
      
      
#  type   0  conf  1.0000
   1.4535179049  -2.2511016208  -3.7437536095
   0.3844288544  -0.5953751340  -2.0460950255
      
      
#  type   0  conf  1.0000
   0.3844288544  -0.5953751340  -2.0460950255
   0.3493183520  -0.5409985702  -1.9914388466
      
      
#  type   0  conf  1.0000
   0.3493183520  -0.5409985702  -1.9914388466
   0.1372239498  -0.2125223603  -1.6698655680
      
      
#  type   4  conf  0.0000
#  type   0  conf  1.0000
   0.1015848019  -0.1573270693  -1.6795016502
  -1.1888451202   1.8411958793  -3.7628151300
      
      
#  type   0  conf  1.0000
  -1.1888451202   1.8411958793  -3.7628151300
  -1.1957512815   1.8518916339  -3.7900141014
      
      
#  type   0  conf  1.0000
  -1.1957512815   1.8518916339  -3.7900141014
  -1.1993841445   1.8575179449  -3.9444900406
      
      
#  type   0  conf  1.0000
  -1.1993841445   1.8575179449  -3.9444900406
  -0.9042345161   1.4004119096  -4.3498216381
      
      
#  type   0  conf  1.0000
  -0.9042345161   1.4004119096  -4.3498216381
  -0.8760725946   1.3567967969  -4.3857537653
      
      
#  type   0  conf  1.0000
  -0.8760725946   1.3567967969  -4.3857537653
  -0.7069379845   1.0948535531  -4.5945139186
      
      
# 328  norm    -0.8443279255   -0.5358267950   -0.0000000000
# nedges  13 
#  type   0  conf  1.0000
   0.9484222650  -1.4944743544  -4.5794480127
   1.1141107217  -1.7555575855  -4.3660010367
      
      
#  type   3  conf  0.0000
#  type   0  conf  1.0000
   1.1208399888  -1.7661612137  -4.3583250135
   1.4342566036  -2.2600267738  -3.9319445855
      
      
#  type   0  conf  1.0000
   1.4342566036  -2.2600267738  -3.9319445855
   1.4336023546  -2.2589958423  -3.7465560808
      
      
#  type   0  conf  1.0000
   1.4336023546  -2.2589958423  -3.7465560808
   0.3675827978  -0.5792178069  -2.0306909514
      
      
#  type   0  conf  1.0000
   0.3675827978  -0.5792178069  -2.0306909514
   0.1316456827  -0.2074404028  -1.6700421137
      
      
#  type   4  conf  0.0000
#  type   0  conf  1.0000
   0.0937881438  -0.1477864669  -1.6825994891
  -1.1697572210   1.8432424377  -3.7502663778
      
      
#  type   0  conf  1.0000
  -1.1697572210   1.8432424377  -3.7502663778
  -1.1844980134   1.8664702097  -3.7852213391
      
      
#  type   0  conf  1.0000
  -1.1844980134   1.8664702097  -3.7852213391
  -1.1878885337   1.8718128149  -3.9447793825
      
      
#  type   0  conf  1.0000
  -1.1878885337   1.8718128149  -3.9447793825
  -0.8928024609   1.4068315672  -4.3593576766
      
      
#  type   0  conf  1.0000
  -0.8928024609   1.4068315672  -4.3593576766
  -0.8790014617   1.3850846722  -4.3771561407
      
      
#  type   0  conf  1.0000
  -0.8790014617   1.3850846722  -4.3771561407
  -0.7013051553   1.1050800977  -4.5943789225
      
      
# 329  norm    -0.8485102150   -0.5291790010   -0.0000000000
# nedges  13 
#  type   0  conf  1.0000
   0.9295470060  -1.4904788898  -4.5845849638
   1.1124070566  -1.7836851972  -4.3499641645
      
      
#  type   0  conf  1.0000
   1.1124070566  -1.7836851972  -4.3499641645
   1.4134146568  -2.2663347791  -3.9325077690
      
      
#  type   0  conf  1.0000
   1.4134146568  -2.2663347791  -3.9325077690
   1.4133129451  -2.2661716898  -3.7487261367
      
      
#  type   0  conf  1.0000
   1.4133129451  -2.2661716898  -3.7487261367
   0.4088978898  -0.6556458887  -2.1094820422
      
      
#  type   0  conf  1.0000
   0.4088978898  -0.6556458887  -2.1094820422
   0.3478384125  -0.5577402837  -2.0110070638
      
      
#  type   0  conf  1.0000
   0.3478384125  -0.5577402837  -2.0110070638
   0.1258396246  -0.2017771052  -1.6696450845
      
      
#  type   4  conf  0.0000
#  type   0  conf  1.0000
   0.1001728910  -0.1606218710  -1.6727525174
  -0.0276288074   0.0443013144  -1.8769940648
      
      
#  type   0  conf  1.0000
  -0.0276288074   0.0443013144  -1.8769940648
  -0.1505509179   0.2414003419  -2.0740423550
      
      
#  type   0  conf  1.0000
  -0.1505509179   0.2414003419  -2.0740423550
  -1.1739852090   1.8824224700  -3.7804102872
      
      
#  type   0  conf  1.0000
  -1.1739852090   1.8824224700  -3.7804102872
  -1.1759119423   1.8855118837  -3.9443883648
      
      
#  type   0  conf  1.0000
  -1.1759119423   1.8855118837  -3.9443883648
  -0.8779267721   1.4077086067  -4.3737964942
      
      
#  type   0  conf  1.0000
  -0.8779267721   1.4077086067  -4.3737964942
  -0.6987537835   1.1204143059  -4.5884725952
      
      
# 330  norm    -0.8526401644   -0.5224985647    0.0000000000
# nedges  13 
#  type   0  conf  1.0000
   0.9178287554  -1.4977604031  -4.5799952254
   1.0951338514  -1.7870960230  -4.3557504733
      
      
#  type   0  conf  1.0000
   1.0951338514  -1.7870960230  -4.3557504733
   1.3937098346  -2.2743277449  -3.9300174681
      
      
#  type   0  conf  1.0000
   1.3937098346  -2.2743277449  -3.9300174681
   1.3912093831  -2.2702473790  -3.7464982316
      
      
#  type   0  conf  1.0000
   1.3912093831  -2.2702473790  -3.7464982316
   0.3568922237  -0.5823951773  -2.0369803276
      
      
#  type   0  conf  1.0000
   0.3568922237  -0.5823951773  -2.0369803276
   0.2892124599  -0.4719518406  -1.9309957365
      
      
#  type   0  conf  1.0000
   0.2892124599  -0.4719518406  -1.9309957365
   0.1195187050  -0.1950368004  -1.6687472032
      
      
#  type   4  conf  0.0000
#  type   0  conf  1.0000
   0.0926735362  -0.1512294664  -1.6763004128
  -0.1392896195   0.2273000007  -2.0511312924
      
      
#  type   0  conf  1.0000
  -0.1392896195   0.2273000007  -2.0511312924
  -1.1613113731   1.8950879234  -3.7787164380
      
      
#  type   0  conf  1.0000
  -1.1613113731   1.8950879234  -3.7787164380
  -1.1646437811   1.9005259191  -3.9421622099
      
      
#  type   0  conf  1.0000
  -1.1646437811   1.9005259191  -3.9421622099
  -0.8750262106   1.4279129981  -4.3713079662
      
      
#  type   3  conf  0.0000
#  type   0  conf  1.0000
  -0.8438127579   1.3769772726  -4.4084022943
  -0.6890946974   1.1245003446  -4.5940725381
      
      
# 331  norm    -0.8567175189   -0.5157858983    0.0000000000
# nedges  14 
#  type   0  conf  1.0000
   0.9037385650  -1.5011047484  -4.5786305369
   1.0821669211  -1.7974732591  -4.3565446458
      
      
#  type   0  conf  1.0000
   1.0821669211  -1.7974732591  -4.3565446458
   1.3720626534  -2.2789884641  -3.9301405271
      
      
#  type   0  conf  1.0000
   1.3720626534  -2.2789884641  -3.9301405271
   1.3723783718  -2.2795128706  -3.7521632556
      
      
#  type   0  conf  1.0000
   1.3723783718  -2.2795128706  -3.7521632556
   0.3599984726  -0.5979554681  -2.0542354725
      
      
#  type   0  conf  1.0000
   0.3599984726  -0.5979554681  -2.0542354725
   0.3199443216  -0.5314257452  -1.9900009724
      
      
#  type   0  conf  1.0000
   0.3199443216  -0.5314257452  -1.9900009724
   0.1203158197  -0.1998439098  -1.6775524940
      
      
#  type   4  conf  0.0000
#  type   0  conf  1.0000
   0.0955396378  -0.1586908089  -1.6639248158
  -0.1060408809   0.1761333155  -1.9916162321
      
      
#  type   0  conf  1.0000
  -0.1060408809   0.1761333155  -1.9916162321
  -0.1614159822   0.2681110520  -2.0832071648
      
      
#  type   0  conf  1.0000
  -0.1614159822   0.2681110520  -2.0832071648
  -1.1500305073   1.9101942999  -3.7809647017
      
      
#  type   0  conf  1.0000
  -1.1500305073   1.9101942999  -3.7809647017
  -1.1542730828   1.9172411942  -3.9367750740
      
      
#  type   0  conf  1.0000
  -1.1542730828   1.9172411942  -3.9367750740
  -0.9258591586   1.5378469319  -4.2876334439
      
      
#  type   0  conf  1.0000
  -0.9258591586   1.5378469319  -4.2876334439
  -0.8661659829   1.4386968978  -4.3771630745
      
      
#  type   0  conf  1.0000
  -0.8661659829   1.4386968978  -4.3771630745
  -0.6830890487   1.1346071246  -4.5923153561
      
      
# 332  norm    -0.8607420270   -0.5090414158   -0.0000000000
# nedges  13 
#  type   0  conf  1.0000
   0.8870050002  -1.4998435456  -4.5810032736
   1.0693744426  -1.8082134319  -4.3573411677
      
      
#  type   0  conf  1.0000
   1.0693744426  -1.8082134319  -4.3573411677
   1.3516404996  -2.2854992686  -3.9281644292
      
      
#  type   0  conf  1.0000
   1.3516404996  -2.2854992686  -3.9281644292
   1.3508581981  -2.2841764691  -3.7523627420
      
      
#  type   0  conf  1.0000
   1.3508581981  -2.2841764691  -3.7523627420
   0.3548725331  -0.6000566831  -2.0584958735
      
      
#  type   0  conf  1.0000
   0.3548725331  -0.6000566831  -2.0584958735
   0.3147054537  -0.5321378611  -1.9929589011
      
      
#  type   0  conf  1.0000
   0.3147054537  -0.5321378611  -1.9929589011
   0.1089023042  -0.1841437399  -1.6690616996
      
      
#  type   4  conf  0.0000
#  type   0  conf  1.0000
   0.0836207233  -0.1413949211  -1.6745479641
  -0.1480286856   0.2503028377  -2.0552890780
      
      
#  type   0  conf  1.0000
  -0.1480286856   0.2503028377  -2.0552890780
  -1.1390827369   1.9260837204  -3.7835726039
      
      
#  type   0  conf  1.0000
  -1.1390827369   1.9260837204  -3.7835726039
  -1.1419400760   1.9309152170  -3.9375375829
      
      
#  type   0  conf  1.0000
  -1.1419400760   1.9309152170  -3.9375375829
  -0.8749529155   1.4794645832  -4.3575693545
      
      
#  type   0  conf  1.0000
  -0.8749529155   1.4794645832  -4.3575693545
  -0.8613899961   1.4565309390  -4.3764911873
      
      
#  type   0  conf  1.0000
  -0.8613899961   1.4565309390  -4.3764911873
  -0.6772188754   1.1451145810  -4.5938223432
      
      
# 333  norm    -0.8647134405   -0.5022655331    0.0000000000
# nedges  13 
#  type   0  conf  1.0000
   0.8743159872  -1.5052452050  -4.5781293359
   1.0565461236  -1.8189773602  -4.3578850899
      
      
#  type   0  conf  1.0000
   1.0565461236  -1.8189773602  -4.3578850899
   1.3303374347  -2.2903436217  -3.9278175293
      
      
#  type   0  conf  1.0000
   1.3303374347  -2.2903436217  -3.9278175293
   1.3317787059  -2.2928249517  -3.7578366959
      
      
#  type   0  conf  1.0000
   1.3317787059  -2.2928249517  -3.7578366959
   0.3558778052  -0.6126885105  -2.0728270390
      
      
#  type   0  conf  1.0000
   0.3558778052  -0.6126885105  -2.0728270390
   0.3234643485  -0.5568846581  -2.0187649486
      
      
#  type   0  conf  1.0000
   0.3234643485  -0.5568846581  -2.0187649486
   0.1000448340  -0.1722397953  -1.6618853377
      
      
#  type   0  conf  1.0000
   0.1000448340  -0.1722397953  -1.6618853377
   0.0699782578  -0.1204763937  -1.6869289370
      
      
#  type   0  conf  1.0000
   0.0699782578  -0.1204763937  -1.6869289370
  -0.1600074471   0.2754729937  -2.0720999715
      
      
#  type   0  conf  1.0000
  -0.1600074471   0.2754729937  -2.0720999715
  -1.1275249750   1.9411764018  -3.7860450985
      
      
#  type   0  conf  1.0000
  -1.1275249750   1.9411764018  -3.7860450985
  -1.1308608353   1.9469195060  -3.9333505323
      
      
#  type   0  conf  1.0000
  -1.1308608353   1.9469195060  -3.9333505323
  -0.8693198136   1.4966436622  -4.3586691911
      
      
#  type   0  conf  1.0000
  -0.8693198136   1.4966436622  -4.3586691911
  -0.8566299997   1.4747965477  -4.3763327780
      
      
#  type   0  conf  1.0000
  -0.8566299997   1.4747965477  -4.3763327780
  -0.6701962190   1.1538272887  -4.5941760213
      
      
# 334  norm    -0.8686315144   -0.4954586684    0.0000000000
# nedges  13 
#  type   0  conf  1.0000
   0.8575882030  -1.5035121736  -4.5808233887
   1.0456529427  -1.8332247614  -4.3556031224
      
      
#  type   0  conf  1.0000
   1.0456529427  -1.8332247614  -4.3556031224
   1.3112961040  -2.2989468007  -3.9230547343
      
      
#  type   0  conf  1.0000
   1.3112961040  -2.2989468007  -3.9230547343
   1.3092078912  -2.2952857741  -3.7560198885
      
      
#  type   0  conf  1.0000
   1.3092078912  -2.2952857741  -3.7560198885
   0.3398498399  -0.5958201963  -2.0582822089
      
      
#  type   0  conf  1.0000
   0.3398498399  -0.5958201963  -2.0582822089
   0.2998635317  -0.5257167353  -1.9913984940
      
      
#  type   0  conf  1.0000
   0.2998635317  -0.5257167353  -1.9913984940
   0.0986864705  -0.1730158010  -1.6704861380
      
      
#  type   4  conf  0.0000
#  type   0  conf  1.0000
   0.0746394165  -0.1308568273  -1.6722470800
  -0.1655603630   0.2902582153  -2.0769976469
      
      
#  type   0  conf  1.0000
  -0.1655603630   0.2902582153  -2.0769976469
  -1.1157306827   1.9560841183  -3.7881329411
      
      
#  type   0  conf  1.0000
  -1.1157306827   1.9560841183  -3.7881329411
  -1.1188586004   1.9615679418  -3.9318819236
      
      
#  type   0  conf  1.0000
  -1.1188586004   1.9615679418  -3.9318819236
  -0.8631957529   1.5133432553  -4.3592873311
      
      
#  type   0  conf  1.0000
  -0.8631957529   1.5133432553  -4.3592873311
  -0.8452066536   1.4818050068  -4.3838377876
      
      
#  type   0  conf  1.0000
  -0.8452066536   1.4818050068  -4.3838377876
  -0.6637539496   1.1636845518  -4.5926332508
      
      
# 335  norm    -0.8724960071   -0.4886212415    0.0000000000
# nedges  13 
#  type   0  conf  1.0000
   0.8449509411  -1.5087684687  -4.5788366803
   1.0321582212  -1.8430511205  -4.3564990742
      
      
#  type   0  conf  1.0000
   1.0321582212  -1.8430511205  -4.3564990742
   1.2895609999  -2.3026768543  -3.9241350023
      
      
#  type   0  conf  1.0000
   1.2895609999  -2.3026768543  -3.9241350023
   1.2908305639  -2.3049438239  -3.7624598802
      
      
#  type   0  conf  1.0000
   1.2908305639  -2.3049438239  -3.7624598802
   0.3401741839  -0.6074247126  -2.0713631761
      
      
#  type   0  conf  1.0000
   0.3401741839  -0.6074247126  -2.0713631761
   0.3020231582  -0.5393011543  -2.0059726675
      
      
#  type   0  conf  1.0000
   0.3020231582  -0.5393011543  -2.0059726675
   0.0940479995  -0.1679347869  -1.6699336130
      
      
#  type   4  conf  0.0000
#  type   0  conf  1.0000
   0.0678210842  -0.1211032599  -1.6764669174
  -0.1688365965   0.3014794359  -2.0794832323
      
      
#  type   0  conf  1.0000
  -0.1688365965   0.3014794359  -2.0794832323
  -1.1037577125   1.9709012118  -3.7906678554
      
      
#  type   0  conf  1.0000
  -1.1037577125   1.9709012118  -3.7906678554
  -1.1069873197   1.9766680903  -3.9284600729
      
      
#  type   0  conf  1.0000
  -1.1069873197   1.9766680903  -3.9284600729
  -0.8584612923   1.5328929367  -4.3565880345
      
      
#  type   0  conf  1.0000
  -0.8584612923   1.5328929367  -4.3565880345
  -0.8396085517   1.4992289459  -4.3835830369
      
      
#  type   0  conf  1.0000
  -0.8396085517   1.4992289459  -4.3835830369
  -0.6606683053   1.1797081449  -4.5879458269
      
      
# 336  norm    -0.8763066800   -0.4817536741    0.0000000000
# nedges  14 
#  type   0  conf  1.0000
   0.8273859085  -1.5050093805  -4.5825737053
   1.0203416089  -1.8559944965  -4.3549136901
      
      
#  type   0  conf  1.0000
   1.0203416089  -1.8559944965  -4.3549136901
   1.2703678031  -2.3107904554  -3.9193215203
      
      
#  type   0  conf  1.0000
   1.2703678031  -2.3107904554  -3.9193215203
   1.2702353606  -2.3105495434  -3.7978295969
      
      
#  type   0  conf  1.0000
   1.2702353606  -2.3105495434  -3.7978295969
   1.2615866303  -2.2948175614  -3.7498308024
      
      
#  type   0  conf  1.0000
   1.2615866303  -2.2948175614  -3.7498308024
   0.3331222585  -0.6059471387  -2.0720081459
      
      
#  type   0  conf  1.0000
   0.3331222585  -0.6059471387  -2.0720081459
   0.2991054093  -0.5440707198  -2.0126809212
      
      
#  type   0  conf  1.0000
   0.2991054093  -0.5440707198  -2.0126809212
   0.0891935878  -0.1622425339  -1.6705800662
      
      
#  type   4  conf  0.0000
#  type   0  conf  1.0000
   0.0672667903  -0.1223578373  -1.6689408498
  -0.1762959975   0.3206812290  -2.0892288118
      
      
#  type   0  conf  1.0000
  -0.1762959975   0.3206812290  -2.0892288118
  -1.0915388668   1.9855018278  -3.7924055427
      
      
#  type   0  conf  1.0000
  -1.0915388668   1.9855018278  -3.7924055427
  -1.0951498813   1.9920702389  -3.9247245566
      
      
#  type   0  conf  1.0000
  -1.0951498813   1.9920702389  -3.9247245566
  -0.8808349680   1.6022328588  -4.3062725131
      
      
#  type   0  conf  1.0000
  -0.8808349680   1.6022328588  -4.3062725131
  -0.8400727555   1.5280866694  -4.3759645714
      
      
#  type   0  conf  1.0000
  -0.8400727555   1.5280866694  -4.3759645714
  -0.6504711844   1.1832026920  -4.5922494713
      
      
# 337  norm    -0.8800632983   -0.4748563899    0.0000000000
# nedges  14 
#  type   0  conf  1.0000
   0.8159580613  -1.5122356106  -4.5790777111
   1.0073142662  -1.8668808810  -4.3549959272
      
      
#  type   0  conf  1.0000
   1.0073142662  -1.8668808810  -4.3549959272
   1.2500861169  -2.3168160619  -3.9168046714
      
      
#  type   0  conf  1.0000
   1.2500861169  -2.3168160619  -3.9168046714
   1.2494941127  -2.3157188857  -3.7893276605
      
      
#  type   0  conf  1.0000
   1.2494941127  -2.3157188857  -3.7893276605
   1.2399492089  -2.2980290754  -3.7498577475
      
      
#  type   0  conf  1.0000
   1.2399492089  -2.2980290754  -3.7498577475
   0.3241811501  -0.6008130844  -2.0687641680
      
      
#  type   0  conf  1.0000
   0.3241811501  -0.6008130844  -2.0687641680
   0.2936413728  -0.5442129465  -2.0151952595
      
      
#  type   0  conf  1.0000
   0.2936413728  -0.5442129465  -2.0151952595
   0.0842430897  -0.1561298384  -1.6694394720
      
      
#  type   4  conf  0.0000
#  type   0  conf  1.0000
   0.0596771319  -0.1106011305  -1.6747429902
  -0.1803852429   0.3343125105  -2.0936265383
      
      
#  type   0  conf  1.0000
  -0.1803852429   0.3343125105  -2.0936265383
  -1.0797762119   2.0011764288  -3.7951958985
      
      
#  type   0  conf  1.0000
  -1.0797762119   2.0011764288  -3.7951958985
  -1.0822946675   2.0058439459  -3.9237946328
      
      
#  type   0  conf  1.0000
  -1.0822946675   2.0058439459  -3.9237946328
  -0.8446002807   1.5653189566  -4.3583667747
      
      
#  type   0  conf  1.0000
  -0.8446002807   1.5653189566  -4.3583667747
  -0.8342239885   1.5460883133  -4.3744339225
      
      
#  type   0  conf  1.0000
  -0.8342239885   1.5460883133  -4.3744339225
  -0.6434227214   1.1924715230  -4.5936865699
      
      
# 338  norm    -0.8837656301   -0.4679298143    0.0000000000
# nedges  13 
#  type   0  conf  1.0000
   0.7977600535  -1.5067065505  -4.5834168360
   0.9940740768  -1.8774792203  -4.3547932402
      
      
#  type   0  conf  1.0000
   0.9940740768  -1.8774792203  -4.3547932402
   1.2291871801  -2.3215306005  -3.9153664590
      
      
#  type   0  conf  1.0000
   1.2291871801  -2.3215306005  -3.9153664590
   1.2299021302  -2.3228809064  -3.7717611199
      
      
#  type   0  conf  1.0000
   1.2299021302  -2.3228809064  -3.7717611199
   0.3025644058  -0.5714447222  -2.0417902032
      
      
#  type   0  conf  1.0000
   0.3025644058  -0.5714447222  -2.0417902032
   0.0800450986  -0.1511788837  -1.6694127390
      
      
#  type   4  conf  0.0000
#  type   0  conf  1.0000
   0.0584790938  -0.1104477886  -1.6699013652
  -0.1635807495   0.3089502737  -2.0612338318
      
      
#  type   0  conf  1.0000
  -0.1635807495   0.3089502737  -2.0612338318
  -0.2238087170   0.4227011097  -2.1744148378
      
      
#  type   0  conf  1.0000
  -0.2238087170   0.4227011097  -2.1744148378
  -1.0671498005   2.0154952453  -3.7952897541
      
      
#  type   0  conf  1.0000
  -1.0671498005   2.0154952453  -3.7952897541
  -1.0702933571   2.0214323907  -3.9199295264
      
      
#  type   0  conf  1.0000
  -1.0702933571   2.0214323907  -3.9199295264
  -0.8526679194   1.6104094634  -4.3306460671
      
      
#  type   0  conf  1.0000
  -0.8526679194   1.6104094634  -4.3306460671
  -0.8283436199   1.5644688559  -4.3733962461
      
      
#  type   0  conf  1.0000
  -0.8283436199   1.5644688559  -4.3733962461
  -0.6357025880   1.2006332597  -4.5940120705
      
      
# 339  norm    -0.8874134471   -0.4609743745    0.0000000000
# nedges  13 
#  type   0  conf  1.0000
   0.7858621249  -1.5128489904  -4.5798626759
   0.9814716927  -1.8894134384  -4.3539474267
      
      
#  type   0  conf  1.0000
   0.9814716927  -1.8894134384  -4.3539474267
   1.2098215043  -2.3290055387  -3.9093753226
      
      
#  type   0  conf  1.0000
   1.2098215043  -2.3290055387  -3.9093753226
   1.2092846307  -2.3279720130  -3.7751080552
      
      
#  type   0  conf  1.0000
   1.2092846307  -2.3279720130  -3.7751080552
   0.3111773691  -0.5990419360  -2.0711955200
      
      
#  type   0  conf  1.0000
   0.3111773691  -0.5990419360  -2.0711955200
   0.2739549714  -0.5273857701  -2.0056574210
      
      
#  type   0  conf  1.0000
   0.2739549714  -0.5273857701  -2.0056574210
   0.0751624458  -0.1446938675  -1.6696524835
      
      
#  type   4  conf  0.0000
#  type   0  conf  1.0000
   0.0519842159  -0.1000738756  -1.6727777019
  -0.1824020244   0.3511388446  -2.0918585652
      
      
#  type   0  conf  1.0000
  -0.1824020244   0.3511388446  -2.0918585652
  -1.0545962743   2.0301842504  -3.7937137758
      
      
#  type   0  conf  1.0000
  -1.0545962743   2.0301842504  -3.7937137758
  -1.0577262785   2.0362097650  -3.9192481059
      
      
#  type   0  conf  1.0000
  -1.0577262785   2.0362097650  -3.9192481059
  -0.8578732983   1.6514764005  -4.3065106206
      
      
#  type   0  conf  1.0000
  -0.8578732983   1.6514764005  -4.3065106206
  -0.8227609839   1.5838823179  -4.3719488970
      
      
#  type   0  conf  1.0000
  -0.8227609839   1.5838823179  -4.3719488970
  -0.6291824727   1.2112278204  -4.5940083405
      
      
# 340  norm    -0.8910065242   -0.4539904997   -0.0000000000
# nedges  12 
#  type   0  conf  1.0000
   0.7678436793  -1.5069780716  -4.5839136392
   0.9682960233  -1.9003879479  -4.3533625698
      
      
#  type   0  conf  1.0000
   0.9682960233  -1.9003879479  -4.3533625698
   1.1894631934  -2.3344529593  -3.9069434348
      
      
#  type   0  conf  1.0000
   1.1894631934  -2.3344529593  -3.9069434348
   1.1894752183  -2.3344765595  -3.7783421869
      
      
#  type   0  conf  1.0000
   1.1894752183  -2.3344765595  -3.7783421869
   0.2975201185  -0.5839161102  -2.0587239679
      
      
#  type   0  conf  1.0000
   0.2975201185  -0.5839161102  -2.0587239679
   0.0669619780  -0.1314202816  -1.6621891007
      
      
#  type   0  conf  1.0000
   0.0669619780  -0.1314202816  -1.6621891007
   0.0403084496  -0.0791097867  -1.6846640252
      
      
#  type   0  conf  1.0000
   0.0403084496  -0.0791097867  -1.6846640252
  -0.1868824492   0.3667774581  -2.0979747010
      
      
#  type   0  conf  1.0000
  -0.1868824492   0.3667774581  -2.0979747010
  -1.0431683021   2.0473330687  -3.7938279181
      
      
#  type   0  conf  1.0000
  -1.0431683021   2.0473330687  -3.7938279181
  -1.0443347568   2.0496223649  -3.9202983899
      
      
#  type   0  conf  1.0000
  -1.0443347568   2.0496223649  -3.9202983899
  -0.8271162993   1.6233071382  -4.3524578161
      
      
#  type   0  conf  1.0000
  -0.8271162993   1.6233071382  -4.3524578161
  -0.8153450606   1.6002047816  -4.3728423938
      
      
#  type   0  conf  1.0000
  -0.8153450606   1.6002047816  -4.3728423938
  -0.6221473934   1.2210330102  -4.5931384942
      
      
# 341  norm    -0.8945446398   -0.4469786207    0.0000000000
# nedges  13 
#  type   0  conf  1.0000
   0.7566557359  -1.5143058336  -4.5794091064
   0.9551897069  -1.9116346797  -4.3528149737
      
      
#  type   0  conf  1.0000
   0.9551897069  -1.9116346797  -4.3528149737
   1.1701391435  -2.3418160294  -3.9020486706
      
      
#  type   0  conf  1.0000
   1.1701391435  -2.3418160294  -3.9020486706
   1.1689890505  -2.3395143320  -3.7789989486
      
      
#  type   0  conf  1.0000
   1.1689890505  -2.3395143320  -3.7789989486
   0.3229949162  -0.6464142972  -2.1226372445
      
      
#  type   0  conf  1.0000
   0.3229949162  -0.6464142972  -2.1226372445
   0.2681311983  -0.5366147622  -2.0194731603
      
      
#  type   0  conf  1.0000
   0.2681311983  -0.5366147622  -2.0194731603
   0.0655015744  -0.1310892279  -1.6686899388
      
      
#  type   4  conf  0.0000
#  type   0  conf  1.0000
   0.0444412424  -0.0889408873  -1.6710078754
  -0.1817766567   0.3637921958  -2.0856810521
      
      
#  type   0  conf  1.0000
  -0.1817766567   0.3637921958  -2.0856810521
  -1.0300003558   2.0613542902  -3.7897497699
      
      
#  type   0  conf  1.0000
  -1.0300003558   2.0613542902  -3.7897497699
  -1.0330804319   2.0675184900  -3.9170772863
      
      
#  type   0  conf  1.0000
  -1.0330804319   2.0675184900  -3.9170772863
  -0.8314649938   1.6640226601  -4.3284747707
      
      
#  type   0  conf  1.0000
  -0.8314649938   1.6640226601  -4.3284747707
  -0.8084462896   1.6179550017  -4.3723830217
      
      
#  type   0  conf  1.0000
  -0.8084462896   1.6179550017  -4.3723830217
  -0.6144519986   1.2297114814  -4.5936402198
      
      
# 342  norm    -0.8980275758   -0.4399391699    0.0000000000
# nedges  13 
#  type   0  conf  1.0000
   0.7387155386  -1.5079060238  -4.5833290043
   0.9409301448  -1.9206773909  -4.3531388041
      
      
#  type   0  conf  1.0000
   0.9409301448  -1.9206773909  -4.3531388041
   1.1500574852  -2.3475594041  -3.9015408630
      
      
#  type   0  conf  1.0000
   1.1500574852  -2.3475594041  -3.9015408630
   1.1499723459  -2.3473856131  -3.7809243694
      
      
#  type   0  conf  1.0000
   1.1499723459  -2.3473856131  -3.7809243694
   0.2838033037  -0.5793146195  -2.0596799710
      
      
#  type   0  conf  1.0000
   0.2838033037  -0.5793146195  -2.0596799710
   0.0621109612  -0.1267842459  -1.6697681617
      
      
#  type   4  conf  0.0000
#  type   0  conf  1.0000
   0.0384733850  -0.0785339497  -1.6749853695
  -0.1367320735   0.2791048875  -1.9999714862
      
      
#  type   0  conf  1.0000
  -0.1367320735   0.2791048875  -1.9999714862
  -0.1887224833   0.3852305176  -2.0980478618
      
      
#  type   0  conf  1.0000
  -0.1887224833   0.3852305176  -2.0980478618
  -1.0172792045   2.0765252118  -3.7857142072
      
      
#  type   0  conf  1.0000
  -1.0172792045   2.0765252118  -3.7857142072
  -1.0199482053   2.0819733203  -3.9185001690
      
      
#  type   0  conf  1.0000
  -1.0199482053   2.0819733203  -3.9185001690
  -0.8215715407   1.6770361668  -4.3325321447
      
      
#  type   0  conf  1.0000
  -0.8215715407   1.6770361668  -4.3325321447
  -0.8010991306   1.6352467784  -4.3718248079
      
      
#  type   0  conf  1.0000
  -0.8010991306   1.6352467784  -4.3718248079
  -0.6069355376   1.2389095739  -4.5939202454
      
      
# 343  norm    -0.9014551171   -0.4328725815    0.0000000000
# nedges  14 
#  type   0  conf  1.0000
   0.7269598491  -1.5138904701  -4.5800454826
   0.9270911938  -1.9306630551  -4.3530590276
      
      
#  type   0  conf  1.0000
   0.9270911938  -1.9306630551  -4.3530590276
   1.1311180311  -2.3555479852  -3.8987546349
      
      
#  type   0  conf  1.0000
   1.1311180311  -2.3555479852  -3.8987546349
   1.1306700448  -2.3546150556  -3.7806992104
      
      
#  type   0  conf  1.0000
   1.1306700448  -2.3546150556  -3.7806992104
   0.2822046747  -0.5876899091  -2.0706561991
      
      
#  type   0  conf  1.0000
   0.2822046747  -0.5876899091  -2.0706561991
   0.2454860375  -0.5112235196  -2.0029682903
      
      
#  type   0  conf  1.0000
   0.2454860375  -0.5112235196  -2.0029682903
   0.0657747528  -0.1369756136  -1.6840934156
      
      
#  type   0  conf  1.0000
   0.0657747528  -0.1369756136  -1.6840934156
   0.0417067338  -0.0868540771  -1.6616701181
      
      
#  type   0  conf  1.0000
   0.0417067338  -0.0868540771  -1.6616701181
  -0.1353447877   0.2818548844  -1.9948898662
      
      
#  type   0  conf  1.0000
  -0.1353447877   0.2818548844  -1.9948898662
  -0.1889859483   0.3935623493  -2.0975416541
      
      
#  type   0  conf  1.0000
  -0.1889859483   0.3935623493  -2.0975416541
  -1.0050894100   2.0930939738  -3.7848146441
      
      
#  type   0  conf  1.0000
  -1.0050894100   2.0930939738  -3.7848146441
  -1.0064966072   2.0960244554  -3.9209428791
      
      
#  type   0  conf  1.0000
  -1.0064966072   2.0960244554  -3.9209428791
  -0.8002718799   1.6665624297  -4.3590523086
      
      
#  type   0  conf  1.0000
  -0.8002718799   1.6665624297  -4.3590523086
  -0.7886051261   1.6422664697  -4.3773338912
      
      
#  type   0  conf  1.0000
  -0.7886051261   1.6422664697  -4.3773338912
  -0.5987513149   1.2468968000  -4.5932624444
      
      
# 344  norm    -0.9048270525   -0.4257792916    0.0000000000
# nedges  15 
#  type   0  conf  1.0000
   0.7137172386  -1.5167263370  -4.5784720182
   0.9122933933  -1.9387221463  -4.3537954531
      
      
#  type   0  conf  1.0000
   0.9122933933  -1.9387221463  -4.3537954531
   1.1117648115  -2.3626204876  -3.8988077840
      
      
#  type   0  conf  1.0000
   1.1117648115  -2.3626204876  -3.8988077840
   1.1110617550  -2.3611264164  -3.7788845622
      
      
#  type   0  conf  1.0000
   1.1110617550  -2.3611264164  -3.7788845622
   0.3004033995  -0.6383897194  -2.1228538744
      
      
#  type   0  conf  1.0000
   0.3004033995  -0.6383897194  -2.1228538744
   0.2481808323  -0.5274111152  -2.0196085286
      
      
#  type   0  conf  1.0000
   0.2481808323  -0.5274111152  -2.0196085286
   0.0532217777  -0.1131020347  -1.6697872127
      
      
#  type   4  conf  0.0000
#  type   0  conf  1.0000
   0.0314952289  -0.0669307683  -1.6733714190
  -0.1761125016   0.3742581164  -2.0698583160
      
      
#  type   0  conf  1.0000
  -0.1761125016   0.3742581164  -2.0698583160
  -0.2640399591   0.5611134750  -2.2537337488
      
      
#  type   0  conf  1.0000
  -0.2640399591   0.5611134750  -2.2537337488
  -0.9800101047   2.0826274833  -3.7551463867
      
      
#  type   0  conf  1.0000
  -0.9800101047   2.0826274833  -3.7551463867
  -0.9921796526   2.1084890890  -3.8158839670
      
      
#  type   0  conf  1.0000
  -0.9921796526   2.1084890890  -3.8158839670
  -0.9939640749   2.1122811794  -3.9221540330
      
      
#  type   0  conf  1.0000
  -0.9939640749   2.1122811794  -3.9221540330
  -0.7921771074   1.6834620455  -4.3592726388
      
      
#  type   0  conf  1.0000
  -0.7921771074   1.6834620455  -4.3592726388
  -0.7810575464   1.6598317757  -4.3766548257
      
      
#  type   0  conf  1.0000
  -0.7810575464   1.6598317757  -4.3766548257
  -0.5908775359   1.2556786810  -4.5933403561
      
      
# 345  norm    -0.9081431738   -0.4186597375    0.0000000000
# nedges  14 
#  type   0  conf  1.0000
   0.6976116054  -1.5132365513  -4.5800584994
   0.8972196614  -1.9462198962  -4.3544676574
      
      
#  type   0  conf  1.0000
   0.8972196614  -1.9462198962  -4.3544676574
   1.0926062731  -2.3700462205  -3.9004356750
      
      
#  type   0  conf  1.0000
   1.0926062731  -2.3700462205  -3.9004356750
   1.0912354069  -2.3670725817  -3.7751692986
      
      
#  type   0  conf  1.0000
   1.0912354069  -2.3670725817  -3.7751692986
   0.2556031611  -0.5544461173  -2.0457033656
      
      
#  type   0  conf  1.0000
   0.2556031611  -0.5544461173  -2.0457033656
   0.0544484451  -0.1181078077  -1.6780761308
      
      
#  type   4  conf  0.0000
#  type   0  conf  1.0000
   0.0325992829  -0.0707133111  -1.6650694945
  -0.1564016377   0.3392613785  -2.0304457616
      
      
#  type   0  conf  1.0000
  -0.1564016377   0.3392613785  -2.0304457616
  -0.1829563081   0.3968629114  -2.0832181371
      
      
#  type   0  conf  1.0000
  -0.1829563081   0.3968629114  -2.0832181371
  -0.9627924899   2.0884583568  -3.7425311638
      
      
#  type   0  conf  1.0000
  -0.9627924899   2.0884583568  -3.7425311638
  -0.9781133961   2.1216919714  -3.8023496202
      
      
#  type   0  conf  1.0000
  -0.9781133961   2.1216919714  -3.8023496202
  -0.9811943527   2.1283750828  -3.9235135794
      
      
#  type   0  conf  1.0000
  -0.9811943527   2.1283750828  -3.9235135794
  -0.7894115350   1.7123659922  -4.3457289376
      
      
#  type   0  conf  1.0000
  -0.7894115350   1.7123659922  -4.3457289376
  -0.7731107247   1.6770068013  -4.3762136990
      
      
#  type   0  conf  1.0000
  -0.7731107247   1.6770068013  -4.3762136990
  -0.5828688742   1.2643403268  -4.5926165714
      
      
# 346  norm    -0.9114032766   -0.4115143586    0.0000000000
# nedges  16 
#  type   0  conf  1.0000
   0.6838028030  -1.5144553335  -4.5794534299
   0.8823467830  -1.9541815064  -4.3550293759
      
      
#  type   0  conf  1.0000
   0.8823467830  -1.9541815064  -4.3550293759
   1.0732778294  -2.3770469000  -3.9025666146
      
      
#  type   0  conf  1.0000
   1.0732778294  -2.3770469000  -3.9025666146
   1.0722234267  -2.3747116569  -3.7732422781
      
      
#  type   0  conf  1.0000
   1.0722234267  -2.3747116569  -3.7732422781
   0.2544288424  -0.5634974230  -2.0576242202
      
      
#  type   0  conf  1.0000
   0.2544288424  -0.5634974230  -2.0576242202
   0.2278971953  -0.5047363383  -2.0058910269
      
      
#  type   0  conf  1.0000
   0.2278971953  -0.5047363383  -2.0058910269
   0.0452212284  -0.1001539189  -1.6692578396
      
      
#  type   4  conf  0.0000
#  type   0  conf  1.0000
   0.0249707018  -0.0553039742  -1.6721745796
  -0.1704708204   0.3775510163  -2.0569676125
      
      
#  type   0  conf  1.0000
  -0.1704708204   0.3775510163  -2.0569676125
  -0.1969790526   0.4362602428  -2.1127329926
      
      
#  type   0  conf  1.0000
  -0.1969790526   0.4362602428  -2.1127329926
  -0.9522173178   2.1089275874  -3.7454623590
      
      
#  type   0  conf  1.0000
  -0.9522173178   2.1089275874  -3.7454623590
  -0.9651493852   2.1375689420  -3.8159819099
      
      
#  type   0  conf  1.0000
  -0.9651493852   2.1375689420  -3.8159819099
  -0.9663162553   2.1401532727  -3.9063399466
      
      
#  type   0  conf  1.0000
  -0.9663162553   2.1401532727  -3.9063399466
  -0.9587063397   2.1232991779  -3.9471793373
      
      
#  type   0  conf  1.0000
  -0.9587063397   2.1232991779  -3.9471793373
  -0.7816429646   1.7311472715  -4.3425261851
      
      
#  type   0  conf  1.0000
  -0.7816429646   1.7311472715  -4.3425261851
  -0.7655939320   1.6956026044  -4.3746499782
      
      
#  type   0  conf  1.0000
  -0.7655939320   1.6956026044  -4.3746499782
  -0.5745974095   1.2725921970  -4.5928052503
      
      
# 347  norm    -0.9146071598   -0.4043435955    0.0000000000
# nedges  14 
#  type   0  conf  1.0000
   0.6687960621  -1.5127868318  -4.5793601786
   0.8666987339  -1.9604338394  -4.3564442442
      
      
#  type   0  conf  1.0000
   0.8666987339  -1.9604338394  -4.3564442442
   1.0535434516  -2.3830682486  -3.9076518430
      
      
#  type   0  conf  1.0000
   1.0535434516  -2.3830682486  -3.9076518430
   1.0532171307  -2.3823301252  -3.7713789355
      
      
#  type   0  conf  1.0000
   1.0532171307  -2.3823301252  -3.7713789355
   0.2370135635  -0.5361140984  -2.0356884981
      
      
#  type   0  conf  1.0000
   0.2370135635  -0.5361140984  -2.0356884981
   0.0463286353  -0.1047933045  -1.6780515329
      
      
#  type   4  conf  0.0000
#  type   0  conf  1.0000
   0.0240257110  -0.0543450856  -1.6675343145
  -0.1673630716   0.3785677955  -2.0493266811
      
      
#  type   0  conf  1.0000
  -0.1673630716   0.3785677955  -2.0493266811
  -0.1987687085   0.4496059439  -2.1160346676
      
      
#  type   0  conf  1.0000
  -0.1987687085   0.4496059439  -2.1160346676
  -0.9370100479   2.1194748925  -3.7373200085
      
      
#  type   0  conf  1.0000
  -0.9370100479   2.1194748925  -3.7373200085
  -0.9518209282   2.1529764423  -3.8031135815
      
      
#  type   0  conf  1.0000
  -0.9518209282   2.1529764423  -3.8031135815
  -0.9529253317   2.1554745538  -3.9341292230
      
      
#  type   0  conf  1.0000
  -0.9529253317   2.1554745538  -3.9341292230
  -0.7785936159   1.7611439963  -4.3291870788
      
      
#  type   0  conf  1.0000
  -0.7785936159   1.7611439963  -4.3291870788
  -0.7576264972   1.7137173098  -4.3739390096
      
      
#  type   0  conf  1.0000
  -0.7576264972   1.7137173098  -4.3739390096
  -0.5661312072   1.2805635140  -4.5932473775
      
      
# 348  norm    -0.9177546257   -0.3971478906   -0.0000000000
# nedges  16 
#  type   0  conf  1.0000
   0.6543643714  -1.5121468423  -4.5791288777
   0.8463012365  -1.9556867677  -4.3627985901
      
      
#  type   0  conf  1.0000
   0.8463012365  -1.9556867677  -4.3627985901
   0.8564535509  -1.9791473819  -4.3456902881
      
      
#  type   0  conf  1.0000
   0.8564535509  -1.9791473819  -4.3456902881
   1.0347530155  -2.3911731343  -3.9086345938
      
      
#  type   0  conf  1.0000
   1.0347530155  -2.3911731343  -3.9086345938
   1.0339668483  -2.3893564092  -3.7693759799
      
      
#  type   0  conf  1.0000
   1.0339668483  -2.3893564092  -3.7693759799
   0.2303076947  -0.5322096808  -2.0358023557
      
      
#  type   0  conf  1.0000
   0.2303076947  -0.5322096808  -2.0358023557
   0.0408000557  -0.0942833658  -1.6748806439
      
      
#  type   4  conf  0.0000
#  type   0  conf  1.0000
   0.0204114420  -0.0471680595  -1.6678615270
  -0.1696814283   0.3921106454  -2.0527410287
      
      
#  type   0  conf  1.0000
  -0.1696814283   0.3921106454  -2.0527410287
  -0.2155697342   0.4981522637  -2.1535714675
      
      
#  type   0  conf  1.0000
  -0.2155697342   0.4981522637  -2.1535714675
  -0.9252339911   2.1380896013  -3.7370654181
      
      
#  type   0  conf  1.0000
  -0.9252339911   2.1380896013  -3.7370654181
  -0.9382158524   2.1680889127  -3.8029763488
      
      
#  type   0  conf  1.0000
  -0.9382158524   2.1680889127  -3.8029763488
  -0.9398228952   2.1718025697  -3.9155375857
      
      
#  type   0  conf  1.0000
  -0.9398228952   2.1718025697  -3.9155375857
  -0.9281087539   2.1447327863  -3.9661254384
      
      
#  type   0  conf  1.0000
  -0.9281087539   2.1447327863  -3.9661254384
  -0.7543170014   1.7431237421  -4.3625943277
      
      
#  type   0  conf  1.0000
  -0.7543170014   1.7431237421  -4.3625943277
  -0.7439610252   1.7191924929  -4.3792081943
      
      
#  type   0  conf  1.0000
  -0.7439610252   1.7191924929  -4.3792081943
  -0.5576081350   1.2885563723  -4.5928755716
      
      
# 349  norm    -0.9208454801   -0.3899276878    0.0000000000
# nedges  16 
#  type   0  conf  1.0000
   0.6393763148  -1.5099384015  -4.5796529183
   0.8308544782  -1.9621294277  -4.3634150444
      
      
#  type   0  conf  1.0000
   0.8308544782  -1.9621294277  -4.3634150444
   0.8409851894  -1.9860539140  -4.3468351567
      
      
#  type   0  conf  1.0000
   0.8409851894  -1.9860539140  -4.3468351567
   1.0155476045  -2.3982970452  -3.9110008684
      
      
#  type   0  conf  1.0000
   1.0155476045  -2.3982970452  -3.9110008684
   1.0150133096  -2.3970352651  -3.7683835045
      
      
#  type   0  conf  1.0000
   1.0150133096  -2.3970352651  -3.7683835045
   0.2215744740  -0.5232658754  -2.0313854476
      
      
#  type   0  conf  1.0000
   0.2215744740  -0.5232658754  -2.0313854476
   0.0396412948  -0.0936160942  -1.6797403956
      
      
#  type   4  conf  0.0000
#  type   0  conf  1.0000
   0.0181067304  -0.0427604949  -1.6651513026
  -0.1728556799   0.4082125393  -2.0585097439
      
      
#  type   0  conf  1.0000
  -0.1728556799   0.4082125393  -2.0585097439
  -0.2131799628   0.5034415646  -2.1487574224
      
      
#  type   0  conf  1.0000
  -0.2131799628   0.5034415646  -2.1487574224
  -0.9127618218   2.1555601829  -3.7371608689
      
      
#  type   0  conf  1.0000
  -0.9127618218   2.1555601829  -3.7371608689
  -0.9244499563   2.1831626491  -3.8159262848
      
      
#  type   0  conf  1.0000
  -0.9244499563   2.1831626491  -3.8159262848
  -0.9261538375   2.1871865013  -3.9131662448
      
      
#  type   0  conf  1.0000
  -0.9261538375   2.1871865013  -3.9131662448
  -0.9184682352   2.1690363356  -3.9595645283
      
      
#  type   0  conf  1.0000
  -0.9184682352   2.1690363356  -3.9595645283
  -0.7410723722   1.7501017901  -4.3718135731
      
      
#  type   0  conf  1.0000
  -0.7410723722   1.7501017901  -4.3718135731
  -0.7354562692   1.7368389128  -4.3782547272
      
      
#  type   0  conf  1.0000
  -0.7354562692   1.7368389128  -4.3782547272
  -0.5493269194   1.2972795385  -4.5926360283
      
      
# 350  norm    -0.9238795325   -0.3826834324    0.0000000000
# nedges  15 
#  type   0  conf  1.0000
   0.6244791273  -1.5076259785  -4.5797393592
   0.8218134479  -1.9840331717  -4.3567276561
      
      
#  type   0  conf  1.0000
   0.8218134479  -1.9840331717  -4.3567276561
   0.9962406606  -2.4051377143  -3.9145879967
      
      
#  type   0  conf  1.0000
   0.9962406606  -2.4051377143  -3.9145879967
   0.9958226717  -2.4041285999  -3.7674645392
      
      
#  type   0  conf  1.0000
   0.9958226717  -2.4041285999  -3.7674645392
   0.2158542450  -0.5211182458  -2.0329632887
      
      
#  type   0  conf  1.0000
   0.2158542450  -0.5211182458  -2.0329632887
   0.0341270430  -0.0823899700  -1.6766486596
      
      
#  type   4  conf  0.0000
#  type   0  conf  1.0000
   0.0134478101  -0.0324658856  -1.6674469780
  -0.1729714015   0.4175899035  -2.0588835905
      
      
#  type   0  conf  1.0000
  -0.1729714015   0.4175899035  -2.0588835905
  -0.2072337544   0.5003065404  -2.1364038519
      
      
#  type   0  conf  1.0000
  -0.2072337544   0.5003065404  -2.1364038519
  -0.9003936863   2.1737426489  -3.7372685141
      
      
#  type   0  conf  1.0000
  -0.9003936863   2.1737426489  -3.7372685141
  -0.9104973855   2.1981351365  -3.8029956874
      
      
#  type   0  conf  1.0000
  -0.9104973855   2.1981351365  -3.8029956874
  -0.9121878496   2.2022162779  -3.9189237300
      
      
#  type   0  conf  1.0000
  -0.9121878496   2.2022162779  -3.9189237300
  -0.9031778069   2.1804641106  -3.9663288711
      
      
#  type   0  conf  1.0000
  -0.9031778069   2.1804641106  -3.9663288711
  -0.7320519060   1.7673296398  -4.3705922677
      
      
#  type   0  conf  1.0000
  -0.7320519060   1.7673296398  -4.3705922677
  -0.7211957136   1.7411204729  -4.3839575500
      
      
#  type   0  conf  1.0000
  -0.7211957136   1.7411204729  -4.3839575500
  -0.5403633084   1.3045524278  -4.5930077565
      
      
# 351  norm    -0.9268565956   -0.3754155712    0.0000000000
# nedges  15 
#  type   0  conf  1.0000
   0.6101975526  -1.5065055091  -4.5797345659
   0.8062327555  -1.9904932142  -4.3575112208
      
      
#  type   0  conf  1.0000
   0.8062327555  -1.9904932142  -4.3575112208
   0.9771348050  -2.4124301395  -3.9169366592
      
      
#  type   0  conf  1.0000
   0.9771348050  -2.4124301395  -3.9169366592
   0.9766728278  -2.4112895725  -3.7666769395
      
      
#  type   0  conf  1.0000
   0.9766728278  -2.4112895725  -3.7666769395
   0.2175837269  -0.5371884594  -2.0510366385
      
      
#  type   0  conf  1.0000
   0.2175837269  -0.5371884594  -2.0510366385
   0.1964411712  -0.4849899927  -2.0064398980
      
      
#  type   0  conf  1.0000
   0.1964411712  -0.4849899927  -2.0064398980
   0.0288491763  -0.0712252004  -1.6731729493
      
      
#  type   4  conf  0.0000
#  type   0  conf  1.0000
   0.0083275579  -0.0205597546  -1.6718694653
  -0.1652567985   0.4079994688  -2.0431946784
      
      
#  type   0  conf  1.0000
  -0.1652567985   0.4079994688  -2.0431946784
  -0.1953353713   0.4822599037  -2.1107603420
      
      
#  type   0  conf  1.0000
  -0.1953353713   0.4822599037  -2.1107603420
  -0.8870349684   2.1899843108  -3.7363951774
      
      
#  type   0  conf  1.0000
  -0.8870349684   2.1899843108  -3.7363951774
  -0.8964595824   2.2132525668  -3.8029814459
      
      
#  type   0  conf  1.0000
  -0.8964595824   2.2132525668  -3.8029814459
  -0.8973279926   2.2153965690  -3.9470758718
      
      
#  type   0  conf  1.0000
  -0.8973279926   2.2153965690  -3.9470758718
  -0.7268641859   1.7945416132  -4.3589565461
      
      
#  type   0  conf  1.0000
  -0.7268641859   1.7945416132  -4.3589565461
  -0.7179374795   1.7725026320  -4.3756854151
      
      
#  type   0  conf  1.0000
  -0.7179374795   1.7725026320  -4.3756854151
  -0.5316245557   1.3125180829  -4.5929732884
      
      
# 352  norm    -0.9297764859   -0.3681245527    0.0000000000
# nedges  15 
#  type   0  conf  1.0000
   0.5956577456  -1.5044597311  -4.5796518935
   0.7906293642  -1.9969018272  -4.3578940915
      
      
#  type   0  conf  1.0000
   0.7906293642  -1.9969018272  -4.3578940915
   0.9571367559  -2.4174514927  -3.9211373820
      
      
#  type   0  conf  1.0000
   0.9571367559  -2.4174514927  -3.9211373820
   0.9576692921  -2.4187965256  -3.7662362672
      
      
#  type   0  conf  1.0000
   0.9576692921  -2.4187965256  -3.7662362672
   0.2132617569  -0.5386377124  -2.0562131301
      
      
#  type   0  conf  1.0000
   0.2132617569  -0.5386377124  -2.0562131301
   0.1944228563  -0.4910560809  -2.0144865197
      
      
#  type   0  conf  1.0000
   0.1944228563  -0.4910560809  -2.0144865197
   0.0235314988  -0.0594337815  -1.6697093281
      
      
#  type   4  conf  0.0000
#  type   0  conf  1.0000
   0.0037263976  -0.0094118060  -1.6751650683
  -0.1715416513   0.4332647538  -2.0569353835
      
      
#  type   0  conf  1.0000
  -0.1715416513   0.4332647538  -2.0569353835
  -0.1951541865   0.4929032101  -2.1122878483
      
      
#  type   0  conf  1.0000
  -0.1951541865   0.4929032101  -2.1122878483
  -0.8705683822   2.1988047393  -3.7273290843
      
      
#  type   0  conf  1.0000
  -0.8705683822   2.1988047393  -3.7273290843
  -0.8807206267   2.2244463819  -3.7772692392
      
      
#  type   0  conf  1.0000
  -0.8807206267   2.2244463819  -3.7772692392
  -0.8838586548   2.2323721363  -3.9464638954
      
      
#  type   0  conf  1.0000
  -0.8838586548   2.2323721363  -3.9464638954
  -0.7223950462   1.8245616126  -4.3456029538
      
      
#  type   0  conf  1.0000
  -0.7223950462   1.8245616126  -4.3456029538
  -0.7089431093   1.7905858983  -4.3747314863
      
      
#  type   0  conf  1.0000
  -0.7089431093   1.7905858983  -4.3747314863
  -0.5227070262   1.3202072462  -4.5926272341
      
      
# 353  norm    -0.9326390231   -0.3608108265    0.0000000000
# nedges  16 
#  type   0  conf  1.0000
   0.5813847445  -1.5027877779  -4.5792167650
   0.7750686016  -2.0034299705  -4.3586663076
      
      
#  type   0  conf  1.0000
   0.7750686016  -2.0034299705  -4.3586663076
   0.9386823504  -2.4263456805  -3.9201355110
      
      
#  type   0  conf  1.0000
   0.9386823504  -2.4263456805  -3.9201355110
   0.9382553241  -2.4252418850  -3.7655292284
      
      
#  type   0  conf  1.0000
   0.9382553241  -2.4252418850  -3.7655292284
   0.2000142394  -0.5170052314  -2.0399202277
      
      
#  type   0  conf  1.0000
   0.2000142394  -0.5170052314  -2.0399202277
   0.1439831376  -0.3721736793  -1.9233691121
      
      
#  type   0  conf  1.0000
   0.1439831376  -0.3721736793  -1.9233691121
   0.0202167162  -0.0522570196  -1.6699480347
      
      
#  type   4  conf  0.0000
#  type   0  conf  1.0000
   0.0031285812  -0.0080868885  -1.6701132585
  -0.1718109725   0.4441042390  -2.0589085558
      
      
#  type   0  conf  1.0000
  -0.1718109725   0.4441042390  -2.0589085558
  -0.1937988852   0.5009395221  -2.1109170750
      
      
#  type   0  conf  1.0000
  -0.1937988852   0.5009395221  -2.1109170750
  -0.8603402082   2.2238436112  -3.7364040597
      
      
#  type   0  conf  1.0000
  -0.8603402082   2.2238436112  -3.7364040597
  -0.8669712214   2.2409837335  -3.7990422012
      
      
#  type   0  conf  1.0000
  -0.8669712214   2.2409837335  -3.7990422012
  -0.8688014072   2.2457144748  -3.9169280531
      
      
#  type   0  conf  1.0000
  -0.8688014072   2.2457144748  -3.9169280531
  -0.8643895015   2.2343103951  -3.9630153297
      
      
#  type   0  conf  1.0000
  -0.8643895015   2.2343103951  -3.9630153297
  -0.7215055919   1.8649780468  -4.3200143009
      
      
#  type   0  conf  1.0000
  -0.7215055919   1.8649780468  -4.3200143009
  -0.6993466997   1.8077008087  -4.3736197186
      
      
#  type   0  conf  1.0000
  -0.6993466997   1.8077008087  -4.3736197186
  -0.5137581822   1.3279837911  -4.5924595933
      
      
# 354  norm    -0.9354440308   -0.3534748438    0.0000000000
# nedges  15 
#  type   0  conf  1.0000
   0.5670683877  -1.5007029431  -4.5797964437
   0.7593537387  -2.0095713589  -4.3590083760
      
      
#  type   0  conf  1.0000
   0.7593537387  -2.0095713589  -4.3590083760
   0.9183411921  -2.4303194457  -3.9251535395
      
      
#  type   0  conf  1.0000
   0.9183411921  -2.4303194457  -3.9251535395
   0.9197018564  -2.4339203393  -3.7669280858
      
      
#  type   0  conf  1.0000
   0.9197018564  -2.4339203393  -3.7669280858
   0.1906638908  -0.5045773460  -2.0323972930
      
      
#  type   0  conf  1.0000
   0.1906638908  -0.5045773460  -2.0323972930
   0.1272171512  -0.3366704216  -1.8989707072
      
      
#  type   0  conf  1.0000
   0.1272171512  -0.3366704216  -1.8989707072
   0.0178481895  -0.0472338631  -1.6704382276
      
      
#  type   4  conf  0.0000
#  type   0  conf  1.0000
  -0.0009464223   0.0025046339  -1.6737710585
  -0.1554866983   0.4114836073  -2.0234059475
      
      
#  type   0  conf  1.0000
  -0.1554866983   0.4114836073  -2.0234059475
  -0.1872299747   0.4954897506  -2.0974265544
      
      
#  type   0  conf  1.0000
  -0.1872299747   0.4954897506  -2.0974265544
  -0.8452313794   2.2368399404  -3.7328969039
      
      
#  type   0  conf  1.0000
  -0.8452313794   2.2368399404  -3.7328969039
  -0.8523203053   2.2556002386  -3.7901663281
      
      
#  type   0  conf  1.0000
  -0.8523203053   2.2556002386  -3.7901663281
  -0.8530414967   2.2575088163  -3.9562513211
      
      
#  type   0  conf  1.0000
  -0.8530414967   2.2575088163  -3.9562513211
  -0.6942342842   1.8372377230  -4.3609909949
      
      
#  type   0  conf  1.0000
  -0.6942342842   1.8372377230  -4.3609909949
  -0.6849654135   1.8127083686  -4.3781473252
      
      
#  type   0  conf  1.0000
  -0.6849654135   1.8127083686  -4.3781473252
  -0.5042481143   1.3344539135  -4.5926212841
      
      
# 355  norm    -0.9381913359   -0.3461170571   -0.0000000000
# nedges  16 
#  type   0  conf  1.0000
   0.5502157512  -1.4914250544  -4.5823800863
   0.7330898383  -1.9871269581  -4.3715603285
      
      
#  type   0  conf  1.0000
   0.7330898383  -1.9871269581  -4.3715603285
   0.7466587190  -2.0239070187  -4.3518853907
      
      
#  type   0  conf  1.0000
   0.7466587190  -2.0239070187  -4.3518853907
   0.9001540022  -2.4399741895  -3.9214760710
      
      
#  type   0  conf  1.0000
   0.9001540022  -2.4399741895  -3.9214760710
   0.8995423562  -2.4383162506  -3.7648124932
      
      
#  type   0  conf  1.0000
   0.8995423562  -2.4383162506  -3.7648124932
   0.2006758790  -0.5439557721  -2.0719320296
      
      
#  type   0  conf  1.0000
   0.2006758790  -0.5439557721  -2.0719320296
   0.1782711178  -0.4832250095  -2.0183796199
      
      
#  type   0  conf  1.0000
   0.1782711178  -0.4832250095  -2.0183796199
   0.0143776446  -0.0389723111  -1.6703085720
      
      
#  type   4  conf  0.0000
#  type   0  conf  1.0000
  -0.0012859851   0.0034858151  -1.6676603186
  -0.1706573969   0.4625871158  -2.0589522197
      
      
#  type   0  conf  1.0000
  -0.1706573969   0.4625871158  -2.0589522197
  -0.1966689078   0.5330944014  -2.1232832244
      
      
#  type   0  conf  1.0000
  -0.1966689078   0.5330944014  -2.1232832244
  -0.8320558555   2.2553860860  -3.7344165743
      
      
#  type   0  conf  1.0000
  -0.8320558555   2.2553860860  -3.7344165743
  -0.8376980622   2.2706799563  -3.7901814295
      
      
#  type   0  conf  1.0000
  -0.8376980622   2.2706799563  -3.7901814295
  -0.8384975581   2.2728470848  -3.9581217371
      
      
#  type   0  conf  1.0000
  -0.8384975581   2.2728470848  -3.9581217371
  -0.6800852088   1.8434516229  -4.3702614380
      
      
#  type   0  conf  1.0000
  -0.6800852088   1.8434516229  -4.3702614380
  -0.6695447770   1.8148805323  -4.3838389590
      
      
#  type   0  conf  1.0000
  -0.6695447770   1.8148805323  -4.3838389590
  -0.4952339797   1.3423904414  -4.5929852475
      
      
# 356  norm    -0.9408807690   -0.3387379202    0.0000000000
# nedges  14 
#  type   0  conf  1.0000
   0.5378403963  -1.4939091710  -4.5799496475
   0.7270465235  -2.0194494069  -4.3611939138
      
      
#  type   0  conf  1.0000
   0.7270465235  -2.0194494069  -4.3611939138
   0.8800578262  -2.4444546499  -3.9269172585
      
      
#  type   0  conf  1.0000
   0.8800578262  -2.4444546499  -3.9269172585
   0.8808398791  -2.4466268855  -3.7663782291
      
      
#  type   0  conf  1.0000
   0.8808398791  -2.4466268855  -3.7663782291
   0.1884059479  -0.5233176522  -2.0575614869
      
      
#  type   0  conf  1.0000
   0.1884059479  -0.5233176522  -2.0575614869
   0.1614737224  -0.4485105181  -1.9950118245
      
      
#  type   0  conf  1.0000
   0.1614737224  -0.4485105181  -1.9950118245
   0.0114256976  -0.0317360960  -1.6709398903
      
      
#  type   4  conf  0.0000
#  type   0  conf  1.0000
  -0.0057720528   0.0160324933  -1.6717446209
  -0.1740870510   0.4835453859  -2.0686737232
      
      
#  type   0  conf  1.0000
  -0.1740870510   0.4835453859  -2.0686737232
  -0.8210057425   2.2804311775  -3.7406726772
      
      
#  type   0  conf  1.0000
  -0.8210057425   2.2804311775  -3.7406726772
  -0.8246915355   2.2906688613  -3.9243260258
      
      
#  type   0  conf  1.0000
  -0.8246915355   2.2906688613  -3.9243260258
  -0.8205710367   2.2792237357  -3.9694066953
      
      
#  type   0  conf  1.0000
  -0.8205710367   2.2792237357  -3.9694066953
  -0.6697762118   1.8603749965  -4.3681464736
      
      
#  type   0  conf  1.0000
  -0.6697762118   1.8603749965  -4.3681464736
  -0.6651469797   1.8475168098  -4.3761234310
      
      
#  type   0  conf  1.0000
  -0.6651469797   1.8475168098  -4.3761234310
  -0.4858258717   1.3494332712  -4.5929427107
      
      
# 357  norm    -0.9435121640   -0.3313378885   -0.0000000000
# nedges  13 
#  type   0  conf  1.0000
   0.5226585107  -1.4883135302  -4.5818196211
   0.7123272377  -2.0284109876  -4.3594269881
      
      
#  type   0  conf  1.0000
   0.7123272377  -2.0284109876  -4.3594269881
   0.8607456300  -2.4510446898  -3.9269473772
      
      
#  type   0  conf  1.0000
   0.8607456300  -2.4510446898  -3.9269473772
   0.8615040368  -2.4532043161  -3.7667627011
      
      
#  type   0  conf  1.0000
   0.8615040368  -2.4532043161  -3.7667627011
   0.1702422313  -0.4847788967  -2.0276137755
      
      
#  type   0  conf  1.0000
   0.1702422313  -0.4847788967  -2.0276137755
   0.0125101996  -0.0356238326  -1.6777392481
      
      
#  type   4  conf  0.0000
#  type   0  conf  1.0000
  -0.0058166014   0.0165632556  -1.6667860746
  -0.1714425659   0.4881969495  -2.0645307529
      
      
#  type   0  conf  1.0000
  -0.1714425659   0.4881969495  -2.0645307529
  -0.1989220548   0.5664470770  -2.1364496225
      
      
#  type   0  conf  1.0000
  -0.1989220548   0.5664470770  -2.1364496225
  -0.8069633012   2.2978950405  -3.7419177679
      
      
#  type   0  conf  1.0000
  -0.8069633012   2.2978950405  -3.7419177679
  -0.8086455607   2.3026854141  -3.9629626731
      
      
#  type   0  conf  1.0000
  -0.8086455607   2.3026854141  -3.9629626731
  -0.6559054627   1.8677452959  -4.3750183389
      
      
#  type   3  conf  0.0000
#  type   3  conf  0.0000
# 358  norm    -0.9460853588   -0.3239174182    0.0000000000
# nedges  13 
#  type   0  conf  1.0000
   0.5149624737  -1.5040823040  -4.5749261145
   0.6959243403  -2.0326286647  -4.3609023968
      
      
#  type   0  conf  1.0000
   0.6959243403  -2.0326286647  -4.3609023968
   0.8415191733  -2.4578763731  -3.9270802505
      
      
#  type   0  conf  1.0000
   0.8415191733  -2.4578763731  -3.9270802505
   0.8420989192  -2.4595696724  -3.7672250171
      
      
#  type   0  conf  1.0000
   0.8420989192  -2.4595696724  -3.7672250171
   0.1669339740  -0.4875742390  -2.0343695641
      
      
#  type   0  conf  1.0000
   0.1669339740  -0.4875742390  -2.0343695641
   0.1082563351  -0.3161908805  -1.9009942558
      
      
#  type   0  conf  1.0000
   0.1082563351  -0.3161908805  -1.9009942558
   0.0053766976  -0.0157040486  -1.6695778795
      
      
#  type   4  conf  0.0000
#  type   0  conf  1.0000
  -0.0097367401   0.0284386907  -1.6695990475
  -0.1679168169   0.4904448883  -2.0587362182
      
      
#  type   0  conf  1.0000
  -0.1679168169   0.4904448883  -2.0587362182
  -0.1829118116   0.5342416839  -2.0979555164
      
      
#  type   0  conf  1.0000
  -0.1829118116   0.5342416839  -2.0979555164
  -0.7916234867   2.3121429981  -3.7400627569
      
      
#  type   0  conf  1.0000
  -0.7916234867   2.3121429981  -3.7400627569
  -0.7934232160   2.3173995773  -3.9638925049
      
      
#  type   0  conf  1.0000
  -0.7934232160   2.3173995773  -3.9638925049
  -0.6450015466   1.8838953553  -4.3739719787
      
      
#  type   0  conf  1.0000
  -0.6450015466   1.8838953553  -4.3739719787
  -0.4739524777   1.3843019076  -4.5833198485
      
      
# 359  norm    -0.9486001946   -0.3164769672    0.0000000000
# nedges  13 
#  type   0  conf  1.0000
   0.4991670169  -1.4961908083  -4.5785217020
   0.6801417640  -2.0386400169  -4.3609043511
      
      
#  type   0  conf  1.0000
   0.6801417640  -2.0386400169  -4.3609043511
   0.8226731734  -2.4658601205  -3.9250729148
      
      
#  type   0  conf  1.0000
   0.8226731734  -2.4658601205  -3.9250729148
   0.8225401278  -2.4654613329  -3.7674865499
      
      
#  type   0  conf  1.0000
   0.8225401278  -2.4654613329  -3.7674865499
   0.1671647881  -0.5010555805  -2.0498218643
      
      
#  type   0  conf  1.0000
   0.1671647881  -0.5010555805  -2.0498218643
   0.1425831921  -0.4273753156  -1.9903351623
      
      
#  type   0  conf  1.0000
   0.1425831921  -0.4273753156  -1.9903351623
   0.0032591779  -0.0097689788  -1.6692156273
      
      
#  type   4  conf  0.0000
#  type   0  conf  1.0000
  -0.0133237141   0.0399361693  -1.6739017735
  -0.1715393803   0.5141678745  -2.0712352569
      
      
#  type   0  conf  1.0000
  -0.1715393803   0.5141678745  -2.0712352569
  -0.1811610221   0.5430075445  -2.0974987873
      
      
#  type   0  conf  1.0000
  -0.1811610221   0.5430075445  -2.0974987873
  -0.7763637607   2.3270534380  -3.7409069448
      
      
#  type   0  conf  1.0000
  -0.7763637607   2.3270534380  -3.7409069448
  -0.7778424390   2.3314855915  -3.9643756498
      
      
#  type   0  conf  1.0000
  -0.7778424390   2.3314855915  -3.9643756498
  -0.6333924053   1.8985146512  -4.3734865773
      
      
#  type   0  conf  1.0000
  -0.6333924053   1.8985146512  -4.3734865773
  -0.4615509602   1.3834413751  -4.5862659679
      
      
# 360  norm    -0.9510565163   -0.3090169944    0.0000000000
# nedges  12 
#  type   0  conf  1.0000
   0.4855134805  -1.4942568461  -4.5798474937
   0.6638742952  -2.0431949889  -4.3613572881
      
      
#  type   0  conf  1.0000
   0.6638742952  -2.0431949889  -4.3613572881
   0.8029351511  -2.4711802961  -3.9267035610
      
      
#  type   0  conf  1.0000
   0.8029351511  -2.4711802961  -3.9267035610
   0.8033289247  -2.4723922066  -3.7688276619
      
      
#  type   0  conf  1.0000
   0.8033289247  -2.4723922066  -3.7688276619
   0.1524261167  -0.4691193500  -2.0265100248
      
      
#  type   0  conf  1.0000
   0.1524261167  -0.4691193500  -2.0265100248
   0.0036467829  -0.0112236436  -1.6755539684
      
      
#  type   4  conf  0.0000
#  type   0  conf  1.0000
  -0.0122115815   0.0375833833  -1.6659867078
  -0.1689661566   0.5200243586  -2.0684746920
      
      
#  type   0  conf  1.0000
  -0.1689661566   0.5200243586  -2.0684746920
  -0.7601203455   2.3394098735  -3.7366596348
      
      
#  type   0  conf  1.0000
  -0.7601203455   2.3394098735  -3.7366596348
  -0.7623942469   2.3464082225  -3.9661145551
      
      
#  type   0  conf  1.0000
  -0.7623942469   2.3464082225  -3.9661145551
  -0.6268380578   1.9292091709  -4.3574573412
      
      
#  type   0  conf  1.0000
  -0.6268380578   1.9292091709  -4.3574573412
  -0.6188502971   1.9046253714  -4.3768612008
      
      
#  type   0  conf  1.0000
  -0.6188502971   1.9046253714  -4.3768612008
  -0.4478947866   1.3784784112  -4.5919654757
      
      
# 361  norm    -0.9534541723   -0.3015379599    0.0000000000
# nedges  13 
#  type   0  conf  1.0000
   0.4741792070  -1.4993407246  -4.5793207625
   0.6480076269  -2.0489810823  -4.3609496015
      
      
#  type   0  conf  1.0000
   0.6480076269  -2.0489810823  -4.3609496015
   0.7840758931  -2.4792249434  -3.9240431404
      
      
#  type   0  conf  1.0000
   0.7840758931  -2.4792249434  -3.9240431404
   0.7840329981  -2.4790893108  -3.7702684227
      
      
#  type   0  conf  1.0000
   0.7840329981  -2.4790893108  -3.7702684227
   0.1538109345  -0.4863456570  -2.0454733692
      
      
#  type   0  conf  1.0000
   0.1538109345  -0.4863456570  -2.0454733692
   0.1398397328  -0.4421691277  -2.0093305599
      
      
#  type   0  conf  1.0000
   0.1398397328  -0.4421691277  -2.0093305599
  -0.0007649734   0.0024188234  -1.6705562609
      
      
#  type   4  conf  0.0000
#  type   0  conf  1.0000
  -0.0165661456   0.0523816657  -1.6723368652
  -0.1677106276   0.5302960784  -2.0698876247
      
      
#  type   0  conf  1.0000
  -0.1677106276   0.5302960784  -2.0698876247
  -0.7443074652   2.3534783425  -3.7361699484
      
      
#  type   0  conf  1.0000
  -0.7443074652   2.3534783425  -3.7361699484
  -0.7464855544   2.3603653967  -3.9666326242
      
      
#  type   0  conf  1.0000
  -0.7464855544   2.3603653967  -3.9666326242
  -0.6118308792   1.9345912689  -4.3651435227
      
      
#  type   0  conf  1.0000
  -0.6118308792   1.9345912689  -4.3651435227
  -0.6039030636   1.9095237488  -4.3804352603
      
      
#  type   0  conf  1.0000
  -0.6039030636   1.9095237488  -4.3804352603
  -0.4380477474   1.3850941105  -4.5921665961
      
      
# 362  norm    -0.9557930148   -0.2940403252    0.0000000000
# nedges  13 
#  type   0  conf  1.0000
   0.4597022995  -1.4942856779  -4.5832700277
   0.6319286662  -2.0541162321  -4.3608760829
      
      
#  type   0  conf  1.0000
   0.6319286662  -2.0541162321  -4.3608760829
   0.7648172303  -2.4860772609  -3.9228958022
      
      
#  type   0  conf  1.0000
   0.7648172303  -2.4860772609  -3.9228958022
   0.7647765139  -2.4859449099  -3.7724369144
      
      
#  type   0  conf  1.0000
   0.7647765139  -2.4859449099  -3.7724369144
   0.1444835192  -0.4696510191  -2.0349868297
      
      
#  type   0  conf  1.0000
   0.1444835192  -0.4696510191  -2.0349868297
   0.1075431359  -0.3495744265  -1.9427256584
      
      
#  type   0  conf  1.0000
   0.1075431359  -0.3495744265  -1.9427256584
  -0.0036788484   0.0119582838  -1.6690891156
      
      
#  type   4  conf  0.0000
#  type   0  conf  1.0000
  -0.0191123521   0.0621256715  -1.6742953655
  -0.1658471288   0.5390945176  -2.0700454119
      
      
#  type   0  conf  1.0000
  -0.1658471288   0.5390945176  -2.0700454119
  -0.7279751076   2.3663200693  -3.7342739288
      
      
#  type   0  conf  1.0000
  -0.7279751076   2.3663200693  -3.7342739288
  -0.7308108592   2.3755378240  -3.9662946407
      
      
#  type   0  conf  1.0000
  -0.7308108592   2.3755378240  -3.9662946407
  -0.5972775978   1.9414811742  -4.3710098028
      
      
#  type   0  conf  1.0000
  -0.5972775978   1.9414811742  -4.3710098028
  -0.5794036070   1.8833808592  -4.3966539776
      
      
#  type   0  conf  1.0000
  -0.5794036070   1.8833808592  -4.3966539776
  -0.4282002416   1.3918866383  -4.5922115635
      
      
# 363  norm    -0.9580728995   -0.2865245527    0.0000000000
# nedges  13 
#  type   0  conf  1.0000
   0.4520270833  -1.5114756979  -4.5791182259
   0.6156584745  -2.0586218324  -4.3606744264
      
      
#  type   0  conf  1.0000
   0.6156584745  -2.0586218324  -4.3606744264
   0.7455729816  -2.4930263792  -3.9214028374
      
      
#  type   0  conf  1.0000
   0.7455729816  -2.4930263792  -3.9214028374
   0.7454276933  -2.4925405682  -3.7741927612
      
      
#  type   0  conf  1.0000
   0.7454276933  -2.4925405682  -3.7741927612
   0.1407647113  -0.4706851607  -2.0407831715
      
      
#  type   0  conf  1.0000
   0.1407647113  -0.4706851607  -2.0407831715
   0.1280553975  -0.4281881074  -2.0065525479
      
      
#  type   0  conf  1.0000
   0.1280553975  -0.4281881074  -2.0065525479
  -0.0054299196   0.0181564153  -1.6705776346
      
      
#  type   4  conf  0.0000
#  type   0  conf  1.0000
  -0.0189712177   0.0634354346  -1.6687083868
  -0.1641784741   0.5489754552  -2.0702237410
      
      
#  type   0  conf  1.0000
  -0.1641784741   0.5489754552  -2.0702237410
  -0.7121988304   2.3814308128  -3.7343103635
      
      
#  type   0  conf  1.0000
  -0.7121988304   2.3814308128  -3.7343103635
  -0.7147596414   2.3899935818  -3.9660789764
      
      
#  type   0  conf  1.0000
  -0.7147596414   2.3899935818  -3.9660789764
  -0.5882623236   1.9670153382  -4.3607577553
      
      
#  type   0  conf  1.0000
  -0.5882623236   1.9670153382  -4.3607577553
  -0.5773377253   1.9304859678  -4.3835453912
      
      
#  type   0  conf  1.0000
  -0.5773377253   1.9304859678  -4.3835453912
  -0.4184221414   1.3991084197  -4.5927449978
      
      
# 364  norm    -0.9602936857   -0.2789911060   -0.0000000000
# nedges  12 
#  type   0  conf  1.0000
   0.4400045095  -1.5145054555  -4.5813022250
   0.5995283882  -2.0635902475  -4.3599857668
      
      
#  type   0  conf  1.0000
   0.5995283882  -2.0635902475  -4.3599857668
   0.7265986913  -2.5009690995  -3.9187640744
      
      
#  type   0  conf  1.0000
   0.7265986913  -2.5009690995  -3.9187640744
   0.7256573392  -2.4977289443  -3.7751420616
      
      
#  type   0  conf  1.0000
   0.7256573392  -2.4977289443  -3.7751420616
   0.1335927955  -0.4598294184  -2.0361083978
      
      
#  type   0  conf  1.0000
   0.1335927955  -0.4598294184  -2.0361083978
   0.1263912958  -0.4350416936  -2.0159239651
      
      
#  type   0  conf  1.0000
   0.1263912958  -0.4350416936  -2.0159239651
  -0.0071356716   0.0245611428  -1.6708760306
      
      
#  type   4  conf  0.0000
#  type   0  conf  1.0000
  -0.0219040469   0.0753942239  -1.6724315869
  -0.1618801926   0.5571952775  -2.0691029636
      
      
#  type   0  conf  1.0000
  -0.1618801926   0.5571952775  -2.0691029636
  -0.6963214569   2.3967541751  -3.7348503737
      
      
#  type   0  conf  1.0000
  -0.6963214569   2.3967541751  -3.7348503737
  -0.6983696543   2.4038041171  -3.9682156243
      
      
#  type   0  conf  1.0000
  -0.6983696543   2.4038041171  -3.9682156243
  -0.5710801975   1.9656709329  -4.3745201052
      
      
#  type   0  conf  1.0000
  -0.5710801975   1.9656709329  -4.3745201052
  -0.4089443524   1.4075956936  -4.5941044341
      
      
# 365  norm    -0.9624552365   -0.2714404499    0.0000000000
# nedges  12 
#  type   0  conf  1.0000
   0.4304397849  -1.5262243531  -4.5803051231
   0.5831543013  -2.0677091835  -4.3598670816
      
      
#  type   0  conf  1.0000
   0.5831543013  -2.0677091835  -4.3598670816
   0.7071464636  -2.5073522282  -3.9173083473
      
      
#  type   0  conf  1.0000
   0.7071464636  -2.5073522282  -3.9173083473
   0.7074102114  -2.5082874075  -3.7816849954
      
      
#  type   0  conf  1.0000
   0.7074102114  -2.5082874075  -3.7816849954
   0.1335294925  -0.4734598668  -2.0519949990
      
      
#  type   0  conf  1.0000
   0.1335294925  -0.4734598668  -2.0519949990
   0.1194237462  -0.4234446631  -2.0112695746
      
      
#  type   0  conf  1.0000
   0.1194237462  -0.4234446631  -2.0112695746
  -0.0093512244   0.0331569408  -1.6706747597
      
      
#  type   4  conf  0.0000
#  type   0  conf  1.0000
  -0.0216045230   0.0766038603  -1.6668646927
  -0.1593871168   0.5651440870  -2.0681380382
      
      
#  type   0  conf  1.0000
  -0.1593871168   0.5651440870  -2.0681380382
  -0.6800915420   2.4114227126  -3.7348258326
      
      
#  type   0  conf  1.0000
  -0.6800915420   2.4114227126  -3.7348258326
  -0.6821120712   2.4185869684  -3.9680229352
      
      
#  type   0  conf  1.0000
  -0.6821120712   2.4185869684  -3.9680229352
  -0.5577704037   1.9777046716  -4.3753190863
      
      
#  type   0  conf  1.0000
  -0.5577704037   1.9777046716  -4.3753190863
  -0.3996274059   1.4169718980  -4.5938273027
      
      
# 366  norm    -0.9645574185   -0.2638730500   -0.0000000000
# nedges  12 
#  type   0  conf  1.0000
   0.4196983187  -1.5341586680  -4.5808494330
   0.5667323512  -2.0716245700  -4.3595239822
      
      
#  type   0  conf  1.0000
   0.5667323512  -2.0716245700  -4.3595239822
   0.6872809680  -2.5122760976  -3.9170621899
      
      
#  type   0  conf  1.0000
   0.6872809680  -2.5122760976  -3.9170621899
   0.6889890753  -2.5185198864  -3.7876672398
      
      
#  type   0  conf  1.0000
   0.6889890753  -2.5185198864  -3.7876672398
   0.1260256927  -0.4606723454  -2.0453907565
      
      
#  type   0  conf  1.0000
   0.1260256927  -0.4606723454  -2.0453907565
   0.1060483905  -0.3876476275  -1.9887011429
      
      
#  type   0  conf  1.0000
   0.1060483905  -0.3876476275  -1.9887011429
  -0.0113938185   0.0416487857  -1.6705498851
      
      
#  type   4  conf  0.0000
#  type   0  conf  1.0000
  -0.0241779379   0.0883796559  -1.6700509431
  -0.1579643312   0.5774203448  -2.0708849397
      
      
#  type   0  conf  1.0000
  -0.1579643312   0.5774203448  -2.0708849397
  -0.6634603184   2.4252024678  -3.7345889426
      
      
#  type   0  conf  1.0000
  -0.6634603184   2.4252024678  -3.7345889426
  -0.6657044120   2.4334054923  -3.9673397430
      
      
#  type   0  conf  1.0000
  -0.6657044120   2.4334054923  -3.9673397430
  -0.5447444131   1.9912502049  -4.3751148997
      
      
#  type   0  conf  1.0000
  -0.5447444131   1.9912502049  -4.3751148997
  -0.3902907556   1.4266627217  -4.5946871149
      
      
# 367  norm    -0.9666001020   -0.2562893731   -0.0000000000
# nedges  14 
#  type   0  conf  1.0000
   0.4096895445  -1.5451516801  -4.5800987020
   0.5463948578  -2.0607382929  -4.3651980071
      
      
#  type   0  conf  1.0000
   0.5463948578  -2.0607382929  -4.3651980071
   0.5538301831  -2.0887807596  -4.3470189790
      
      
#  type   0  conf  1.0000
   0.5538301831  -2.0887807596  -4.3470189790
   0.6656972964  -2.5106896426  -3.9213460990
      
      
#  type   0  conf  1.0000
   0.6656972964  -2.5106896426  -3.9213460990
   0.6692725870  -2.5241739169  -3.8812945134
      
      
#  type   0  conf  1.0000
   0.6692725870  -2.5241739169  -3.8812945134
   0.6683035439  -2.5205191531  -3.7860071273
      
      
#  type   0  conf  1.0000
   0.6683035439  -2.5205191531  -3.7860071273
   0.1227884356  -0.4630988516  -2.0513028513
      
      
#  type   0  conf  1.0000
   0.1227884356  -0.4630988516  -2.0513028513
   0.1078424782  -0.4067298974  -2.0071544763
      
      
#  type   0  conf  1.0000
   0.1078424782  -0.4067298974  -2.0071544763
  -0.0127188739   0.0479694675  -1.6700928776
      
      
#  type   4  conf  0.0000
#  type   0  conf  1.0000
  -0.0265731089   0.1002209709  -1.6740380727
  -0.1553429097   0.5858786518  -2.0709511194
      
      
#  type   0  conf  1.0000
  -0.1553429097   0.5858786518  -2.0709511194
  -0.6466594809   2.4388881700  -3.7351769850
      
      
#  type   0  conf  1.0000
  -0.6466594809   2.4388881700  -3.7351769850
  -0.6486550664   2.4464145576  -3.9677191205
      
      
#  type   0  conf  1.0000
  -0.6486550664   2.4464145576  -3.9677191205
  -0.5310858498   2.0030000866  -4.3752631220
      
      
#  type   0  conf  1.0000
  -0.5310858498   2.0030000866  -4.3752631220
  -0.3809723590   1.4368442849  -4.5947485453
      
      
# 368  norm    -0.9685831611   -0.2486898872    0.0000000000
# nedges  12 
#  type   0  conf  1.0000
   0.3984791603  -1.5519738624  -4.5812299640
   0.5338817884  -2.0793322809  -4.3586021868
      
      
#  type   0  conf  1.0000
   0.5338817884  -2.0793322809  -4.3586021868
   0.6491938356  -2.5284430526  -3.9087383121
      
      
#  type   0  conf  1.0000
   0.6491938356  -2.5284430526  -3.9087383121
   0.6498716128  -2.5310828206  -3.7917180441
      
      
#  type   0  conf  1.0000
   0.6498716128  -2.5310828206  -3.7917180441
   0.1142490707  -0.4449707519  -2.0400863498
      
      
#  type   0  conf  1.0000
   0.1142490707  -0.4449707519  -2.0400863498
  -0.0138029868   0.0537590840  -1.6699655506
      
      
#  type   4  conf  0.0000
#  type   0  conf  1.0000
  -0.0259131821   0.1009251806  -1.6699021275
  -0.1248739726   0.4863520125  -1.9821755677
      
      
#  type   0  conf  1.0000
  -0.1248739726   0.4863520125  -1.9821755677
  -0.1600807255   0.6234732618  -2.0963390779
      
      
#  type   0  conf  1.0000
  -0.1600807255   0.6234732618  -2.0963390779
  -0.6299647908   2.4535508679  -3.7364529889
      
      
#  type   0  conf  1.0000
  -0.6299647908   2.4535508679  -3.7364529889
  -0.6316949290   2.4602893110  -3.9676790458
      
      
#  type   0  conf  1.0000
  -0.6316949290   2.4602893110  -3.9676790458
  -0.5174271802   2.0152458129  -4.3754631659
      
      
#  type   0  conf  1.0000
  -0.5174271802   2.0152458129  -4.3754631659
  -0.3718444249   1.4482384171  -4.5948368751
      
      
# 369  norm    -0.9705064735   -0.2410750608    0.0000000000
# nedges  12 
#  type   0  conf  1.0000
   0.3890155672  -1.5660770753  -4.5792164929
   0.5176514732  -2.0839322989  -4.3578968800
      
      
#  type   0  conf  1.0000
   0.5176514732  -2.0839322989  -4.3578968800
   0.6303505781  -2.5376300416  -3.9020526764
      
      
#  type   0  conf  1.0000
   0.6303505781  -2.5376300416  -3.9020526764
   0.6305485206  -2.5384269071  -3.7930796483
      
      
#  type   0  conf  1.0000
   0.6305485206  -2.5384269071  -3.7930796483
   0.1100403850  -0.4429944169  -2.0424810788
      
      
#  type   0  conf  1.0000
   0.1100403850  -0.4429944169  -2.0424810788
  -0.0152803292   0.0615146932  -1.6699333365
      
      
#  type   4  conf  0.0000
#  type   0  conf  1.0000
  -0.0267676641   0.1077597623  -1.6689140364
  -0.1403555621   0.5650355585  -2.0393601336
      
      
#  type   0  conf  1.0000
  -0.1403555621   0.5650355585  -2.0393601336
  -0.1536131739   0.6184073094  -2.0844893441
      
      
#  type   0  conf  1.0000
  -0.1536131739   0.6184073094  -2.0844893441
  -0.6127714724   2.4668610626  -3.7365387363
      
      
#  type   0  conf  1.0000
  -0.6127714724   2.4668610626  -3.7365387363
  -0.6145174253   2.4738898218  -3.9664766476
      
      
#  type   0  conf  1.0000
  -0.6145174253   2.4738898218  -3.9664766476
  -0.5037882050   2.0281223304  -4.3749746136
      
      
#  type   0  conf  1.0000
  -0.5037882050   2.0281223304  -4.3749746136
  -0.3650526800   1.4696086268  -4.5910753567
      
      
# 370  norm    -0.9723699204   -0.2334453639    0.0000000000
# nedges  12 
#  type   0  conf  1.0000
   0.3770972880  -1.5707232471  -4.5814880800
   0.5013585688  -2.0883087313  -4.3567703385
      
      
#  type   0  conf  1.0000
   0.5013585688  -2.0883087313  -4.3567703385
   0.6111311907  -2.5455446081  -3.8979776386
      
      
#  type   0  conf  1.0000
   0.6111311907  -2.5455446081  -3.8979776386
   0.6110720247  -2.5452981638  -3.7922639450
      
      
#  type   0  conf  1.0000
   0.6110720247  -2.5452981638  -3.7922639450
   0.1358033767  -0.5656617737  -2.1487658977
      
      
#  type   0  conf  1.0000
   0.1358033767  -0.5656617737  -2.1487658977
   0.0968019656  -0.4032092050  -2.0165231632
      
      
#  type   0  conf  1.0000
   0.0968019656  -0.4032092050  -2.0165231632
  -0.0174528995   0.0726965584  -1.6682060364
      
      
#  type   4  conf  0.0000
#  type   0  conf  1.0000
  -0.0301244522   0.1254773738  -1.6763054188
  -0.1469572240   0.6121208914  -2.0712093518
      
      
#  type   0  conf  1.0000
  -0.1469572240   0.6121208914  -2.0712093518
  -0.5953340350   2.4797447192  -3.7369210670
      
      
#  type   0  conf  1.0000
  -0.5953340350   2.4797447192  -3.7369210670
  -0.5969857663   2.4866246750  -3.9667471461
      
      
#  type   0  conf  1.0000
  -0.5969857663   2.4866246750  -3.9667471461
  -0.4902013411   2.0418355336  -4.3730625155
      
      
#  type   0  conf  1.0000
  -0.4902013411   2.0418355336  -4.3730625155
  -0.3543078813   1.4757985364  -4.5945079216
      
      
# 371  norm    -0.9741733870   -0.2258012669    0.0000000000
# nedges  14 
#  type   0  conf  1.0000
   0.3672817515  -1.5845620034  -4.5797202131
   0.4847933256  -2.0915416574  -4.3564300382
      
      
#  type   0  conf  1.0000
   0.4847933256  -2.0915416574  -4.3564300382
   0.5916251757  -2.5524458263  -3.8951204801
      
      
#  type   0  conf  1.0000
   0.5916251757  -2.5524458263  -3.8951204801
   0.5918268493  -2.5533159059  -3.7906065338
      
      
#  type   0  conf  1.0000
   0.5918268493  -2.5533159059  -3.7906065338
   0.1263755981  -0.5452216727  -2.1360983444
      
      
#  type   0  conf  1.0000
   0.1263755981  -0.5452216727  -2.1360983444
   0.0931373788  -0.4018221730  -2.0204950330
      
      
#  type   0  conf  1.0000
   0.0931373788  -0.4018221730  -2.0204950330
  -0.0180939778   0.0780627670  -1.6693066587
      
      
#  type   4  conf  0.0000
#  type   0  conf  1.0000
  -0.0294293264   0.1269668103  -1.6713857161
  -0.1401052506   0.6044554508  -2.0571946179
      
      
#  type   0  conf  1.0000
  -0.1401052506   0.6044554508  -2.0571946179
  -0.1607685018   0.6936028222  -2.1353858326
      
      
#  type   0  conf  1.0000
  -0.1607685018   0.6936028222  -2.1353858326
  -0.5781536807   2.4943258164  -3.7385749400
      
      
#  type   0  conf  1.0000
  -0.5781536807   2.4943258164  -3.7385749400
  -0.5796947319   2.5009743668  -3.9660285471
      
      
#  type   0  conf  1.0000
  -0.5796947319   2.5009743668  -3.9660285471
  -0.4783789627   2.0638682006  -4.3637003265
      
      
#  type   0  conf  1.0000
  -0.4783789627   2.0638682006  -4.3637003265
  -0.4724644941   2.0383514355  -4.3793685794
      
      
#  type   0  conf  1.0000
  -0.4724644941   2.0383514355  -4.3793685794
  -0.3459762650   1.4926438394  -4.5932741706
      
      
# 372  norm    -0.9759167619   -0.2181432414    0.0000000000
# nedges  13 
#  type   0  conf  1.0000
   0.3576528719  -1.6000469711  -4.5769648578
   0.4684052818  -2.0955247706  -4.3555793115
      
      
#  type   0  conf  1.0000
   0.4684052818  -2.0955247706  -4.3555793115
   0.5721712126  -2.5597468592  -3.8921675758
      
      
#  type   0  conf  1.0000
   0.5721712126  -2.5597468592  -3.8921675758
   0.5727260232  -2.5622289396  -3.7877394896
      
      
#  type   0  conf  1.0000
   0.5727260232  -2.5622289396  -3.7877394896
   0.0954821343  -0.4271625137  -2.0442923769
      
      
#  type   0  conf  1.0000
   0.0954821343  -0.4271625137  -2.0442923769
   0.0560157127  -0.2505998929  -1.9146472095
      
      
#  type   0  conf  1.0000
   0.0560157127  -0.2505998929  -1.9146472095
  -0.0197972366   0.0885677453  -1.6681323861
      
      
#  type   4  conf  0.0000
#  type   0  conf  1.0000
  -0.0315287050   0.1410513180  -1.6758905341
  -0.1353703393   0.6056120846  -2.0512052169
      
      
#  type   0  conf  1.0000
  -0.1353703393   0.6056120846  -2.0512052169
  -0.1495491580   0.6690444734  -2.1054773040
      
      
#  type   0  conf  1.0000
  -0.1495491580   0.6690444734  -2.1054773040
  -0.5607621863   2.5087058099  -3.7399085218
      
      
#  type   0  conf  1.0000
  -0.5607621863   2.5087058099  -3.7399085218
  -0.5619391258   2.5139711343  -3.9654337775
      
      
#  type   0  conf  1.0000
  -0.5619391258   2.5139711343  -3.9654337775
  -0.4613078436   2.0637726575  -4.3747690348
      
      
#  type   0  conf  1.0000
  -0.4613078436   2.0637726575  -4.3747690348
  -0.3385696215   1.5146734165  -4.5888116308
      
      
# 373  norm    -0.9775999378   -0.2104717598    0.0000000000
# nedges  14 
#  type   0  conf  1.0000
   0.3451963609  -1.6033692177  -4.5799061837
   0.4518178780  -2.0986051989  -4.3548801460
      
      
#  type   0  conf  1.0000
   0.4518178780  -2.0986051989  -4.3548801460
   0.5525276336  -2.5663822107  -3.8917176924
      
      
#  type   0  conf  1.0000
   0.5525276336  -2.5663822107  -3.8917176924
   0.5536583301  -2.5716340732  -3.7843708664
      
      
#  type   0  conf  1.0000
   0.5536583301  -2.5716340732  -3.7843708664
   0.0980822610  -0.4555728158  -2.0726787728
      
      
#  type   0  conf  1.0000
   0.0980822610  -0.4555728158  -2.0726787728
   0.0835861317  -0.3882411456  -2.0192247691
      
      
#  type   0  conf  1.0000
   0.0835861317  -0.3882411456  -2.0192247691
  -0.0201061633   0.0933891749  -1.6706303536
      
      
#  type   4  conf  0.0000
#  type   0  conf  1.0000
  -0.0301890969   0.1402224186  -1.6689564800
  -0.1329125717   0.6173527602  -2.0536811695
      
      
#  type   0  conf  1.0000
  -0.1329125717   0.6173527602  -2.0536811695
  -0.1467881763   0.6818022147  -2.1086644789
      
      
#  type   0  conf  1.0000
  -0.1467881763   0.6818022147  -2.1086644789
  -0.5427872493   2.5211400409  -3.7403110566
      
      
#  type   0  conf  1.0000
  -0.5427872493   2.5211400409  -3.7403110566
  -0.5443358496   2.5283329847  -3.9627246656
      
      
#  type   0  conf  1.0000
  -0.5443358496   2.5283329847  -3.9627246656
  -0.4539476469   2.1084975568  -4.3454757207
      
      
#  type   0  conf  1.0000
  -0.4539476469   2.1084975568  -4.3454757207
  -0.4458617032   2.0709399383  -4.3749557793
      
      
#  type   0  conf  1.0000
  -0.4458617032   2.0709399383  -4.3749557793
  -0.3277077553   1.5221380840  -4.5934479809
      
      
# 374  norm    -0.9792228106   -0.2027872954    0.0000000000
# nedges  15 
#  type   0  conf  1.0000
   0.3338771139  -1.6122316013  -4.5800081550
   0.4350367795  -2.1007131495  -4.3546497314
      
      
#  type   0  conf  1.0000
   0.4350367795  -2.1007131495  -4.3546497314
   0.5334142553  -2.5757600117  -3.8903491940
      
      
#  type   0  conf  1.0000
   0.5334142553  -2.5757600117  -3.8903491940
   0.5340007675  -2.5785921721  -3.8166428615
      
      
#  type   0  conf  1.0000
   0.5340007675  -2.5785921721  -3.8166428615
   0.5297319376  -2.5579787724  -3.7625235984
      
      
#  type   0  conf  1.0000
   0.5297319376  -2.5579787724  -3.7625235984
   0.0945005446  -0.4563258697  -2.0780540793
      
      
#  type   0  conf  1.0000
   0.0945005446  -0.4563258697  -2.0780540793
   0.0786845971  -0.3799535480  -2.0181213559
      
      
#  type   0  conf  1.0000
   0.0786845971  -0.3799535480  -2.0181213559
  -0.0203925712   0.0984720015  -1.6710369094
      
      
#  type   4  conf  0.0000
#  type   0  conf  1.0000
  -0.0298135459   0.1439641678  -1.6668195224
  -0.1045141843   0.5046799069  -1.9558809143
      
      
#  type   0  conf  1.0000
  -0.1045141843   0.5046799069  -1.9558809143
  -0.1370770203   0.6619198941  -2.0834543363
      
      
#  type   0  conf  1.0000
  -0.1370770203   0.6619198941  -2.0834543363
  -0.5247949631   2.5341390243  -3.7409546551
      
      
#  type   0  conf  1.0000
  -0.5247949631   2.5341390243  -3.7409546551
  -0.5262400935   2.5411172948  -3.9634451443
      
      
#  type   0  conf  1.0000
  -0.5262400935   2.5411172948  -3.9634451443
  -0.4425982710   2.1372262109  -4.3292713705
      
      
#  type   0  conf  1.0000
  -0.4425982710   2.1372262109  -4.3292713705
  -0.4321820728   2.0869282926  -4.3733056078
      
      
#  type   0  conf  1.0000
  -0.4321820728   2.0869282926  -4.3733056078
  -0.3184175080   1.5375799881  -4.5926439976
      
      
# 375  norm    -0.9807852804   -0.1950903220    0.0000000000
# nedges  16 
#  type   0  conf  1.0000
   0.3223688285  -1.6206575427  -4.5800313672
   0.4182529669  -2.1026996583  -4.3543477143
      
      
#  type   0  conf  1.0000
   0.4182529669  -2.1026996583  -4.3543477143
   0.5142454682  -2.5852865508  -3.8903825752
      
      
#  type   0  conf  1.0000
   0.5142454682  -2.5852865508  -3.8903825752
   0.5142694711  -2.5854072214  -3.7941764380
      
      
#  type   0  conf  1.0000
   0.5142694711  -2.5854072214  -3.7941764380
   0.5080907128  -2.5543445059  -3.7492536720
      
      
#  type   0  conf  1.0000
   0.5080907128  -2.5543445059  -3.7492536720
   0.0828626758  -0.4165788025  -2.0508073621
      
      
#  type   0  conf  1.0000
   0.0828626758  -0.4165788025  -2.0508073621
   0.0677416374  -0.3405602090  -1.9927624315
      
      
#  type   0  conf  1.0000
   0.0677416374  -0.3405602090  -1.9927624315
  -0.0217174510   0.1091809990  -1.6701582141
      
      
#  type   4  conf  0.0000
#  type   0  conf  1.0000
  -0.0309773670   0.1557337404  -1.6693354432
  -0.1261033940   0.6339645730  -2.0536134025
      
      
#  type   0  conf  1.0000
  -0.1261033940   0.6339645730  -2.0536134025
  -0.1361759224   0.6846025925  -2.0963440630
      
      
#  type   0  conf  1.0000
  -0.1361759224   0.6846025925  -2.0963440630
  -0.5043031885   2.5353033355  -3.7326679943
      
      
#  type   0  conf  1.0000
  -0.5043031885   2.5353033355  -3.7326679943
  -0.5067017611   2.5473617742  -3.7720915480
      
      
#  type   0  conf  1.0000
  -0.5067017611   2.5473617742  -3.7720915480
  -0.5078789045   2.5532796738  -3.9604957550
      
      
#  type   0  conf  1.0000
  -0.5078789045   2.5532796738  -3.9604957550
  -0.4206045645   2.1145219379  -4.3598703346
      
      
#  type   0  conf  1.0000
  -0.4206045645   2.1145219379  -4.3598703346
  -0.4159399126   2.0910711490  -4.3757652063
      
      
#  type   0  conf  1.0000
  -0.4159399126   2.0910711490  -4.3757652063
  -0.3082008252   1.5494301802  -4.5928638699
      
      
# 376  norm    -0.9822872507   -0.1873813146    0.0000000000
# nedges  14 
#  type   0  conf  1.0000
   0.3109937547  -1.6302863549  -4.5795116433
   0.4011807324  -2.1030630483  -4.3546735830
      
      
#  type   0  conf  1.0000
   0.4011807324  -2.1030630483  -4.3546735830
   0.4943440966  -2.5914425067  -3.8960014747
      
      
#  type   0  conf  1.0000
   0.4943440966  -2.5914425067  -3.8960014747
   0.4950747122  -2.5952725275  -3.8037062916
      
      
#  type   0  conf  1.0000
   0.4950747122  -2.5952725275  -3.8037062916
   0.4898797777  -2.5680397276  -3.7501213663
      
      
#  type   0  conf  1.0000
   0.4898797777  -2.5680397276  -3.7501213663
   0.0752802504  -0.3946328928  -2.0382181993
      
      
#  type   0  conf  1.0000
   0.0752802504  -0.3946328928  -2.0382181993
   0.0433645733  -0.2273250540  -1.9165500420
      
      
#  type   0  conf  1.0000
   0.0433645733  -0.2273250540  -1.9165500420
  -0.0225287122   0.1180996451  -1.6695790182
      
      
#  type   4  conf  0.0000
#  type   0  conf  1.0000
  -0.0316112669   0.1657120644  -1.6710059731
  -0.1266127867   0.6637274718  -2.0703283604
      
      
#  type   0  conf  1.0000
  -0.1266127867   0.6637274718  -2.0703283604
  -0.4878863821   2.5575899817  -3.7418710158
      
      
#  type   0  conf  1.0000
  -0.4878863821   2.5575899817  -3.7418710158
  -0.4896128765   2.5666405820  -3.9580149053
      
      
#  type   0  conf  1.0000
  -0.4896128765   2.5666405820  -3.9580149053
  -0.4140388245   2.1704675275  -4.3192714879
      
      
#  type   0  conf  1.0000
  -0.4140388245   2.1704675275  -4.3192714879
  -0.4017969732   2.1062934956  -4.3738097786
      
      
#  type   0  conf  1.0000
  -0.4017969732   2.1062934956  -4.3738097786
  -0.2980630039   1.5625009854  -4.5933046244
      
      
# 377  norm    -0.9837286289   -0.1796607486    0.0000000000
# nedges  15 
#  type   0  conf  1.0000
   0.2993829729  -1.6392651362  -4.5794644715
   0.3843485411  -2.1044923074  -4.3542537782
      
      
#  type   0  conf  1.0000
   0.3843485411  -2.1044923074  -4.3542537782
   0.4752076796  -2.6019895987  -3.8967705290
      
      
#  type   0  conf  1.0000
   0.4752076796  -2.6019895987  -3.8967705290
   0.4751441947  -2.6016419885  -3.7906743976
      
      
#  type   0  conf  1.0000
   0.4751441947  -2.6016419885  -3.7906743976
   0.4713031407  -2.5806103784  -3.7502014339
      
      
#  type   0  conf  1.0000
   0.4713031407  -2.5806103784  -3.7502014339
   0.0698765679  -0.3826076695  -2.0335290596
      
      
#  type   0  conf  1.0000
   0.0698765679  -0.3826076695  -2.0335290596
   0.0437033980  -0.2392970315  -1.9297845364
      
      
#  type   0  conf  1.0000
   0.0437033980  -0.2392970315  -1.9297845364
  -0.0205773807   0.1126710129  -1.6767903385
      
      
#  type   4  conf  0.0000
#  type   0  conf  1.0000
  -0.0304037605   0.1664751475  -1.6666143128
  -0.1139094410   0.6237087351  -2.0316070399
      
      
#  type   0  conf  1.0000
  -0.1139094410   0.6237087351  -2.0316070399
  -0.1272903204   0.6969754572  -2.0920995866
      
      
#  type   0  conf  1.0000
  -0.1272903204   0.6969754572  -2.0920995866
  -0.4698864361   2.5728532423  -3.7469261607
      
      
#  type   0  conf  1.0000
  -0.4698864361   2.5728532423  -3.7469261607
  -0.4701920508   2.5745266292  -3.9628172544
      
      
#  type   0  conf  1.0000
  -0.4701920508   2.5745266292  -3.9628172544
  -0.3875259348   2.1218900595  -4.3716082331
      
      
#  type   0  conf  1.0000
  -0.3875259348   2.1218900595  -4.3716082331
  -0.3642574990   1.9944842313  -4.4234064325
      
      
#  type   0  conf  1.0000
  -0.3642574990   1.9944842313  -4.4234064325
  -0.2876957843   1.5752721819  -4.5930027692
      
      
# 378  norm    -0.9851093262   -0.1719291003   -0.0000000000
# nedges  16 
#  type   0  conf  1.0000
   0.2875968182  -1.6478554668  -4.5788694045
   0.3671871052  -2.1038872490  -4.3548677179
      
      
#  type   0  conf  1.0000
   0.3671871052  -2.1038872490  -4.3548677179
   0.4517977022  -2.5886841104  -3.9213738331
      
      
#  type   0  conf  1.0000
   0.4517977022  -2.5886841104  -3.9213738331
   0.4552369610  -2.6083901744  -3.8812804246
      
      
#  type   0  conf  1.0000
   0.4552369610  -2.6083901744  -3.8812804246
   0.4559190095  -2.6122981363  -3.8037239524
      
      
#  type   0  conf  1.0000
   0.4559190095  -2.6122981363  -3.8037239524
   0.4523434216  -2.5918109416  -3.7502491448
      
      
#  type   0  conf  1.0000
   0.4523434216  -2.5918109416  -3.7502491448
   0.0656679941  -0.3762606406  -2.0328894375
      
      
#  type   0  conf  1.0000
   0.0656679941  -0.3762606406  -2.0328894375
   0.0291014441  -0.1667437564  -1.8824633288
      
      
#  type   0  conf  1.0000
   0.0291014441  -0.1667437564  -1.8824633288
  -0.0227426622   0.1303095790  -1.6710488095
      
      
#  type   4  conf  0.0000
#  type   0  conf  1.0000
  -0.0312577547   0.1790988588  -1.6701681206
  -0.1152970947   0.6606225650  -2.0549798035
      
      
#  type   0  conf  1.0000
  -0.1152970947   0.6606225650  -2.0549798035
  -0.1263260045   0.7238153692  -2.1086771212
      
      
#  type   0  conf  1.0000
  -0.1263260045   0.7238153692  -2.1086771212
  -0.4512860427   2.5857524335  -3.7493560603
      
      
#  type   0  conf  1.0000
  -0.4512860427   2.5857524335  -3.7493560603
  -0.4512457505   2.5855215694  -3.9630391697
      
      
#  type   0  conf  1.0000
  -0.4512457505   2.5855215694  -3.9630391697
  -0.3752830967   2.1502751886  -4.3545083196
      
      
#  type   0  conf  1.0000
  -0.3752830967   2.1502751886  -4.3545083196
  -0.3708421942   2.1248299644  -4.3745906090
      
      
#  type   0  conf  1.0000
  -0.3708421942   2.1248299644  -4.3745906090
  -0.2773078575   1.5889023800  -4.5926944744
      
      
# 379  norm    -0.9864292572   -0.1641868466    0.0000000000
# nedges  15 
#  type   0  conf  1.0000
   0.2756402872  -1.6560379191  -4.5788332346
   0.3500709715  -2.1032150599  -4.3553395112
      
      
#  type   0  conf  1.0000
   0.3500709715  -2.1032150599  -4.3553395112
   0.4336746990  -2.6055035473  -3.9185409342
      
      
#  type   0  conf  1.0000
   0.4336746990  -2.6055035473  -3.9185409342
   0.4360638199  -2.6198573083  -3.8734523756
      
      
#  type   0  conf  1.0000
   0.4360638199  -2.6198573083  -3.8734523756
   0.4357505038  -2.6179749152  -3.7608977051
      
      
#  type   0  conf  1.0000
   0.4357505038  -2.6179749152  -3.7608977051
   0.0676483112  -0.4064288629  -2.0612688591
      
      
#  type   0  conf  1.0000
   0.0676483112  -0.4064288629  -2.0612688591
   0.0554484440  -0.3331324561  -2.0064953660
      
      
#  type   0  conf  1.0000
   0.0554484440  -0.3331324561  -2.0064953660
  -0.0213770071   0.1284323665  -1.6764191039
      
      
#  type   4  conf  0.0000
#  type   0  conf  1.0000
  -0.0303222064   0.1821748342  -1.6667489483
  -0.1103839411   0.6631831432  -2.0499974496
      
      
#  type   0  conf  1.0000
  -0.1103839411   0.6631831432  -2.0499974496
  -0.1198878757   0.7202824749  -2.0978618436
      
      
#  type   0  conf  1.0000
  -0.1198878757   0.7202824749  -2.0978618436
  -0.4323096368   2.5973022979  -3.7500067533
      
      
#  type   0  conf  1.0000
  -0.4323096368   2.5973022979  -3.7500067533
  -0.4325137590   2.5985286577  -3.9609199404
      
      
#  type   0  conf  1.0000
  -0.4325137590   2.5985286577  -3.9609199404
  -0.3605298001   2.1660513635  -4.3495659612
      
      
#  type   0  conf  1.0000
  -0.3605298001   2.1660513635  -4.3495659612
  -0.3559041257   2.1382604616  -4.3731430105
      
      
#  type   0  conf  1.0000
  -0.3559041257   2.1382604616  -4.3731430105
  -0.2666874228   1.6022493997  -4.5933180324
      
      
# 380  norm    -0.9876883406   -0.1564344650    0.0000000000
# nedges  15 
#  type   0  conf  1.0000
   0.2635150339  -1.6637684447  -4.5792639814
   0.3329765464  -2.1023311741  -4.3557188828
      
      
#  type   0  conf  1.0000
   0.3329765464  -2.1023311741  -4.3557188828
   0.4135649447  -2.6111462962  -3.9253945261
      
      
#  type   0  conf  1.0000
   0.4135649447  -2.6111462962  -3.9253945261
   0.4165776551  -2.6301678008  -3.8721196290
      
      
#  type   0  conf  1.0000
   0.4165776551  -2.6301678008  -3.8721196290
   0.4153844204  -2.6226340135  -3.7543508946
      
      
#  type   0  conf  1.0000
   0.4153844204  -2.6226340135  -3.7543508946
   0.0607032126  -0.3832650003  -2.0488278937
      
      
#  type   0  conf  1.0000
   0.0607032126  -0.3832650003  -2.0488278937
   0.0486701438  -0.3072911942  -1.9923676414
      
      
#  type   0  conf  1.0000
   0.0486701438  -0.3072911942  -1.9923676414
  -0.0231915813   0.1464258814  -1.6706807457
      
      
#  type   4  conf  0.0000
#  type   0  conf  1.0000
  -0.0305464680   0.1928628084  -1.6680297843
  -0.1028808509   0.6495641281  -2.0326011779
      
      
#  type   0  conf  1.0000
  -0.1028808509   0.6495641281  -2.0326011779
  -0.1149894597   0.7260148752  -2.0954633915
      
      
#  type   0  conf  1.0000
  -0.1149894597   0.7260148752  -2.0954633915
  -0.4128556625   2.6066680642  -3.7489129821
      
      
#  type   0  conf  1.0000
  -0.4128556625   2.6066680642  -3.7489129821
  -0.4138377670   2.6128688283  -3.9542580779
      
      
#  type   0  conf  1.0000
  -0.4138377670   2.6128688283  -3.9542580779
  -0.3455318857   2.1816024666  -4.3458224776
      
      
#  type   0  conf  1.0000
  -0.3455318857   2.1816024666  -4.3458224776
  -0.3394519771   2.1432154343  -4.3752838497
      
      
#  type   0  conf  1.0000
  -0.3394519771   2.1432154343  -4.3752838497
  -0.2561102652   1.6170165748  -4.5925368930
      
      
# 381  norm    -0.9888864987   -0.1486724339    0.0000000000
# nedges  15 
#  type   0  conf  1.0000
   0.2515250121  -1.6730047532  -4.5784095854
   0.3159043080  -2.1012200913  -4.3563307714
      
      
#  type   0  conf  1.0000
   0.3159043080  -2.1012200913  -4.3563307714
   0.3938138444  -2.6194310774  -3.9291717209
      
      
#  type   0  conf  1.0000
   0.3938138444  -2.6194310774  -3.9291717209
   0.3962759392  -2.6358075657  -3.8873031971
      
      
#  type   0  conf  1.0000
   0.3962759392  -2.6358075657  -3.8873031971
   0.3963940620  -2.6365932528  -3.7572715787
      
      
#  type   0  conf  1.0000
   0.3963940620  -2.6365932528  -3.7572715787
   0.0746594719  -0.4965933618  -2.1388661949
      
      
#  type   0  conf  1.0000
   0.0746594719  -0.4965933618  -2.1388661949
   0.0507843037  -0.3377889965  -2.0195298011
      
      
#  type   0  conf  1.0000
   0.0507843037  -0.3377889965  -2.0195298011
  -0.0229912929   0.1529253174  -1.6700424089
      
      
#  type   4  conf  0.0000
#  type   0  conf  1.0000
  -0.0301486773   0.2005322655  -1.6690346860
  -0.1038159669   0.6905261810  -2.0580903018
      
      
#  type   0  conf  1.0000
  -0.1038159669   0.6905261810  -2.0580903018
  -0.1351862810   0.8991840962  -2.2401080112
      
      
#  type   0  conf  1.0000
  -0.1351862810   0.8991840962  -2.2401080112
  -0.3937533899   2.6190289681  -3.7514352613
      
      
#  type   0  conf  1.0000
  -0.3937533899   2.6190289681  -3.7514352613
  -0.3946163908   2.6247691707  -3.9524391489
      
      
#  type   0  conf  1.0000
  -0.3946163908   2.6247691707  -3.9524391489
  -0.3380960149   2.2488270063  -4.2938756504
      
      
#  type   0  conf  1.0000
  -0.3380960149   2.2488270063  -4.2938756504
  -0.3245294827   2.1585899649  -4.3727535539
      
      
#  type   0  conf  1.0000
  -0.3245294827   2.1585899649  -4.3727535539
  -0.2451779071   1.6307873343  -4.5927221230
      
      
# 382  norm    -0.9900236577   -0.1409012319   -0.0000000000
# nedges  16 
#  type   0  conf  1.0000
   0.2385914001  -1.6764305564  -4.5810730118
   0.2992298404  -2.1024984457  -4.3551887166
      
      
#  type   0  conf  1.0000
   0.2992298404  -2.1024984457  -4.3551887166
   0.3751190419  -2.6357237678  -3.9249967863
      
      
#  type   0  conf  1.0000
   0.3751190419  -2.6357237678  -3.9249967863
   0.3765479264  -2.6457636339  -3.8643609424
      
      
#  type   0  conf  1.0000
   0.3765479264  -2.6457636339  -3.8643609424
   0.3760285322  -2.6421141800  -3.7520839596
      
      
#  type   0  conf  1.0000
   0.3760285322  -2.6421141800  -3.7520839596
   0.0492598236  -0.3461175612  -2.0307770773
      
      
#  type   3  conf  0.0000
#  type   0  conf  1.0000
   0.0472823899  -0.3322233874  -2.0196299092
  -0.0231810099   0.1628782653  -1.6698970045
      
      
#  type   0  conf  1.0000
  -0.0231810099   0.1628782653  -1.6698970045
  -0.0293608206   0.2062998784  -1.6667023173
      
      
#  type   0  conf  1.0000
  -0.0293608206   0.2062998784  -1.6667023173
  -0.1017549654   0.7149676528  -2.0711717476
      
      
#  type   3  conf  0.0000
#  type   0  conf  1.0000
  -0.1035612227   0.7276590780  -2.0824591599
  -0.3742471530   2.6295975575  -3.7514065846
      
      
#  type   0  conf  1.0000
  -0.3742471530   2.6295975575  -3.7514065846
  -0.3751523357   2.6359577024  -3.9228915056
      
      
#  type   0  conf  1.0000
  -0.3751523357   2.6359577024  -3.9228915056
  -0.3729223024   2.6202886720  -3.9681870706
      
      
#  type   0  conf  1.0000
  -0.3729223024   2.6202886720  -3.9681870706
  -0.3402581426   2.3907783221  -4.1742728649
      
      
#  type   0  conf  1.0000
  -0.3402581426   2.3907783221  -4.1742728649
  -0.3089281759   2.1706425023  -4.3713013879
      
      
#  type   0  conf  1.0000
  -0.3089281759   2.1706425023  -4.3713013879
  -0.2337333679   1.6422962427  -4.5937480054
      
      
# 383  norm    -0.9910997474   -0.1331213385    0.0000000000
# nedges  16 
#  type   0  conf  1.0000
   0.2264126472  -1.6856615167  -4.5794485405
   0.2812666713  -2.0940544163  -4.3597824253
      
      
#  type   0  conf  1.0000
   0.2812666713  -2.0940544163  -4.3597824253
   0.2873939478  -2.1396725142  -4.3255970289
      
      
#  type   0  conf  1.0000
   0.2873939478  -2.1396725142  -4.3255970289
   0.3563275992  -2.6528894422  -3.9195324286
      
      
#  type   0  conf  1.0000
   0.3563275992  -2.6528894422  -3.9195324286
   0.3560724252  -2.6509896499  -3.7510903191
      
      
#  type   0  conf  1.0000
   0.3560724252  -2.6509896499  -3.7510903191
   0.0448693250  -0.3340559608  -2.0263032102
      
      
#  type   3  conf  0.0000
#  type   0  conf  1.0000
   0.0413889765  -0.3081444688  -2.0066279603
  -0.0228277571   0.1699546033  -1.6705488779
      
      
#  type   4  conf  0.0000
#  type   0  conf  1.0000
  -0.0293939287   0.2188403121  -1.6704897204
  -0.0961249944   0.7156588018  -2.0661208946
      
      
#  type   0  conf  1.0000
  -0.0961249944   0.7156588018  -2.0661208946
  -0.1128848343   0.8404372430  -2.1744960200
      
      
#  type   0  conf  1.0000
  -0.1128848343   0.8404372430  -2.1744960200
  -0.3518994655   2.6199216082  -3.7360061297
      
      
#  type   0  conf  1.0000
  -0.3518994655   2.6199216082  -3.7360061297
  -0.3550460233   2.6433480004  -3.7892012288
      
      
#  type   0  conf  1.0000
  -0.3550460233   2.6433480004  -3.7892012288
  -0.3550528322   2.6433986933  -3.9544036575
      
      
#  type   0  conf  1.0000
  -0.3550528322   2.6433986933  -3.9544036575
  -0.2956933764   2.2014624691  -4.3519350441
      
      
#  type   0  conf  1.0000
  -0.2956933764   2.2014624691  -4.3519350441
  -0.2923010883   2.1762065948  -4.3726033530
      
      
#  type   0  conf  1.0000
  -0.2923010883   2.1762065948  -4.3726033530
  -0.2220921624   1.6534951379  -4.5935588758
      
      
# 384  norm    -0.9921147013   -0.1253332336    0.0000000000
# nedges  16 
#  type   0  conf  1.0000
   0.2135499042  -1.6904215534  -4.5807839752
   0.2638202767  -2.0883525271  -4.3622727687
      
      
#  type   0  conf  1.0000
   0.2638202767  -2.0883525271  -4.3622727687
   0.2687202998  -2.1271402041  -4.3354000839
      
      
#  type   0  conf  1.0000
   0.2687202998  -2.1271402041  -4.3354000839
   0.3361859457  -2.6611857815  -3.9218745199
      
      
#  type   0  conf  1.0000
   0.3361859457  -2.6611857815  -3.9218745199
   0.3358933799  -2.6588698847  -3.7491841664
      
      
#  type   0  conf  1.0000
   0.3358933799  -2.6588698847  -3.7491841664
   0.0408072302  -0.3230224886  -2.0233248935
      
      
#  type   0  conf  1.0000
   0.0408072302  -0.3230224886  -2.0233248935
  -0.0221146382   0.1750553870  -1.6699345206
      
      
#  type   4  conf  0.0000
#  type   0  conf  1.0000
  -0.0280609954   0.2221256505  -1.6688489294
  -0.0924863473   0.7321048232  -2.0717254473
      
      
#  type   3  conf  0.0000
#  type   0  conf  1.0000
  -0.0940449897   0.7444427486  -2.0835141514
  -0.3320895903   2.6287597894  -3.7352311105
      
      
#  type   0  conf  1.0000
  -0.3320895903   2.6287597894  -3.7352311105
  -0.3351572569   2.6530428715  -3.7777493801
      
      
#  type   0  conf  1.0000
  -0.3351572569   2.6530428715  -3.7777493801
  -0.3357273875   2.6575559196  -3.9193459174
      
      
#  type   0  conf  1.0000
  -0.3357273875   2.6575559196  -3.9193459174
  -0.3333388134   2.6386484085  -3.9676617234
      
      
#  type   0  conf  1.0000
  -0.3333388134   2.6386484085  -3.9676617234
  -0.2781631871   2.2018883532  -4.3594347850
      
      
#  type   0  conf  1.0000
  -0.2781631871   2.2018883532  -4.3594347850
  -0.2752488634   2.1788191058  -4.3753384845
      
      
#  type   0  conf  1.0000
  -0.2752488634   2.1788191058  -4.3753384845
  -0.2104537632   1.6659130741  -4.5938260375
      
      
# 385  norm    -0.9930684570   -0.1175373975    0.0000000000
# nedges  13 
#  type   0  conf  1.0000
   0.2015344731  -1.7027561657  -4.5773112992
   0.2482052980  -2.0970759740  -4.3569332687
      
      
#  type   0  conf  1.0000
   0.2482052980  -2.0970759740  -4.3569332687
   0.3156127636  -2.6665987752  -3.9274455157
      
      
#  type   0  conf  1.0000
   0.3156127636  -2.6665987752  -3.9274455157
   0.3160706879  -2.6704677585  -3.7509810430
      
      
#  type   0  conf  1.0000
   0.3160706879  -2.6704677585  -3.7509810430
   0.0393193661  -0.3322076468  -2.0345747679
      
      
#  type   0  conf  1.0000
   0.0393193661  -0.3322076468  -2.0345747679
   0.0195334744  -0.1650374919  -1.9158213652
      
      
#  type   0  conf  1.0000
   0.0195334744  -0.1650374919  -1.9158213652
  -0.0219169039   0.1851749865  -1.6703086396
      
      
#  type   4  conf  0.0000
#  type   0  conf  1.0000
  -0.0277245124   0.2342432227  -1.6706770958
  -0.0866335861   0.7319634735  -2.0669056321
      
      
#  type   0  conf  1.0000
  -0.0866335861   0.7319634735  -2.0669056321
  -0.0945428106   0.7987881732  -2.1240892429
      
      
#  type   0  conf  1.0000
  -0.0945428106   0.7987881732  -2.1240892429
  -0.3154275974   2.6650343145  -3.7607975489
      
      
#  type   0  conf  1.0000
  -0.3154275974   2.6650343145  -3.7607975489
  -0.3154864002   2.6655311364  -3.9495145344
      
      
#  type   0  conf  1.0000
  -0.3154864002   2.6655311364  -3.9495145344
  -0.2602493494   2.1988356512  -4.3699840930
      
      
#  type   0  conf  1.0000
  -0.2602493494   2.1988356512  -4.3699840930
  -0.1985317201   1.6773860336  -4.5944716213
      
      
# 386  norm    -0.9939609555   -0.1097343111    0.0000000000
# nedges  15 
#  type   0  conf  1.0000
   0.1884314593  -1.7067908064  -4.5787767557
   0.2311472516  -2.0937056125  -4.3581014225
      
      
#  type   0  conf  1.0000
   0.2311472516  -2.0937056125  -4.3581014225
   0.2427742266  -2.1990214346  -4.2812936962
      
      
#  type   0  conf  1.0000
   0.2427742266  -2.1990214346  -4.2812936962
   0.2957683053  -2.6790357951  -3.9240817640
      
      
#  type   0  conf  1.0000
   0.2957683053  -2.6790357951  -3.9240817640
   0.2951968513  -2.6738596293  -3.7520515661
      
      
#  type   0  conf  1.0000
   0.2951968513  -2.6738596293  -3.7520515661
   0.2902831635  -2.6293520022  -3.7118277886
      
      
#  type   0  conf  1.0000
   0.2902831635  -2.6293520022  -3.7118277886
  -0.0181886904   0.1647510968  -1.6811357585
      
      
#  type   0  conf  1.0000
  -0.0181886904   0.1647510968  -1.6811357585
  -0.0257687408   0.2334103341  -1.6648000630
      
      
#  type   0  conf  1.0000
  -0.0257687408   0.2334103341  -1.6648000630
  -0.0793002036   0.7182922582  -2.0494666834
      
      
#  type   0  conf  1.0000
  -0.0793002036   0.7182922582  -2.0494666834
  -0.0855088305   0.7745292970  -2.0963371908
      
      
#  type   0  conf  1.0000
  -0.0855088305   0.7745292970  -2.0963371908
  -0.2951797863   2.6737050562  -3.7611961163
      
      
#  type   0  conf  1.0000
  -0.2951797863   2.6737050562  -3.7611961163
  -0.2956533239   2.6779943060  -3.9159399568
      
      
#  type   0  conf  1.0000
  -0.2956533239   2.6779943060  -3.9159399568
  -0.2934900180   2.6583993266  -3.9648820023
      
      
#  type   0  conf  1.0000
  -0.2934900180   2.6583993266  -3.9648820023
  -0.2438471956   2.2087402664  -4.3674208147
      
      
#  type   0  conf  1.0000
  -0.2438471956   2.2087402664  -4.3674208147
  -0.2423414891   2.1951017478  -4.3751465871
      
      
#  type   0  conf  1.0000
  -0.2423414891   2.1951017478  -4.3751465871
  -0.1865152329   1.6894338452  -4.5940976850
      
      
# 387  norm    -0.9947921418   -0.1019244558    0.0000000000
# nedges  16 
#  type   0  conf  1.0000
   0.1755984832  -1.7138574824  -4.5787913203
   0.2145432576  -2.0939620924  -4.3569137654
      
      
#  type   0  conf  1.0000
   0.2145432576  -2.0939620924  -4.3569137654
   0.2726315594  -2.6609093058  -3.9474377455
      
      
#  type   0  conf  1.0000
   0.2726315594  -2.6609093058  -3.9474377455
   0.2751571535  -2.6855593385  -3.9201571674
      
      
#  type   0  conf  1.0000
   0.2751571535  -2.6855593385  -3.9201571674
   0.2751421556  -2.6854129576  -3.7649888096
      
      
#  type   0  conf  1.0000
   0.2751421556  -2.6854129576  -3.7649888096
   0.2738196919  -2.6725055885  -3.7364740620
      
      
#  type   0  conf  1.0000
   0.2738196919  -2.6725055885  -3.7364740620
  -0.0193150911   0.1885170805  -1.6708578336
      
      
#  type   4  conf  0.0000
#  type   0  conf  1.0000
  -0.0251461047   0.2454283145  -1.6679344410
  -0.0762383999   0.7440938542  -2.0637393165
      
      
#  type   0  conf  1.0000
  -0.0762383999   0.7440938542  -2.0637393165
  -0.0815340522   0.7957799111  -2.1079093846
      
      
#  type   0  conf  1.0000
  -0.0815340522   0.7957799111  -2.1079093846
  -0.2724986706   2.6596122990  -3.7416054343
      
      
#  type   0  conf  1.0000
  -0.2724986706   2.6596122990  -3.7416054343
  -0.2751916630   2.6858961545  -3.7956070860
      
      
#  type   0  conf  1.0000
  -0.2751916630   2.6858961545  -3.7956070860
  -0.2755145972   2.6890480218  -3.9128077618
      
      
#  type   0  conf  1.0000
  -0.2755145972   2.6890480218  -3.9128077618
  -0.2732111370   2.6665660367  -3.9647043971
      
      
#  type   0  conf  1.0000
  -0.2732111370   2.6665660367  -3.9647043971
  -0.2277367978   2.2227322687  -4.3623783357
      
      
#  type   0  conf  1.0000
  -0.2277367978   2.2227322687  -4.3623783357
  -0.2250939716   2.1969380400  -4.3780781836
      
      
#  type   0  conf  1.0000
  -0.2250939716   2.1969380400  -4.3780781836
  -0.1743662832   1.7018310958  -4.5937143507
      
      
# 388  norm    -0.9955619646   -0.0941083133    0.0000000000
# nedges  15 
#  type   0  conf  1.0000
   0.1628397931  -1.7226650716  -4.5778665817
   0.1968880165  -2.0828576524  -4.3623176219
      
      
#  type   0  conf  1.0000
   0.1968880165  -2.0828576524  -4.3623176219
   0.2012090324  -2.1285692255  -4.3316488471
      
      
#  type   0  conf  1.0000
   0.2012090324  -2.1285692255  -4.3316488471
   0.2546747076  -2.6941769886  -3.9300541937
      
      
#  type   0  conf  1.0000
   0.2546747076  -2.6941769886  -3.9300541937
   0.2546786555  -2.6942187532  -3.8280723250
      
      
#  type   0  conf  1.0000
   0.2546786555  -2.6942187532  -3.8280723250
   0.2542568732  -2.6897567633  -3.7423916663
      
      
#  type   0  conf  1.0000
   0.2542568732  -2.6897567633  -3.7423916663
  -0.0181843877   0.1923707281  -1.6744311105
      
      
#  type   4  conf  0.0000
#  type   0  conf  1.0000
  -0.0241872171   0.2558740294  -1.6698221276
  -0.0705753719   0.7466094488  -2.0596091896
      
      
#  type   0  conf  1.0000
  -0.0705753719   0.7466094488  -2.0596091896
  -0.0753887174   0.7975293253  -2.1023128666
      
      
#  type   0  conf  1.0000
  -0.0753887174   0.7975293253  -2.1023128666
  -0.2549574514   2.6971681060  -3.7679660822
      
      
#  type   0  conf  1.0000
  -0.2549574514   2.6971681060  -3.7679660822
  -0.2549900532   2.6975129970  -3.9070469345
      
      
#  type   0  conf  1.0000
  -0.2549900532   2.6975129970  -3.9070469345
  -0.2531102110   2.6776263437  -3.9595335713
      
      
#  type   0  conf  1.0000
  -0.2531102110   2.6776263437  -3.9595335713
  -0.2125662356   2.2487158853  -4.3472436448
      
      
#  type   0  conf  1.0000
  -0.2125662356   2.2487158853  -4.3472436448
  -0.2091544698   2.2126231737  -4.3748632705
      
      
#  type   0  conf  1.0000
  -0.2091544698   2.2126231737  -4.3748632705
  -0.1620282440   1.7140797794  -4.5934563257
      
      
# 389  norm    -0.9962703765   -0.0862863658    0.0000000000
# nedges  14 
#  type   0  conf  1.0000
   0.1492562452  -1.7233264398  -4.5820742583
   0.1813338725  -2.0936976978  -4.3547718758
      
      
#  type   0  conf  1.0000
   0.1813338725  -2.0936976978  -4.3547718758
   0.2340745547  -2.7026465026  -3.9324232759
      
      
#  type   0  conf  1.0000
   0.2340745547  -2.7026465026  -3.9324232759
   0.2341701738  -2.7037505297  -3.7764026536
      
      
#  type   0  conf  1.0000
   0.2341701738  -2.7037505297  -3.7764026536
   0.2330080970  -2.6903330833  -3.7370238977
      
      
#  type   0  conf  1.0000
   0.2330080970  -2.6903330833  -3.7370238977
  -0.0177534710   0.2049832215  -1.6714475988
      
      
#  type   4  conf  0.0000
#  type   0  conf  1.0000
  -0.0227734095   0.2629438967  -1.6690484920
  -0.0646679747   0.7466624289  -2.0536593742
      
      
#  type   0  conf  1.0000
  -0.0646679747   0.7466624289  -2.0536593742
  -0.0691428033   0.7983292151  -2.0962615355
      
      
#  type   0  conf  1.0000
  -0.0691428033   0.7983292151  -2.0962615355
  -0.2343669026   2.7060219779  -3.7690218456
      
      
#  type   0  conf  1.0000
  -0.2343669026   2.7060219779  -3.7690218456
  -0.2347092925   2.7099752439  -3.9125229902
      
      
#  type   0  conf  1.0000
  -0.2347092925   2.7099752439  -3.9125229902
  -0.2322092743   2.6811098017  -3.9653336778
      
      
#  type   0  conf  1.0000
  -0.2322092743   2.6811098017  -3.9653336778
  -0.1961707829   2.2650060399  -4.3383581501
      
      
#  type   0  conf  1.0000
  -0.1961707829   2.2650060399  -4.3383581501
  -0.1926834578   2.2247410621  -4.3729180250
      
      
#  type   0  conf  1.0000
  -0.1926834578   2.2247410621  -4.3729180250
  -0.1494392612   1.7254395593  -4.5937464631
      
      
# 390  norm    -0.9969173337   -0.0784590957    0.0000000000
# nedges  13 
#  type   0  conf  1.0000
   0.1367889992  -1.7380690295  -4.5775887894
   0.1650218461  -2.0968013622  -4.3522209428
      
      
#  type   0  conf  1.0000
   0.1650218461  -2.0968013622  -4.3522209428
   0.2133768676  -2.7112101660  -3.9334364295
      
      
#  type   0  conf  1.0000
   0.2133768676  -2.7112101660  -3.9334364295
   0.2134344368  -2.7119416513  -3.7463385964
      
      
#  type   0  conf  1.0000
   0.2134344368  -2.7119416513  -3.7463385964
  -0.0171618208   0.2180616086  -1.6677505149
      
      
#  type   4  conf  0.0000
#  type   0  conf  1.0000
  -0.0214285081   0.2722750106  -1.6715420658
  -0.0598308678   0.7602232554  -2.0575288170
      
      
#  type   0  conf  1.0000
  -0.0598308678   0.7602232554  -2.0575288170
  -0.0658776043   0.8370543272  -2.1233919687
      
      
#  type   0  conf  1.0000
  -0.0658776043   0.8370543272  -2.1233919687
  -0.2137617795   2.7161009351  -3.7716523013
      
      
#  type   0  conf  1.0000
  -0.2137617795   2.7161009351  -3.7716523013
  -0.2141150856   2.7205901149  -3.9036499520
      
      
#  type   0  conf  1.0000
  -0.2141150856   2.7205901149  -3.9036499520
  -0.2120861755   2.6948103677  -3.9591664207
      
      
#  type   0  conf  1.0000
  -0.2120861755   2.6948103677  -3.9591664207
  -0.1763884487   2.2412277422  -4.3663694269
      
      
#  type   0  conf  1.0000
  -0.1763884487   2.2412277422  -4.3663694269
  -0.1753710404   2.2283003448  -4.3744224072
      
      
#  type   0  conf  1.0000
  -0.1753710404   2.2283003448  -4.3744224072
  -0.1367389992   1.7374337189  -4.5935318541
      
      
# 391  norm    -0.9975027964   -0.0706269859   -0.0000000000
# nedges  13 
#  type   0  conf  1.0000
   0.1232747797  -1.7410758208  -4.5801562391
   0.1489410759  -2.1035746851  -4.3488043899
      
      
#  type   0  conf  1.0000
   0.1489410759  -2.1035746851  -4.3488043899
   0.1925815444  -2.7199324251  -3.9339621335
      
      
#  type   0  conf  1.0000
   0.1925815444  -2.7199324251  -3.9339621335
   0.1925817169  -2.7199348609  -3.7650336931
      
      
#  type   0  conf  1.0000
   0.1925817169  -2.7199348609  -3.7650336931
   0.1915665303  -2.7055968359  -3.7364623504
      
      
#  type   0  conf  1.0000
   0.1915665303  -2.7055968359  -3.7364623504
  -0.0153091619   0.2162195028  -1.6743166874
      
      
#  type   4  conf  0.0000
#  type   0  conf  1.0000
  -0.0194714499   0.2750057289  -1.6672791057
  -0.0565087992   0.7981040738  -2.0828585594
      
      
#  type   0  conf  1.0000
  -0.0565087992   0.7981040738  -2.0828585594
  -0.1930343734   2.7263279710  -3.7750149476
      
      
#  type   0  conf  1.0000
  -0.1930343734   2.7263279710  -3.7750149476
  -0.1930692901   2.7268211190  -3.9054370490
      
      
#  type   0  conf  1.0000
  -0.1930692901   2.7268211190  -3.9054370490
  -0.1911629846   2.6998973430  -3.9583034852
      
      
#  type   0  conf  1.0000
  -0.1911629846   2.6998973430  -3.9583034852
  -0.1596611026   2.2549793709  -4.3604827590
      
      
#  type   0  conf  1.0000
  -0.1596611026   2.2549793709  -4.3604827590
  -0.1577939802   2.2286089997  -4.3771155369
      
      
#  type   0  conf  1.0000
  -0.1577939802   2.2286089997  -4.3771155369
  -0.1237060462   1.7471668281  -4.5943308949
      
      
# 392  norm    -0.9980267284   -0.0627905195    0.0000000000
# nedges  11 
#  type   0  conf  1.0000
   0.1101266394  -1.7504128090  -4.5826960064
   0.1716814745  -2.7287988956  -3.9362057899
      
      
#  type   0  conf  1.0000
   0.1716814745  -2.7287988956  -3.9362057899
   0.1716305609  -2.7279896467  -3.7650126773
      
      
#  type   0  conf  1.0000
   0.1716305609  -2.7279896467  -3.7650126773
   0.1707084794  -2.7133335811  -3.7367464177
      
      
#  type   0  conf  1.0000
   0.1707084794  -2.7133335811  -3.7367464177
  -0.0143676244   0.2283668497  -1.6708481669
      
      
#  type   4  conf  0.0000
#  type   0  conf  1.0000
  -0.0178964848   0.2844564804  -1.6689647015
  -0.0506252224   0.8046648675  -2.0817882511
      
      
#  type   0  conf  1.0000
  -0.0506252224   0.8046648675  -2.0817882511
  -0.1720455276   2.7345853542  -3.7758369885
      
      
#  type   0  conf  1.0000
  -0.1720455276   2.7345853542  -3.7758369885
  -0.1723133176   2.7388417545  -3.9075354980
      
      
#  type   0  conf  1.0000
  -0.1723133176   2.7388417545  -3.9075354980
  -0.1700334935   2.7026049871  -3.9642988051
      
      
#  type   0  conf  1.0000
  -0.1700334935   2.7026049871  -3.9642988051
  -0.1414627214   2.2484855686  -4.3713949941
      
      
#  type   0  conf  1.0000
  -0.1414627214   2.2484855686  -4.3713949941
  -0.1105903028   1.7577825279  -4.5943579675
      
      
# 393  norm    -0.9984890975   -0.0549501799   -0.0000000000
# nedges  13 
#  type   0  conf  1.0000
   0.0965641018  -1.7546476276  -4.5795943834
   0.1171199703  -2.1281643415  -4.3425381852
      
      
#  type   0  conf  1.0000
   0.1171199703  -2.1281643415  -4.3425381852
   0.1505961980  -2.7364544034  -3.9334731029
      
      
#  type   0  conf  1.0000
   0.1505961980  -2.7364544034  -3.9334731029
   0.1506105304  -2.7367148349  -3.7649091845
      
      
#  type   0  conf  1.0000
   0.1506105304  -2.7367148349  -3.7649091845
   0.1496986888  -2.7201459382  -3.7366630881
      
      
#  type   0  conf  1.0000
   0.1496986888  -2.7201459382  -3.7366630881
  -0.0131777773   0.2394508441  -1.6676763976
      
      
#  type   4  conf  0.0000
#  type   0  conf  1.0000
  -0.0163098691   0.2963634795  -1.6726388750
  -0.0450210962   0.8180696362  -2.0872774063
      
      
#  type   0  conf  1.0000
  -0.0450210962   0.8180696362  -2.0872774063
  -0.1509312311   2.7425422264  -3.7767708869
      
      
#  type   0  conf  1.0000
  -0.1509312311   2.7425422264  -3.7767708869
  -0.1512891275   2.7490454916  -3.8876693628
      
      
#  type   0  conf  1.0000
  -0.1512891275   2.7490454916  -3.8876693628
  -0.1504333390   2.7334951251  -3.9392723463
      
      
#  type   0  conf  1.0000
  -0.1504333390   2.7334951251  -3.9392723463
  -0.1249190946   2.2698807211  -4.3587675090
      
      
#  type   0  conf  1.0000
  -0.1249190946   2.2698807211  -4.3587675090
  -0.1234983064   2.2440638528  -4.3763297847
      
      
#  type   0  conf  1.0000
  -0.1234983064   2.2440638528  -4.3763297847
  -0.0972606726   1.7673048824  -4.5941846181
      
      
# 394  norm    -0.9988898750   -0.0471064507    0.0000000000
# nedges  13 
#  type   0  conf  1.0000
   0.0833973698  -1.7684369560  -4.5746895080
   0.1008266209  -2.1380233336  -4.3445662339
      
      
#  type   0  conf  1.0000
   0.1008266209  -2.1380233336  -4.3445662339
   0.1294457411  -2.7448903110  -3.9319349676
      
      
#  type   0  conf  1.0000
   0.1294457411  -2.7448903110  -3.9319349676
   0.1294363679  -2.7446915519  -3.8036993869
      
      
#  type   0  conf  1.0000
   0.1294363679  -2.7446915519  -3.8036993869
   0.1291432754  -2.7384765418  -3.7447637033
      
      
#  type   0  conf  1.0000
   0.1291432754  -2.7384765418  -3.7447637033
  -0.0113962001   0.2416558405  -1.6705355347
      
      
#  type   4  conf  0.0000
#  type   0  conf  1.0000
  -0.0140743519   0.2984459107  -1.6683404626
  -0.0391378232   0.8299155374  -2.0915156946
      
      
#  type   0  conf  1.0000
  -0.0391378232   0.8299155374  -2.0915156946
  -0.1298659583   2.7538009953  -3.7796041562
      
      
#  type   0  conf  1.0000
  -0.1298659583   2.7538009953  -3.7796041562
  -0.1299990422   2.7566230315  -3.8917559910
      
      
#  type   0  conf  1.0000
  -0.1299990422   2.7566230315  -3.8917559910
  -0.1292010540   2.7397017340  -3.9393243070
      
      
#  type   0  conf  1.0000
  -0.1292010540   2.7397017340  -3.9393243070
  -0.1071172119   2.2714149923  -4.3623566761
      
      
#  type   0  conf  1.0000
  -0.1071172119   2.2714149923  -4.3623566761
  -0.1058737314   2.2450470516  -4.3785155582
      
      
#  type   0  conf  1.0000
  -0.1058737314   2.2450470516  -4.3785155582
  -0.0838650913   1.7783549655  -4.5938699639
      
      
# 395  norm    -0.9992290362   -0.0392598158   -0.0000000000
# nedges  12 
#  type   0  conf  1.0000
   0.0694198978  -1.7668543839  -4.5792142474
   0.0845518341  -2.1519878807  -4.3463926075
      
      
#  type   0  conf  1.0000
   0.0845518341  -2.1519878807  -4.3463926075
   0.1081345611  -2.7522083628  -3.9313155479
      
      
#  type   0  conf  1.0000
   0.1081345611  -2.7522083628  -3.9313155479
   0.1082448181  -2.7550145922  -3.7780673739
      
      
#  type   0  conf  1.0000
   0.1082448181  -2.7550145922  -3.7780673739
   0.1075825729  -2.7381593254  -3.7401612613
      
      
#  type   0  conf  1.0000
   0.1075825729  -2.7381593254  -3.7401612613
  -0.0094974589   0.2417264709  -1.6746796223
      
      
#  type   4  conf  0.0000
#  type   0  conf  1.0000
  -0.0119469896   0.3040711891  -1.6669895994
  -0.0327301405   0.8330377033  -2.0880093981
      
      
#  type   0  conf  1.0000
  -0.0327301405   0.8330377033  -2.0880093981
  -0.1085237361   2.7621135279  -3.7787351876
      
      
#  type   0  conf  1.0000
  -0.1085237361   2.7621135279  -3.7787351876
  -0.1087188524   2.7670795697  -3.8999464979
      
      
#  type   0  conf  1.0000
  -0.1087188524   2.7670795697  -3.8999464979
  -0.1069483414   2.7220170567  -3.9619378284
      
      
#  type   0  conf  1.0000
  -0.1069483414   2.7220170567  -3.9619378284
  -0.0891026605   2.2678141476  -4.3704091857
      
      
#  type   0  conf  1.0000
  -0.0891026605   2.2678141476  -4.3704091857
  -0.0702621510   1.7882911596  -4.5948805487
      
      
# 396  norm    -0.9995065604   -0.0314107591    0.0000000000
# nedges  15 
#  type   0  conf  1.0000
   0.0558456471  -1.7770373058  -4.5771834765
   0.0681988972  -2.1701240966  -4.3463056879
      
      
#  type   0  conf  1.0000
   0.0681988972  -2.1701240966  -4.3463056879
   0.0855575768  -2.7224862360  -3.9564079027
      
      
#  type   0  conf  1.0000
   0.0855575768  -2.7224862360  -3.9564079027
   0.0868365636  -2.7631842571  -3.9182763754
      
      
#  type   0  conf  1.0000
   0.0868365636  -2.7631842571  -3.9182763754
   0.0868197167  -2.7626481798  -3.7891769640
      
      
#  type   0  conf  1.0000
   0.0868197167  -2.7626481798  -3.7891769640
   0.0864715886  -2.7515705647  -3.7448522396
      
      
#  type   0  conf  1.0000
   0.0864715886  -2.7515705647  -3.7448522396
  -0.0072534353   0.2308080526  -1.6858540746
      
      
#  type   0  conf  1.0000
  -0.0072534353   0.2308080526  -1.6858540746
  -0.0095323550   0.3033244529  -1.6615734913
      
      
#  type   0  conf  1.0000
  -0.0095323550   0.3033244529  -1.6615734913
  -0.0252753300   0.8042740426  -2.0589104135
      
      
#  type   0  conf  1.0000
  -0.0252753300   0.8042740426  -2.0589104135
  -0.0281467063   0.8956427180  -2.1360671975
      
      
#  type   0  conf  1.0000
  -0.0281467063   0.8956427180  -2.1360671975
  -0.0871588705   2.7734402303  -3.7805118276
      
      
#  type   0  conf  1.0000
  -0.0871588705   2.7734402303  -3.7805118276
  -0.0872619639   2.7767207145  -3.8800107052
      
      
#  type   0  conf  1.0000
  -0.0872619639   2.7767207145  -3.8800107052
  -0.0868410159   2.7633259303  -3.9268876304
      
      
#  type   0  conf  1.0000
  -0.0868410159   2.7633259303  -3.9268876304
  -0.0718394330   2.2859678228  -4.3604979451
      
      
#  type   0  conf  1.0000
  -0.0718394330   2.2859678228  -4.3604979451
  -0.0710040807   2.2593864811  -4.3773979054
      
      
#  type   0  conf  1.0000
  -0.0710040807   2.2593864811  -4.3773979054
  -0.0565322455   1.7988852198  -4.5942847184
      
      
# 397  norm    -0.9997224302   -0.0235597648    0.0000000000
# nedges  14 
#  type   0  conf  1.0000
   0.0419991971  -1.7821714147  -4.5779473740
   0.0511347653  -2.1698252177  -4.3565544692
      
      
#  type   0  conf  1.0000
   0.0511347653  -2.1698252177  -4.3565544692
   0.0520334097  -2.2079578112  -4.3324966779
      
      
#  type   0  conf  1.0000
   0.0520334097  -2.2079578112  -4.3324966779
   0.0653713931  -2.7739346469  -3.9224018033
      
      
#  type   0  conf  1.0000
   0.0653713931  -2.7739346469  -3.9224018033
   0.0652836251  -2.7702103476  -3.7762419422
      
      
#  type   0  conf  1.0000
   0.0652836251  -2.7702103476  -3.7762419422
   0.0648272903  -2.7508464809  -3.7402376140
      
      
#  type   0  conf  1.0000
   0.0648272903  -2.7508464809  -3.7402376140
  -0.0057399488   0.2435659102  -1.6808430425
      
      
#  type   0  conf  1.0000
  -0.0057399488   0.2435659102  -1.6808430425
  -0.0074108598   0.3144684525  -1.6641813000
      
      
#  type   0  conf  1.0000
  -0.0074108598   0.3144684525  -1.6641813000
  -0.0191127350   0.8110195511  -2.0586713758
      
      
#  type   0  conf  1.0000
  -0.0191127350   0.8110195511  -2.0586713758
  -0.0219135254   0.9298667875  -2.1602550759
      
      
#  type   0  conf  1.0000
  -0.0219135254   0.9298667875  -2.1602550759
  -0.0655713162   2.7824180790  -3.7785071619
      
      
#  type   0  conf  1.0000
  -0.0655713162   2.7824180790  -3.7785071619
  -0.0656480390   2.7856736919  -3.9100432070
      
      
#  type   0  conf  1.0000
  -0.0656480390   2.7856736919  -3.9100432070
  -0.0544917455   2.3122735127  -4.3418870172
      
      
#  type   0  conf  1.0000
  -0.0544917455   2.3122735127  -4.3418870172
  -0.0535703092   2.2731737799  -4.3731916001
      
      
#  type   0  conf  1.0000
  -0.0535703092   2.2731737799  -4.3731916001
  -0.0426412957   1.8094178821  -4.5941448956
      
      
# 398  norm    -0.9998766325   -0.0157073173   -0.0000000000
# nedges  13 
#  type   0  conf  1.0000
   0.0281533484  -1.7921504116  -4.5759923295
   0.0346409360  -2.2051290946  -4.3464398196
      
      
#  type   0  conf  1.0000
   0.0346409360  -2.2051290946  -4.3464398196
   0.0435621535  -2.7730247306  -3.9287839468
      
      
#  type   0  conf  1.0000
   0.0435621535  -2.7730247306  -3.9287839468
   0.0437181639  -2.7829558408  -3.8842043018
      
      
#  type   0  conf  1.0000
   0.0437181639  -2.7829558408  -3.8842043018
   0.0436585230  -2.7791592952  -3.7764796674
      
      
#  type   0  conf  1.0000
   0.0436585230  -2.7791592952  -3.7764796674
   0.0434322780  -2.7647572798  -3.7458478268
      
      
#  type   0  conf  1.0000
   0.0434322780  -2.7647572798  -3.7458478268
  -0.0034236825   0.2179404687  -1.7019818193
      
      
#  type   0  conf  1.0000
  -0.0034236825   0.2179404687  -1.7019818193
  -0.0049827759   0.3171872738  -1.6594649400
      
      
#  type   0  conf  1.0000
  -0.0049827759   0.3171872738  -1.6594649400
  -0.0133838343   0.8519712782  -2.0863967398
      
      
#  type   0  conf  1.0000
  -0.0133838343   0.8519712782  -2.0863967398
  -0.0438423011   2.7908580126  -3.7759956473
      
      
#  type   0  conf  1.0000
  -0.0438423011   2.7908580126  -3.7759956473
  -0.0439167078   2.7955945038  -3.9050149678
      
      
#  type   0  conf  1.0000
  -0.0439167078   2.7955945038  -3.9050149678
  -0.0365465737   2.3264357815  -4.3337949555
      
      
#  type   0  conf  1.0000
  -0.0365465737   2.3264357815  -4.3337949555
  -0.0358192936   2.2801395013  -4.3725026939
      
      
#  type   0  conf  1.0000
  -0.0358192936   2.2801395013  -4.3725026939
  -0.0285715037   1.8187688142  -4.5943660613
      
      
# 399  norm    -0.9999691576   -0.0078539009   -0.0000000000
# nedges  14 
#  type   0  conf  1.0000
   0.0140980830  -1.7949867739  -4.5779353102
   0.0174704364  -2.2243593157  -4.3441557081
      
      
#  type   0  conf  1.0000
   0.0174704364  -2.2243593157  -4.3441557081
   0.0218269992  -2.7790427089  -3.9277028200
      
      
#  type   0  conf  1.0000
   0.0218269992  -2.7790427089  -3.9277028200
   0.0219205346  -2.7909517624  -3.8883436164
      
      
#  type   0  conf  1.0000
   0.0219205346  -2.7909517624  -3.8883436164
   0.0219005944  -2.7884129479  -3.7917577113
      
      
#  type   0  conf  1.0000
   0.0219005944  -2.7884129479  -3.7917577113
   0.0217713727  -2.7719602663  -3.7475274793
      
      
#  type   0  conf  1.0000
   0.0217713727  -2.7719602663  -3.7475274793
  -0.0012081672   0.1538254631  -1.7485345314
      
      
#  type   0  conf  1.0000
  -0.0012081672   0.1538254631  -1.7485345314
  -0.0025093959   0.3194996394  -1.6571152538
      
      
#  type   0  conf  1.0000
  -0.0025093959   0.3194996394  -1.6571152538
  -0.0048720966   0.6203218472  -1.8963835219
      
      
#  type   0  conf  1.0000
  -0.0048720966   0.6203218472  -1.8963835219
  -0.0067018042   0.8532826639  -2.0828421420
      
      
#  type   0  conf  1.0000
  -0.0067018042   0.8532826639  -2.0828421420
  -0.0219910036   2.7999239707  -3.7746544164
      
      
#  type   0  conf  1.0000
  -0.0219910036   2.7999239707  -3.7746544164
  -0.0220222047   2.8038965326  -3.9010507730
      
      
#  type   0  conf  1.0000
  -0.0220222047   2.8038965326  -3.9010507730
  -0.0189807394   2.4166531014  -4.2557758845
      
      
#  type   0  conf  1.0000
  -0.0189807394   2.4166531014  -4.2557758845
  -0.0179658015   2.2874298553  -4.3708221895
      
      
#  type   0  conf  1.0000
  -0.0179658015   2.2874298553  -4.3708221895
  -0.0143502032   1.8270870517  -4.5946259443
      
      
