# shadow contours num 400
# edge   0  nedges  18 :    0   0   0   0   0   0   0   0   0   0   0   0   0   0   0   0   0   0
# edge   1  nedges  20 :    0   0   0   0   0   0   0   0   0   0   0   0   0   0   0   0   0   0   0   0
# edge   2  nedges  18 :    0   0   0   0   0   0   0   0   0   0   0   0   0   0   0   0   0   0
# edge   3  nedges  17 :    0   0   0   0   0   0   0   0   0   0   0   0   0   0   0   0   0
# edge   4  nedges  18 :    0   0   0   0   0   0   0   0   0   0   0   0   0   0   0   0   0   0
# edge   5  nedges  18 :    0   0   0   0   0   0   0   0   0   0   0   0   0   0   0   0   0   0
# edge   6  nedges  20 :    0   0   0   0   0   0   0   0   0   0   0   0   0   0   0   0   0   0   0   0
# edge   7  nedges  18 :    0   0   0   0   0   0   0   0   0   0   0   0   0   0   0   0   0   0
# edge   8  nedges  16 :    0   0   0   0   0   0   0   0   0   0   0   0   0   0   0   0
# edge   9  nedges  15 :    0   0   0   0   0   0   0   0   0   0   0   0   0   0   0
# edge  10  nedges  16 :    0   0   0   0   0   0   0   0   0   0   0   0   0   0   0   0
# edge  11  nedges  15 :    0   0   0   0   0   0   0   0   0   0   0   0   0   0   0
# edge  12  nedges  15 :    0   0   0   0   0   0   0   0   0   0   0   0   0   0   0
# edge  13  nedges  15 :    0   0   0   0   0   0   0   0   0   0   0   0   0   0   0
# edge  14  nedges  16 :    0   0   0   0   0   0   0   0   0   0   0   0   0   0   0   0
# edge  15  nedges  17 :    0   0   0   0   0   0   0   0   0   0   0   0   0   0   0   0   0
# edge  16  nedges  18 :    0   0   0   0   0   0   0   0   0   0   0   0   0   0   0   0   0   0
# edge  17  nedges  16 :    0   0   0   0   0   0   0   0   0   0   0   0   0   0   0   0
# edge  18  nedges  16 :    0   0   0   0   0   0   0   0   0   0   0   0   0   0   0   0
# edge  19  nedges  16 :    0   0   0   0   0   0   0   0   0   0   0   0   0   0   0   0
# edge  20  nedges  15 :    0   0   0   0   0   0   0   0   0   0   0   0   0   0   0
# edge  21  nedges  16 :    0   0   0   0   0   0   0   0   0   0   0   0   0   0   0   0
# edge  22  nedges  16 :    0   0   0   0   0   0   0   0   0   0   0   0   0   0   0   0
# edge  23  nedges  17 :    0   0   0   0   0   0   0   0   0   0   0   0   0   0   0   0   0
# edge  24  nedges  18 :    0   0   0   0   0   0   0   0   0   0   0   0   0   0   0   0   0   0
# edge  25  nedges  16 :    0   0   0   0   0   0   0   0   0   0   0   0   0   0   0   0
# edge  26  nedges  17 :    0   0   0   0   0   0   0   0   0   0   0   0   0   0   0   0   0
# edge  27  nedges  16 :    0   0   0   0   0   0   0   0   0   0   0   0   0   0   0   0
# edge  28  nedges  16 :    0   0   0   0   0   0   0   0   0   0   0   0   0   0   0   0
# edge  29  nedges  17 :    0   0   0   0   0   0   0   0   0   0   0   0   0   0   0   0   0
# edge  30  nedges  17 :    0   0   0   0   0   0   0   0   0   0   0   0   0   0   0   0   0
# edge  31  nedges  15 :    0   0   0   0   0   0   0   0   0   0   0   0   0   0   0
# edge  32  nedges  17 :    0   0   0   0   0   0   0   0   0   0   0   0   0   0   0   0   0
# edge  33  nedges  17 :    0   0   0   0   0   0   0   0   0   0   0   0   0   0   0   0   0
# edge  34  nedges  16 :    0   0   0   0   0   0   0   0   0   0   0   0   0   0   0   0
# edge  35  nedges  15 :    0   0   0   0   0   0   0   0   0   0   0   0   0   0   0
# edge  36  nedges  16 :    0   0   0   0   0   0   0   0   0   0   0   0   0   0   0   0
# edge  37  nedges  18 :    0   0   0   0   0   0   0   0   0   0   0   0   0   0   0   0   0   0
# edge  38  nedges  16 :    0   0   0   0   0   0   0   0   0   0   0   0   0   0   0   0
# edge  39  nedges  16 :    0   0   0   0   0   0   0   0   0   0   0   0   0   0   0   0
# edge  40  nedges  15 :    0   0   0   0   0   0   0   0   0   0   0   0   0   0   0
# edge  41  nedges  16 :    0   0   0   0   0   0   0   0   0   0   0   0   0   0   0   0
# edge  42  nedges  16 :    0   0   0   0   0   0   0   0   0   0   0   0   0   0   0   0
# edge  43  nedges  16 :    0   0   0   0   0   0   0   0   0   0   0   0   0   0   0   0
# edge  44  nedges  17 :    0   0   0   0   0   0   0   0   0   0   0   0   0   0   0   0   0
# edge  45  nedges  15 :    0   0   0   0   0   0   0   0   0   0   0   0   0   0   0
# edge  46  nedges  17 :    0   0   0   0   0   0   0   0   0   0   0   0   0   0   0   0   0
# edge  47  nedges  15 :    0   0   0   0   0   0   0   0   0   0   0   0   0   0   0
# edge  48  nedges  15 :    0   0   0   0   0   0   0   0   0   0   0   0   0   0   0
# edge  49  nedges  15 :    0   0   0   0   0   0   0   0   0   0   0   0   0   0   0
# edge  50  nedges  14 :    0   0   0   0   0   0   0   0   0   0   0   0   0   0
# edge  51  nedges  13 :    0   0   0   0   0   0   0   0   0   0   0   0   0
# edge  52  nedges  12 :    0   0   0   0   0   0   0   0   0   0   0   0
# edge  53  nedges  13 :    0   0   0   0   0   0   0   0   0   0   0   0   0
# edge  54  nedges  12 :    0   0   0   0   0   0   0   0   0   0   0   0
# edge  55  nedges  12 :    0   0   0   0   0   0   0   0   0   0   0   0
# edge  56  nedges  12 :    0   0   0   0   0   0   0   0   0   0   0   0
# edge  57  nedges  14 :    0   0   0   0   0   0   0   0   0   0   0   0   0   0
# edge  58  nedges  12 :    0   0   0   0   0   0   0   0   0   0   0   0
# edge  59  nedges  12 :    0   0   0   0   0   0   0   0   0   0   0   0
# edge  60  nedges  13 :    0   0   0   0   0   0   0   0   0   0   0   0   0
# edge  61  nedges  13 :    0   0   0   0   0   0   0   0   0   0   0   0   0
# edge  62  nedges  13 :    0   0   0   0   0   0   0   0   0   0   0   0   0
# edge  63  nedges  13 :    0   0   0   0   0   0   0   0   0   0   0   0   0
# edge  64  nedges  12 :    0   0   0   0   0   0   0   0   0   0   0   0
# edge  65  nedges  16 :    0   0   0   0   0   0   0   0   0   0   0   0   0   0   0   0
# edge  66  nedges  13 :    0   0   0   0   0   0   0   0   0   0   0   0   0
# edge  67  nedges  17 :    0   0   0   0   0   0   0   0   0   0   0   0   0   0   0   0   0
# edge  68  nedges  16 :    0   0   0   0   0   0   0   0   0   0   0   0   0   0   0   0
# edge  69  nedges  14 :    0   0   0   0   0   0   0   0   0   0   0   0   0   0
# edge  70  nedges  16 :    0   0   0   0   0   0   0   0   0   0   0   0   0   0   0   0
# edge  71  nedges  13 :    0   0   0   0   0   0   0   0   0   0   0   0   0
# edge  72  nedges  13 :    0   0   0   0   0   0   0   0   0   0   0   0   0
# edge  73  nedges  13 :    0   0   0   0   0   0   0   0   0   0   0   0   0
# edge  74  nedges  15 :    0   0   0   0   0   0   0   0   0   0   0   0   0   0   0
# edge  75  nedges  16 :    0   0   0   0   0   0   0   0   0   0   0   0   0   0   0   0
# edge  76  nedges  12 :    0   0   0   0   0   0   0   0   0   0   0   0
# edge  77  nedges  13 :    0   0   0   0   0   0   0   0   0   0   0   0   0
# edge  78  nedges  14 :    0   0   0   0   0   0   0   0   0   0   0   0   0   0
# edge  79  nedges  13 :    0   0   0   0   0   0   0   0   0   0   0   0   0
# edge  80  nedges  12 :    0   0   0   0   0   0   0   0   0   0   0   0
# edge  81  nedges  14 :    0   0   0   0   0   0   0   0   0   0   0   0   0   0
# edge  82  nedges  14 :    0   0   0   0   0   0   0   0   0   0   0   0   0   0
# edge  83  nedges  13 :    0   0   0   0   0   0   0   0   0   0   0   0   0
# edge  84  nedges  12 :    0   0   0   0   0   0   0   0   0   0   0   0
# edge  85  nedges  12 :    0   0   0   0   0   4   0   0   0   0   0   0
# edge  86  nedges  12 :    0   0   0   0   0   0   0   0   0   0   0   0
# edge  87  nedges  12 :    0   0   0   0   0   0   0   0   0   0   0   0
# edge  88  nedges  12 :    0   0   0   0   0   4   0   0   0   0   0   0
# edge  89  nedges  11 :    0   0   0   0   0   4   0   0   0   0   0
# edge  90  nedges  10 :    0   0   0   0   0   0   0   0   0   0
# edge  91  nedges  12 :    0   0   0   0   0   0   4   0   0   0   0   0
# edge  92  nedges  13 :    0   0   0   0   0   0   0   0   0   0   0   0   0
# edge  93  nedges  12 :    0   0   0   0   0   0   0   0   0   0   0   0
# edge  94  nedges  12 :    0   0   0   0   0   0   0   0   0   0   0   0
# edge  95  nedges  11 :    0   0   0   0   0   0   0   0   0   0   0
# edge  96  nedges  13 :    0   0   0   0   0   0   4   0   0   0   0   0   0
# edge  97  nedges  13 :    0   0   0   0   0   4   0   0   0   0   0   0   0
# edge  98  nedges  12 :    0   0   0   0   0   4   0   0   0   0   0   0
# edge  99  nedges  13 :    0   0   0   0   0   0   4   0   0   0   0   0   0
# edge 100  nedges  12 :    0   0   0   0   0   0   4   0   0   0   0   0
# edge 101  nedges  13 :    0   0   0   0   0   0   0   4   0   0   0   0   0
# edge 102  nedges  14 :    0   0   0   0   0   0   4   0   0   0   0   0   0   0
# edge 103  nedges  13 :    0   0   0   0   0   0   0   4   0   0   0   0   0
# edge 104  nedges  15 :    0   0   0   0   0   0   0   0   4   0   0   0   0   0   0
# edge 105  nedges  13 :    0   0   0   0   0   0   4   0   0   0   0   0   0
# edge 106  nedges  13 :    0   0   0   0   0   0   0   0   0   0   0   0   0
# edge 107  nedges  15 :    0   0   0   0   0   0   0   4   0   0   0   0   0   0   0
# edge 108  nedges  15 :    0   0   0   0   0   0   0   0   4   0   0   0   0   0   0
# edge 109  nedges  15 :    0   0   0   0   0   0   0   0   0   0   0   0   0   0   0
# edge 110  nedges  16 :    0   0   0   0   0   0   0   0   0   0   0   0   0   0   0   0
# edge 111  nedges  18 :    0   0   0   0   0   0   0   0   0   0   0   0   0   0   0   0   0   0
# edge 112  nedges  14 :    0   0   0   0   0   0   0   0   0   0   0   0   0   0
# edge 113  nedges  14 :    0   0   0   0   0   0   0   0   0   0   0   0   0   0
# edge 114  nedges  14 :    0   0   0   0   0   0   0   0   0   0   0   0   0   0
# edge 115  nedges  16 :    0   0   0   0   0   0   0   0   0   0   0   0   0   0   0   0
# edge 116  nedges  15 :    0   0   0   0   0   0   0   0   0   0   0   0   0   0   0
# edge 117  nedges  15 :    0   0   0   0   0   0   0   0   0   0   0   0   0   0   0
# edge 118  nedges  14 :    0   0   0   0   0   0   0   0   0   0   0   0   0   0
# edge 119  nedges  15 :    0   0   0   0   0   0   0   0   0   0   0   0   0   0   0
# edge 120  nedges  14 :    0   0   0   0   0   0   0   0   0   0   0   0   0   0
# edge 121  nedges  16 :    0   0   0   0   0   0   0   0   0   0   0   0   0   0   0   0
# edge 122  nedges  14 :    0   0   0   0   0   0   0   0   0   0   0   0   0   0
# edge 123  nedges  15 :    0   0   0   0   0   0   0   0   0   0   0   0   0   0   0
# edge 124  nedges  13 :    0   0   0   0   0   0   0   0   0   0   0   0   0
# edge 125  nedges  12 :    0   0   0   0   0   0   0   0   0   0   0   0
# edge 126  nedges  12 :    0   0   0   0   0   0   0   0   0   0   0   0
# edge 127  nedges  12 :    0   0   0   0   0   0   0   0   0   0   0   0
# edge 128  nedges  14 :    0   0   0   0   0   0   0   0   0   0   0   0   0   0
# edge 129  nedges  14 :    0   0   0   0   0   0   0   0   0   0   0   0   0   0
# edge 130  nedges  15 :    0   0   0   0   0   0   0   0   0   0   0   0   0   0   0
# edge 131  nedges  13 :    0   0   0   0   0   0   0   0   0   0   0   0   0
# edge 132  nedges  15 :    0   0   0   0   0   0   0   0   0   0   0   0   0   0   0
# edge 133  nedges  14 :    0   0   0   0   0   0   0   0   0   0   0   0   0   0
# edge 134  nedges  15 :    0   0   0   0   0   0   0   0   0   0   0   0   0   0   0
# edge 135  nedges  18 :    0   0   0   0   0   0   0   0   0   0   0   0   0   0   0   0   0   0
# edge 136  nedges  16 :    0   0   0   0   0   0   0   0   0   0   0   0   0   0   0   0
# edge 137  nedges  16 :    0   0   0   0   0   0   0   0   0   0   0   0   0   0   0   0
# edge 138  nedges  17 :    0   0   0   0   0   0   0   0   0   0   0   0   0   0   0   0   0
# edge 139  nedges  17 :    0   0   0   0   0   0   0   0   0   0   0   0   0   0   0   0   0
# edge 140  nedges  16 :    0   0   0   0   0   0   0   0   0   0   0   0   0   0   0   0
# edge 141  nedges  15 :    0   0   0   0   0   0   0   0   0   0   0   0   0   0   0
# edge 142  nedges  15 :    0   0   0   0   0   0   0   0   0   0   0   0   0   0   0
# edge 143  nedges  14 :    0   0   0   0   0   0   0   0   0   0   0   0   0   0
# edge 144  nedges  18 :    0   0   0   0   0   0   0   0   0   0   0   0   0   0   0   0   0   0
# edge 145  nedges  15 :    0   0   0   0   0   0   0   0   0   0   0   0   0   0   0
# edge 146  nedges  16 :    0   0   0   0   0   0   0   0   0   0   0   0   0   0   0   0
# edge 147  nedges  15 :    0   0   0   0   0   0   0   0   0   0   0   0   0   0   0
# edge 148  nedges  14 :    0   0   0   0   0   0   0   0   0   0   0   0   0   0
# edge 149  nedges  14 :    0   0   0   0   0   0   0   0   0   0   0   0   0   0
# edge 150  nedges  15 :    0   0   0   0   0   0   0   0   0   0   0   0   0   0   0
# edge 151  nedges  15 :    0   0   0   0   0   0   0   0   0   0   0   0   0   0   0
# edge 152  nedges  17 :    0   0   0   0   0   0   0   0   0   0   0   0   0   0   0   0   0
# edge 153  nedges  14 :    0   0   0   0   0   0   0   0   0   0   0   0   0   0
# edge 154  nedges  15 :    0   0   0   0   0   0   0   0   0   0   0   0   0   0   0
# edge 155  nedges  16 :    0   0   0   0   0   0   0   0   0   0   0   0   0   0   0   0
# edge 156  nedges  15 :    0   0   0   0   0   0   0   0   0   0   0   0   0   0   0
# edge 157  nedges  14 :    0   0   0   0   0   0   0   0   0   0   0   0   0   0
# edge 158  nedges  15 :    0   0   0   0   0   0   0   0   0   0   0   0   0   0   0
# edge 159  nedges  15 :    0   0   0   0   0   0   0   0   0   0   0   0   0   0   0
# edge 160  nedges  14 :    0   0   0   0   0   0   0   0   0   0   0   0   0   0
# edge 161  nedges  15 :    0   0   0   0   0   0   0   0   0   0   0   0   0   0   0
# edge 162  nedges  16 :    0   0   0   0   0   0   0   0   0   0   0   0   0   0   0   0
# edge 163  nedges  15 :    0   0   0   0   0   0   0   0   0   0   0   0   0   0   0
# edge 164  nedges  17 :    0   0   0   0   0   0   0   0   0   0   0   0   0   0   0   0   0
# edge 165  nedges  17 :    0   0   0   0   0   0   0   0   0   0   0   0   0   0   0   0   0
# edge 166  nedges  18 :    0   0   0   0   0   0   0   0   0   0   0   0   0   0   0   0   0   0
# edge 167  nedges  17 :    0   0   0   0   0   0   0   0   0   0   0   0   0   0   0   0   0
# edge 168  nedges  19 :    0   0   0   0   0   0   0   0   0   0   0   0   0   0   0   0   0   0   0
# edge 169  nedges  20 :    0   0   0   0   0   0   0   0   0   0   0   0   0   0   0   0   0   0   0   0
# edge 170  nedges  17 :    0   0   0   0   0   0   0   0   0   0   0   0   0   0   0   0   0
# edge 171  nedges  18 :    0   0   0   0   0   0   0   0   0   0   0   0   0   0   0   0   0   0
# edge 172  nedges  19 :    0   0   0   0   0   0   0   0   3   0   0   0   0   0   0   0   0   0   0
# edge 173  nedges  16 :    0   0   0   0   0   0   0   0   0   0   0   0   0   0   0   0
# edge 174  nedges  17 :    0   0   0   0   0   0   0   0   0   0   0   0   0   0   0   0   0
# edge 175  nedges  18 :    0   0   0   0   0   0   0   0   0   0   0   0   0   0   0   0   0   0
# edge 176  nedges  15 :    0   0   0   0   0   0   0   0   0   0   0   0   0   0   0
# edge 177  nedges  16 :    0   0   0   0   0   0   0   0   0   0   0   0   0   0   0   0
# edge 178  nedges  15 :    0   0   0   0   0   0   0   0   0   0   0   0   0   0   0
# edge 179  nedges  16 :    0   0   0   0   0   0   0   0   0   0   0   0   0   0   0   0
# edge 180  nedges  16 :    0   0   0   0   0   0   0   0   0   0   0   0   0   0   0   0
# edge 181  nedges  15 :    0   0   0   0   0   0   0   0   0   0   0   0   0   0   0
# edge 182  nedges  14 :    0   0   0   0   0   0   0   0   0   0   0   0   0   0
# edge 183  nedges  15 :    0   0   0   0   0   0   0   0   0   0   0   0   0   0   0
# edge 184  nedges  14 :    0   0   0   0   0   0   0   0   0   0   0   0   3   0
# edge 185  nedges  14 :    0   0   0   0   0   0   0   0   0   0   0   0   0   0
# edge 186  nedges  15 :    0   0   0   0   0   0   0   0   0   0   0   0   0   0   0
# edge 187  nedges  17 :    0   0   0   0   0   0   0   0   0   0   0   0   0   0   0   0   0
# edge 188  nedges  18 :    0   0   0   0   0   0   0   0   0   0   0   0   0   0   0   0   0   0
# edge 189  nedges  18 :    0   0   0   0   0   0   0   0   0   0   0   0   0   0   0   0   0   0
# edge 190  nedges  20 :    0   0   0   0   0   0   0   0   0   0   0   0   0   0   0   0   0   0   0   0
# edge 191  nedges  18 :    0   0   0   0   0   0   0   0   0   0   0   0   0   0   0   0   0   0
# edge 192  nedges  18 :    0   0   0   0   0   0   0   0   0   0   0   0   0   0   0   0   0   0
# edge 193  nedges  20 :    0   0   0   0   0   0   0   0   0   0   0   0   0   0   0   0   0   0   0   0
# edge 194  nedges  20 :    0   0   0   0   0   0   0   0   0   0   0   0   0   0   0   0   0   0   0   0
# edge 195  nedges  17 :    0   0   0   0   0   0   0   0   0   0   0   0   0   0   0   0   0
# edge 196  nedges  17 :    0   0   0   0   0   0   0   0   0   0   0   0   0   0   0   0   0
# edge 197  nedges  18 :    0   0   0   0   0   0   0   0   0   0   0   0   0   0   0   0   0   0
# edge 198  nedges  18 :    0   0   0   0   0   0   0   0   0   0   0   0   0   0   0   0   0   0
# edge 199  nedges  18 :    0   0   0   0   0   0   0   0   0   0   0   0   0   0   0   0   0   0
# edge 200  nedges  17 :    0   0   0   0   0   0   0   0   0   0   0   0   0   0   0   0   0
# edge 201  nedges  17 :    0   0   0   0   0   0   0   0   0   0   0   0   0   0   0   0   0
# edge 202  nedges  17 :    0   0   0   0   0   0   0   0   0   0   0   0   0   0   0   0   0
# edge 203  nedges  16 :    0   0   0   0   0   0   0   0   0   0   0   0   0   0   0   0
# edge 204  nedges  18 :    0   0   0   0   0   0   0   0   0   0   0   0   0   0   0   0   0   0
# edge 205  nedges  17 :    0   0   0   0   0   0   0   0   0   0   0   0   0   0   0   0   0
# edge 206  nedges  18 :    0   0   0   0   0   0   0   0   0   0   0   0   0   0   0   0   0   0
# edge 207  nedges  16 :    0   0   0   0   0   0   0   0   0   0   0   0   0   0   0   0
# edge 208  nedges  16 :    0   0   0   0   0   0   0   0   0   0   0   0   0   0   0   0
# edge 209  nedges  15 :    0   0   0   0   0   0   0   0   0   0   0   0   0   0   0
# edge 210  nedges  15 :    0   0   0   0   0   0   0   0   0   0   0   0   0   0   0
# edge 211  nedges  15 :    0   0   0   0   0   0   0   0   0   0   0   0   0   0   0
# edge 212  nedges  14 :    0   0   0   0   0   0   0   0   0   0   0   0   0   0
# edge 213  nedges  14 :    0   0   0   0   0   0   0   0   0   0   0   0   0   0
# edge 214  nedges  14 :    0   0   0   0   0   0   0   0   0   0   0   0   0   0
# edge 215  nedges  15 :    0   0   0   0   0   0   0   0   0   0   0   0   0   0   0
# edge 216  nedges  15 :    0   0   0   0   0   0   0   0   0   0   0   0   0   0   0
# edge 217  nedges  16 :    0   0   0   0   0   0   0   0   0   0   0   0   0   0   0   0
# edge 218  nedges  16 :    0   0   0   0   0   0   0   0   0   0   0   0   0   0   0   0
# edge 219  nedges  16 :    0   0   0   0   0   0   0   0   0   0   0   0   0   0   0   0
# edge 220  nedges  15 :    0   0   0   0   0   0   0   0   0   0   0   0   0   0   0
# edge 221  nedges  14 :    0   0   0   0   0   0   0   0   0   0   0   0   0   0
# edge 222  nedges  14 :    0   0   0   0   0   0   0   0   0   0   0   0   0   0
# edge 223  nedges  14 :    0   0   0   0   0   0   0   0   0   0   0   0   0   0
# edge 224  nedges  15 :    0   0   0   0   0   0   0   0   0   0   0   0   0   0   0
# edge 225  nedges  14 :    0   0   0   0   0   0   0   0   0   0   0   0   0   0
# edge 226  nedges  14 :    0   0   0   0   0   0   0   0   0   0   0   0   0   0
# edge 227  nedges  13 :    0   0   0   0   0   0   0   0   0   0   0   0   0
# edge 228  nedges  15 :    0   0   0   0   0   0   0   0   0   0   0   0   0   0   0
# edge 229  nedges  15 :    0   0   0   0   0   0   0   0   0   0   0   0   0   0   0
# edge 230  nedges  15 :    0   0   0   0   0   0   0   0   0   0   0   0   0   0   0
# edge 231  nedges  13 :    0   0   0   0   0   0   0   0   0   0   0   0   0
# edge 232  nedges  14 :    0   0   0   0   0   0   0   0   0   0   0   0   0   0
# edge 233  nedges  15 :    0   0   0   0   0   0   0   0   0   0   0   0   0   0   0
# edge 234  nedges  13 :    0   0   0   0   0   0   0   0   0   0   0   0   0
# edge 235  nedges  14 :    0   0   0   0   0   0   0   0   0   0   0   0   0   0
# edge 236  nedges  13 :    0   0   0   0   0   0   0   0   0   0   0   0   0
# edge 237  nedges  14 :    0   0   0   0   0   0   0   0   0   0   0   0   0   0
# edge 238  nedges  14 :    0   0   0   0   0   0   0   0   0   0   0   0   0   0
# edge 239  nedges  13 :    0   0   0   0   0   0   0   0   0   0   0   0   0
# edge 240  nedges  13 :    0   0   0   0   0   0   0   0   0   0   0   0   0
# edge 241  nedges  13 :    0   0   0   0   0   0   0   0   0   0   0   0   0
# edge 242  nedges  12 :    0   0   0   0   0   0   0   0   0   0   0   0
# edge 243  nedges  15 :    0   0   0   0   0   0   0   0   0   0   0   0   0   0   0
# edge 244  nedges  16 :    0   0   0   0   0   0   0   0   0   0   0   0   0   0   0   0
# edge 245  nedges  15 :    0   0   0   0   0   0   0   0   0   0   0   0   0   0   0
# edge 246  nedges  17 :    0   0   0   0   0   0   0   0   0   0   0   0   0   0   0   0   0
# edge 247  nedges  16 :    0   0   0   0   0   0   0   0   0   0   0   0   0   0   0   0
# edge 248  nedges  17 :    0   0   0   0   0   0   0   0   0   0   0   0   0   0   0   0   0
# edge 249  nedges  17 :    0   0   0   0   0   0   0   0   0   0   0   0   0   0   0   0   0
# edge 250  nedges  13 :    0   0   0   0   0   0   0   0   0   0   0   0   0
# edge 251  nedges  14 :    0   0   0   0   0   0   0   0   0   0   0   0   0   0
# edge 252  nedges  16 :    0   0   0   0   0   0   4   0   0   0   0   0   0   0   0   0
# edge 253  nedges  16 :    0   0   0   0   0   0   0   0   4   0   0   0   0   0   0   0
# edge 254  nedges  17 :    0   0   0   0   0   0   4   0   0   0   0   0   0   0   0   0   0
# edge 255  nedges  14 :    0   0   0   0   0   0   4   0   0   0   0   0   0   0
# edge 256  nedges  14 :    0   0   0   0   0   0   0   0   0   0   0   0   0   0
# edge 257  nedges  17 :    0   0   0   0   0   0   0   4   0   0   0   0   0   0   0   0   0
# edge 258  nedges  17 :    0   0   0   0   0   0   0   0   0   4   0   0   0   0   0   0   0
# edge 259  nedges  15 :    0   0   0   0   0   0   0   0   0   0   0   0   0   3   0
# edge 260  nedges  14 :    0   0   0   0   0   0   4   0   0   0   0   0   0   0
# edge 261  nedges  14 :    0   0   0   0   0   0   0   0   0   0   0   0   0   0
# edge 262  nedges  12 :    0   0   0   0   0   0   0   0   0   0   0   0
# edge 263  nedges  12 :    0   0   0   0   0   0   0   0   0   0   0   0
# edge 264  nedges  12 :    0   0   0   0   0   4   0   0   0   0   0   0
# edge 265  nedges  13 :    0   0   0   0   0   0   4   0   0   0   0   3   0
# edge 266  nedges  12 :    0   0   0   0   0   4   0   0   0   0   0   0
# edge 267  nedges  13 :    0   0   0   0   0   0   4   0   0   0   0   0   0
# edge 268  nedges  12 :    0   0   0   0   0   0   0   0   0   0   3   0
# edge 269  nedges  13 :    0   0   0   0   0   4   0   0   0   0   0   3   0
# edge 270  nedges  14 :    0   0   0   0   0   0   4   0   0   0   0   0   3   0
# edge 271  nedges  14 :    0   0   0   0   0   0   0   0   0   0   0   0   3   0
# edge 272  nedges  14 :    0   0   0   0   0   0   4   0   0   0   0   0   0   0
# edge 273  nedges  13 :    0   0   0   0   0   0   0   0   0   0   0   0   0
# edge 274  nedges  13 :    0   0   0   0   0   4   0   0   0   0   0   0   0
# edge 275  nedges  13 :    0   0   0   0   0   0   0   0   0   0   0   3   0
# edge 276  nedges  13 :    0   0   0   0   0   4   0   0   0   0   0   3   0
# edge 277  nedges  13 :    0   0   0   0   0   4   0   0   0   0   0   3   0
# edge 278  nedges  13 :    0   0   0   0   0   4   0   0   0   0   0   3   0
# edge 279  nedges  15 :    0   0   0   0   0   0   0   4   0   0   0   0   0   3   0
# edge 280  nedges  14 :    0   0   0   0   0   0   4   0   0   0   0   0   0   0
# edge 281  nedges  14 :    0   0   0   0   0   0   4   0   0   0   0   0   3   0
# edge 282  nedges  12 :    0   0   0   0   0   0   0   0   0   0   0   0
# edge 283  nedges  11 :    0   0   0   0   0   0   0   0   0   0   0
# edge 284  nedges  12 :    0   0   0   0   0   0   0   0   0   0   0   0
# edge 285  nedges  11 :    0   0   0   0   0   0   0   0   0   0   0
# edge 286  nedges  13 :    0   0   0   0   0   0   0   0   0   0   0   0   0
# edge 287  nedges  13 :    0   0   0   0   0   0   0   0   0   0   0   0   0
# edge 288  nedges  15 :    0   0   0   0   0   0   0   0   0   0   0   0   0   0   0
# edge 289  nedges  15 :    0   0   0   0   0   0   0   0   0   0   0   0   0   3   0
# edge 290  nedges  15 :    0   0   0   0   0   0   0   0   0   0   0   0   0   3   3
# edge 291  nedges  16 :    0   0   0   0   0   0   0   0   0   0   0   0   0   0   3   3
# edge 292  nedges  14 :    0   0   0   0   0   0   0   0   0   0   0   0   0   0
# edge 293  nedges  14 :    0   0   0   0   0   0   0   0   0   0   0   0   0   0
# edge 294  nedges  15 :    0   0   0   0   0   0   0   0   0   0   0   0   0   0   0
# edge 295  nedges  15 :    0   0   0   0   0   0   0   0   0   0   0   0   0   3   3
# edge 296  nedges  15 :    0   0   0   0   0   0   0   0   0   0   0   0   0   3   0
# edge 297  nedges  18 :    0   0   0   0   0   0   0   0   0   0   0   0   0   0   0   0   0   0
# edge 298  nedges  17 :    0   0   0   0   0   0   0   0   0   0   0   0   0   0   0   0   0
# edge 299  nedges  16 :    0   0   0   0   0   0   0   0   0   0   0   0   0   0   0   0
# edge 300  nedges  16 :    0   0   0   0   0   0   0   0   0   0   0   0   0   0   0   0
# edge 301  nedges  18 :    0   0   0   0   0   0   0   0   0   0   0   0   0   0   0   0   0   0
# edge 302  nedges  17 :    0   0   0   0   0   0   0   0   0   0   0   0   0   0   0   0   0
# edge 303  nedges  16 :    0   0   0   0   0   0   0   0   0   0   0   0   0   0   3   0
# edge 304  nedges  16 :    0   0   0   0   0   0   0   0   0   0   0   0   0   0   0   0
# edge 305  nedges  17 :    0   0   0   0   0   0   0   0   0   0   0   0   0   0   0   0   0
# edge 306  nedges  17 :    0   0   0   0   0   0   0   0   0   0   0   0   0   0   0   0   0
# edge 307  nedges  15 :    0   0   0   0   0   0   0   0   0   0   0   0   0   0   0
# edge 308  nedges  17 :    0   0   0   0   0   0   0   0   0   0   0   0   0   0   0   0   0
# edge 309  nedges  14 :    0   0   0   0   0   0   0   0   0   0   0   0   0   0
# edge 310  nedges  14 :    0   0   0   0   0   0   0   0   0   0   0   0   0   0
# edge 311  nedges  13 :    0   0   0   0   0   0   0   0   0   0   0   0   0
# edge 312  nedges  14 :    0   0   0   0   0   0   0   0   0   0   0   0   0   0
# edge 313  nedges  13 :    0   0   0   0   0   0   0   0   0   0   0   0   0
# edge 314  nedges  17 :    0   0   0   0   0   0   0   0   0   0   0   0   0   0   0   0   0
# edge 315  nedges  14 :    0   0   0   0   0   0   0   0   0   0   0   0   0   0
# edge 316  nedges  16 :    0   0   0   0   0   0   0   0   0   0   0   0   0   0   0   0
# edge 317  nedges  16 :    0   0   0   0   0   0   0   0   0   0   0   0   0   0   0   0
# edge 318  nedges  17 :    0   0   0   0   0   0   0   0   0   0   0   0   0   0   0   0   0
# edge 319  nedges  17 :    0   0   0   0   0   0   0   0   0   0   0   0   0   0   0   0   0
# edge 320  nedges  16 :    0   0   0   0   0   0   0   0   0   0   0   0   0   0   0   0
# edge 321  nedges  15 :    0   0   0   0   0   0   0   0   0   0   0   0   0   0   0
# edge 322  nedges  17 :    0   0   0   0   0   0   0   0   0   0   0   0   0   0   0   0   0
# edge 323  nedges  16 :    0   0   0   0   0   0   0   0   0   0   0   0   0   0   0   0
# edge 324  nedges  16 :    0   0   0   0   0   0   0   0   0   0   0   0   0   0   0   0
# edge 325  nedges  17 :    0   0   0   0   0   0   0   0   0   0   0   0   0   0   0   0   0
# edge 326  nedges  16 :    0   0   0   0   0   0   0   0   0   0   0   0   0   0   0   0
# edge 327  nedges  15 :    0   0   0   0   0   0   0   0   0   0   0   0   0   0   0
# edge 328  nedges  16 :    0   0   0   0   0   0   0   0   0   0   0   0   0   0   0   0
# edge 329  nedges  16 :    0   0   0   0   0   0   0   0   0   0   0   0   0   0   0   0
# edge 330  nedges  16 :    0   0   0   0   0   0   0   0   0   0   0   0   0   0   0   0
# edge 331  nedges  16 :    0   0   0   0   0   0   0   0   0   0   0   0   0   0   0   0
# edge 332  nedges  16 :    0   0   0   0   0   0   0   0   0   0   0   0   0   0   0   0
# edge 333  nedges  16 :    0   0   0   0   0   0   0   0   0   0   0   0   0   0   0   0
# edge 334  nedges  17 :    0   0   0   0   0   0   0   0   0   0   0   0   0   0   0   0   0
# edge 335  nedges  16 :    0   0   0   0   0   0   0   0   0   0   0   0   0   0   0   0
# edge 336  nedges  15 :    0   0   0   0   0   0   0   0   0   0   0   0   0   0   0
# edge 337  nedges  16 :    0   0   0   0   0   0   0   0   0   0   0   0   0   0   0   0
# edge 338  nedges  15 :    0   0   0   0   0   0   0   0   0   0   0   0   0   0   0
# edge 339  nedges  16 :    0   0   0   0   0   0   0   0   0   0   0   0   0   0   0   0
# edge 340  nedges  16 :    0   0   0   0   0   0   0   0   0   0   0   0   0   0   0   0
# edge 341  nedges  15 :    0   0   0   0   0   0   0   0   0   0   0   0   0   0   0
# edge 342  nedges  17 :    0   0   0   0   0   0   0   0   0   0   0   0   0   0   0   0   0
# edge 343  nedges  17 :    0   0   0   0   0   0   0   0   0   0   0   0   0   0   0   0   0
# edge 344  nedges  15 :    0   0   0   0   0   0   0   0   0   0   0   0   0   0   0
# edge 345  nedges  15 :    0   0   0   0   0   0   0   0   0   0   0   0   0   0   0
# edge 346  nedges  15 :    0   0   0   0   0   0   0   0   0   0   0   0   0   0   0
# edge 347  nedges  15 :    0   0   0   0   0   0   0   0   0   0   0   0   0   0   0
# edge 348  nedges  15 :    0   0   0   0   0   0   0   0   0   0   0   0   0   3   0
# edge 349  nedges  15 :    0   0   0   0   0   0   0   0   0   0   0   0   0   0   0
# edge 350  nedges  16 :    0   0   0   0   0   0   0   0   0   0   0   0   0   0   0   0
# edge 351  nedges  15 :    0   0   0   0   0   0   0   0   0   0   0   0   0   0   0
# edge 352  nedges  14 :    0   0   0   0   0   0   0   0   0   0   0   0   0   0
# edge 353  nedges  14 :    0   0   0   0   0   0   0   0   0   0   0   0   0   0
# edge 354  nedges  15 :    0   0   0   0   0   0   0   0   0   0   0   0   0   0   0
# edge 355  nedges  16 :    0   0   0   0   0   0   0   0   0   0   0   0   0   0   0   0
# edge 356  nedges  17 :    0   0   0   0   0   0   0   0   0   0   0   0   0   0   0   0   0
# edge 357  nedges  18 :    0   0   0   0   0   0   0   0   0   0   0   0   0   0   0   0   0   0
# edge 358  nedges  18 :    0   0   0   0   0   0   0   0   0   0   0   0   0   0   0   0   0   0
# edge 359  nedges  17 :    0   0   0   0   0   0   0   0   0   0   0   0   0   0   0   0   0
# edge 360  nedges  17 :    0   0   0   0   0   0   0   0   0   0   0   0   0   0   0   0   0
# edge 361  nedges  18 :    0   0   0   0   0   0   0   0   0   0   0   0   0   0   0   0   0   0
# edge 362  nedges  18 :    0   0   0   0   0   0   0   0   0   0   0   0   0   0   0   0   0   0
# edge 363  nedges  18 :    0   0   0   0   0   0   0   0   0   0   0   0   0   0   0   0   0   0
# edge 364  nedges  19 :    0   0   0   0   0   0   0   0   0   0   0   0   0   0   0   0   0   0   0
# edge 365  nedges  18 :    0   0   0   0   0   0   0   0   0   0   0   0   0   0   0   0   0   0
# edge 366  nedges  19 :    0   0   0   0   0   0   0   0   0   0   0   0   0   0   0   0   0   0   0
# edge 367  nedges  17 :    0   0   0   0   0   0   0   0   0   0   0   0   0   0   0   0   0
# edge 368  nedges  18 :    0   0   0   0   0   0   0   0   0   0   0   0   0   0   0   0   0   0
# edge 369  nedges  18 :    0   0   0   0   0   0   0   0   0   0   0   0   0   0   0   0   0   0
# edge 370  nedges  19 :    0   0   0   0   0   0   0   0   0   0   0   0   0   0   0   0   0   0   0
# edge 371  nedges  18 :    0   0   0   0   0   0   0   0   0   0   0   0   0   0   0   0   0   0
# edge 372  nedges  18 :    0   0   0   0   0   0   0   0   0   0   0   0   0   0   0   0   0   0
# edge 373  nedges  15 :    0   0   0   0   0   0   0   0   0   0   0   0   0   0   0
# edge 374  nedges  17 :    0   0   0   0   0   0   0   0   0   0   0   0   0   0   0   0   0
# edge 375  nedges  17 :    0   0   0   0   0   0   0   0   0   0   0   0   0   0   0   3   3
# edge 376  nedges  15 :    0   0   0   0   0   0   0   0   0   0   0   0   0   0   0
# edge 377  nedges  16 :    0   0   0   0   0   0   0   0   0   0   0   0   0   0   3   0
# edge 378  nedges  15 :    0   0   0   0   0   0   0   0   0   0   0   0   0   0   0
# edge 379  nedges  12 :    0   0   0   0   0   0   0   0   0   0   0   0
# edge 380  nedges  11 :    0   0   0   0   0   0   0   0   0   0   0
# edge 381  nedges  12 :    0   0   0   0   0   0   0   0   0   0   0   0
# edge 382  nedges  13 :    0   0   0   0   0   0   0   0   0   0   0   0   0
# edge 383  nedges  14 :    0   0   0   0   0   0   0   0   0   0   0   0   0   0
# edge 384  nedges  15 :    0   0   0   0   0   0   0   0   0   0   0   0   0   0   0
# edge 385  nedges  14 :    0   0   0   0   0   0   0   0   0   0   0   0   0   0
# edge 386  nedges  14 :    0   0   0   0   0   0   0   0   0   0   0   0   0   0
# edge 387  nedges  16 :    0   0   0   0   0   0   0   0   0   0   0   0   0   0   0   0
# edge 388  nedges  18 :    0   0   0   0   0   0   0   0   0   0   0   0   0   0   0   0   0   0
# edge 389  nedges  18 :    0   0   0   0   0   0   0   0   0   0   0   0   0   0   0   0   0   0
# edge 390  nedges  18 :    0   0   0   0   0   0   0   0   0   0   0   0   0   0   0   0   0   0
# edge 391  nedges  18 :    0   0   0   0   0   0   0   0   0   0   0   0   0   0   0   0   0   0
# edge 392  nedges  19 :    0   0   0   0   0   0   0   0   0   0   0   0   0   0   0   0   0   0   0
# edge 393  nedges  19 :    0   0   0   0   0   0   0   0   0   0   0   0   0   0   0   0   0   0   0
# edge 394  nedges  19 :    0   0   0   0   0   0   0   0   0   0   0   0   0   0   0   0   0   0   0
# edge 395  nedges  18 :    0   0   0   0   0   0   0   0   0   0   0   0   0   0   0   0   0   0
# edge 396  nedges  20 :    0   0   0   0   0   0   0   0   0   0   0   0   0   0   0   0   0   0   0   0
# edge 397  nedges  19 :    0   0   0   0   0   0   0   0   0   0   0   0   0   0   0   0   0   0   0
# edge 398  nedges  18 :    0   0   0   0   0   0   0   0   0   0   0   0   0   0   0   0   0   0
# edge 399  nedges  17 :    0   0   0   0   0   0   0   0   0   0   0   0   0   0   0   0   0
#  EEdgeType:
#  EEdgeUnknown	 (-1):   0
#  EEdgeRegular	  (0): 6035
#  EEdgeDummy      (1):   0
#  EEdgeDust		  (2):   0
#  EEdgeCavern	  (3):  27
#  EEdgeMaxPointErr(4):  37
#  EEdgeGlare	  (5):   0
#   0  norm     1.0000000000   -0.0000000000    0.0000000000
# nedges  18 
#  type   0  conf  1.0000
   0.0000000000   2.0229053908  -4.5903645287
   0.0000000000   2.5475552068  -4.3593230815
      
      
#  type   0  conf  1.0000
   0.0000000000   2.5475552068  -4.3593230815
   0.0000000000   2.5838952592  -4.3382377141
      
      
#  type   0  conf  1.0000
   0.0000000000   2.5838952592  -4.3382377141
   0.0000000000   3.0950446874  -3.9485759413
      
      
#  type   0  conf  1.0000
   0.0000000000   3.0950446874  -3.9485759413
   0.0000000000   3.0884718699  -3.7818522465
      
      
#  type   0  conf  1.0000
   0.0000000000   3.0884718699  -3.7818522465
   0.0000000000   3.0720032130  -3.7025422545
      
      
#  type   0  conf  1.0000
   0.0000000000   3.0720032130  -3.7025422545
   0.0000000000   2.5781541235  -2.9071213410
      
      
#  type   0  conf  1.0000
   0.0000000000   2.5781541235  -2.9071213410
   0.0000000000   2.3206763610  -2.6229950158
      
      
#  type   0  conf  1.0000
   0.0000000000   2.3206763610  -2.6229950158
   0.0000000000   2.1623092831  -2.4814505071
      
      
#  type   0  conf  1.0000
   0.0000000000   2.1623092831  -2.4814505071
   0.0000000000   0.4065824727  -1.5070696757
      
      
#  type   0  conf  1.0000
   0.0000000000   0.4065824727  -1.5070696757
   0.0000000000   0.0859104000  -1.3839255734
      
      
#  type   0  conf  1.0000
   0.0000000000   0.0859104000  -1.3839255734
  -0.0000000000  -0.2795950870  -1.5327065494
      
      
#  type   0  conf  1.0000
  -0.0000000000  -0.2795950870  -1.5327065494
  -0.0000000000  -1.9164497798  -2.4989793456
      
      
#  type   0  conf  1.0000
  -0.0000000000  -1.9164497798  -2.4989793456
  -0.0000000000  -2.0774724535  -2.6257121013
      
      
#  type   0  conf  1.0000
  -0.0000000000  -2.0774724535  -2.6257121013
  -0.0000000000  -2.3317503432  -2.8692571213
      
      
#  type   0  conf  1.0000
  -0.0000000000  -2.3317503432  -2.8692571213
  -0.0000000000  -2.9597293991  -3.7333603616
      
      
#  type   0  conf  1.0000
  -0.0000000000  -2.9597293991  -3.7333603616
  -0.0000000000  -2.9732659303  -3.9774429281
      
      
#  type   0  conf  1.0000
  -0.0000000000  -2.9732659303  -3.9774429281
  -0.0000000000  -2.4252930613  -4.3791478198
      
      
#  type   0  conf  1.0000
  -0.0000000000  -2.4252930613  -4.3791478198
  -0.0000000000  -1.9310492604  -4.5862121114
      
      
#   1  norm     0.9999691576   -0.0078539009    0.0000000000
# nedges  20 
#  type   0  conf  1.0000
   0.0158741288   2.0211152896  -4.5901147317
   0.0200944453   2.5584516298  -4.3569994855
      
      
#  type   0  conf  1.0000
   0.0200944453   2.5584516298  -4.3569994855
   0.0203827630   2.5951606224  -4.3335043605
      
      
#  type   0  conf  1.0000
   0.0203827630   2.5951606224  -4.3335043605
   0.0243362072   3.0985184315  -3.9502507925
      
      
#  type   0  conf  1.0000
   0.0243362072   3.0985184315  -3.9502507925
   0.0242777761   3.0910788952  -3.7677941889
      
      
#  type   0  conf  1.0000
   0.0242777761   3.0910788952  -3.7677941889
   0.0241389119   3.0733985279  -3.6959562121
      
      
#  type   0  conf  1.0000
   0.0241389119   3.0733985279  -3.6959562121
   0.0202836336   2.5825393328  -2.9079064604
      
      
#  type   0  conf  1.0000
   0.0202836336   2.5825393328  -2.9079064604
   0.0181961638   2.3167598957  -2.6189116820
      
      
#  type   0  conf  1.0000
   0.0181961638   2.3167598957  -2.6189116820
   0.0169392657   2.1567299502  -2.4803422759
      
      
#  type   0  conf  1.0000
   0.0169392657   2.1567299502  -2.4803422759
   0.0031960216   0.4069217412  -1.5083572911
      
      
#  type   0  conf  1.0000
   0.0031960216   0.4069217412  -1.5083572911
   0.0006745641   0.0858864019  -1.3832160808
      
      
#  type   0  conf  1.0000
   0.0006745641   0.0858864019  -1.3832160808
  -0.0022001002  -0.2801197014  -1.5324975695
      
      
#  type   0  conf  1.0000
  -0.0022001002  -0.2801197014  -1.5324975695
  -0.0150397418  -1.9148800214  -2.4986257499
      
      
#  type   0  conf  1.0000
  -0.0150397418  -1.9148800214  -2.4986257499
  -0.0162688913  -2.0713769823  -2.6187134801
      
      
#  type   0  conf  1.0000
  -0.0162688913  -2.0713769823  -2.6187134801
  -0.0182504656  -2.3236736720  -2.8559276203
      
      
#  type   0  conf  1.0000
  -0.0182504656  -2.3236736720  -2.8559276203
  -0.0184529440  -2.3494534950  -2.8851861653
      
      
#  type   0  conf  1.0000
  -0.0184529440  -2.3494534950  -2.8851861653
  -0.0233028707  -2.9669526351  -3.7337292219
      
      
#  type   0  conf  1.0000
  -0.0233028707  -2.9669526351  -3.7337292219
  -0.0234097100  -2.9805555598  -3.9776456556
      
      
#  type   0  conf  1.0000
  -0.0234097100  -2.9805555598  -3.9776456556
  -0.0191748573  -2.4413684574  -4.3733344452
      
      
#  type   0  conf  1.0000
  -0.0191748573  -2.4413684574  -4.3733344452
  -0.0189713962  -2.4154635165  -4.3860261120
      
      
#  type   0  conf  1.0000
  -0.0189713962  -2.4154635165  -4.3860261120
  -0.0151268481  -1.9259705104  -4.5898267065
      
      
#   2  norm     0.9998766325   -0.0157073173    0.0000000000
# nedges  18 
#  type   0  conf  1.0000
   0.0318666103   2.0285245625  -4.5859323708
   0.0395636729   2.5184944842  -4.3760743668
      
      
#  type   0  conf  1.0000
   0.0395636729   2.5184944842  -4.3760743668
   0.0405836321   2.5834217643  -4.3461585666
      
      
#  type   0  conf  1.0000
   0.0405836321   2.5834217643  -4.3461585666
   0.0487602721   3.1039200220  -3.9507700723
      
      
#  type   0  conf  1.0000
   0.0487602721   3.1039200220  -3.9507700723
   0.0485303614   3.0892846525  -3.7135879431
      
      
#  type   0  conf  1.0000
   0.0485303614   3.0892846525  -3.7135879431
   0.0406437954   2.5872515610  -2.9089168167
      
      
#  type   0  conf  1.0000
   0.0406437954   2.5872515610  -2.9089168167
   0.0363894494   2.3164337589  -2.6192081180
      
      
#  type   0  conf  1.0000
   0.0363894494   2.3164337589  -2.6192081180
   0.0338305793   2.1535444301  -2.4807713890
      
      
#  type   0  conf  1.0000
   0.0338305793   2.1535444301  -2.4807713890
   0.0063116969   0.4017820566  -1.5064938721
      
      
#  type   0  conf  1.0000
   0.0063116969   0.4017820566  -1.5064938721
   0.0012990969   0.0826962734  -1.3840327314
      
      
#  type   0  conf  1.0000
   0.0012990969   0.0826962734  -1.3840327314
  -0.0044267471  -0.2817922931  -1.5328779007
      
      
#  type   0  conf  1.0000
  -0.0044267471  -0.2817922931  -1.5328779007
  -0.0300753038  -1.9144958269  -2.4992518941
      
      
#  type   0  conf  1.0000
  -0.0300753038  -1.9144958269  -2.4992518941
  -0.0326351792  -2.0774491532  -2.6222733405
      
      
#  type   0  conf  1.0000
  -0.0326351792  -2.0774491532  -2.6222733405
  -0.0368118790  -2.3433242501  -2.8693576921
      
      
#  type   0  conf  1.0000
  -0.0368118790  -2.3433242501  -2.8693576921
  -0.0466969105  -2.9725731462  -3.7296544495
      
      
#  type   0  conf  1.0000
  -0.0466969105  -2.9725731462  -3.7296544495
  -0.0469368991  -2.9878500376  -3.9774805845
      
      
#  type   0  conf  1.0000
  -0.0469368991  -2.9878500376  -3.9774805845
  -0.0387751594  -2.4683002834  -4.3594404258
      
      
#  type   0  conf  1.0000
  -0.0387751594  -2.4683002834  -4.3594404258
  -0.0381517067  -2.4286133212  -4.3838007333
      
      
#  type   0  conf  1.0000
  -0.0381517067  -2.4286133212  -4.3838007333
  -0.0302542270  -1.9258854951  -4.5900426687
      
      
#   3  norm     0.9997224302   -0.0235597648    0.0000000000
# nedges  17 
#  type   0  conf  1.0000
   0.0475111129   2.0160610918  -4.5903964553
   0.0607688997   2.5786349104  -4.3527640567
      
      
#  type   0  conf  1.0000
   0.0607688997   2.5786349104  -4.3527640567
   0.0731569103   3.1043011116  -3.9565816819
      
      
#  type   0  conf  1.0000
   0.0731569103   3.1043011116  -3.9565816819
   0.0729989306   3.0975974843  -3.7212421149
      
      
#  type   0  conf  1.0000
   0.0729989306   3.0975974843  -3.7212421149
   0.0617946192   2.6221597426  -2.9577731389
      
      
#  type   0  conf  1.0000
   0.0617946192   2.6221597426  -2.9577731389
   0.0608447468   2.5818533654  -2.8990783941
      
      
#  type   0  conf  1.0000
   0.0608447468   2.5818533654  -2.8990783941
   0.0545537671   2.3149053079  -2.6186847227
      
      
#  type   0  conf  1.0000
   0.0545537671   2.3149053079  -2.6186847227
   0.0506778037   2.1504347546  -2.4816334908
      
      
#  type   0  conf  1.0000
   0.0506778037   2.1504347546  -2.4816334908
   0.0095222567   0.4040623378  -1.5088371464
      
      
#  type   0  conf  1.0000
   0.0095222567   0.4040623378  -1.5088371464
   0.0019704239   0.0836119105  -1.3832840952
      
      
#  type   0  conf  1.0000
   0.0019704239   0.0836119105  -1.3832840952
  -0.0066990043  -0.2842619570  -1.5335709001
      
      
#  type   0  conf  1.0000
  -0.0066990043  -0.2842619570  -1.5335709001
  -0.0451314025  -1.9150817396  -2.5007742753
      
      
#  type   0  conf  1.0000
  -0.0451314025  -1.9150817396  -2.5007742753
  -0.0489887669  -2.0787630702  -2.6222140969
      
      
#  type   0  conf  1.0000
  -0.0489887669  -2.0787630702  -2.6222140969
  -0.0553213531  -2.3474766405  -2.8678008916
      
      
#  type   0  conf  1.0000
  -0.0553213531  -2.3474766405  -2.8678008916
  -0.0702234511  -2.9798242771  -3.7284325048
      
      
#  type   0  conf  1.0000
  -0.0702234511  -2.9798242771  -3.7284325048
  -0.0705782913  -2.9948813738  -3.9791676069
      
      
#  type   0  conf  1.0000
  -0.0705782913  -2.9948813738  -3.9791676069
  -0.0576604678  -2.4467333777  -4.3804858566
      
      
#  type   0  conf  1.0000
  -0.0576604678  -2.4467333777  -4.3804858566
  -0.0454955138  -1.9305322426  -4.5872702487
      
      
#   4  norm     0.9995065604   -0.0314107591    0.0000000000
# nedges  18 
#  type   0  conf  1.0000
   0.0637348837   2.0280768839  -4.5848002405
   0.0811438650   2.5820396511  -4.3535670287
      
      
#  type   0  conf  1.0000
   0.0811438650   2.5820396511  -4.3535670287
   0.0977072170   3.1090940578  -3.9568174374
      
      
#  type   0  conf  1.0000
   0.0977072170   3.1090940578  -3.9568174374
   0.0974117239   3.0996913142  -3.7169601875
      
      
#  type   0  conf  1.0000
   0.0974117239   3.0996913142  -3.7169601875
   0.0825935206   2.6281684397  -2.9615408984
      
      
#  type   0  conf  1.0000
   0.0825935206   2.6281684397  -2.9615408984
   0.0811765276   2.5830789917  -2.8972627317
      
      
#  type   0  conf  1.0000
   0.0811765276   2.5830789917  -2.8972627317
   0.0727993471   2.3165127866  -2.6208832976
      
      
#  type   0  conf  1.0000
   0.0727993471   2.3165127866  -2.6208832976
   0.0673801197   2.1440701732  -2.4807180308
      
      
#  type   0  conf  1.0000
   0.0673801197   2.1440701732  -2.4807180308
   0.0126099474   0.4012550331  -1.5086273003
      
      
#  type   0  conf  1.0000
   0.0126099474   0.4012550331  -1.5086273003
   0.0025624849   0.0815395917  -1.3833939895
      
      
#  type   0  conf  1.0000
   0.0025624849   0.0815395917  -1.3833939895
  -0.0089841932  -0.2858816622  -1.5338634344
      
      
#  type   0  conf  1.0000
  -0.0089841932  -0.2858816622  -1.5338634344
  -0.0601372022  -1.9135968032  -2.5010377414
      
      
#  type   0  conf  1.0000
  -0.0601372022  -1.9135968032  -2.5010377414
  -0.0653827487  -2.0805127983  -2.6224046837
      
      
#  type   0  conf  1.0000
  -0.0653827487  -2.0805127983  -2.6224046837
  -0.0739859949  -2.3542725303  -2.8694471509
      
      
#  type   0  conf  1.0000
  -0.0739859949  -2.3542725303  -2.8694471509
  -0.0938533682  -2.9864625997  -3.7270471786
      
      
#  type   0  conf  1.0000
  -0.0938533682  -2.9864625997  -3.7270471786
  -0.0943487605  -3.0022262400  -3.9794921754
      
      
#  type   0  conf  1.0000
  -0.0943487605  -3.0022262400  -3.9794921754
  -0.0779002781  -2.4788270417  -4.3628175132
      
      
#  type   0  conf  1.0000
  -0.0779002781  -2.4788270417  -4.3628175132
  -0.0767210092  -2.4413020983  -4.3853731719
      
      
#  type   0  conf  1.0000
  -0.0767210092  -2.4413020983  -4.3853731719
  -0.0605516443  -1.9267845633  -4.5903618622
      
      
#   5  norm     0.9992290362   -0.0392598158    0.0000000000
# nedges  18 
#  type   0  conf  1.0000
   0.0796734528   2.0278247848  -4.5846155204
   0.1000077885   2.5453681875  -4.3706258929
      
      
#  type   0  conf  1.0000
   0.1000077885   2.5453681875  -4.3706258929
   0.1019568789   2.5949758506  -4.3470984671
      
      
#  type   0  conf  1.0000
   0.1019568789   2.5949758506  -4.3470984671
   0.1223511949   3.1140458558  -3.9553970128
      
      
#  type   0  conf  1.0000
   0.1223511949   3.1140458558  -3.9553970128
   0.1217682341   3.0992085124  -3.7045743637
      
      
#  type   0  conf  1.0000
   0.1217682341   3.0992085124  -3.7045743637
   0.1020537888   2.5974423741  -2.9092389768
      
      
#  type   0  conf  1.0000
   0.1020537888   2.5974423741  -2.9092389768
   0.0908718287   2.3128424841  -2.6182950540
      
      
#  type   0  conf  1.0000
   0.0908718287   2.3128424841  -2.6182950540
   0.0839989250   2.1379154033  -2.4799440952
      
      
#  type   0  conf  1.0000
   0.0839989250   2.1379154033  -2.4799440952
   0.0156314525   0.3978470321  -1.5079311874
      
      
#  type   0  conf  1.0000
   0.0156314525   0.3978470321  -1.5079311874
   0.0031838573   0.0810345787  -1.3839899047
      
      
#  type   0  conf  1.0000
   0.0031838573   0.0810345787  -1.3839899047
  -0.0111947458  -0.2849253060  -1.5327263532
      
      
#  type   0  conf  1.0000
  -0.0111947458  -0.2849253060  -1.5327263532
  -0.0751759003  -1.9133544293  -2.5022354034
      
      
#  type   0  conf  1.0000
  -0.0751759003  -1.9133544293  -2.5022354034
  -0.0818068368  -2.0821230328  -2.6226910961
      
      
#  type   0  conf  1.0000
  -0.0818068368  -2.0821230328  -2.6226910961
  -0.0926963160  -2.3592787866  -2.8691568996
      
      
#  type   0  conf  1.0000
  -0.0926963160  -2.3592787866  -2.8691568996
  -0.1176334796  -2.9939719822  -3.7281665949
      
      
#  type   0  conf  1.0000
  -0.1176334796  -2.9939719822  -3.7281665949
  -0.1182107289  -3.0086639588  -3.9796586400
      
      
#  type   0  conf  1.0000
  -0.1182107289  -3.0086639588  -3.9796586400
  -0.0974030403  -2.4790729194  -4.3682444998
      
      
#  type   0  conf  1.0000
  -0.0974030403  -2.4790729194  -4.3682444998
  -0.0953441713  -2.4266712058  -4.3938311516
      
      
#  type   0  conf  1.0000
  -0.0953441713  -2.4266712058  -4.3938311516
  -0.0757486434  -1.9279317143  -4.5908215627
      
      
#   6  norm     0.9988898750   -0.0471064507   -0.0000000000
# nedges  20 
#  type   0  conf  1.0000
   0.0949452619   2.0133094173  -4.5897257007
   0.1205045958   2.5552937839  -4.3682850548
      
      
#  type   0  conf  1.0000
   0.1205045958   2.5552937839  -4.3682850548
   0.1229460747   2.6070652189  -4.3416252455
      
      
#  type   0  conf  1.0000
   0.1229460747   2.6070652189  -4.3416252455
   0.1469605551   3.1162910440  -3.9575325146
      
      
#  type   0  conf  1.0000
   0.1469605551   3.1162910440  -3.9575325146
   0.1464053001   3.1045168909  -3.7088372590
      
      
#  type   0  conf  1.0000
   0.1464053001   3.1045168909  -3.7088372590
   0.1230461992   2.6091883527  -2.9230470028
      
      
#  type   0  conf  1.0000
   0.1230461992   2.6091883527  -2.9230470028
   0.1216042361   2.5786115993  -2.8872596535
      
      
#  type   0  conf  1.0000
   0.1216042361   2.5786115993  -2.8872596535
   0.1090935590   2.3133233308  -2.6205455142
      
      
#  type   0  conf  1.0000
   0.1090935590   2.3133233308  -2.6205455142
   0.1006609012   2.1345092557  -2.4811531433
      
      
#  type   0  conf  1.0000
   0.1006609012   2.1345092557  -2.4811531433
   0.0187093871   0.3967315955  -1.5084360604
      
      
#  type   0  conf  1.0000
   0.0187093871   0.3967315955  -1.5084360604
   0.0036931119   0.0783122487  -1.3833112980
      
      
#  type   0  conf  1.0000
   0.0036931119   0.0783122487  -1.3833112980
  -0.0129906615  -0.2754663114  -1.5286596093
      
      
#  type   0  conf  1.0000
  -0.0129906615  -0.2754663114  -1.5286596093
  -0.0225524995  -0.4782245974  -1.6463739852
      
      
#  type   0  conf  1.0000
  -0.0225524995  -0.4782245974  -1.6463739852
  -0.0957379123  -2.0301175274  -2.5764234984
      
      
#  type   0  conf  1.0000
  -0.0957379123  -2.0301175274  -2.5764234984
  -0.1110255258  -2.3542905888  -2.8606392282
      
      
#  type   0  conf  1.0000
  -0.1110255258  -2.3542905888  -2.8606392282
  -0.1120893574  -2.3768490846  -2.8858219520
      
      
#  type   0  conf  1.0000
  -0.1120893574  -2.3768490846  -2.8858219520
  -0.1415219915  -3.0009665817  -3.7293964981
      
      
#  type   0  conf  1.0000
  -0.1415219915  -3.0009665817  -3.7293964981
  -0.1421837765  -3.0149996995  -3.9807955273
      
      
#  type   0  conf  1.0000
  -0.1421837765  -3.0149996995  -3.9807955273
  -0.1168468568  -2.4777316139  -4.3739053456
      
      
#  type   0  conf  1.0000
  -0.1168468568  -2.4777316139  -4.3739053456
  -0.1150150034  -2.4388872566  -4.3916064449
      
      
#  type   0  conf  1.0000
  -0.1150150034  -2.4388872566  -4.3916064449
  -0.0909987392  -1.9296236053  -4.5915832921
      
      
#   7  norm     0.9984890975   -0.0549501799    0.0000000000
# nedges  18 
#  type   0  conf  1.0000
   0.1115160370   2.0263363534  -4.5846681966
   0.1412875886   2.5673094623  -4.3643914091
      
      
#  type   0  conf  1.0000
   0.1412875886   2.5673094623  -4.3643914091
   0.1433929032   2.6055647272  -4.3441006876
      
      
#  type   0  conf  1.0000
   0.1433929032   2.6055647272  -4.3441006876
   0.1716555175   3.1191192284  -3.9585748471
      
      
#  type   0  conf  1.0000
   0.1716555175   3.1191192284  -3.9585748471
   0.1708851291   3.1051206489  -3.7022750438
      
      
#  type   0  conf  1.0000
   0.1708851291   3.1051206489  -3.7022750438
   0.1430949280   2.6001502769  -2.9067336369
      
      
#  type   0  conf  1.0000
   0.1430949280   2.6001502769  -2.9067336369
   0.1272232418   2.3117489353  -2.6208920963
      
      
#  type   0  conf  1.0000
   0.1272232418   2.3117489353  -2.6208920963
   0.1171905537   2.1294468979  -2.4810658115
      
      
#  type   0  conf  1.0000
   0.1171905537   2.1294468979  -2.4810658115
   0.0217033372   0.3943671446  -1.5083510983
      
      
#  type   0  conf  1.0000
   0.0217033372   0.3943671446  -1.5083510983
   0.0043300817   0.0786810781  -1.3840939787
      
      
#  type   0  conf  1.0000
   0.0043300817   0.0786810781  -1.3840939787
  -0.0149698353  -0.2720139844  -1.5266027807
      
      
#  type   0  conf  1.0000
  -0.0149698353  -0.2720139844  -1.5266027807
  -0.0226841689  -0.4121896485  -1.6066018379
      
      
#  type   0  conf  1.0000
  -0.0226841689  -0.4121896485  -1.6066018379
  -0.1119932004  -2.0350067966  -2.5805280070
      
      
#  type   0  conf  1.0000
  -0.1119932004  -2.0350067966  -2.5805280070
  -0.1303463907  -2.3684990704  -2.8695839317
      
      
#  type   0  conf  1.0000
  -0.1303463907  -2.3684990704  -2.8695839317
  -0.1654200419  -3.0058156060  -3.7279607043
      
      
#  type   0  conf  1.0000
  -0.1654200419  -3.0058156060  -3.7279607043
  -0.1662645988  -3.0211618859  -3.9793636080
      
      
#  type   0  conf  1.0000
  -0.1662645988  -3.0211618859  -3.9793636080
  -0.1377756070  -2.5034939228  -4.3597034800
      
      
#  type   0  conf  1.0000
  -0.1377756070  -2.5034939228  -4.3597034800
  -0.1356287327  -2.4644834857  -4.3840304421
      
      
#  type   0  conf  1.0000
  -0.1356287327  -2.4644834857  -4.3840304421
  -0.1062833828  -1.9312548046  -4.5914270776
      
      
#   8  norm     0.9980267284   -0.0627905195   -0.0000000000
# nedges  16 
#  type   0  conf  1.0000
   0.1273828001   2.0246916277  -4.5848539239
   0.1632577412   2.5949074882  -4.3548165442
      
      
#  type   0  conf  1.0000
   0.1632577412   2.5949074882  -4.3548165442
   0.1963386502   3.1207134797  -3.9610318794
      
      
#  type   0  conf  1.0000
   0.1963386502   3.1207134797  -3.9610318794
   0.1956153094   3.1092163067  -3.7041303630
      
      
#  type   0  conf  1.0000
   0.1956153094   3.1092163067  -3.7041303630
   0.1637942767   2.6034354769  -2.9079880709
      
      
#  type   0  conf  1.0000
   0.1637942767   2.6034354769  -2.9079880709
   0.1451913543   2.3077504911  -2.6190786165
      
      
#  type   0  conf  1.0000
   0.1451913543   2.3077504911  -2.6190786165
   0.1336496447   2.1243002707  -2.4814856977
      
      
#  type   0  conf  1.0000
   0.1336496447   2.1243002707  -2.4814856977
   0.0245429360   0.3900987971  -1.5071221693
      
      
#  type   0  conf  1.0000
   0.0245429360   0.3900987971  -1.5071221693
   0.0046798460   0.0743840222  -1.3839725149
      
      
#  type   0  conf  1.0000
   0.0046798460   0.0743840222  -1.3839725149
  -0.0187157059  -0.2974776271  -1.5374509632
      
      
#  type   0  conf  1.0000
  -0.0187157059  -0.2974776271  -1.5374509632
  -0.1282377202  -2.0382801946  -2.5839452246
      
      
#  type   0  conf  1.0000
  -0.1282377202  -2.0382801946  -2.5839452246
  -0.1492133822  -2.3716787954  -2.8689601519
      
      
#  type   0  conf  1.0000
  -0.1492133822  -2.3716787954  -2.8689601519
  -0.1894560151  -3.0113171283  -3.7272816765
      
      
#  type   0  conf  1.0000
  -0.1894560151  -3.0113171283  -3.7272816765
  -0.1904627118  -3.0273181145  -3.9795347550
      
      
#  type   0  conf  1.0000
  -0.1904627118  -3.0273181145  -3.9795347550
  -0.1574022625  -2.5018373201  -4.3652942889
      
      
#  type   0  conf  1.0000
  -0.1574022625  -2.5018373201  -4.3652942889
  -0.1549529361  -2.4629063917  -4.3871570198
      
      
#  type   0  conf  1.0000
  -0.1549529361  -2.4629063917  -4.3871570198
  -0.1217643091  -1.9353882713  -4.5908273072
      
      
#   9  norm     0.9975027964   -0.0706269859    0.0000000000
# nedges  15 
#  type   0  conf  1.0000
   0.1423055528   2.0098576339  -4.5914229856
   0.1839657057   2.5982463148  -4.3544221071
      
      
#  type   0  conf  1.0000
   0.1839657057   2.5982463148  -4.3544221071
   0.2211353226   3.1232127459  -3.9610637273
      
      
#  type   0  conf  1.0000
   0.2211353226   3.1232127459  -3.9610637273
   0.2202414384   3.1105879400  -3.7021824696
      
      
#  type   0  conf  1.0000
   0.2202414384   3.1105879400  -3.7021824696
   0.1845562353   2.6065866802  -2.9102569790
      
      
#  type   0  conf  1.0000
   0.1845562353   2.6065866802  -2.9102569790
   0.1633495522   2.3070733226  -2.6203767112
      
      
#  type   0  conf  1.0000
   0.1633495522   2.3070733226  -2.6203767112
   0.1499455345   2.1177611926  -2.4809234739
      
      
#  type   0  conf  1.0000
   0.1499455345   2.1177611926  -2.4809234739
   0.0273306158   0.3860049428  -1.5061546193
      
      
#  type   0  conf  1.0000
   0.0273306158   0.3860049428  -1.5061546193
   0.0050783149   0.0717237649  -1.3840199522
      
      
#  type   0  conf  1.0000
   0.0050783149   0.0717237649  -1.3840199522
  -0.0211739402  -0.2990509126  -1.5380015749
      
      
#  type   0  conf  1.0000
  -0.0211739402  -0.2990509126  -1.5380015749
  -0.1446614990  -2.0431319265  -2.5885184937
      
      
#  type   0  conf  1.0000
  -0.1446614990  -2.0431319265  -2.5885184937
  -0.1682191568  -2.3758493601  -2.8694402017
      
      
#  type   0  conf  1.0000
  -0.1682191568  -2.3758493601  -2.8694402017
  -0.2136103549  -3.0169335927  -3.7288273588
      
      
#  type   0  conf  1.0000
  -0.2136103549  -3.0169335927  -3.7288273588
  -0.2146951757  -3.0322550974  -3.9799095090
      
      
#  type   0  conf  1.0000
  -0.2146951757  -3.0322550974  -3.9799095090
  -0.1761580802  -2.4879750327  -4.3794941517
      
      
#  type   0  conf  1.0000
  -0.1761580802  -2.4879750327  -4.3794941517
  -0.1377017111  -1.9448351092  -4.5881347397
      
      
#  10  norm     0.9969173337   -0.0784590957    0.0000000000
# nedges  16 
#  type   0  conf  1.0000
   0.1602234664   2.0358321677  -4.5815234826
   0.2046633128   2.6004939544  -4.3542401888
      
      
#  type   0  conf  1.0000
   0.2046633128   2.6004939544  -4.3542401888
   0.2459251185   3.1247749049  -3.9623003546
      
      
#  type   0  conf  1.0000
   0.2459251185   3.1247749049  -3.9623003546
   0.2450383419   3.1135073398  -3.7036455633
      
      
#  type   0  conf  1.0000
   0.2450383419   3.1135073398  -3.7036455633
   0.2072055581   2.6327962440  -2.9491147021
      
      
#  type   0  conf  1.0000
   0.2072055581   2.6327962440  -2.9491147021
   0.2045634590   2.5992251915  -2.9018689837
      
      
#  type   0  conf  1.0000
   0.2045634590   2.5992251915  -2.9018689837
   0.1813602970   2.3044010646  -2.6204900921
      
      
#  type   0  conf  1.0000
   0.1813602970   2.3044010646  -2.6204900921
   0.1662296060   2.1121474075  -2.4811279284
      
      
#  type   0  conf  1.0000
   0.1662296060   2.1121474075  -2.4811279284
   0.0299629752   0.3807156978  -1.5045223083
      
      
#  type   0  conf  1.0000
   0.0299629752   0.3807156978  -1.5045223083
   0.0055435833   0.0704379048  -1.3842384119
      
      
#  type   0  conf  1.0000
   0.0055435833   0.0704379048  -1.3842384119
  -0.0234967910  -0.2985550374  -1.5374798382
      
      
#  type   0  conf  1.0000
  -0.0234967910  -0.2985550374  -1.5374798382
  -0.1610158420  -2.0459002536  -2.5915625059
      
      
#  type   0  conf  1.0000
  -0.1610158420  -2.0459002536  -2.5915625059
  -0.1872003832  -2.3786063956  -2.8689583575
      
      
#  type   0  conf  1.0000
  -0.1872003832  -2.3786063956  -2.8689583575
  -0.2378392446  -3.0220341361  -3.7289213548
      
      
#  type   0  conf  1.0000
  -0.2378392446  -3.0220341361  -3.7289213548
  -0.2390618994  -3.0375694380  -3.9796828591
      
      
#  type   0  conf  1.0000
  -0.2390618994  -3.0375694380  -3.9796828591
  -0.1961376462  -2.4921650890  -4.3801465940
      
      
#  type   0  conf  1.0000
  -0.1961376462  -2.4921650890  -4.3801465940
  -0.1533791422  -1.9488667832  -4.5878444810
      
      
#  11  norm     0.9962703765   -0.0862863658    0.0000000000
# nedges  15 
#  type   0  conf  1.0000
   0.1750610725   2.0212713674  -4.5878849168
   0.2253526548   2.6019426374  -4.3544740440
      
      
#  type   0  conf  1.0000
   0.2253526548   2.6019426374  -4.3544740440
   0.2708069768   3.1267624529  -3.9634193671
      
      
#  type   0  conf  1.0000
   0.2708069768   3.1267624529  -3.9634193671
   0.2697298904   3.1143263131  -3.6998482315
      
      
#  type   0  conf  1.0000
   0.2697298904   3.1143263131  -3.6998482315
   0.2258015020   2.6071250689  -2.9083516912
      
      
#  type   0  conf  1.0000
   0.2258015020   2.6071250689  -2.9083516912
   0.1992332500   2.3003655693  -2.6194755572
      
      
#  type   0  conf  1.0000
   0.1992332500   2.3003655693  -2.6194755572
   0.1824531501   2.1066209811  -2.4818058883
      
      
#  type   0  conf  1.0000
   0.1824531501   2.1066209811  -2.4818058883
   0.0330985089   0.3821584511  -1.5065657917
      
      
#  type   0  conf  1.0000
   0.0330985089   0.3821584511  -1.5065657917
   0.0060189847   0.0694957554  -1.3840786015
      
      
#  type   0  conf  1.0000
   0.0060189847   0.0694957554  -1.3840786015
  -0.0258300134  -0.2982357282  -1.5369945222
      
      
#  type   0  conf  1.0000
  -0.0258300134  -0.2982357282  -1.5369945222
  -0.1775152064  -2.0496070252  -2.5954138796
      
      
#  type   0  conf  1.0000
  -0.1775152064  -2.0496070252  -2.5954138796
  -0.2064394944  -2.3835695356  -2.8707572545
      
      
#  type   0  conf  1.0000
  -0.2064394944  -2.3835695356  -2.8707572545
  -0.2622261982  -3.0276879879  -3.7306116073
      
      
#  type   0  conf  1.0000
  -0.2622261982  -3.0276879879  -3.7306116073
  -0.2634686085  -3.0420329718  -3.9805193850
      
      
#  type   0  conf  1.0000
  -0.2634686085  -3.0420329718  -3.9805193850
  -0.2163906342  -2.4984663180  -4.3793483221
      
      
#  type   0  conf  1.0000
  -0.2163906342  -2.4984663180  -4.3793483221
  -0.1693444866  -1.9552671370  -4.5876369282
      
      
#  12  norm     0.9955619646   -0.0941083133    0.0000000000
# nedges  15 
#  type   0  conf  1.0000
   0.1905578061   2.0158910214  -4.5902485468
   0.2463674780   2.6062956793  -4.3532233854
      
      
#  type   0  conf  1.0000
   0.2463674780   2.6062956793  -4.3532233854
   0.2956655908   3.1278152378  -3.9639737289
      
      
#  type   0  conf  1.0000
   0.2956655908   3.1278152378  -3.9639737289
   0.2947021084   3.1176226590  -3.7027400609
      
      
#  type   0  conf  1.0000
   0.2947021084   3.1176226590  -3.7027400609
   0.2465431842   2.6081544566  -2.9086450289
      
      
#  type   0  conf  1.0000
   0.2465431842   2.6081544566  -2.9086450289
   0.2172502071   2.2982671280  -2.6205228732
      
      
#  type   0  conf  1.0000
   0.2172502071   2.2982671280  -2.6205228732
   0.1985104327   2.1000210231  -2.4819838996
      
      
#  type   0  conf  1.0000
   0.1985104327   2.1000210231  -2.4819838996
   0.0358938265   0.3797170218  -1.5066555089
      
      
#  type   0  conf  1.0000
   0.0358938265   0.3797170218  -1.5066555089
   0.0065338235   0.0691206322  -1.3835792632
      
      
#  type   0  conf  1.0000
   0.0065338235   0.0691206322  -1.3835792632
  -0.0280492765  -0.2967303510  -1.5358209307
      
      
#  type   0  conf  1.0000
  -0.0280492765  -0.2967303510  -1.5358209307
  -0.1941852424  -2.0542652881  -2.5999510511
      
      
#  type   0  conf  1.0000
  -0.1941852424  -2.0542652881  -2.5999510511
  -0.2254091385  -2.3845796066  -2.8685254885
      
      
#  type   0  conf  1.0000
  -0.2254091385  -2.3845796066  -2.8685254885
  -0.2866582342  -3.0325273586  -3.7307315584
      
      
#  type   0  conf  1.0000
  -0.2866582342  -3.0325273586  -3.7307315584
  -0.2880683783  -3.0474451249  -3.9806811596
      
      
#  type   0  conf  1.0000
  -0.2880683783  -3.0474451249  -3.9806811596
  -0.2364898356  -2.5018011374  -4.3799947615
      
      
#  type   0  conf  1.0000
  -0.2364898356  -2.5018011374  -4.3799947615
  -0.1853859060  -1.9611780328  -4.5871308472
      
      
#  13  norm     0.9947921418   -0.1019244558    0.0000000000
# nedges  15 
#  type   0  conf  1.0000
   0.2080822564   2.0309021218  -4.5852349663
   0.2671943213   2.6078413578  -4.3534242499
      
      
#  type   0  conf  1.0000
   0.2671943213   2.6078413578  -4.3534242499
   0.3207270669   3.1303259190  -3.9634892696
      
      
#  type   0  conf  1.0000
   0.3207270669   3.1303259190  -3.9634892696
   0.3195509553   3.1188469615  -3.7021406140
      
      
#  type   0  conf  1.0000
   0.3195509553   3.1188469615  -3.7021406140
   0.2673625054   2.6094828501  -2.9094750691
      
      
#  type   0  conf  1.0000
   0.2673625054   2.6094828501  -2.9094750691
   0.2352106071   2.2956773403  -2.6212394757
      
      
#  type   0  conf  1.0000
   0.2352106071   2.2956773403  -2.6212394757
   0.2144269397   2.0928268188  -2.4820662739
      
      
#  type   0  conf  1.0000
   0.2144269397   2.0928268188  -2.4820662739
   0.0388751288   0.3794248631  -1.5078073541
      
      
#  type   0  conf  1.0000
   0.0388751288   0.3794248631  -1.5078073541
   0.0069098338   0.0674406185  -1.3833801668
      
      
#  type   0  conf  1.0000
   0.0069098338   0.0674406185  -1.3833801668
  -0.0305583925  -0.2982527447  -1.5365918911
      
      
#  type   0  conf  1.0000
  -0.0305583925  -0.2982527447  -1.5365918911
  -0.2107414384  -2.0568559840  -2.6032007605
      
      
#  type   0  conf  1.0000
  -0.2107414384  -2.0568559840  -2.6032007605
  -0.2446684842  -2.3879870984  -2.8693016337
      
      
#  type   0  conf  1.0000
  -0.2446684842  -2.3879870984  -2.8693016337
  -0.3111156377  -3.0365174788  -3.7309755939
      
      
#  type   0  conf  1.0000
  -0.3111156377  -3.0365174788  -3.7309755939
  -0.3128117006  -3.0530712104  -3.9785089098
      
      
#  type   0  conf  1.0000
  -0.3128117006  -3.0530712104  -3.9785089098
  -0.2570971849  -2.5092923701  -4.3786365633
      
      
#  type   0  conf  1.0000
  -0.2570971849  -2.5092923701  -4.3786365633
  -0.2015710998  -1.9673526291  -4.5870582259
      
      
#  14  norm     0.9939609555   -0.1097343111    0.0000000000
# nedges  16 
#  type   0  conf  1.0000
   0.2239676424   2.0286735266  -4.5865612095
   0.2877566117   2.6064667822  -4.3547925091
      
      
#  type   0  conf  1.0000
   0.2877566117   2.6064667822  -4.3547925091
   0.3456645635   3.1309904475  -3.9644117885
      
      
#  type   0  conf  1.0000
   0.3456645635   3.1309904475  -3.9644117885
   0.3445833354   3.1211968063  -3.7047863708
      
      
#  type   0  conf  1.0000
   0.3445833354   3.1211968063  -3.7047863708
   0.2880760143   2.6093598944  -2.9092238973
      
      
#  type   0  conf  1.0000
   0.2880760143   2.6093598944  -2.9092238973
   0.2528708574   2.2904755722  -2.6200925570
      
      
#  type   0  conf  1.0000
   0.2528708574   2.2904755722  -2.6200925570
   0.2299745195   2.0830831387  -2.4807435343
      
      
#  type   0  conf  1.0000
   0.2299745195   2.0830831387  -2.4807435343
   0.0411536193   0.3727648202  -1.5053183082
      
      
#  type   0  conf  1.0000
   0.0411536193   0.3727648202  -1.5053183082
   0.0070321104   0.0636960595  -1.3842932112
      
      
#  type   0  conf  1.0000
   0.0070321104   0.0636960595  -1.3842932112
  -0.0329062906  -0.2980614514  -1.5362546980
      
      
#  type   0  conf  1.0000
  -0.0329062906  -0.2980614514  -1.5362546980
  -0.2275164735  -2.0608184362  -2.6074434448
      
      
#  type   0  conf  1.0000
  -0.2275164735  -2.0608184362  -2.6074434448
  -0.2626647809  -2.3791878222  -2.8603725283
      
      
#  type   0  conf  1.0000
  -0.2626647809  -2.3791878222  -2.8603725283
  -0.2664148969  -2.4131559479  -2.8983478914
      
      
#  type   0  conf  1.0000
  -0.2664148969  -2.4131559479  -2.8983478914
  -0.3359544071  -3.0430369509  -3.7376923227
      
      
#  type   0  conf  1.0000
  -0.3359544071  -3.0430369509  -3.7376923227
  -0.3374192287  -3.0563051392  -3.9798498882
      
      
#  type   0  conf  1.0000
  -0.3374192287  -3.0563051392  -3.9798498882
  -0.2775249700  -2.5137897307  -4.3780929477
      
      
#  type   0  conf  1.0000
  -0.2775249700  -2.5137897307  -4.3780929477
  -0.2178055869  -1.9728583258  -4.5871119288
      
      
#  15  norm     0.9930684570   -0.1175373975    0.0000000000
# nedges  17 
#  type   0  conf  1.0000
   0.2392101200   2.0210760993  -4.5906124384
   0.3091610366   2.6120884096  -4.3521456009
      
      
#  type   0  conf  1.0000
   0.3091610366   2.6120884096  -4.3521456009
   0.3708460333   3.1332623150  -3.9623462802
      
      
#  type   0  conf  1.0000
   0.3708460333   3.1332623150  -3.9623462802
   0.3693450994   3.1205809883  -3.7034127417
      
      
#  type   0  conf  1.0000
   0.3693450994   3.1205809883  -3.7034127417
   0.3088219868   2.6092237924  -2.9097857781
      
      
#  type   0  conf  1.0000
   0.3088219868   2.6092237924  -2.9097857781
   0.2705513735   2.2858770130  -2.6193373662
      
      
#  type   0  conf  1.0000
   0.2705513735   2.2858770130  -2.6193373662
   0.2456282976   2.0753030081  -2.4803259297
      
      
#  type   0  conf  1.0000
   0.2456282976   2.0753030081  -2.4803259297
   0.0444596933   0.3756380522  -1.5083034389
      
      
#  type   0  conf  1.0000
   0.0444596933   0.3756380522  -1.5083034389
   0.0076062770   0.0642651100  -1.3835884336
      
      
#  type   0  conf  1.0000
   0.0076062770   0.0642651100  -1.3835884336
  -0.0350956064  -0.2965212814  -1.5352243276
      
      
#  type   0  conf  1.0000
  -0.0350956064  -0.2965212814  -1.5352243276
  -0.2439388414  -2.0610288648  -2.6090814956
      
      
#  type   0  conf  1.0000
  -0.2439388414  -2.0610288648  -2.6090814956
  -0.2814494027  -2.3779539967  -2.8582675883
      
      
#  type   0  conf  1.0000
  -0.2814494027  -2.3779539967  -2.8582675883
  -0.2844973124  -2.4037056560  -2.8842396591
      
      
#  type   0  conf  1.0000
  -0.2844973124  -2.4037056560  -2.8842396591
  -0.3604570378  -3.0454861348  -3.7364461504
      
      
#  type   0  conf  1.0000
  -0.3604570378  -3.0454861348  -3.7364461504
  -0.3621878210  -3.0601094487  -3.9784715893
      
      
#  type   0  conf  1.0000
  -0.3621878210  -3.0601094487  -3.9784715893
  -0.3142408825  -2.6550078104  -4.2769924096
      
      
#  type   0  conf  1.0000
  -0.3142408825  -2.6550078104  -4.2769924096
  -0.2976153252  -2.5145391864  -4.3789873240
      
      
#  type   0  conf  1.0000
  -0.2976153252  -2.5145391864  -4.3789873240
  -0.2334483113  -1.9723948229  -4.5894974273
      
      
#  16  norm     0.9921147013   -0.1253332336    0.0000000000
# nedges  18 
#  type   0  conf  1.0000
   0.2555916573   2.0232162970  -4.5907100531
   0.3287866399   2.6026142451  -4.3563233081
      
      
#  type   0  conf  1.0000
   0.3287866399   2.6026142451  -4.3563233081
   0.3332140083   2.6376604744  -4.3337874451
      
      
#  type   0  conf  1.0000
   0.3332140083   2.6376604744  -4.3337874451
   0.3961340224   3.1357236715  -3.9601069474
      
      
#  type   0  conf  1.0000
   0.3961340224   3.1357236715  -3.9601069474
   0.3941669000   3.1201522946  -3.7013646670
      
      
#  type   0  conf  1.0000
   0.3941669000   3.1201522946  -3.7013646670
   0.3294408359   2.6077927394  -2.9089320042
      
      
#  type   0  conf  1.0000
   0.3294408359   2.6077927394  -2.9089320042
   0.2883616800   2.2826177377  -2.6203403467
      
      
#  type   0  conf  1.0000
   0.2883616800   2.2826177377  -2.6203403467
   0.2619799765   2.0737850508  -2.4839027429
      
      
#  type   0  conf  1.0000
   0.2619799765   2.0737850508  -2.4839027429
   0.0472101991   0.3737072061  -1.5085213335
      
      
#  type   0  conf  1.0000
   0.0472101991   0.3737072061  -1.5085213335
   0.0079441083   0.0628840922  -1.3834560071
      
      
#  type   0  conf  1.0000
   0.0079441083   0.0628840922  -1.3834560071
  -0.0375497535  -0.2972369051  -1.5355467115
      
      
#  type   0  conf  1.0000
  -0.0375497535  -0.2972369051  -1.5355467115
  -0.2607262889  -2.0638610920  -2.6127419370
      
      
#  type   0  conf  1.0000
  -0.2607262889  -2.0638610920  -2.6127419370
  -0.3023783859  -2.3935713894  -2.8697174863
      
      
#  type   0  conf  1.0000
  -0.3023783859  -2.3935713894  -2.8697174863
  -0.3835786083  -3.0363373349  -3.7185140294
      
      
#  type   0  conf  1.0000
  -0.3835786083  -3.0363373349  -3.7185140294
  -0.3855828386  -3.0522024518  -3.7814833854
      
      
#  type   0  conf  1.0000
  -0.3855828386  -3.0522024518  -3.7814833854
  -0.3869337584  -3.0628960826  -3.9792724172
      
      
#  type   0  conf  1.0000
  -0.3869337584  -3.0628960826  -3.9792724172
  -0.3196551799  -2.5303312961  -4.3710951571
      
      
#  type   0  conf  1.0000
  -0.3196551799  -2.5303312961  -4.3710951571
  -0.3173348580  -2.5119640567  -4.3810435806
      
      
#  type   0  conf  1.0000
  -0.3173348580  -2.5119640567  -4.3810435806
  -0.2499282147  -1.9783855329  -4.5895112281
      
      
#  17  norm     0.9910997474   -0.1331213385   -0.0000000000
# nedges  16 
#  type   0  conf  1.0000
   0.2724745666   2.0285964456  -4.5892508808
   0.3507864265   2.6116349376  -4.3526492067
      
      
#  type   0  conf  1.0000
   0.3507864265   2.6116349376  -4.3526492067
   0.4208716465   3.1334253929  -3.9630795042
      
      
#  type   0  conf  1.0000
   0.4208716465   3.1334253929  -3.9630795042
   0.4195914129   3.1238939449  -3.7115564573
      
      
#  type   0  conf  1.0000
   0.4195914129   3.1238939449  -3.7115564573
   0.3537304143   2.6335531788  -2.9482853779
      
      
#  type   0  conf  1.0000
   0.3537304143   2.6335531788  -2.9482853779
   0.3488711048   2.5973752041  -2.9010752841
      
      
#  type   0  conf  1.0000
   0.3488711048   2.5973752041  -2.9010752841
   0.3009050305   2.2402636798  -2.5869105206
      
      
#  type   0  conf  1.0000
   0.3009050305   2.2402636798  -2.5869105206
   0.0511131136   0.3805415007  -1.5124124830
      
      
#  type   0  conf  1.0000
   0.0511131136   0.3805415007  -1.5124124830
   0.0082321611   0.0612891432  -1.3833797766
      
      
#  type   0  conf  1.0000
   0.0082321611   0.0612891432  -1.3833797766
  -0.0399286445  -0.2972721726  -1.5355309307
      
      
#  type   0  conf  1.0000
  -0.0399286445  -0.2972721726  -1.5355309307
  -0.2773794765  -2.0651139190  -2.6154085063
      
      
#  type   0  conf  1.0000
  -0.2773794765  -2.0651139190  -2.6154085063
  -0.3198210245  -2.3810948722  -2.8589786350
      
      
#  type   0  conf  1.0000
  -0.3198210245  -2.3810948722  -2.8589786350
  -0.3234378193  -2.4080222194  -2.8860511376
      
      
#  type   0  conf  1.0000
  -0.3234378193  -2.4080222194  -2.8860511376
  -0.4098933885  -3.0516913241  -3.7389591225
      
      
#  type   0  conf  1.0000
  -0.4098933885  -3.0516913241  -3.7389591225
  -0.4118715145  -3.0664186413  -3.9775608718
      
      
#  type   0  conf  1.0000
  -0.4118715145  -3.0664186413  -3.9775608718
  -0.3392480088  -2.5257304313  -4.3768195736
      
      
#  type   0  conf  1.0000
  -0.3392480088  -2.5257304313  -4.3768195736
  -0.2670211660  -1.9879954116  -4.5869393175
      
      
#  18  norm     0.9900236577   -0.1409012319    0.0000000000
# nedges  16 
#  type   0  conf  1.0000
   0.2895238571   2.0343006521  -4.5876184648
   0.3716895782   2.6116271002  -4.3524047167
      
      
#  type   0  conf  1.0000
   0.3716895782   2.6116271002  -4.3524047167
   0.4459959809   3.1337310982  -3.9626261566
      
      
#  type   0  conf  1.0000
   0.4459959809   3.1337310982  -3.9626261566
   0.4445296404   3.1234280533  -3.7100233624
      
      
#  type   0  conf  1.0000
   0.4445296404   3.1234280533  -3.7100233624
   0.3723666171   2.6163842230  -2.9250831754
      
      
#  type   0  conf  1.0000
   0.3723666171   2.6163842230  -2.9250831754
   0.3676678746   2.5833691373  -2.8896551291
      
      
#  type   0  conf  1.0000
   0.3676678746   2.5833691373  -2.8896551291
   0.3185591982   2.2383135923  -2.5902256842
      
      
#  type   0  conf  1.0000
   0.3185591982   2.2383135923  -2.5902256842
   0.0537053653   0.3773535648  -1.5122207429
      
      
#  type   0  conf  1.0000
   0.0537053653   0.3773535648  -1.5122207429
   0.0085219252   0.0598781672  -1.3835528145
      
      
#  type   0  conf  1.0000
   0.0085219252   0.0598781672  -1.3835528145
  -0.0421870414  -0.2964216028  -1.5347968969
      
      
#  type   0  conf  1.0000
  -0.0421870414  -0.2964216028  -1.5347968969
  -0.2940833959  -2.0663376415  -2.6180833868
      
      
#  type   0  conf  1.0000
  -0.2940833959  -2.0663376415  -2.6180833868
  -0.3409302573  -2.3955008464  -2.8692750427
      
      
#  type   0  conf  1.0000
  -0.3409302573  -2.3955008464  -2.8692750427
  -0.4342731454  -3.0513621630  -3.7339164547
      
      
#  type   0  conf  1.0000
  -0.4342731454  -3.0513621630  -3.7339164547
  -0.4368187460  -3.0692484850  -3.9781615146
      
      
#  type   0  conf  1.0000
  -0.4368187460  -3.0692484850  -3.9781615146
  -0.3608561485  -2.5355074553  -4.3711808653
      
      
#  type   0  conf  1.0000
  -0.3608561485  -2.5355074553  -4.3711808653
  -0.3585759920  -2.5194862408  -4.3801010748
      
      
#  type   0  conf  1.0000
  -0.3585759920  -2.5194862408  -4.3801010748
  -0.2829132751  -1.9878522819  -4.5897223559
      
      
#  19  norm     0.9888864987   -0.1486724339   -0.0000000000
# nedges  16 
#  type   0  conf  1.0000
   0.3056409049   2.0329536307  -4.5889783551
   0.3925052209   2.6107268404  -4.3526809034
      
      
#  type   0  conf  1.0000
   0.3925052209   2.6107268404  -4.3526809034
   0.4710780877   3.1333499332  -3.9628872903
      
      
#  type   0  conf  1.0000
   0.4710780877   3.1333499332  -3.9628872903
   0.4697901398   3.1247832183  -3.7143449978
      
      
#  type   0  conf  1.0000
   0.4697901398   3.1247832183  -3.7143449978
   0.3935420665   2.6176233617  -2.9283976445
      
      
#  type   0  conf  1.0000
   0.3935420665   2.6176233617  -2.9283976445
   0.3894766891   2.5905827281  -2.8971961242
      
      
#  type   0  conf  1.0000
   0.3894766891   2.5905827281  -2.8971961242
   0.3363732878   2.2373683815  -2.5942104152
      
      
#  type   0  conf  1.0000
   0.3363732878   2.2373683815  -2.5942104152
   0.0555089159   0.3692144941  -1.5091164795
      
      
#  type   0  conf  1.0000
   0.0555089159   0.3692144941  -1.5091164795
   0.0084911812   0.0564786239  -1.3842625118
      
      
#  type   0  conf  1.0000
   0.0084911812   0.0564786239  -1.3842625118
  -0.0447974892  -0.2979680302  -1.5357058631
      
      
#  type   0  conf  1.0000
  -0.0447974892  -0.2979680302  -1.5357058631
  -0.3106457844  -2.0662433112  -2.6201015305
      
      
#  type   0  conf  1.0000
  -0.3106457844  -2.0662433112  -2.6201015305
  -0.3584221169  -2.3840249530  -2.8601904510
      
      
#  type   0  conf  1.0000
  -0.3584221169  -2.3840249530  -2.8601904510
  -0.3630827293  -2.4150247598  -2.8929105384
      
      
#  type   0  conf  1.0000
  -0.3630827293  -2.4150247598  -2.8929105384
  -0.4595205110  -3.0564753483  -3.7409969967
      
      
#  type   0  conf  1.0000
  -0.4595205110  -3.0564753483  -3.7409969967
  -0.4617007646  -3.0709771850  -3.9768634631
      
      
#  type   0  conf  1.0000
  -0.4617007646  -3.0709771850  -3.9768634631
  -0.3805052493  -2.5309096907  -4.3770291385
      
      
#  type   0  conf  1.0000
  -0.3805052493  -2.5309096907  -4.3770291385
  -0.3004765721  -1.9986033560  -4.5861640913
      
      
#  20  norm     0.9876883406   -0.1564344650    0.0000000000
# nedges  15 
#  type   0  conf  1.0000
   0.3221142616   2.0337494073  -4.5892378727
   0.4061453300   2.5643006925  -4.3714520225
      
      
#  type   0  conf  1.0000
   0.4061453300   2.5643006925  -4.3714520225
   0.4142992371   2.6157824360  -4.3494682819
      
      
#  type   0  conf  1.0000
   0.4142992371   2.6157824360  -4.3494682819
   0.4968088085   3.1367273669  -3.9578577152
      
      
#  type   0  conf  1.0000
   0.4968088085   3.1367273669  -3.9578577152
   0.4941651547   3.1200359943  -3.7068320185
      
      
#  type   0  conf  1.0000
   0.4941651547   3.1200359943  -3.7068320185
   0.4121717360   2.6023499222  -2.9091793479
      
      
#  type   0  conf  1.0000
   0.4121717360   2.6023499222  -2.9091793479
   0.3542776962   2.2368213407  -2.5985522021
      
      
#  type   0  conf  1.0000
   0.3542776962   2.2368213407  -2.5985522021
   0.0585089319   0.3694108572  -1.5111039517
      
      
#  type   0  conf  1.0000
   0.0585089319   0.3694108572  -1.5111039517
   0.0089557330   0.0565442730  -1.3834313025
      
      
#  type   0  conf  1.0000
   0.0089557330   0.0565442730  -1.3834313025
  -0.0469764187  -0.2965974346  -1.5347353609
      
      
#  type   0  conf  1.0000
  -0.0469764187  -0.2965974346  -1.5347353609
  -0.3275237600  -2.0679036356  -2.6231487944
      
      
#  type   0  conf  1.0000
  -0.3275237600  -2.0679036356  -2.6231487944
  -0.3797450106  -2.3976156357  -2.8698929736
      
      
#  type   0  conf  1.0000
  -0.3797450106  -2.3976156357  -2.8698929736
  -0.4842938416  -3.0577109762  -3.7389905895
      
      
#  type   0  conf  1.0000
  -0.4842938416  -3.0577109762  -3.7389905895
  -0.4866542792  -3.0726141925  -3.9781131901
      
      
#  type   0  conf  1.0000
  -0.4866542792  -3.0726141925  -3.9781131901
  -0.4010351484  -2.5320362759  -4.3775825748
      
      
#  type   0  conf  1.0000
  -0.4010351484  -2.5320362759  -4.3775825748
  -0.3172364959  -2.0029524063  -4.5862044180
      
      
#  21  norm     0.9864292572   -0.1641868466    0.0000000000
# nedges  16 
#  type   0  conf  1.0000
   0.3388508774   2.0358050980  -4.5891816288
   0.4346692813   2.6114789660  -4.3515037763
      
      
#  type   0  conf  1.0000
   0.4346692813   2.6114789660  -4.3515037763
   0.5218992933   3.1355540530  -3.9589192162
      
      
#  type   0  conf  1.0000
   0.5218992933   3.1355540530  -3.9589192162
   0.5191817738   3.1192272840  -3.7081210570
      
      
#  type   0  conf  1.0000
   0.5191817738   3.1192272840  -3.7081210570
   0.4327213130   2.5997756355  -2.9089509885
      
      
#  type   0  conf  1.0000
   0.4327213130   2.5997756355  -2.9089509885
   0.3720648665   2.2353536688  -2.6022831111
      
      
#  type   0  conf  1.0000
   0.3720648665   2.2353536688  -2.6022831111
   0.0607852143   0.3651955990  -1.5104239012
      
      
#  type   0  conf  1.0000
   0.0607852143   0.3651955990  -1.5104239012
   0.0091165160   0.0547717328  -1.3836176277
      
      
#  type   0  conf  1.0000
   0.0091165160   0.0547717328  -1.3836176277
  -0.0493100690  -0.2962532976  -1.5345508446
      
      
#  type   0  conf  1.0000
  -0.0493100690  -0.2962532976  -1.5345508446
  -0.3438788944  -2.0660132616  -2.6240350779
      
      
#  type   0  conf  1.0000
  -0.3438788944  -2.0660132616  -2.6240350779
  -0.3966733479  -2.3832006286  -2.8591489863
      
      
#  type   0  conf  1.0000
  -0.3966733479  -2.3832006286  -2.8591489863
  -0.4012195256  -2.4105139169  -2.8857714442
      
      
#  type   0  conf  1.0000
  -0.4012195256  -2.4105139169  -2.8857714442
  -0.5070552174  -3.0463713257  -3.7247700518
      
      
#  type   0  conf  1.0000
  -0.5070552174  -3.0463713257  -3.7247700518
  -0.5097835652  -3.0627631507  -3.7781873769
      
      
#  type   0  conf  1.0000
  -0.5097835652  -3.0627631507  -3.7781873769
  -0.5116765525  -3.0741361576  -3.9779743157
      
      
#  type   0  conf  1.0000
  -0.5116765525  -3.0741361576  -3.9779743157
  -0.4218467844  -2.5344418196  -4.3772086879
      
      
#  type   0  conf  1.0000
  -0.4218467844  -2.5344418196  -4.3772086879
  -0.3340441815  -2.0069266250  -4.5865808331
      
      
#  22  norm     0.9851093262   -0.1719291003    0.0000000000
# nedges  16 
#  type   0  conf  1.0000
   0.3556539906   2.0378054817  -4.5885969503
   0.4530997343   2.5961444175  -4.3574811265
      
      
#  type   0  conf  1.0000
   0.4530997343   2.5961444175  -4.3574811265
   0.4596551018   2.6337049797  -4.3340828858
      
      
#  type   0  conf  1.0000
   0.4596551018   2.6337049797  -4.3340828858
   0.5470991057   3.1347365307  -3.9571529454
      
      
#  type   0  conf  1.0000
   0.5470991057   3.1347365307  -3.9571529454
   0.5442454069   3.1183855742  -3.7105893163
      
      
#  type   0  conf  1.0000
   0.5442454069   3.1183855742  -3.7105893163
   0.4533510306   2.5975842804  -2.9090930857
      
      
#  type   0  conf  1.0000
   0.4533510306   2.5975842804  -2.9090930857
   0.3896169971   2.2324047347  -2.6053085076
      
      
#  type   0  conf  1.0000
   0.3896169971   2.2324047347  -2.6053085076
   0.0628208833   0.3599474311  -1.5091526091
      
      
#  type   0  conf  1.0000
   0.0628208833   0.3599474311  -1.5091526091
   0.0092415421   0.0529516486  -1.3835977200
      
      
#  type   0  conf  1.0000
   0.0092415421   0.0529516486  -1.3835977200
  -0.0514683583  -0.2949003962  -1.5336842704
      
      
#  type   0  conf  1.0000
  -0.0514683583  -0.2949003962  -1.5336842704
  -0.3600369992  -2.0629189886  -2.6243299909
      
      
#  type   0  conf  1.0000
  -0.3600369992  -2.0629189886  -2.6243299909
  -0.4153313064  -2.3797410836  -2.8565041295
      
      
#  type   0  conf  1.0000
  -0.4153313064  -2.3797410836  -2.8565041295
  -0.4205988948  -2.4099230039  -2.8858563729
      
      
#  type   0  conf  1.0000
  -0.4205988948  -2.4099230039  -2.8858563729
  -0.5342341587  -3.0610237083  -3.7423626697
      
      
#  type   0  conf  1.0000
  -0.5342341587  -3.0610237083  -3.7423626697
  -0.5368135727  -3.0758030843  -3.9763365125
      
      
#  type   0  conf  1.0000
  -0.5368135727  -3.0758030843  -3.9763365125
  -0.4427420895  -2.5367977889  -4.3771389598
      
      
#  type   0  conf  1.0000
  -0.4427420895  -2.5367977889  -4.3771389598
  -0.3509554117  -2.0108838386  -4.5863035003
      
      
#  23  norm     0.9837286289   -0.1796607486    0.0000000000
# nedges  17 
#  type   0  conf  1.0000
   0.3720996035   2.0374235087  -4.5889129538
   0.4735858379   2.5931092389  -4.3580088442
      
      
#  type   0  conf  1.0000
   0.4735858379   2.5931092389  -4.3580088442
   0.4803123551   2.6299401411  -4.3355677646
      
      
#  type   0  conf  1.0000
   0.4803123551   2.6299401411  -4.3355677646
   0.5718364296   3.1310782754  -3.9578361920
      
      
#  type   0  conf  1.0000
   0.5718364296   3.1310782754  -3.9578361920
   0.5708775540   3.1258279722  -3.7985623927
      
      
#  type   0  conf  1.0000
   0.5708775540   3.1258279722  -3.7985623927
   0.5681814918   3.1110657407  -3.7033985499
      
      
#  type   0  conf  1.0000
   0.5681814918   3.1110657407  -3.7033985499
   0.4737802841   2.5941739247  -2.9088514180
      
      
#  type   0  conf  1.0000
   0.4737802841   2.5941739247  -2.9088514180
   0.4070704207   2.2289054784  -2.6077306384
      
      
#  type   0  conf  1.0000
   0.4070704207   2.2289054784  -2.6077306384
   0.0654394626   0.3583123932  -1.5099240283
      
      
#  type   0  conf  1.0000
   0.0654394626   0.3583123932  -1.5099240283
   0.0095247034   0.0521523121  -1.3836737143
      
      
#  type   0  conf  1.0000
   0.0095247034   0.0521523121  -1.3836737143
  -0.0537044798  -0.2940577435  -1.5332351943
      
      
#  type   0  conf  1.0000
  -0.0537044798  -0.2940577435  -1.5332351943
  -0.3764476765  -2.0612312905  -2.6254532289
      
      
#  type   0  conf  1.0000
  -0.3764476765  -2.0612312905  -2.6254532289
  -0.4353563426  -2.3837844459  -2.8602256670
      
      
#  type   0  conf  1.0000
  -0.4353563426  -2.3837844459  -2.8602256670
  -0.4400759596  -2.4096266090  -2.8859172932
      
      
#  type   0  conf  1.0000
  -0.4400759596  -2.4096266090  -2.8859172932
  -0.5594756391  -3.0633970288  -3.7467277509
      
      
#  type   0  conf  1.0000
  -0.5594756391  -3.0633970288  -3.7467277509
  -0.5615511328  -3.0747613504  -3.9776138833
      
      
#  type   0  conf  1.0000
  -0.5615511328  -3.0747613504  -3.9776138833
  -0.4633958578  -2.5373142181  -4.3773013915
      
      
#  type   0  conf  1.0000
  -0.4633958578  -2.5373142181  -4.3773013915
  -0.3678115637  -2.0139444374  -4.5863309931
      
      
#  24  norm     0.9822872507   -0.1873813146    0.0000000000
# nedges  18 
#  type   0  conf  1.0000
   0.3884020796   2.0360750045  -4.5901798800
   0.4914560679   2.5763029299  -4.3641689890
      
      
#  type   0  conf  1.0000
   0.4914560679   2.5763029299  -4.3641689890
   0.4984462327   2.6129466573  -4.3466353648
      
      
#  type   0  conf  1.0000
   0.4984462327   2.6129466573  -4.3466353648
   0.5969546411   3.1293458185  -3.9575221296
      
      
#  type   0  conf  1.0000
   0.5969546411   3.1293458185  -3.9575221296
   0.5959907730   3.1242930449  -3.7946553628
      
      
#  type   0  conf  1.0000
   0.5959907730   3.1242930449  -3.7946553628
   0.5926786999   3.1069305497  -3.7010493050
      
      
#  type   0  conf  1.0000
   0.5926786999   3.1069305497  -3.7010493050
   0.4942417034   2.5909057428  -2.9087174728
      
      
#  type   0  conf  1.0000
   0.4942417034   2.5909057428  -2.9087174728
   0.4244750683   2.2251762339  -2.6100829780
      
      
#  type   0  conf  1.0000
   0.4244750683   2.2251762339  -2.6100829780
   0.0666919852   0.3496116300  -1.5067527751
      
      
#  type   0  conf  1.0000
   0.0666919852   0.3496116300  -1.5067527751
   0.0091475942   0.0479533681  -1.3841252265
      
      
#  type   0  conf  1.0000
   0.0091475942   0.0479533681  -1.3841252265
  -0.0562417818  -0.2948297452  -1.5337857908
      
      
#  type   0  conf  1.0000
  -0.0562417818  -0.2948297452  -1.5337857908
  -0.3925878902  -2.0580177924  -2.6259261855
      
      
#  type   0  conf  1.0000
  -0.3925878902  -2.0580177924  -2.6259261855
  -0.4546726690  -2.3834776000  -2.8607322787
      
      
#  type   0  conf  1.0000
  -0.4546726690  -2.3834776000  -2.8607322787
  -0.4597543912  -2.4101169211  -2.8872748444
      
      
#  type   0  conf  1.0000
  -0.4597543912  -2.4101169211  -2.8872748444
  -0.5842497796  -3.0627446017  -3.7476299817
      
      
#  type   0  conf  1.0000
  -0.5842497796  -3.0627446017  -3.7476299817
  -0.5867937539  -3.0760805824  -3.9757406140
      
      
#  type   0  conf  1.0000
  -0.5867937539  -3.0760805824  -3.9757406140
  -0.4858086704  -2.5466982357  -4.3712246421
      
      
#  type   0  conf  1.0000
  -0.4858086704  -2.5466982357  -4.3712246421
  -0.4816583169  -2.5249413207  -4.3827574097
      
      
#  type   0  conf  1.0000
  -0.4816583169  -2.5249413207  -4.3827574097
  -0.3841747535  -2.0139145849  -4.5871850847
      
      
#  25  norm     0.9807852804   -0.1950903220   -0.0000000000
# nedges  16 
#  type   0  conf  1.0000
   0.4055118696   2.0386458367  -4.5893556958
   0.5179387281   2.6038538221  -4.3513776803
      
      
#  type   0  conf  1.0000
   0.5179387281   2.6038538221  -4.3513776803
   0.6219580629   3.1267943322  -3.9578893541
      
      
#  type   0  conf  1.0000
   0.6219580629   3.1267943322  -3.9578893541
   0.6209635541   3.1217945989  -3.7904364382
      
      
#  type   0  conf  1.0000
   0.6209635541   3.1217945989  -3.7904364382
   0.6172118559   3.1029335384  -3.7001721078
      
      
#  type   0  conf  1.0000
   0.6172118559   3.1029335384  -3.7001721078
   0.5146013051   2.5870754640  -2.9084783496
      
      
#  type   0  conf  1.0000
   0.5146013051   2.5870754640  -2.9084783496
   0.4420467420   2.2223190433  -2.6131503748
      
      
#  type   0  conf  1.0000
   0.4420467420   2.2223190433  -2.6131503748
   0.0697550306   0.3506822201  -1.5091031181
      
      
#  type   0  conf  1.0000
   0.0697550306   0.3506822201  -1.5091031181
   0.0096403855   0.0484654907  -1.3833936273
      
      
#  type   0  conf  1.0000
   0.0096403855   0.0484654907  -1.3833936273
  -0.0584484591  -0.2938402468  -1.5332330670
      
      
#  type   0  conf  1.0000
  -0.0584484591  -0.2938402468  -1.5332330670
  -0.4078511397  -2.0504061415  -2.6236138716
      
      
#  type   0  conf  1.0000
  -0.4078511397  -2.0504061415  -2.6236138716
  -0.4737449787  -2.3816768405  -2.8601406533
      
      
#  type   0  conf  1.0000
  -0.4737449787  -2.3816768405  -2.8601406533
  -0.4790071351  -2.4081314872  -2.8865428888
      
      
#  type   0  conf  1.0000
  -0.4790071351  -2.4081314872  -2.8865428888
  -0.6091539883  -3.0624239021  -3.7475419301
      
      
#  type   0  conf  1.0000
  -0.6091539883  -3.0624239021  -3.7475419301
  -0.6117069345  -3.0752584293  -3.9760761699
      
      
#  type   0  conf  1.0000
  -0.6117069345  -3.0752584293  -3.9760761699
  -0.5051759140  -2.5396908231  -4.3766386304
      
      
#  type   0  conf  1.0000
  -0.5051759140  -2.5396908231  -4.3766386304
  -0.4019210040  -2.0205933360  -4.5863658029
      
      
#  26  norm     0.9792228106   -0.2027872954    0.0000000000
# nedges  17 
#  type   0  conf  1.0000
   0.4224276670   2.0398260483  -4.5887330096
   0.5343732767   2.5803909510  -4.3603489533
      
      
#  type   0  conf  1.0000
   0.5343732767   2.5803909510  -4.3603489533
   0.5403562636   2.6092817018  -4.3456800148
      
      
#  type   0  conf  1.0000
   0.5403562636   2.6092817018  -4.3456800148
   0.6470653978   3.1245606208  -3.9562184677
      
      
#  type   0  conf  1.0000
   0.6470653978   3.1245606208  -3.9562184677
   0.6459266903   3.1190620103  -3.7884357445
      
      
#  type   0  conf  1.0000
   0.6459266903   3.1190620103  -3.7884357445
   0.6416807207   3.0985589985  -3.6994307046
      
      
#  type   0  conf  1.0000
   0.6416807207   3.0985589985  -3.6994307046
   0.5350260542   2.5835430943  -2.9087833113
      
      
#  type   0  conf  1.0000
   0.5350260542   2.5835430943  -2.9087833113
   0.4595686566   2.2191731033  -2.6162225875
      
      
#  type   0  conf  1.0000
   0.4595686566   2.2191731033  -2.6162225875
   0.0709881702   0.3427889080  -1.5061365482
      
      
#  type   0  conf  1.0000
   0.0709881702   0.3427889080  -1.5061365482
   0.0093379238   0.0450911284  -1.3842376311
      
      
#  type   0  conf  1.0000
   0.0093379238   0.0450911284  -1.3842376311
  -0.0604143130  -0.2917296831  -1.5319979972
      
      
#  type   0  conf  1.0000
  -0.0604143130  -0.2917296831  -1.5319979972
  -0.4241719543  -2.0482488935  -2.6248570944
      
      
#  type   0  conf  1.0000
  -0.4241719543  -2.0482488935  -2.6248570944
  -0.4951569130  -2.3910222938  -2.8681889229
      
      
#  type   0  conf  1.0000
  -0.4951569130  -2.3910222938  -2.8681889229
  -0.5166911961  -2.4950074135  -3.0022461158
      
      
#  type   0  conf  1.0000
  -0.5166911961  -2.4950074135  -3.0022461158
  -0.6342817880  -3.0628309039  -3.7516780315
      
      
#  type   0  conf  1.0000
  -0.6342817880  -3.0628309039  -3.7516780315
  -0.6366123074  -3.0740845568  -3.9770570114
      
      
#  type   0  conf  1.0000
  -0.6366123074  -3.0740845568  -3.9770570114
  -0.5255739017  -2.5379003765  -4.3777607246
      
      
#  type   0  conf  1.0000
  -0.5255739017  -2.5379003765  -4.3777607246
  -0.4190284532  -2.0234118661  -4.5859387295
      
      
#  27  norm     0.9775999378   -0.2104717598    0.0000000000
# nedges  16 
#  type   0  conf  1.0000
   0.4388244867   2.0382534513  -4.5892835443
   0.5592965148   2.5978223329  -4.3516379554
      
      
#  type   0  conf  1.0000
   0.5592965148   2.5978223329  -4.3516379554
   0.6721499910   3.1220045385  -3.9564055760
      
      
#  type   0  conf  1.0000
   0.6721499910   3.1220045385  -3.9564055760
   0.6706307210   3.1149478281  -3.7763243216
      
      
#  type   0  conf  1.0000
   0.6706307210   3.1149478281  -3.7763243216
   0.6658784790   3.0928745986  -3.7006454381
      
      
#  type   0  conf  1.0000
   0.6658784790   3.0928745986  -3.7006454381
   0.5575046458   2.5894994537  -2.9224138290
      
      
#  type   0  conf  1.0000
   0.5575046458   2.5894994537  -2.9224138290
   0.5514123874   2.5612021110  -2.8945208022
      
      
#  type   0  conf  1.0000
   0.5514123874   2.5612021110  -2.8945208022
   0.4769159199   2.2151806687  -2.6187764477
      
      
#  type   0  conf  1.0000
   0.4769159199   2.2151806687  -2.6187764477
   0.0732790735   0.3403668870  -1.5066511970
      
      
#  type   0  conf  1.0000
   0.0732790735   0.3403668870  -1.5066511970
   0.0094394973   0.0438446090  -1.3841429089
      
      
#  type   0  conf  1.0000
   0.0094394973   0.0438446090  -1.3841429089
  -0.0628593392  -0.2919692702  -1.5321323842
      
      
#  type   0  conf  1.0000
  -0.0628593392  -0.2919692702  -1.5321323842
  -0.4395787600  -2.0417569025  -2.6236707271
      
      
#  type   0  conf  1.0000
  -0.4395787600  -2.0417569025  -2.6236707271
  -0.5149919904  -2.3920365288  -2.8699432136
      
      
#  type   0  conf  1.0000
  -0.5149919904  -2.3920365288  -2.8699432136
  -0.6584680402  -3.0584545674  -3.7451390506
      
      
#  type   0  conf  1.0000
  -0.6584680402  -3.0584545674  -3.7451390506
  -0.6620962694  -3.0753069786  -3.9740240508
      
      
#  type   0  conf  1.0000
  -0.6620962694  -3.0753069786  -3.9740240508
  -0.5468353151  -2.5399425103  -4.3766452278
      
      
#  type   0  conf  1.0000
  -0.5468353151  -2.5399425103  -4.3766452278
  -0.4361301265  -2.0257386783  -4.5862591182
      
      
#  28  norm     0.9759167619   -0.2181432414    0.0000000000
# nedges  16 
#  type   0  conf  1.0000
   0.4555262305   2.0379072074  -4.5893801743
   0.5799432299   2.5945168660  -4.3516113882
      
      
#  type   0  conf  1.0000
   0.5799432299   2.5945168660  -4.3516113882
   0.6966877349   3.1168017582  -3.9572239633
      
      
#  type   0  conf  1.0000
   0.6966877349   3.1168017582  -3.9572239633
   0.6963406498   3.1152489885  -3.8002683274
      
      
#  type   0  conf  1.0000
   0.6963406498   3.1152489885  -3.8002683274
   0.6909375206   3.0910767780  -3.7014415123
      
      
#  type   0  conf  1.0000
   0.6909375206   3.0910767780  -3.7014415123
   0.5755581464   2.5748991303  -2.9088014743
      
      
#  type   0  conf  1.0000
   0.5755581464   2.5748991303  -2.9088014743
   0.4934163498   2.2074178567  -2.6192253414
      
      
#  type   0  conf  1.0000
   0.4934163498   2.2074178567  -2.6192253414
   0.0758875245   0.3395012686  -1.5081387697
      
      
#  type   0  conf  1.0000
   0.0758875245   0.3395012686  -1.5081387697
   0.0097283748   0.0435222468  -1.3834354857
      
      
#  type   0  conf  1.0000
   0.0097283748   0.0435222468  -1.3834354857
  -0.0654435251  -0.2927775013  -1.5326732087
      
      
#  type   0  conf  1.0000
  -0.0654435251  -0.2927775013  -1.5326732087
  -0.4547408146  -2.0343934585  -2.6220314389
      
      
#  type   0  conf  1.0000
  -0.4547408146  -2.0343934585  -2.6220314389
  -0.5297613968  -2.3700162503  -2.8557671793
      
      
#  type   0  conf  1.0000
  -0.5297613968  -2.3700162503  -2.8557671793
  -0.5370319441  -2.4025428092  -2.8855972274
      
      
#  type   0  conf  1.0000
  -0.5370319441  -2.4025428092  -2.8855972274
  -0.6842668768  -3.0612340333  -3.7529399715
      
      
#  type   0  conf  1.0000
  -0.6842668768  -3.0612340333  -3.7529399715
  -0.6867660951  -3.0724148935  -3.9753385800
      
      
#  type   0  conf  1.0000
  -0.6867660951  -3.0724148935  -3.9753385800
  -0.5677352232  -2.5399013838  -4.3765997747
      
      
#  type   0  conf  1.0000
  -0.5677352232  -2.5399013838  -4.3765997747
  -0.4532468234  -2.0277097260  -4.5865806465
      
      
#  29  norm     0.9741733870   -0.2258012669    0.0000000000
# nedges  17 
#  type   0  conf  1.0000
   0.4720782156   2.0366849158  -4.5895441424
   0.6007327994   2.5917388064  -4.3513215906
      
      
#  type   0  conf  1.0000
   0.6007327994   2.5917388064  -4.3513215906
   0.7220519334   3.1151453988  -3.9545251355
      
      
#  type   0  conf  1.0000
   0.7220519334   3.1151453988  -3.9545251355
   0.7210436315   3.1107952866  -3.7955137676
      
      
#  type   0  conf  1.0000
   0.7210436315   3.1107952866  -3.7955137676
   0.7154793566   3.0867893603  -3.7022264573
      
      
#  type   0  conf  1.0000
   0.7154793566   3.0867893603  -3.7022264573
   0.5958645315   2.5707356599  -2.9096794900
      
      
#  type   0  conf  1.0000
   0.5958645315   2.5707356599  -2.9096794900
   0.5105797823   2.2027920514  -2.6215905367
      
      
#  type   0  conf  1.0000
   0.5105797823   2.2027920514  -2.6215905367
   0.0776434447   0.3349767631  -1.5075594242
      
      
#  type   0  conf  1.0000
   0.0776434447   0.3349767631  -1.5075594242
   0.0097493240   0.0420614647  -1.3834770817
      
      
#  type   0  conf  1.0000
   0.0097493240   0.0420614647  -1.3834770817
  -0.0675353876  -0.2913676182  -1.5318284281
      
      
#  type   0  conf  1.0000
  -0.0675353876  -0.2913676182  -1.5318284281
  -0.4705821052  -2.0302302536  -2.6226243397
      
      
#  type   0  conf  1.0000
  -0.4705821052  -2.0302302536  -2.6226243397
  -0.5338774428  -2.3033050430  -2.8114138211
      
      
#  type   0  conf  1.0000
  -0.5338774428  -2.3033050430  -2.8114138211
  -0.5543242740  -2.3915187147  -2.8739430336
      
      
#  type   0  conf  1.0000
  -0.5543242740  -2.3915187147  -2.8739430336
  -0.7043474045  -3.0387628297  -3.7261766033
      
      
#  type   0  conf  1.0000
  -0.7043474045  -3.0387628297  -3.7261766033
  -0.7096627703  -3.0616948884  -3.7913529139
      
      
#  type   0  conf  1.0000
  -0.7096627703  -3.0616948884  -3.7913529139
  -0.7115687005  -3.0699176342  -3.9763128892
      
      
#  type   0  conf  1.0000
  -0.7115687005  -3.0699176342  -3.9763128892
  -0.5881454435  -2.5374332335  -4.3775544273
      
      
#  type   0  conf  1.0000
  -0.5881454435  -2.5374332335  -4.3775544273
  -0.4704443993  -2.0296361495  -4.5862932519
      
      
#  30  norm     0.9723699204   -0.2334453639    0.0000000000
# nedges  17 
#  type   0  conf  1.0000
   0.4915623686   2.0475046210  -4.5843829014
   0.6213922536   2.5882850112  -4.3511808401
      
      
#  type   0  conf  1.0000
   0.6213922536   2.5882850112  -4.3511808401
   0.7468850795   3.1110002499  -3.9532851182
      
      
#  type   0  conf  1.0000
   0.7468850795   3.1110002499  -3.9532851182
   0.7459032520   3.1069106442  -3.7951919743
      
      
#  type   0  conf  1.0000
   0.7459032520   3.1069106442  -3.7951919743
   0.7399434589   3.0820863193  -3.7031412458
      
      
#  type   0  conf  1.0000
   0.7399434589   3.0820863193  -3.7031412458
   0.6158849282   2.5653453500  -2.9093393831
      
      
#  type   0  conf  1.0000
   0.6158849282   2.5653453500  -2.9093393831
   0.5269873641   2.1950603465  -2.6221502802
      
      
#  type   0  conf  1.0000
   0.5269873641   2.1950603465  -2.6221502802
   0.0798780268   0.3327159266  -1.5081139627
      
      
#  type   0  conf  1.0000
   0.0798780268   0.3327159266  -1.5081139627
   0.0096463061   0.0401797566  -1.3833140416
      
      
#  type   0  conf  1.0000
   0.0096463061   0.0401797566  -1.3833140416
  -0.0700535574  -0.2917940667  -1.5321600359
      
      
#  type   0  conf  1.0000
  -0.0700535574  -0.2917940667  -1.5321600359
  -0.4857156890  -2.0231514476  -2.6214249056
      
      
#  type   0  conf  1.0000
  -0.4857156890  -2.0231514476  -2.6214249056
  -0.5428234181  -2.2610222585  -2.7844874946
      
      
#  type   0  conf  1.0000
  -0.5428234181  -2.2610222585  -2.7844874946
  -0.5733125044  -2.3880184428  -2.8730916576
      
      
#  type   0  conf  1.0000
  -0.5733125044  -2.3880184428  -2.8730916576
  -0.7335112826  -3.0552943768  -3.7505079406
      
      
#  type   0  conf  1.0000
  -0.7335112826  -3.0552943768  -3.7505079406
  -0.7373501771  -3.0712845230  -3.9718225074
      
      
#  type   0  conf  1.0000
  -0.7373501771  -3.0712845230  -3.9718225074
  -0.6148298966  -2.5609508270  -4.3598192959
      
      
#  type   0  conf  1.0000
  -0.6148298966  -2.5609508270  -4.3598192959
  -0.6063372793  -2.5255765302  -4.3818023836
      
      
#  type   0  conf  1.0000
  -0.6063372793  -2.5255765302  -4.3818023836
  -0.4876763437  -2.0313181622  -4.5867865916
      
      
#  31  norm     0.9705064735   -0.2410750608   -0.0000000000
# nedges  15 
#  type   0  conf  1.0000
   0.5055287471   2.0351293073  -4.5892907603
   0.6418199284   2.5838027091  -4.3511584486
      
      
#  type   0  conf  1.0000
   0.6418199284   2.5838027091  -4.3511584486
   0.7716806900   3.1065888879  -3.9527849160
      
      
#  type   0  conf  1.0000
   0.7716806900   3.1065888879  -3.9527849160
   0.7706160021   3.1023027268  -3.7938345452
      
      
#  type   0  conf  1.0000
   0.7706160021   3.1023027268  -3.7938345452
   0.7643196295   3.0769551426  -3.7053382278
      
      
#  type   0  conf  1.0000
   0.7643196295   3.0769551426  -3.7053382278
   0.6367811809   2.5635180018  -2.9133141531
      
      
#  type   0  conf  1.0000
   0.6367811809   2.5635180018  -2.9133141531
   0.5446208870   2.1925042541  -2.6255858077
      
      
#  type   0  conf  1.0000
   0.5446208870   2.1925042541  -2.6255858077
   0.0817528065   0.3291158683  -1.5078258148
      
      
#  type   0  conf  1.0000
   0.0817528065   0.3291158683  -1.5078258148
   0.0097025984   0.0390601771  -1.3835967843
      
      
#  type   0  conf  1.0000
   0.0097025984   0.0390601771  -1.3835967843
  -0.0724802243  -0.2917868263  -1.5321035235
      
      
#  type   0  conf  1.0000
  -0.0724802243  -0.2917868263  -1.5321035235
  -0.5037060890  -2.0277917524  -2.6278482481
      
      
#  type   0  conf  1.0000
  -0.5037060890  -2.0277917524  -2.6278482481
  -0.5920349619  -2.3833811805  -2.8710578117
      
      
#  type   0  conf  1.0000
  -0.5920349619  -2.3833811805  -2.8710578117
  -0.7585361973  -3.0536725253  -3.7526444788
      
      
#  type   0  conf  1.0000
  -0.7585361973  -3.0536725253  -3.7526444788
  -0.7621137762  -3.0680749423  -3.9728722166
      
      
#  type   0  conf  1.0000
  -0.7621137762  -3.0680749423  -3.9728722166
  -0.6298537433  -2.5356299115  -4.3773305604
      
      
#  type   0  conf  1.0000
  -0.6298537433  -2.5356299115  -4.3773305604
  -0.5047073554  -2.0318225947  -4.5862435541
      
      
#  32  norm     0.9685831611   -0.2486898872    0.0000000000
# nedges  17 
#  type   0  conf  1.0000
   0.5219367046   2.0328092509  -4.5896809557
   0.6620818909   2.5786387141  -4.3514130487
      
      
#  type   0  conf  1.0000
   0.6620818909   2.5786387141  -4.3514130487
   0.7965235458   3.1022543889  -3.9519648877
      
      
#  type   0  conf  1.0000
   0.7965235458   3.1022543889  -3.9519648877
   0.7952379323   3.0972472546  -3.7917006803
      
      
#  type   0  conf  1.0000
   0.7952379323   3.0972472546  -3.7917006803
   0.7884938546   3.0709808065  -3.7052508013
      
      
#  type   0  conf  1.0000
   0.7884938546   3.0709808065  -3.7052508013
   0.6563475133   2.5563047876  -2.9112659766
      
      
#  type   0  conf  1.0000
   0.6563475133   2.5563047876  -2.9112659766
   0.5600077079   2.1810860191  -2.6239053252
      
      
#  type   0  conf  1.0000
   0.5600077079   2.1810860191  -2.6239053252
   0.0835722824   0.3254925499  -1.5075852558
      
      
#  type   0  conf  1.0000
   0.0835722824   0.3254925499  -1.5075852558
   0.0095663848   0.0372586090  -1.3833545727
      
      
#  type   0  conf  1.0000
   0.0095663848   0.0372586090  -1.3833545727
  -0.0753186776  -0.2933468813  -1.5331517335
      
      
#  type   0  conf  1.0000
  -0.0753186776  -0.2933468813  -1.5331517335
  -0.5183984097  -2.0190285021  -2.6259391073
      
      
#  type   0  conf  1.0000
  -0.5183984097  -2.0190285021  -2.6259391073
  -0.6070995913  -2.3644967954  -2.8598632937
      
      
#  type   0  conf  1.0000
  -0.6070995913  -2.3644967954  -2.8598632937
  -0.6140298115  -2.3914882210  -2.8856505062
      
      
#  type   0  conf  1.0000
  -0.6140298115  -2.3914882210  -2.8856505062
  -0.7778415480  -3.0294928112  -3.7265902115
      
      
#  type   0  conf  1.0000
  -0.7778415480  -3.0294928112  -3.7265902115
  -0.7843095172  -3.0546838881  -3.7888957259
      
      
#  type   0  conf  1.0000
  -0.7843095172  -3.0546838881  -3.7888957259
  -0.7868022866  -3.0643925840  -3.9729975403
      
      
#  type   0  conf  1.0000
  -0.7868022866  -3.0643925840  -3.9729975403
  -0.6507419713  -2.5344726430  -4.3768999313
      
      
#  type   0  conf  1.0000
  -0.6507419713  -2.5344726430  -4.3768999313
  -0.5220609807  -2.0332932743  -4.5865775974
      
      
#  33  norm     0.9666001020   -0.2562893731    0.0000000000
# nedges  17 
#  type   0  conf  1.0000
   0.5385172792   2.0310278598  -4.5896629764
   0.6824915396   2.5740294408  -4.3511897332
      
      
#  type   0  conf  1.0000
   0.6824915396   2.5740294408  -4.3511897332
   0.8212108827   3.0972120041  -3.9510699707
      
      
#  type   0  conf  1.0000
   0.8212108827   3.0972120041  -3.9510699707
   0.8198925821   3.0922400089  -3.7933706228
      
      
#  type   0  conf  1.0000
   0.8198925821   3.0922400089  -3.7933706228
   0.8126727158   3.0650101502  -3.7050720389
      
      
#  type   0  conf  1.0000
   0.8126727158   3.0650101502  -3.7050720389
   0.6756454136   2.5482091502  -2.9091977313
      
      
#  type   0  conf  1.0000
   0.6756454136   2.5482091502  -2.9091977313
   0.5752748677   2.1696597834  -2.6222151035
      
      
#  type   0  conf  1.0000
   0.5752748677   2.1696597834  -2.6222151035
   0.0848928403   0.3201749145  -1.5064378393
      
      
#  type   0  conf  1.0000
   0.0848928403   0.3201749145  -1.5064378393
   0.0095410817   0.0359843659  -1.3834632480
      
      
#  type   0  conf  1.0000
   0.0095410817   0.0359843659  -1.3834632480
  -0.0777602053  -0.2932740498  -1.5331383484
      
      
#  type   0  conf  1.0000
  -0.0777602053  -0.2932740498  -1.5331383484
  -0.5343179751  -2.0151901070  -2.6270784568
      
      
#  type   0  conf  1.0000
  -0.5343179751  -2.0151901070  -2.6270784568
  -0.6257826380  -2.3601507715  -2.8593915833
      
      
#  type   0  conf  1.0000
  -0.6257826380  -2.3601507715  -2.8593915833
  -0.6331155476  -2.3878069756  -2.8853008007
      
      
#  type   0  conf  1.0000
  -0.6331155476  -2.3878069756  -2.8853008007
  -0.8085523584  -3.0494701459  -3.7589053127
      
      
#  type   0  conf  1.0000
  -0.8085523584  -3.0494701459  -3.7589053127
  -0.8120774699  -3.0627651691  -3.9700977173
      
      
#  type   0  conf  1.0000
  -0.8120774699  -3.0627651691  -3.9700977173
  -0.6773440639  -2.5546156413  -4.3602657866
      
      
#  type   0  conf  1.0000
  -0.6773440639  -2.5546156413  -4.3602657866
  -0.6689370403  -2.5229083963  -4.3807271255
      
      
#  type   0  conf  1.0000
  -0.6689370403  -2.5229083963  -4.3807271255
  -0.5393137079  -2.0340316054  -4.5869278329
      
      
#  34  norm     0.9645574185   -0.2638730500    0.0000000000
# nedges  16 
#  type   0  conf  1.0000
   0.5557294761   2.0314048323  -4.5885149210
   0.7024494480   2.5677227222  -4.3519236923
      
      
#  type   0  conf  1.0000
   0.7024494480   2.5677227222  -4.3519236923
   0.8459190294   3.0921591853  -3.9500520988
      
      
#  type   0  conf  1.0000
   0.8459190294   3.0921591853  -3.9500520988
   0.8444824154   3.0869078089  -3.7939289581
      
      
#  type   0  conf  1.0000
   0.8444824154   3.0869078089  -3.7939289581
   0.8366855161   3.0584071452  -3.7053694718
      
      
#  type   0  conf  1.0000
   0.8366855161   3.0584071452  -3.7053694718
   0.6953277167   2.5416900571  -2.9092746633
      
      
#  type   0  conf  1.0000
   0.6953277167   2.5416900571  -2.9092746633
   0.5915335125   2.1622823468  -2.6232822132
      
      
#  type   0  conf  1.0000
   0.5915335125   2.1622823468  -2.6232822132
   0.0859266982   0.3140951083  -1.5045782678
      
      
#  type   0  conf  1.0000
   0.0859266982   0.3140951083  -1.5045782678
   0.0088945060   0.0325128381  -1.3842606538
      
      
#  type   0  conf  1.0000
   0.0088945060   0.0325128381  -1.3842606538
  -0.0827667605  -0.3025443212  -1.5374744822
      
      
#  type   0  conf  1.0000
  -0.0827667605  -0.3025443212  -1.5374744822
  -0.5582262689  -2.0405315698  -2.6498015672
      
      
#  type   0  conf  1.0000
  -0.5582262689  -2.0405315698  -2.6498015672
  -0.6490097300  -2.3723800132  -2.8702395161
      
      
#  type   0  conf  1.0000
  -0.6490097300  -2.3723800132  -2.8702395161
  -0.8335682288  -3.0470122620  -3.7610908197
      
      
#  type   0  conf  1.0000
  -0.8335682288  -3.0470122620  -3.7610908197
  -0.8368440525  -3.0589866568  -3.9710977686
      
      
#  type   0  conf  1.0000
  -0.8368440525  -3.0589866568  -3.9710977686
  -0.6954501457  -2.5421375822  -4.3674606004
      
      
#  type   0  conf  1.0000
  -0.6954501457  -2.5421375822  -4.3674606004
  -0.6884403946  -2.5165142474  -4.3821630332
      
      
#  type   0  conf  1.0000
  -0.6884403946  -2.5165142474  -4.3821630332
  -0.5554624649  -2.0304288037  -4.5892461621
      
      
#  35  norm     0.9624552365   -0.2714404499    0.0000000000
# nedges  15 
#  type   0  conf  1.0000
   0.5718508810   2.0276302783  -4.5891501907
   0.7225691143   2.5620368227  -4.3519850140
      
      
#  type   0  conf  1.0000
   0.7225691143   2.5620368227  -4.3519850140
   0.8701179463   3.0852055179  -3.9502105120
      
      
#  type   0  conf  1.0000
   0.8701179463   3.0852055179  -3.9502105120
   0.8692520685   3.0821353469  -3.7956650539
      
      
#  type   0  conf  1.0000
   0.8692520685   3.0821353469  -3.7956650539
   0.8601328104   3.0498008966  -3.7028261678
      
      
#  type   0  conf  1.0000
   0.8601328104   3.0498008966  -3.7028261678
   0.7149145682   2.5348958496  -2.9090748705
      
      
#  type   0  conf  1.0000
   0.7149145682   2.5348958496  -2.9090748705
   0.6073100463   2.1533589945  -2.6234589622
      
      
#  type   0  conf  1.0000
   0.6073100463   2.1533589945  -2.6234589622
   0.0892578275   0.3164843838  -1.5080942388
      
      
#  type   0  conf  1.0000
   0.0892578275   0.3164843838  -1.5080942388
   0.0092787201   0.0328998597  -1.3834203827
      
      
#  type   0  conf  1.0000
   0.0092787201   0.0328998597  -1.3834203827
  -0.0846426573  -0.3001202245  -1.5364716810
      
      
#  type   0  conf  1.0000
  -0.0846426573  -0.3001202245  -1.5364716810
  -0.6648767991  -2.3574753032  -2.8564881270
      
      
#  type   0  conf  1.0000
  -0.6648767991  -2.3574753032  -2.8564881270
  -0.8546858887  -3.0304875694  -3.7444253205
      
      
#  type   0  conf  1.0000
  -0.8546858887  -3.0304875694  -3.7444253205
  -0.8594912030  -3.0475259286  -3.8085172217
      
      
#  type   0  conf  1.0000
  -0.8594912030  -3.0475259286  -3.8085172217
  -0.8614878182  -3.0546053919  -3.9714186330
      
      
#  type   0  conf  1.0000
  -0.8614878182  -3.0546053919  -3.9714186330
  -0.7125885720  -2.5266484891  -4.3771973745
      
      
#  type   0  conf  1.0000
  -0.7125885720  -2.5266484891  -4.3771973745
  -0.5738733827  -2.0348015284  -4.5867042699
      
      
#  36  norm     0.9602936857   -0.2789911060    0.0000000000
# nedges  16 
#  type   0  conf  1.0000
   0.5882319145   2.0247075302  -4.5893671616
   0.7426362151   2.5561706185  -4.3517605806
      
      
#  type   0  conf  1.0000
   0.7426362151   2.5561706185  -4.3517605806
   0.8945371761   3.0790171557  -3.9494299321
      
      
#  type   0  conf  1.0000
   0.8945371761   3.0790171557  -3.9494299321
   0.8936644318   3.0760131503  -3.7945328480
      
      
#  type   0  conf  1.0000
   0.8936644318   3.0760131503  -3.7945328480
   0.8827686297   3.0385095534  -3.6970684680
      
      
#  type   0  conf  1.0000
   0.8827686297   3.0385095534  -3.6970684680
   0.7343442854   2.5276296093  -2.9088839937
      
      
#  type   0  conf  1.0000
   0.7343442854   2.5276296093  -2.9088839937
   0.6220569045   2.1411339092  -2.6218931240
      
      
#  type   0  conf  1.0000
   0.6220569045   2.1411339092  -2.6218931240
   0.0903174159   0.3108745845  -1.5068142164
      
      
#  type   0  conf  1.0000
   0.0903174159   0.3108745845  -1.5068142164
   0.0090629481   0.0311948721  -1.3833809197
      
      
#  type   0  conf  1.0000
   0.0090629481   0.0311948721  -1.3833809197
  -0.0868189126  -0.2988326572  -1.5360620654
      
      
#  type   0  conf  1.0000
  -0.0868189126  -0.2988326572  -1.5360620654
  -0.5946844217  -2.0469172055  -2.6605498238
      
      
#  type   0  conf  1.0000
  -0.5946844217  -2.0469172055  -2.6605498238
  -0.6871589222  -2.3652165238  -2.8722551079
      
      
#  type   0  conf  1.0000
  -0.6871589222  -2.3652165238  -2.8722551079
  -0.8749132846  -3.0114712781  -3.7263374465
      
      
#  type   0  conf  1.0000
  -0.8749132846  -3.0114712781  -3.7263374465
  -0.8838199310  -3.0421281561  -3.7912474223
      
      
#  type   0  conf  1.0000
  -0.8838199310  -3.0421281561  -3.7912474223
  -0.8865756347  -3.0516133505  -3.9700482371
      
      
#  type   0  conf  1.0000
  -0.8865756347  -3.0516133505  -3.9700482371
  -0.7331689406  -2.5235840459  -4.3774692553
      
      
#  type   0  conf  1.0000
  -0.7331689406  -2.5235840459  -4.3774692553
  -0.5911932584  -2.0349005427  -4.5864437150
      
      
#  37  norm     0.9580728995   -0.2865245527   -0.0000000000
# nedges  18 
#  type   0  conf  1.0000
   0.6047232851   2.0220570474  -4.5891045445
   0.7588953472   2.5375733381  -4.3577769600
      
      
#  type   0  conf  1.0000
   0.7588953472   2.5375733381  -4.3577769600
   0.7699302618   2.5744715812  -4.3335801828
      
      
#  type   0  conf  1.0000
   0.7699302618   2.5744715812  -4.3335801828
   0.9192639399   3.0738094165  -3.9460822918
      
      
#  type   0  conf  1.0000
   0.9192639399   3.0738094165  -3.9460822918
   0.9178989442   3.0692451817  -3.7954140107
      
      
#  type   0  conf  1.0000
   0.9178989442   3.0692451817  -3.7954140107
   0.9075725938   3.0347162160  -3.7039403919
      
      
#  type   0  conf  1.0000
   0.9075725938   3.0347162160  -3.7039403919
   0.7542296563   2.5219723295  -2.9108827679
      
      
#  type   0  conf  1.0000
   0.7542296563   2.5219723295  -2.9108827679
   0.6381445542   2.1338101658  -2.6235205149
      
      
#  type   0  conf  1.0000
   0.6381445542   2.1338101658  -2.6235205149
   0.0924424463   0.3091065032  -1.5077809625
      
      
#  type   0  conf  1.0000
   0.0924424463   0.3091065032  -1.5077809625
   0.0087930588   0.0294019877  -1.3831284000
      
      
#  type   0  conf  1.0000
   0.0087930588   0.0294019877  -1.3831284000
  -0.0890792338  -0.2978606860  -1.5358768419
      
      
#  type   0  conf  1.0000
  -0.0890792338  -0.2978606860  -1.5358768419
  -0.6250798914  -2.0901249062  -2.6921050109
      
      
#  type   0  conf  1.0000
  -0.6250798914  -2.0901249062  -2.6921050109
  -0.7059602252  -2.3605703366  -2.8722302502
      
      
#  type   0  conf  1.0000
  -0.7059602252  -2.3605703366  -2.8722302502
  -0.8989451061  -3.0058678603  -3.7265441632
      
      
#  type   0  conf  1.0000
  -0.8989451061  -3.0058678603  -3.7265441632
  -0.9085014594  -3.0378221311  -3.7911651283
      
      
#  type   0  conf  1.0000
  -0.9085014594  -3.0378221311  -3.7911651283
  -0.9120373496  -3.0496453433  -3.9662351500
      
      
#  type   0  conf  1.0000
  -0.9120373496  -3.0496453433  -3.9662351500
  -0.7592064855  -2.5386137137  -4.3638429820
      
      
#  type   0  conf  1.0000
  -0.7592064855  -2.5386137137  -4.3638429820
  -0.7478059495  -2.5004929157  -4.3859149121
      
      
#  type   0  conf  1.0000
  -0.7478059495  -2.5004929157  -4.3859149121
  -0.6087296113  -2.0354532905  -4.5864511068
      
      
#  38  norm     0.9557930148   -0.2940403252    0.0000000000
# nedges  16 
#  type   0  conf  1.0000
   0.6210930411   2.0188944825  -4.5894792609
   0.7825784359   2.5438109620  -4.3518710373
      
      
#  type   0  conf  1.0000
   0.7825784359   2.5438109620  -4.3518710373
   0.9435297270   3.0669913103  -3.9459346124
      
      
#  type   0  conf  1.0000
   0.9435297270   3.0669913103  -3.9459346124
   0.9422005093   3.0626706204  -3.7941021307
      
      
#  type   0  conf  1.0000
   0.9422005093   3.0626706204  -3.7941021307
   0.9305261956   3.0247226708  -3.7011072474
      
      
#  type   0  conf  1.0000
   0.9305261956   3.0247226708  -3.7011072474
   0.7730795809   2.5129344510  -2.9092021100
      
      
#  type   0  conf  1.0000
   0.7730795809   2.5129344510  -2.9092021100
   0.6525892987   2.1212746680  -2.6221277655
      
      
#  type   0  conf  1.0000
   0.6525892987   2.1212746680  -2.6221277655
   0.0930927673   0.3026027693  -1.5058977494
      
      
#  type   0  conf  1.0000
   0.0930927673   0.3026027693  -1.5058977494
   0.0084446653   0.0274498135  -1.3833331016
      
      
#  type   0  conf  1.0000
   0.0084446653   0.0274498135  -1.3833331016
  -0.0915532700  -0.2975985552  -1.5360255655
      
      
#  type   0  conf  1.0000
  -0.0915532700  -0.2975985552  -1.5360255655
  -0.6914009068  -2.2474337715  -2.7976696864
      
      
#  type   0  conf  1.0000
  -0.6914009068  -2.2474337715  -2.7976696864
  -0.7258984387  -2.3595697517  -2.8771014354
      
      
#  type   0  conf  1.0000
  -0.7258984387  -2.3595697517  -2.8771014354
  -0.9200389232  -2.9906332591  -3.7139129005
      
      
#  type   0  conf  1.0000
  -0.9200389232  -2.9906332591  -3.7139129005
  -0.9333534346  -3.0339127547  -3.7910663595
      
      
#  type   0  conf  1.0000
  -0.9333534346  -3.0339127547  -3.7910663595
  -0.9370694989  -3.0459920104  -3.9650130837
      
      
#  type   0  conf  1.0000
  -0.9370694989  -3.0459920104  -3.9650130837
  -0.7746656863  -2.5180901672  -4.3768004442
      
      
#  type   0  conf  1.0000
  -0.7746656863  -2.5180901672  -4.3768004442
  -0.6258126165  -2.0342357019  -4.5867645264
      
      
#  39  norm     0.9534541723   -0.3015379599    0.0000000000
# nedges  16 
#  type   0  conf  1.0000
   0.6374296106   2.0155337056  -4.5895264744
   0.8025101965   2.5375136692  -4.3515515294
      
      
#  type   0  conf  1.0000
   0.8025101965   2.5375136692  -4.3515515294
   0.9676679348   3.0597375867  -3.9452267732
      
      
#  type   0  conf  1.0000
   0.9676679348   3.0597375867  -3.9452267732
   0.9662716857   3.0553226880  -3.7949828840
      
      
#  type   0  conf  1.0000
   0.9662716857   3.0553226880  -3.7949828840
   0.9536023231   3.0152625356  -3.6997779002
      
      
#  type   0  conf  1.0000
   0.9536023231   3.0152625356  -3.6997779002
   0.7923768724   2.5054723962  -2.9097473031
      
      
#  type   0  conf  1.0000
   0.7923768724   2.5054723962  -2.9097473031
   0.6684388110   2.1135838864  -2.6236126293
      
      
#  type   0  conf  1.0000
   0.6684388110   2.1135838864  -2.6236126293
   0.0950086281   0.3004144914  -1.5064978852
      
      
#  type   0  conf  1.0000
   0.0950086281   0.3004144914  -1.5064978852
   0.0081534360   0.0257809253  -1.3833608414
      
      
#  type   0  conf  1.0000
   0.0081534360   0.0257809253  -1.3833608414
  -0.0934543340  -0.2954998590  -1.5351848280
      
      
#  type   0  conf  1.0000
  -0.0934543340  -0.2954998590  -1.5351848280
  -0.7416672572  -2.3451300825  -2.8652276117
      
      
#  type   0  conf  1.0000
  -0.7416672572  -2.3451300825  -2.8652276117
  -0.9534224866  -3.0146938978  -3.7535451836
      
      
#  type   0  conf  1.0000
  -0.9534224866  -3.0146938978  -3.7535451836
  -0.9593318504  -3.0333791325  -3.8233592322
      
      
#  type   0  conf  1.0000
  -0.9593318504  -3.0333791325  -3.8233592322
  -0.9613396747  -3.0397278140  -3.9644692761
      
      
#  type   0  conf  1.0000
  -0.9613396747  -3.0397278140  -3.9644692761
  -0.8023262396  -2.5369320031  -4.3592179572
      
      
#  type   0  conf  1.0000
  -0.8023262396  -2.5369320031  -4.3592179572
  -0.7910442191  -2.5012585855  -4.3824552901
      
      
#  type   0  conf  1.0000
  -0.7910442191  -2.5012585855  -4.3824552901
  -0.6434506308  -2.0345719947  -4.5859992100
      
      
#  40  norm     0.9510565163   -0.3090169944    0.0000000000
# nedges  15 
#  type   0  conf  1.0000
   0.6586288767   2.0270512508  -4.5826015618
   0.8221313909   2.5302602471  -4.3517207530
      
      
#  type   0  conf  1.0000
   0.8221313909   2.5302602471  -4.3517207530
   0.9915285825   3.0516111950  -3.9447860331
      
      
#  type   0  conf  1.0000
   0.9915285825   3.0516111950  -3.9447860331
   0.9907372903   3.0491758481  -3.8004914179
      
      
#  type   0  conf  1.0000
   0.9907372903   3.0491758481  -3.8004914179
   0.9774776253   3.0083667952  -3.7029959227
      
      
#  type   0  conf  1.0000
   0.9774776253   3.0083667952  -3.7029959227
   0.8114964923   2.4975293949  -2.9099423185
      
      
#  type   0  conf  1.0000
   0.8114964923   2.4975293949  -2.9099423185
   0.6826110030   2.1008606462  -2.6222408780
      
      
#  type   0  conf  1.0000
   0.6826110030   2.1008606462  -2.6222408780
   0.0954279945   0.2936971676  -1.5042924815
      
      
#  type   0  conf  1.0000
   0.0954279945   0.2936971676  -1.5042924815
   0.0073691285   0.0226798454  -1.3840943169
      
      
#  type   0  conf  1.0000
   0.0073691285   0.0226798454  -1.3840943169
  -0.0964451884  -0.2968277685  -1.5364641029
      
      
#  type   0  conf  1.0000
  -0.0964451884  -0.2968277685  -1.5364641029
  -0.7606385831  -2.3410048449  -2.8670888997
      
      
#  type   0  conf  1.0000
  -0.7606385831  -2.3410048449  -2.8670888997
  -0.9816735848  -3.0212806307  -3.7717174961
      
      
#  type   0  conf  1.0000
  -0.9816735848  -3.0212806307  -3.7717174961
  -0.9871348541  -3.0380886894  -3.9607951249
      
      
#  type   0  conf  1.0000
  -0.9871348541  -3.0380886894  -3.9607951249
  -0.8187274603  -2.5197840259  -4.3690323815
      
      
#  type   0  conf  1.0000
  -0.8187274603  -2.5197840259  -4.3690323815
  -0.8092812210  -2.4907114907  -4.3851426891
      
      
#  type   0  conf  1.0000
  -0.8092812210  -2.4907114907  -4.3851426891
  -0.6604908123  -2.0327816996  -4.5864347089
      
      
#  41  norm     0.9486001946   -0.3164769672    0.0000000000
# nedges  16 
#  type   0  conf  1.0000
   0.6697056732   2.0073591376  -4.5900901277
   0.8412046905   2.5214060291  -4.3523476646
      
      
#  type   0  conf  1.0000
   0.8412046905   2.5214060291  -4.3523476646
   1.0150563598   3.0425047012  -3.9454936133
      
      
#  type   0  conf  1.0000
   1.0150563598   3.0425047012  -3.9454936133
   1.0145879771   3.0411007824  -3.8025641052
      
      
#  type   0  conf  1.0000
   1.0145879771   3.0411007824  -3.8025641052
   1.0019952174   3.0033555575  -3.7138976569
      
      
#  type   0  conf  1.0000
   1.0019952174   3.0033555575  -3.7138976569
   0.8339959464   2.4997987186  -2.9246425458
      
      
#  type   0  conf  1.0000
   0.8339959464   2.4997987186  -2.9246425458
   0.8253921961   2.4740100516  -2.8990269131
      
      
#  type   0  conf  1.0000
   0.8253921961   2.4740100516  -2.8990269131
   0.6973871551   2.0903309234  -2.6222702811
      
      
#  type   0  conf  1.0000
   0.6973871551   2.0903309234  -2.6222702811
   0.0982353678   0.2944482496  -1.5068260959
      
      
#  type   0  conf  1.0000
   0.0982353678   0.2944482496  -1.5068260959
   0.0075510064   0.0226331989  -1.3834592207
      
      
#  type   0  conf  1.0000
   0.0075510064   0.0226331989  -1.3834592207
  -0.0975808095  -0.2924862927  -1.5342440986
      
      
#  type   0  conf  1.0000
  -0.0975808095  -0.2924862927  -1.5342440986
  -0.7792102526  -2.3355854421  -2.8678774373
      
      
#  type   0  conf  1.0000
  -0.7792102526  -2.3355854421  -2.8678774373
  -1.0019237550  -3.0031413579  -3.7566000814
      
      
#  type   0  conf  1.0000
  -1.0019237550  -3.0031413579  -3.7566000814
  -1.0089319487  -3.0241475436  -3.8259065678
      
      
#  type   0  conf  1.0000
  -1.0089319487  -3.0241475436  -3.8259065678
  -1.0107352230  -3.0295526332  -3.9629429573
      
      
#  type   0  conf  1.0000
  -1.0107352230  -3.0295526332  -3.9629429573
  -0.8357463502  -2.5050453357  -4.3768487423
      
      
#  type   0  conf  1.0000
  -0.8357463502  -2.5050453357  -4.3768487423
  -0.6775697408  -2.0309306983  -4.5865594271
      
      
#  42  norm     0.9460853588   -0.3239174182    0.0000000000
# nedges  16 
#  type   0  conf  1.0000
   0.6859315082   2.0034419905  -4.5898962075
   0.8607972604   2.5141830578  -4.3521570350
      
      
#  type   0  conf  1.0000
   0.8607972604   2.5141830578  -4.3521570350
   1.0395473800   3.0362694340  -3.9425196790
      
      
#  type   0  conf  1.0000
   1.0395473800   3.0362694340  -3.9425196790
   1.0384735687   3.0331330878  -3.8003200594
      
      
#  type   0  conf  1.0000
   1.0384735687   3.0331330878  -3.8003200594
   1.0235884882   2.9896573255  -3.7036610902
      
      
#  type   0  conf  1.0000
   1.0235884882   2.9896573255  -3.7036610902
   0.8491293391   2.4801038485  -2.9095441574
      
      
#  type   0  conf  1.0000
   0.8491293391   2.4801038485  -2.9095441574
   0.7120755991   2.0798026313  -2.6225167676
      
      
#  type   0  conf  1.0000
   0.7120755991   2.0798026313  -2.6225167676
   0.0973449015   0.2843211909  -1.5025332452
      
      
#  type   0  conf  1.0000
   0.0973449015   0.2843211909  -1.5025332452
   0.0066138024   0.0193173362  -1.3844521547
      
      
#  type   0  conf  1.0000
   0.0066138024   0.0193173362  -1.3844521547
  -0.0994008889  -0.2903262385  -1.5333280299
      
      
#  type   0  conf  1.0000
  -0.0994008889  -0.2903262385  -1.5333280299
  -0.7978071633  -2.3302040395  -2.8688965645
      
      
#  type   0  conf  1.0000
  -0.7978071633  -2.3302040395  -2.8688965645
  -1.0264396978  -2.9979850272  -3.7595483197
      
      
#  type   0  conf  1.0000
  -1.0264396978  -2.9979850272  -3.7595483197
  -1.0336230565  -3.0189659011  -3.8262399237
      
      
#  type   0  conf  1.0000
  -1.0336230565  -3.0189659011  -3.8262399237
  -1.0357727877  -3.0252447522  -3.9595588268
      
      
#  type   0  conf  1.0000
  -1.0357727877  -3.0252447522  -3.9595588268
  -0.8582863819  -2.5068493819  -4.3719164127
      
      
#  type   0  conf  1.0000
  -0.8582863819  -2.5068493819  -4.3719164127
  -0.8495200007  -2.4812448776  -4.3853297536
      
      
#  type   0  conf  1.0000
  -0.8495200007  -2.4812448776  -4.3853297536
  -0.6947254607  -2.0291270239  -4.5865183814
      
      
#  43  norm     0.9435121640   -0.3313378885    0.0000000000
# nedges  16 
#  type   0  conf  1.0000
   0.7025671133   2.0006182224  -4.5893376281
   0.8804841548   2.5072517789  -4.3516682681
      
      
#  type   0  conf  1.0000
   0.8804841548   2.5072517789  -4.3516682681
   1.0633700038   3.0280344278  -3.9405968322
      
      
#  type   0  conf  1.0000
   1.0633700038   3.0280344278  -3.9405968322
   1.0624291128   3.0253551624  -3.8047653194
      
      
#  type   0  conf  1.0000
   1.0624291128   3.0253551624  -3.8047653194
   1.0461827842   2.9790923919  -3.7029600156
      
      
#  type   0  conf  1.0000
   1.0461827842   2.9790923919  -3.7029600156
   0.8677012757   2.4708514688  -2.9096331903
      
      
#  type   0  conf  1.0000
   0.8677012757   2.4708514688  -2.9096331903
   0.7266483974   2.0691916796  -2.6230691985
      
      
#  type   0  conf  1.0000
   0.7266483974   2.0691916796  -2.6230691985
   0.0994449659   0.2831778021  -1.5039785457
      
      
#  type   0  conf  1.0000
   0.0994449659   0.2831778021  -1.5039785457
   0.0062633574   0.0178354304  -1.3843485357
      
      
#  type   0  conf  1.0000
   0.0062633574   0.0178354304  -1.3843485357
  -0.1017549363  -0.2897556347  -1.5335296226
      
      
#  type   0  conf  1.0000
  -0.1017549363  -0.2897556347  -1.5335296226
  -0.8163818449  -2.3247151261  -2.8700807959
      
      
#  type   0  conf  1.0000
  -0.8163818449  -2.3247151261  -2.8700807959
  -1.0498810292  -2.9896234518  -3.7586989596
      
      
#  type   0  conf  1.0000
  -1.0498810292  -2.9896234518  -3.7586989596
  -1.0581546404  -3.0131832472  -3.8255804255
      
      
#  type   0  conf  1.0000
  -1.0581546404  -3.0131832472  -3.8255804255
  -1.0605904149  -3.0201193174  -3.9578359232
      
      
#  type   0  conf  1.0000
  -1.0605904149  -3.0201193174  -3.9578359232
  -0.8898841405  -2.5340190191  -4.3462229552
      
      
#  type   0  conf  1.0000
  -0.8898841405  -2.5340190191  -4.3462229552
  -0.8734107918  -2.4871097901  -4.3808279558
      
      
#  type   0  conf  1.0000
  -0.8734107918  -2.4871097901  -4.3808279558
  -0.7119083061  -2.0272180449  -4.5861357420
      
      
#  44  norm     0.9408807690   -0.3387379202    0.0000000000
# nedges  17 
#  type   0  conf  1.0000
   0.7263477099   2.0175083774  -4.5791990649
   0.8945562627   2.4847256064  -4.3581953603
      
      
#  type   0  conf  1.0000
   0.8945562627   2.4847256064  -4.3581953603
   0.9057123650   2.5157128726  -4.3385944101
      
      
#  type   0  conf  1.0000
   0.9057123650   2.5157128726  -4.3385944101
   1.0873351207   3.0201894839  -3.9374525354
      
      
#  type   0  conf  1.0000
   1.0873351207   3.0201894839  -3.9374525354
   1.0859457252   3.0163302892  -3.8033872898
      
      
#  type   0  conf  1.0000
   1.0859457252   3.0163302892  -3.8033872898
   1.0684042764   2.9676070408  -3.7014129520
      
      
#  type   0  conf  1.0000
   1.0684042764   2.9676070408  -3.7014129520
   0.8861414989   2.4613527010  -2.9094350891
      
      
#  type   0  conf  1.0000
   0.8861414989   2.4613527010  -2.9094350891
   0.7395109622   2.0540707171  -2.6208323599
      
      
#  type   0  conf  1.0000
   0.7395109622   2.0540707171  -2.6208323599
   0.1022294747   0.2839532895  -1.5066452451
      
      
#  type   0  conf  1.0000
   0.1022294747   0.2839532895  -1.5066452451
   0.0065388645   0.0181623949  -1.3834095526
      
      
#  type   0  conf  1.0000
   0.0065388645   0.0181623949  -1.3834095526
  -0.1038615061  -0.2884864312  -1.5331457340
      
      
#  type   0  conf  1.0000
  -0.1038615061  -0.2884864312  -1.5331457340
  -0.8348874574  -2.3189891239  -2.8709906005
      
      
#  type   0  conf  1.0000
  -0.8348874574  -2.3189891239  -2.8709906005
  -1.0805924617  -3.0014610278  -3.7860168977
      
      
#  type   0  conf  1.0000
  -1.0805924617  -3.0014610278  -3.7860168977
  -1.0853042272  -3.0145484601  -3.9333196633
      
      
#  type   0  conf  1.0000
  -1.0853042272  -3.0145484601  -3.9333196633
  -1.0817850147  -3.0047734713  -3.9642491880
      
      
#  type   0  conf  1.0000
  -1.0817850147  -3.0047734713  -3.9642491880
  -0.9016809954  -2.5045153129  -4.3653818446
      
      
#  type   0  conf  1.0000
  -0.9016809954  -2.5045153129  -4.3653818446
  -0.8928300320  -2.4799308161  -4.3811808400
      
      
#  type   0  conf  1.0000
  -0.8928300320  -2.4799308161  -4.3811808400
  -0.7297659613  -2.0270029358  -4.5863206367
      
      
#  45  norm     0.9381913359   -0.3461170571    0.0000000000
# nedges  15 
#  type   0  conf  1.0000
   0.7422218926   2.0118804743  -4.5794006528
   0.9184410579   2.4895434231  -4.3520883792
      
      
#  type   0  conf  1.0000
   0.9184410579   2.4895434231  -4.3520883792
   1.1107796266   3.0108999268  -3.9375790253
      
      
#  type   0  conf  1.0000
   1.1107796266   3.0108999268  -3.9375790253
   1.1096840679   3.0079302848  -3.7871239061
      
      
#  type   0  conf  1.0000
   1.1096840679   3.0079302848  -3.7871239061
   0.9111515275   2.4697842865  -2.9356826385
      
      
#  type   0  conf  1.0000
   0.9111515275   2.4697842865  -2.9356826385
   0.8982336033   2.4347687207  -2.8975954921
      
      
#  type   0  conf  1.0000
   0.8982336033   2.4347687207  -2.8975954921
   0.7543850782   2.0448502315  -2.6226137980
      
      
#  type   0  conf  1.0000
   0.7543850782   2.0448502315  -2.6226137980
   0.1039501907   0.2817693215  -1.5074452167
      
      
#  type   0  conf  1.0000
   0.1039501907   0.2817693215  -1.5074452167
   0.0061766429   0.0167425232  -1.3834486637
      
      
#  type   0  conf  1.0000
   0.0061766429   0.0167425232  -1.3834486637
  -0.1051513385  -0.2850251749  -1.5315656260
      
      
#  type   0  conf  1.0000
  -0.1051513385  -0.2850251749  -1.5315656260
  -0.8528906014  -2.3118611360  -2.8711347677
      
      
#  type   0  conf  1.0000
  -0.8528906014  -2.3118611360  -2.8711347677
  -1.1046922020  -2.9943992404  -3.7878722005
      
      
#  type   0  conf  1.0000
  -1.1046922020  -2.9943992404  -3.7878722005
  -1.1109203603  -3.0112814022  -3.9517936385
      
      
#  type   0  conf  1.0000
  -1.1109203603  -3.0112814022  -3.9517936385
  -0.9260518397  -2.5101733498  -4.3565426709
      
      
#  type   0  conf  1.0000
  -0.9260518397  -2.5101733498  -4.3565426709
  -0.9124046842  -2.4731811161  -4.3818036929
      
      
#  type   0  conf  1.0000
  -0.9124046842  -2.4731811161  -4.3818036929
  -0.7465224568  -2.0235376636  -4.5861291551
      
      
#  46  norm     0.9354440308   -0.3534748438   -0.0000000000
# nedges  17 
#  type   0  conf  1.0000
   0.7501035638   1.9850914814  -4.5895973864
   0.9323293217   2.4673379567  -4.3583980663
      
      
#  type   0  conf  1.0000
   0.9323293217   2.4673379567  -4.3583980663
   0.9451133597   2.5011699314  -4.3362657419
      
      
#  type   0  conf  1.0000
   0.9451133597   2.5011699314  -4.3362657419
   1.1346792924   3.0028416157  -3.9344118768
      
      
#  type   0  conf  1.0000
   1.1346792924   3.0028416157  -3.9344118768
   1.1329428669   2.9982462988  -3.7893801266
      
      
#  type   0  conf  1.0000
   1.1329428669   2.9982462988  -3.7893801266
   0.9294247842   2.4596513212  -2.9355660245
      
      
#  type   0  conf  1.0000
   0.9294247842   2.4596513212  -2.9355660245
   0.9171664768   2.4272106520  -2.8995871422
      
      
#  type   0  conf  1.0000
   0.9171664768   2.4272106520  -2.8995871422
   0.7677329903   2.0317464048  -2.6220492938
      
      
#  type   0  conf  1.0000
   0.7677329903   2.0317464048  -2.6220492938
   0.1053533131   0.2788094530  -1.5077222118
      
      
#  type   0  conf  1.0000
   0.1053533131   0.2788094530  -1.5077222118
   0.0057029311   0.0150923691  -1.3834557262
      
      
#  type   0  conf  1.0000
   0.0057029311   0.0150923691  -1.3834557262
  -0.1075643543  -0.2846608038  -1.5318050475
      
      
#  type   0  conf  1.0000
  -0.1075643543  -0.2846608038  -1.5318050475
  -0.8676243575  -2.2961012375  -2.8657075314
      
      
#  type   0  conf  1.0000
  -0.8676243575  -2.2961012375  -2.8657075314
  -0.8768160514  -2.3204263495  -2.8916323058
      
      
#  type   0  conf  1.0000
  -0.8768160514  -2.3204263495  -2.8916323058
  -1.1209090773  -2.9663997989  -3.7642065330
      
      
#  type   0  conf  1.0000
  -1.1209090773  -2.9663997989  -3.7642065330
  -1.1328438694  -2.9979843097  -3.8429079382
      
      
#  type   0  conf  1.0000
  -1.1328438694  -2.9979843097  -3.8429079382
  -1.1337359164  -3.0003450435  -3.9555883301
      
      
#  type   0  conf  1.0000
  -1.1337359164  -3.0003450435  -3.9555883301
  -0.9367172757  -2.4789503399  -4.3763225023
      
      
#  type   0  conf  1.0000
  -0.9367172757  -2.4789503399  -4.3763225023
  -0.7638405211  -2.0214452840  -4.5863728858
      
      
#  47  norm     0.9326390231   -0.3608108265    0.0000000000
# nedges  15 
#  type   0  conf  1.0000
   0.7659812985   1.9799407267  -4.5898108819
   0.9512878505   2.4589289081  -4.3578712073
      
      
#  type   0  conf  1.0000
   0.9512878505   2.4589289081  -4.3578712073
   0.9646665134   2.4935106395  -4.3352581021
      
      
#  type   0  conf  1.0000
   0.9646665134   2.4935106395  -4.3352581021
   1.1584401699   2.9943849494  -3.9326818318
      
      
#  type   0  conf  1.0000
   1.1584401699   2.9943849494  -3.9326818318
   1.1559593849   2.9879725119  -3.7901349989
      
      
#  type   0  conf  1.0000
   1.1559593849   2.9879725119  -3.7901349989
   0.9412180741   2.4329001259  -2.9101994193
      
      
#  type   0  conf  1.0000
   0.9412180741   2.4329001259  -2.9101994193
   0.7818127035   2.0208624091  -2.6227237837
      
      
#  type   0  conf  1.0000
   0.7818127035   2.0208624091  -2.6227237837
   0.1064294361   0.2751032898  -1.5073208795
      
      
#  type   0  conf  1.0000
   0.1064294361   0.2751032898  -1.5073208795
   0.0050383502   0.0130233398  -1.3833637130
      
      
#  type   0  conf  1.0000
   0.0050383502   0.0130233398  -1.3833637130
  -0.1101569732  -0.2847383846  -1.5324426186
      
      
#  type   0  conf  1.0000
  -0.1101569732  -0.2847383846  -1.5324426186
  -0.8886611782  -2.2970488476  -2.8714599505
      
      
#  type   0  conf  1.0000
  -0.8886611782  -2.2970488476  -2.8714599505
  -1.1475687854  -2.9662841368  -3.7741423487
      
      
#  type   0  conf  1.0000
  -1.1475687854  -2.9662841368  -3.7741423487
  -1.1569552123  -2.9905465684  -3.8374299610
      
      
#  type   0  conf  1.0000
  -1.1569552123  -2.9905465684  -3.8374299610
  -1.1584031358  -2.9942892222  -3.9537053025
      
      
#  type   0  conf  1.0000
  -1.1584031358  -2.9942892222  -3.9537053025
  -0.9566647009  -2.4728272176  -4.3763123326
      
      
#  type   0  conf  1.0000
  -0.9566647009  -2.4728272176  -4.3763123326
  -0.7806037145  -2.0177373635  -4.5860863323
      
      
#  48  norm     0.9297764859   -0.3681245527   -0.0000000000
# nedges  15 
#  type   0  conf  1.0000
   0.7848091864   1.9822017362  -4.5860385917
   0.9756317124   2.4641644206  -4.3510034680
      
      
#  type   0  conf  1.0000
   0.9756317124   2.4641644206  -4.3510034680
   1.1812604661   2.9835233676  -3.9334366206
      
      
#  type   0  conf  1.0000
   1.1812604661   2.9835233676  -3.9334366206
   1.1803258573   2.9811628151  -3.7994535218
      
      
#  type   0  conf  1.0000
   1.1803258573   2.9811628151  -3.7994535218
   0.9623444389   2.4306045986  -2.9225142581
      
      
#  type   0  conf  1.0000
   0.9623444389   2.4306045986  -2.9225142581
   0.9502541750   2.4000680777  -2.8944629758
      
      
#  type   0  conf  1.0000
   0.9502541750   2.4000680777  -2.8944629758
   0.7929100133   2.0026620893  -2.6188171183
      
      
#  type   0  conf  1.0000
   0.7929100133   2.0026620893  -2.6188171183
   0.1079849662   0.2727388914  -1.5081181807
      
      
#  type   0  conf  1.0000
   0.1079849662   0.2727388914  -1.5081181807
   0.0046191907   0.0116667440  -1.3833119706
      
      
#  type   0  conf  1.0000
   0.0046191907   0.0116667440  -1.3833119706
  -0.1121174788  -0.2831764267  -1.5320585838
      
      
#  type   0  conf  1.0000
  -0.1121174788  -0.2831764267  -1.5320585838
  -0.9066527540  -2.2899434590  -2.8719740834
      
      
#  type   0  conf  1.0000
  -0.9066527540  -2.2899434590  -2.8719740834
  -1.1599762241  -2.9297655086  -3.7388197306
      
      
#  type   0  conf  1.0000
  -1.1599762241  -2.9297655086  -3.7388197306
  -1.1802513701  -2.9809746819  -3.8250960468
      
      
#  type   0  conf  1.0000
  -1.1802513701  -2.9809746819  -3.8250960468
  -1.1837531254  -2.9898191063  -3.9501168978
      
      
#  type   0  conf  1.0000
  -1.1837531254  -2.9898191063  -3.9501168978
  -0.9771643306  -2.4680353722  -4.3748927212
      
      
#  type   0  conf  1.0000
  -0.9771643306  -2.4680353722  -4.3748927212
  -0.7978391371  -2.0151116348  -4.5863615844
      
      
#  49  norm     0.9268565956   -0.3754155712   -0.0000000000
# nedges  15 
#  type   0  conf  1.0000
   0.7970550076   1.9678344414  -4.5900327618
   0.9942609987   2.4547126840  -4.3508323130
      
      
#  type   0  conf  1.0000
   0.9942609987   2.4547126840  -4.3508323130
   1.2045493297   2.9738896747  -3.9324182023
      
      
#  type   0  conf  1.0000
   1.2045493297   2.9738896747  -3.9324182023
   1.2036870928   2.9717609139  -3.8033938905
      
      
#  type   0  conf  1.0000
   1.2036870928   2.9717609139  -3.8033938905
   0.9770041793   2.4121076401  -2.9102423617
      
      
#  type   0  conf  1.0000
   0.9770041793   2.4121076401  -2.9102423617
   0.8075705224   1.9937960025  -2.6211536308
      
      
#  type   0  conf  1.0000
   0.8075705224   1.9937960025  -2.6211536308
   0.1087327243   0.2684482223  -1.5074860055
      
      
#  type   0  conf  1.0000
   0.1087327243   0.2684482223  -1.5074860055
   0.0051076556   0.0126101970  -1.3842124283
      
      
#  type   0  conf  1.0000
   0.0051076556   0.0126101970  -1.3842124283
  -0.1071823135  -0.2646204414  -1.5221422761
      
      
#  type   0  conf  1.0000
  -0.1071823135  -0.2646204414  -1.5221422761
  -0.1215327449  -0.3000499576  -1.5439431086
      
      
#  type   0  conf  1.0000
  -0.1215327449  -0.3000499576  -1.5439431086
  -0.9214863768  -2.2750407591  -2.8673675279
      
      
#  type   0  conf  1.0000
  -0.9214863768  -2.2750407591  -2.8673675279
  -0.9326472609  -2.3025956604  -2.8991796246
      
      
#  type   0  conf  1.0000
  -0.9326472609  -2.3025956604  -2.8991796246
  -1.2049190736  -2.9748025287  -3.8153095021
      
      
#  type   0  conf  1.0000
  -1.2049190736  -2.9748025287  -3.8153095021
  -1.2079082896  -2.9821825491  -3.9511569825
      
      
#  type   0  conf  1.0000
  -1.2079082896  -2.9821825491  -3.9511569825
  -0.9953437623  -2.4573858990  -4.3767403534
      
      
#  type   0  conf  1.0000
  -0.9953437623  -2.4573858990  -4.3767403534
  -0.8147056351  -2.0114117508  -4.5862509898
      
      
#  50  norm     0.9238795325   -0.3826834324    0.0000000000
# nedges  14 
#  type   0  conf  1.0000
   0.8157539643   1.9694042842  -4.5862321804
   1.0130128717   2.4456294137  -4.3503606643
      
      
#  type   0  conf  1.0000
   1.0130128717   2.4456294137  -4.3503606643
   1.2277752084   2.9641115598  -3.9314680015
      
      
#  type   0  conf  1.0000
   1.2277752084   2.9641115598  -3.9314680015
   1.2270507870   2.9623626517  -3.8079222895
      
      
#  type   0  conf  1.0000
   1.2270507870   2.9623626517  -3.8079222895
   0.9944936771   2.4009201229  -2.9100097213
      
      
#  type   0  conf  1.0000
   0.9944936771   2.4009201229  -2.9100097213
   0.8211980366   1.9825474373  -2.6219306590
      
      
#  type   0  conf  1.0000
   0.8211980366   1.9825474373  -2.6219306590
   0.1082435680   0.2613230899  -1.5046818331
      
      
#  type   0  conf  1.0000
   0.1082435680   0.2613230899  -1.5046818331
   0.0027191217   0.0065645404  -1.3844105091
      
      
#  type   0  conf  1.0000
   0.0027191217   0.0065645404  -1.3844105091
  -0.1166621457  -0.2816473342  -1.5321825118
      
      
#  type   0  conf  1.0000
  -0.1166621457  -0.2816473342  -1.5321825118
  -0.9422206351  -2.2747218360  -2.8728515398
      
      
#  type   0  conf  1.0000
  -0.9422206351  -2.2747218360  -2.8728515398
  -1.2285043112  -2.9658717696  -3.8159365241
      
      
#  type   0  conf  1.0000
  -1.2285043112  -2.9658717696  -3.8159365241
  -1.2328612503  -2.9763903509  -3.9471945125
      
      
#  type   0  conf  1.0000
  -1.2328612503  -2.9763903509  -3.9471945125
  -1.0236120936  -2.4712181990  -4.3604657144
      
      
#  type   0  conf  1.0000
  -1.0236120936  -2.4712181990  -4.3604657144
  -1.0037013543  -2.4231494220  -4.3898029016
      
      
#  type   0  conf  1.0000
  -1.0037013543  -2.4231494220  -4.3898029016
  -0.8313733305  -2.0071127699  -4.5860827317
      
      
#  51  norm     0.9208454801   -0.3899276878    0.0000000000
# nedges  13 
#  type   0  conf  1.0000
   0.8283922990   1.9563147942  -4.5894503199
   1.0309839411   2.4347511910  -4.3507423794
      
      
#  type   0  conf  1.0000
   1.0309839411   2.4347511910  -4.3507423794
   1.2512295376   2.9548788158  -3.9299949011
      
      
#  type   0  conf  1.0000
   1.2512295376   2.9548788158  -3.9299949011
   1.2499822686   2.9519332901  -3.8113273086
      
      
#  type   0  conf  1.0000
   1.2499822686   2.9519332901  -3.8113273086
   1.0118817849   2.3896399185  -2.9100398908
      
      
#  type   0  conf  1.0000
   1.0118817849   2.3896399185  -2.9100398908
   0.8318000531   1.9643624787  -2.6183745511
      
      
#  type   0  conf  1.0000
   0.8318000531   1.9643624787  -2.6183745511
   0.1117578058   0.2639250137  -1.5086746387
      
      
#  type   0  conf  1.0000
   0.1117578058   0.2639250137  -1.5086746387
   0.0030080417   0.0071037315  -1.3833426725
      
      
#  type   0  conf  1.0000
   0.0030080417   0.0071037315  -1.3833426725
  -0.1185761266  -0.2800270246  -1.5318400501
      
      
#  type   0  conf  1.0000
  -0.1185761266  -0.2800270246  -1.5318400501
  -0.9592203466  -2.2652757121  -2.8721869747
      
      
#  type   0  conf  1.0000
  -0.9592203466  -2.2652757121  -2.8721869747
  -1.2528633718  -2.9587372461  -3.8195920998
      
      
#  type   0  conf  1.0000
  -1.2528633718  -2.9587372461  -3.8195920998
  -1.2569424503  -2.9683703170  -3.9482118955
      
      
#  type   0  conf  1.0000
  -1.2569424503  -2.9683703170  -3.9482118955
  -1.0353368278  -2.4450308818  -4.3756163922
      
      
#  type   0  conf  1.0000
  -1.0353368278  -2.4450308818  -4.3756163922
  -0.8483139300  -2.0033613222  -4.5860270148
      
      
#  52  norm     0.9177546257   -0.3971478906    0.0000000000
# nedges  12 
#  type   0  conf  1.0000
   0.8434769420   1.9491602081  -4.5896085959
   1.0488405775   2.4237275692  -4.3509300276
      
      
#  type   0  conf  1.0000
   1.0488405775   2.4237275692  -4.3509300276
   1.2739868136   2.9440098231  -3.9302194316
      
      
#  type   0  conf  1.0000
   1.2739868136   2.9440098231  -3.9302194316
   1.2733194153   2.9424675566  -3.8157455609
      
      
#  type   0  conf  1.0000
   1.2733194153   2.9424675566  -3.8157455609
   1.0255758706   2.3699660036  -2.8970775076
      
      
#  type   0  conf  1.0000
   1.0255758706   2.3699660036  -2.8970775076
   0.1157585744   0.2675022823  -1.5116310137
      
      
#  type   0  conf  1.0000
   0.1157585744   0.2675022823  -1.5116310137
   0.0018951145   0.0043793511  -1.3839890050
      
      
#  type   0  conf  1.0000
   0.0018951145   0.0043793511  -1.3839890050
  -0.1205097087  -0.2784815058  -1.5313533719
      
      
#  type   0  conf  1.0000
  -0.1205097087  -0.2784815058  -1.5313533719
  -0.9766575682  -2.2569224766  -2.8724571072
      
      
#  type   0  conf  1.0000
  -0.9766575682  -2.2569224766  -2.8724571072
  -1.2776142513  -2.9523923369  -3.8249617734
      
      
#  type   0  conf  1.0000
  -1.2776142513  -2.9523923369  -3.8249617734
  -1.2807537843  -2.9596473696  -3.9491685693
      
      
#  type   0  conf  1.0000
  -1.2807537843  -2.9596473696  -3.9491685693
  -1.0550276882  -2.4380251384  -4.3749140201
      
      
#  type   0  conf  1.0000
  -1.0550276882  -2.4380251384  -4.3749140201
  -0.8650545033  -1.9990230103  -4.5867440789
      
      
#  53  norm     0.9146071598   -0.4043435955    0.0000000000
# nedges  13 
#  type   0  conf  1.0000
   0.8587415754   1.9424351022  -4.5896386149
   1.0666337589   2.4126779392  -4.3508203643
      
      
#  type   0  conf  1.0000
   1.0666337589   2.4126779392  -4.3508203643
   1.2965583310   2.9327570556  -3.9308801404
      
      
#  type   0  conf  1.0000
   1.2965583310   2.9327570556  -3.9308801404
   1.2961028550   2.9317267890  -3.8174028886
      
      
#  type   0  conf  1.0000
   1.2961028550   2.9317267890  -3.8174028886
   1.0436798998   2.3607573348  -2.9008635803
      
      
#  type   0  conf  1.0000
   1.0436798998   2.3607573348  -2.9008635803
   0.1980825238   0.4480538249  -1.6336440571
      
      
#  type   0  conf  1.0000
   0.1980825238   0.4480538249  -1.6336440571
   0.1089962414   0.2465446316  -1.5038461743
      
      
#  type   0  conf  1.0000
   0.1089962414   0.2465446316  -1.5038461743
   0.0017071824   0.0038615703  -1.3831672426
      
      
#  type   0  conf  1.0000
   0.0017071824   0.0038615703  -1.3831672426
  -0.1237941834  -0.2800169156  -1.5329303260
      
      
#  type   0  conf  1.0000
  -0.1237941834  -0.2800169156  -1.5329303260
  -0.9939015493  -2.2481609284  -2.8729480660
      
      
#  type   0  conf  1.0000
  -0.9939015493  -2.2481609284  -2.8729480660
  -1.3019577489  -2.9449702977  -3.8286167691
      
      
#  type   0  conf  1.0000
  -1.3019577489  -2.9449702977  -3.8286167691
  -1.3045240513  -2.9507751592  -3.9502370259
      
      
#  type   0  conf  1.0000
  -1.3045240513  -2.9507751592  -3.9502370259
  -1.0739233227  -2.4291666071  -4.3751186191
      
      
#  type   0  conf  1.0000
  -1.0739233227  -2.4291666071  -4.3751186191
  -0.8815701170  -1.9940722440  -4.5869108628
      
      
#  54  norm     0.9114032766   -0.4115143586    0.0000000000
# nedges  12 
#  type   0  conf  1.0000
   0.8826407134   1.9548324900  -4.5796456034
   1.0837710146   2.4002867291  -4.3514730583
      
      
#  type   0  conf  1.0000
   1.0837710146   2.4002867291  -4.3514730583
   1.3194041212   2.9221562119  -3.9309663035
      
      
#  type   0  conf  1.0000
   1.3194041212   2.9221562119  -3.9309663035
   1.3188679655   2.9209687587  -3.8177243900
      
      
#  type   0  conf  1.0000
   1.3188679655   2.9209687587  -3.8177243900
   1.0600794398   2.3478157073  -2.9010719858
      
      
#  type   0  conf  1.0000
   1.0600794398   2.3478157073  -2.9010719858
   0.1185596373   0.2625804899  -1.5138725044
      
      
#  type   0  conf  1.0000
   0.1185596373   0.2625804899  -1.5138725044
   0.0011967781   0.0026505698  -1.3832987055
      
      
#  type   0  conf  1.0000
   0.0011967781   0.0026505698  -1.3832987055
  -0.1253432795  -0.2776045919  -1.5318042620
      
      
#  type   0  conf  1.0000
  -0.1253432795  -0.2776045919  -1.5318042620
  -1.0110634223  -2.2392572621  -2.8736929556
      
      
#  type   0  conf  1.0000
  -1.0110634223  -2.2392572621  -2.8736929556
  -1.3256802712  -2.9360563433  -3.8291284075
      
      
#  type   0  conf  1.0000
  -1.3256802712  -2.9360563433  -3.8291284075
  -1.3286914123  -2.9427252816  -3.9509145614
      
      
#  type   0  conf  1.0000
  -1.3286914123  -2.9427252816  -3.9509145614
  -1.0926097094  -2.4198622684  -4.3756263069
      
      
#  type   0  conf  1.0000
  -1.0926097094  -2.4198622684  -4.3756263069
  -0.8984921732  -1.9899395818  -4.5865050541
      
      
#  55  norm     0.9081431738   -0.4186597375    0.0000000000
# nedges  12 
#  type   0  conf  1.0000
   0.8890917921   1.9285891847  -4.5894685804
   1.1012888707   2.3888802307  -4.3515010582
      
      
#  type   0  conf  1.0000
   1.1012888707   2.3888802307  -4.3515010582
   1.3421776200   2.9114083213  -3.9312425009
      
      
#  type   0  conf  1.0000
   1.3421776200   2.9114083213  -3.9312425009
   1.3416113298   2.9101799429  -3.8171474921
      
      
#  type   0  conf  1.0000
   1.3416113298   2.9101799429  -3.8171474921
   1.0766161432   2.3353609473  -2.9018048394
      
      
#  type   0  conf  1.0000
   1.0766161432   2.3353609473  -2.9018048394
   0.1189468410   0.2580156438  -1.5133470303
      
      
#  type   0  conf  1.0000
   0.1189468410   0.2580156438  -1.5133470303
   0.0007407964   0.0016069117  -1.3833632113
      
      
#  type   0  conf  1.0000
   0.0007407964   0.0016069117  -1.3833632113
  -0.1264225235  -0.2742316528  -1.5301249360
      
      
#  type   0  conf  1.0000
  -0.1264225235  -0.2742316528  -1.5301249360
  -1.0277057022  -2.2292659992  -2.8735249243
      
      
#  type   0  conf  1.0000
  -1.0277057022  -2.2292659992  -2.8735249243
  -1.3490359352  -2.9262851570  -3.8282110521
      
      
#  type   0  conf  1.0000
  -1.3490359352  -2.9262851570  -3.8282110521
  -1.3531650804  -2.9352419653  -3.9508151047
      
      
#  type   0  conf  1.0000
  -1.3531650804  -2.9352419653  -3.9508151047
  -1.1105681594  -2.4090085637  -4.3768691705
      
      
#  type   0  conf  1.0000
  -1.1105681594  -2.4090085637  -4.3768691705
  -0.9148261042  -1.9844112229  -4.5861319431
      
      
#  56  norm     0.9048270525   -0.4257792916    0.0000000000
# nedges  12 
#  type   0  conf  1.0000
   0.9038687028   1.9208187678  -4.5894473389
   1.1183145782   2.3765394502  -4.3519924914
      
      
#  type   0  conf  1.0000
   1.1183145782   2.3765394502  -4.3519924914
   1.3649280196   2.9006196903  -3.9317779844
      
      
#  type   0  conf  1.0000
   1.3649280196   2.9006196903  -3.9317779844
   1.3640749762   2.8988068808  -3.8152314191
      
      
#  type   0  conf  1.0000
   1.3640749762   2.8988068808  -3.8152314191
   1.0934839657   2.3237717128  -2.9035376202
      
      
#  type   0  conf  1.0000
   1.0934839657   2.3237717128  -2.9035376202
   0.1191782520   0.2532666774  -1.5127193327
      
      
#  type   0  conf  1.0000
   0.1191782520   0.2532666774  -1.5127193327
   0.0009021672   0.0019172030  -1.3842707957
      
      
#  type   0  conf  1.0000
   0.0009021672   0.0019172030  -1.3842707957
  -0.1263390185  -0.2684840809  -1.5270530142
      
      
#  type   0  conf  1.0000
  -0.1263390185  -0.2684840809  -1.5270530142
  -1.0439825594  -2.2185758697  -2.8728947025
      
      
#  type   0  conf  1.0000
  -1.0439825594  -2.2185758697  -2.8728947025
  -1.3734279856  -2.9186830374  -3.8297378670
      
      
#  type   0  conf  1.0000
  -1.3734279856  -2.9186830374  -3.8297378670
  -1.3759624273  -2.9240690003  -3.9542609614
      
      
#  type   0  conf  1.0000
  -1.3759624273  -2.9240690003  -3.9542609614
  -1.1287089405  -2.3986285946  -4.3774874264
      
      
#  type   0  conf  1.0000
  -1.1287089405  -2.3986285946  -4.3774874264
  -0.9313615485  -1.9792440389  -4.5860718118
      
      
#  57  norm     0.9014551171   -0.4328725815    0.0000000000
# nedges  14 
#  type   0  conf  1.0000
   0.9228249489   1.9217786201  -4.5851185516
   1.1356594762   2.3650055232  -4.3515636516
      
      
#  type   0  conf  1.0000
   1.1356594762   2.3650055232  -4.3515636516
   1.3872759864   2.8889957235  -3.9326660848
      
      
#  type   0  conf  1.0000
   1.3872759864   2.8889957235  -3.9326660848
   1.3870013146   2.8884237207  -3.8167053970
      
      
#  type   0  conf  1.0000
   1.3870013146   2.8884237207  -3.8167053970
   1.1179583757   2.3281430646  -2.9288008787
      
      
#  type   0  conf  1.0000
   1.1179583757   2.3281430646  -2.9288008787
   1.1007520087   2.2923108860  -2.8920543919
      
      
#  type   0  conf  1.0000
   1.1007520087   2.2923108860  -2.8920543919
   0.1193478486   0.2485413339  -1.5120562148
      
      
#  type   0  conf  1.0000
   0.1193478486   0.2485413339  -1.5120562148
   0.0003731774   0.0007771402  -1.3845219334
      
      
#  type   0  conf  1.0000
   0.0003731774   0.0007771402  -1.3845219334
  -0.1179985912  -0.2457315117  -1.5151962544
      
      
#  type   0  conf  1.0000
  -0.1179985912  -0.2457315117  -1.5151962544
  -0.1347578373  -0.2806325629  -1.5362053133
      
      
#  type   0  conf  1.0000
  -0.1347578373  -0.2806325629  -1.5362053133
  -1.0603028509  -2.2080757050  -2.8725866523
      
      
#  type   0  conf  1.0000
  -1.0603028509  -2.2080757050  -2.8725866523
  -1.3969118599  -2.9090623847  -3.8284164222
      
      
#  type   0  conf  1.0000
  -1.3969118599  -2.9090623847  -3.8284164222
  -1.3997939510  -2.9150643259  -3.9546729405
      
      
#  type   0  conf  1.0000
  -1.3997939510  -2.9150643259  -3.9546729405
  -1.1472711312  -2.3891867401  -4.3774811144
      
      
#  type   0  conf  1.0000
  -1.1472711312  -2.3891867401  -4.3774811144
  -0.9475793818  -1.9733296103  -4.5861736048
      
      
#  58  norm     0.8980275758   -0.4399391699    0.0000000000
# nedges  12 
#  type   0  conf  1.0000
   0.9378112305   1.9143108946  -4.5847958563
   1.1518430118   2.3512041173  -4.3526204770
      
      
#  type   0  conf  1.0000
   1.1518430118   2.3512041173  -4.3526204770
   1.4103284404   2.8788385239  -3.9326155804
      
      
#  type   0  conf  1.0000
   1.4103284404   2.8788385239  -3.9326155804
   1.4080353729   2.8741577907  -3.8082425418
      
      
#  type   0  conf  1.0000
   1.4080353729   2.8741577907  -3.8082425418
   1.1272356934   2.3009743310  -2.9074520602
      
      
#  type   0  conf  1.0000
   1.1272356934   2.3009743310  -2.9074520602
   0.1194419177   0.2438112883  -1.5114389469
      
      
#  type   0  conf  1.0000
   0.1194419177   0.2438112883  -1.5114389469
  -0.0016000160  -0.0032660391  -1.3830983499
      
      
#  type   0  conf  1.0000
  -0.0016000160  -0.0032660391  -1.3830983499
  -0.1327665448  -0.2710102363  -1.5302930879
      
      
#  type   0  conf  1.0000
  -0.1327665448  -0.2710102363  -1.5302930879
  -1.0763764464  -2.1971576912  -2.8722445889
      
      
#  type   0  conf  1.0000
  -1.0763764464  -2.1971576912  -2.8722445889
  -1.4199672544  -2.8985137913  -3.8252875900
      
      
#  type   0  conf  1.0000
  -1.4199672544  -2.8985137913  -3.8252875900
  -1.4232757061  -2.9052671815  -3.9563315702
      
      
#  type   0  conf  1.0000
  -1.4232757061  -2.9052671815  -3.9563315702
  -1.1652234198  -2.3785169282  -4.3780044575
      
      
#  type   0  conf  1.0000
  -1.1652234198  -2.3785169282  -4.3780044575
  -0.9637971247  -1.9673547044  -4.5861338762
      
      
#  59  norm     0.8945446398   -0.4469786207    0.0000000000
# nedges  12 
#  type   0  conf  1.0000
   0.9478018942   1.8968493455  -4.5895727552
   1.1687005691   2.3389369901  -4.3523347641
      
      
#  type   0  conf  1.0000
   1.1687005691   2.3389369901  -4.3523347641
   1.4324282115   2.8667388535  -3.9340794274
      
      
#  type   0  conf  1.0000
   1.4324282115   2.8667388535  -3.9340794274
   1.4299735862   2.8618263771  -3.8045860541
      
      
#  type   0  conf  1.0000
   1.4299735862   2.8618263771  -3.8045860541
   1.1431082614   2.2877187425  -2.9082220904
      
      
#  type   0  conf  1.0000
   1.1431082614   2.2877187425  -2.9082220904
   0.1200726345   0.2403030629  -1.5118546802
      
      
#  type   0  conf  1.0000
   0.1200726345   0.2403030629  -1.5118546802
  -0.0022498873  -0.0045027312  -1.3833019869
      
      
#  type   0  conf  1.0000
  -0.0022498873  -0.0045027312  -1.3833019869
  -0.1343887989  -0.2689542054  -1.5297451911
      
      
#  type   0  conf  1.0000
  -0.1343887989  -0.2689542054  -1.5297451911
  -1.0925258387  -2.1864874239  -2.8723578731
      
      
#  type   0  conf  1.0000
  -1.0925258387  -2.1864874239  -2.8723578731
  -1.4434297000  -2.8887562881  -3.8233129491
      
      
#  type   0  conf  1.0000
  -1.4434297000  -2.8887562881  -3.8233129491
  -1.4465768283  -2.8950546806  -3.9578111321
      
      
#  type   0  conf  1.0000
  -1.4465768283  -2.8950546806  -3.9578111321
  -1.1843691725  -2.3702947878  -4.3765517702
      
      
#  type   0  conf  1.0000
  -1.1843691725  -2.3702947878  -4.3765517702
  -0.9801029779  -1.9614939614  -4.5869207885
      
      
#  60  norm     0.8910065242   -0.4539904997    0.0000000000
# nedges  13 
#  type   0  conf  1.0000
   0.9619441488   1.8879216922  -4.5901082942
   1.1849293890   2.3255548671  -4.3525332953
      
      
#  type   0  conf  1.0000
   1.1849293890   2.3255548671  -4.3525332953
   1.4543677865   2.8543574967  -3.9351630658
      
      
#  type   0  conf  1.0000
   1.4543677865   2.8543574967  -3.9351630658
   1.4519145811   2.8495428099  -3.8014718845
      
      
#  type   0  conf  1.0000
   1.4519145811   2.8495428099  -3.8014718845
   1.1588397282   2.2743510247  -2.9090654335
      
      
#  type   0  conf  1.0000
   1.1588397282   2.2743510247  -2.9090654335
   0.1192627070   0.2340662416  -1.5103631602
      
      
#  type   0  conf  1.0000
   0.1192627070   0.2340662416  -1.5103631602
  -0.0030867601  -0.0060581078  -1.3833260762
      
      
#  type   0  conf  1.0000
  -0.0030867601  -0.0060581078  -1.3833260762
  -0.1375930479  -0.2700415613  -1.5310998062
      
      
#  type   0  conf  1.0000
  -0.1375930479  -0.2700415613  -1.5310998062
  -1.1083726334  -2.1753037743  -2.8722763027
      
      
#  type   0  conf  1.0000
  -1.1083726334  -2.1753037743  -2.8722763027
  -1.4662437334  -2.8776653548  -3.8198080070
      
      
#  type   0  conf  1.0000
  -1.4662437334  -2.8776653548  -3.8198080070
  -1.4697840680  -2.8846136527  -3.9593382318
      
      
#  type   0  conf  1.0000
  -1.4697840680  -2.8846136527  -3.9593382318
  -1.2081906867  -2.3712077343  -4.3675509206
      
      
#  type   0  conf  1.0000
  -1.2081906867  -2.3712077343  -4.3675509206
  -1.1962287516  -2.3477311149  -4.3820275793
      
      
#  type   0  conf  1.0000
  -1.1962287516  -2.3477311149  -4.3820275793
  -0.9941352727  -1.9511003301  -4.5906261575
      
      
#  61  norm     0.8874134471   -0.4609743745    0.0000000000
# nedges  13 
#  type   0  conf  1.0000
   0.9762063186   1.8792771618  -4.5900807209
   1.2014326246   2.3128562578  -4.3522054734
      
      
#  type   0  conf  1.0000
   1.2014326246   2.3128562578  -4.3522054734
   1.4758294412   2.8410926160  -3.9371001365
      
      
#  type   0  conf  1.0000
   1.4758294412   2.8410926160  -3.9371001365
   1.4744536094   2.8384440271  -3.8018303548
      
      
#  type   0  conf  1.0000
   1.4744536094   2.8384440271  -3.8018303548
   1.1787829206   2.2692537215  -2.9227386786
      
      
#  type   0  conf  1.0000
   1.1787829206   2.2692537215  -2.9227386786
   1.1656230890   2.2439199673  -2.8979678988
      
      
#  type   0  conf  1.0000
   1.1656230890   2.2439199673  -2.8979678988
   0.1198295707   0.2306817434  -1.5108639997
      
      
#  type   0  conf  1.0000
   0.1198295707   0.2306817434  -1.5108639997
  -0.0037163821  -0.0071543400  -1.3834341672
      
      
#  type   0  conf  1.0000
  -0.0037163821  -0.0071543400  -1.3834341672
  -0.1394627950  -0.2684773091  -1.5308406948
      
      
#  type   0  conf  1.0000
  -0.1394627950  -0.2684773091  -1.5308406948
  -1.1241684857  -2.1641164587  -2.8726616141
      
      
#  type   0  conf  1.0000
  -1.1241684857  -2.1641164587  -2.8726616141
  -1.4890165488  -2.8664788789  -3.8160732953
      
      
#  type   0  conf  1.0000
  -1.4890165488  -2.8664788789  -3.8160732953
  -1.4929190875  -2.8739915857  -3.9607342922
      
      
#  type   0  conf  1.0000
  -1.4929190875  -2.8739915857  -3.9607342922
  -1.2197026425  -2.3480275394  -4.3775354618
      
      
#  type   0  conf  1.0000
  -1.2197026425  -2.3480275394  -4.3775354618
  -1.0119634680  -1.9481126047  -4.5863794351
      
      
#  62  norm     0.8837656301   -0.4679298143    0.0000000000
# nedges  13 
#  type   0  conf  1.0000
   0.9900604138   1.8698987300  -4.5901650123
   1.2168977171   2.2983198439  -4.3528811462
      
      
#  type   0  conf  1.0000
   1.2168977171   2.2983198439  -4.3528811462
   1.4977685425   2.8287925226  -3.9376466533
      
      
#  type   0  conf  1.0000
   1.4977685425   2.8287925226  -3.9376466533
   1.4957224346   2.8249280973  -3.7976974108
      
      
#  type   0  conf  1.0000
   1.4957224346   2.8249280973  -3.7976974108
   1.1985725282   2.2637095848  -2.9361958174
      
      
#  type   0  conf  1.0000
   1.1985725282   2.2637095848  -2.9361958174
   1.1838202629   2.2358474041  -2.9027660307
      
      
#  type   0  conf  1.0000
   1.1838202629   2.2358474041  -2.9027660307
   0.1190962665   0.2249337054  -1.5095841774
      
      
#  type   0  conf  1.0000
   0.1190962665   0.2249337054  -1.5095841774
  -0.0047033153  -0.0088830169  -1.3832803015
      
      
#  type   0  conf  1.0000
  -0.0047033153  -0.0088830169  -1.3832803015
  -0.1415702480  -0.2673796702  -1.5309929606
      
      
#  type   0  conf  1.0000
  -0.1415702480  -0.2673796702  -1.5309929606
  -1.1397149760  -2.1525470128  -2.8725798120
      
      
#  type   0  conf  1.0000
  -1.1397149760  -2.1525470128  -2.8725798120
  -1.5114620514  -2.8546550604  -3.8125848684
      
      
#  type   0  conf  1.0000
  -1.5114620514  -2.8546550604  -3.8125848684
  -1.5159305283  -2.8630945447  -3.9621542314
      
      
#  type   0  conf  1.0000
  -1.5159305283  -2.8630945447  -3.9621542314
  -1.2370932043  -2.3364624820  -4.3779257320
      
      
#  type   0  conf  1.0000
  -1.2370932043  -2.3364624820  -4.3779257320
  -1.0278437266  -1.9412589901  -4.5866074998
      
      
#  63  norm     0.8800632983   -0.4748563899   -0.0000000000
# nedges  13 
#  type   0  conf  1.0000
   1.0122341116   1.8759989544  -4.5816428628
   1.2330802052   2.2852985778  -4.3527093405
      
      
#  type   0  conf  1.0000
   1.2330802052   2.2852985778  -4.3527093405
   1.5188710672   2.8149619750  -3.9392488724
      
      
#  type   0  conf  1.0000
   1.5188710672   2.8149619750  -3.9392488724
   1.5179723746   2.8132964055  -3.7981354132
      
      
#  type   0  conf  1.0000
   1.5179723746   2.8132964055  -3.7981354132
   1.2091625631   2.2409714097  -2.9230818722
      
      
#  type   0  conf  1.0000
   1.2091625631   2.2409714097  -2.9230818722
   1.1953107437   2.2152994844  -2.8981810523
      
      
#  type   0  conf  1.0000
   1.1953107437   2.2152994844  -2.8981810523
   0.1182327480   0.2191237275  -1.5081760012
      
      
#  type   0  conf  1.0000
   0.1182327480   0.2191237275  -1.5081760012
  -0.0054013509  -0.0100104595  -1.3833072887
      
      
#  type   0  conf  1.0000
  -0.0054013509  -0.0100104595  -1.3833072887
  -0.1433213406  -0.2656210476  -1.5306378119
      
      
#  type   0  conf  1.0000
  -0.1433213406  -0.2656210476  -1.5306378119
  -1.1552938787  -2.1411352213  -2.8726468796
      
      
#  type   0  conf  1.0000
  -1.1552938787  -2.1411352213  -2.8726468796
  -1.5339854560  -2.8429738521  -3.8101130762
      
      
#  type   0  conf  1.0000
  -1.5339854560  -2.8429738521  -3.8101130762
  -1.5387763941  -2.8518530184  -3.9632001328
      
      
#  type   0  conf  1.0000
  -1.5387763941  -2.8518530184  -3.9632001328
  -1.2546638786  -2.3253001430  -4.3780047243
      
      
#  type   0  conf  1.0000
  -1.2546638786  -2.3253001430  -4.3780047243
  -1.0438587086  -1.9346096160  -4.5863943724
      
      
#  64  norm     0.8763066800   -0.4817536741    0.0000000000
# nedges  12 
#  type   0  conf  1.0000
   1.0183538021   1.8523786893  -4.5897394211
   1.2496891489   2.2731761231  -4.3516653130
      
      
#  type   0  conf  1.0000
   1.2496891489   2.2731761231  -4.3516653130
   1.5416222473   2.8042004577  -3.9382862033
      
      
#  type   0  conf  1.0000
   1.5416222473   2.8042004577  -3.9382862033
   1.5366015769   2.7950678921  -3.7854534556
      
      
#  type   0  conf  1.0000
   1.5366015769   2.7950678921  -3.7854534556
   1.2187887713   2.2169685449  -2.9096803885
      
      
#  type   0  conf  1.0000
   1.2187887713   2.2169685449  -2.9096803885
   0.1187947972   0.2160869340  -1.5086652879
      
      
#  type   0  conf  1.0000
   0.1187947972   0.2160869340  -1.5086652879
  -0.0052561572  -0.0095609145  -1.3842529372
      
      
#  type   0  conf  1.0000
  -0.0052561572  -0.0095609145  -1.3842529372
  -0.1422376339  -0.2587292955  -1.5266414295
      
      
#  type   0  conf  1.0000
  -0.1422376339  -0.2587292955  -1.5266414295
  -1.1706796871  -2.1294584455  -2.8730815568
      
      
#  type   0  conf  1.0000
  -1.1706796871  -2.1294584455  -2.8730815568
  -1.5569049292  -2.8319995529  -3.8090891174
      
      
#  type   0  conf  1.0000
  -1.5569049292  -2.8319995529  -3.8090891174
  -1.5603010775  -2.8381771238  -3.9664732580
      
      
#  type   0  conf  1.0000
  -1.5603010775  -2.8381771238  -3.9664732580
  -1.2717920101  -2.3133810783  -4.3781941281
      
      
#  type   0  conf  1.0000
  -1.2717920101  -2.3133810783  -4.3781941281
  -1.0595286063  -1.9272753801  -4.5861204585
      
      
#  65  norm     0.8724960071   -0.4886212415    0.0000000000
# nedges  16 
#  type   0  conf  1.0000
   1.0318054386   1.8424211819  -4.5898680386
   1.2593795755   2.2487840431  -4.3577440311
      
      
#  type   0  conf  1.0000
   1.2593795755   2.2487840431  -4.3577440311
   1.2798926969   2.2854128569  -4.3320017307
      
      
#  type   0  conf  1.0000
   1.2798926969   2.2854128569  -4.3320017307
   1.5620600426   2.7892589069  -3.9389645938
      
      
#  type   0  conf  1.0000
   1.5620600426   2.7892589069  -3.9389645938
   1.5604262041   2.7863414784  -3.8284888837
      
      
#  type   0  conf  1.0000
   1.5604262041   2.7863414784  -3.8284888837
   1.5492476413   2.7663807182  -3.7629752495
      
      
#  type   0  conf  1.0000
   1.5492476413   2.7663807182  -3.7629752495
   1.2437193685   2.2208207315  -2.9360433604
      
      
#  type   0  conf  1.0000
   1.2437193685   2.2208207315  -2.9360433604
   1.2299867428   2.1962993638  -2.9055864384
      
      
#  type   0  conf  1.0000
   1.2299867428   2.1962993638  -2.9055864384
   0.1172486629   0.2093625523  -1.5065533797
      
      
#  type   0  conf  1.0000
   0.1172486629   0.2093625523  -1.5065533797
  -0.0071986748  -0.0128541588  -1.3835824620
      
      
#  type   0  conf  1.0000
  -0.0071986748  -0.0128541588  -1.3835824620
  -0.1472175452  -0.2628758422  -1.5304946854
      
      
#  type   0  conf  1.0000
  -0.1472175452  -0.2628758422  -1.5304946854
  -1.1803440500  -2.1076559575  -2.8660798236
      
      
#  type   0  conf  1.0000
  -1.1803440500  -2.1076559575  -2.8660798236
  -1.1912443824  -2.1271199015  -2.8858564222
      
      
#  type   0  conf  1.0000
  -1.1912443824  -2.1271199015  -2.8858564222
  -1.5789345884  -2.8193905767  -3.8066355096
      
      
#  type   0  conf  1.0000
  -1.5789345884  -2.8193905767  -3.8066355096
  -1.5838786248  -2.8282187889  -3.9656176934
      
      
#  type   0  conf  1.0000
  -1.5838786248  -2.8282187889  -3.9656176934
  -1.2892410998  -2.3021056315  -4.3780727168
      
      
#  type   0  conf  1.0000
  -1.2892410998  -2.3021056315  -4.3780727168
  -1.0747727137  -1.9191447722  -4.5865492177
      
      
#  66  norm     0.8686315144   -0.4954586684    0.0000000000
# nedges  13 
#  type   0  conf  1.0000
   1.0457659841   1.8334229439  -4.5895009572
   1.2783182228   2.2411304203  -4.3543371239
      
      
#  type   0  conf  1.0000
   1.2783182228   2.2411304203  -4.3543371239
   1.5819486919   2.7734513000  -3.9435041349
      
      
#  type   0  conf  1.0000
   1.5819486919   2.7734513000  -3.9435041349
   1.5806870138   2.7712393428  -3.7874981247
      
      
#  type   0  conf  1.0000
   1.5806870138   2.7712393428  -3.7874981247
   1.2539899265   2.1984783764  -2.9255685546
      
      
#  type   0  conf  1.0000
   1.2539899265   2.1984783764  -2.9255685546
   1.2383663428   2.1710873184  -2.8980594530
      
      
#  type   0  conf  1.0000
   1.2383663428   2.1710873184  -2.8980594530
   0.1181560714   0.2071496450  -1.5075981749
      
      
#  type   0  conf  1.0000
   0.1181560714   0.2071496450  -1.5075981749
  -0.0080678541  -0.0141444539  -1.3834761579
      
      
#  type   0  conf  1.0000
  -0.0080678541  -0.0141444539  -1.3834761579
  -0.1500688498  -0.2630987015  -1.5315496735
      
      
#  type   0  conf  1.0000
  -0.1500688498  -0.2630987015  -1.5315496735
  -1.2007500946  -2.1051390148  -2.8733552004
      
      
#  type   0  conf  1.0000
  -1.2007500946  -2.1051390148  -2.8733552004
  -1.6005981110  -2.8061472121  -3.8026134767
      
      
#  type   0  conf  1.0000
  -1.6005981110  -2.8061472121  -3.8026134767
  -1.6055715400  -2.8148665614  -3.9679650939
      
      
#  type   0  conf  1.0000
  -1.6055715400  -2.8148665614  -3.9679650939
  -1.3056493157  -2.2890469270  -4.3786900067
      
      
#  type   0  conf  1.0000
  -1.3056493157  -2.2890469270  -4.3786900067
  -1.0903999904  -1.9116746873  -4.5862525454
      
      
#  67  norm     0.8647134405   -0.5022655331    0.0000000000
# nedges  17 
#  type   0  conf  1.0000
   1.0592813395   1.8236863792  -4.5895020482
   1.2849927663   2.2122770579  -4.3625988290
      
      
#  type   0  conf  1.0000
   1.2849927663   2.2122770579  -4.3625988290
   1.2992687791   2.2368550139  -4.3466652404
      
      
#  type   0  conf  1.0000
   1.2992687791   2.2368550139  -4.3466652404
   1.5909049364   2.7389434279  -3.9593664245
      
      
#  type   0  conf  1.0000
   1.5909049364   2.7389434279  -3.9593664245
   1.6031237098   2.7599795869  -3.9206033799
      
      
#  type   0  conf  1.0000
   1.6031237098   2.7599795869  -3.9206033799
   1.6017324258   2.7575843161  -3.7871333054
      
      
#  type   0  conf  1.0000
   1.6017324258   2.7575843161  -3.7871333054
   1.2676595781   2.1824357891  -2.9245085878
      
      
#  type   0  conf  1.0000
   1.2676595781   2.1824357891  -2.9245085878
   1.2523464767   2.1560723544  -2.8982877456
      
      
#  type   0  conf  1.0000
   1.2523464767   2.1560723544  -2.8982877456
   0.1152805791   0.1984700514  -1.5042144735
      
      
#  type   0  conf  1.0000
   0.1152805791   0.1984700514  -1.5042144735
  -0.0096705663  -0.0166490992  -1.3842797703
      
      
#  type   0  conf  1.0000
  -0.0096705663  -0.0166490992  -1.3842797703
  -0.1510507867  -0.2600529737  -1.5303109583
      
      
#  type   0  conf  1.0000
  -0.1510507867  -0.2600529737  -1.5303109583
  -1.2054832986  -2.0753914849  -2.8608523020
      
      
#  type   0  conf  1.0000
  -1.2054832986  -2.0753914849  -2.8608523020
  -1.2188654026  -2.0984304641  -2.8809253275
      
      
#  type   0  conf  1.0000
  -1.2188654026  -2.0984304641  -2.8809253275
  -1.6231355509  -2.7944324945  -3.8026783150
      
      
#  type   0  conf  1.0000
  -1.6231355509  -2.7944324945  -3.8026783150
  -1.6274603780  -2.8018782296  -3.9446573174
      
      
#  type   0  conf  1.0000
  -1.6274603780  -2.8018782296  -3.9446573174
  -1.6223493703  -2.7930789854  -3.9762502742
      
      
#  type   0  conf  1.0000
  -1.6223493703  -2.7930789854  -3.9762502742
  -1.3225189353  -2.2768830892  -4.3785836172
      
      
#  type   0  conf  1.0000
  -1.3225189353  -2.2768830892  -4.3785836172
  -1.1058289202  -1.9038239081  -4.5861721637
      
      
#  68  norm     0.8607420270   -0.5090414158    0.0000000000
# nedges  16 
#  type   0  conf  1.0000
   1.0723518163   1.8132478958  -4.5895299207
   1.3018114894   2.2012430138  -4.3604217281
      
      
#  type   0  conf  1.0000
   1.3018114894   2.2012430138  -4.3604217281
   1.3153429052   2.2241233885  -4.3450010791
      
      
#  type   0  conf  1.0000
   1.3153429052   2.2241233885  -4.3450010791
   1.6128832868   2.7272366975  -3.9578026811
      
      
#  type   0  conf  1.0000
   1.6128832868   2.7272366975  -3.9578026811
   1.6234855530   2.7451641505  -3.9188355169
      
      
#  type   0  conf  1.0000
   1.6234855530   2.7451641505  -3.9188355169
   1.6210572356   2.7410580901  -3.7812227600
      
      
#  type   0  conf  1.0000
   1.6210572356   2.7410580901  -3.7812227600
   1.2857434276   2.1740734051  -2.9355182476
      
      
#  type   0  conf  1.0000
   1.2857434276   2.1740734051  -2.9355182476
   1.2681533477   2.1443302044  -2.9010009409
      
      
#  type   0  conf  1.0000
   1.2681533477   2.1443302044  -2.9010009409
   0.1174782364   0.1986448494  -1.5070670178
      
      
#  type   0  conf  1.0000
   0.1174782364   0.1986448494  -1.5070670178
  -0.0098006230  -0.0165719485  -1.3834715412
      
      
#  type   0  conf  1.0000
  -0.0098006230  -0.0165719485  -1.3834715412
  -0.1544308780  -0.2611283539  -1.5319714775
      
      
#  type   0  conf  1.0000
  -0.1544308780  -0.2611283539  -1.5319714775
  -1.2301789073  -2.0801189323  -2.8739141896
      
      
#  type   0  conf  1.0000
  -1.2301789073  -2.0801189323  -2.8739141896
  -1.6445420471  -2.7807687376  -3.7988038121
      
      
#  type   0  conf  1.0000
  -1.6445420471  -2.7807687376  -3.7988038121
  -1.6491611512  -2.7885792162  -3.9465709389
      
      
#  type   0  conf  1.0000
  -1.6491611512  -2.7885792162  -3.9465709389
  -1.6453933611  -2.7822082311  -3.9758314956
      
      
#  type   0  conf  1.0000
  -1.6453933611  -2.7822082311  -3.9758314956
  -1.3393356829  -2.2646929598  -4.3784439975
      
      
#  type   0  conf  1.0000
  -1.3393356829  -2.2646929598  -4.3784439975
  -1.1205447179  -1.8947376421  -4.5864906928
      
      
#  69  norm     0.8567175189   -0.5157858983   -0.0000000000
# nedges  14 
#  type   0  conf  1.0000
   1.0850522883   1.8022658381  -4.5900968168
   1.3121731054   2.1795122567  -4.3643966146
      
      
#  type   0  conf  1.0000
   1.3121731054   2.1795122567  -4.3643966146
   1.3324377737   2.2131717585  -4.3420523329
      
      
#  type   0  conf  1.0000
   1.3324377737   2.2131717585  -4.3420523329
   1.6442110477   2.7310254390  -3.9440883776
      
      
#  type   0  conf  1.0000
   1.6442110477   2.7310254390  -3.9440883776
   1.6420548313   2.7274439755  -3.8155077767
      
      
#  type   0  conf  1.0000
   1.6420548313   2.7274439755  -3.8155077767
   1.6306240780   2.7084575576  -3.7501413917
      
      
#  type   0  conf  1.0000
   1.6306240780   2.7084575576  -3.7501413917
   1.2880969002   2.1395218133  -2.9091281770
      
      
#  type   0  conf  1.0000
   1.2880969002   2.1395218133  -2.9091281770
   0.1135511803   0.1886078812  -1.5024349077
      
      
#  type   0  conf  1.0000
   0.1135511803   0.1886078812  -1.5024349077
  -0.0119706886  -0.0198832475  -1.3840447268
      
      
#  type   0  conf  1.0000
  -0.0119706886  -0.0198832475  -1.3840447268
  -0.1581603215  -0.2627034176  -1.5340821095
      
      
#  type   0  conf  1.0000
  -0.1581603215  -0.2627034176  -1.5340821095
  -1.2445197328  -2.0671403797  -2.8742761065
      
      
#  type   0  conf  1.0000
  -1.2445197328  -2.0671403797  -2.8742761065
  -1.6661899608  -2.7675322919  -3.7969246556
      
      
#  type   0  conf  1.0000
  -1.6661899608  -2.7675322919  -3.7969246556
  -1.6716648311  -2.7766260210  -3.9708642902
      
      
#  type   0  conf  1.0000
  -1.6716648311  -2.7766260210  -3.9708642902
  -1.3563026059  -2.2528111126  -4.3776774825
      
      
#  type   0  conf  1.0000
  -1.3563026059  -2.2528111126  -4.3776774825
  -1.1358332673  -1.8866127629  -4.5869607142
      
      
#  70  norm     0.8526401644   -0.5224985647   -0.0000000000
# nedges  16 
#  type   0  conf  1.0000
   1.0980701600   1.7918876431  -4.5898824499
   1.3293079670   2.1692334486  -4.3613832143
      
      
#  type   0  conf  1.0000
   1.3293079670   2.1692334486  -4.3613832143
   1.3547400219   2.2107347904  -4.3321755267
      
      
#  type   0  conf  1.0000
   1.3547400219   2.2107347904  -4.3321755267
   1.6639933742   2.7153903951  -3.9449683266
      
      
#  type   0  conf  1.0000
   1.6639933742   2.7153903951  -3.9449683266
   1.6622106093   2.7124811871  -3.8153301268
      
      
#  type   0  conf  1.0000
   1.6622106093   2.7124811871  -3.8153301268
   1.6499558428   2.6924832258  -3.7505220623
      
      
#  type   0  conf  1.0000
   1.6499558428   2.6924832258  -3.7505220623
   1.3128603476   2.1423933733  -2.9356396986
      
      
#  type   0  conf  1.0000
   1.3128603476   2.1423933733  -2.9356396986
   1.2920331760   2.1084065181  -2.8980906362
      
      
#  type   0  conf  1.0000
   1.2920331760   2.1084065181  -2.8980906362
   0.1168027005   0.1906046839  -1.5067121253
      
      
#  type   0  conf  1.0000
   0.1168027005   0.1906046839  -1.5067121253
  -0.0119477221  -0.0194969105  -1.3832703996
      
      
#  type   0  conf  1.0000
  -0.0119477221  -0.0194969105  -1.3832703996
  -0.1595176699  -0.2603091787  -1.5332640745
      
      
#  type   0  conf  1.0000
  -0.1595176699  -0.2603091787  -1.5332640745
  -1.2588135803  -2.0541970648  -2.8746228944
      
      
#  type   0  conf  1.0000
  -1.2588135803  -2.0541970648  -2.8746228944
  -1.6878647894  -2.7543450043  -3.7956963119
      
      
#  type   0  conf  1.0000
  -1.6878647894  -2.7543450043  -3.7956963119
  -1.6938982128  -2.7641906565  -3.9705784122
      
      
#  type   0  conf  1.0000
  -1.6938982128  -2.7641906565  -3.9705784122
  -1.3965362180  -2.2789399835  -4.3472771813
      
      
#  type   0  conf  1.0000
  -1.3965362180  -2.2789399835  -4.3472771813
  -1.3643021953  -2.2263388391  -4.3856106601
      
      
#  type   0  conf  1.0000
  -1.3643021953  -2.2263388391  -4.3856106601
  -1.1505670692  -1.8775548131  -4.5867904669
      
      
#  71  norm     0.8485102150   -0.5291790010    0.0000000000
# nedges  13 
#  type   0  conf  1.0000
   1.1106389961   1.7808502068  -4.5899324191
   1.3511411664   2.1664825692  -4.3539611674
      
      
#  type   0  conf  1.0000
   1.3511411664   2.1664825692  -4.3539611674
   1.6825864447   2.6979373393  -3.9487710219
      
      
#  type   0  conf  1.0000
   1.6825864447   2.6979373393  -3.9487710219
   1.6829394537   2.6985033704  -3.8259765316
      
      
#  type   0  conf  1.0000
   1.6829394537   2.6985033704  -3.8259765316
   1.6735324249   2.6834197029  -3.7550842604
      
      
#  type   0  conf  1.0000
   1.6735324249   2.6834197029  -3.7550842604
   1.3139080727   2.1067812955  -2.9081281764
      
      
#  type   0  conf  1.0000
   1.3139080727   2.1067812955  -2.9081281764
   0.1174811969   0.1883748135  -1.5076596524
      
      
#  type   0  conf  1.0000
   0.1174811969   0.1883748135  -1.5076596524
  -0.0126797964  -0.0203313752  -1.3837445058
      
      
#  type   0  conf  1.0000
  -0.0126797964  -0.0203313752  -1.3837445058
  -0.1610798728  -0.2582829576  -1.5328529774
      
      
#  type   0  conf  1.0000
  -0.1610798728  -0.2582829576  -1.5328529774
  -1.2725030883  -2.0403906184  -2.8739937335
      
      
#  type   0  conf  1.0000
  -1.2725030883  -2.0403906184  -2.8739937335
  -1.7093547669  -2.7408589118  -3.7946094127
      
      
#  type   0  conf  1.0000
  -1.7093547669  -2.7408589118  -3.7946094127
  -1.7149801937  -2.7498789827  -3.9723798628
      
      
#  type   0  conf  1.0000
  -1.7149801937  -2.7498789827  -3.9723798628
  -1.3881076401  -2.2257563320  -4.3782862619
      
      
#  type   0  conf  1.0000
  -1.3881076401  -2.2257563320  -4.3782862619
  -1.1653098600  -1.8685120120  -4.5865739112
      
      
#  72  norm     0.8443279255   -0.5358267950    0.0000000000
# nedges  13 
#  type   0  conf  1.0000
   1.1231944197   1.7698712032  -4.5900157189
   1.3637221452   2.1488822519  -4.3553976919
      
      
#  type   0  conf  1.0000
   1.3637221452   2.1488822519  -4.3553976919
   1.7039168431   2.6849433190  -3.9476688115
      
      
#  type   0  conf  1.0000
   1.7039168431   2.6849433190  -3.9476688115
   1.7004850953   2.6795357498  -3.7734063649
      
      
#  type   0  conf  1.0000
   1.7004850953   2.6795357498  -3.7734063649
   1.3364464421   2.1059026212  -2.9292373385
      
      
#  type   0  conf  1.0000
   1.3364464421   2.1059026212  -2.9292373385
   1.3190338185   2.0784647167  -2.8994619658
      
      
#  type   0  conf  1.0000
   1.3190338185   2.0784647167  -2.8994619658
   0.1115266756   0.1757379203  -1.5011031139
      
      
#  type   0  conf  1.0000
   0.1115266756   0.1757379203  -1.5011031139
  -0.0154228763  -0.0243025644  -1.3845018728
      
      
#  type   0  conf  1.0000
  -0.0154228763  -0.0243025644  -1.3845018728
  -0.1650277297  -0.2600420920  -1.5351788174
      
      
#  type   0  conf  1.0000
  -0.1650277297  -0.2600420920  -1.5351788174
  -1.2855392420  -2.0256857095  -2.8729935851
      
      
#  type   0  conf  1.0000
  -1.2855392420  -2.0256857095  -2.8729935851
  -1.7301080547  -2.7262140648  -3.7923392028
      
      
#  type   0  conf  1.0000
  -1.7301080547  -2.7262140648  -3.7923392028
  -1.7366102739  -2.7364599228  -3.9727462235
      
      
#  type   0  conf  1.0000
  -1.7366102739  -2.7364599228  -3.9727462235
  -1.4033057579  -2.2112560449  -4.3786906900
      
      
#  type   0  conf  1.0000
  -1.4033057579  -2.2112560449  -4.3786906900
  -1.1801599421  -1.8596345032  -4.5864734121
      
      
#  73  norm     0.8400935539   -0.5424415367    0.0000000000
# nedges  13 
#  type   0  conf  1.0000
   1.1421998231   1.7689550740  -4.5838039956
   1.3795728879   2.1365810173  -4.3532099757
      
      
#  type   0  conf  1.0000
   1.3795728879   2.1365810173  -4.3532099757
   1.7231883179   2.6687473215  -3.9481850593
      
      
#  type   0  conf  1.0000
   1.7231883179   2.6687473215  -3.9481850593
   1.7199075233   2.6636662681  -3.7717786952
      
      
#  type   0  conf  1.0000
   1.7199075233   2.6636662681  -3.7717786952
   1.3463726517   2.0851629335  -2.9225538447
      
      
#  type   0  conf  1.0000
   1.3463726517   2.0851629335  -2.9225538447
   1.3296670693   2.0592905563  -2.8973781091
      
      
#  type   0  conf  1.0000
   1.3296670693   2.0592905563  -2.8973781091
   0.1172494237   0.1815872835  -1.5078808170
      
      
#  type   0  conf  1.0000
   0.1172494237   0.1815872835  -1.5078808170
  -0.0149070743  -0.0230869802  -1.3831925861
      
      
#  type   0  conf  1.0000
  -0.0149070743  -0.0230869802  -1.3831925861
  -0.1679096908  -0.2600461788  -1.5363019399
      
      
#  type   0  conf  1.0000
  -0.1679096908  -0.2600461788  -1.5363019399
  -1.2985435638  -2.0110887602  -2.8718250539
      
      
#  type   0  conf  1.0000
  -1.2985435638  -2.0110887602  -2.8718250539
  -1.7514580215  -2.7125293591  -3.7919102573
      
      
#  type   0  conf  1.0000
  -1.7514580215  -2.7125293591  -3.7919102573
  -1.7576257211  -2.7220814386  -3.9734526417
      
      
#  type   0  conf  1.0000
  -1.7576257211  -2.7220814386  -3.9734526417
  -1.4194098085  -2.1982775098  -4.3784008746
      
      
#  type   0  conf  1.0000
  -1.4194098085  -2.1982775098  -4.3784008746
  -1.1944031987  -1.8498038225  -4.5867107431
      
      
#  74  norm     0.8358073614   -0.5490228180    0.0000000000
# nedges  15 
#  type   0  conf  1.0000
   1.1482896933   1.7481039898  -4.5895631229
   1.3936417757   2.1216168383  -4.3526675634
      
      
#  type   0  conf  1.0000
   1.3936417757   2.1216168383  -4.3526675634
   1.7422916484   2.6523855432  -3.9489745957
      
      
#  type   0  conf  1.0000
   1.7422916484   2.6523855432  -3.9489745957
   1.7397931099   2.6485818820  -3.8052973683
      
      
#  type   0  conf  1.0000
   1.7397931099   2.6485818820  -3.8052973683
   1.7297601027   2.6333080882  -3.7457385616
      
      
#  type   0  conf  1.0000
   1.7297601027   2.6333080882  -3.7457385616
   1.3514699818   2.0574164177  -2.9081865489
      
      
#  type   0  conf  1.0000
   1.3514699818   2.0574164177  -2.9081865489
   0.1159083310   0.1764535701  -1.5066417946
      
      
#  type   0  conf  1.0000
   0.1159083310   0.1764535701  -1.5066417946
  -0.0161498848  -0.0245858499  -1.3835420507
      
      
#  type   0  conf  1.0000
  -0.0161498848  -0.0245858499  -1.3835420507
  -0.1718982964  -0.2616901463  -1.5386079298
      
      
#  type   0  conf  1.0000
  -0.1718982964  -0.2616901463  -1.5386079298
  -1.3021253972  -1.9822964669  -2.8598749193
      
      
#  type   0  conf  1.0000
  -1.3021253972  -1.9822964669  -2.8598749193
  -1.3193706231  -2.0085498143  -2.8867931193
      
      
#  type   0  conf  1.0000
  -1.3193706231  -2.0085498143  -2.8867931193
  -1.7724954944  -2.6983665043  -3.7912571784
      
      
#  type   0  conf  1.0000
  -1.7724954944  -2.6983665043  -3.7912571784
  -1.7786081429  -2.7076721224  -3.9731604774
      
      
#  type   0  conf  1.0000
  -1.7786081429  -2.7076721224  -3.9731604774
  -1.4544506463  -2.2141894964  -4.3556885210
      
      
#  type   0  conf  1.0000
  -1.4544506463  -2.2141894964  -4.3556885210
  -1.4272387125  -2.1727632863  -4.3850969427
      
      
#  type   0  conf  1.0000
  -1.4272387125  -2.1727632863  -4.3850969427
  -1.2089922910  -1.8405148630  -4.5870376236
      
      
#  75  norm     0.8314696123   -0.5555702330    0.0000000000
# nedges  16 
#  type   0  conf  1.0000
   1.1601551936   1.7362949483  -4.5898006684
   1.4010638914   2.0968402938  -4.3580377043
      
      
#  type   0  conf  1.0000
   1.4010638914   2.0968402938  -4.3580377043
   1.4351040516   2.1477849937  -4.3206577487
      
      
#  type   0  conf  1.0000
   1.4351040516   2.1477849937  -4.3206577487
   1.7614126127   2.6361402665  -3.9485715848
      
      
#  type   0  conf  1.0000
   1.7614126127   2.6361402665  -3.9485715848
   1.7588731194   2.6323396463  -3.8087938602
      
      
#  type   0  conf  1.0000
   1.7588731194   2.6323396463  -3.8087938602
   1.7502638726   2.6194549980  -3.7480030144
      
      
#  type   0  conf  1.0000
   1.7502638726   2.6194549980  -3.7480030144
   1.3633176833   2.0403491011  -2.9082427362
      
      
#  type   0  conf  1.0000
   1.3633176833   2.0403491011  -2.9082427362
   0.1111105950   0.1662887568  -1.5017953199
      
      
#  type   0  conf  1.0000
   0.1111105950   0.1662887568  -1.5017953199
  -0.0182116451  -0.0272556530  -1.3843144540
      
      
#  type   0  conf  1.0000
  -0.0182116451  -0.0272556530  -1.3843144540
  -0.1756770251  -0.2629192481  -1.5406724722
      
      
#  type   0  conf  1.0000
  -0.1756770251  -0.2629192481  -1.5406724722
  -1.3138077432  -1.9662522395  -2.8576864520
      
      
#  type   0  conf  1.0000
  -1.3138077432  -1.9662522395  -2.8576864520
  -1.3355305241  -1.9987626786  -2.8925470430
      
      
#  type   0  conf  1.0000
  -1.3355305241  -1.9987626786  -2.8925470430
  -1.7932187251  -2.6837414778  -3.7912012961
      
      
#  type   0  conf  1.0000
  -1.7932187251  -2.6837414778  -3.7912012961
  -1.7995547729  -2.6932240433  -3.9735837093
      
      
#  type   0  conf  1.0000
  -1.7995547729  -2.6932240433  -3.9735837093
  -1.4718328222  -2.2027534834  -4.3534320662
      
      
#  type   0  conf  1.0000
  -1.4718328222  -2.2027534834  -4.3534320662
  -1.4430550914  -2.1596845657  -4.3848372637
      
      
#  type   0  conf  1.0000
  -1.4430550914  -2.1596845657  -4.3848372637
  -1.2232439135  -1.8307138901  -4.5864438392
      
      
#  76  norm     0.8270805743   -0.5620833779    0.0000000000
# nedges  12 
#  type   0  conf  1.0000
   1.1726273667   1.7254687723  -4.5892279074
   1.4200221032   2.0894990724  -4.3519213870
      
      
#  type   0  conf  1.0000
   1.4200221032   2.0894990724  -4.3519213870
   1.7805452046   2.6199927064  -3.9498117404
      
      
#  type   0  conf  1.0000
   1.7805452046   2.6199927064  -3.9498117404
   1.7748311975   2.6115848002  -3.7601908697
      
      
#  type   0  conf  1.0000
   1.7748311975   2.6115848002  -3.7601908697
   1.3750376985   2.0233065310  -2.9083582556
      
      
#  type   0  conf  1.0000
   1.3750376985   2.0233065310  -2.9083582556
   0.1157038101   0.1702529864  -1.5076253176
      
      
#  type   0  conf  1.0000
   0.1157038101   0.1702529864  -1.5076253176
  -0.0182636144  -0.0268740925  -1.3832366051
      
      
#  type   0  conf  1.0000
  -0.0182636144  -0.0268740925  -1.3832366051
  -0.1769141879  -0.2603213222  -1.5399124094
      
      
#  type   0  conf  1.0000
  -0.1769141879  -0.2603213222  -1.5399124094
  -1.3339015652  -1.9627765489  -2.8648977820
      
      
#  type   0  conf  1.0000
  -1.3339015652  -1.9627765489  -2.8648977820
  -1.8137769817  -2.6688917815  -3.7897030318
      
      
#  type   0  conf  1.0000
  -1.8137769817  -2.6688917815  -3.7897030318
  -1.8201622164  -2.6782873690  -3.9747550519
      
      
#  type   0  conf  1.0000
  -1.8201622164  -2.6782873690  -3.9747550519
  -1.4663283210  -2.1576366027  -4.3768048603
      
      
#  type   0  conf  1.0000
  -1.4663283210  -2.1576366027  -4.3768048603
  -1.2376053959  -1.8210810387  -4.5866795825
      
      
#  77  norm     0.8226405180   -0.5685618507    0.0000000000
# nedges  13 
#  type   0  conf  1.0000
   1.1839787718   1.7130746794  -4.5896229777
   1.4299284170   2.0689341928  -4.3543726271
      
      
#  type   0  conf  1.0000
   1.4299284170   2.0689341928  -4.3543726271
   1.7979049875   2.6013519696  -3.9520706560
      
      
#  type   0  conf  1.0000
   1.7979049875   2.6013519696  -3.9520706560
   1.7938462906   2.5954795241  -3.7603559063
      
      
#  type   0  conf  1.0000
   1.7938462906   2.5954795241  -3.7603559063
   1.3861219417   2.0055514992  -2.9080105275
      
      
#  type   0  conf  1.0000
   1.3861219417   2.0055514992  -2.9080105275
   0.1128482908   0.1632778848  -1.5051427625
      
      
#  type   0  conf  1.0000
   0.1128482908   0.1632778848  -1.5051427625
  -0.0192645825  -0.0278735306  -1.3833858615
      
      
#  type   0  conf  1.0000
  -0.0192645825  -0.0278735306  -1.3833858615
  -0.1788126788  -0.2587204092  -1.5400160321
      
      
#  type   0  conf  1.0000
  -0.1788126788  -0.2587204092  -1.5400160321
  -1.2704663281  -1.8382117564  -2.7776305767
      
      
#  type   0  conf  1.0000
  -1.2704663281  -1.8382117564  -2.7776305767
  -1.3518251647  -1.9559281939  -2.8751670913
      
      
#  type   0  conf  1.0000
  -1.3518251647  -1.9559281939  -2.8751670913
  -1.8337895626  -2.6532726278  -3.7891873993
      
      
#  type   0  conf  1.0000
  -1.8337895626  -2.6532726278  -3.7891873993
  -1.8407805627  -2.6633877628  -3.9750677407
      
      
#  type   0  conf  1.0000
  -1.8407805627  -2.6633877628  -3.9750677407
  -1.4801130356  -2.1415452915  -4.3780091575
      
      
#  type   0  conf  1.0000
  -1.4801130356  -2.1415452915  -4.3780091575
  -1.2508937686  -1.8098926203  -4.5866314091
      
      
#  78  norm     0.8181497174   -0.5750052520    0.0000000000
# nedges  14 
#  type   0  conf  1.0000
   1.1951651268   1.7005479643  -4.5898727621
   1.4332927626   2.0393693181  -4.3627035883
      
      
#  type   0  conf  1.0000
   1.4332927626   2.0393693181  -4.3627035883
   1.4638163783   2.0828000302  -4.3318065710
      
      
#  type   0  conf  1.0000
   1.4638163783   2.0828000302  -4.3318065710
   1.8165606446   2.5847043532  -3.9506427227
      
      
#  type   0  conf  1.0000
   1.8165606446   2.5847043532  -3.9506427227
   1.8137806107   2.5807487651  -3.8029967994
      
      
#  type   0  conf  1.0000
   1.8137806107   2.5807487651  -3.8029967994
   1.8063193256   2.5701324302  -3.7465307367
      
      
#  type   0  conf  1.0000
   1.8063193256   2.5701324302  -3.7465307367
   1.3963284718   1.9867744522  -2.9073266654
      
      
#  type   0  conf  1.0000
   1.3963284718   1.9867744522  -2.9073266654
   0.1141667933   0.1624429157  -1.5072333931
      
      
#  type   0  conf  1.0000
   0.1141667933   0.1624429157  -1.5072333931
  -0.0205882092  -0.0292940586  -1.3832908915
      
      
#  type   0  conf  1.0000
  -0.0205882092  -0.0292940586  -1.3832908915
  -0.1842373738  -0.2621432670  -1.5440065063
      
      
#  type   0  conf  1.0000
  -0.1842373738  -0.2621432670  -1.5440065063
  -1.3532188880  -1.9254357189  -2.8559763780
      
      
#  type   0  conf  1.0000
  -1.3532188880  -1.9254357189  -2.8559763780
  -1.8530977983  -2.6366914644  -3.7851838680
      
      
#  type   0  conf  1.0000
  -1.8530977983  -2.6366914644  -3.7851838680
  -1.8613878595  -2.6484870284  -3.9751094449
      
      
#  type   0  conf  1.0000
  -1.8613878595  -2.6484870284  -3.9751094449
  -1.4956158788  -2.1280461426  -4.3765880506
      
      
#  type   0  conf  1.0000
  -1.4956158788  -2.1280461426  -4.3765880506
  -1.2650762425  -1.8000214200  -4.5867068724
      
      
#  79  norm     0.8136084495   -0.5814131843   -0.0000000000
# nedges  13 
#  type   0  conf  1.0000
   1.2073765011   1.6895587329  -4.5893067908
   1.4517624773   2.0315435736  -4.3568287216
      
      
#  type   0  conf  1.0000
   1.4517624773   2.0315435736  -4.3568287216
   1.8337265016   2.5660501275  -3.9542087047
      
      
#  type   0  conf  1.0000
   1.8337265016   2.5660501275  -3.9542087047
   1.8315585797   2.5630164165  -3.7621940141
      
      
#  type   0  conf  1.0000
   1.8315585797   2.5630164165  -3.7621940141
   1.4223274561   1.9903532763  -2.9356867323
      
      
#  type   0  conf  1.0000
   1.4223274561   1.9903532763  -2.9356867323
   1.4032080029   1.9635982093  -2.9028564223
      
      
#  type   0  conf  1.0000
   1.4032080029   1.9635982093  -2.9028564223
   0.1149656657   0.1608787684  -1.5084661767
      
      
#  type   0  conf  1.0000
   0.1149656657   0.1608787684  -1.5084661767
  -0.0216237733  -0.0302595214  -1.3836264015
      
      
#  type   0  conf  1.0000
  -0.0216237733  -0.0302595214  -1.3836264015
  -0.1799256331  -0.2517813826  -1.5375240984
      
      
#  type   0  conf  1.0000
  -0.1799256331  -0.2517813826  -1.5375240984
  -1.3631678727  -1.9075675083  -2.8515838483
      
      
#  type   0  conf  1.0000
  -1.3631678727  -1.9075675083  -2.8515838483
  -1.8730560994  -2.6210865353  -3.7852870616
      
      
#  type   0  conf  1.0000
  -1.8730560994  -2.6210865353  -3.7852870616
  -1.8816307956  -2.6330856531  -3.9749455195
      
      
#  type   0  conf  1.0000
  -1.8816307956  -2.6330856531  -3.9749455195
  -1.5087601015  -2.1113039744  -4.3782411678
      
      
#  type   0  conf  1.0000
  -1.5087601015  -2.1113039744  -4.3782411678
  -1.2779963122  -1.7883815264  -4.5867375741
      
      
#  80  norm     0.8090169944   -0.5877852523    0.0000000000
# nedges  12 
#  type   0  conf  1.0000
   1.2183287435   1.6768856557  -4.5896990392
   1.4635202224   2.0143627744  -4.3569287700
      
      
#  type   0  conf  1.0000
   1.4635202224   2.0143627744  -4.3569287700
   1.8522608473   2.5494183423  -3.9538592459
      
      
#  type   0  conf  1.0000
   1.8522608473   2.5494183423  -3.9538592459
   1.8472510974   2.5425230130  -3.7550351402
      
      
#  type   0  conf  1.0000
   1.8472510974   2.5425230130  -3.7550351402
   1.4179182894   1.9515970983  -2.9070899854
      
      
#  type   0  conf  1.0000
   1.4179182894   1.9515970983  -2.9070899854
   0.1148067226   0.1580178973  -1.5090100529
      
      
#  type   0  conf  1.0000
   0.1148067226   0.1580178973  -1.5090100529
  -0.0227433001  -0.0313034670  -1.3835317509
      
      
#  type   0  conf  1.0000
  -0.0227433001  -0.0313034670  -1.3835317509
  -0.1869976640  -0.2573802039  -1.5431777428
      
      
#  type   0  conf  1.0000
  -0.1869976640  -0.2573802039  -1.5431777428
  -1.3718382209  -1.8881733250  -2.8463948812
      
      
#  type   0  conf  1.0000
  -1.3718382209  -1.8881733250  -2.8463948812
  -1.8933119429  -2.6059203280  -3.7857870090
      
      
#  type   0  conf  1.0000
  -1.8933119429  -2.6059203280  -3.7857870090
  -1.9007830958  -2.6162034879  -3.9761212064
      
      
#  type   0  conf  1.0000
  -1.9007830958  -2.6162034879  -3.9761212064
  -1.5230171691  -2.0962532961  -4.3777371787
      
      
#  type   0  conf  1.0000
  -1.5230171691  -2.0962532961  -4.3777371787
  -1.2913455974  -1.7773847334  -4.5867528656
      
      
#  81  norm     0.8043756353   -0.5941210629    0.0000000000
# nedges  14 
#  type   0  conf  1.0000
   1.2299687936   1.6652446639  -4.5895509918
   1.4842365375   2.0094956773  -4.3485053652
      
      
#  type   0  conf  1.0000
   1.4842365375   2.0094956773  -4.3485053652
   1.8698136917   2.5315254248  -3.9539239312
      
      
#  type   0  conf  1.0000
   1.8698136917   2.5315254248  -3.9539239312
   1.8660370257   2.5264122276  -3.7590126116
      
      
#  type   0  conf  1.0000
   1.8660370257   2.5264122276  -3.7590126116
   1.4374409533   1.9461395196  -2.9230423005
      
      
#  type   0  conf  1.0000
   1.4374409533   1.9461395196  -2.9230423005
   1.4204772653   1.9231725216  -2.8985926456
      
      
#  type   0  conf  1.0000
   1.4204772653   1.9231725216  -2.8985926456
   0.1166777749   0.1579690827  -1.5115574529
      
      
#  type   0  conf  1.0000
   0.1166777749   0.1579690827  -1.5115574529
  -0.0239954810  -0.0324872849  -1.3834300425
      
      
#  type   0  conf  1.0000
  -0.0239954810  -0.0324872849  -1.3834300425
  -0.1748172134  -0.2366835917  -1.5296085476
      
      
#  type   0  conf  1.0000
  -0.1748172134  -0.2366835917  -1.5296085476
  -0.3075709498  -0.4164177869  -1.6725024102
      
      
#  type   0  conf  1.0000
  -0.3075709498  -0.4164177869  -1.6725024102
  -1.3801020659  -1.8685088702  -2.8407770766
      
      
#  type   0  conf  1.0000
  -1.3801020659  -1.8685088702  -2.8407770766
  -1.9125850557  -2.5894332238  -3.7847591808
      
      
#  type   0  conf  1.0000
  -1.9125850557  -2.5894332238  -3.7847591808
  -1.9206379923  -2.6003360285  -3.9766298469
      
      
#  type   0  conf  1.0000
  -1.9206379923  -2.6003360285  -3.9766298469
  -1.5350520408  -2.0782943707  -4.3793988813
      
      
#  type   0  conf  1.0000
  -1.5350520408  -2.0782943707  -4.3793988813
  -1.3044850190  -1.7661315704  -4.5869685208
      
      
#  82  norm     0.7996846585   -0.6004202253    0.0000000000
# nedges  14 
#  type   0  conf  1.0000
   1.2410387512   1.6529084265  -4.5895920471
   1.4964239884   1.9930496270  -4.3478241868
      
      
#  type   0  conf  1.0000
   1.4964239884   1.9930496270  -4.3478241868
   1.8863171788   2.5123386010  -3.9560054349
      
      
#  type   0  conf  1.0000
   1.8863171788   2.5123386010  -3.9560054349
   1.8840424845   2.5093089926  -3.7588636717
      
      
#  type   0  conf  1.0000
   1.8840424845   2.5093089926  -3.7588636717
   1.4492867702   1.9302687468  -2.9263057751
      
      
#  type   0  conf  1.0000
   1.4492867702   1.9302687468  -2.9263057751
   1.4300874971   1.9046977159  -2.8977062940
      
      
#  type   0  conf  1.0000
   1.4300874971   1.9046977159  -2.8977062940
   0.1181973712   0.1574241181  -1.5136103706
      
      
#  type   0  conf  1.0000
   0.1181973712   0.1574241181  -1.5136103706
  -0.0250373247  -0.0333465856  -1.3834229587
      
      
#  type   0  conf  1.0000
  -0.0250373247  -0.0333465856  -1.3834229587
  -0.1711627790  -0.2279674180  -1.5245847579
      
      
#  type   0  conf  1.0000
  -0.1711627790  -0.2279674180  -1.5245847579
  -0.2333497182  -0.3107926446  -1.5894547748
      
      
#  type   0  conf  1.0000
  -0.2333497182  -0.3107926446  -1.5894547748
  -1.3866801897  -1.8468846104  -2.8331706849
      
      
#  type   0  conf  1.0000
  -1.3866801897  -1.8468846104  -2.8331706849
  -1.9317593506  -2.5728618914  -3.7839901536
      
      
#  type   0  conf  1.0000
  -1.9317593506  -2.5728618914  -3.7839901536
  -1.9398153624  -2.5835914918  -3.9771549721
      
      
#  type   0  conf  1.0000
  -1.9398153624  -2.5835914918  -3.9771549721
  -1.5475536602  -2.0611479562  -4.3805083509
      
      
#  type   0  conf  1.0000
  -1.5475536602  -2.0611479562  -4.3805083509
  -1.3173346056  -1.7545249640  -4.5869526438
      
      
#  83  norm     0.7949443534   -0.6066823510    0.0000000000
# nedges  13 
#  type   0  conf  1.0000
   1.2527350233   1.6414761884  -4.5930193395
   1.8872893614   2.4729415955  -3.9749209830
      
      
#  type   0  conf  1.0000
   1.8872893614   2.4729415955  -3.9749209830
   1.9037498355   2.4945099845  -3.9464462503
      
      
#  type   0  conf  1.0000
   1.9037498355   2.4945099845  -3.9464462503
   1.8993875629   2.4887940378  -3.7527706938
      
      
#  type   0  conf  1.0000
   1.8993875629   2.4887940378  -3.7527706938
   1.4466581301   1.8955763423  -2.9042517623
      
      
#  type   0  conf  1.0000
   1.4466581301   1.8955763423  -2.9042517623
   0.1147490665   0.1503573036  -1.5110841796
      
      
#  type   0  conf  1.0000
   0.1147490665   0.1503573036  -1.5110841796
  -0.0264282408  -0.0346292929  -1.3834784106
      
      
#  type   0  conf  1.0000
  -0.0264282408  -0.0346292929  -1.3834784106
  -0.1793087758  -0.2349507919  -1.5310849553
      
      
#  type   0  conf  1.0000
  -0.1793087758  -0.2349507919  -1.5310849553
  -0.2813688151  -0.3686814861  -1.6384990962
      
      
#  type   0  conf  1.0000
  -0.2813688151  -0.3686814861  -1.6384990962
  -1.3927030696  -1.8248782733  -2.8253911178
      
      
#  type   0  conf  1.0000
  -1.3927030696  -1.8248782733  -2.8253911178
  -1.9508650943  -2.5562457657  -3.7835802602
      
      
#  type   0  conf  1.0000
  -1.9508650943  -2.5562457657  -3.7835802602
  -1.9589275115  -2.5668100636  -3.9775641192
      
      
#  type   0  conf  1.0000
  -1.9589275115  -2.5668100636  -3.9775641192
  -1.5593079260  -2.0431829424  -4.3817891567
      
      
#  type   0  conf  1.0000
  -1.5593079260  -2.0431829424  -4.3817891567
  -1.3305139483  -1.7433909995  -4.5868861607
      
      
#  84  norm     0.7901550124   -0.6129070537    0.0000000000
# nedges  12 
#  type   0  conf  1.0000
   1.2628978004   1.6281180338  -4.5929628100
   1.9208529712   2.4763487288  -3.9578853123
      
      
#  type   0  conf  1.0000
   1.9208529712   2.4763487288  -3.9578853123
   1.9167430203   2.4710502121  -3.7540695464
      
      
#  type   0  conf  1.0000
   1.9167430203   2.4710502121  -3.7540695464
   1.4549336786   1.8756891962  -2.9023959260
      
      
#  type   0  conf  1.0000
   1.4549336786   1.8756891962  -2.9023959260
   0.1141441428   0.1471537423  -1.5111384040
      
      
#  type   0  conf  1.0000
   0.1141441428   0.1471537423  -1.5111384040
  -0.0238529164  -0.0307509946  -1.3874821069
      
      
#  type   0  conf  1.0000
  -0.0238529164  -0.0307509946  -1.3874821069
  -0.1125210160  -0.1450612197  -1.4613893767
      
      
#  type   0  conf  1.0000
  -0.1125210160  -0.1450612197  -1.4613893767
  -1.3681193039  -1.7637687787  -2.7817496285
      
      
#  type   0  conf  1.0000
  -1.3681193039  -1.7637687787  -2.7817496285
  -1.4250988742  -1.8372263982  -2.8644235931
      
      
#  type   0  conf  1.0000
  -1.4250988742  -1.8372263982  -2.8644235931
  -1.9699269410  -2.5396145095  -3.7826363230
      
      
#  type   0  conf  1.0000
  -1.9699269410  -2.5396145095  -3.7826363230
  -1.9774933023  -2.5493690037  -3.9775154291
      
      
#  type   0  conf  1.0000
  -1.9774933023  -2.5493690037  -3.9775154291
  -1.5768249827  -2.0328305186  -4.3776250583
      
      
#  type   0  conf  1.0000
  -1.5768249827  -2.0328305186  -4.3776250583
  -1.3430369571  -1.7314328121  -4.5871537668
      
      
#  85  norm     0.7853169309   -0.6190939493    0.0000000000
# nedges  12 
#  type   0  conf  1.0000
   1.2731688714   1.6150070142  -4.5922274797
   1.9366941163   2.4566847749  -3.9592231283
      
      
#  type   0  conf  1.0000
   1.9366941163   2.4566847749  -3.9592231283
   1.9333465478   2.4524384045  -3.7538682626
      
      
#  type   0  conf  1.0000
   1.9333465478   2.4524384045  -3.7538682626
   1.4706182171   1.8654703152  -2.9146140726
      
      
#  type   0  conf  1.0000
   1.4706182171   1.8654703152  -2.9146140726
   1.4230194212   1.8050915304  -2.8577936070
      
      
#  type   0  conf  1.0000
   1.4230194212   1.8050915304  -2.8577936070
   0.1347351639   0.1709107406  -1.5359767028
      
      
#  type   4  conf  0.0000
#  type   0  conf  1.0000
  -0.0365148853  -0.0463189112  -1.3812763275
  -1.3805684419  -1.7512427199  -2.7814588996
      
      
#  type   0  conf  1.0000
  -1.3805684419  -1.7512427199  -2.7814588996
  -1.4317613107  -1.8161805644  -2.8567299199
      
      
#  type   0  conf  1.0000
  -1.4317613107  -1.8161805644  -2.8567299199
  -1.9875526916  -2.5211985700  -3.7802128775
      
      
#  type   0  conf  1.0000
  -1.9875526916  -2.5211985700  -3.7802128775
  -1.9965537116  -2.5326163095  -3.9773147976
      
      
#  type   0  conf  1.0000
  -1.9965537116  -2.5326163095  -3.9773147976
  -1.5911775533  -2.0183991041  -4.3761143191
      
      
#  type   0  conf  1.0000
  -1.5911775533  -2.0183991041  -4.3761143191
  -1.3558009027  -1.7198252462  -4.5870131484
      
      
#  86  norm     0.7804304073   -0.6252426563    0.0000000000
# nedges  12 
#  type   0  conf  1.0000
   1.2835719471   1.6021596854  -4.5918477997
   1.9532146030   2.4380103513  -3.9587625736
      
      
#  type   0  conf  1.0000
   1.9532146030   2.4380103513  -3.9587625736
   1.9489998116   2.4327494317  -3.7526998609
      
      
#  type   0  conf  1.0000
   1.9489998116   2.4327494317  -3.7526998609
   1.4772964158   1.8439673490  -2.9111550743
      
      
#  type   0  conf  1.0000
   1.4772964158   1.8439673490  -2.9111550743
   1.3942727725   1.7403369024  -2.8188538923
      
      
#  type   0  conf  1.0000
   1.3942727725   1.7403369024  -2.8188538923
   0.1441940019   0.1799835352  -1.5462913934
      
      
#  type   0  conf  1.0000
   0.1441940019   0.1799835352  -1.5462913934
  -0.0368258727  -0.0459662030  -1.3812914349
      
      
#  type   0  conf  1.0000
  -0.0368258727  -0.0459662030  -1.3812914349
  -1.3935727556  -1.7394631385  -2.7819684987
      
      
#  type   0  conf  1.0000
  -1.3935727556  -1.7394631385  -2.7819684987
  -1.4459878396  -1.8048878579  -2.8607115419
      
      
#  type   0  conf  1.0000
  -1.4459878396  -1.8048878579  -2.8607115419
  -2.0056337516  -2.5034401442  -3.7795586578
      
      
#  type   0  conf  1.0000
  -2.0056337516  -2.5034401442  -3.7795586578
  -2.0148481873  -2.5149416400  -3.9773953901
      
      
#  type   0  conf  1.0000
  -2.0148481873  -2.5149416400  -3.9773953901
  -1.6018728223  -1.9994641225  -4.3779189608
      
      
#  type   0  conf  1.0000
  -1.6018728223  -1.9994641225  -4.3779189608
  -1.3679068678  -1.7074268737  -4.5875470493
      
      
#  87  norm     0.7754957432   -0.6313527954    0.0000000000
# nedges  12 
#  type   0  conf  1.0000
   1.2974130011   1.5936228790  -4.5887428829
   1.9706188871   2.4205271116  -3.9572569569
      
      
#  type   0  conf  1.0000
   1.9706188871   2.4205271116  -3.9572569569
   1.9641336428   2.4125612336  -3.7488593027
      
      
#  type   0  conf  1.0000
   1.9641336428   2.4125612336  -3.7488593027
   1.4847621166   1.8237453122  -2.9092503006
      
      
#  type   0  conf  1.0000
   1.4847621166   1.8237453122  -2.9092503006
   1.4042515863   1.7248535770  -2.8190379082
      
      
#  type   0  conf  1.0000
   1.4042515863   1.7248535770  -2.8190379082
   0.1454945736   0.1787121611  -1.5481453178
      
      
#  type   0  conf  1.0000
   0.1454945736   0.1787121611  -1.5481453178
  -0.0371263751  -0.0456026267  -1.3812542406
      
      
#  type   0  conf  1.0000
  -0.0371263751  -0.0456026267  -1.3812542406
  -1.4030572125  -1.7233865180  -2.7788784045
      
      
#  type   0  conf  1.0000
  -1.4030572125  -1.7233865180  -2.7788784045
  -1.4339252139  -1.7613019336  -2.8206193715
      
      
#  type   0  conf  1.0000
  -1.4339252139  -1.7613019336  -2.8206193715
  -2.0234980265  -2.4854789860  -3.7785547495
      
      
#  type   0  conf  1.0000
  -2.0234980265  -2.4854789860  -3.7785547495
  -2.0331120518  -2.4972879711  -3.9781116537
      
      
#  type   0  conf  1.0000
  -2.0331120518  -2.4972879711  -3.9781116537
  -1.6146696145  -1.9833117422  -4.3776092212
      
      
#  type   0  conf  1.0000
  -1.6146696145  -1.9833117422  -4.3776092212
  -1.3802928643  -1.6954248850  -4.5876879665
      
      
#  88  norm     0.7705132428   -0.6374239897   -0.0000000000
# nedges  12 
#  type   0  conf  1.0000
   1.3104505044   1.5840625453  -4.5858548440
   1.9859071105   2.4005493238  -3.9586946098
      
      
#  type   0  conf  1.0000
   1.9859071105   2.4005493238  -3.9586946098
   1.9805253321   2.3940438712  -3.7502492930
      
      
#  type   0  conf  1.0000
   1.9805253321   2.3940438712  -3.7502492930
   1.4912062949   1.8025587622  -2.9060113864
      
      
#  type   0  conf  1.0000
   1.4912062949   1.8025587622  -2.9060113864
   1.3900527101   1.6802850826  -2.7956159489
      
      
#  type   0  conf  1.0000
   1.3900527101   1.6802850826  -2.7956159489
   0.0316273817   0.0382309371  -1.4345177016
      
      
#  type   4  conf  0.0000
#  type   0  conf  1.0000
  -0.0423189276  -0.0511547959  -1.3865914102
  -1.4167461590  -1.7125519195  -2.7802337640
      
      
#  type   0  conf  1.0000
  -1.4167461590  -1.7125519195  -2.7802337640
  -1.4811590483  -1.7904137273  -2.8758011565
      
      
#  type   0  conf  1.0000
  -1.4811590483  -1.7904137273  -2.8758011565
  -2.0418067770  -2.4681204130  -3.7793313816
      
      
#  type   0  conf  1.0000
  -2.0418067770  -2.4681204130  -3.7793313816
  -2.0492706773  -2.4771427187  -3.9576880480
      
      
#  type   0  conf  1.0000
  -2.0492706773  -2.4771427187  -3.9576880480
  -2.0450328188  -2.4720200277  -3.9866323876
      
      
#  type   0  conf  1.0000
  -2.0450328188  -2.4720200277  -3.9866323876
  -1.3940991298  -1.6851763639  -4.5907876009
      
      
#  89  norm     0.7654832135   -0.6434558647    0.0000000000
# nedges  11 
#  type   0  conf  1.0000
   1.3133573257   1.5624272638  -4.5927478695
   2.0013061822   2.3808412845  -3.9594558381
      
      
#  type   0  conf  1.0000
   2.0013061822   2.3808412845  -3.9594558381
   1.9965020231   2.3751260470  -3.7508111936
      
      
#  type   0  conf  1.0000
   1.9965020231   2.3751260470  -3.7508111936
   1.5022680394   1.7871637036  -2.9107015817
      
      
#  type   0  conf  1.0000
   1.5022680394   1.7871637036  -2.9107015817
   1.4240259203   1.6940834599  -2.8200797192
      
      
#  type   0  conf  1.0000
   1.4240259203   1.6940834599  -2.8200797192
   0.0302162588   0.0359465818  -1.4349383011
      
      
#  type   4  conf  0.0000
#  type   0  conf  1.0000
  -0.0428557542  -0.0509830779  -1.3861278809
  -1.4471988332  -1.7216509696  -2.7990277161
      
      
#  type   0  conf  1.0000
  -1.4471988332  -1.7216509696  -2.7990277161
  -2.0594872808  -2.4500560618  -3.7794561446
      
      
#  type   0  conf  1.0000
  -2.0594872808  -2.4500560618  -3.7794561446
  -2.0672590375  -2.4593016831  -3.9575478248
      
      
#  type   0  conf  1.0000
  -2.0672590375  -2.4593016831  -3.9575478248
  -2.0621389000  -2.4532105438  -3.9869273152
      
      
#  type   0  conf  1.0000
  -2.0621389000  -2.4532105438  -3.9869273152
  -1.4056992603  -1.6722812642  -4.5905482778
      
      
#  90  norm     0.7604059656   -0.6494480483   -0.0000000000
# nedges  10 
#  type   0  conf  1.0000
   1.3219415384   1.5477946767  -4.5898164636
   1.6035183227   1.8774787324  -4.3411125747
      
      
#  type   0  conf  1.0000
   1.6035183227   1.8774787324  -4.3411125747
   2.0169467698   2.3615412503  -3.9561884440
      
      
#  type   0  conf  1.0000
   2.0169467698   2.3615412503  -3.9561884440
   2.0116444048   2.3553329785  -3.7493685181
      
      
#  type   0  conf  1.0000
   2.0116444048   2.3553329785  -3.7493685181
   1.4867118290   1.7407158999  -2.8723356987
      
      
#  type   0  conf  1.0000
   1.4867118290   1.7407158999  -2.8723356987
   0.1835276809   0.2148833055  -1.5876372278
      
      
#  type   0  conf  1.0000
   0.1835276809   0.2148833055  -1.5876372278
  -0.0381288435  -0.0446431399  -1.3811399239
      
      
#  type   0  conf  1.0000
  -0.0381288435  -0.0446431399  -1.3811399239
  -1.4645877470  -1.7148119281  -2.8043269625
      
      
#  type   0  conf  1.0000
  -1.4645877470  -1.7148119281  -2.8043269625
  -2.0760963060  -2.4307964591  -3.7779820443
      
      
#  type   0  conf  1.0000
  -2.0760963060  -2.4307964591  -3.7779820443
  -2.0855510149  -2.4418665009  -3.9811378851
      
      
#  type   0  conf  1.0000
  -2.0855510149  -2.4418665009  -3.9811378851
  -1.4174334517  -1.6596013419  -4.5901180446
      
      
#  91  norm     0.7552818123   -0.6554001709    0.0000000000
# nedges  12 
#  type   0  conf  1.0000
   1.3312390038   1.5341170967  -4.5893535584
   1.6063331536   1.8511350306  -4.3508542910
      
      
#  type   0  conf  1.0000
   1.6063331536   1.8511350306  -4.3508542910
   2.0319491240   2.3416140015  -3.9559630468
      
      
#  type   0  conf  1.0000
   2.0319491240   2.3416140015  -3.9559630468
   2.0263077434   2.3351128861  -3.7495341111
      
      
#  type   0  conf  1.0000
   2.0263077434   2.3351128861  -3.7495341111
   1.5159776505   1.7470095342  -2.9088134526
      
      
#  type   0  conf  1.0000
   1.5159776505   1.7470095342  -2.9088134526
   1.4304840724   1.6484869101  -2.8079923445
      
      
#  type   0  conf  1.0000
   1.4304840724   1.6484869101  -2.8079923445
   0.0274802214   0.0316681507  -1.4356362256
      
      
#  type   4  conf  0.0000
#  type   0  conf  1.0000
  -0.0432557270  -0.0498478110  -1.3854171981
  -1.4551815742  -1.6769482606  -2.7834970741
      
      
#  type   0  conf  1.0000
  -1.4551815742  -1.6769482606  -2.7834970741
  -1.5660275763  -1.8046869660  -2.9370247680
      
      
#  type   0  conf  1.0000
  -1.5660275763  -1.8046869660  -2.9370247680
  -2.0930512290  -2.4120279420  -3.7809348990
      
      
#  type   0  conf  1.0000
  -2.0930512290  -2.4120279420  -3.7809348990
  -2.1028430748  -2.4233120451  -3.9803707888
      
      
#  type   0  conf  1.0000
  -2.1028430748  -2.4233120451  -3.9803707888
  -1.4287687669  -1.6465101956  -4.5898288307
      
      
#  92  norm     0.7501110696   -0.6613118653    0.0000000000
# nedges  13 
#  type   0  conf  1.0000
   1.3394725786   1.5193334059  -4.5896469650
   1.6173968536   1.8345766158  -4.3530390060
      
      
#  type   0  conf  1.0000
   1.6173968536   1.8345766158  -4.3530390060
   2.0463900013   2.3211738263  -3.9558789608
      
      
#  type   0  conf  1.0000
   2.0463900013   2.3211738263  -3.9558789608
   2.0414859399   2.3156112604  -3.7505511153
      
      
#  type   0  conf  1.0000
   2.0414859399   2.3156112604  -3.7505511153
   1.5234262475   1.7279878858  -2.9097714579
      
      
#  type   0  conf  1.0000
   1.5234262475   1.7279878858  -2.9097714579
   1.4424331527   1.6361192529  -2.8107067359
      
      
#  type   0  conf  1.0000
   1.4424331527   1.6361192529  -2.8107067359
   0.3350074277   0.3799913370  -1.7358533324
      
      
#  type   0  conf  1.0000
   0.3350074277   0.3799913370  -1.7358533324
  -0.0391250503  -0.0443786584  -1.3807331833
      
      
#  type   0  conf  1.0000
  -0.0391250503  -0.0443786584  -1.3807331833
  -1.3070855300  -1.4825975102  -2.6265595305
      
      
#  type   0  conf  1.0000
  -1.3070855300  -1.4825975102  -2.6265595305
  -1.4650620248  -1.6617866700  -2.7826598488
      
      
#  type   0  conf  1.0000
  -1.4650620248  -1.6617866700  -2.7826598488
  -1.5773799959  -1.7891864005  -2.9302453574
      
      
#  type   0  conf  1.0000
  -1.5773799959  -1.7891864005  -2.9302453574
  -2.1097025554  -2.3929878223  -3.7807727472
      
      
#  type   0  conf  1.0000
  -2.1097025554  -2.3929878223  -3.7807727472
  -2.1192969800  -2.4038705608  -3.9800428229
      
      
#  type   0  conf  1.0000
  -2.1192969800  -2.4038705608  -3.9800428229
  -1.4398630352  -1.6332040268  -4.5903743590
      
      
#  93  norm     0.7448940566   -0.6671827669    0.0000000000
# nedges  12 
#  type   0  conf  1.0000
   1.3529334042   1.5105187090  -4.5854600019
   1.6311081859   1.8210943891  -4.3529722654
      
      
#  type   0  conf  1.0000
   1.6311081859   1.8210943891  -4.3529722654
   2.0605670831   2.3005752689  -3.9559536322
      
      
#  type   0  conf  1.0000
   2.0605670831   2.3005752689  -3.9559536322
   2.0555913208   2.2950199459  -3.7492821213
      
      
#  type   0  conf  1.0000
   2.0555913208   2.2950199459  -3.7492821213
   1.5277900999   1.7057421468  -2.9068568704
      
      
#  type   0  conf  1.0000
   1.5277900999   1.7057421468  -2.9068568704
   1.4407240907   1.6085349706  -2.7978328664
      
      
#  type   0  conf  1.0000
   1.4407240907   1.6085349706  -2.7978328664
   0.0530069637   0.0591810433  -1.4649840368
      
      
#  type   0  conf  1.0000
   0.0530069637   0.0591810433  -1.4649840368
  -0.0442307774  -0.0493826353  -1.3845064559
      
      
#  type   0  conf  1.0000
  -0.0442307774  -0.0493826353  -1.3845064559
  -1.4736997410  -1.6453515179  -2.7795147655
      
      
#  type   0  conf  1.0000
  -1.4736997410  -1.6453515179  -2.7795147655
  -1.5956886516  -1.7815493021  -2.9343221164
      
      
#  type   0  conf  1.0000
  -1.5956886516  -1.7815493021  -2.9343221164
  -2.1263104979  -2.3739762639  -3.7819286010
      
      
#  type   0  conf  1.0000
  -2.1263104979  -2.3739762639  -3.7819286010
  -2.1354902428  -2.3842252358  -3.9812820904
      
      
#  type   0  conf  1.0000
  -2.1354902428  -2.3842252358  -3.9812820904
  -1.4512334786  -1.6202684579  -4.5897849711
      
      
#  94  norm     0.7396310950   -0.6730125135    0.0000000000
# nedges  12 
#  type   0  conf  1.0000
   1.3568667004   1.4911770334  -4.5892792866
   1.6446595400   1.8074572345  -4.3526853019
      
      
#  type   0  conf  1.0000
   1.6446595400   1.8074572345  -4.3526853019
   2.0747234298   2.2800912781  -3.9553935106
      
      
#  type   0  conf  1.0000
   2.0747234298   2.2800912781  -3.9553935106
   2.0697970651   2.2746772741  -3.7495476328
      
      
#  type   0  conf  1.0000
   2.0697970651   2.2746772741  -3.7495476328
   1.5319433516   1.6835837609  -2.9041536131
      
      
#  type   0  conf  1.0000
   1.5319433516   1.6835837609  -2.9041536131
   1.4483159997   1.5916785011  -2.7964356284
      
      
#  type   0  conf  1.0000
   1.4483159997   1.5916785011  -2.7964356284
   0.0076089149   0.0083620883  -1.4234176107
      
      
#  type   0  conf  1.0000
   0.0076089149   0.0083620883  -1.4234176107
  -0.0464796491  -0.0510804674  -1.3853657286
      
      
#  type   0  conf  1.0000
  -0.0464796491  -0.0510804674  -1.3853657286
  -1.4834392306  -1.6302784278  -2.7784345785
      
      
#  type   0  conf  1.0000
  -1.4834392306  -1.6302784278  -2.7784345785
  -1.6112449611  -1.7707350917  -2.9346373722
      
      
#  type   0  conf  1.0000
  -1.6112449611  -1.7707350917  -2.9346373722
  -2.1410298502  -2.3529610828  -3.7794525601
      
      
#  type   0  conf  1.0000
  -2.1410298502  -2.3529610828  -3.7794525601
  -2.1526187471  -2.3656971141  -3.9803134085
      
      
#  type   0  conf  1.0000
  -2.1526187471  -2.3656971141  -3.9803134085
  -1.4624391032  -1.6071995892  -4.5900933218
      
      
#  95  norm     0.7343225094   -0.6788007455   -0.0000000000
# nedges  11 
#  type   0  conf  1.0000
   1.3656804016   1.4773847351  -4.5890644416
   1.6605833648   1.7964089633  -4.3507130713
      
      
#  type   0  conf  1.0000
   1.6605833648   1.7964089633  -4.3507130713
   2.0892516475   2.2601396989  -3.9539679631
      
      
#  type   0  conf  1.0000
   2.0892516475   2.2601396989  -3.9539679631
   2.0831475815   2.2535363575  -3.7458807780
      
      
#  type   0  conf  1.0000
   2.0831475815   2.2535363575  -3.7458807780
   1.4809539923   1.6020870029  -2.8186329768
      
      
#  type   0  conf  1.0000
   1.4809539923   1.6020870029  -2.8186329768
   0.0173387902   0.0187569976  -1.4342524020
      
      
#  type   0  conf  1.0000
   0.0173387902   0.0187569976  -1.4342524020
  -0.0471864791  -0.0510460455  -1.3846989863
      
      
#  type   0  conf  1.0000
  -0.0471864791  -0.0510460455  -1.3846989863
  -1.4951093210  -1.6174001512  -2.7793673134
      
      
#  type   0  conf  1.0000
  -1.4951093210  -1.6174001512  -2.7793673134
  -1.6252719147  -1.7582092518  -2.9332987290
      
      
#  type   0  conf  1.0000
  -1.6252719147  -1.7582092518  -2.9332987290
  -2.1579654073  -2.3344738255  -3.7811327411
      
      
#  type   0  conf  1.0000
  -2.1579654073  -2.3344738255  -3.7811327411
  -2.1677704592  -2.3450808709  -3.9819106064
      
      
#  type   0  conf  1.0000
  -2.1677704592  -2.3450808709  -3.9819106064
  -1.4726301291  -1.5930822984  -4.5908471308
      
      
#  96  norm     0.7289686274   -0.6845471059    0.0000000000
# nedges  13 
#  type   0  conf  1.0000
   1.3791161208   1.4686095039  -4.5848519913
   1.6716500904   1.7801265412  -4.3524407045
      
      
#  type   0  conf  1.0000
   1.6716500904   1.7801265412  -4.3524407045
   2.1025722742   2.2390120585  -3.9547275397
      
      
#  type   0  conf  1.0000
   2.1025722742   2.2390120585  -3.9547275397
   2.0962494794   2.2322789659  -3.7452655064
      
      
#  type   0  conf  1.0000
   2.0962494794   2.2322789659  -3.7452655064
   1.5111193037   1.6091786163  -2.8547688094
      
      
#  type   0  conf  1.0000
   1.5111193037   1.6091786163  -2.8547688094
   1.4632736133   1.5582281310  -2.7936017420
      
      
#  type   0  conf  1.0000
   1.4632736133   1.5582281310  -2.7936017420
  -0.0264331133  -0.0281484067  -1.3949647223
      
      
#  type   4  conf  0.0000
#  type   0  conf  1.0000
  -0.0552431840  -0.0588280159  -1.3906938349
  -1.5054793842  -1.6031727121  -2.7792984521
      
      
#  type   0  conf  1.0000
  -1.5054793842  -1.6031727121  -2.7792984521
  -1.6403219850  -1.7467654973  -2.9335784741
      
      
#  type   0  conf  1.0000
  -1.6403219850  -1.7467654973  -2.9335784741
  -2.1735329848  -2.3145775402  -3.7815492924
      
      
#  type   0  conf  1.0000
  -2.1735329848  -2.3145775402  -3.7815492924
  -2.1832960811  -2.3249741818  -3.9784608800
      
      
#  type   0  conf  1.0000
  -2.1832960811  -2.3249741818  -3.9784608800
  -1.7527056709  -1.8664419674  -4.3611641112
      
      
#  type   0  conf  1.0000
  -1.7527056709  -1.8664419674  -4.3611641112
  -1.4815005321  -1.5776378280  -4.5875131321
      
      
#  97  norm     0.7235697792   -0.6902512402    0.0000000000
# nedges  13 
#  type   0  conf  1.0000
   1.3816020783   1.4482922339  -4.5892159039
   1.6854951627   1.7668542867  -4.3519918550
      
      
#  type   0  conf  1.0000
   1.6854951627   1.7668542867  -4.3519918550
   2.1164770020   2.2186396891  -3.9531885787
      
      
#  type   0  conf  1.0000
   2.1164770020   2.2186396891  -3.9531885787
   2.1102320734   2.2120933168  -3.7465761412
      
      
#  type   0  conf  1.0000
   2.1102320734   2.2120933168  -3.7465761412
   1.4897354225   1.5616451921  -2.8106230826
      
      
#  type   0  conf  1.0000
   1.4897354225   1.5616451921  -2.8106230826
  -0.0250749646  -0.0262853371  -1.3976135694
      
      
#  type   4  conf  0.0000
#  type   0  conf  1.0000
  -0.0558678765  -0.0585646279  -1.3896077781
  -1.5137698291  -1.5868397435  -2.7772925868
      
      
#  type   0  conf  1.0000
  -1.5137698291  -1.5868397435  -2.7772925868
  -1.6495432791  -1.7291669998  -2.9273404165
      
      
#  type   0  conf  1.0000
  -1.6495432791  -1.7291669998  -2.9273404165
  -1.6671981681  -1.7476740932  -2.9526454048
      
      
#  type   0  conf  1.0000
  -1.6671981681  -1.7476740932  -2.9526454048
  -2.1888039228  -2.2944578420  -3.7825288362
      
      
#  type   0  conf  1.0000
  -2.1888039228  -2.2944578420  -3.7825288362
  -2.1989247455  -2.3050671985  -3.9777031124
      
      
#  type   0  conf  1.0000
  -2.1989247455  -2.3050671985  -3.9777031124
  -1.7703517344  -1.8558068988  -4.3585118867
      
      
#  type   0  conf  1.0000
  -1.7703517344  -1.8558068988  -4.3585118867
  -1.4915992994  -1.5635990387  -4.5874723164
      
      
#  98  norm     0.7181262978   -0.6959127966    0.0000000000
# nedges  12 
#  type   0  conf  1.0000
   1.3903147705   1.4346935475  -4.5892163454
   1.6986832338   1.7529051165  -4.3512966475
      
      
#  type   0  conf  1.0000
   1.6986832338   1.7529051165  -4.3512966475
   2.1291690548   2.1971320230  -3.9540692164
      
      
#  type   0  conf  1.0000
   2.1291690548   2.1971320230  -3.9540692164
   2.1237034084   2.1914919134  -3.7471617088
      
      
#  type   0  conf  1.0000
   2.1237034084   2.1914919134  -3.7471617088
   1.4983522417   1.5461795692  -2.8108446487
      
      
#  type   0  conf  1.0000
   1.4983522417   1.5461795692  -2.8108446487
  -0.0355098032  -0.0366432743  -1.3894474261
      
      
#  type   4  conf  0.0000
#  type   0  conf  1.0000
  -0.0650090374  -0.0670841226  -1.3963170795
  -1.5214884729  -1.5700543078  -2.7748840179
      
      
#  type   0  conf  1.0000
  -1.5214884729  -1.5700543078  -2.7748840179
  -1.6683085766  -1.7215609017  -2.9319369371
      
      
#  type   0  conf  1.0000
  -1.6683085766  -1.7215609017  -2.9319369371
  -2.2038494127  -2.2741961742  -3.7817031130
      
      
#  type   0  conf  1.0000
  -2.2038494127  -2.2741961742  -3.7817031130
  -2.2136683524  -2.2843285339  -3.9785814972
      
      
#  type   0  conf  1.0000
  -2.2136683524  -2.2843285339  -3.9785814972
  -1.7724051496  -1.8289802321  -4.3685222821
      
      
#  type   0  conf  1.0000
  -1.7724051496  -1.8289802321  -4.3685222821
  -1.5019367439  -1.5498784886  -4.5870245214
      
      
#  99  norm     0.7126385189   -0.7015314258    0.0000000000
# nedges  13 
#  type   0  conf  1.0000
   1.3976937960   1.4198229759  -4.5890419842
   1.7094307323   1.7364955304  -4.3528356136
      
      
#  type   0  conf  1.0000
   1.7094307323   1.7364955304  -4.3528356136
   2.1412413602   2.1751428597  -3.9544533163
      
      
#  type   0  conf  1.0000
   2.1412413602   2.1751428597  -3.9544533163
   2.1373576019   2.1711976113  -3.7487443796
      
      
#  type   0  conf  1.0000
   2.1373576019   2.1711976113  -3.7487443796
   1.5656465315   1.5904348463  -2.8979497202
      
      
#  type   0  conf  1.0000
   1.5656465315   1.5904348463  -2.8979497202
   1.4893515168   1.5129318803  -2.7947918441
      
      
#  type   0  conf  1.0000
   1.4893515168   1.5129318803  -2.7947918441
   0.0008904055   0.0009045030  -1.4248370849
      
      
#  type   4  conf  0.0000
#  type   0  conf  1.0000
  -0.0564719180  -0.0573660175  -1.3846030631
  -1.6642836431  -1.6906336436  -2.9024480181
      
      
#  type   0  conf  1.0000
  -1.6642836431  -1.6906336436  -2.9024480181
  -2.2183564338  -2.2534788683  -3.7821643803
      
      
#  type   0  conf  1.0000
  -2.2183564338  -2.2534788683  -3.7821643803
  -2.2283676996  -2.2636486389  -3.9764854162
      
      
#  type   0  conf  1.0000
  -2.2283676996  -2.2636486389  -3.9764854162
  -1.7988381195  -1.8273184724  -4.3583649615
      
      
#  type   0  conf  1.0000
  -1.7988381195  -1.8273184724  -4.3583649615
  -1.7667566230  -1.7947290412  -4.3841211225
      
      
#  type   0  conf  1.0000
  -1.7667566230  -1.7947290412  -4.3841211225
  -1.5120088157  -1.5359479040  -4.5862716333
      
      
# 100  norm     0.7071067812   -0.7071067812    0.0000000000
# nedges  12 
#  type   0  conf  1.0000
   1.4049615617   1.4049615617  -4.5889803747
   1.7229064687   1.7229064687  -4.3516323998
      
      
#  type   0  conf  1.0000
   1.7229064687   1.7229064687  -4.3516323998
   2.1543164926   2.1543164926  -3.9531498762
      
      
#  type   0  conf  1.0000
   2.1543164926   2.1543164926  -3.9531498762
   2.1477465040   2.1477465040  -3.7475223754
      
      
#  type   0  conf  1.0000
   2.1477465040   2.1477465040  -3.7475223754
   1.6502349068   1.6502349068  -3.0038987097
      
      
#  type   0  conf  1.0000
   1.6502349068   1.6502349068  -3.0038987097
   1.5019825675   1.5019825675  -2.7993651123
      
      
#  type   0  conf  1.0000
   1.5019825675   1.5019825675  -2.7993651123
  -0.0008680776  -0.0008680776  -1.4244968545
      
      
#  type   4  conf  0.0000
#  type   0  conf  1.0000
  -0.0585984604  -0.0585984604  -1.3843503364
  -1.6820365384  -1.6820365384  -2.9084484515
      
      
#  type   0  conf  1.0000
  -1.6820365384  -1.6820365384  -2.9084484515
  -2.2324365919  -2.2324365919  -3.7818054067
      
      
#  type   0  conf  1.0000
  -2.2324365919  -2.2324365919  -3.7818054067
  -2.2432936027  -2.2432936027  -3.9766123940
      
      
#  type   0  conf  1.0000
  -2.2432936027  -2.2432936027  -3.9766123940
  -1.8052625374  -1.8052625374  -4.3645540339
      
      
#  type   0  conf  1.0000
  -1.8052625374  -1.8052625374  -4.3645540339
  -1.5207644909  -1.5207644909  -4.5874484066
      
      
# 101  norm     0.7015314258   -0.7126385189    0.0000000000
# nedges  13 
#  type   0  conf  1.0000
   1.4119189358   1.3899129472  -4.5891528553
   1.7346984861   1.7076616965  -4.3518615316
      
      
#  type   0  conf  1.0000
   1.7346984861   1.7076616965  -4.3518615316
   2.1670184058   2.1332435330  -3.9515448641
      
      
#  type   0  conf  1.0000
   2.1670184058   2.1332435330  -3.9515448641
   2.1606476320   2.1269720533  -3.7499466628
      
      
#  type   0  conf  1.0000
   2.1606476320   2.1269720533  -3.7499466628
   1.6616331728   1.6357351699  -3.0022254873
      
      
#  type   0  conf  1.0000
   1.6616331728   1.6357351699  -3.0022254873
   1.5172907459   1.4936424457  -2.8104521939
      
      
#  type   0  conf  1.0000
   1.5172907459   1.4936424457  -2.8104521939
   1.4991232003   1.4757580571  -2.7897575620
      
      
#  type   0  conf  1.0000
   1.4991232003   1.4757580571  -2.7897575620
  -0.0370459804  -0.0364685865  -1.3932572122
      
      
#  type   4  conf  0.0000
#  type   0  conf  1.0000
  -0.0737739133  -0.0726240825  -1.3959946173
  -1.6998389798  -1.6733455061  -2.9144113553
      
      
#  type   0  conf  1.0000
  -1.6998389798  -1.6733455061  -2.9144113553
  -2.2470596083  -2.2120372236  -3.7836073368
      
      
#  type   0  conf  1.0000
  -2.2470596083  -2.2120372236  -3.7836073368
  -2.2569460830  -2.2217696090  -3.9772562743
      
      
#  type   0  conf  1.0000
  -2.2569460830  -2.2217696090  -3.9772562743
  -1.8135574614  -1.7852915859  -4.3689572607
      
      
#  type   0  conf  1.0000
  -1.8135574614  -1.7852915859  -4.3689572607
  -1.5298894652  -1.5060448029  -4.5870465070
      
      
# 102  norm     0.6959127966   -0.7181262978    0.0000000000
# nedges  14 
#  type   0  conf  1.0000
   1.4184982812   1.3746204656  -4.5893559686
   1.7451735702   1.6911908442  -4.3526441936
      
      
#  type   0  conf  1.0000
   1.7451735702   1.6911908442  -4.3526441936
   2.1780392889   2.1106669083  -3.9522414077
      
      
#  type   0  conf  1.0000
   2.1780392889   2.1106669083  -3.9522414077
   2.1726659294   2.1054597606  -3.7516729387
      
      
#  type   0  conf  1.0000
   2.1726659294   2.1054597606  -3.7516729387
   1.6771722673   1.6252929973  -3.0062554216
      
      
#  type   0  conf  1.0000
   1.6771722673   1.6252929973  -3.0062554216
   1.5139974028   1.4671655528  -2.7972767111
      
      
#  type   0  conf  1.0000
   1.5139974028   1.4671655528  -2.7972767111
  -0.0371375972  -0.0359888354  -1.3936676741
      
      
#  type   4  conf  0.0000
#  type   0  conf  1.0000
  -0.0757100153  -0.0733681089  -1.3954116378
  -1.5496138832  -1.5016803234  -2.7639879459
      
      
#  type   0  conf  1.0000
  -1.5496138832  -1.5016803234  -2.7639879459
  -1.7260090589  -1.6726191407  -2.9339190808
      
      
#  type   0  conf  1.0000
  -1.7260090589  -1.6726191407  -2.9339190808
  -2.2612013613  -2.1912565630  -3.7852750397
      
      
#  type   0  conf  1.0000
  -2.2612013613  -2.1912565630  -3.7852750397
  -2.2704622505  -2.2002309890  -3.9755943588
      
      
#  type   0  conf  1.0000
  -2.2704622505  -2.2002309890  -3.9755943588
  -1.8384966301  -1.7816271808  -4.3597150344
      
      
#  type   0  conf  1.0000
  -1.8384966301  -1.7816271808  -4.3597150344
  -1.8183889235  -1.7621414576  -4.3757126571
      
      
#  type   0  conf  1.0000
  -1.8183889235  -1.7621414576  -4.3757126571
  -1.5392742512  -1.4916605230  -4.5868142155
      
      
# 103  norm     0.6902512402   -0.7235697792    0.0000000000
# nedges  13 
#  type   0  conf  1.0000
   1.4300278912   1.3641787618  -4.5859357959
   1.7576330910   1.6766985795  -4.3522487450
      
      
#  type   0  conf  1.0000
   1.7576330910   1.6766985795  -4.3522487450
   2.1905767622   2.0897063012  -3.9505469994
      
      
#  type   0  conf  1.0000
   2.1905767622   2.0897063012  -3.9505469994
   2.1842910798   2.0837100584  -3.7522994017
      
      
#  type   0  conf  1.0000
   2.1842910798   2.0837100584  -3.7522994017
   1.6871482236   1.6094593601  -3.0022661194
      
      
#  type   0  conf  1.0000
   1.6871482236   1.6094593601  -3.0022661194
   1.6020170342   1.5282482443  -2.8974867456
      
      
#  type   0  conf  1.0000
   1.6020170342   1.5282482443  -2.8974867456
   1.5178924586   1.4479973904  -2.7940113728
      
      
#  type   0  conf  1.0000
   1.5178924586   1.4479973904  -2.7940113728
  -0.0375303074  -0.0358021327  -1.3947086848
      
      
#  type   4  conf  0.0000
#  type   0  conf  1.0000
  -0.0780613625  -0.0744668362  -1.3949608381
  -1.7320243747  -1.6522690791  -2.9224303111
      
      
#  type   0  conf  1.0000
  -1.7320243747  -1.6522690791  -2.9224303111
  -2.2750775206  -2.1703160157  -3.7853952272
      
      
#  type   0  conf  1.0000
  -2.2750775206  -2.1703160157  -3.7853952272
  -2.2843898560  -2.1791995418  -3.9757900719
      
      
#  type   0  conf  1.0000
  -2.2843898560  -2.1791995418  -3.9757900719
  -1.8426753456  -1.7578248557  -4.3674903495
      
      
#  type   0  conf  1.0000
  -1.8426753456  -1.7578248557  -4.3674903495
  -1.5483329328  -1.4770361586  -4.5868041136
      
      
# 104  norm     0.6845471059   -0.7289686274    0.0000000000
# nedges  15 
#  type   0  conf  1.0000
   1.4408703652   1.3530673357  -4.5827922243
   1.7689321259   1.6611378348  -4.3521895548
      
      
#  type   0  conf  1.0000
   1.7689321259   1.6611378348  -4.3521895548
   2.2018043524   2.0676319125  -3.9498726788
      
      
#  type   0  conf  1.0000
   2.2018043524   2.0676319125  -3.9498726788
   2.1957324663   2.0619300319  -3.7543968426
      
      
#  type   0  conf  1.0000
   2.1957324663   2.0619300319  -3.7543968426
   1.7217556768   1.6168362002  -3.0355619266
      
      
#  type   0  conf  1.0000
   1.7217556768   1.6168362002  -3.0355619266
   1.6936730548   1.5904648628  -2.9957266260
      
      
#  type   0  conf  1.0000
   1.6936730548   1.5904648628  -2.9957266260
   1.5356757398   1.4420955083  -2.8069469341
      
      
#  type   0  conf  1.0000
   1.5356757398   1.4420955083  -2.8069469341
   1.5094115210   1.4174317652  -2.7806522643
      
      
#  type   0  conf  1.0000
   1.5094115210   1.4174317652  -2.7806522643
  -0.0186828604  -0.0175443737  -1.4119637925
      
      
#  type   4  conf  0.0000
#  type   0  conf  1.0000
  -0.0708585306  -0.0665405893  -1.3860314840
  -1.6860200015  -1.5832781675  -2.8690731812
      
      
#  type   0  conf  1.0000
  -1.6860200015  -1.5832781675  -2.8690731812
  -1.7548541144  -1.6479177020  -2.9374099108
      
      
#  type   0  conf  1.0000
  -1.7548541144  -1.6479177020  -2.9374099108
  -2.2887323334  -2.1492627202  -3.7874726225
      
      
#  type   0  conf  1.0000
  -2.2887323334  -2.1492627202  -3.7874726225
  -2.2973704647  -2.1573744653  -3.9759104234
      
      
#  type   0  conf  1.0000
  -2.2973704647  -2.1573744653  -3.9759104234
  -1.8551448844  -1.7420970038  -4.3678987172
      
      
#  type   0  conf  1.0000
  -1.8551448844  -1.7420970038  -4.3678987172
  -1.5564967454  -1.4616477340  -4.5871265266
      
      
# 105  norm     0.6788007455   -0.7343225094   -0.0000000000
# nedges  13 
#  type   0  conf  1.0000
   1.4517646280   1.3419974183  -4.5798799751
   1.7793632537   1.6448264730  -4.3526096185
      
      
#  type   0  conf  1.0000
   1.7793632537   1.6448264730  -4.3526096185
   2.2133573381   2.0460064780  -3.9495356114
      
      
#  type   0  conf  1.0000
   2.2133573381   2.0460064780  -3.9495356114
   2.2065366698   2.0397015170  -3.7531323493
      
      
#  type   0  conf  1.0000
   2.2065366698   2.0397015170  -3.7531323493
   1.7114092955   1.5820104801  -3.0022563735
      
      
#  type   0  conf  1.0000
   1.7114092955   1.5820104801  -3.0022563735
   1.5328875772   1.4169867011  -2.7958125754
      
      
#  type   0  conf  1.0000
   1.5328875772   1.4169867011  -2.7958125754
  -0.0350024350  -0.0323559181  -1.3979101959
      
      
#  type   4  conf  0.0000
#  type   0  conf  1.0000
  -0.0800804282  -0.0740255864  -1.3922049050
  -1.7252497675  -1.5948044808  -2.8941485067
      
      
#  type   0  conf  1.0000
  -1.7252497675  -1.5948044808  -2.8941485067
  -1.7669008682  -1.6333063623  -2.9355639453
      
      
#  type   0  conf  1.0000
  -1.7669008682  -1.6333063623  -2.9355639453
  -2.3025396491  -2.1284457583  -3.7899092986
      
      
#  type   0  conf  1.0000
  -2.3025396491  -2.1284457583  -3.7899092986
  -2.3110974016  -2.1363564633  -3.9753329556
      
      
#  type   0  conf  1.0000
  -2.3110974016  -2.1363564633  -3.9753329556
  -1.8667133366  -1.7255720590  -4.3689531410
      
      
#  type   0  conf  1.0000
  -1.8667133366  -1.7255720590  -4.3689531410
  -1.5658701251  -1.4474754548  -4.5863793956
      
      
# 106  norm     0.6730125135   -0.7396310950    0.0000000000
# nedges  13 
#  type   0  conf  1.0000
   1.4612043019   1.3295936131  -4.5776240333
   1.7903187473   1.6290647166  -4.3526011495
      
      
#  type   0  conf  1.0000
   1.7903187473   1.6290647166  -4.3526011495
   2.2239816972   2.0236676395  -3.9490841136
      
      
#  type   0  conf  1.0000
   2.2239816972   2.0236676395  -3.9490841136
   2.2184734730   2.0186555411  -3.7560661898
      
      
#  type   0  conf  1.0000
   2.2184734730   2.0186555411  -3.7560661898
   1.7246369237   1.5692988556  -3.0040513192
      
      
#  type   0  conf  1.0000
   1.7246369237   1.5692988556  -3.0040513192
   1.5379590403   1.3994350514  -2.7947098543
      
      
#  type   0  conf  1.0000
   1.5379590403   1.3994350514  -2.7947098543
  -0.0551099617  -0.0501462068  -1.3804043090
      
      
#  type   0  conf  1.0000
  -0.0551099617  -0.0501462068  -1.3804043090
  -0.2740900400  -0.2494027468  -1.5629386663
      
      
#  type   0  conf  1.0000
  -0.2740900400  -0.2494027468  -1.5629386663
  -1.7777717185  -1.6176477988  -2.9327626460
      
      
#  type   0  conf  1.0000
  -1.7777717185  -1.6176477988  -2.9327626460
  -2.3147843892  -2.1062917319  -3.7889121519
      
      
#  type   0  conf  1.0000
  -2.3147843892  -2.1062917319  -3.7889121519
  -2.3244681708  -2.1151032952  -3.9731127067
      
      
#  type   0  conf  1.0000
  -2.3244681708  -2.1151032952  -3.9731127067
  -1.8909611780  -1.7206422824  -4.3593224256
      
      
#  type   0  conf  1.0000
  -1.8909611780  -1.7206422824  -4.3593224256
  -1.8742563318  -1.7054420418  -4.3722618857
      
      
#  type   0  conf  1.0000
  -1.8742563318  -1.7054420418  -4.3722618857
  -1.5738714024  -1.4321127866  -4.5872388884
      
      
# 107  norm     0.6671827669   -0.7448940566    0.0000000000
# nedges  15 
#  type   0  conf  1.0000
   1.4511856995   1.2997903282  -4.5887688576
   1.8010836753   1.6131850956  -4.3523672349
      
      
#  type   0  conf  1.0000
   1.8010836753   1.6131850956  -4.3523672349
   2.2342658927   2.0011754519  -3.9482091104
      
      
#  type   0  conf  1.0000
   2.2342658927   2.0011754519  -3.9482091104
   2.2282426237   1.9957805622  -3.7559960728
      
      
#  type   0  conf  1.0000
   2.2282426237   1.9957805622  -3.7559960728
   1.7357820443   1.5546960764  -3.0036895456
      
      
#  type   0  conf  1.0000
   1.7357820443   1.5546960764  -3.0036895456
   1.5572862259   1.3948218862  -2.8093562910
      
      
#  type   0  conf  1.0000
   1.5572862259   1.3948218862  -2.8093562910
   1.5380997312   1.3776370282  -2.7898499087
      
      
#  type   0  conf  1.0000
   1.5380997312   1.3776370282  -2.7898499087
  -0.0279776635  -0.0250588856  -1.4049242161
      
      
#  type   4  conf  0.0000
#  type   0  conf  1.0000
  -0.0690765252  -0.0618700965  -1.3908486640
  -0.2737411282  -0.2451830052  -1.5592115888
      
      
#  type   0  conf  1.0000
  -0.2737411282  -0.2451830052  -1.5592115888
  -1.7910129520  -1.6041650035  -2.9338542951
      
      
#  type   0  conf  1.0000
  -1.7910129520  -1.6041650035  -2.9338542951
  -2.3274468331  -2.0846352635  -3.7902684875
      
      
#  type   0  conf  1.0000
  -2.3274468331  -2.0846352635  -3.7902684875
  -2.3371129739  -2.0932929814  -3.9722842688
      
      
#  type   0  conf  1.0000
  -2.3371129739  -2.0932929814  -3.9722842688
  -1.9154685053  -1.7156366949  -4.3485416370
      
      
#  type   0  conf  1.0000
  -1.9154685053  -1.7156366949  -4.3485416370
  -1.8768788182  -1.6810728882  -4.3791429482
      
      
#  type   0  conf  1.0000
  -1.8768788182  -1.6810728882  -4.3791429482
  -1.5823258607  -1.4172492539  -4.5863956830
      
      
# 108  norm     0.6613118653   -0.7501110696    0.0000000000
# nedges  15 
#  type   0  conf  1.0000
   1.4632788796   1.2900538661  -4.5841653581
   1.8104234222   1.5961029490  -4.3530414495
      
      
#  type   0  conf  1.0000
   1.8104234222   1.5961029490  -4.3530414495
   2.2425942814   1.9771128136  -3.9488357090
      
      
#  type   0  conf  1.0000
   2.2425942814   1.9771128136  -3.9488357090
   2.2408045289   1.9755349345  -3.7638952458
      
      
#  type   0  conf  1.0000
   2.2408045289   1.9755349345  -3.7638952458
   1.7793282484   1.5686888657  -3.0521971817
      
      
#  type   0  conf  1.0000
   1.7793282484   1.5686888657  -3.0521971817
   1.7431020992   1.5367512190  -2.9993090968
      
      
#  type   0  conf  1.0000
   1.7431020992   1.5367512190  -2.9993090968
   1.5877638820   1.3998021587  -2.8356171028
      
      
#  type   0  conf  1.0000
   1.5877638820   1.3998021587  -2.8356171028
   1.5482221019   1.3649413901  -2.7939753602
      
      
#  type   0  conf  1.0000
   1.5482221019   1.3649413901  -2.7939753602
  -0.0281655133  -0.0248312402  -1.4049251078
      
      
#  type   4  conf  0.0000
#  type   0  conf  1.0000
  -0.0696903192  -0.0614402811  -1.3897633548
  -0.2756822216  -0.2430465722  -1.5573185728
      
      
#  type   0  conf  1.0000
  -0.2756822216  -0.2430465722  -1.5573185728
  -1.8038293527  -1.5902894948  -2.9343183394
      
      
#  type   0  conf  1.0000
  -1.8038293527  -1.5902894948  -2.9343183394
  -2.3399880876  -2.0629770039  -3.7923146642
      
      
#  type   0  conf  1.0000
  -2.3399880876  -2.0629770039  -3.7923146642
  -2.3491790126  -2.0710798943  -3.9720120876
      
      
#  type   0  conf  1.0000
  -2.3491790126  -2.0710798943  -3.9720120876
  -1.9079745708  -1.6821058554  -4.3659021819
      
      
#  type   0  conf  1.0000
  -1.9079745708  -1.6821058554  -4.3659021819
  -1.5895040046  -1.4013362831  -4.5869055197
      
      
# 109  norm     0.6554001709   -0.7552818123    0.0000000000
# nedges  15 
#  type   0  conf  1.0000
   1.4738164810   1.2789127950  -4.5807156704
   1.8054162898   1.5666604513  -4.3627847291
      
      
#  type   0  conf  1.0000
   1.8054162898   1.5666604513  -4.3627847291
   1.8349423425   1.5922818547  -4.3398654308
      
      
#  type   0  conf  1.0000
   1.8349423425   1.5922818547  -4.3398654308
   2.2457438605   1.9487572534  -3.9532815305
      
      
#  type   0  conf  1.0000
   2.2457438605   1.9487572534  -3.9532815305
   2.2547747639   1.9565938721  -3.9201700484
      
      
#  type   0  conf  1.0000
   2.2547747639   1.9565938721  -3.9201700484
   2.2461889183   1.9491434548  -3.7557349944
      
      
#  type   0  conf  1.0000
   2.2461889183   1.9491434548  -3.7557349944
   1.7578030649   1.5253437994  -3.0030364354
      
      
#  type   0  conf  1.0000
   1.7578030649   1.5253437994  -3.0030364354
   1.5504166575   1.3453830422  -2.7913000749
      
      
#  type   0  conf  1.0000
   1.5504166575   1.3453830422  -2.7913000749
   0.0026582550   0.0023067162  -1.4319882213
      
      
#  type   0  conf  1.0000
   0.0026582550   0.0023067162  -1.4319882213
  -0.0685339467  -0.0594707295  -1.3875495082
      
      
#  type   0  conf  1.0000
  -0.0685339467  -0.0594707295  -1.3875495082
  -0.2778550957  -0.2411103700  -1.5558082945
      
      
#  type   0  conf  1.0000
  -0.2778550957  -0.2411103700  -1.5558082945
  -1.8165472558  -1.5763194116  -2.9349035883
      
      
#  type   0  conf  1.0000
  -1.8165472558  -1.5763194116  -2.9349035883
  -2.3530040400  -2.0418328959  -3.7962888412
      
      
#  type   0  conf  1.0000
  -2.3530040400  -2.0418328959  -3.7962888412
  -2.3605513854  -2.0483821486  -3.9720720194
      
      
#  type   0  conf  1.0000
  -2.3605513854  -2.0483821486  -3.9720720194
  -1.9204749282  -1.6665032517  -4.3650140606
      
      
#  type   0  conf  1.0000
  -1.9204749282  -1.6665032517  -4.3650140606
  -1.5978715738  -1.3865623209  -4.5868302188
      
      
# 110  norm     0.6494480483   -0.7604059656   -0.0000000000
# nedges  16 
#  type   0  conf  1.0000
   1.4727901480   1.2578816191  -4.5844620458
   1.8311398032   1.5639411383  -4.3521109040
      
      
#  type   0  conf  1.0000
   1.8311398032   1.5639411383  -4.3521109040
   2.2613509695   1.9313761861  -3.9471917645
      
      
#  type   0  conf  1.0000
   2.2613509695   1.9313761861  -3.9471917645
   2.2626076678   1.9324495078  -3.8464973845
      
      
#  type   0  conf  1.0000
   2.2626076678   1.9324495078  -3.8464973845
   2.2525063207   1.9238221424  -3.7518419764
      
      
#  type   0  conf  1.0000
   2.2525063207   1.9238221424  -3.7518419764
   1.7673131081   1.5094279908  -3.0013630351
      
      
#  type   0  conf  1.0000
   1.7673131081   1.5094279908  -3.0013630351
   1.5716492837   1.3423152975  -2.8075908838
      
      
#  type   0  conf  1.0000
   1.5716492837   1.3423152975  -2.8075908838
   1.4342637876   1.2249769988  -2.6854231126
      
      
#  type   0  conf  1.0000
   1.4342637876   1.2249769988  -2.6854231126
   0.0511658981   0.0436998053  -1.4742815235
      
      
#  type   0  conf  1.0000
   0.0511658981   0.0436998053  -1.4742815235
  -0.0688402178  -0.0587951004  -1.3866524796
      
      
#  type   0  conf  1.0000
  -0.0688402178  -0.0587951004  -1.3866524796
  -0.2767337825  -0.2363529786  -1.5512298932
      
      
#  type   0  conf  1.0000
  -0.2767337825  -0.2363529786  -1.5512298932
  -1.8276954425  -1.5609993763  -2.9340597368
      
      
#  type   0  conf  1.0000
  -1.8276954425  -1.5609993763  -2.9340597368
  -2.3631179414  -2.0182933913  -3.7947984325
      
      
#  type   0  conf  1.0000
  -2.3631179414  -2.0182933913  -3.7947984325
  -2.3741691401  -2.0277320066  -3.9685511381
      
      
#  type   0  conf  1.0000
  -2.3741691401  -2.0277320066  -3.9685511381
  -1.9687826122  -1.6814992029  -4.3324528793
      
      
#  type   0  conf  1.0000
  -1.9687826122  -1.6814992029  -4.3324528793
  -1.9239125180  -1.6431765222  -4.3711166473
      
      
#  type   0  conf  1.0000
  -1.9239125180  -1.6431765222  -4.3711166473
  -1.6044811539  -1.3703563637  -4.5866826940
      
      
# 111  norm     0.6434558647   -0.7654832135    0.0000000000
# nedges  18 
#  type   0  conf  1.0000
   1.4834587199   1.2469773296  -4.5810520336
   1.8316547700   1.5396666878  -4.3580625122
      
      
#  type   0  conf  1.0000
   1.8316547700   1.5396666878  -4.3580625122
   1.8585174801   1.5622471547  -4.3356262709
      
      
#  type   0  conf  1.0000
   1.8585174801   1.5622471547  -4.3356262709
   2.2578851211   1.8979507290  -3.9576405729
      
      
#  type   0  conf  1.0000
   2.2578851211   1.8979507290  -3.9576405729
   2.2742716640   1.9117250573  -3.9184759676
      
      
#  type   0  conf  1.0000
   2.2742716640   1.9117250573  -3.9184759676
   2.2649693695   1.9039056619  -3.7582092587
      
      
#  type   0  conf  1.0000
   2.2649693695   1.9039056619  -3.7582092587
   1.7778681518   1.4944543118  -3.0009236164
      
      
#  type   0  conf  1.0000
   1.7778681518   1.4944543118  -3.0009236164
   1.5705312544   1.3201694415  -2.8013659462
      
      
#  type   0  conf  1.0000
   1.5705312544   1.3201694415  -2.8013659462
   1.1948069950   1.0043402058  -2.4718946574
      
      
#  type   0  conf  1.0000
   1.1948069950   1.0043402058  -2.4718946574
   0.0599374767   0.0503827128  -1.4817574852
      
      
#  type   0  conf  1.0000
   0.0599374767   0.0503827128  -1.4817574852
  -0.0714477233  -0.0600580859  -1.3881658326
      
      
#  type   0  conf  1.0000
  -0.0714477233  -0.0600580859  -1.3881658326
  -0.2791219736  -0.2346265310  -1.5502020430
      
      
#  type   0  conf  1.0000
  -0.2791219736  -0.2346265310  -1.5502020430
  -1.8397528275  -1.5464738164  -2.9341347975
      
      
#  type   0  conf  1.0000
  -1.8397528275  -1.5464738164  -2.9341347975
  -2.3765060877  -1.9976620685  -3.7998688475
      
      
#  type   0  conf  1.0000
  -2.3765060877  -1.9976620685  -3.7998688475
  -2.3845087734  -2.0043890287  -3.9462781247
      
      
#  type   0  conf  1.0000
  -2.3845087734  -2.0043890287  -3.9462781247
  -2.3748206880  -1.9962453421  -3.9779484021
      
      
#  type   0  conf  1.0000
  -2.3748206880  -1.9962453421  -3.9779484021
  -1.9586479421  -1.6464156014  -4.3518593492
      
      
#  type   0  conf  1.0000
  -1.9586479421  -1.6464156014  -4.3518593492
  -1.9383856795  -1.6293833903  -4.3678058156
      
      
#  type   0  conf  1.0000
  -1.9383856795  -1.6293833903  -4.3678058156
  -1.6073288085  -1.3511010172  -4.5919653410
      
      
# 112  norm     0.6374239897   -0.7705132428   -0.0000000000
# nedges  14 
#  type   0  conf  1.0000
   1.4829223856   1.2267800877  -4.5842817817
   1.8493014219   1.5298751860  -4.3528220470
      
      
#  type   0  conf  1.0000
   1.8493014219   1.5298751860  -4.3528220470
   2.2803102065   1.8864366619  -3.9446748158
      
      
#  type   0  conf  1.0000
   2.2803102065   1.8864366619  -3.9446748158
   2.2810137074   1.8870186485  -3.8294608743
      
      
#  type   0  conf  1.0000
   2.2810137074   1.8870186485  -3.8294608743
   2.2691559808   1.8772090840  -3.7520493710
      
      
#  type   0  conf  1.0000
   2.2691559808   1.8772090840  -3.7520493710
   1.7727541658   1.4665497885  -2.9767837379
      
      
#  type   0  conf  1.0000
   1.7727541658   1.4665497885  -2.9767837379
   0.6055092708   0.5009208327  -1.9541360087
      
      
#  type   0  conf  1.0000
   0.6055092708   0.5009208327  -1.9541360087
   0.1476585641   0.1221537877  -1.5547489313
      
      
#  type   0  conf  1.0000
   0.1476585641   0.1221537877  -1.5547489313
  -0.0676258275  -0.0559449499  -1.3831991981
      
      
#  type   0  conf  1.0000
  -0.0676258275  -0.0559449499  -1.3831991981
  -0.2827091855  -0.2338773780  -1.5499316694
      
      
#  type   0  conf  1.0000
  -0.2827091855  -0.2338773780  -1.5499316694
  -1.8509903650  -1.5312724012  -2.9338770722
      
      
#  type   0  conf  1.0000
  -1.8509903650  -1.5312724012  -2.9338770722
  -2.3897383286  -1.9769634775  -3.8054978509
      
      
#  type   0  conf  1.0000
  -2.3897383286  -1.9769634775  -3.8054978509
  -2.3949340472  -1.9812617497  -3.9689971724
      
      
#  type   0  conf  1.0000
  -2.3949340472  -1.9812617497  -3.9689971724
  -1.9528515299  -1.6155392853  -4.3667255706
      
      
#  type   0  conf  1.0000
  -1.9528515299  -1.6155392853  -4.3667255706
  -1.6182600631  -1.3387411515  -4.5866369355
      
      
# 113  norm     0.6313527954   -0.7754957432    0.0000000000
# nedges  14 
#  type   0  conf  1.0000
   1.4818724689   1.2064338637  -4.5876696228
   1.8576588939   1.5123721129  -4.3532085044
      
      
#  type   0  conf  1.0000
   1.8576588939   1.5123721129  -4.3532085044
   2.2906452951   1.8648784641  -3.9420260988
      
      
#  type   0  conf  1.0000
   2.2906452951   1.8648784641  -3.9420260988
   2.2872652444   1.8621266702  -3.7706004861
      
      
#  type   0  conf  1.0000
   2.2872652444   1.8621266702  -3.7706004861
   1.8031839839   1.4680225636  -3.0072130846
      
      
#  type   0  conf  1.0000
   1.8031839839   1.4680225636  -3.0072130846
   1.5809352508   1.2870836478  -2.8032417810
      
      
#  type   0  conf  1.0000
   1.5809352508   1.2870836478  -2.8032417810
   0.1657667137   0.1349553224  -1.5684700245
      
      
#  type   0  conf  1.0000
   0.1657667137   0.1349553224  -1.5684700245
  -0.0692254683  -0.0563583918  -1.3832627798
      
      
#  type   0  conf  1.0000
  -0.0692254683  -0.0563583918  -1.3832627798
  -0.2885148457  -0.2348880132  -1.5516393682
      
      
#  type   0  conf  1.0000
  -0.2885148457  -0.2348880132  -1.5516393682
  -1.8620236819  -1.5159256090  -2.9336362971
      
      
#  type   0  conf  1.0000
  -1.8620236819  -1.5159256090  -2.9336362971
  -2.3987447400  -1.9528852486  -3.8037992686
      
      
#  type   0  conf  1.0000
  -2.3987447400  -1.9528852486  -3.8037992686
  -2.4094084403  -1.9615668655  -3.9626062189
      
      
#  type   0  conf  1.0000
  -2.4094084403  -1.9615668655  -3.9626062189
  -1.9742900237  -1.6073247809  -4.3583500999
      
      
#  type   0  conf  1.0000
  -1.9742900237  -1.6073247809  -4.3583500999
  -1.9439225212  -1.5826017469  -4.3797113502
      
      
#  type   0  conf  1.0000
  -1.9439225212  -1.5826017469  -4.3797113502
  -1.6254653067  -1.3233368130  -4.5866591191
      
      
# 114  norm     0.6252426563   -0.7804304073    0.0000000000
# nedges  14 
#  type   0  conf  1.0000
   1.4919754194   1.1952977045  -4.5841990830
   1.8549809491   1.4861199733  -4.3600635271
      
      
#  type   0  conf  1.0000
   1.8549809491   1.4861199733  -4.3600635271
   1.8850747201   1.5102296301  -4.3370007061
      
      
#  type   0  conf  1.0000
   1.8850747201   1.5102296301  -4.3370007061
   2.2911589862   1.8355644747  -3.9460009660
      
      
#  type   0  conf  1.0000
   2.2911589862   1.8355644747  -3.9460009660
   2.3014928758   1.8438434813  -3.9056005310
      
      
#  type   0  conf  1.0000
   2.3014928758   1.8438434813  -3.9056005310
   2.2915363701   1.8358668161  -3.7635053394
      
      
#  type   0  conf  1.0000
   2.2915363701   1.8358668161  -3.7635053394
   1.8010033946   1.4428757977  -2.9889421158
      
      
#  type   0  conf  1.0000
   1.8010033946   1.4428757977  -2.9889421158
   0.1644818399   0.1317748021  -1.5668808112
      
      
#  type   0  conf  1.0000
   0.1644818399   0.1317748021  -1.5668808112
  -0.0705823498  -0.0565471251  -1.3832614076
      
      
#  type   0  conf  1.0000
  -0.0705823498  -0.0565471251  -1.3832614076
  -0.2896216608  -0.2320307036  -1.5493483312
      
      
#  type   0  conf  1.0000
  -0.2896216608  -0.2320307036  -1.5493483312
  -1.8732514986  -1.5007574435  -2.9336792441
      
      
#  type   0  conf  1.0000
  -1.8732514986  -1.5007574435  -2.9336792441
  -2.4114194643  -1.9319112854  -3.8092987545
      
      
#  type   0  conf  1.0000
  -2.4114194643  -1.9319112854  -3.8092987545
  -2.4191580518  -1.9381110631  -3.9641921748
      
      
#  type   0  conf  1.0000
  -2.4191580518  -1.9381110631  -3.9641921748
  -1.9765837070  -1.5835421529  -4.3650545453
      
      
#  type   0  conf  1.0000
  -1.9765837070  -1.5835421529  -4.3650545453
  -1.6310469621  -1.3067150198  -4.5876132171
      
      
# 115  norm     0.6190939493   -0.7853169309    0.0000000000
# nedges  16 
#  type   0  conf  1.0000
   1.4906122857   1.1751039747  -4.5871210555
   1.8670290578   1.4718470307  -4.3579877767
      
      
#  type   0  conf  1.0000
   1.8670290578   1.4718470307  -4.3579877767
   1.8965840786   1.4951463304  -4.3334394487
      
      
#  type   0  conf  1.0000
   1.8965840786   1.4951463304  -4.3334394487
   2.3091190433   1.8203626737  -3.9357262422
      
      
#  type   0  conf  1.0000
   2.3091190433   1.8203626737  -3.9357262422
   2.3046488311   1.8168386425  -3.8101389312
      
      
#  type   0  conf  1.0000
   2.3046488311   1.8168386425  -3.8101389312
   2.2891574957   1.8046262583  -3.7485035420
      
      
#  type   0  conf  1.0000
   2.2891574957   1.8046262583  -3.7485035420
   1.8131161052   1.4293454859  -2.9932169105
      
      
#  type   0  conf  1.0000
   1.8131161052   1.4293454859  -2.9932169105
   0.1575958789   0.1242385733  -1.5606796152
      
      
#  type   0  conf  1.0000
   0.1575958789   0.1242385733  -1.5606796152
  -0.0725366562  -0.0571832890  -1.3831380532
      
      
#  type   0  conf  1.0000
  -0.0725366562  -0.0571832890  -1.3831380532
  -0.2977896555  -0.2347584352  -1.5530549154
      
      
#  type   0  conf  1.0000
  -0.2977896555  -0.2347584352  -1.5530549154
  -1.8842792750  -1.4854460054  -2.9339037377
      
      
#  type   0  conf  1.0000
  -1.8842792750  -1.4854460054  -2.9339037377
  -2.4229729263  -1.9101178378  -3.8141653288
      
      
#  type   0  conf  1.0000
  -2.4229729263  -1.9101178378  -3.8141653288
  -2.4291956429  -1.9150234321  -3.9333456203
      
      
#  type   0  conf  1.0000
  -2.4291956429  -1.9150234321  -3.9333456203
  -2.4163568484  -1.9049021426  -3.9732492969
      
      
#  type   0  conf  1.0000
  -2.4163568484  -1.9049021426  -3.9732492969
  -1.9993127410  -1.5761310779  -4.3542820216
      
      
#  type   0  conf  1.0000
  -1.9993127410  -1.5761310779  -4.3542820216
  -1.9684838148  -1.5518275121  -4.3770835541
      
      
#  type   0  conf  1.0000
  -1.9684838148  -1.5518275121  -4.3770835541
  -1.6374256228  -1.2908422774  -4.5866507348
      
      
# 116  norm     0.6129070537   -0.7901550124   -0.0000000000
# nedges  15 
#  type   0  conf  1.0000
   1.4922844519   1.1575344740  -4.5885130521
   1.8780587032   1.4567716566  -4.3558549001
      
      
#  type   0  conf  1.0000
   1.8780587032   1.4567716566  -4.3558549001
   1.9193111967   1.4887703706  -4.3189327618
      
      
#  type   0  conf  1.0000
   1.9193111967   1.4887703706  -4.3189327618
   2.3164943228   1.7968571837  -3.9342288806
      
      
#  type   0  conf  1.0000
   2.3164943228   1.7968571837  -3.9342288806
   2.3125407238   1.7937904579  -3.8160863285
      
      
#  type   0  conf  1.0000
   2.3125407238   1.7937904579  -3.8160863285
   2.2974835121   1.7821108873  -3.7519097105
      
      
#  type   0  conf  1.0000
   2.2974835121   1.7821108873  -3.7519097105
   1.8257298063   1.4161812035  -2.9982339783
      
      
#  type   0  conf  1.0000
   1.8257298063   1.4161812035  -2.9982339783
   0.1577899124   0.1223944021  -1.5602844171
      
      
#  type   0  conf  1.0000
   0.1577899124   0.1223944021  -1.5602844171
  -0.0743107261  -0.0576413077  -1.3832723277
      
      
#  type   0  conf  1.0000
  -0.0743107261  -0.0576413077  -1.3832723277
  -0.2983037748  -0.2313881262  -1.5499043310
      
      
#  type   0  conf  1.0000
  -0.2983037748  -0.2313881262  -1.5499043310
  -1.8956678803  -1.4704307345  -2.9345703969
      
      
#  type   0  conf  1.0000
  -1.8956678803  -1.4704307345  -2.9345703969
  -2.4335405663  -1.8876475566  -3.8184926218
      
      
#  type   0  conf  1.0000
  -2.4335405663  -1.8876475566  -3.8184926218
  -2.4401918771  -1.8928068421  -3.9301983445
      
      
#  type   0  conf  1.0000
  -2.4401918771  -1.8928068421  -3.9301983445
  -2.4300484635  -1.8849388040  -3.9705621938
      
      
#  type   0  conf  1.0000
  -2.4300484635  -1.8849388040  -3.9705621938
  -1.9954618790  -1.5478388946  -4.3660114990
      
      
#  type   0  conf  1.0000
  -1.9954618790  -1.5478388946  -4.3660114990
  -1.6431373694  -1.2745479913  -4.5867134798
      
      
# 117  norm     0.6066823510   -0.7949443534    0.0000000000
# nedges  15 
#  type   0  conf  1.0000
   1.4981534325   1.1433545539  -4.5867946615
   1.8919203209   1.4438679428  -4.3524602681
      
      
#  type   0  conf  1.0000
   1.8919203209   1.4438679428  -4.3524602681
   2.3223127014   1.7723330236  -3.9353766051
      
      
#  type   0  conf  1.0000
   2.3223127014   1.7723330236  -3.9353766051
   2.3218894581   1.7720100145  -3.8325207666
      
      
#  type   0  conf  1.0000
   2.3218894581   1.7720100145  -3.8325207666
   2.3096319383   1.7626553711  -3.7633570207
      
      
#  type   0  conf  1.0000
   2.3096319383   1.7626553711  -3.7633570207
   1.8370951029   1.4020266592  -3.0010960019
      
      
#  type   0  conf  1.0000
   1.8370951029   1.4020266592  -3.0010960019
   0.1479435932   0.1129069809  -1.5518113555
      
      
#  type   0  conf  1.0000
   0.1479435932   0.1129069809  -1.5518113555
  -0.0761633653  -0.0581260428  -1.3835328871
      
      
#  type   0  conf  1.0000
  -0.0761633653  -0.0581260428  -1.3835328871
  -0.3021632794  -0.2306037246  -1.5498345622
      
      
#  type   0  conf  1.0000
  -0.3021632794  -0.2306037246  -1.5498345622
  -1.9062254804  -1.4547852954  -2.9348817092
      
      
#  type   0  conf  1.0000
  -1.9062254804  -1.4547852954  -2.9348817092
  -2.4449988691  -1.8659641468  -3.8235375396
      
      
#  type   0  conf  1.0000
  -2.4449988691  -1.8659641468  -3.8235375396
  -2.4499925035  -1.8697751681  -3.9315692874
      
      
#  type   0  conf  1.0000
  -2.4499925035  -1.8697751681  -3.9315692874
  -2.4355065693  -1.8587198526  -3.9709132877
      
      
#  type   0  conf  1.0000
  -2.4355065693  -1.8587198526  -3.9709132877
  -2.0228924191  -1.5438226882  -4.3507714820
      
      
#  type   0  conf  1.0000
  -2.0228924191  -1.5438226882  -4.3507714820
  -1.9972169039  -1.5242277545  -4.3710100292
      
      
#  type   0  conf  1.0000
  -1.9972169039  -1.5242277545  -4.3710100292
  -1.6491866399  -1.2586194539  -4.5867042212
      
      
# 118  norm     0.6004202253   -0.7996846585    0.0000000000
# nedges  14 
#  type   0  conf  1.0000
   1.5080815782   1.1322996776  -4.5826468489
   1.8997306809   1.4263581418  -4.3522953192
      
      
#  type   0  conf  1.0000
   1.8997306809   1.4263581418  -4.3522953192
   2.3297526307   1.7492277545  -3.9325914082
      
      
#  type   0  conf  1.0000
   2.3297526307   1.7492277545  -3.9325914082
   2.3285250754   1.7483060799  -3.8283281231
      
      
#  type   0  conf  1.0000
   2.3285250754   1.7483060799  -3.8283281231
   2.3132000563   1.7367997301  -3.7597658473
      
      
#  type   0  conf  1.0000
   2.3132000563   1.7367997301  -3.7597658473
   1.8471899623   1.3869094544  -3.0034737279
      
      
#  type   0  conf  1.0000
   1.8471899623   1.3869094544  -3.0034737279
   0.1447020615   0.1086453810  -1.5487205789
      
      
#  type   0  conf  1.0000
   0.1447020615   0.1086453810  -1.5487205789
  -0.0786335462  -0.0590397365  -1.3843035414
      
      
#  type   0  conf  1.0000
  -0.0786335462  -0.0590397365  -1.3843035414
  -0.3059471798  -0.2297116403  -1.5496193458
      
      
#  type   0  conf  1.0000
  -0.3059471798  -0.2297116403  -1.5496193458
  -1.9163361626  -1.4388258901  -2.9349053765
      
      
#  type   0  conf  1.0000
  -1.9163361626  -1.4388258901  -2.9349053765
  -2.4553286718  -1.8435129132  -3.8261340439
      
      
#  type   0  conf  1.0000
  -2.4553286718  -1.8435129132  -3.8261340439
  -2.4609547471  -1.8477370899  -3.9303719019
      
      
#  type   0  conf  1.0000
  -2.4609547471  -1.8477370899  -3.9303719019
  -2.4453815182  -1.8360443790  -3.9709523163
      
      
#  type   0  conf  1.0000
  -2.4453815182  -1.8360443790  -3.9709523163
  -2.0149654833  -1.5128788788  -4.3658016447
      
      
#  type   0  conf  1.0000
  -2.0149654833  -1.5128788788  -4.3658016447
  -1.6546948119  -1.2423800073  -4.5863741721
      
      
# 119  norm     0.5941210629   -0.8043756353    0.0000000000
# nedges  15 
#  type   0  conf  1.0000
   1.5056831603   1.1121148384  -4.5860272846
   1.9078093163   1.4091298258  -4.3517510347
      
      
#  type   0  conf  1.0000
   1.9078093163   1.4091298258  -4.3517510347
   2.3069735099   1.7039570739  -3.9610591377
      
      
#  type   0  conf  1.0000
   2.3069735099   1.7039570739  -3.9610591377
   2.3376802987   1.7266374600  -3.9201532900
      
      
#  type   0  conf  1.0000
   2.3376802987   1.7266374600  -3.9201532900
   2.3335592368   1.7235935965  -3.8168169663
      
      
#  type   0  conf  1.0000
   2.3335592368   1.7235935965  -3.8168169663
   2.3191399226   1.7129433258  -3.7613942462
      
      
#  type   0  conf  1.0000
   2.3191399226   1.7129433258  -3.7613942462
   1.8813498926   1.3895865922  -3.0438483751
      
      
#  type   0  conf  1.0000
   1.8813498926   1.3895865922  -3.0438483751
   1.8496746815   1.3661909183  -2.9989770061
      
      
#  type   0  conf  1.0000
   1.8496746815   1.3661909183  -2.9989770061
   0.1492905868   0.1102677383  -1.5522441449
      
      
#  type   0  conf  1.0000
   0.1492905868   0.1102677383  -1.5522441449
  -0.0790555794  -0.0583913570  -1.3833320346
      
      
#  type   0  conf  1.0000
  -0.0790555794  -0.0583913570  -1.3833320346
  -0.3103662515  -0.2292400704  -1.5502797807
      
      
#  type   0  conf  1.0000
  -0.3103662515  -0.2292400704  -1.5502797807
  -1.9265635890  -1.4229819465  -2.9351137178
      
      
#  type   0  conf  1.0000
  -1.9265635890  -1.4229819465  -2.9351137178
  -2.4657160796  -1.8212061552  -3.8278719265
      
      
#  type   0  conf  1.0000
  -2.4657160796  -1.8212061552  -3.8278719265
  -2.4712519397  -1.8252950049  -3.9526119872
      
      
#  type   0  conf  1.0000
  -2.4712519397  -1.8252950049  -3.9526119872
  -2.0280937308  -1.4979732729  -4.3633014615
      
      
#  type   0  conf  1.0000
  -2.0280937308  -1.4979732729  -4.3633014615
  -1.6598744266  -1.2260022748  -4.5870867661
      
      
# 120  norm     0.5877852523   -0.8090169944    0.0000000000
# nedges  14 
#  type   0  conf  1.0000
   1.5225348756   1.1061863375  -4.5776427387
   1.9144727157   1.3909458467  -4.3520424825
      
      
#  type   0  conf  1.0000
   1.9144727157   1.3909458467  -4.3520424825
   2.3424268876   1.7018727525  -3.9307825389
      
      
#  type   0  conf  1.0000
   2.3424268876   1.7018727525  -3.9307825389
   2.3427153281   1.7020823169  -3.8235700529
      
      
#  type   0  conf  1.0000
   2.3427153281   1.7020823169  -3.8235700529
   2.3207203258   1.6861020123  -3.7542056500
      
      
#  type   0  conf  1.0000
   2.3207203258   1.6861020123  -3.7542056500
   1.8659247506   1.3556736854  -3.0061219131
      
      
#  type   0  conf  1.0000
   1.8659247506   1.3556736854  -3.0061219131
   0.1491196589   0.1083417739  -1.5517935009
      
      
#  type   0  conf  1.0000
   0.1491196589   0.1083417739  -1.5517935009
  -0.0804555282  -0.0584543629  -1.3833613345
      
      
#  type   0  conf  1.0000
  -0.0804555282  -0.0584543629  -1.3833613345
  -0.3122166223  -0.2268386540  -1.5486533935
      
      
#  type   0  conf  1.0000
  -0.3122166223  -0.2268386540  -1.5486533935
  -1.9362048272  -1.4067351499  -2.9351846548
      
      
#  type   0  conf  1.0000
  -1.9362048272  -1.4067351499  -2.9351846548
  -2.4756097547  -1.7986357695  -3.8288953760
      
      
#  type   0  conf  1.0000
  -2.4756097547  -1.7986357695  -3.8288953760
  -2.4819926736  -1.8032732316  -3.9477666758
      
      
#  type   0  conf  1.0000
  -2.4819926736  -1.8032732316  -3.9477666758
  -2.0693381651  -1.5034621818  -4.3339802076
      
      
#  type   0  conf  1.0000
  -2.0693381651  -1.5034621818  -4.3339802076
  -2.0281799419  -1.4735589823  -4.3689171182
      
      
#  type   0  conf  1.0000
  -2.0281799419  -1.4735589823  -4.3689171182
  -1.6645348358  -1.2093553476  -4.5868229178
      
      
# 121  norm     0.5814131843   -0.8136084495    0.0000000000
# nedges  16 
#  type   0  conf  1.0000
   1.5132835817   1.0814084177  -4.5846335662
   1.9235174733   1.3745658860  -4.3507241539
      
      
#  type   0  conf  1.0000
   1.9235174733   1.3745658860  -4.3507241539
   2.3514624598   1.6803798896  -3.9258263859
      
      
#  type   0  conf  1.0000
   2.3514624598   1.6803798896  -3.9258263859
   2.3480590959   1.6779478099  -3.8281500904
      
      
#  type   0  conf  1.0000
   2.3480590959   1.6779478099  -3.8281500904
   2.3338189556   1.6677716553  -3.7709503373
      
      
#  type   0  conf  1.0000
   2.3338189556   1.6677716553  -3.7709503373
   1.9029008898   1.3598330579  -3.0521540576
      
      
#  type   0  conf  1.0000
   1.9029008898   1.3598330579  -3.0521540576
   1.8677133066   1.3346876396  -3.0007701337
      
      
#  type   0  conf  1.0000
   1.8677133066   1.3346876396  -3.0007701337
   0.1456525476   0.1040848476  -1.5486929487
      
      
#  type   0  conf  1.0000
   0.1456525476   0.1040848476  -1.5486929487
  -0.0822695645  -0.0587906990  -1.3833227865
      
      
#  type   0  conf  1.0000
  -0.0822695645  -0.0587906990  -1.3833227865
  -0.3177477770  -0.2270659147  -1.5501519894
      
      
#  type   0  conf  1.0000
  -0.3177477770  -0.2270659147  -1.5501519894
  -1.9454888737  -1.3902668806  -2.9351539044
      
      
#  type   0  conf  1.0000
  -1.9454888737  -1.3902668806  -2.9351539044
  -2.4845108250  -1.7754576555  -3.8268092887
      
      
#  type   0  conf  1.0000
  -2.4845108250  -1.7754576555  -3.8268092887
  -2.4903378416  -1.7796217030  -3.9207620689
      
      
#  type   0  conf  1.0000
  -2.4903378416  -1.7796217030  -3.9207620689
  -2.4761105645  -1.7694547407  -3.9608971366
      
      
#  type   0  conf  1.0000
  -2.4761105645  -1.7694547407  -3.9608971366
  -2.0607173584  -1.4726103718  -4.3501253273
      
      
#  type   0  conf  1.0000
  -2.0607173584  -1.4726103718  -4.3501253273
  -2.0288708345  -1.4498525097  -4.3737968128
      
      
#  type   0  conf  1.0000
  -2.0288708345  -1.4498525097  -4.3737968128
  -1.6692552296  -1.1928674033  -4.5864635706
      
      
# 122  norm     0.5750052520   -0.8181497174    0.0000000000
# nedges  14 
#  type   0  conf  1.0000
   1.5213843558   1.0692468338  -4.5813420060
   1.9283796127   1.3552878913  -4.3520801288
      
      
#  type   0  conf  1.0000
   1.9283796127   1.3552878913  -4.3520801288
   2.3568473818   1.6564200829  -3.9261135464
      
      
#  type   0  conf  1.0000
   2.3568473818   1.6564200829  -3.9261135464
   2.3535943199   1.6541337927  -3.7951133353
      
      
#  type   0  conf  1.0000
   2.3535943199   1.6541337927  -3.7951133353
   1.8955016869   1.3321808980  -3.0279605454
      
      
#  type   0  conf  1.0000
   1.8955016869   1.3321808980  -3.0279605454
   1.8708633759   1.3148648029  -2.9964332485
      
      
#  type   0  conf  1.0000
   1.8708633759   1.3148648029  -2.9964332485
   0.1430306026   0.1005235912  -1.5464252098
      
      
#  type   0  conf  1.0000
   0.1430306026   0.1005235912  -1.5464252098
  -0.0842570084  -0.0592168173  -1.3835790021
      
      
#  type   0  conf  1.0000
  -0.0842570084  -0.0592168173  -1.3835790021
  -0.3209988619  -0.2256017787  -1.5497323759
      
      
#  type   0  conf  1.0000
  -0.3209988619  -0.2256017787  -1.5497323759
  -1.9542004097  -1.3734350513  -2.9348293483
      
      
#  type   0  conf  1.0000
  -1.9542004097  -1.3734350513  -2.9348293483
  -2.4954293139  -1.7538170961  -3.8283670968
      
      
#  type   0  conf  1.0000
  -2.4954293139  -1.7538170961  -3.8283670968
  -2.5007829875  -1.7575797209  -3.9448076586
      
      
#  type   0  conf  1.0000
  -2.5007829875  -1.7575797209  -3.9448076586
  -2.0880080185  -1.4674766139  -4.3323952075
      
      
#  type   0  conf  1.0000
  -2.0880080185  -1.4674766139  -4.3323952075
  -2.0422689386  -1.4353306501  -4.3708592687
      
      
#  type   0  conf  1.0000
  -2.0422689386  -1.4353306501  -4.3708592687
  -1.6745322594  -1.1768809832  -4.5860355184
      
      
# 123  norm     0.5685618507   -0.8226405180    0.0000000000
# nedges  15 
#  type   0  conf  1.0000
   1.5195311304   1.0502125932  -4.5836484420
   1.9373223085   1.3389658460  -4.3495943469
      
      
#  type   0  conf  1.0000
   1.9373223085   1.3389658460  -4.3495943469
   2.3607997824   1.6316491397  -3.9261778472
      
      
#  type   0  conf  1.0000
   2.3607997824   1.6316491397  -3.9261778472
   2.3613926875   1.6320589216  -3.8281478179
      
      
#  type   0  conf  1.0000
   2.3613926875   1.6320589216  -3.8281478179
   2.3366517442   1.6149594034  -3.7621478866
      
      
#  type   0  conf  1.0000
   2.3366517442   1.6149594034  -3.7621478866
   1.9102935875   1.3202851474  -3.0391070722
      
      
#  type   0  conf  1.0000
   1.9102935875   1.3202851474  -3.0391070722
   1.8827542781   1.3012515593  -3.0004022904
      
      
#  type   0  conf  1.0000
   1.8827542781   1.3012515593  -3.0004022904
   0.1468288573   0.1014796682  -1.5490998066
      
      
#  type   0  conf  1.0000
   0.1468288573   0.1014796682  -1.5490998066
  -0.0855910023  -0.0591555820  -1.3832595226
      
      
#  type   0  conf  1.0000
  -0.0855910023  -0.0591555820  -1.3832595226
  -0.3265895806  -0.2257199497  -1.5511898295
      
      
#  type   0  conf  1.0000
  -0.3265895806  -0.2257199497  -1.5511898295
  -1.9617732451  -1.3558649282  -2.9338523708
      
      
#  type   0  conf  1.0000
  -1.9617732451  -1.3558649282  -2.9338523708
  -2.5018720624  -1.7291501925  -3.8206637470
      
      
#  type   0  conf  1.0000
  -2.5018720624  -1.7291501925  -3.8206637470
  -2.5092437280  -1.7342450641  -3.9205079097
      
      
#  type   0  conf  1.0000
  -2.5092437280  -1.7342450641  -3.9205079097
  -2.4996037903  -1.7275824932  -3.9531091942
      
      
#  type   0  conf  1.0000
  -2.4996037903  -1.7275824932  -3.9531091942
  -2.0621424859  -1.4252343795  -4.3637929262
      
      
#  type   0  conf  1.0000
  -2.0621424859  -1.4252343795  -4.3637929262
  -1.6767294509  -1.1588590385  -4.5873747131
      
      
# 124  norm     0.5620833779   -0.8270805743    0.0000000000
# nedges  13 
#  type   0  conf  1.0000
   1.5160543114   1.0303094461  -4.5863937537
   1.9446123168   1.3215571658  -4.3488853041
      
      
#  type   0  conf  1.0000
   1.9446123168   1.3215571658  -4.3488853041
   2.3686004522   1.6096992051  -3.9217086980
      
      
#  type   0  conf  1.0000
   2.3686004522   1.6096992051  -3.9217086980
   2.3643694333   1.6068238076  -3.8041625713
      
      
#  type   0  conf  1.0000
   2.3643694333   1.6068238076  -3.8041625713
   1.8991825180   1.2906831065  -3.0081862879
      
      
#  type   0  conf  1.0000
   1.8991825180   1.2906831065  -3.0081862879
   0.1472940808   0.1001009540  -1.5491913140
      
      
#  type   0  conf  1.0000
   0.1472940808   0.1001009540  -1.5491913140
  -0.0871623743  -0.0592354884  -1.3832158044
      
      
#  type   0  conf  1.0000
  -0.0871623743  -0.0592354884  -1.3832158044
  -0.3300235756  -0.2242837903  -1.5506899669
      
      
#  type   0  conf  1.0000
  -0.3300235756  -0.2242837903  -1.5506899669
  -1.9706614438  -1.3392601342  -2.9343676171
      
      
#  type   0  conf  1.0000
  -1.9706614438  -1.3392601342  -2.9343676171
  -2.5100486429  -1.7058272962  -3.8166211250
      
      
#  type   0  conf  1.0000
  -2.5100486429  -1.7058272962  -3.8166211250
  -2.5176218354  -1.7109740325  -3.9185610158
      
      
#  type   0  conf  1.0000
  -2.5176218354  -1.7109740325  -3.9185610158
  -2.5010845559  -1.6997353090  -3.9575795691
      
      
#  type   0  conf  1.0000
  -2.5010845559  -1.6997353090  -3.9575795691
  -2.0720120153  -1.4081379115  -4.3624297997
      
      
#  type   0  conf  1.0000
  -2.0720120153  -1.4081379115  -4.3624297997
  -1.6812166343  -1.1425536448  -4.5865844291
      
      
# 125  norm     0.5555702330   -0.8314696123    0.0000000000
# nedges  12 
#  type   0  conf  1.0000
   1.5248061643   1.0188429059  -4.5817630352
   1.9476531739   1.3013802449  -4.3510442652
      
      
#  type   0  conf  1.0000
   1.9476531739   1.3013802449  -4.3510442652
   2.3750282093   1.5869431139  -3.9201468698
      
      
#  type   0  conf  1.0000
   2.3750282093   1.5869431139  -3.9201468698
   2.3676569035   1.5820177648  -3.8039930537
      
      
#  type   0  conf  1.0000
   2.3676569035   1.5820177648  -3.8039930537
   1.9060755080   1.2735989367  -3.0082045892
      
      
#  type   0  conf  1.0000
   1.9060755080   1.2735989367  -3.0082045892
   0.1474554367   0.0985265729  -1.5488863489
      
      
#  type   0  conf  1.0000
   0.1474554367   0.0985265729  -1.5488863489
  -0.0888301020  -0.0593543765  -1.3834638707
      
      
#  type   0  conf  1.0000
  -0.0888301020  -0.0593543765  -1.3834638707
  -0.3337261579  -0.2229886896  -1.5507572888
      
      
#  type   0  conf  1.0000
  -0.3337261579  -0.2229886896  -1.5507572888
  -1.9785096736  -1.3219978988  -2.9338603436
      
      
#  type   0  conf  1.0000
  -1.9785096736  -1.3219978988  -2.9338603436
  -2.5180758242  -1.6825244744  -3.8128571447
      
      
#  type   0  conf  1.0000
  -2.5180758242  -1.6825244744  -3.8128571447
  -2.5278741074  -1.6890714779  -3.9393072117
      
      
#  type   0  conf  1.0000
  -2.5278741074  -1.6890714779  -3.9393072117
  -2.0785514576  -1.3888436818  -4.3631533221
      
      
#  type   0  conf  1.0000
  -2.0785514576  -1.3888436818  -4.3631533221
  -1.6850873032  -1.1259393390  -4.5863490328
      
      
# 126  norm     0.5490228180   -0.8358073614    0.0000000000
# nedges  12 
#  type   0  conf  1.0000
   1.5220151287   0.9997770702  -4.5836725410
   1.9528623601   1.2827908028  -4.3508735945
      
      
#  type   0  conf  1.0000
   1.9528623601   1.2827908028  -4.3508735945
   2.3778707417   1.5619691281  -3.9226117329
      
      
#  type   0  conf  1.0000
   2.3778707417   1.5619691281  -3.9226117329
   2.3748015795   1.5599530653  -3.8129029010
      
      
#  type   0  conf  1.0000
   2.3748015795   1.5599530653  -3.8129029010
   1.9129289206   1.2565594360  -3.0084170339
      
      
#  type   0  conf  1.0000
   1.9129289206   1.2565594360  -3.0084170339
   0.1405115994   0.0922988692  -1.5429040071
      
      
#  type   0  conf  1.0000
   0.1405115994   0.0922988692  -1.5429040071
  -0.0919979662  -0.0604313685  -1.3840469742
      
      
#  type   0  conf  1.0000
  -0.0919979662  -0.0604313685  -1.3840469742
  -0.3390922140  -0.2227419517  -1.5520103048
      
      
#  type   0  conf  1.0000
  -0.3390922140  -0.2227419517  -1.5520103048
  -1.9863456082  -1.3047851859  -2.9337418615
      
      
#  type   0  conf  1.0000
  -1.9863456082  -1.3047851859  -2.9337418615
  -2.5265575612  -1.6596381131  -3.8100346198
      
      
#  type   0  conf  1.0000
  -2.5265575612  -1.6596381131  -3.8100346198
  -2.5355748480  -1.6655613633  -3.9394714765
      
      
#  type   0  conf  1.0000
  -2.5355748480  -1.6655613633  -3.9394714765
  -2.0843600512  -1.3691686409  -4.3640261899
      
      
#  type   0  conf  1.0000
  -2.0843600512  -1.3691686409  -4.3640261899
  -1.6873232309  -1.1083641972  -4.5868989444
      
      
# 127  norm     0.5424415367   -0.8400935539    0.0000000000
# nedges  12 
#  type   0  conf  1.0000
   1.5301301009   0.9879924913  -4.5801716709
   1.9578363865   1.2641589417  -4.3511613464
      
      
#  type   0  conf  1.0000
   1.9578363865   1.2641589417  -4.3511613464
   2.3826745902   1.5384734951  -3.9235614721
      
      
#  type   0  conf  1.0000
   2.3826745902   1.5384734951  -3.9235614721
   2.3808880893   1.5373199661  -3.8181167762
      
      
#  type   0  conf  1.0000
   2.3808880893   1.5373199661  -3.8181167762
   1.9205539695   1.2400859900  -3.0092808732
      
      
#  type   0  conf  1.0000
   1.9205539695   1.2400859900  -3.0092808732
   0.1482576913   0.0957287787  -1.5489316823
      
      
#  type   0  conf  1.0000
   0.1482576913   0.0957287787  -1.5489316823
  -0.0920223827  -0.0594180998  -1.3835834152
      
      
#  type   0  conf  1.0000
  -0.0920223827  -0.0594180998  -1.3835834152
  -0.3394888151  -0.2192051513  -1.5493150801
      
      
#  type   0  conf  1.0000
  -0.3394888151  -0.2192051513  -1.5493150801
  -1.9941870999  -1.2876303000  -2.9337726139
      
      
#  type   0  conf  1.0000
  -1.9941870999  -1.2876303000  -2.9337726139
  -2.5326965363  -1.6353414387  -3.8035382853
      
      
#  type   0  conf  1.0000
  -2.5326965363  -1.6353414387  -3.8035382853
  -2.5455057259  -1.6436122276  -3.9370710405
      
      
#  type   0  conf  1.0000
  -2.5455057259  -1.6436122276  -3.9370710405
  -2.0922632138  -1.3509572446  -4.3633480817
      
      
#  type   0  conf  1.0000
  -2.0922632138  -1.3509572446  -4.3633480817
  -1.6902894426  -1.0914060683  -4.5873874595
      
      
# 128  norm     0.5358267950   -0.8443279255    0.0000000000
# nedges  14 
#  type   0  conf  1.0000
   1.5262459815   0.9685851527  -4.5824405334
   1.9629282004   1.2457121157  -4.3509152594
      
      
#  type   0  conf  1.0000
   1.9629282004   1.2457121157  -4.3509152594
   2.3882196925   1.5156103036  -3.9230733483
      
      
#  type   0  conf  1.0000
   2.3882196925   1.5156103036  -3.9230733483
   2.3863513651   1.5144246270  -3.8238648704
      
      
#  type   0  conf  1.0000
   2.3863513651   1.5144246270  -3.8238648704
   1.9529788258   1.2393980505  -3.0551533448
      
      
#  type   0  conf  1.0000
   1.9529788258   1.2393980505  -3.0551533448
   1.9173876945   1.2168112318  -3.0014545025
      
      
#  type   0  conf  1.0000
   1.9173876945   1.2168112318  -3.0014545025
   0.1488874165   0.0944868277  -1.5492492688
      
      
#  type   0  conf  1.0000
   0.1488874165   0.0944868277  -1.5492492688
  -0.0939404911  -0.0596164485  -1.3834141288
      
      
#  type   0  conf  1.0000
  -0.0939404911  -0.0596164485  -1.3834141288
  -0.3438346924  -0.2182041309  -1.5498698216
      
      
#  type   0  conf  1.0000
  -0.3438346924  -0.2182041309  -1.5498698216
  -1.9940229542  -1.2654454465  -2.9274432544
      
      
#  type   0  conf  1.0000
  -1.9940229542  -1.2654454465  -2.9274432544
  -2.0109678068  -1.2761989769  -2.9487615450
      
      
#  type   0  conf  1.0000
  -2.0109678068  -1.2761989769  -2.9487615450
  -2.5408630398  -1.6124807175  -3.8015356337
      
      
#  type   0  conf  1.0000
  -2.5408630398  -1.6124807175  -3.8015356337
  -2.5515162273  -1.6192414359  -3.9391079853
      
      
#  type   0  conf  1.0000
  -2.5515162273  -1.6192414359  -3.9391079853
  -2.0972226674  -1.3309379760  -4.3644867978
      
      
#  type   0  conf  1.0000
  -2.0972226674  -1.3309379760  -4.3644867978
  -1.6934991634  -1.0747272495  -4.5862200841
      
      
# 129  norm     0.5291790010   -0.8485102150    0.0000000000
# nedges  14 
#  type   0  conf  1.0000
   1.5230559783   0.9498639224  -4.5845115978
   1.9658329006   1.2260046751  -4.3519460477
      
      
#  type   0  conf  1.0000
   1.9658329006   1.2260046751  -4.3519460477
   2.3878210071   1.4891803454  -3.9305343509
      
      
#  type   0  conf  1.0000
   2.3878210071   1.4891803454  -3.9305343509
   2.3938533491   1.4929424553  -3.8917464962
      
      
#  type   0  conf  1.0000
   2.3938533491   1.4929424553  -3.8917464962
   2.3882923316   1.4894742901  -3.8192872603
      
      
#  type   0  conf  1.0000
   2.3882923316   1.4894742901  -3.8192872603
   1.9330801779   1.2055782232  -3.0094935901
      
      
#  type   0  conf  1.0000
   1.9330801779   1.2055782232  -3.0094935901
   0.1491758473   0.0930345026  -1.5491230942
      
      
#  type   0  conf  1.0000
   0.1491758473   0.0930345026  -1.5491230942
  -0.0953964490  -0.0594946256  -1.3833833229
      
      
#  type   0  conf  1.0000
  -0.0953964490  -0.0594946256  -1.3833833229
  -0.3473804309  -0.2166461006  -1.5498103148
      
      
#  type   0  conf  1.0000
  -0.3473804309  -0.2166461006  -1.5498103148
  -2.0093272285  -1.2531302000  -2.9342466494
      
      
#  type   0  conf  1.0000
  -2.0093272285  -1.2531302000  -2.9342466494
  -2.5478138065  -1.5889609117  -3.7980824031
      
      
#  type   0  conf  1.0000
  -2.5478138065  -1.5889609117  -3.7980824031
  -2.5600273783  -1.5965779864  -3.9386442535
      
      
#  type   0  conf  1.0000
  -2.5600273783  -1.5965779864  -3.9386442535
  -2.1225805742  -1.3237613972  -4.3469009608
      
      
#  type   0  conf  1.0000
  -2.1225805742  -1.3237613972  -4.3469009608
  -2.0945017364  -1.3062498445  -4.3689717053
      
      
#  type   0  conf  1.0000
  -2.0945017364  -1.3062498445  -4.3689717053
  -1.6906881383  -1.0544088264  -4.5908546472
      
      
# 130  norm     0.5224985647   -0.8526401644    0.0000000000
# nedges  15 
#  type   0  conf  1.0000
   1.5352087657   0.9407771416  -4.5781081526
   1.9717876499   1.2083130259  -4.3511038745
      
      
#  type   0  conf  1.0000
   1.9717876499   1.2083130259  -4.3511038745
   2.3982531875   1.4696514434  -3.9253187116
      
      
#  type   0  conf  1.0000
   2.3982531875   1.4696514434  -3.9253187116
   2.3939769501   1.4670309618  -3.8219909711
      
      
#  type   0  conf  1.0000
   2.3939769501   1.4670309618  -3.8219909711
   1.9401642340   1.1889341717  -3.0108907114
      
      
#  type   0  conf  1.0000
   1.9401642340   1.1889341717  -3.0108907114
   0.1550069984   0.0949884108  -1.5533892161
      
      
#  type   0  conf  1.0000
   0.1550069984   0.0949884108  -1.5533892161
   0.1440288185   0.0882609735  -1.5452504940
      
      
#  type   0  conf  1.0000
   0.1440288185   0.0882609735  -1.5452504940
  -0.0953425391  -0.0584259831  -1.3844633153
      
      
#  type   0  conf  1.0000
  -0.0953425391  -0.0584259831  -1.3844633153
  -0.2994690343  -0.1835148603  -1.5157071682
      
      
#  type   0  conf  1.0000
  -0.2994690343  -0.1835148603  -1.5157071682
  -0.3561827542  -0.2182690725  -1.5540891213
      
      
#  type   0  conf  1.0000
  -0.3561827542  -0.2182690725  -1.5540891213
  -2.0034051214  -1.2276882374  -2.9234693369
      
      
#  type   0  conf  1.0000
  -2.0034051214  -1.2276882374  -2.9234693369
  -2.0252782111  -1.2410920839  -2.9480036406
      
      
#  type   0  conf  1.0000
  -2.0252782111  -1.2410920839  -2.9480036406
  -2.5569297500  -1.5668885660  -3.7992896179
      
      
#  type   0  conf  1.0000
  -2.5569297500  -1.5668885660  -3.7992896179
  -2.5661213751  -1.5725212011  -3.9406964720
      
      
#  type   0  conf  1.0000
  -2.5661213751  -1.5725212011  -3.9406964720
  -2.1099496772  -1.2929788251  -4.3642410479
      
      
#  type   0  conf  1.0000
  -2.1099496772  -1.2929788251  -4.3642410479
  -1.6982366477  -1.0406807561  -4.5869936419
      
      
# 131  norm     0.5157858983   -0.8567175189    0.0000000000
# nedges  13 
#  type   0  conf  1.0000
   1.5263703590   0.9189496997  -4.5826401424
   1.9731559110   1.1879364804  -4.3524955070
      
      
#  type   0  conf  1.0000
   1.9731559110   1.1879364804  -4.3524955070
   2.3972168518   1.4432419322  -3.9332201565
      
      
#  type   0  conf  1.0000
   2.3972168518   1.4432419322  -3.9332201565
   2.4019298675   1.4460793985  -3.8744905870
      
      
#  type   0  conf  1.0000
   2.4019298675   1.4460793985  -3.8744905870
   2.3919221637   1.4400542707  -3.8094689190
      
      
#  type   0  conf  1.0000
   2.3919221637   1.4400542707  -3.8094689190
   1.9440760910   1.1704290047  -3.0095046584
      
      
#  type   0  conf  1.0000
   1.9440760910   1.1704290047  -3.0095046584
   0.1503947279   0.0905449907  -1.5496032829
      
      
#  type   0  conf  1.0000
   0.1503947279   0.0905449907  -1.5496032829
  -0.0988059477  -0.0594860189  -1.3832979648
      
      
#  type   0  conf  1.0000
  -0.0988059477  -0.0594860189  -1.3832979648
  -0.3559711775  -0.2143120801  -1.5508238973
      
      
#  type   0  conf  1.0000
  -0.3559711775  -0.2143120801  -1.5508238973
  -2.0227263422  -1.2177803073  -2.9341214243
      
      
#  type   0  conf  1.0000
  -2.0227263422  -1.2177803073  -2.9341214243
  -2.5623372131  -1.5426524754  -3.7936197646
      
      
#  type   0  conf  1.0000
  -2.5623372131  -1.5426524754  -3.7936197646
  -2.5728368015  -1.5489737417  -3.9419833291
      
      
#  type   0  conf  1.0000
  -2.5728368015  -1.5489737417  -3.9419833291
  -2.1147878051  -1.2732058161  -4.3644063507
      
      
#  type   0  conf  1.0000
  -2.1147878051  -1.2732058161  -4.3644063507
  -1.7001639221  -1.0235819351  -4.5869670600
      
      
# 132  norm     0.5090414158   -0.8607420270    0.0000000000
# nedges  15 
#  type   0  conf  1.0000
   1.5224691864   0.9003857669  -4.5847074481
   1.9771748449   1.1692979437  -4.3515968142
      
      
#  type   0  conf  1.0000
   1.9771748449   1.1692979437  -4.3515968142
   2.4029316979   1.4210898447  -3.9334541633
      
      
#  type   0  conf  1.0000
   2.4029316979   1.4210898447  -3.9334541633
   2.4035676235   1.4214659300  -3.8233785884
      
      
#  type   0  conf  1.0000
   2.4035676235   1.4214659300  -3.8233785884
   1.9689882091   1.1644563808  -3.0443748398
      
      
#  type   0  conf  1.0000
   1.9689882091   1.1644563808  -3.0443748398
   1.9391919584   1.1468349272  -3.0016186789
      
      
#  type   0  conf  1.0000
   1.9391919584   1.1468349272  -3.0016186789
   0.1501110409   0.0887754221  -1.5490772830
      
      
#  type   0  conf  1.0000
   0.1501110409   0.0887754221  -1.5490772830
  -0.1003416632  -0.0593418942  -1.3834526164
      
      
#  type   0  conf  1.0000
  -0.1003416632  -0.0593418942  -1.3834526164
  -0.3595926231  -0.2126624845  -1.5507033283
      
      
#  type   0  conf  1.0000
  -0.3595926231  -0.2126624845  -1.5507033283
  -2.0275401943  -1.1990839283  -2.9330097112
      
      
#  type   0  conf  1.0000
  -2.0275401943  -1.1990839283  -2.9330097112
  -2.5424313580  -1.5035897137  -3.7469215832
      
      
#  type   0  conf  1.0000
  -2.5424313580  -1.5035897137  -3.7469215832
  -2.5716322012  -1.5208590442  -3.8253724247
      
      
#  type   0  conf  1.0000
  -2.5716322012  -1.5208590442  -3.8253724247
  -2.5786996718  -1.5250387346  -3.9433407392
      
      
#  type   0  conf  1.0000
  -2.5786996718  -1.5250387346  -3.9433407392
  -2.1264897908  -1.2576025566  -4.3581525169
      
      
#  type   0  conf  1.0000
  -2.1264897908  -1.2576025566  -4.3581525169
  -2.1010803267  -1.2425754414  -4.3751759622
      
      
#  type   0  conf  1.0000
  -2.1010803267  -1.2425754414  -4.3751759622
  -1.7021025427  -1.0066206377  -4.5860508592
      
      
# 133  norm     0.5022655331   -0.8647134405    0.0000000000
# nedges  14 
#  type   0  conf  1.0000
   1.5302903001   0.8888633360  -4.5800585190
   1.9789434876   1.1494618440  -4.3525733193
      
      
#  type   0  conf  1.0000
   1.9789434876   1.1494618440  -4.3525733193
   2.4054777345   1.3972126489  -3.9371145290
      
      
#  type   0  conf  1.0000
   2.4054777345   1.3972126489  -3.9371145290
   2.4053679625   1.3971488883  -3.8157596722
      
      
#  type   0  conf  1.0000
   2.4053679625   1.3971488883  -3.8157596722
   1.9535458366   1.1347097144  -3.0091977853
      
      
#  type   0  conf  1.0000
   1.9535458366   1.1347097144  -3.0091977853
   0.1505156139   0.0874264254  -1.5493590933
      
      
#  type   0  conf  1.0000
   0.1505156139   0.0874264254  -1.5493590933
  -0.1017519261  -0.0591022216  -1.3835825090
      
      
#  type   0  conf  1.0000
  -0.1017519261  -0.0591022216  -1.3835825090
  -0.3639022598  -0.2113712520  -1.5510847255
      
      
#  type   0  conf  1.0000
  -0.3639022598  -0.2113712520  -1.5510847255
  -2.0195876053  -1.1730698261  -2.9214317306
      
      
#  type   0  conf  1.0000
  -2.0195876053  -1.1730698261  -2.9214317306
  -2.0428742457  -1.1865957832  -2.9462515593
      
      
#  type   0  conf  1.0000
  -2.0428742457  -1.1865957832  -2.9462515593
  -2.5506354359  -1.4815269510  -3.7507972878
      
      
#  type   0  conf  1.0000
  -2.5506354359  -1.4815269510  -3.7507972878
  -2.5772564410  -1.4969896612  -3.8282860840
      
      
#  type   0  conf  1.0000
  -2.5772564410  -1.4969896612  -3.8282860840
  -2.5846850183  -1.5013045223  -3.9448480010
      
      
#  type   0  conf  1.0000
  -2.5846850183  -1.5013045223  -3.9448480010
  -2.1223459513  -1.2327566230  -4.3666449388
      
      
#  type   0  conf  1.0000
  -2.1223459513  -1.2327566230  -4.3666449388
  -1.7029441639  -0.9891486802  -4.5860777471
      
      
# 134  norm     0.4954586684   -0.8686315144    0.0000000000
# nedges  15 
#  type   0  conf  1.0000
   1.5253031551   0.8700175594  -4.5819147968
   1.9078595884   1.0882238964  -4.3896774485
      
      
#  type   0  conf  1.0000
   1.9078595884   1.0882238964  -4.3896774485
   1.9872127331   1.1334861311  -4.3478943329
      
      
#  type   0  conf  1.0000
   1.9872127331   1.1334861311  -4.3478943329
   2.3910073289   1.3638065022  -3.9546426492
      
      
#  type   0  conf  1.0000
   2.3910073289   1.3638065022  -3.9546426492
   2.4111745781   1.3753096981  -3.9069815631
      
      
#  type   0  conf  1.0000
   2.4111745781   1.3753096981  -3.9069815631
   2.4028795123   1.3705782761  -3.8003448990
      
      
#  type   0  conf  1.0000
   2.4028795123   1.3705782761  -3.8003448990
   1.9575034688   1.1165402659  -3.0091644992
      
      
#  type   0  conf  1.0000
   1.9575034688   1.1165402659  -3.0091644992
   0.1519540899   0.0866730827  -1.5501696596
      
      
#  type   0  conf  1.0000
   0.1519540899   0.0866730827  -1.5501696596
  -0.1035822176  -0.0590822538  -1.3832186197
      
      
#  type   0  conf  1.0000
  -0.1035822176  -0.0590822538  -1.3832186197
  -0.3699464461  -0.2110137274  -1.5528387555
      
      
#  type   0  conf  1.0000
  -0.3699464461  -0.2110137274  -1.5528387555
  -2.0281959199  -1.1568625281  -2.9236301038
      
      
#  type   0  conf  1.0000
  -2.0281959199  -1.1568625281  -2.9236301038
  -2.0500593937  -1.1693332334  -2.9486543584
      
      
#  type   0  conf  1.0000
  -2.0500593937  -1.1693332334  -2.9486543584
  -2.5789646271  -1.4710154523  -3.7837703107
      
      
#  type   0  conf  1.0000
  -2.5789646271  -1.4710154523  -3.7837703107
  -2.5902841844  -1.4774720138  -3.9465995034
      
      
#  type   0  conf  1.0000
  -2.5902841844  -1.4774720138  -3.9465995034
  -2.1272358090  -1.2133538835  -4.3660624296
      
      
#  type   0  conf  1.0000
  -2.1272358090  -1.2133538835  -4.3660624296
  -1.7040133725  -0.9719520677  -4.5869152433
      
      
# 135  norm     0.4886212415   -0.8724960071    0.0000000000
# nedges  18 
#  type   0  conf  1.0000
   1.5205706014   0.8515604530  -4.5836968178
   1.9741378403   1.1055703116  -4.3579989242
      
      
#  type   0  conf  1.0000
   1.9741378403   1.1055703116  -4.3579989242
   2.0054839854   1.1231249963  -4.3325837784
      
      
#  type   0  conf  1.0000
   2.0054839854   1.1231249963  -4.3325837784
   2.3941552056   1.3407913382  -3.9582780511
      
      
#  type   0  conf  1.0000
   2.3941552056   1.3407913382  -3.9582780511
   2.4124582335   1.3510415263  -3.9186308912
      
      
#  type   0  conf  1.0000
   2.4124582335   1.3510415263  -3.9186308912
   2.4126607616   1.3511549475  -3.8445859752
      
      
#  type   0  conf  1.0000
   2.4126607616   1.3511549475  -3.8445859752
   2.3964740877   1.3420899746  -3.7782446424
      
      
#  type   0  conf  1.0000
   2.3964740877   1.3420899746  -3.7782446424
   1.9612160444   1.0983337582  -3.0082497200
      
      
#  type   0  conf  1.0000
   1.9612160444   1.0983337582  -3.0082497200
   0.1528494621   0.0855998117  -1.5507475487
      
      
#  type   0  conf  1.0000
   0.1528494621   0.0855998117  -1.5507475487
  -0.1051369253  -0.0588795073  -1.3834690845
      
      
#  type   0  conf  1.0000
  -0.1051369253  -0.0588795073  -1.3834690845
  -0.3744144365  -0.2096821593  -1.5536022237
      
      
#  type   0  conf  1.0000
  -0.3744144365  -0.2096821593  -1.5536022237
  -2.0352358603  -1.1397868469  -2.9244932531
      
      
#  type   0  conf  1.0000
  -2.0352358603  -1.1397868469  -2.9244932531
  -2.0635057188  -1.1556187283  -2.9603026498
      
      
#  type   0  conf  1.0000
  -2.0635057188  -1.1556187283  -2.9603026498
  -2.5654885103  -1.4367425991  -3.7519196665
      
      
#  type   0  conf  1.0000
  -2.5654885103  -1.4367425991  -3.7519196665
  -2.5875782884  -1.4491134693  -3.8166170470
      
      
#  type   0  conf  1.0000
  -2.5875782884  -1.4491134693  -3.8166170470
  -2.5967506785  -1.4542502546  -3.9455926852
      
      
#  type   0  conf  1.0000
  -2.5967506785  -1.4542502546  -3.9455926852
  -2.1534561936  -1.2059934146  -4.3473790716
      
      
#  type   0  conf  1.0000
  -2.1534561936  -1.2059934146  -4.3473790716
  -2.1200134434  -1.1872645747  -4.3719380734
      
      
#  type   0  conf  1.0000
  -2.1200134434  -1.1872645747  -4.3719380734
  -1.7002685753  -0.9521961538  -4.5903317376
      
      
# 136  norm     0.4817536741   -0.8763066800   -0.0000000000
# nedges  16 
#  type   0  conf  1.0000
   1.5169177243   0.8339325759  -4.5851807531
   1.9693255862   1.0826459027  -4.3610929061
      
      
#  type   0  conf  1.0000
   1.9693255862   1.0826459027  -4.3610929061
   1.9950987719   1.0968148314  -4.3454577237
      
      
#  type   0  conf  1.0000
   1.9950987719   1.0968148314  -4.3454577237
   2.4164295012   1.3284433600  -3.9404867385
      
      
#  type   0  conf  1.0000
   2.4164295012   1.3284433600  -3.9404867385
   2.4145417430   1.3274055561  -3.8415079093
      
      
#  type   0  conf  1.0000
   2.4145417430   1.3274055561  -3.8415079093
   2.3991727632   1.3189563880  -3.7743512910
      
      
#  type   0  conf  1.0000
   2.3991727632   1.3189563880  -3.7743512910
   1.9654782091   1.0805307892  -3.0088045937
      
      
#  type   0  conf  1.0000
   1.9654782091   1.0805307892  -3.0088045937
   0.1524502614   0.0838102404  -1.5501486784
      
      
#  type   0  conf  1.0000
   0.1524502614   0.0838102404  -1.5501486784
  -0.1068430288  -0.0587374521  -1.3836347229
      
      
#  type   0  conf  1.0000
  -0.1068430288  -0.0587374521  -1.3836347229
  -0.3781672822  -0.2078992227  -1.5536160893
      
      
#  type   0  conf  1.0000
  -0.3781672822  -0.2078992227  -1.5536160893
  -2.0378466798  -1.1203156927  -2.9219880748
      
      
#  type   0  conf  1.0000
  -2.0378466798  -1.1203156927  -2.9219880748
  -2.0608587635  -1.1329666928  -2.9485521696
      
      
#  type   0  conf  1.0000
  -2.0608587635  -1.1329666928  -2.9485521696
  -2.5890034080  -1.4233166681  -3.7773492159
      
      
#  type   0  conf  1.0000
  -2.5890034080  -1.4233166681  -3.7773492159
  -2.6019100523  -1.4304121559  -3.9472675945
      
      
#  type   0  conf  1.0000
  -2.6019100523  -1.4304121559  -3.9472675945
  -2.1516887229  -1.1829008855  -4.3524601296
      
      
#  type   0  conf  1.0000
  -2.1516887229  -1.1829008855  -4.3524601296
  -2.1238194325  -1.1675796134  -4.3724637570
      
      
#  type   0  conf  1.0000
  -2.1238194325  -1.1675796134  -4.3724637570
  -1.7059713582  -0.9378656907  -4.5866763241
      
      
# 137  norm     0.4748563899   -0.8800632983    0.0000000000
# nedges  16 
#  type   0  conf  1.0000
   1.5229756702   0.8217530830  -4.5811363469
   1.9879973793   1.0726651826  -4.3531488076
      
      
#  type   0  conf  1.0000
   1.9879973793   1.0726651826  -4.3531488076
   2.4048530008   1.2975882716  -3.9583643938
      
      
#  type   0  conf  1.0000
   2.4048530008   1.2975882716  -3.9583643938
   2.4193785706   1.3054258438  -3.9156234713
      
      
#  type   0  conf  1.0000
   2.4193785706   1.3054258438  -3.9156234713
   2.4152259709   1.3031852226  -3.8222850537
      
      
#  type   0  conf  1.0000
   2.4152259709   1.3031852226  -3.8222850537
   2.3838851009   1.2862746067  -3.7352817945
      
      
#  type   0  conf  1.0000
   2.3838851009   1.2862746067  -3.7352817945
   1.9664108664   1.0610177323  -3.0061692750
      
      
#  type   0  conf  1.0000
   1.9664108664   1.0610177323  -3.0061692750
   0.1528858330   0.0824927194  -1.5505585571
      
      
#  type   0  conf  1.0000
   0.1528858330   0.0824927194  -1.5505585571
  -0.1080478771  -0.0582994711  -1.3837341394
      
      
#  type   0  conf  1.0000
  -0.1080478771  -0.0582994711  -1.3837341394
  -0.3812955660  -0.2057359241  -1.5530967637
      
      
#  type   0  conf  1.0000
  -0.3812955660  -0.2057359241  -1.5530967637
  -2.0539216831  -1.1082360069  -2.9305569397
      
      
#  type   0  conf  1.0000
  -2.0539216831  -1.1082360069  -2.9305569397
  -2.5805215808  -1.3923738942  -3.7523177406
      
      
#  type   0  conf  1.0000
  -2.5805215808  -1.3923738942  -3.7523177406
  -2.5973596457  -1.4014592211  -3.8168675302
      
      
#  type   0  conf  1.0000
  -2.5973596457  -1.4014592211  -3.8168675302
  -2.6067337531  -1.4065172150  -3.9489861621
      
      
#  type   0  conf  1.0000
  -2.6067337531  -1.4065172150  -3.9489861621
  -2.1496792259  -1.1599039735  -4.3577413788
      
      
#  type   0  conf  1.0000
  -2.1496792259  -1.1599039735  -4.3577413788
  -2.1256275615  -1.1469263995  -4.3738544377
      
      
#  type   0  conf  1.0000
  -2.1256275615  -1.1469263995  -4.3738544377
  -1.7014786499  -0.9180680647  -4.5887438368
      
      
# 138  norm     0.4679298143   -0.8837656301    0.0000000000
# nedges  17 
#  type   0  conf  1.0000
   1.5172544098   0.8033448575  -4.5831836010
   1.9641657243   1.0399722181  -4.3659770653
      
      
#  type   0  conf  1.0000
   1.9641657243   1.0399722181  -4.3659770653
   1.9995399792   1.0587019219  -4.3451031538
      
      
#  type   0  conf  1.0000
   1.9995399792   1.0587019219  -4.3451031538
   2.4050709834   1.2734195359  -3.9605215419
      
      
#  type   0  conf  1.0000
   2.4050709834   1.2734195359  -3.9605215419
   2.4223427399   1.2825644603  -3.9198322746
      
      
#  type   0  conf  1.0000
   2.4223427399   1.2825644603  -3.9198322746
   2.4153603556   1.2788674781  -3.8163567856
      
      
#  type   0  conf  1.0000
   2.4153603556   1.2788674781  -3.8163567856
   2.3955181327   1.2683615619  -3.7509227682
      
      
#  type   0  conf  1.0000
   2.3955181327   1.2683615619  -3.7509227682
   1.9983814430   1.0580885085  -3.0531489486
      
      
#  type   0  conf  1.0000
   1.9983814430   1.0580885085  -3.0531489486
   1.9644303437   1.0401123268  -3.0020146638
      
      
#  type   0  conf  1.0000
   1.9644303437   1.0401123268  -3.0020146638
   0.1519004452   0.0804271457  -1.5493274104
      
      
#  type   0  conf  1.0000
   0.1519004452   0.0804271457  -1.5493274104
  -0.1096547009  -0.0580591755  -1.3839518573
      
      
#  type   0  conf  1.0000
  -0.1096547009  -0.0580591755  -1.3839518573
  -0.3860579549  -0.2044071652  -1.5540153908
      
      
#  type   0  conf  1.0000
  -0.3860579549  -0.2044071652  -1.5540153908
  -2.0421353388  -1.0812550039  -2.9160971974
      
      
#  type   0  conf  1.0000
  -2.0421353388  -1.0812550039  -2.9160971974
  -2.0712259504  -1.0966576899  -2.9483559010
      
      
#  type   0  conf  1.0000
  -2.0712259504  -1.0966576899  -2.9483559010
  -2.6001771704  -1.3767229444  -3.7762587078
      
      
#  type   0  conf  1.0000
  -2.6001771704  -1.3767229444  -3.7762587078
  -2.6109493637  -1.3824265271  -3.9507121117
      
      
#  type   0  conf  1.0000
  -2.6109493637  -1.3824265271  -3.9507121117
  -2.1434448188  -1.1348956124  -4.3666194225
      
      
#  type   0  conf  1.0000
  -2.1434448188  -1.1348956124  -4.3666194225
  -1.7065330413  -0.9035627341  -4.5866881634
      
      
# 139  norm     0.4609743745   -0.8874134471    0.0000000000
# nedges  17 
#  type   0  conf  1.0000
   1.5127503506   0.7858108856  -4.5841240954
   1.9912004284   1.0343458003  -4.3531135762
      
      
#  type   0  conf  1.0000
   1.9912004284   1.0343458003  -4.3531135762
   2.4114852346   1.2526662757  -3.9598198895
      
      
#  type   0  conf  1.0000
   2.4114852346   1.2526662757  -3.9598198895
   2.4232643176   1.2587850193  -3.9159173204
      
      
#  type   0  conf  1.0000
   2.4232643176   1.2587850193  -3.9159173204
   2.4188550576   1.2564945922  -3.8199523609
      
      
#  type   0  conf  1.0000
   2.4188550576   1.2564945922  -3.8199523609
   2.3905455587   1.2417889850  -3.7319459162
      
      
#  type   0  conf  1.0000
   2.3905455587   1.2417889850  -3.7319459162
   1.9740536716   1.0254387733  -3.0072569374
      
      
#  type   0  conf  1.0000
   1.9740536716   1.0254387733  -3.0072569374
   0.1549925805   0.0805121988  -1.5515699371
      
      
#  type   0  conf  1.0000
   0.1549925805   0.0805121988  -1.5515699371
  -0.1103839812  -0.0573398869  -1.3841740437
      
      
#  type   0  conf  1.0000
  -0.1103839812  -0.0573398869  -1.3841740437
  -0.3888046804  -0.2019678595  -1.5531803593
      
      
#  type   0  conf  1.0000
  -0.3888046804  -0.2019678595  -1.5531803593
  -1.9721435122  -1.0244465249  -2.8539988868
      
      
#  type   0  conf  1.0000
  -1.9721435122  -1.0244465249  -2.8539988868
  -2.0677395707  -1.0741047011  -2.9373376963
      
      
#  type   0  conf  1.0000
  -2.0677395707  -1.0741047011  -2.9373376963
  -2.5826075250  -1.3415571879  -3.7393838832
      
      
#  type   0  conf  1.0000
  -2.5826075250  -1.3415571879  -3.7393838832
  -2.6045026014  -1.3529307693  -3.8022123289
      
      
#  type   0  conf  1.0000
  -2.6045026014  -1.3529307693  -3.8022123289
  -2.6152872158  -1.3585329280  -3.9518485957
      
      
#  type   0  conf  1.0000
  -2.6152872158  -1.3585329280  -3.9518485957
  -2.1557066156  -1.1197999220  -4.3579475271
      
      
#  type   0  conf  1.0000
  -2.1557066156  -1.1197999220  -4.3579475271
  -2.1346073715  -1.1088397423  -4.3720085273
      
      
#  type   0  conf  1.0000
  -2.1346073715  -1.1088397423  -4.3720085273
  -1.7000746904  -0.8831180885  -4.5906206724
      
      
# 140  norm     0.4539904997   -0.8910065242    0.0000000000
# nedges  16 
#  type   0  conf  1.0000
   1.5188768051   0.7739063869  -4.5799336924
   1.9918442958   1.0148953601  -4.3534035800
      
      
#  type   0  conf  1.0000
   1.9918442958   1.0148953601  -4.3534035800
   2.4134704812   1.2297246318  -3.9610255602
      
      
#  type   0  conf  1.0000
   2.4134704812   1.2297246318  -3.9610255602
   2.4236908491   1.2349321693  -3.9178266986
      
      
#  type   0  conf  1.0000
   2.4236908491   1.2349321693  -3.9178266986
   2.4197252842   1.2329116131  -3.8189448107
      
      
#  type   0  conf  1.0000
   2.4197252842   1.2329116131  -3.8189448107
   2.3957761655   1.2207089276  -3.7348522249
      
      
#  type   0  conf  1.0000
   2.3957761655   1.2207089276  -3.7348522249
   1.9757578609   1.0066989121  -3.0062217432
      
      
#  type   0  conf  1.0000
   1.9757578609   1.0066989121  -3.0062217432
   0.1563835866   0.0796814172  -1.5524896641
      
      
#  type   0  conf  1.0000
   0.1563835866   0.0796814172  -1.5524896641
  -0.1129054038  -0.0575281766  -1.3835179001
      
      
#  type   0  conf  1.0000
  -0.1129054038  -0.0575281766  -1.3835179001
  -0.3960589523  -0.2018021157  -1.5558426010
      
      
#  type   0  conf  1.0000
  -0.3960589523  -0.2018021157  -1.5558426010
  -1.9523402228  -0.9947670296  -2.8332314379
      
      
#  type   0  conf  1.0000
  -1.9523402228  -0.9947670296  -2.8332314379
  -2.0731091378  -1.0563018653  -2.9390703890
      
      
#  type   0  conf  1.0000
  -2.0731091378  -1.0563018653  -2.9390703890
  -2.5948358908  -1.3221349236  -3.7512266562
      
      
#  type   0  conf  1.0000
  -2.5948358908  -1.3221349236  -3.7512266562
  -2.6096901137  -1.3297035282  -3.8167477875
      
      
#  type   0  conf  1.0000
  -2.6096901137  -1.3297035282  -3.8167477875
  -2.6193919877  -1.3346468799  -3.9521187141
      
      
#  type   0  conf  1.0000
  -2.6193919877  -1.3346468799  -3.9521187141
  -2.1487301221  -1.0948326813  -4.3671007699
      
      
#  type   0  conf  1.0000
  -2.1487301221  -1.0948326813  -4.3671007699
  -1.7045950337  -0.8685345508  -4.5867170098
      
      
# 141  norm     0.4469786207   -0.8945446398    0.0000000000
# nedges  15 
#  type   0  conf  1.0000
   1.5132612867   0.7561338054  -4.5814343500
   1.9932191340   0.9959551481  -4.3529874343
      
      
#  type   0  conf  1.0000
   1.9932191340   0.9959551481  -4.3529874343
   2.4159122382   1.2071629204  -3.9611996135
      
      
#  type   0  conf  1.0000
   2.4159122382   1.2071629204  -3.9611996135
   2.4253860989   1.2118967403  -3.9160148468
      
      
#  type   0  conf  1.0000
   2.4253860989   1.2118967403  -3.9160148468
   2.4193445312   1.2088779400  -3.8092859403
      
      
#  type   0  conf  1.0000
   2.4193445312   1.2088779400  -3.8092859403
   2.3985630303   1.1984940126  -3.7333268143
      
      
#  type   0  conf  1.0000
   2.3985630303   1.1984940126  -3.7333268143
   1.9773800261   0.9880407945  -3.0051216298
      
      
#  type   0  conf  1.0000
   1.9773800261   0.9880407945  -3.0051216298
   0.1564006551   0.0781489777  -1.5523769683
      
      
#  type   0  conf  1.0000
   0.1564006551   0.0781489777  -1.5523769683
  -0.1146564201  -0.0572905658  -1.3834530673
      
      
#  type   0  conf  1.0000
  -0.1146564201  -0.0572905658  -1.3834530673
  -0.4016729985  -0.2007046209  -1.5574213770
      
      
#  type   0  conf  1.0000
  -0.4016729985  -0.2007046209  -1.5574213770
  -2.0636155134  -1.0311302250  -2.9199757292
      
      
#  type   0  conf  1.0000
  -2.0636155134  -1.0311302250  -2.9199757292
  -2.6076743078  -1.3029809954  -3.7614468842
      
      
#  type   0  conf  1.0000
  -2.6076743078  -1.3029809954  -3.7614468842
  -2.6206556481  -1.3094674035  -3.9315927423
      
      
#  type   0  conf  1.0000
  -2.6206556481  -1.3094674035  -3.9315927423
  -2.6118306601  -1.3050578070  -3.9635505979
      
      
#  type   0  conf  1.0000
  -2.6118306601  -1.3050578070  -3.9635505979
  -2.1507683816  -1.0746780449  -4.3670538910
      
      
#  type   0  conf  1.0000
  -2.1507683816  -1.0746780449  -4.3670538910
  -1.7042255699  -0.8515532491  -4.5866689696
      
      
# 142  norm     0.4399391699   -0.8980275758    0.0000000000
# nedges  15 
#  type   0  conf  1.0000
   1.5073145033   0.7384257557  -4.5823819858
   1.9848896157   0.9723873892  -4.3573229826
      
      
#  type   0  conf  1.0000
   1.9848896157   0.9723873892  -4.3573229826
   2.0319316100   0.9954330244  -4.3179011825
      
      
#  type   0  conf  1.0000
   2.0319316100   0.9954330244  -4.3179011825
   2.4267676603   1.1888612095  -3.9517936825
      
      
#  type   0  conf  1.0000
   2.4267676603   1.1888612095  -3.9517936825
   2.4208530956   1.1859636942  -3.8174783514
      
      
#  type   0  conf  1.0000
   2.4208530956   1.1859636942  -3.8174783514
   2.4039933911   1.1777042101  -3.7391381596
      
      
#  type   0  conf  1.0000
   2.4039933911   1.1777042101  -3.7391381596
   1.9805719930   0.9702722076  -3.0059638429
      
      
#  type   0  conf  1.0000
   1.9805719930   0.9702722076  -3.0059638429
   0.1577859665   0.0772985474  -1.5530950094
      
      
#  type   0  conf  1.0000
   0.1577859665   0.0772985474  -1.5530950094
  -0.1162242607  -0.0569376778  -1.3837061253
      
      
#  type   0  conf  1.0000
  -0.1162242607  -0.0569376778  -1.3837061253
  -0.4063511302  -0.1990693646  -1.5579416490
      
      
#  type   0  conf  1.0000
  -0.4063511302  -0.1990693646  -1.5579416490
  -1.8547776978  -0.9086462183  -2.7446283676
      
      
#  type   0  conf  1.0000
  -1.8547776978  -0.9086462183  -2.7446283676
  -2.0779325605  -1.0179686575  -2.9358625943
      
      
#  type   0  conf  1.0000
  -2.0779325605  -1.0179686575  -2.9358625943
  -2.6118828665  -1.2795482133  -3.7623929788
      
      
#  type   0  conf  1.0000
  -2.6118828665  -1.2795482133  -3.7623929788
  -2.6254814028  -1.2862100675  -3.9546211600
      
      
#  type   0  conf  1.0000
  -2.6254814028  -1.2862100675  -3.9546211600
  -2.1529849805  -1.0547364586  -4.3672974995
      
      
#  type   0  conf  1.0000
  -2.1529849805  -1.0547364586  -4.3672974995
  -1.7037500228  -0.8346585238  -4.5860899685
      
      
# 143  norm     0.4328725815   -0.9014551171    0.0000000000
# nedges  14 
#  type   0  conf  1.0000
   1.5137080916   0.7268722722  -4.5782763495
   1.9928734941   0.9569642211  -4.3538314753
      
      
#  type   0  conf  1.0000
   1.9928734941   0.9569642211  -4.3538314753
   2.4242716841   1.1641186813  -3.9587683708
      
      
#  type   0  conf  1.0000
   2.4242716841   1.1641186813  -3.9587683708
   2.4251046456   1.1645186638  -3.8474600823
      
      
#  type   0  conf  1.0000
   2.4251046456   1.1645186638  -3.8474600823
   2.4107234261   1.1576129005  -3.7466730504
      
      
#  type   0  conf  1.0000
   2.4107234261   1.1576129005  -3.7466730504
   1.9823684584   0.9519197748  -3.0047405194
      
      
#  type   0  conf  1.0000
   1.9823684584   0.9519197748  -3.0047405194
   0.1595618163   0.0766204928  -1.5543138068
      
      
#  type   0  conf  1.0000
   0.1595618163   0.0766204928  -1.5543138068
  -0.1179412990  -0.0566346051  -1.3832708226
      
      
#  type   0  conf  1.0000
  -0.1179412990  -0.0566346051  -1.3832708226
  -0.4010835951  -0.1925975991  -1.5530370690
      
      
#  type   0  conf  1.0000
  -0.4010835951  -0.1925975991  -1.5530370690
  -1.6735063952  -0.8036063246  -2.5881342611
      
      
#  type   0  conf  1.0000
  -1.6735063952  -0.8036063246  -2.5881342611
  -2.0772582017  -0.9974851806  -2.9304945692
      
      
#  type   0  conf  1.0000
  -2.0772582017  -0.9974851806  -2.9304945692
  -2.6129420825  -1.2547169162  -3.7555113638
      
      
#  type   0  conf  1.0000
  -2.6129420825  -1.2547169162  -3.7555113638
  -2.6294447743  -1.2626413959  -3.9554874384
      
      
#  type   0  conf  1.0000
  -2.6294447743  -1.2626413959  -3.9554874384
  -2.1522419848  -1.0334918803  -4.3692377246
      
      
#  type   0  conf  1.0000
  -2.1522419848  -1.0334918803  -4.3692377246
  -1.7013510160  -0.8169771211  -4.5863897170
      
      
# 144  norm     0.4257792916   -0.9048270525    0.0000000000
# nedges  18 
#  type   0  conf  1.0000
   1.5075286460   0.7093891337  -4.5796521691
   1.9829929527   0.9331256534  -4.3582380888
      
      
#  type   0  conf  1.0000
   1.9829929527   0.9331256534  -4.3582380888
   2.0102943091   0.9459726966  -4.3389919938
      
      
#  type   0  conf  1.0000
   2.0102943091   0.9459726966  -4.3389919938
   2.4193225446   1.1384467742  -3.9625319613
      
      
#  type   0  conf  1.0000
   2.4193225446   1.1384467742  -3.9625319613
   2.4273508853   1.1422246246  -3.9185705260
      
      
#  type   0  conf  1.0000
   2.4273508853   1.1422246246  -3.9185705260
   2.4149886588   1.1364074024  -3.7495284690
      
      
#  type   0  conf  1.0000
   2.4149886588   1.1364074024  -3.7495284690
   1.9828544481   0.9330604781  -3.0031705890
      
      
#  type   0  conf  1.0000
   1.9828544481   0.9330604781  -3.0031705890
   0.1920450257   0.0903695295  -1.5797182837
      
      
#  type   0  conf  1.0000
   0.1920450257   0.0903695295  -1.5797182837
   0.1398563659   0.0658114103  -1.5412937354
      
      
#  type   0  conf  1.0000
   0.1398563659   0.0658114103  -1.5412937354
  -0.1211209605  -0.0569951977  -1.3844820047
      
      
#  type   0  conf  1.0000
  -0.1211209605  -0.0569951977  -1.3844820047
  -0.4018796300  -0.1891101992  -1.5513996045
      
      
#  type   0  conf  1.0000
  -0.4018796300  -0.1891101992  -1.5513996045
  -1.6811937558  -0.7911097313  -2.5892655437
      
      
#  type   0  conf  1.0000
  -1.6811937558  -0.7911097313  -2.5892655437
  -2.0692998474  -0.9737385953  -2.9216743653
      
      
#  type   0  conf  1.0000
  -2.0692998474  -0.9737385953  -2.9216743653
  -2.0941366954  -0.9854259288  -2.9502457256
      
      
#  type   0  conf  1.0000
  -2.0941366954  -0.9854259288  -2.9502457256
  -2.6179461967  -1.2319119703  -3.7611838845
      
      
#  type   0  conf  1.0000
  -2.6179461967  -1.2319119703  -3.7611838845
  -2.6313019152  -1.2381966944  -3.9567852077
      
      
#  type   0  conf  1.0000
  -2.6313019152  -1.2381966944  -3.9567852077
  -2.1654313553  -1.0189746492  -4.3595532010
      
      
#  type   0  conf  1.0000
  -2.1654313553  -1.0189746492  -4.3595532010
  -2.1461008097  -1.0098783849  -4.3720683578
      
      
#  type   0  conf  1.0000
  -2.1461008097  -1.0098783849  -4.3720683578
  -1.6947130699  -0.7974714376  -4.5901658669
      
      
# 145  norm     0.4186597375   -0.9081431738    0.0000000000
# nedges  15 
#  type   0  conf  1.0000
   1.5012910966   0.6921046753  -4.5806488881
   1.9917468024   0.9182078526  -4.3541647167
      
      
#  type   0  conf  1.0000
   1.9917468024   0.9182078526  -4.3541647167
   2.4258285617   1.1183222847  -3.9613866201
      
      
#  type   0  conf  1.0000
   2.4258285617   1.1183222847  -3.9613866201
   2.4219930964   1.1165541109  -3.7978782868
      
      
#  type   0  conf  1.0000
   2.4219930964   1.1165541109  -3.7978782868
   2.4053201553   1.1088677798  -3.7271959314
      
      
#  type   0  conf  1.0000
   2.4053201553   1.1088677798  -3.7271959314
   1.9820820016   0.9137523185  -3.0001151174
      
      
#  type   0  conf  1.0000
   1.9820820016   0.9137523185  -3.0001151174
   0.1620146715   0.0746897866  -1.5556194476
      
      
#  type   0  conf  1.0000
   0.1620146715   0.0746897866  -1.5556194476
  -0.1210939855  -0.0558250920  -1.3834844341
      
      
#  type   0  conf  1.0000
  -0.1210939855  -0.0558250920  -1.3834844341
  -0.4059816654  -0.1871601113  -1.5523186766
      
      
#  type   0  conf  1.0000
  -0.4059816654  -0.1871601113  -1.5523186766
  -1.6826489020  -0.7757117688  -2.5853727857
      
      
#  type   0  conf  1.0000
  -1.6826489020  -0.7757117688  -2.5853727857
  -2.0833142845  -0.9604210401  -2.9311782938
      
      
#  type   0  conf  1.0000
  -2.0833142845  -0.9604210401  -2.9311782938
  -2.6197297636  -1.2077119631  -3.7555831806
      
      
#  type   0  conf  1.0000
  -2.6197297636  -1.2077119631  -3.7555831806
  -2.6338370194  -1.2142154971  -3.9569917938
      
      
#  type   0  conf  1.0000
  -2.6338370194  -1.2142154971  -3.9569917938
  -2.1714824842  -1.0010671369  -4.3559151152
      
      
#  type   0  conf  1.0000
  -2.1714824842  -1.0010671369  -4.3559151152
  -2.1477346796  -0.9901192490  -4.3719753735
      
      
#  type   0  conf  1.0000
  -2.1477346796  -0.9901192490  -4.3719753735
  -1.6925624317  -0.7802819686  -4.5905473799
      
      
# 146  norm     0.4115143586   -0.9114032766    0.0000000000
# nedges  16 
#  type   0  conf  1.0000
   1.4944036145   0.6747491047  -4.5822589061
   1.9833515632   0.8955175687  -4.3579843478
      
      
#  type   0  conf  1.0000
   1.9833515632   0.8955175687  -4.3579843478
   2.0127339279   0.9087842151  -4.3360539930
      
      
#  type   0  conf  1.0000
   2.0127339279   0.9087842151  -4.3360539930
   2.4292897963   1.0968664015  -3.9580449228
      
      
#  type   0  conf  1.0000
   2.4292897963   1.0968664015  -3.9580449228
   2.4187390234   1.0921025449  -3.7498569783
      
      
#  type   0  conf  1.0000
   2.4187390234   1.0921025449  -3.7498569783
   1.9912466304   0.8990823283  -3.0125254434
      
      
#  type   0  conf  1.0000
   1.9912466304   0.8990823283  -3.0125254434
   1.8592488945   0.8394830652  -2.9001585016
      
      
#  type   0  conf  1.0000
   1.8592488945   0.8394830652  -2.9001585016
   0.1640976035   0.0740929090  -1.5570659731
      
      
#  type   0  conf  1.0000
   0.1640976035   0.0740929090  -1.5570659731
  -0.1223923204  -0.0552622517  -1.3833630801
      
      
#  type   0  conf  1.0000
  -0.1223923204  -0.0552622517  -1.3833630801
  -0.4075584376  -0.1840196907  -1.5513383918
      
      
#  type   0  conf  1.0000
  -0.4075584376  -0.1840196907  -1.5513383918
  -1.6920454547  -0.7639878173  -2.5880536733
      
      
#  type   0  conf  1.0000
  -1.6920454547  -0.7639878173  -2.5880536733
  -2.0858272963  -0.9417871364  -2.9311701652
      
      
#  type   0  conf  1.0000
  -2.0858272963  -0.9417871364  -2.9311701652
  -2.6212132383  -1.1835231584  -3.7523158704
      
      
#  type   0  conf  1.0000
  -2.6212132383  -1.1835231584  -3.7523158704
  -2.6362034989  -1.1902915206  -3.9578989733
      
      
#  type   0  conf  1.0000
  -2.6362034989  -1.1902915206  -3.9578989733
  -2.1670558366  -0.9784632287  -4.3609584891
      
      
#  type   0  conf  1.0000
  -2.1670558366  -0.9784632287  -4.3609584891
  -2.1430045436  -0.9676036535  -4.3754134028
      
      
#  type   0  conf  1.0000
  -2.1430045436  -0.9676036535  -4.3754134028
  -1.6918458122  -0.7638976753  -4.5885848216
      
      
# 147  norm     0.4043435955   -0.9146071598    0.0000000000
# nedges  15 
#  type   0  conf  1.0000
   1.4887376339   0.6581640229  -4.5826929442
   1.9909569475   0.8801928588  -4.3539810296
      
      
#  type   0  conf  1.0000
   1.9909569475   0.8801928588  -4.3539810296
   2.4278362891   1.0733351953  -3.9613736267
      
      
#  type   0  conf  1.0000
   2.4278362891   1.0733351953  -3.9613736267
   2.4192934861   1.0695584616  -3.7505720872
      
      
#  type   0  conf  1.0000
   2.4192934861   1.0695584616  -3.7505720872
   1.9963643928   0.8825834654  -3.0185517108
      
      
#  type   0  conf  1.0000
   1.9963643928   0.8825834654  -3.0185517108
   1.9134800585   0.8459406845  -2.9415752348
      
      
#  type   0  conf  1.0000
   1.9134800585   0.8459406845  -2.9415752348
   0.1658741576   0.0733321980  -1.5579717701
      
      
#  type   0  conf  1.0000
   0.1658741576   0.0733321980  -1.5579717701
  -0.1242337696  -0.0549231750  -1.3835168398
      
      
#  type   0  conf  1.0000
  -0.1242337696  -0.0549231750  -1.3835168398
  -0.4095404992  -0.1810559607  -1.5505284262
      
      
#  type   0  conf  1.0000
  -0.4095404992  -0.1810559607  -1.5505284262
  -1.6969831111  -0.7502283853  -2.5870752213
      
      
#  type   0  conf  1.0000
  -1.6969831111  -0.7502283853  -2.5870752213
  -2.0887980611  -0.9234479627  -2.9325490491
      
      
#  type   0  conf  1.0000
  -2.0887980611  -0.9234479627  -2.9325490491
  -2.6234887919  -1.1598322619  -3.7527819628
      
      
#  type   0  conf  1.0000
  -2.6234887919  -1.1598322619  -3.7527819628
  -2.6370186493  -1.1658137493  -3.9592029599
      
      
#  type   0  conf  1.0000
  -2.6370186493  -1.1658137493  -3.9592029599
  -2.1694022444  -0.9590826993  -4.3593069111
      
      
#  type   0  conf  1.0000
  -2.1694022444  -0.9590826993  -4.3593069111
  -2.1512491938  -0.9510573196  -4.3714032403
      
      
#  type   0  conf  1.0000
  -2.1512491938  -0.9510573196  -4.3714032403
  -1.6882761052  -0.7463790583  -4.5901720679
      
      
# 148  norm     0.3971478906   -0.9177546257    0.0000000000
# nedges  14 
#  type   0  conf  1.0000
   1.4927657115   0.6459774072  -4.5787012245
   1.9885734817   0.8605325885  -4.3544362037
      
      
#  type   0  conf  1.0000
   1.9885734817   0.8605325885  -4.3544362037
   2.4270265406   1.0502681699  -3.9628055422
      
      
#  type   0  conf  1.0000
   2.4270265406   1.0502681699  -3.9628055422
   2.4173511998   1.0460812760  -3.7423911727
      
      
#  type   0  conf  1.0000
   2.4173511998   1.0460812760  -3.7423911727
   1.9802466181   0.8569292328  -2.9922364961
      
      
#  type   0  conf  1.0000
   1.9802466181   0.8569292328  -2.9922364961
   0.1658767679   0.0717812873  -1.5578687934
      
      
#  type   0  conf  1.0000
   0.1658767679   0.0717812873  -1.5578687934
  -0.1257041690  -0.0543970514  -1.3834735479
      
      
#  type   0  conf  1.0000
  -0.1257041690  -0.0543970514  -1.3834735479
  -0.4115773902  -0.1781054410  -1.5498689258
      
      
#  type   0  conf  1.0000
  -0.4115773902  -0.1781054410  -1.5498689258
  -1.7023068892  -0.7366539719  -2.5865031378
      
      
#  type   0  conf  1.0000
  -1.7023068892  -0.7366539719  -2.5865031378
  -2.0900252121  -0.9044346725  -2.9323150600
      
      
#  type   0  conf  1.0000
  -2.0900252121  -0.9044346725  -2.9323150600
  -2.6238551069  -1.1354434964  -3.7495733537
      
      
#  type   0  conf  1.0000
  -2.6238551069  -1.1354434964  -3.7495733537
  -2.6392544210  -1.1421073747  -3.9584187632
      
      
#  type   0  conf  1.0000
  -2.6392544210  -1.1421073747  -3.9584187632
  -2.1684909375  -0.9383898240  -4.3603804958
      
      
#  type   0  conf  1.0000
  -2.1684909375  -0.9383898240  -4.3603804958
  -2.1463683036  -0.9288165055  -4.3736098539
      
      
#  type   0  conf  1.0000
  -2.1463683036  -0.9288165055  -4.3736098539
  -1.6852029182  -0.7292524227  -4.5903520133
      
      
# 149  norm     0.3899276878   -0.9208454801    0.0000000000
# nedges  14 
#  type   0  conf  1.0000
   1.4869955209   0.6296612599  -4.5794128528
   1.9871387930   0.8414445763  -4.3542009178
      
      
#  type   0  conf  1.0000
   1.9871387930   0.8414445763  -4.3542009178
   2.4268199989   1.0276255151  -3.9635498841
      
      
#  type   0  conf  1.0000
   2.4268199989   1.0276255151  -3.9635498841
   2.4167613299   1.0233662190  -3.7408030591
      
      
#  type   0  conf  1.0000
   2.4167613299   1.0233662190  -3.7408030591
   1.9870903318   0.8414240556  -3.0042481301
      
      
#  type   0  conf  1.0000
   1.9870903318   0.8414240556  -3.0042481301
   1.6102142252   0.6818376407  -2.6943478492
      
      
#  type   0  conf  1.0000
   1.6102142252   0.6818376407  -2.6943478492
   0.1575468003   0.0667124516  -1.5531955444
      
      
#  type   0  conf  1.0000
   0.1575468003   0.0667124516  -1.5531955444
  -0.1271085981  -0.0538235381  -1.3835706244
      
      
#  type   0  conf  1.0000
  -0.1271085981  -0.0538235381  -1.3835706244
  -0.4134136928  -0.1750580839  -1.5490542332
      
      
#  type   0  conf  1.0000
  -0.4134136928  -0.1750580839  -1.5490542332
  -1.7063430920  -0.7225429573  -2.5851478735
      
      
#  type   0  conf  1.0000
  -1.7063430920  -0.7225429573  -2.5851478735
  -2.0907039803  -0.8852987678  -2.9314581139
      
      
#  type   0  conf  1.0000
  -2.0907039803  -0.8852987678  -2.9314581139
  -2.6248906569  -1.1114976037  -3.7483197969
      
      
#  type   0  conf  1.0000
  -2.6248906569  -1.1114976037  -3.7483197969
  -2.6389415547  -1.1174473903  -3.9605153821
      
      
#  type   0  conf  1.0000
  -2.6389415547  -1.1174473903  -3.9605153821
  -2.1588652521  -0.9141613377  -4.3683447098
      
      
#  type   0  conf  1.0000
  -2.1588652521  -0.9141613377  -4.3683447098
  -1.6879784870  -0.7147665517  -4.5864787412
      
      
# 150  norm     0.3826834324   -0.9238795325    0.0000000000
# nedges  15 
#  type   0  conf  1.0000
   1.4793511570   0.6127673127  -4.5802988507
   1.9845255222   0.8220173862  -4.3546082789
      
      
#  type   0  conf  1.0000
   1.9845255222   0.8220173862  -4.3546082789
   2.4261590416   1.0049479795  -3.9632693848
      
      
#  type   0  conf  1.0000
   2.4261590416   1.0049479795  -3.9632693848
   2.4153150380   1.0004562461  -3.7386591153
      
      
#  type   0  conf  1.0000
   2.4153150380   1.0004562461  -3.7386591153
   1.9948769623   0.8263050931  -3.0177359997
      
      
#  type   0  conf  1.0000
   1.9948769623   0.8263050931  -3.0177359997
   1.9679812876   0.8151645398  -2.9887795550
      
      
#  type   0  conf  1.0000
   1.9679812876   0.8151645398  -2.9887795550
   1.6220759117   0.6718858418  -2.7012565079
      
      
#  type   0  conf  1.0000
   1.6220759117   0.6718858418  -2.7012565079
   0.1566731356   0.0648961376  -1.5528042762
      
      
#  type   0  conf  1.0000
   0.1566731356   0.0648961376  -1.5528042762
  -0.1288584553  -0.0533749198  -1.3835511818
      
      
#  type   0  conf  1.0000
  -0.1288584553  -0.0533749198  -1.3835511818
  -0.4172852474  -0.1728452089  -1.5496512638
      
      
#  type   0  conf  1.0000
  -0.4172852474  -0.1728452089  -1.5496512638
  -1.7132783827  -0.7096631422  -2.5862206585
      
      
#  type   0  conf  1.0000
  -1.7132783827  -0.7096631422  -2.5862206585
  -2.0922411783  -0.8666346718  -2.9319404159
      
      
#  type   0  conf  1.0000
  -2.0922411783  -0.8666346718  -2.9319404159
  -2.6258040028  -1.0876436301  -3.7479094543
      
      
#  type   0  conf  1.0000
  -2.6258040028  -1.0876436301  -3.7479094543
  -2.6406208268  -1.0937809595  -3.9593516440
      
      
#  type   0  conf  1.0000
  -2.6406208268  -1.0937809595  -3.9593516440
  -2.1589478338  -0.8942654732  -4.3684274907
      
      
#  type   0  conf  1.0000
  -2.1589478338  -0.8942654732  -4.3684274907
  -1.6838799537  -0.6974859142  -4.5863662640
      
      
# 151  norm     0.3754155712   -0.9268565956    0.0000000000
# nedges  15 
#  type   0  conf  1.0000
   1.4721699927   0.5962902366  -4.5812733680
   1.9832093941   0.8032825046  -4.3543679108
      
      
#  type   0  conf  1.0000
   1.9832093941   0.8032825046  -4.3543679108
   2.4266440768   0.9828920423  -3.9627677074
      
      
#  type   0  conf  1.0000
   2.4266440768   0.9828920423  -3.9627677074
   2.4126091463   0.9772073102  -3.7312970228
      
      
#  type   0  conf  1.0000
   2.4126091463   0.9772073102  -3.7312970228
   1.9865653749   0.8046418168  -3.0045837232
      
      
#  type   0  conf  1.0000
   1.9865653749   0.8046418168  -3.0045837232
   1.6200916802   0.6562046884  -2.6966681574
      
      
#  type   0  conf  1.0000
   1.6200916802   0.6562046884  -2.6966681574
   0.1549390397   0.0627567721  -1.5517648813
      
      
#  type   0  conf  1.0000
   0.1549390397   0.0627567721  -1.5517648813
  -0.1304627089  -0.0528428374  -1.3835357978
      
      
#  type   0  conf  1.0000
  -0.1304627089  -0.0528428374  -1.3835357978
  -0.4210145087  -0.1705284324  -1.5502197193
      
      
#  type   0  conf  1.0000
  -0.4210145087  -0.1705284324  -1.5502197193
  -1.7198203638  -0.6965989640  -2.5874709927
      
      
#  type   0  conf  1.0000
  -1.7198203638  -0.6965989640  -2.5874709927
  -2.0940057110  -0.8481596332  -2.9327948704
      
      
#  type   0  conf  1.0000
  -2.0940057110  -0.8481596332  -2.9327948704
  -2.6268643525  -1.0639896032  -3.7469955389
      
      
#  type   0  conf  1.0000
  -2.6268643525  -1.0639896032  -3.7469955389
  -2.6417692492  -1.0700267079  -3.9597260662
      
      
#  type   0  conf  1.0000
  -2.6417692492  -1.0700267079  -3.9597260662
  -2.1680844984  -0.8781646312  -4.3603738508
      
      
#  type   0  conf  1.0000
  -2.1680844984  -0.8781646312  -4.3603738508
  -2.1484049922  -0.8701936105  -4.3724372245
      
      
#  type   0  conf  1.0000
  -2.1484049922  -0.8701936105  -4.3724372245
  -1.6752093727  -0.6785296523  -4.5905114653
      
      
# 152  norm     0.3681245527   -0.9297764859    0.0000000000
# nedges  17 
#  type   0  conf  1.0000
   1.4651420290   0.5800907661  -4.5816329587
   1.9798337091   0.7838716182  -4.3547982586
      
      
#  type   0  conf  1.0000
   1.9798337091   0.7838716182  -4.3547982586
   2.4236414186   0.9595875209  -3.9652622897
      
      
#  type   0  conf  1.0000
   2.4236414186   0.9595875209  -3.9652622897
   2.4141358235   0.9558239896  -3.7370733053
      
      
#  type   0  conf  1.0000
   2.4141358235   0.9558239896  -3.7370733053
   1.9934086672   0.7892463243  -3.0166947735
      
      
#  type   0  conf  1.0000
   1.9934086672   0.7892463243  -3.0166947735
   1.9661050371   0.7784360524  -2.9881881271
      
      
#  type   0  conf  1.0000
   1.9661050371   0.7784360524  -2.9881881271
   1.6277551330   0.6444738486  -2.7004041868
      
      
#  type   0  conf  1.0000
   1.6277551330   0.6444738486  -2.7004041868
   0.1536101662   0.0608185672  -1.5509665943
      
      
#  type   0  conf  1.0000
   0.1536101662   0.0608185672  -1.5509665943
  -0.1319163419  -0.0522293746  -1.3837188936
      
      
#  type   0  conf  1.0000
  -0.1319163419  -0.0522293746  -1.3837188936
  -0.4093147514  -0.1620591745  -1.5418253523
      
      
#  type   0  conf  1.0000
  -0.4093147514  -0.1620591745  -1.5418253523
  -0.4312378721  -0.1707391520  -1.5560704728
      
      
#  type   0  conf  1.0000
  -0.4312378721  -0.1707391520  -1.5560704728
  -1.7255434417  -0.6831909790  -2.5881099374
      
      
#  type   0  conf  1.0000
  -1.7255434417  -0.6831909790  -2.5881099374
  -2.0952626466  -0.8295731676  -2.9336049831
      
      
#  type   0  conf  1.0000
  -2.0952626466  -0.8295731676  -2.9336049831
  -2.6276150947  -1.0403464124  -3.7481273715
      
      
#  type   0  conf  1.0000
  -2.6276150947  -1.0403464124  -3.7481273715
  -2.6414390905  -1.0458197195  -3.9602988868
      
      
#  type   0  conf  1.0000
  -2.6414390905  -1.0458197195  -3.9602988868
  -2.1680172835  -0.8583787661  -4.3594553227
      
      
#  type   0  conf  1.0000
  -2.1680172835  -0.8583787661  -4.3594553227
  -2.1482041655  -0.8505341977  -4.3720359391
      
      
#  type   0  conf  1.0000
  -2.1482041655  -0.8505341977  -4.3720359391
  -1.6714123229  -0.6617589529  -4.5902593404
      
      
# 153  norm     0.3608108265   -0.9326390231    0.0000000000
# nedges  14 
#  type   0  conf  1.0000
   1.4692390730   0.5684057294  -4.5776597459
   1.9766609842   0.7647124618  -4.3552361804
      
      
#  type   0  conf  1.0000
   1.9766609842   0.7647124618  -4.3552361804
   2.4229698806   0.9373763519  -3.9651960993
      
      
#  type   0  conf  1.0000
   2.4229698806   0.9373763519  -3.9651960993
   2.4121277647   0.9331818536  -3.7328251600
      
      
#  type   0  conf  1.0000
   2.4121277647   0.9331818536  -3.7328251600
   1.9855603750   0.7681553765  -3.0050776528
      
      
#  type   0  conf  1.0000
   1.9855603750   0.7681553765  -3.0050776528
   1.6283115202   0.6299462180  -2.6984997213
      
      
#  type   0  conf  1.0000
   1.6283115202   0.6299462180  -2.6984997213
   0.1537849669   0.0594949167  -1.5512607708
      
      
#  type   0  conf  1.0000
   0.1537849669   0.0594949167  -1.5512607708
  -0.1336509705  -0.0517056610  -1.3835350372
      
      
#  type   0  conf  1.0000
  -0.1336509705  -0.0517056610  -1.3835350372
  -0.4255431129  -0.1646302143  -1.5494242270
      
      
#  type   0  conf  1.0000
  -0.4255431129  -0.1646302143  -1.5494242270
  -1.7293026181  -0.6690167272  -2.5873269552
      
      
#  type   0  conf  1.0000
  -1.7293026181  -0.6690167272  -2.5873269552
  -2.0945385151  -0.8103158392  -2.9323491725
      
      
#  type   0  conf  1.0000
  -2.0945385151  -0.8103158392  -2.9323491725
  -2.6277440759  -1.0165975134  -3.7467244836
      
      
#  type   0  conf  1.0000
  -2.6277440759  -1.0165975134  -3.7467244836
  -2.6417336099  -1.0220096559  -3.9602696048
      
      
#  type   0  conf  1.0000
  -2.6417336099  -1.0220096559  -3.9602696048
  -2.1572239605  -0.8345670091  -4.3679101835
      
      
#  type   0  conf  1.0000
  -2.1572239605  -0.8345670091  -4.3679101835
  -1.6743030729  -0.6477390078  -4.5865431455
      
      
# 154  norm     0.3534748438   -0.9354440308    0.0000000000
# nedges  15 
#  type   0  conf  1.0000
   1.4617460343   0.5523477986  -4.5784827499
   1.9745055022   0.7461034556  -4.3553068284
      
      
#  type   0  conf  1.0000
   1.9745055022   0.7461034556  -4.3553068284
   2.4228649583   0.9155243760  -3.9637804024
      
      
#  type   0  conf  1.0000
   2.4228649583   0.9155243760  -3.9637804024
   2.4096994233   0.9105495349  -3.7289715417
      
      
#  type   0  conf  1.0000
   2.4096994233   0.9105495349  -3.7289715417
   1.9847357510   0.7499691445  -3.0054913668
      
      
#  type   0  conf  1.0000
   1.9847357510   0.7499691445  -3.0054913668
   1.6315400607   0.6165076146  -2.6982860285
      
      
#  type   0  conf  1.0000
   1.6315400607   0.6165076146  -2.6982860285
   0.1521398593   0.0574888622  -1.5503219188
      
      
#  type   0  conf  1.0000
   0.1521398593   0.0574888622  -1.5503219188
  -0.1344290236  -0.0507964951  -1.3836018114
      
      
#  type   0  conf  1.0000
  -0.1344290236  -0.0507964951  -1.3836018114
  -0.4279167989  -0.1616962840  -1.5490718726
      
      
#  type   0  conf  1.0000
  -0.4279167989  -0.1616962840  -1.5490718726
  -1.7349102784  -0.6555679650  -2.5881934781
      
      
#  type   0  conf  1.0000
  -1.7349102784  -0.6555679650  -2.5881934781
  -2.0943078358  -0.7913729851  -2.9318896305
      
      
#  type   0  conf  1.0000
  -2.0943078358  -0.7913729851  -2.9318896305
  -2.6269734964  -0.9926505655  -3.7442875019
      
      
#  type   0  conf  1.0000
  -2.6269734964  -0.9926505655  -3.7442875019
  -2.6423383837  -0.9984564727  -3.9603214062
      
      
#  type   0  conf  1.0000
  -2.6423383837  -0.9984564727  -3.9603214062
  -2.1633216538  -0.8174511338  -4.3612510813
      
      
#  type   0  conf  1.0000
  -2.1633216538  -0.8174511338  -4.3612510813
  -2.1270887851  -0.8037598736  -4.3814445346
      
      
#  type   0  conf  1.0000
  -2.1270887851  -0.8037598736  -4.3814445346
  -1.6640856044  -0.6288055508  -4.5885855407
      
      
# 155  norm     0.3461170571   -0.9381913359    0.0000000000
# nedges  16 
#  type   0  conf  1.0000
   1.4542918803   0.5365166000  -4.5786427039
   1.9703532778   0.7269017010  -4.3554653717
      
      
#  type   0  conf  1.0000
   1.9703532778   0.7269017010  -4.3554653717
   2.4196053299   0.8926395331  -3.9652080060
      
      
#  type   0  conf  1.0000
   2.4196053299   0.8926395331  -3.9652080060
   2.4089737615   0.8887173405  -3.7316401397
      
      
#  type   0  conf  1.0000
   2.4089737615   0.8887173405  -3.7316401397
   1.9830096701   0.7315708906  -3.0055131089
      
      
#  type   0  conf  1.0000
   1.9830096701   0.7315708906  -3.0055131089
   1.6357210551   0.6034493563  -2.6995027651
      
      
#  type   0  conf  1.0000
   1.6357210551   0.6034493563  -2.6995027651
   0.1558977278   0.0575137082  -1.5534520375
      
      
#  type   0  conf  1.0000
   0.1558977278   0.0575137082  -1.5534520375
   0.1153468065   0.0425536835  -1.5286569842
      
      
#  type   0  conf  1.0000
   0.1153468065   0.0425536835  -1.5286569842
  -0.1380300782  -0.0509219843  -1.3845458751
      
      
#  type   0  conf  1.0000
  -0.1380300782  -0.0509219843  -1.3845458751
  -0.4318442988  -0.1593157729  -1.5498980287
      
      
#  type   0  conf  1.0000
  -0.4318442988  -0.1593157729  -1.5498980287
  -1.7393173217  -0.6416680369  -2.5882485273
      
      
#  type   0  conf  1.0000
  -1.7393173217  -0.6416680369  -2.5882485273
  -2.0946201017  -0.7727461527  -2.9328089514
      
      
#  type   0  conf  1.0000
  -2.0946201017  -0.7727461527  -2.9328089514
  -2.6278617161  -0.9694693702  -3.7477611661
      
      
#  type   0  conf  1.0000
  -2.6278617161  -0.9694693702  -3.7477611661
  -2.6406182091  -0.9741754890  -3.9606213833
      
      
#  type   0  conf  1.0000
  -2.6406182091  -0.9741754890  -3.9606213833
  -2.1703645544  -0.8006897565  -4.3540843936
      
      
#  type   0  conf  1.0000
  -2.1703645544  -0.8006897565  -4.3540843936
  -2.1442269451  -0.7910470834  -4.3724060035
      
      
#  type   0  conf  1.0000
  -2.1442269451  -0.7910470834  -4.3724060035
  -1.6588928622  -0.6119978873  -4.5901225059
      
      
# 156  norm     0.3387379202   -0.9408807690   -0.0000000000
# nedges  15 
#  type   0  conf  1.0000
   1.4456552005   0.5204678979  -4.5794613896
   1.9664813764   0.7079768592  -4.3554356539
      
      
#  type   0  conf  1.0000
   1.9664813764   0.7079768592  -4.3554356539
   2.4166881690   0.8700612779  -3.9657735838
      
      
#  type   0  conf  1.0000
   2.4166881690   0.8700612779  -3.9657735838
   2.4068733822   0.8665277373  -3.7319338076
      
      
#  type   0  conf  1.0000
   2.4068733822   0.8665277373  -3.7319338076
   1.9823331368   0.7136838441  -3.0072295684
      
      
#  type   0  conf  1.0000
   1.9823331368   0.7136838441  -3.0072295684
   1.6379423790   0.5896955419  -2.6992114536
      
      
#  type   0  conf  1.0000
   1.6379423790   0.5896955419  -2.6992114536
   0.1512106196   0.0544391728  -1.5500672500
      
      
#  type   0  conf  1.0000
   0.1512106196   0.0544391728  -1.5500672500
  -0.1378477513  -0.0496282442  -1.3835724225
      
      
#  type   0  conf  1.0000
  -0.1378477513  -0.0496282442  -1.3835724225
  -0.4358492680  -0.1569153919  -1.5506573018
      
      
#  type   0  conf  1.0000
  -0.4358492680  -0.1569153919  -1.5506573018
  -1.7411725314  -0.6268606837  -2.5863510327
      
      
#  type   0  conf  1.0000
  -1.7411725314  -0.6268606837  -2.5863510327
  -2.0933001376  -0.7536344226  -2.9320870179
      
      
#  type   0  conf  1.0000
  -2.0933001376  -0.7536344226  -2.9320870179
  -2.6258054336  -0.9453481258  -3.7455897784
      
      
#  type   0  conf  1.0000
  -2.6258054336  -0.9453481258  -3.7455897784
  -2.6405353912  -0.9506512369  -3.9596270446
      
      
#  type   0  conf  1.0000
  -2.6405353912  -0.9506512369  -3.9596270446
  -2.1642393654  -0.7791741162  -4.3574927044
      
      
#  type   0  conf  1.0000
  -2.1642393654  -0.7791741162  -4.3574927044
  -2.1419953514  -0.7711657783  -4.3723683171
      
      
#  type   0  conf  1.0000
  -2.1419953514  -0.7711657783  -4.3723683171
  -1.6543099712  -0.5955882377  -4.5899275494
      
      
# 157  norm     0.3313378885   -0.9435121640    0.0000000000
# nedges  14 
#  type   0  conf  1.0000
   1.4375244026   0.5048226386  -4.5802541867
   1.9606188883   0.6885203469  -4.3563750853
      
      
#  type   0  conf  1.0000
   1.9606188883   0.6885203469  -4.3563750853
   2.4145906771   0.8479438919  -3.9657272541
      
      
#  type   0  conf  1.0000
   2.4145906771   0.8479438919  -3.9657272541
   2.4040110212   0.8442285812  -3.7299560523
      
      
#  type   0  conf  1.0000
   2.4040110212   0.8442285812  -3.7299560523
   1.9789847082   0.6949699639  -3.0059623850
      
      
#  type   0  conf  1.0000
   1.9789847082   0.6949699639  -3.0059623850
   1.6444489684   0.5774893739  -2.7028295324
      
      
#  type   0  conf  1.0000
   1.6444489684   0.5774893739  -2.7028295324
   0.1525112155   0.0535581268  -1.5511894014
      
      
#  type   0  conf  1.0000
   0.1525112155   0.0535581268  -1.5511894014
  -0.1390572349  -0.0488334251  -1.3834137123
      
      
#  type   0  conf  1.0000
  -0.1390572349  -0.0488334251  -1.3834137123
  -0.4388040126  -0.1540970011  -1.5506234415
      
      
#  type   0  conf  1.0000
  -0.4388040126  -0.1540970011  -1.5506234415
  -1.7450378883  -0.6128136883  -2.5862217235
      
      
#  type   0  conf  1.0000
  -1.7450378883  -0.6128136883  -2.5862217235
  -2.0922037445  -0.7347296594  -2.9321605739
      
      
#  type   0  conf  1.0000
  -2.0922037445  -0.7347296594  -2.9321605739
  -2.6247972713  -0.9217631936  -3.7458045458
      
      
#  type   0  conf  1.0000
  -2.6247972713  -0.9217631936  -3.7458045458
  -2.6388557729  -0.9267001880  -3.9596723308
      
      
#  type   0  conf  1.0000
  -2.6388557729  -0.9267001880  -3.9596723308
  -2.1483971718  -0.7544633865  -4.3685849585
      
      
#  type   0  conf  1.0000
  -2.1483971718  -0.7544633865  -4.3685849585
  -1.6537637133  -0.5807604795  -4.5870508306
      
      
# 158  norm     0.3239174182   -0.9460853588    0.0000000000
# nedges  15 
#  type   0  conf  1.0000
   1.4296154195   0.4894667605  -4.5806121662
   1.9574922172   0.6701993845  -4.3560793235
      
      
#  type   0  conf  1.0000
   1.9574922172   0.6701993845  -4.3560793235
   2.4125956809   0.8260161272  -3.9633933010
      
      
#  type   0  conf  1.0000
   2.4125956809   0.8260161272  -3.9633933010
   2.3996282294   0.8215763762  -3.7267659157
      
      
#  type   0  conf  1.0000
   2.3996282294   0.8215763762  -3.7267659157
   1.9760606697   0.6765567867  -3.0055232079
      
      
#  type   0  conf  1.0000
   1.9760606697   0.6765567867  -3.0055232079
   1.6437065727   0.5627665457  -2.7007247872
      
      
#  type   0  conf  1.0000
   1.6437065727   0.5627665457  -2.7007247872
   0.1520881682   0.0520714186  -1.5510680129
      
      
#  type   0  conf  1.0000
   0.1520881682   0.0520714186  -1.5510680129
  -0.1409158941  -0.0482462942  -1.3835695638
      
      
#  type   0  conf  1.0000
  -0.1409158941  -0.0482462942  -1.3835695638
  -0.4418446424  -0.1512772336  -1.5508957088
      
      
#  type   0  conf  1.0000
  -0.4418446424  -0.1512772336  -1.5508957088
  -1.7461284884  -0.5978334053  -2.5836355265
      
      
#  type   0  conf  1.0000
  -1.7461284884  -0.5978334053  -2.5836355265
  -2.0910059566  -0.7159113547  -2.9321193838
      
      
#  type   0  conf  1.0000
  -2.0910059566  -0.7159113547  -2.9321193838
  -2.6236340255  -0.8982707024  -3.7472050658
      
      
#  type   0  conf  1.0000
  -2.6236340255  -0.8982707024  -3.7472050658
  -2.6374571296  -0.9030034088  -3.9592439907
      
      
#  type   0  conf  1.0000
  -2.6374571296  -0.9030034088  -3.9592439907
  -2.1644785707  -0.7410666530  -4.3527942541
      
      
#  type   0  conf  1.0000
  -2.1644785707  -0.7410666530  -4.3527942541
  -2.1363930054  -0.7314508148  -4.3727578738
      
      
#  type   0  conf  1.0000
  -2.1363930054  -0.7314508148  -4.3727578738
  -1.6419493653  -0.5621649191  -4.5904785119
      
      
# 159  norm     0.3164769672   -0.9486001946    0.0000000000
# nedges  15 
#  type   0  conf  1.0000
   1.4208645414   0.4740362730  -4.5817587204
   1.9525772287   0.6514290457  -4.3564318105
      
      
#  type   0  conf  1.0000
   1.9525772287   0.6514290457  -4.3564318105
   2.4094717821   0.8038606005  -3.9646645907
      
      
#  type   0  conf  1.0000
   2.4094717821   0.8038606005  -3.9646645907
   2.3982149372   0.8001050330  -3.7279994465
      
      
#  type   0  conf  1.0000
   2.3982149372   0.8001050330  -3.7279994465
   1.9747579240   0.6588290855  -3.0067426637
      
      
#  type   0  conf  1.0000
   1.9747579240   0.6588290855  -3.0067426637
   1.6474368010   0.5496264974  -2.7021423447
      
      
#  type   0  conf  1.0000
   1.6474368010   0.5496264974  -2.7021423447
   0.1541415435   0.0514255094  -1.5525902619
      
      
#  type   0  conf  1.0000
   0.1541415435   0.0514255094  -1.5525902619
  -0.1419682510  -0.0473641918  -1.3834439070
      
      
#  type   0  conf  1.0000
  -0.1419682510  -0.0473641918  -1.3834439070
  -0.4453825216  -0.1485908505  -1.5514897806
      
      
#  type   0  conf  1.0000
  -0.4453825216  -0.1485908505  -1.5514897806
  -1.7481882480  -0.5832397230  -2.5819004810
      
      
#  type   0  conf  1.0000
  -1.7481882480  -0.5832397230  -2.5819004810
  -2.0892077156  -0.6970124246  -2.9316958425
      
      
#  type   0  conf  1.0000
  -2.0892077156  -0.6970124246  -2.9316958425
  -2.6223367124  -0.8748777139  -3.7463370347
      
      
#  type   0  conf  1.0000
  -2.6223367124  -0.8748777139  -3.7463370347
  -2.6364918930  -0.8796002394  -3.9580858235
      
      
#  type   0  conf  1.0000
  -2.6364918930  -0.8796002394  -3.9580858235
  -2.1694718561  -0.7237905677  -4.3469270300
      
      
#  type   0  conf  1.0000
  -2.1694718561  -0.7237905677  -4.3469270300
  -2.1342692783  -0.7120460993  -4.3722502384
      
      
#  type   0  conf  1.0000
  -2.1342692783  -0.7120460993  -4.3722502384
  -1.6368118810  -0.5460817559  -4.5913365108
      
      
# 160  norm     0.3090169944   -0.9510565163    0.0000000000
# nedges  14 
#  type   0  conf  1.0000
   1.4123124262   0.4588881245  -4.5826093098
   1.9452917810   0.6320636146  -4.3578622987
      
      
#  type   0  conf  1.0000
   1.9452917810   0.6320636146  -4.3578622987
   2.4061935917   0.7818196909  -3.9644922212
      
      
#  type   0  conf  1.0000
   2.4061935917   0.7818196909  -3.9644922212
   2.3959191851   0.7784813338  -3.7298454623
      
      
#  type   0  conf  1.0000
   2.3959191851   0.7784813338  -3.7298454623
   1.9702766044   0.6401816758  -3.0051021408
      
      
#  type   0  conf  1.0000
   1.9702766044   0.6401816758  -3.0051021408
   1.6470376241   0.5351549645  -2.7007464055
      
      
#  type   0  conf  1.0000
   1.6470376241   0.5351549645  -2.7007464055
   0.1542858122   0.0501304992  -1.5528773487
      
      
#  type   0  conf  1.0000
   0.1542858122   0.0501304992  -1.5528773487
  -0.1437361795  -0.0467027158  -1.3835147813
      
      
#  type   0  conf  1.0000
  -0.1437361795  -0.0467027158  -1.3835147813
  -0.4490039927  -0.1458902409  -1.5520931484
      
      
#  type   0  conf  1.0000
  -0.4490039927  -0.1458902409  -1.5520931484
  -1.7475972393  -0.5678287641  -2.5778741519
      
      
#  type   0  conf  1.0000
  -1.7475972393  -0.5678287641  -2.5778741519
  -2.0870852930  -0.6781351194  -2.9313621589
      
      
#  type   0  conf  1.0000
  -2.0870852930  -0.6781351194  -2.9313621589
  -2.6206180909  -0.8514904340  -3.7476821569
      
      
#  type   0  conf  1.0000
  -2.6206180909  -0.8514904340  -3.7476821569
  -2.6354808244  -0.8563196289  -3.9573694011
      
      
#  type   0  conf  1.0000
  -2.6354808244  -0.8563196289  -3.9573694011
  -2.1360367942  -0.6940404263  -4.3712471808
      
      
#  type   0  conf  1.0000
  -2.1360367942  -0.6940404263  -4.3712471808
  -1.6363237034  -0.5316738007  -4.5870678229
      
      
# 161  norm     0.3015379599   -0.9534541723    0.0000000000
# nedges  15 
#  type   0  conf  1.0000
   1.4029326655   0.4436893415  -4.5838556272
   1.9408787581   0.6138193510  -4.3579231204
      
      
#  type   0  conf  1.0000
   1.9408787581   0.6138193510  -4.3579231204
   2.4037925835   0.7602197702  -3.9631475337
      
      
#  type   0  conf  1.0000
   2.4037925835   0.7602197702  -3.9631475337
   2.3922009468   0.7565538169  -3.7290540192
      
      
#  type   0  conf  1.0000
   2.3922009468   0.7565538169  -3.7290540192
   1.9673563891   0.6221931261  -3.0051517218
      
      
#  type   0  conf  1.0000
   1.9673563891   0.6221931261  -3.0051517218
   1.6455986056   0.5204345010  -2.6979604840
      
      
#  type   0  conf  1.0000
   1.6455986056   0.5204345010  -2.6979604840
   0.1539180261   0.0486778798  -1.5528250125
      
      
#  type   0  conf  1.0000
   0.1539180261   0.0486778798  -1.5528250125
  -0.1452274539  -0.0459294127  -1.3833464555
      
      
#  type   0  conf  1.0000
  -0.1452274539  -0.0459294127  -1.3833464555
  -0.4508192907  -0.1425754202  -1.5515673266
      
      
#  type   0  conf  1.0000
  -0.4508192907  -0.1425754202  -1.5515673266
  -1.7459995940  -0.5521871642  -2.5729944497
      
      
#  type   0  conf  1.0000
  -1.7459995940  -0.5521871642  -2.5729944497
  -2.0675718797  -0.6538871241  -2.9124318842
      
      
#  type   0  conf  1.0000
  -2.0675718797  -0.6538871241  -2.9124318842
  -2.0969330489  -0.6631728425  -2.9488400085
      
      
#  type   0  conf  1.0000
  -2.0969330489  -0.6631728425  -2.9488400085
  -2.6205900328  -0.8287838003  -3.7523008325
      
      
#  type   0  conf  1.0000
  -2.6205900328  -0.8287838003  -3.7523008325
  -2.6333334472  -0.8328140131  -3.9571098057
      
      
#  type   0  conf  1.0000
  -2.6333334472  -0.8328140131  -3.9571098057
  -2.1324032975  -0.6743906092  -4.3716277887
      
      
#  type   0  conf  1.0000
  -2.1324032975  -0.6743906092  -4.3716277887
  -1.6299933807  -0.5154992164  -4.5876188481
      
      
# 162  norm     0.2940403252   -0.9557930148    0.0000000000
# nedges  16 
#  type   0  conf  1.0000
   1.3952991376   0.4292500634  -4.5848321144
   1.9057769146   0.5862935333  -4.3710781804
      
      
#  type   0  conf  1.0000
   1.9057769146   0.5862935333  -4.3710781804
   1.9503807200   0.6000154556  -4.3457869112
      
      
#  type   0  conf  1.0000
   1.9503807200   0.6000154556  -4.3457869112
   2.4015559530   0.7388150808  -3.9609036084
      
      
#  type   0  conf  1.0000
   2.4015559530   0.7388150808  -3.9609036084
   2.3894764479   0.7350989398  -3.7316896511
      
      
#  type   0  conf  1.0000
   2.3894764479   0.7350989398  -3.7316896511
   1.9662385111   0.6048939491  -3.0075363370
      
      
#  type   0  conf  1.0000
   1.9662385111   0.6048939491  -3.0075363370
   1.6469069468   0.5066547325  -2.6976225438
      
      
#  type   0  conf  1.0000
   1.6469069468   0.5066547325  -2.6976225438
   0.1546990653   0.0475916467  -1.5534376395
      
      
#  type   0  conf  1.0000
   0.1546990653   0.0475916467  -1.5534376395
  -0.1447690318  -0.0445367695  -1.3845278055
      
      
#  type   0  conf  1.0000
  -0.1447690318  -0.0445367695  -1.3845278055
  -0.4516841118  -0.1389561768  -1.5500998678
      
      
#  type   0  conf  1.0000
  -0.4516841118  -0.1389561768  -1.5500998678
  -1.7469514533  -0.5374324415  -2.5705564669
      
      
#  type   0  conf  1.0000
  -1.7469514533  -0.5374324415  -2.5705564669
  -2.0833935440  -0.6409355434  -2.9315712941
      
      
#  type   0  conf  1.0000
  -2.0833935440  -0.6409355434  -2.9315712941
  -2.6173037507  -0.8051877699  -3.7501886862
      
      
#  type   0  conf  1.0000
  -2.6173037507  -0.8051877699  -3.7501886862
  -2.6335078156  -0.8101727912  -3.9541724635
      
      
#  type   0  conf  1.0000
  -2.6335078156  -0.8101727912  -3.9541724635
  -2.1437316172  -0.6594979584  -4.3595453925
      
      
#  type   0  conf  1.0000
  -2.1437316172  -0.6594979584  -4.3595453925
  -2.1119522662  -0.6497213535  -4.3782535807
      
      
#  type   0  conf  1.0000
  -2.1119522662  -0.6497213535  -4.3782535807
  -1.6185422423  -0.4979286100  -4.5917415389
      
      
# 163  norm     0.2865245527   -0.9580728995    0.0000000000
# nedges  15 
#  type   0  conf  1.0000
   1.3982535964   0.4181664950  -4.5813358025
   1.9277764570   0.5765274098  -4.3593651354
      
      
#  type   0  conf  1.0000
   1.9277764570   0.5765274098  -4.3593651354
   2.3964328671   0.7166853961  -3.9621989237
      
      
#  type   0  conf  1.0000
   2.3964328671   0.7166853961  -3.9621989237
   2.3877747221   0.7140960616  -3.7372623615
      
      
#  type   0  conf  1.0000
   2.3877747221   0.7140960616  -3.7372623615
   1.9693795807   0.5889693820  -3.0197765310
      
      
#  type   0  conf  1.0000
   1.9693795807   0.5889693820  -3.0197765310
   1.9429790666   0.5810739541  -2.9885579515
      
      
#  type   0  conf  1.0000
   1.9429790666   0.5810739541  -2.9885579515
   1.6458395840   0.4922104058  -2.6956351491
      
      
#  type   0  conf  1.0000
   1.6458395840   0.4922104058  -2.6956351491
   0.1544382380   0.0461868268  -1.5535671105
      
      
#  type   0  conf  1.0000
   0.1544382380   0.0461868268  -1.5535671105
  -0.1477897402  -0.0441985043  -1.3833844506
      
      
#  type   0  conf  1.0000
  -0.1477897402  -0.0441985043  -1.3833844506
  -0.4582363392  -0.1370417243  -1.5531688878
      
      
#  type   0  conf  1.0000
  -0.4582363392  -0.1370417243  -1.5531688878
  -1.7430182451  -0.5212729880  -2.5637762004
      
      
#  type   0  conf  1.0000
  -1.7430182451  -0.5212729880  -2.5637762004
  -2.0795364575  -0.6219132737  -2.9303449441
      
      
#  type   0  conf  1.0000
  -2.0795364575  -0.6219132737  -2.9303449441
  -2.6151626677  -0.7820994771  -3.7523960998
      
      
#  type   0  conf  1.0000
  -2.6151626677  -0.7820994771  -3.7523960998
  -2.6310592207  -0.7868535545  -3.9531914330
      
      
#  type   0  conf  1.0000
  -2.6310592207  -0.7868535545  -3.9531914330
  -2.1233987090  -0.6350308684  -4.3723400381
      
      
#  type   0  conf  1.0000
  -2.1233987090  -0.6350308684  -4.3723400381
  -1.6188308959  -0.4841330953  -4.5884719825
      
      
# 164  norm     0.2789911060   -0.9602936857    0.0000000000
# nedges  17 
#  type   0  conf  1.0000
   1.3970227008   0.4058726140  -4.5799269281
   1.9205445386   0.5579697680  -4.3597755987
      
      
#  type   0  conf  1.0000
   1.9205445386   0.5579697680  -4.3597755987
   2.3933975759   0.6953462746  -3.9607366158
      
      
#  type   0  conf  1.0000
   2.3933975759   0.6953462746  -3.9607366158
   2.3834210398   0.6924478230  -3.7391482051
      
      
#  type   0  conf  1.0000
   2.3834210398   0.6924478230  -3.7391482051
   1.9700299061   0.5723465963  -3.0274827817
      
      
#  type   0  conf  1.0000
   1.9700299061   0.5723465963  -3.0274827817
   1.9481046984   0.5659767346  -2.9976088750
      
      
#  type   0  conf  1.0000
   1.9481046984   0.5659767346  -2.9976088750
   1.6408001716   0.4766965164  -2.6901506847
      
      
#  type   0  conf  1.0000
   1.6408001716   0.4766965164  -2.6901506847
   0.1542114702   0.0448025737  -1.5537116069
      
      
#  type   0  conf  1.0000
   0.1542114702   0.0448025737  -1.5537116069
  -0.1492881269  -0.0433722103  -1.3834834729
      
      
#  type   0  conf  1.0000
  -0.1492881269  -0.0433722103  -1.3834834729
  -0.4593457223  -0.1334522689  -1.5521064717
      
      
#  type   0  conf  1.0000
  -0.4593457223  -0.1334522689  -1.5521064717
  -1.7402885653  -0.5056005667  -2.5576795258
      
      
#  type   0  conf  1.0000
  -1.7402885653  -0.5056005667  -2.5576795258
  -2.0759582886  -0.6031216363  -2.9298103389
      
      
#  type   0  conf  1.0000
  -2.0759582886  -0.6031216363  -2.9298103389
  -2.6042420460  -0.7566022558  -3.7412115399
      
      
#  type   0  conf  1.0000
  -2.6042420460  -0.7566022558  -3.7412115399
  -2.6192876886  -0.7609734190  -3.8106213469
      
      
#  type   0  conf  1.0000
  -2.6192876886  -0.7609734190  -3.8106213469
  -2.6285414771  -0.7636618931  -3.9503135406
      
      
#  type   0  conf  1.0000
  -2.6285414771  -0.7636618931  -3.9503135406
  -2.1367277068  -0.6207767844  -4.3580293042
      
      
#  type   0  conf  1.0000
  -2.1367277068  -0.6207767844  -4.3580293042
  -2.0930839251  -0.6080970936  -4.3836163097
      
      
#  type   0  conf  1.0000
  -2.0930839251  -0.6080970936  -4.3836163097
  -1.6130596453  -0.4686371485  -4.5888075405
      
      
# 165  norm     0.2714404499   -0.9624552365    0.0000000000
# nedges  17 
#  type   0  conf  1.0000
   1.3931381518   0.3929055943  -4.5798520104
   1.9178702972   0.5408953648  -4.3579798927
      
      
#  type   0  conf  1.0000
   1.9178702972   0.5408953648  -4.3579798927
   2.3916873655   0.6745255985  -3.9567258964
      
      
#  type   0  conf  1.0000
   2.3916873655   0.6745255985  -3.9567258964
   2.3763113728   0.6701891201  -3.7320931856
      
      
#  type   0  conf  1.0000
   2.3763113728   0.6701891201  -3.7320931856
   1.9524850815   0.5506577436  -3.0068472166
      
      
#  type   0  conf  1.0000
   1.9524850815   0.5506577436  -3.0068472166
   1.6380703694   0.4619836239  -2.6867072444
      
      
#  type   0  conf  1.0000
   1.6380703694   0.4619836239  -2.6867072444
   0.1849569269   0.0521632483  -1.5772578994
      
      
#  type   0  conf  1.0000
   0.1849569269   0.0521632483  -1.5772578994
   0.1355882948   0.0382398540  -1.5426346131
      
      
#  type   0  conf  1.0000
   0.1355882948   0.0382398540  -1.5426346131
  -0.1523772513  -0.0429748295  -1.3846246934
      
      
#  type   0  conf  1.0000
  -0.1523772513  -0.0429748295  -1.3846246934
  -0.4632565299  -0.1306518539  -1.5531378770
      
      
#  type   0  conf  1.0000
  -0.4632565299  -0.1306518539  -1.5531378770
  -1.7377895557  -0.4901073431  -2.5520081925
      
      
#  type   0  conf  1.0000
  -1.7377895557  -0.4901073431  -2.5520081925
  -2.0740237960  -0.5849352062  -2.9318173090
      
      
#  type   0  conf  1.0000
  -2.0740237960  -0.5849352062  -2.9318173090
  -2.6083443685  -0.7356291929  -3.7547908337
      
      
#  type   0  conf  1.0000
  -2.6083443685  -0.7356291929  -3.7547908337
  -2.6243085505  -0.7401315579  -3.8938304867
      
      
#  type   0  conf  1.0000
  -2.6243085505  -0.7401315579  -3.8938304867
  -2.6209148756  -0.7391744426  -3.9548499912
      
      
#  type   0  conf  1.0000
  -2.6209148756  -0.7391744426  -3.9548499912
  -2.1264803377  -0.5997294811  -4.3616510527
      
      
#  type   0  conf  1.0000
  -2.1264803377  -0.5997294811  -4.3616510527
  -2.0891237909  -0.5891938452  -4.3827915783
      
      
#  type   0  conf  1.0000
  -2.0891237909  -0.5891938452  -4.3827915783
  -1.6016785696  -0.4517200749  -4.5931080719
      
      
# 166  norm     0.2638730500   -0.9645574185    0.0000000000
# nedges  18 
#  type   0  conf  1.0000
   1.3837975326   0.3785641668  -4.5828382652
   1.8521656085   0.5066951732  -4.3832961222
      
      
#  type   0  conf  1.0000
   1.8521656085   0.5066951732  -4.3832961222
   1.9190788350   0.5250005605  -4.3511591927
      
      
#  type   0  conf  1.0000
   1.9190788350   0.5250005605  -4.3511591927
   2.3886667784   0.6534652848  -3.9539314340
      
      
#  type   0  conf  1.0000
   2.3886667784   0.6534652848  -3.9539314340
   2.3729320331   0.6491607456  -3.7359028687
      
      
#  type   0  conf  1.0000
   2.3729320331   0.6491607456  -3.7359028687
   1.9470954451   0.5326650377  -3.0059144814
      
      
#  type   0  conf  1.0000
   1.9470954451   0.5326650377  -3.0059144814
   1.6431976185   0.4495280001  -2.6917258423
      
      
#  type   0  conf  1.0000
   1.6431976185   0.4495280001  -2.6917258423
   1.5180162485   0.4152822525  -2.5936797289
      
      
#  type   0  conf  1.0000
   1.5180162485   0.4152822525  -2.5936797289
   0.1545006554   0.0422665964  -1.5544899067
      
      
#  type   0  conf  1.0000
   0.1545006554   0.0422665964  -1.5544899067
  -0.1521592199  -0.0416260522  -1.3835884469
      
      
#  type   0  conf  1.0000
  -0.1521592199  -0.0416260522  -1.3835884469
  -0.4672019050  -0.1278119781  -1.5542285881
      
      
#  type   0  conf  1.0000
  -0.4672019050  -0.1278119781  -1.5542285881
  -1.7344562154  -0.4744935271  -2.5455561303
      
      
#  type   0  conf  1.0000
  -1.7344562154  -0.4744935271  -2.5455561303
  -2.0424569285  -0.5587529875  -2.8992820630
      
      
#  type   0  conf  1.0000
  -2.0424569285  -0.5587529875  -2.8992820630
  -2.0826873875  -0.5697587956  -2.9499739753
      
      
#  type   0  conf  1.0000
  -2.0826873875  -0.5697587956  -2.9499739753
  -2.6114194583  -0.7144035223  -3.7684922045
      
      
#  type   0  conf  1.0000
  -2.6114194583  -0.7144035223  -3.7684922045
  -2.6239593928  -0.7178340602  -3.9474263895
      
      
#  type   0  conf  1.0000
  -2.6239593928  -0.7178340602  -3.9474263895
  -2.1191048697  -0.5797214914  -4.3638550269
      
      
#  type   0  conf  1.0000
  -2.1191048697  -0.5797214914  -4.3638550269
  -2.0775541519  -0.5683545013  -4.3857432507
      
      
#  type   0  conf  1.0000
  -2.0775541519  -0.5683545013  -4.3857432507
  -1.5992503734  -0.4375053943  -4.5931952250
      
      
# 167  norm     0.2562893731   -0.9666001020    0.0000000000
# nedges  17 
#  type   0  conf  1.0000
   1.3863777775   0.3675914070  -4.5809922336
   1.9042157162   0.5048936486  -4.3586966704
      
      
#  type   0  conf  1.0000
   1.9042157162   0.5048936486  -4.3586966704
   2.3861590806   0.6326786162  -3.9521906305
      
      
#  type   0  conf  1.0000
   2.3861590806   0.6326786162  -3.9521906305
   2.3690109827   0.6281318804  -3.7374258590
      
      
#  type   0  conf  1.0000
   2.3690109827   0.6281318804  -3.7374258590
   1.9429180665   0.5151553908  -3.0065557669
      
      
#  type   0  conf  1.0000
   1.9429180665   0.5151553908  -3.0065557669
   1.6314301384   0.4325658632  -2.6785769443
      
      
#  type   0  conf  1.0000
   1.6314301384   0.4325658632  -2.6785769443
   0.1527325262   0.0404962955  -1.5534290893
      
      
#  type   0  conf  1.0000
   0.1527325262   0.0404962955  -1.5534290893
  -0.1534710977  -0.0406921242  -1.3835415993
      
      
#  type   0  conf  1.0000
  -0.1534710977  -0.0406921242  -1.3835415993
  -0.4488181993  -0.1190019893  -1.5431079644
      
      
#  type   0  conf  1.0000
  -0.4488181993  -0.1190019893  -1.5431079644
  -0.5003209878  -0.1326577062  -1.5783891018
      
      
#  type   0  conf  1.0000
  -0.5003209878  -0.1326577062  -1.5783891018
  -1.7324121914  -0.4593407694  -2.5402680049
      
      
#  type   0  conf  1.0000
  -1.7324121914  -0.4593407694  -2.5402680049
  -2.0653114681  -0.5476074132  -2.9297041286
      
      
#  type   0  conf  1.0000
  -2.0653114681  -0.5476074132  -2.9297041286
  -2.5934276292  -0.6876348761  -3.7443477158
      
      
#  type   0  conf  1.0000
  -2.5934276292  -0.6876348761  -3.7443477158
  -2.6136412655  -0.6929944246  -3.8156946555
      
      
#  type   0  conf  1.0000
  -2.6136412655  -0.6929944246  -3.8156946555
  -2.6216266067  -0.6951116995  -3.9459228913
      
      
#  type   0  conf  1.0000
  -2.6216266067  -0.6951116995  -3.9459228913
  -2.1233613755  -0.5629990673  -4.3563189293
      
      
#  type   0  conf  1.0000
  -2.1233613755  -0.5629990673  -4.3563189293
  -2.0862209617  -0.5531514650  -4.3800677975
      
      
#  type   0  conf  1.0000
  -2.0862209617  -0.5531514650  -4.3800677975
  -1.5986983574  -0.4238871887  -4.5930209275
      
      
# 168  norm     0.2486898872   -0.9685831611    0.0000000000
# nedges  19 
#  type   0  conf  1.0000
   1.3891718033   0.3566786961  -4.5793519985
   1.8952806491   0.4866253613  -4.3592317683
      
      
#  type   0  conf  1.0000
   1.8952806491   0.4866253613  -4.3592317683
   2.3796591969   0.6109926343  -3.9537380010
      
      
#  type   0  conf  1.0000
   2.3796591969   0.6109926343  -3.9537380010
   2.3743722359   0.6096351735  -3.8026030612
      
      
#  type   0  conf  1.0000
   2.3743722359   0.6096351735  -3.8026030612
   2.3562973170   0.6049943231  -3.7263370489
      
      
#  type   0  conf  1.0000
   2.3562973170   0.6049943231  -3.7263370489
   1.9374825915   0.4974609785  -3.0066334801
      
      
#  type   0  conf  1.0000
   1.9374825915   0.4974609785  -3.0066334801
   1.6379818469   0.4205622574  -2.6852725255
      
      
#  type   0  conf  1.0000
   1.6379818469   0.4205622574  -2.6852725255
   1.5138820499   0.3886988452  -2.5875574756
      
      
#  type   0  conf  1.0000
   1.5138820499   0.3886988452  -2.5875574756
   0.1534754339   0.0394057938  -1.5543422300
      
      
#  type   0  conf  1.0000
   0.1534754339   0.0394057938  -1.5543422300
  -0.1549334813  -0.0397801568  -1.3835783928
      
      
#  type   0  conf  1.0000
  -0.1549334813  -0.0397801568  -1.3835783928
  -0.4646997066  -0.1193146053  -1.5506361485
      
      
#  type   0  conf  1.0000
  -0.4646997066  -0.1193146053  -1.5506361485
  -1.6471579424  -0.4229182783  -2.4663918562
      
      
#  type   0  conf  1.0000
  -1.6471579424  -0.4229182783  -2.4663918562
  -1.7720466501  -0.4549842483  -2.5850981231
      
      
#  type   0  conf  1.0000
  -1.7720466501  -0.4549842483  -2.5850981231
  -2.0593884972  -0.5287610951  -2.9276637305
      
      
#  type   0  conf  1.0000
  -2.0593884972  -0.5287610951  -2.9276637305
  -2.5893714816  -0.6648375973  -3.7465751751
      
      
#  type   0  conf  1.0000
  -2.5893714816  -0.6648375973  -3.7465751751
  -2.6118648253  -0.6706129063  -3.8250882911
      
      
#  type   0  conf  1.0000
  -2.6118648253  -0.6706129063  -3.8250882911
  -2.6198749504  -0.6726695569  -3.9414282708
      
      
#  type   0  conf  1.0000
  -2.6198749504  -0.6726695569  -3.9414282708
  -2.1457257429  -0.5509287321  -4.3336706229
      
      
#  type   0  conf  1.0000
  -2.1457257429  -0.5509287321  -4.3336706229
  -2.0905797418  -0.5367696456  -4.3751479279
      
      
#  type   0  conf  1.0000
  -2.0905797418  -0.5367696456  -4.3751479279
  -1.5993797557  -0.4106509249  -4.5926877769
      
      
# 169  norm     0.2410750608   -0.9705064735    0.0000000000
# nedges  20 
#  type   0  conf  1.0000
   1.3804201465   0.3428981464  -4.5840395572
   1.8977946030   0.4714146292  -4.3537597638
      
      
#  type   0  conf  1.0000
   1.8977946030   0.4714146292  -4.3537597638
   2.3788780627   0.5909163817  -3.9489787943
      
      
#  type   0  conf  1.0000
   2.3788780627   0.5909163817  -3.9489787943
   2.3725044089   0.5893331578  -3.8176507715
      
      
#  type   0  conf  1.0000
   2.3725044089   0.5893331578  -3.8176507715
   2.3538535506   0.5847002606  -3.7326336119
      
      
#  type   0  conf  1.0000
   2.3538535506   0.5847002606  -3.7326336119
   1.9330692395   0.4801768945  -3.0072626057
      
      
#  type   0  conf  1.0000
   1.9330692395   0.4801768945  -3.0072626057
   1.6426439908   0.4080348878  -2.6904969340
      
      
#  type   0  conf  1.0000
   1.6426439908   0.4080348878  -2.6904969340
   1.5531319472   0.3857999806  -2.6159848252
      
      
#  type   0  conf  1.0000
   1.5531319472   0.3857999806  -2.6159848252
   0.1534815244   0.0381250088  -1.5546290767
      
      
#  type   0  conf  1.0000
   0.1534815244   0.0381250088  -1.5546290767
  -0.1559472980  -0.0387375101  -1.3834305562
      
      
#  type   0  conf  1.0000
  -0.1559472980  -0.0387375101  -1.3834305562
  -0.4652748206  -0.1155748661  -1.5496487192
      
      
#  type   0  conf  1.0000
  -0.4652748206  -0.1155748661  -1.5496487192
  -1.6508103692  -0.4100634267  -2.4652808297
      
      
#  type   0  conf  1.0000
  -1.6508103692  -0.4100634267  -2.4652808297
  -1.7736368250  -0.4405736769  -2.5851438433
      
      
#  type   0  conf  1.0000
  -1.7736368250  -0.4405736769  -2.5851438433
  -2.0522266534  -0.5097757499  -2.9243532451
      
      
#  type   0  conf  1.0000
  -2.0522266534  -0.5097757499  -2.9243532451
  -2.1058497383  -0.5230957934  -3.0044293825
      
      
#  type   0  conf  1.0000
  -2.1058497383  -0.5230957934  -3.0044293825
  -2.5855329563  -0.6422497240  -3.7517130131
      
      
#  type   0  conf  1.0000
  -2.5855329563  -0.6422497240  -3.7517130131
  -2.6090832572  -0.6480996492  -3.8225045503
      
      
#  type   0  conf  1.0000
  -2.6090832572  -0.6480996492  -3.8225045503
  -2.6162136291  -0.6498708427  -3.9414758011
      
      
#  type   0  conf  1.0000
  -2.6162136291  -0.6498708427  -3.9414758011
  -2.1083592968  -0.5237191710  -4.3599005891
      
      
#  type   0  conf  1.0000
  -2.1083592968  -0.5237191710  -4.3599005891
  -2.0813829107  -0.5170182019  -4.3767539367
      
      
#  type   0  conf  1.0000
  -2.0813829107  -0.5170182019  -4.3767539367
  -1.6008035791  -0.3976416755  -4.5926234520
      
      
# 170  norm     0.2334453639   -0.9723699204    0.0000000000
# nedges  17 
#  type   0  conf  1.0000
   1.3938602322   0.3346362349  -4.5781065162
   1.8880174995   0.4532728984  -4.3554626674
      
      
#  type   0  conf  1.0000
   1.8880174995   0.4532728984  -4.3554626674
   2.3795697581   0.5712841547  -3.9464096766
      
      
#  type   0  conf  1.0000
   2.3795697581   0.5712841547  -3.9464096766
   2.3630318331   0.5673137502  -3.7617984636
      
      
#  type   0  conf  1.0000
   2.3630318331   0.5673137502  -3.7617984636
   1.9289959655   0.4631109577  -3.0084994956
      
      
#  type   0  conf  1.0000
   1.9289959655   0.4631109577  -3.0084994956
   1.6421623198   0.3942482919  -2.6904757988
      
      
#  type   0  conf  1.0000
   1.6421623198   0.3942482919  -2.6904757988
   1.5302716388   0.3673857161  -2.5967804761
      
      
#  type   0  conf  1.0000
   1.5302716388   0.3673857161  -2.5967804761
   0.1529599883   0.0367224442  -1.5546510629
      
      
#  type   0  conf  1.0000
   0.1529599883   0.0367224442  -1.5546510629
  -0.1570693247  -0.0377090086  -1.3834942001
      
      
#  type   0  conf  1.0000
  -0.1570693247  -0.0377090086  -1.3834942001
  -0.4665053463  -0.1119980246  -1.5493671796
      
      
#  type   0  conf  1.0000
  -0.4665053463  -0.1119980246  -1.5493671796
  -1.6559244022  -0.3975522756  -2.4651958797
      
      
#  type   0  conf  1.0000
  -1.6559244022  -0.3975522756  -2.4651958797
  -1.7723955770  -0.4255145307  -2.5825405216
      
      
#  type   0  conf  1.0000
  -1.7723955770  -0.4255145307  -2.5825405216
  -2.0477805639  -0.4916286167  -2.9239373597
      
      
#  type   0  conf  1.0000
  -2.0477805639  -0.4916286167  -2.9239373597
  -2.0752853172  -0.4982319237  -2.9635519515
      
      
#  type   0  conf  1.0000
  -2.0752853172  -0.4982319237  -2.9635519515
  -2.6025125892  -0.6248079929  -3.7870942174
      
      
#  type   0  conf  1.0000
  -2.6025125892  -0.6248079929  -3.7870942174
  -2.6161987312  -0.6280937449  -3.9382364740
      
      
#  type   0  conf  1.0000
  -2.6161987312  -0.6280937449  -3.9382364740
  -2.0884402249  -0.5013901376  -4.3711495714
      
      
#  type   0  conf  1.0000
  -2.0884402249  -0.5013901376  -4.3711495714
  -1.6096202805  -0.3864356395  -4.5884708022
      
      
# 171  norm     0.2258012669   -0.9741733870    0.0000000000
# nedges  18 
#  type   0  conf  1.0000
   1.3960835109   0.3235947826  -4.5776715616
   1.8815078190   0.4361100958  -4.3542532307
      
      
#  type   0  conf  1.0000
   1.8815078190   0.4361100958  -4.3542532307
   2.3742597751   0.5503238666  -3.9494831361
      
      
#  type   0  conf  1.0000
   2.3742597751   0.5503238666  -3.9494831361
   2.3703703283   0.5494223413  -3.8383469217
      
      
#  type   0  conf  1.0000
   2.3703703283   0.5494223413  -3.8383469217
   2.3411934659   0.5426595077  -3.7335907946
      
      
#  type   0  conf  1.0000
   2.3411934659   0.5426595077  -3.7335907946
   1.9206191001   0.4451756040  -3.0063814611
      
      
#  type   0  conf  1.0000
   1.9206191001   0.4451756040  -3.0063814611
   1.6412961174   0.3804320130  -2.6903860226
      
      
#  type   0  conf  1.0000
   1.6412961174   0.3804320130  -2.6903860226
   1.5198423108   0.3522805322  -2.5872195242
      
      
#  type   0  conf  1.0000
   1.5198423108   0.3522805322  -2.5872195242
   0.1514007277   0.0350928044  -1.5540972411
      
      
#  type   0  conf  1.0000
   0.1514007277   0.0350928044  -1.5540972411
  -0.1586926168  -0.0367829735  -1.3835075775
      
      
#  type   0  conf  1.0000
  -0.1586926168  -0.0367829735  -1.3835075775
  -0.4668587238  -0.1082120418  -1.5483160512
      
      
#  type   0  conf  1.0000
  -0.4668587238  -0.1082120418  -1.5483160512
  -1.6609992536  -0.3849989548  -2.4651201979
      
      
#  type   0  conf  1.0000
  -1.6609992536  -0.3849989548  -2.4651201979
  -1.7750147706  -0.4114263326  -2.5847726024
      
      
#  type   0  conf  1.0000
  -1.7750147706  -0.4114263326  -2.5847726024
  -1.9119591620  -0.4431683382  -2.7585229593
      
      
#  type   0  conf  1.0000
  -1.9119591620  -0.4431683382  -2.7585229593
  -2.0522663310  -0.4756897937  -2.9364316480
      
      
#  type   0  conf  1.0000
  -2.0522663310  -0.4756897937  -2.9364316480
  -2.6000674154  -0.6026632673  -3.7929363370
      
      
#  type   0  conf  1.0000
  -2.6000674154  -0.6026632673  -3.7929363370
  -2.6136069371  -0.6058015600  -3.9358700890
      
      
#  type   0  conf  1.0000
  -2.6136069371  -0.6058015600  -3.9358700890
  -2.0876274673  -0.4838860650  -4.3675715197
      
      
#  type   0  conf  1.0000
  -2.0876274673  -0.4838860650  -4.3675715197
  -1.6129123491  -0.3738530088  -4.5883876244
      
      
# 172  norm     0.2181432414   -0.9759167619    0.0000000000
# nedges  19 
#  type   0  conf  1.0000
   1.3873573860   0.3101111170  -4.5827192167
   1.8734949086   0.4187757276  -4.3536215404
      
      
#  type   0  conf  1.0000
   1.8734949086   0.4187757276  -4.3536215404
   2.3682040660   0.5293563256  -3.9549769750
      
      
#  type   0  conf  1.0000
   2.3682040660   0.5293563256  -3.9549769750
   2.3731968468   0.5304723444  -3.9003260754
      
      
#  type   0  conf  1.0000
   2.3731968468   0.5304723444  -3.9003260754
   2.3628978572   0.5281702475  -3.8210498721
      
      
#  type   0  conf  1.0000
   2.3628978572   0.5281702475  -3.8210498721
   2.3311542497   0.5210747105  -3.7291488491
      
      
#  type   0  conf  1.0000
   2.3311542497   0.5210747105  -3.7291488491
   1.9151269217   0.4280815851  -3.0081658226
      
      
#  type   0  conf  1.0000
   1.9151269217   0.4280815851  -3.0081658226
   1.6079385573   0.3594168504  -2.6524785128
      
      
#  type   0  conf  1.0000
   1.6079385573   0.3594168504  -2.6524785128
   0.1505073300   0.0336423741  -1.5537203746
      
      
#  type   3  conf  0.0000
#  type   0  conf  1.0000
   0.1370194049   0.0306274657  -1.5464907537
  -0.1596933428  -0.0356956913  -1.3834983888
      
      
#  type   0  conf  1.0000
  -0.1596933428  -0.0356956913  -1.3834983888
  -0.4682023245  -0.1046556189  -1.5478620713
      
      
#  type   0  conf  1.0000
  -0.4682023245  -0.1046556189  -1.5478620713
  -1.6665819892  -0.3725252105  -2.4658513657
      
      
#  type   0  conf  1.0000
  -1.6665819892  -0.3725252105  -2.4658513657
  -1.7733947585  -0.3964006931  -2.5822967627
      
      
#  type   0  conf  1.0000
  -1.7733947585  -0.3964006931  -2.5822967627
  -2.0299076951  -0.4537381277  -2.9143003990
      
      
#  type   0  conf  1.0000
  -2.0299076951  -0.4537381277  -2.9143003990
  -2.0559638197  -0.4595623616  -2.9506249047
      
      
#  type   0  conf  1.0000
  -2.0559638197  -0.4595623616  -2.9506249047
  -2.5964106159  -0.5803665331  -3.7984613528
      
      
#  type   0  conf  1.0000
  -2.5964106159  -0.5803665331  -3.7984613528
  -2.6123008556  -0.5839184225  -3.9357089242
      
      
#  type   0  conf  1.0000
  -2.6123008556  -0.5839184225  -3.9357089242
  -2.0831560447  -0.4656405440  -4.3656808934
      
      
#  type   0  conf  1.0000
  -2.0831560447  -0.4656405440  -4.3656808934
  -1.6162020214  -0.3612639535  -4.5881177094
      
      
# 173  norm     0.2104717598   -0.9775999378    0.0000000000
# nedges  16 
#  type   0  conf  1.0000
   1.3896290172   0.2991792997  -4.5827258798
   1.8670823515   0.4019723131  -4.3522328459
      
      
#  type   0  conf  1.0000
   1.8670823515   0.4019723131  -4.3522328459
   2.3721294145   0.5107061008  -3.9526134605
      
      
#  type   0  conf  1.0000
   2.3721294145   0.5107061008  -3.9526134605
   2.3663199633   0.5094553587  -3.8497114902
      
      
#  type   0  conf  1.0000
   2.3663199633   0.5094553587  -3.8497114902
   2.3337537631   0.5024440393  -3.7480066773
      
      
#  type   0  conf  1.0000
   2.3337537631   0.5024440393  -3.7480066773
   1.9081210647   0.4108077169  -3.0072985979
      
      
#  type   0  conf  1.0000
   1.9081210647   0.4108077169  -3.0072985979
   1.6001460802   0.3445024375  -2.6443916272
      
      
#  type   0  conf  1.0000
   1.6001460802   0.3445024375  -2.6443916272
   0.1493237830   0.0321485693  -1.5535923880
      
      
#  type   0  conf  1.0000
   0.1493237830   0.0321485693  -1.5535923880
  -0.1610076959  -0.0346640500  -1.3834598148
      
      
#  type   0  conf  1.0000
  -0.1610076959  -0.0346640500  -1.3834598148
  -0.4711436159  -0.1014345666  -1.5488015967
      
      
#  type   0  conf  1.0000
  -0.4711436159  -0.1014345666  -1.5488015967
  -1.6703063267  -0.3596075434  -2.4651592151
      
      
#  type   0  conf  1.0000
  -1.6703063267  -0.3596075434  -2.4651592151
  -1.7742404033  -0.3819839646  -2.5830466950
      
      
#  type   0  conf  1.0000
  -1.7742404033  -0.3819839646  -2.5830466950
  -2.0403984793  -0.4392862991  -2.9353445647
      
      
#  type   0  conf  1.0000
  -2.0403984793  -0.4392862991  -2.9353445647
  -2.5950979401  -0.5587099684  -3.8077199595
      
      
#  type   0  conf  1.0000
  -2.5950979401  -0.5587099684  -3.8077199595
  -2.6111832746  -0.5621730503  -3.9374559683
      
      
#  type   0  conf  1.0000
  -2.6111832746  -0.5621730503  -3.9374559683
  -2.0696043227  -0.4455741527  -4.3693758955
      
      
#  type   0  conf  1.0000
  -2.0696043227  -0.4455741527  -4.3693758955
  -1.6192018898  -0.3486050460  -4.5872896399
      
      
# 174  norm     0.2027872954   -0.9792228106    0.0000000000
# nedges  17 
#  type   0  conf  1.0000
   1.3995998665   0.2898431985  -4.5782016068
   1.8334090807   0.3796807680  -4.3642395425
      
      
#  type   0  conf  1.0000
   1.8334090807   0.3796807680  -4.3642395425
   1.8840353489   0.3901649641  -4.3320837923
      
      
#  type   0  conf  1.0000
   1.8840353489   0.3901649641  -4.3320837923
   2.3733699974   0.4915012982  -3.9528400546
      
      
#  type   0  conf  1.0000
   2.3733699974   0.4915012982  -3.9528400546
   2.3636798347   0.4894945620  -3.8479183948
      
      
#  type   0  conf  1.0000
   2.3636798347   0.4894945620  -3.8479183948
   2.3198941135   0.4804269750  -3.7370909544
      
      
#  type   0  conf  1.0000
   2.3198941135   0.4804269750  -3.7370909544
   1.9007659170   0.3936296982  -3.0075962951
      
      
#  type   0  conf  1.0000
   1.9007659170   0.3936296982  -3.0075962951
   1.5961718084   0.3305512907  -2.6397842931
      
      
#  type   0  conf  1.0000
   1.5961718084   0.3305512907  -2.6397842931
   0.1473242609   0.0305093877  -1.5526445394
      
      
#  type   0  conf  1.0000
   0.1473242609   0.0305093877  -1.5526445394
  -0.1623724715  -0.0336257223  -1.3835584300
      
      
#  type   0  conf  1.0000
  -0.1623724715  -0.0336257223  -1.3835584300
  -0.4723829725  -0.0978258108  -1.5482833593
      
      
#  type   0  conf  1.0000
  -0.4723829725  -0.0978258108  -1.5482833593
  -1.6908782075  -0.3501640431  -2.4773608414
      
      
#  type   0  conf  1.0000
  -1.6908782075  -0.3501640431  -2.4773608414
  -2.0175757992  -0.4178198619  -2.9095469155
      
      
#  type   0  conf  1.0000
  -2.0175757992  -0.4178198619  -2.9095469155
  -2.5897226081  -0.5363057700  -3.8104533520
      
      
#  type   0  conf  1.0000
  -2.5897226081  -0.5363057700  -3.8104533520
  -2.6129374098  -0.5411133243  -3.9373131467
      
      
#  type   0  conf  1.0000
  -2.6129374098  -0.5411133243  -3.9373131467
  -2.1079439585  -0.4365342080  -4.3344295125
      
      
#  type   0  conf  1.0000
  -2.1079439585  -0.4365342080  -4.3344295125
  -2.0524414953  -0.4250402005  -4.3730823990
      
      
#  type   0  conf  1.0000
  -2.0524414953  -0.4250402005  -4.3730823990
  -1.6225534415  -0.3360146643  -4.5878242775
      
      
# 175  norm     0.1950903220   -0.9807852804    0.0000000000
# nedges  18 
#  type   0  conf  1.0000
   1.3996818713   0.2784140346  -4.5787310743
   1.8447944299   0.3669524274  -4.3545439150
      
      
#  type   0  conf  1.0000
   1.8447944299   0.3669524274  -4.3545439150
   2.3707393546   0.4715693775  -3.9606106270
      
      
#  type   0  conf  1.0000
   2.3707393546   0.4715693775  -3.9606106270
   2.3652066332   0.4704688508  -3.8600474745
      
      
#  type   0  conf  1.0000
   2.3652066332   0.4704688508  -3.8600474745
   2.3200820358   0.4614930102  -3.7515931878
      
      
#  type   0  conf  1.0000
   2.3200820358   0.4614930102  -3.7515931878
   1.8962083806   0.3771792980  -3.0096020184
      
      
#  type   0  conf  1.0000
   1.8962083806   0.3771792980  -3.0096020184
   1.5903090811   0.3163321442  -2.6336770798
      
      
#  type   0  conf  1.0000
   1.5903090811   0.3163321442  -2.6336770798
   0.1506657065   0.0299692724  -1.5557668868
      
      
#  type   0  conf  1.0000
   0.1506657065   0.0299692724  -1.5557668868
   0.1407007562   0.0279871205  -1.5496628640
      
      
#  type   0  conf  1.0000
   0.1407007562   0.0279871205  -1.5496628640
  -0.1636069187  -0.0325434395  -1.3835202969
      
      
#  type   0  conf  1.0000
  -0.1636069187  -0.0325434395  -1.3835202969
  -0.4731439092  -0.0941141751  -1.5477755021
      
      
#  type   0  conf  1.0000
  -0.4731439092  -0.0941141751  -1.5477755021
  -1.6918067936  -0.3365212945  -2.4748624797
      
      
#  type   0  conf  1.0000
  -1.6918067936  -0.3365212945  -2.4748624797
  -2.0208053369  -0.4019631736  -2.9222944722
      
      
#  type   0  conf  1.0000
  -2.0208053369  -0.4019631736  -2.9222944722
  -2.5943501892  -0.5160483379  -3.8297875209
      
      
#  type   0  conf  1.0000
  -2.5943501892  -0.5160483379  -3.8297875209
  -2.6085832632  -0.5188794724  -3.9182503149
      
      
#  type   0  conf  1.0000
  -2.6085832632  -0.5188794724  -3.9182503149
  -2.5977439933  -0.5167234076  -3.9533359730
      
      
#  type   0  conf  1.0000
  -2.5977439933  -0.5167234076  -3.9533359730
  -2.1027280260  -0.4182586096  -4.3328939028
      
      
#  type   0  conf  1.0000
  -2.1027280260  -0.4182586096  -4.3328939028
  -2.0487495997  -0.4075216331  -4.3705706683
      
      
#  type   0  conf  1.0000
  -2.0487495997  -0.4075216331  -4.3705706683
  -1.6192499988  -0.3220888506  -4.5919900512
      
      
# 176  norm     0.1873813146   -0.9822872507   -0.0000000000
# nedges  15 
#  type   0  conf  1.0000
   1.3961699956   0.2663336707  -4.5812520797
   1.8347011378   0.3499879600  -4.3546205034
      
      
#  type   0  conf  1.0000
   1.8347011378   0.3499879600  -4.3546205034
   2.3692154062   0.4519520100  -3.9647104115
      
      
#  type   0  conf  1.0000
   2.3692154062   0.4519520100  -3.9647104115
   2.3650851186   0.4511641155  -3.8502243728
      
      
#  type   0  conf  1.0000
   2.3650851186   0.4511641155  -3.8502243728
   1.8961890058   0.3617173982  -3.0196256129
      
      
#  type   0  conf  1.0000
   1.8961890058   0.3617173982  -3.0196256129
   1.5855919634   0.3024678436  -2.6286353689
      
      
#  type   0  conf  1.0000
   1.5855919634   0.3024678436  -2.6286353689
   0.1769858856   0.0337618633  -1.5759426935
      
      
#  type   0  conf  1.0000
   0.1769858856   0.0337618633  -1.5759426935
   0.1382666976   0.0263757832  -1.5486897024
      
      
#  type   0  conf  1.0000
   0.1382666976   0.0263757832  -1.5486897024
  -0.1626991903  -0.0310365304  -1.3845861280
      
      
#  type   0  conf  1.0000
  -0.1626991903  -0.0310365304  -1.3845861280
  -0.4711128220  -0.0898695772  -1.5447514172
      
      
#  type   0  conf  1.0000
  -0.4711128220  -0.0898695772  -1.5447514172
  -1.6931464849  -0.3229849658  -2.4728615893
      
      
#  type   0  conf  1.0000
  -1.6931464849  -0.3229849658  -2.4728615893
  -2.0207591585  -0.3854804257  -2.9325846012
      
      
#  type   0  conf  1.0000
  -2.0207591585  -0.3854804257  -2.9325846012
  -2.6012613018  -0.4962171320  -3.8526732258
      
      
#  type   0  conf  1.0000
  -2.6012613018  -0.4962171320  -3.8526732258
  -2.6108189520  -0.4980403512  -3.9486073131
      
      
#  type   0  conf  1.0000
  -2.6108189520  -0.4980403512  -3.9486073131
  -2.0490108786  -0.3908697295  -4.3667132970
      
      
#  type   0  conf  1.0000
  -2.0490108786  -0.3908697295  -4.3667132970
  -1.6272822485  -0.3104206908  -4.5878446633
      
      
# 177  norm     0.1796607486   -0.9837286289    0.0000000000
# nedges  16 
#  type   0  conf  1.0000
   1.3982267090   0.2553615396  -4.5810267190
   1.8272324692   0.3337119035  -4.3534191590
      
      
#  type   0  conf  1.0000
   1.8272324692   0.3337119035  -4.3534191590
   2.3704627205   0.4329233636  -3.9668096654
      
      
#  type   0  conf  1.0000
   2.3704627205   0.4329233636  -3.9668096654
   2.3660914460   0.4321250271  -3.8603709616
      
      
#  type   0  conf  1.0000
   2.3660914460   0.4321250271  -3.8603709616
   1.8876143035   0.3447395845  -3.0176668727
      
      
#  type   0  conf  1.0000
   1.8876143035   0.3447395845  -3.0176668727
   1.5817598642   0.2888806455  -2.6247797847
      
      
#  type   0  conf  1.0000
   1.5817598642   0.2888806455  -2.6247797847
   0.1990957990   0.0363613493  -1.5927378448
      
      
#  type   0  conf  1.0000
   0.1990957990   0.0363613493  -1.5927378448
   0.1386306462   0.0253184516  -1.5492222631
      
      
#  type   0  conf  1.0000
   0.1386306462   0.0253184516  -1.5492222631
  -0.1655690817  -0.0302382835  -1.3840856450
      
      
#  type   0  conf  1.0000
  -0.1655690817  -0.0302382835  -1.3840856450
  -0.4757068175  -0.0868794914  -1.5471331445
      
      
#  type   0  conf  1.0000
  -0.4757068175  -0.0868794914  -1.5471331445
  -1.6954647056  -0.3096468368  -2.4718900299
      
      
#  type   0  conf  1.0000
  -1.6954647056  -0.3096468368  -2.4718900299
  -2.0209365672  -0.3690885533  -2.9428708889
      
      
#  type   0  conf  1.0000
  -2.0209365672  -0.3690885533  -2.9428708889
  -2.6055758990  -0.4758626544  -3.8662847615
      
      
#  type   0  conf  1.0000
  -2.6055758990  -0.4758626544  -3.8662847615
  -2.6128912202  -0.4771986692  -3.9512741509
      
      
#  type   0  conf  1.0000
  -2.6128912202  -0.4771986692  -3.9512741509
  -2.0867310237  -0.3811047547  -4.3331690077
      
      
#  type   0  conf  1.0000
  -2.0867310237  -0.3811047547  -4.3331690077
  -2.0299427484  -0.3707333741  -4.3726434178
      
      
#  type   0  conf  1.0000
  -2.0299427484  -0.3707333741  -4.3726434178
  -1.6240184631  -0.2965984360  -4.5910458701
      
      
# 178  norm     0.1719291003   -0.9851093262    0.0000000000
# nedges  15 
#  type   0  conf  1.0000
   1.4005023314   0.2444267853  -4.5807221144
   1.8143613142   0.3166567406  -4.3553620856
      
      
#  type   0  conf  1.0000
   1.8143613142   0.3166567406  -4.3553620856
   2.3712481644   0.4138490547  -3.9696834598
      
      
#  type   0  conf  1.0000
   2.3712481644   0.4138490547  -3.9696834598
   2.3663287709   0.4129904831  -3.8651924287
      
      
#  type   0  conf  1.0000
   2.3663287709   0.4129904831  -3.8651924287
   1.8802953554   0.3281640729  -3.0188259713
      
      
#  type   0  conf  1.0000
   1.8802953554   0.3281640729  -3.0188259713
   1.5780149036   0.2754076887  -2.6206209692
      
      
#  type   0  conf  1.0000
   1.5780149036   0.2754076887  -2.6206209692
   0.6147867386   0.1072974623  -1.9029936091
      
      
#  type   0  conf  1.0000
   0.6147867386   0.1072974623  -1.9029936091
   0.1391019914   0.0242771839  -1.5497459337
      
      
#  type   0  conf  1.0000
   0.1391019914   0.0242771839  -1.5497459337
  -0.1662956464  -0.0290232364  -1.3840425758
      
      
#  type   0  conf  1.0000
  -0.1662956464  -0.0290232364  -1.3840425758
  -0.4758987870  -0.0830576344  -1.5462213366
      
      
#  type   0  conf  1.0000
  -0.4758987870  -0.0830576344  -1.5462213366
  -1.6974616733  -0.2962544872  -2.4706028971
      
      
#  type   0  conf  1.0000
  -1.6974616733  -0.2962544872  -2.4706028971
  -1.9975827191  -0.3486339947  -2.9170165105
      
      
#  type   0  conf  1.0000
  -1.9975827191  -0.3486339947  -2.9170165105
  -2.6081473491  -0.4551945812  -3.8709911082
      
      
#  type   0  conf  1.0000
  -2.6081473491  -0.4551945812  -3.8709911082
  -2.6153454383  -0.4564508488  -3.9537689006
      
      
#  type   0  conf  1.0000
  -2.6153454383  -0.4564508488  -3.9537689006
  -2.0298446010  -0.3542645945  -4.3684447621
      
      
#  type   0  conf  1.0000
  -2.0298446010  -0.3542645945  -4.3684447621
  -1.6327488222  -0.2849602867  -4.5877639247
      
      
# 179  norm     0.1641868466   -0.9864292572    0.0000000000
# nedges  16 
#  type   0  conf  1.0000
   1.4023638124   0.2334173388  -4.5806155301
   1.8048417993   0.3004080439  -4.3548164024
      
      
#  type   0  conf  1.0000
   1.8048417993   0.3004080439  -4.3548164024
   2.3721384293   0.3948320931  -3.9718340428
      
      
#  type   0  conf  1.0000
   2.3721384293   0.3948320931  -3.9718340428
   2.3662600271   0.3938536587  -3.8665677557
      
      
#  type   0  conf  1.0000
   2.3662600271   0.3938536587  -3.8665677557
   1.8701161255   0.3112726707  -3.0168797625
      
      
#  type   0  conf  1.0000
   1.8701161255   0.3112726707  -3.0168797625
   1.5733890824   0.2618837489  -2.6161686653
      
      
#  type   0  conf  1.0000
   1.5733890824   0.2618837489  -2.6161686653
   0.1456782979   0.0242475172  -1.5540730016
      
      
#  type   0  conf  1.0000
   0.1456782979   0.0242475172  -1.5540730016
  -0.0014240943  -0.0002370343  -1.4744626552
      
      
#  type   0  conf  1.0000
  -0.0014240943  -0.0002370343  -1.4744626552
  -0.1698710291  -0.0282742917  -1.3846777536
      
      
#  type   0  conf  1.0000
  -0.1698710291  -0.0282742917  -1.3846777536
  -0.4790366712  -0.0797335641  -1.5473249896
      
      
#  type   0  conf  1.0000
  -0.4790366712  -0.0797335641  -1.5473249896
  -1.6954893092  -0.2822067990  -2.4665228373
      
      
#  type   0  conf  1.0000
  -1.6954893092  -0.2822067990  -2.4665228373
  -1.7891491390  -0.2977960690  -2.6013537238
      
      
#  type   0  conf  1.0000
  -1.7891491390  -0.2977960690  -2.6013537238
  -2.6113315239  -0.4346447402  -3.8705562154
      
      
#  type   0  conf  1.0000
  -2.6113315239  -0.4346447402  -3.8705562154
  -2.6165649262  -0.4355158172  -3.9570655230
      
      
#  type   0  conf  1.0000
  -2.6165649262  -0.4355158172  -3.9570655230
  -2.0517837794  -0.3415104592  -4.3469902665
      
      
#  type   0  conf  1.0000
  -2.0517837794  -0.3415104592  -4.3469902665
  -2.0011488318  -0.3330824931  -4.3791575494
      
      
#  type   0  conf  1.0000
  -2.0011488318  -0.3330824931  -4.3791575494
  -1.6291662998  -0.2711676234  -4.5915107505
      
      
# 180  norm     0.1564344650   -0.9876883406    0.0000000000
# nedges  16 
#  type   0  conf  1.0000
   1.4043288518   0.2224238392  -4.5806396769
   1.7979029862   0.2847598582  -4.3530830185
      
      
#  type   0  conf  1.0000
   1.7979029862   0.2847598582  -4.3530830185
   2.3733689966   0.3759047202  -3.9735159371
      
      
#  type   0  conf  1.0000
   2.3733689966   0.3759047202  -3.9735159371
   2.3678787198   0.3750351458  -3.8677014117
      
      
#  type   0  conf  1.0000
   2.3678787198   0.3750351458  -3.8677014117
   1.8574412965   0.2941898002  -3.0116737574
      
      
#  type   0  conf  1.0000
   1.8574412965   0.2941898002  -3.0116737574
   1.5696658293   0.2486106439  -2.6126455571
      
      
#  type   0  conf  1.0000
   1.5696658293   0.2486106439  -2.6126455571
   0.1450686099   0.0229766106  -1.5541450420
      
      
#  type   0  conf  1.0000
   0.1450686099   0.0229766106  -1.5541450420
   0.0984586800   0.0155943229  -1.5286431702
      
      
#  type   0  conf  1.0000
   0.0984586800   0.0155943229  -1.5286431702
  -0.1693174895  -0.0268172558  -1.3836175989
      
      
#  type   0  conf  1.0000
  -0.1693174895  -0.0268172558  -1.3836175989
  -0.4806214703  -0.0761229626  -1.5473742544
      
      
#  type   0  conf  1.0000
  -0.4806214703  -0.0761229626  -1.5473742544
  -1.7048187336  -0.2700167610  -2.4712397001
      
      
#  type   0  conf  1.0000
  -1.7048187336  -0.2700167610  -2.4712397001
  -2.0402417091  -0.3231425412  -2.9749801149
      
      
#  type   0  conf  1.0000
  -2.0402417091  -0.3231425412  -2.9749801149
  -2.6135739526  -0.4139494477  -3.8701874010
      
      
#  type   0  conf  1.0000
  -2.6135739526  -0.4139494477  -3.8701874010
  -2.6198480250  -0.4149431632  -3.9587970300
      
      
#  type   0  conf  1.0000
  -2.6198480250  -0.4149431632  -3.9587970300
  -2.0676970971  -0.3274910475  -4.3309251435
      
      
#  type   0  conf  1.0000
  -2.0676970971  -0.3274910475  -4.3309251435
  -2.0030006825  -0.3172441421  -4.3732032518
      
      
#  type   0  conf  1.0000
  -2.0030006825  -0.3172441421  -4.3732032518
  -1.6316937477  -0.2584349010  -4.5920856445
      
      
# 181  norm     0.1486724339   -0.9888864987    0.0000000000
# nedges  15 
#  type   0  conf  1.0000
   1.4060273212   0.2113867509  -4.5808106584
   1.7866438982   0.2686098932  -4.3548521498
      
      
#  type   0  conf  1.0000
   1.7866438982   0.2686098932  -4.3548521498
   2.3729314266   0.3567542798  -3.9765835406
      
      
#  type   0  conf  1.0000
   2.3729314266   0.3567542798  -3.9765835406
   2.3691879191   0.3561914686  -3.8664007295
      
      
#  type   0  conf  1.0000
   2.3691879191   0.3561914686  -3.8664007295
   1.8386980970   0.2764358919  -2.9963300606
      
      
#  type   0  conf  1.0000
   1.8386980970   0.2764358919  -2.9963300606
   1.5564089619   0.2339956191  -2.5998884263
      
      
#  type   0  conf  1.0000
   1.5564089619   0.2339956191  -2.5998884263
   0.1352431390   0.0203328963  -1.5486692096
      
      
#  type   0  conf  1.0000
   0.1352431390   0.0203328963  -1.5486692096
  -0.1705345966  -0.0256387296  -1.3837391672
      
      
#  type   0  conf  1.0000
  -0.1705345966  -0.0256387296  -1.3837391672
  -0.4815531383  -0.0723982754  -1.5471092313
      
      
#  type   0  conf  1.0000
  -0.4815531383  -0.0723982754  -1.5471092313
  -1.7066560616  -0.2565842600  -2.4703523205
      
      
#  type   0  conf  1.0000
  -1.7066560616  -0.2565842600  -2.4703523205
  -2.0399303839  -0.3066898128  -2.9545096661
      
      
#  type   0  conf  1.0000
  -2.0399303839  -0.3066898128  -2.9545096661
  -2.6151985188  -0.3931775076  -3.8670231818
      
      
#  type   0  conf  1.0000
  -2.6151985188  -0.3931775076  -3.8670231818
  -2.6235344839  -0.3944307639  -3.9602692217
      
      
#  type   0  conf  1.0000
  -2.6235344839  -0.3944307639  -3.9602692217
  -2.1970151019  -0.3303064436  -4.2417092620
      
      
#  type   0  conf  1.0000
  -2.1970151019  -0.3303064436  -4.2417092620
  -1.9928273500  -0.2996081884  -4.3751359796
      
      
#  type   0  conf  1.0000
  -1.9928273500  -0.2996081884  -4.3751359796
  -1.6348880866  -0.2457944277  -4.5923447242
      
      
# 182  norm     0.1409012319   -0.9900236577    0.0000000000
# nedges  14 
#  type   0  conf  1.0000
   1.4082090097   0.2004178211  -4.5809928540
   1.7938680357   0.2553052285  -4.3472271903
      
      
#  type   0  conf  1.0000
   1.7938680357   0.2553052285  -4.3472271903
   2.3746470300   0.3379623197  -3.9773178339
      
      
#  type   0  conf  1.0000
   2.3746470300   0.3379623197  -3.9773178339
   2.3705127826   0.3373739292  -3.8645255717
      
      
#  type   0  conf  1.0000
   2.3705127826   0.3373739292  -3.8645255717
   1.8268715675   0.2600023267  -2.9934225183
      
      
#  type   0  conf  1.0000
   1.8268715675   0.2600023267  -2.9934225183
   1.5561248979   0.2214693694  -2.5992517534
      
      
#  type   0  conf  1.0000
   1.5561248979   0.2214693694  -2.5992517534
   0.1375978663   0.0195830764  -1.5509675121
      
      
#  type   0  conf  1.0000
   0.1375978663   0.0195830764  -1.5509675121
  -0.1703906482  -0.0242501803  -1.3842175046
      
      
#  type   0  conf  1.0000
  -0.1703906482  -0.0242501803  -1.3842175046
  -0.4809809922  -0.0684537322  -1.5454082365
      
      
#  type   0  conf  1.0000
  -0.4809809922  -0.0684537322  -1.5454082365
  -1.7116788295  -0.2436079723  -2.4721232047
      
      
#  type   0  conf  1.0000
  -1.7116788295  -0.2436079723  -2.4721232047
  -2.0573457562  -0.2928036611  -2.9589217164
      
      
#  type   0  conf  1.0000
  -2.0573457562  -0.2928036611  -2.9589217164
  -2.6176604720  -0.3725482542  -3.8658098826
      
      
#  type   0  conf  1.0000
  -2.6176604720  -0.3725482542  -3.8658098826
  -2.6273626493  -0.3739290785  -3.9622024890
      
      
#  type   0  conf  1.0000
  -2.6273626493  -0.3739290785  -3.9622024890
  -2.0165587214  -0.2869988065  -4.3586971335
      
      
#  type   0  conf  1.0000
  -2.0165587214  -0.2869988065  -4.3586971335
  -1.6439354862  -0.2339666668  -4.5888384060
      
      
# 183  norm     0.1331213385   -0.9910997474    0.0000000000
# nedges  15 
#  type   0  conf  1.0000
   1.4109800274   0.1895183107  -4.5838162617
   2.3759733549   0.3191331187  -3.9805412925
      
      
#  type   0  conf  1.0000
   2.3759733549   0.3191331187  -3.9805412925
   2.3741337964   0.3188860351  -3.8674939891
      
      
#  type   0  conf  1.0000
   2.3741337964   0.3188860351  -3.8674939891
   1.8277105080   0.2454922120  -3.0059801369
      
      
#  type   0  conf  1.0000
   1.8277105080   0.2454922120  -3.0059801369
   1.5558357017   0.2089748602  -2.5984132156
      
      
#  type   0  conf  1.0000
   1.5558357017   0.2089748602  -2.5984132156
   0.1355528717   0.0182070269  -1.5501700165
      
      
#  type   0  conf  1.0000
   0.1355528717   0.0182070269  -1.5501700165
  -0.1725819616  -0.0231806554  -1.3834404321
      
      
#  type   0  conf  1.0000
  -0.1725819616  -0.0231806554  -1.3834404321
  -0.4850484926  -0.0651501575  -1.5477149103
      
      
#  type   0  conf  1.0000
  -0.4850484926  -0.0651501575  -1.5477149103
  -1.7167909942  -0.2305938587  -2.4741432985
      
      
#  type   0  conf  1.0000
  -1.7167909942  -0.2305938587  -2.4741432985
  -2.0469818069  -0.2749440294  -2.9270975087
      
      
#  type   0  conf  1.0000
  -2.0469818069  -0.2749440294  -2.9270975087
  -2.0974830806  -0.2817271985  -3.0022726228
      
      
#  type   0  conf  1.0000
  -2.0974830806  -0.2817271985  -3.0022726228
  -2.6236927402  -0.3524059918  -3.8721348420
      
      
#  type   0  conf  1.0000
  -2.6236927402  -0.3524059918  -3.8721348420
  -2.6297000887  -0.3532128796  -3.9631338761
      
      
#  type   0  conf  1.0000
  -2.6297000887  -0.3532128796  -3.9631338761
  -2.1576321044  -0.2898062224  -4.2691431474
      
      
#  type   0  conf  1.0000
  -2.1576321044  -0.2898062224  -4.2691431474
  -1.9841415546  -0.2665035283  -4.3803392495
      
      
#  type   0  conf  1.0000
  -1.9841415546  -0.2665035283  -4.3803392495
  -1.6397832045  -0.2202504195  -4.5932088485
      
      
# 184  norm     0.1253332336   -0.9921147013    0.0000000000
# nedges  14 
#  type   0  conf  1.0000
   1.4109582222   0.1782454752  -4.5804795990
   1.7831790416   0.2252679000  -4.3581438736
      
      
#  type   0  conf  1.0000
   1.7831790416   0.2252679000  -4.3581438736
   2.3794403589   0.3005932216  -3.9762190279
      
      
#  type   0  conf  1.0000
   2.3794403589   0.3005932216  -3.9762190279
   2.3742914017   0.2999427570  -3.8630194242
      
      
#  type   0  conf  1.0000
   2.3742914017   0.2999427570  -3.8630194242
   1.5618031109   0.1973016163  -2.6026420584
      
      
#  type   0  conf  1.0000
   1.5618031109   0.1973016163  -2.6026420584
   0.1367887581   0.0172804388  -1.5515951335
      
      
#  type   0  conf  1.0000
   0.1367887581   0.0172804388  -1.5515951335
  -0.1732973366  -0.0218925448  -1.3833373724
      
      
#  type   0  conf  1.0000
  -0.1732973366  -0.0218925448  -1.3833373724
  -0.4869137448  -0.0615115107  -1.5480909589
      
      
#  type   0  conf  1.0000
  -0.4869137448  -0.0615115107  -1.5480909589
  -1.7220769426  -0.2175489098  -2.4763486355
      
      
#  type   0  conf  1.0000
  -1.7220769426  -0.2175489098  -2.4763486355
  -2.0909699557  -0.2641509349  -2.9679505508
      
      
#  type   0  conf  1.0000
  -2.0909699557  -0.2641509349  -2.9679505508
  -2.6285319535  -0.3320608079  -3.8729324142
      
      
#  type   0  conf  1.0000
  -2.6285319535  -0.3320608079  -3.8729324142
  -2.6331322346  -0.3326419586  -3.9628098119
      
      
#  type   0  conf  1.0000
  -2.6331322346  -0.3326419586  -3.9628098119
  -2.0284170357  -0.2562486634  -4.3582499921
      
      
#  type   3  conf  0.0000
#  type   0  conf  1.0000
  -2.0119166141  -0.2541641753  -4.3676639172
  -1.6426770508  -0.2075183708  -4.5935635294
      
      
# 185  norm     0.1175373975   -0.9930684570    0.0000000000
# nedges  14 
#  type   0  conf  1.0000
   1.4120543212   0.1671276424  -4.5799849006
   1.7904152057   0.2119096042  -4.3597769944
      
      
#  type   0  conf  1.0000
   1.7904152057   0.2119096042  -4.3597769944
   2.3812680825   0.2818416506  -3.9747378715
      
      
#  type   0  conf  1.0000
   2.3812680825   0.2818416506  -3.9747378715
   2.3764800951   0.2812749549  -3.8646015833
      
      
#  type   0  conf  1.0000
   2.3764800951   0.2812749549  -3.8646015833
   1.5664154482   0.1853974858  -2.6059800789
      
      
#  type   0  conf  1.0000
   1.5664154482   0.1853974858  -2.6059800789
   0.1360520042   0.0161028159  -1.5517087678
      
      
#  type   0  conf  1.0000
   0.1360520042   0.0161028159  -1.5517087678
  -0.1749978104  -0.0207123558  -1.3834280011
      
      
#  type   0  conf  1.0000
  -0.1749978104  -0.0207123558  -1.3834280011
  -0.4876466970  -0.0577167901  -1.5479342205
      
      
#  type   0  conf  1.0000
  -0.4876466970  -0.0577167901  -1.5479342205
  -1.7120892685  -0.2026391186  -2.4672047667
      
      
#  type   0  conf  1.0000
  -1.7120892685  -0.2026391186  -2.4672047667
  -1.8289900489  -0.2164752378  -2.6058202489
      
      
#  type   0  conf  1.0000
  -1.8289900489  -0.2164752378  -2.6058202489
  -2.1132098534  -0.2501148684  -2.9832354847
      
      
#  type   0  conf  1.0000
  -2.1132098534  -0.2501148684  -2.9832354847
  -2.6327488987  -0.3116063667  -3.8701825449
      
      
#  type   0  conf  1.0000
  -2.6327488987  -0.3116063667  -3.8701825449
  -2.6378527987  -0.3122104530  -3.9610713480
      
      
#  type   0  conf  1.0000
  -2.6378527987  -0.3122104530  -3.9610713480
  -2.0354268440  -0.2409086426  -4.3615970280
      
      
#  type   0  conf  1.0000
  -2.0354268440  -0.2409086426  -4.3615970280
  -1.6511477749  -0.1954262175  -4.5878724884
      
      
# 186  norm     0.1097343111   -0.9939609555    0.0000000000
# nedges  15 
#  type   0  conf  1.0000
   1.4131745856   0.1560159267  -4.5793069167
   1.7988139923   0.1985909136  -4.3619716864
      
      
#  type   0  conf  1.0000
   1.7988139923   0.1985909136  -4.3619716864
   2.3830006912   0.2630857256  -3.9736103430
      
      
#  type   0  conf  1.0000
   2.3830006912   0.2630857256  -3.9736103430
   2.3802010928   0.2627766471  -3.8743949810
      
      
#  type   0  conf  1.0000
   2.3802010928   0.2627766471  -3.8743949810
   1.8277185253   0.2017820037  -2.9933812815
      
      
#  type   0  conf  1.0000
   1.8277185253   0.2017820037  -2.9933812815
   1.5569382481   0.1718875828  -2.5989847451
      
      
#  type   0  conf  1.0000
   1.5569382481   0.1718875828  -2.5989847451
   0.1353256833   0.0149400945  -1.5516847814
      
      
#  type   0  conf  1.0000
   0.1353256833   0.0149400945  -1.5516847814
  -0.1741064629  -0.0192215325  -1.3842076396
      
      
#  type   0  conf  1.0000
  -0.1741064629  -0.0192215325  -1.3842076396
  -0.4864672292  -0.0537064821  -1.5461029519
      
      
#  type   0  conf  1.0000
  -0.4864672292  -0.0537064821  -1.5461029519
  -1.7115605962  -0.1889580490  -2.4655593212
      
      
#  type   0  conf  1.0000
  -1.7115605962  -0.1889580490  -2.4655593212
  -1.8333269007  -0.2024011742  -2.6029945281
      
      
#  type   0  conf  1.0000
  -1.8333269007  -0.2024011742  -2.6029945281
  -2.1266528328  -0.2347846586  -2.9847100492
      
      
#  type   0  conf  1.0000
  -2.1266528328  -0.2347846586  -2.9847100492
  -2.6360949540  -0.2910275923  -3.8615255695
      
      
#  type   0  conf  1.0000
  -2.6360949540  -0.2910275923  -3.8615255695
  -2.6432414080  -0.2918165682  -3.9588504110
      
      
#  type   0  conf  1.0000
  -2.6432414080  -0.2918165682  -3.9588504110
  -2.0436304834  -0.2256189058  -4.3648188066
      
      
#  type   0  conf  1.0000
  -2.0436304834  -0.2256189058  -4.3648188066
  -1.6534425388  -0.1825417557  -4.5876436661
      
      
# 187  norm     0.1019244558   -0.9947921418    0.0000000000
# nedges  17 
#  type   0  conf  1.0000
   1.4139357158   0.1448690860  -4.5796579496
   1.7736104648   0.1817206568  -4.3826191814
      
      
#  type   0  conf  1.0000
   1.7736104648   0.1817206568  -4.3826191814
   1.8185716420   0.1863272910  -4.3576080044
      
      
#  type   0  conf  1.0000
   1.8185716420   0.1863272910  -4.3576080044
   2.3860707718   0.2444721412  -3.9708932230
      
      
#  type   0  conf  1.0000
   2.3860707718   0.2444721412  -3.9708932230
   2.3817793028   0.2440324456  -3.8715592395
      
      
#  type   0  conf  1.0000
   2.3817793028   0.2440324456  -3.8715592395
   1.8390894246   0.1884295029  -2.9943149533
      
      
#  type   0  conf  1.0000
   1.8390894246   0.1884295029  -2.9943149533
   1.5585749542   0.1596885393  -2.6003176471
      
      
#  type   0  conf  1.0000
   1.5585749542   0.1596885393  -2.6003176471
   0.1336492337   0.0136934389  -1.5512293567
      
      
#  type   0  conf  1.0000
   0.1336492337   0.0136934389  -1.5512293567
  -0.1759367063  -0.0180261306  -1.3836865304
      
      
#  type   0  conf  1.0000
  -0.1759367063  -0.0180261306  -1.3836865304
  -0.4886787860  -0.0500690719  -1.5470760680
      
      
#  type   0  conf  1.0000
  -0.4886787860  -0.0500690719  -1.5470760680
  -1.7140215049  -0.1756152886  -2.4661172522
      
      
#  type   0  conf  1.0000
  -1.7140215049  -0.1756152886  -2.4661172522
  -1.8428716146  -0.1888170187  -2.6066783409
      
      
#  type   0  conf  1.0000
  -1.8428716146  -0.1888170187  -2.6066783409
  -2.1386142524  -0.2191182305  -2.9831455687
      
      
#  type   0  conf  1.0000
  -2.1386142524  -0.2191182305  -2.9831455687
  -2.6367305993  -0.2701542565  -3.8413490176
      
      
#  type   0  conf  1.0000
  -2.6367305993  -0.2701542565  -3.8413490176
  -2.6538633587  -0.2719096455  -3.9499202417
      
      
#  type   0  conf  1.0000
  -2.6538633587  -0.2719096455  -3.9499202417
  -2.1063044248  -0.2158078288  -4.3330163156
      
      
#  type   0  conf  1.0000
  -2.1063044248  -0.2158078288  -4.3330163156
  -2.0555253343  -0.2106051026  -4.3658419051
      
      
#  type   0  conf  1.0000
  -2.0555253343  -0.2106051026  -4.3658419051
  -1.6561413283  -0.1696849990  -4.5881969494
      
      
# 188  norm     0.0941083133   -0.9955619646    0.0000000000
# nedges  18 
#  type   0  conf  1.0000
   1.4158014753   0.1338326428  -4.5790007209
   1.7750368839   0.1677903869  -4.3883411586
      
      
#  type   0  conf  1.0000
   1.7750368839   0.1677903869  -4.3883411586
   1.8313617271   0.1731146522  -4.3578551317
      
      
#  type   0  conf  1.0000
   1.8313617271   0.1731146522  -4.3578551317
   2.3893686964   0.2258618408  -3.9683497007
      
      
#  type   0  conf  1.0000
   2.3893686964   0.2258618408  -3.9683497007
   2.3837492231   0.2253306441  -3.8647119885
      
      
#  type   0  conf  1.0000
   2.3837492231   0.2253306441  -3.8647119885
   1.8590048385   0.1757276955  -3.0092409150
      
      
#  type   0  conf  1.0000
   1.8590048385   0.1757276955  -3.0092409150
   1.5718711906   0.1485855745  -2.6121440807
      
      
#  type   0  conf  1.0000
   1.5718711906   0.1485855745  -2.6121440807
   0.1406498548   0.0132953257  -1.5562831401
      
      
#  type   0  conf  1.0000
   0.1406498548   0.0132953257  -1.5562831401
   0.1276792698   0.0120692445  -1.5483550999
      
      
#  type   0  conf  1.0000
   0.1276792698   0.0120692445  -1.5483550999
  -0.1758985499  -0.0166273084  -1.3842728195
      
      
#  type   0  conf  1.0000
  -0.1758985499  -0.0166273084  -1.3842728195
  -0.4866378102  -0.0460008168  -1.5447430562
      
      
#  type   0  conf  1.0000
  -0.4866378102  -0.0460008168  -1.5447430562
  -1.7150106759  -0.1621162396  -2.4658098743
      
      
#  type   0  conf  1.0000
  -1.7150106759  -0.1621162396  -2.4658098743
  -1.8494144857  -0.1748211403  -2.6072858828
      
      
#  type   0  conf  1.0000
  -1.8494144857  -0.1748211403  -2.6072858828
  -2.1489961003  -0.2031399406  -2.9798093384
      
      
#  type   0  conf  1.0000
  -2.1489961003  -0.2031399406  -2.9798093384
  -2.6324779363  -0.2488424299  -3.8083164814
      
      
#  type   0  conf  1.0000
  -2.6324779363  -0.2488424299  -3.8083164814
  -2.6535493333  -0.2508342634  -3.8820486695
      
      
#  type   0  conf  1.0000
  -2.6535493333  -0.2508342634  -3.8820486695
  -2.6548429143  -0.2509565428  -3.9525287968
      
      
#  type   0  conf  1.0000
  -2.6548429143  -0.2509565428  -3.9525287968
  -2.0806514343  -0.1966794675  -4.3604302784
      
      
#  type   0  conf  1.0000
  -2.0806514343  -0.1966794675  -4.3604302784
  -1.6586909926  -0.1567924621  -4.5881136508
      
      
# 189  norm     0.0862863658   -0.9962703765   -0.0000000000
# nedges  18 
#  type   0  conf  1.0000
   1.4150298171   0.1225548639  -4.5801746763
   1.8408732087   0.1594368987  -4.3602809809
      
      
#  type   0  conf  1.0000
   1.8408732087   0.1594368987  -4.3602809809
   2.3924753149   0.2072108185  -3.9664086947
      
      
#  type   0  conf  1.0000
   2.3924753149   0.2072108185  -3.9664086947
   2.3867974702   0.2067190639  -3.8543132543
      
      
#  type   0  conf  1.0000
   2.3867974702   0.2067190639  -3.8543132543
   1.8667239812   0.1616758182  -3.0058875091
      
      
#  type   0  conf  1.0000
   1.8667239812   0.1616758182  -3.0058875091
   1.5784459674   0.1367082364  -2.6179414326
      
      
#  type   0  conf  1.0000
   1.5784459674   0.1367082364  -2.6179414326
   0.1681897366   0.0145668098  -1.5769592685
      
      
#  type   0  conf  1.0000
   0.1681897366   0.0145668098  -1.5769592685
   0.1294947376   0.0112154597  -1.5497382563
      
      
#  type   0  conf  1.0000
   0.1294947376   0.0112154597  -1.5497382563
  -0.1785735872  -0.0154661488  -1.3835412976
      
      
#  type   0  conf  1.0000
  -0.1785735872  -0.0154661488  -1.3835412976
  -0.4900203480  -0.0424403616  -1.5467344330
      
      
#  type   0  conf  1.0000
  -0.4900203480  -0.0424403616  -1.5467344330
  -1.7170358972  -0.1487114251  -2.4663014878
      
      
#  type   0  conf  1.0000
  -1.7170358972  -0.1487114251  -2.4663014878
  -1.8505540733  -0.1602753524  -2.6019274152
      
      
#  type   0  conf  1.0000
  -1.8505540733  -0.1602753524  -2.6019274152
  -2.1595331460  -0.1870358403  -2.9775547962
      
      
#  type   0  conf  1.0000
  -2.1595331460  -0.1870358403  -2.9775547962
  -2.6456507159  -0.2291381846  -3.8048727412
      
      
#  type   0  conf  1.0000
  -2.6456507159  -0.2291381846  -3.8048727412
  -2.6641673667  -0.2307419004  -3.9181090966
      
      
#  type   0  conf  1.0000
  -2.6641673667  -0.2307419004  -3.9181090966
  -2.6486504387  -0.2293979888  -3.9578164467
      
      
#  type   0  conf  1.0000
  -2.6486504387  -0.2293979888  -3.9578164467
  -2.1111326026  -0.1828438989  -4.3494167115
      
      
#  type   0  conf  1.0000
  -2.1111326026  -0.1828438989  -4.3494167115
  -2.0751347670  -0.1797261485  -4.3701820134
      
      
#  type   0  conf  1.0000
  -2.0751347670  -0.1797261485  -4.3701820134
  -1.6549841524  -0.1433371616  -4.5924279026
      
      
# 190  norm     0.0784590957   -0.9969173337    0.0000000000
# nedges  20 
#  type   0  conf  1.0000
   1.4178190440   0.1115847787  -4.5793139121
   1.8420028870   0.1449687712  -4.3661025131
      
      
#  type   0  conf  1.0000
   1.8420028870   0.1449687712  -4.3661025131
   1.8930854989   0.1489890599  -4.3323722765
      
      
#  type   0  conf  1.0000
   1.8930854989   0.1489890599  -4.3323722765
   2.3999354818   0.1888790187  -3.9588338587
      
      
#  type   0  conf  1.0000
   2.3999354818   0.1888790187  -3.9588338587
   2.3849528805   0.1876998624  -3.8316889792
      
      
#  type   0  conf  1.0000
   2.3849528805   0.1876998624  -3.8316889792
   1.8755394831   0.1476081585  -3.0053828182
      
      
#  type   0  conf  1.0000
   1.8755394831   0.1476081585  -3.0053828182
   1.5849860706   0.1247411091  -2.6234924377
      
      
#  type   0  conf  1.0000
   1.5849860706   0.1247411091  -2.6234924377
   0.2067878595   0.0162745575  -1.6061339073
      
      
#  type   0  conf  1.0000
   0.2067878595   0.0162745575  -1.6061339073
   0.1280604794   0.0100785783  -1.5495319833
      
      
#  type   0  conf  1.0000
   0.1280604794   0.0100785783  -1.5495319833
  -0.1775351174  -0.0139723168  -1.3844476896
      
      
#  type   0  conf  1.0000
  -0.1775351174  -0.0139723168  -1.3844476896
  -0.4771702083  -0.0375541098  -1.5389407292
      
      
#  type   0  conf  1.0000
  -0.4771702083  -0.0375541098  -1.5389407292
  -0.5031753011  -0.0396007550  -1.5556556706
      
      
#  type   0  conf  1.0000
  -0.5031753011  -0.0396007550  -1.5556556706
  -1.7183698553  -0.1352386406  -2.4667219587
      
      
#  type   0  conf  1.0000
  -1.7183698553  -0.1352386406  -2.4667219587
  -1.8576647115  -0.1462013835  -2.6031387221
      
      
#  type   0  conf  1.0000
  -1.8576647115  -0.1462013835  -2.6031387221
  -2.1707854664  -0.1708445214  -2.9763777028
      
      
#  type   0  conf  1.0000
  -2.1707854664  -0.1708445214  -2.9763777028
  -2.6385322093  -0.2076569884  -3.7658214898
      
      
#  type   0  conf  1.0000
  -2.6385322093  -0.2076569884  -3.7658214898
  -2.6671218468  -0.2099070417  -3.8601828420
      
      
#  type   0  conf  1.0000
  -2.6671218468  -0.2099070417  -3.8601828420
  -2.6724071880  -0.2103230070  -3.9425532448
      
      
#  type   0  conf  1.0000
  -2.6724071880  -0.2103230070  -3.9425532448
  -2.1466641164  -0.1689461299  -4.3337047440
      
      
#  type   0  conf  1.0000
  -2.1466641164  -0.1689461299  -4.3337047440
  -2.0986706057  -0.1651689587  -4.3652834815
      
      
#  type   0  conf  1.0000
  -2.0986706057  -0.1651689587  -4.3652834815
  -1.6583173870  -0.1305124088  -4.5920781727
      
      
# 191  norm     0.0706269859   -0.9975027964    0.0000000000
# nedges  18 
#  type   0  conf  1.0000
   1.4187985778   0.1004563271  -4.5795403880
   1.8683427641   0.1322857626  -4.3585441981
      
      
#  type   0  conf  1.0000
   1.8683427641   0.1322857626  -4.3585441981
   2.4026107737   0.1701139665  -3.9586179156
      
      
#  type   0  conf  1.0000
   2.4026107737   0.1701139665  -3.9586179156
   2.3881591549   0.1690907370  -3.8175111702
      
      
#  type   0  conf  1.0000
   2.3881591549   0.1690907370  -3.8175111702
   1.8782275927   0.1329856460  -2.9964952881
      
      
#  type   0  conf  1.0000
   1.8782275927   0.1329856460  -2.9964952881
   1.5877200685   0.1124166101  -2.6255411892
      
      
#  type   0  conf  1.0000
   1.5877200685   0.1124166101  -2.6255411892
   0.2225287667   0.0157558817  -1.6185930474
      
      
#  type   0  conf  1.0000
   0.2225287667   0.0157558817  -1.6185930474
   0.1278611236   0.0090530531  -1.5498941173
      
      
#  type   0  conf  1.0000
   0.1278611236   0.0090530531  -1.5498941173
  -0.1805101824  -0.0127808064  -1.3835480416
      
      
#  type   0  conf  1.0000
  -0.1805101824  -0.0127808064  -1.3835480416
  -0.4938723856  -0.0349680403  -1.5480908398
      
      
#  type   0  conf  1.0000
  -0.4938723856  -0.0349680403  -1.5480908398
  -1.7207328872  -0.1218344228  -2.4680153335
      
      
#  type   0  conf  1.0000
  -1.7207328872  -0.1218344228  -2.4680153335
  -1.8641267396  -0.1319872521  -2.6047529188
      
      
#  type   0  conf  1.0000
  -1.8641267396  -0.1319872521  -2.6047529188
  -2.1702275351  -0.1536603508  -2.9632123819
      
      
#  type   0  conf  1.0000
  -2.1702275351  -0.1536603508  -2.9632123819
  -2.2127865207  -0.1566736886  -3.0280094867
      
      
#  type   0  conf  1.0000
  -2.2127865207  -0.1566736886  -3.0280094867
  -2.6634776211  -0.1885843299  -3.7869829855
      
      
#  type   0  conf  1.0000
  -2.6634776211  -0.1885843299  -3.7869829855
  -2.6824694825  -0.1899290258  -3.9379758199
      
      
#  type   0  conf  1.0000
  -2.6824694825  -0.1899290258  -3.9379758199
  -2.1591803674  -0.1528781693  -4.3335438152
      
      
#  type   0  conf  1.0000
  -2.1591803674  -0.1528781693  -4.3335438152
  -2.1128290814  -0.1495963223  -4.3644116823
      
      
#  type   0  conf  1.0000
  -2.1128290814  -0.1495963223  -4.3644116823
  -1.6603189001  -0.1175568831  -4.5922085390
      
      
# 192  norm     0.0627905195   -0.9980267284    0.0000000000
# nedges  18 
#  type   0  conf  1.0000
   1.4195174207   0.0893084662  -4.5795584962
   1.8798859617   0.1182723998  -4.3593723560
      
      
#  type   0  conf  1.0000
   1.8798859617   0.1182723998  -4.3593723560
   2.4048134307   0.1512980368  -3.9580583735
      
      
#  type   0  conf  1.0000
   2.4048134307   0.1512980368  -3.9580583735
   2.4004815311   0.1510254968  -3.8531049752
      
      
#  type   0  conf  1.0000
   2.4004815311   0.1510254968  -3.8531049752
   2.3742379964   0.1493743935  -3.7723735239
      
      
#  type   0  conf  1.0000
   2.3742379964   0.1493743935  -3.7723735239
   1.8830541139   0.1184717230  -2.9914109640
      
      
#  type   0  conf  1.0000
   1.8830541139   0.1184717230  -2.9914109640
   1.5962206045   0.1004256882  -2.6334440451
      
      
#  type   0  conf  1.0000
   1.5962206045   0.1004256882  -2.6334440451
   0.1923676642   0.0121027476  -1.5967553508
      
      
#  type   0  conf  1.0000
   0.1923676642   0.0121027476  -1.5967553508
   0.1280122405   0.0080538475  -1.5505926624
      
      
#  type   0  conf  1.0000
   0.1280122405   0.0080538475  -1.5505926624
  -0.1811807500  -0.0113989266  -1.3837374563
      
      
#  type   0  conf  1.0000
  -0.1811807500  -0.0113989266  -1.3837374563
  -0.4944142778  -0.0311059098  -1.5477493845
      
      
#  type   0  conf  1.0000
  -0.4944142778  -0.0311059098  -1.5477493845
  -1.7193106933  -0.1081698602  -2.4665540429
      
      
#  type   0  conf  1.0000
  -1.7193106933  -0.1081698602  -2.4665540429
  -1.8638846531  -0.1172656828  -2.5989336866
      
      
#  type   0  conf  1.0000
  -1.8638846531  -0.1172656828  -2.5989336866
  -2.1933406917  -0.1379932998  -2.9761624850
      
      
#  type   0  conf  1.0000
  -2.1933406917  -0.1379932998  -2.9761624850
  -2.6583890905  -0.1672516651  -3.7526600051
      
      
#  type   0  conf  1.0000
  -2.6583890905  -0.1672516651  -3.7526600051
  -2.6839472453  -0.1688596479  -3.8498562063
      
      
#  type   0  conf  1.0000
  -2.6839472453  -0.1688596479  -3.8498562063
  -2.6880128171  -0.1691154320  -3.9386301151
      
      
#  type   0  conf  1.0000
  -2.6880128171  -0.1691154320  -3.9386301151
  -2.1171565706  -0.1332002012  -4.3752147970
      
      
#  type   0  conf  1.0000
  -2.1171565706  -0.1332002012  -4.3752147970
  -1.6628539688  -0.1046179041  -4.5919743400
      
      
# 193  norm     0.0549501799   -0.9984890975    0.0000000000
# nedges  20 
#  type   0  conf  1.0000
   1.4203997508   0.0781693281  -4.5797040751
   1.8913267772   0.1040860105  -4.3592713093
      
      
#  type   0  conf  1.0000
   1.8913267772   0.1040860105  -4.3592713093
   2.4108230363   0.1326756195  -3.9559850638
      
      
#  type   0  conf  1.0000
   2.4108230363   0.1326756195  -3.9559850638
   2.4051802151   0.1323650763  -3.8445528573
      
      
#  type   0  conf  1.0000
   2.4051802151   0.1323650763  -3.8445528573
   2.3874396768   0.1313887554  -3.7763034869
      
      
#  type   0  conf  1.0000
   2.3874396768   0.1313887554  -3.7763034869
   1.8922013361   0.1041341404  -2.9923604066
      
      
#  type   0  conf  1.0000
   1.8922013361   0.1041341404  -2.9923604066
   1.6036283972   0.0882530106  -2.6403420328
      
      
#  type   0  conf  1.0000
   1.6036283972   0.0882530106  -2.6403420328
   0.5147155870   0.0283265127  -1.8354651899
      
      
#  type   0  conf  1.0000
   0.5147155870   0.0283265127  -1.8354651899
   0.1282030939   0.0070554432  -1.5512515458
      
      
#  type   0  conf  1.0000
   0.1282030939   0.0070554432  -1.5512515458
  -0.1817356137  -0.0100015160  -1.3835889523
      
      
#  type   0  conf  1.0000
  -0.1817356137  -0.0100015160  -1.3835889523
  -0.4948179668  -0.0272314804  -1.5474981110
      
      
#  type   0  conf  1.0000
  -0.4948179668  -0.0272314804  -1.5474981110
  -1.7205272796  -0.0946863454  -2.4671364612
      
      
#  type   0  conf  1.0000
  -1.7205272796  -0.0946863454  -2.4671364612
  -1.8713611622  -0.1029872362  -2.6015315090
      
      
#  type   0  conf  1.0000
  -1.8713611622  -0.1029872362  -2.6015315090
  -2.1921855801  -0.1206432723  -2.9628210260
      
      
#  type   0  conf  1.0000
  -2.1921855801  -0.1206432723  -2.9628210260
  -2.2199426481  -0.1221708361  -3.0020239882
      
      
#  type   0  conf  1.0000
  -2.2199426481  -0.1221708361  -3.0020239882
  -2.6547723368  -0.1461009618  -3.7258302494
      
      
#  type   0  conf  1.0000
  -2.6547723368  -0.1461009618  -3.7258302494
  -2.6845515045  -0.1477398086  -3.8034853947
      
      
#  type   0  conf  1.0000
  -2.6845515045  -0.1477398086  -3.8034853947
  -2.7001697021  -0.1485993300  -3.9341085478
      
      
#  type   0  conf  1.0000
  -2.7001697021  -0.1485993300  -3.9341085478
  -2.1666445752  -0.1192376657  -4.3471460281
      
      
#  type   0  conf  1.0000
  -2.1666445752  -0.1192376657  -4.3471460281
  -2.1245955394  -0.1169235672  -4.3717885957
      
      
#  type   0  conf  1.0000
  -2.1245955394  -0.1169235672  -4.3717885957
  -1.6640330322  -0.0915772788  -4.5920323320
      
      
# 194  norm     0.0471064507   -0.9988898750    0.0000000000
# nedges  20 
#  type   0  conf  1.0000
   1.4209084207   0.0670083401  -4.5800142456
   1.9015571465   0.0896751586  -4.3599927899
      
      
#  type   0  conf  1.0000
   1.9015571465   0.0896751586  -4.3599927899
   2.4161662087   0.1139435060  -3.9551639823
      
      
#  type   0  conf  1.0000
   2.4161662087   0.1139435060  -3.9551639823
   2.4110488586   0.1137021779  -3.7983214496
      
      
#  type   0  conf  1.0000
   2.4110488586   0.1137021779  -3.7983214496
   2.0121134010   0.0948888592  -3.1676831494
      
      
#  type   0  conf  1.0000
   2.0121134010   0.0948888592  -3.1676831494
   1.8963666538   0.0894303812  -2.9877472251
      
      
#  type   0  conf  1.0000
   1.8963666538   0.0894303812  -2.9877472251
   1.6101674306   0.0759335685  -2.6459757043
      
      
#  type   0  conf  1.0000
   1.6101674306   0.0759335685  -2.6459757043
   0.5019481184   0.0236712724  -1.8267197412
      
      
#  type   0  conf  1.0000
   0.5019481184   0.0236712724  -1.8267197412
   0.1283602007   0.0060533134  -1.5518858390
      
      
#  type   0  conf  1.0000
   0.1283602007   0.0060533134  -1.5518858390
  -0.1827303394  -0.0086173441  -1.3836231119
      
      
#  type   0  conf  1.0000
  -0.1827303394  -0.0086173441  -1.3836231119
  -0.4910910273  -0.0231592649  -1.5451716970
      
      
#  type   0  conf  1.0000
  -0.4910910273  -0.0231592649  -1.5451716970
  -0.6975201293  -0.0328942143  -1.6979698107
      
      
#  type   0  conf  1.0000
  -0.6975201293  -0.0328942143  -1.6979698107
  -1.8350524887  -0.0865388786  -2.5565693136
      
      
#  type   0  conf  1.0000
  -1.8350524887  -0.0865388786  -2.5565693136
  -2.2058827573  -0.1040267901  -2.9667382225
      
      
#  type   0  conf  1.0000
  -2.2058827573  -0.1040267901  -2.9667382225
  -2.2307766947  -0.1052007584  -3.0024135801
      
      
#  type   0  conf  1.0000
  -2.2307766947  -0.1052007584  -3.0024135801
  -2.6826943655  -0.1265126548  -3.7502857203
      
      
#  type   0  conf  1.0000
  -2.6826943655  -0.1265126548  -3.7502857203
  -2.7018938192  -0.1274180780  -3.8477564421
      
      
#  type   0  conf  1.0000
  -2.7018938192  -0.1274180780  -3.8477564421
  -2.7039620157  -0.1275156117  -3.9392767567
      
      
#  type   0  conf  1.0000
  -2.7039620157  -0.1275156117  -3.9392767567
  -2.1678904770  -0.1022351197  -4.3544948791
      
      
#  type   0  conf  1.0000
  -2.1678904770  -0.1022351197  -4.3544948791
  -2.1285967923  -0.1003820765  -4.3754899668
      
      
#  type   0  conf  1.0000
  -2.1285967923  -0.1003820765  -4.3754899668
  -1.6661713872  -0.0785746480  -4.5919679051
      
      
# 195  norm     0.0392598158   -0.9992290362    0.0000000000
# nedges  17 
#  type   0  conf  1.0000
   1.4214501765   0.0558489295  -4.5805180632
   1.9114969335   0.0751029191  -4.3610745854
      
      
#  type   0  conf  1.0000
   1.9114969335   0.0751029191  -4.3610745854
   2.4248779399   0.0952737137  -3.9538837982
      
      
#  type   0  conf  1.0000
   2.4248779399   0.0952737137  -3.9538837982
   2.4186752533   0.0950300095  -3.8178315488
      
      
#  type   0  conf  1.0000
   2.4186752533   0.0950300095  -3.8178315488
   2.3860525439   0.0937482598  -3.7370340642
      
      
#  type   0  conf  1.0000
   2.3860525439   0.0937482598  -3.7370340642
   1.9045477812   0.0748298861  -2.9869089212
      
      
#  type   0  conf  1.0000
   1.9045477812   0.0748298861  -2.9869089212
   1.6153060247   0.0634655466  -2.6507492363
      
      
#  type   0  conf  1.0000
   1.6153060247   0.0634655466  -2.6507492363
   0.1328455777   0.0052195170  -1.5547146134
      
      
#  type   0  conf  1.0000
   0.1328455777   0.0052195170  -1.5547146134
  -0.1835546637  -0.0072118824  -1.3838812740
      
      
#  type   0  conf  1.0000
  -0.1835546637  -0.0072118824  -1.3838812740
  -0.5029520261  -0.0197610389  -1.5509025099
      
      
#  type   0  conf  1.0000
  -0.5029520261  -0.0197610389  -1.5509025099
  -1.8439775482  -0.0724500752  -2.5623624265
      
      
#  type   0  conf  1.0000
  -1.8439775482  -0.0724500752  -2.5623624265
  -2.2203384377  -0.0872373348  -2.9707600307
      
      
#  type   0  conf  1.0000
  -2.2203384377  -0.0872373348  -2.9707600307
  -2.3044260681  -0.0905411468  -3.1054185816
      
      
#  type   0  conf  1.0000
  -2.3044260681  -0.0905411468  -3.1054185816
  -2.7000876006  -0.1060867308  -3.7575488599
      
      
#  type   0  conf  1.0000
  -2.7000876006  -0.1060867308  -3.7575488599
  -2.7175249685  -0.1067718468  -3.9360465149
      
      
#  type   0  conf  1.0000
  -2.7175249685  -0.1067718468  -3.9360465149
  -2.2074973035  -0.0867328053  -4.3342613633
      
      
#  type   0  conf  1.0000
  -2.2074973035  -0.0867328053  -4.3342613633
  -2.1557983416  -0.0847015475  -4.3690936194
      
      
#  type   0  conf  1.0000
  -2.1557983416  -0.0847015475  -4.3690936194
  -1.6680830263  -0.0655391606  -4.5916003617
      
      
# 196  norm     0.0314107591   -0.9995065604    0.0000000000
# nedges  17 
#  type   0  conf  1.0000
   1.4222172005   0.0446949761  -4.5806375672
   1.9190359570   0.0603081345  -4.3632237384
      
      
#  type   0  conf  1.0000
   1.9190359570   0.0603081345  -4.3632237384
   2.4334432309   0.0764740344  -3.9539588639
      
      
#  type   0  conf  1.0000
   2.4334432309   0.0764740344  -3.9539588639
   2.4269850371   0.0762710775  -3.8157958306
      
      
#  type   0  conf  1.0000
   2.4269850371   0.0762710775  -3.8157958306
   2.3958721822   0.0752933166  -3.7350533991
      
      
#  type   0  conf  1.0000
   2.3958721822   0.0752933166  -3.7350533991
   1.9141092074   0.0601533052  -2.9888239240
      
      
#  type   0  conf  1.0000
   1.9141092074   0.0601533052  -2.9888239240
   1.6219491082   0.0509718042  -2.6564825095
      
      
#  type   0  conf  1.0000
   1.6219491082   0.0509718042  -2.6564825095
   0.1313478203   0.0041277715  -1.5544858990
      
      
#  type   0  conf  1.0000
   0.1313478203   0.0041277715  -1.5544858990
  -0.1844386521  -0.0057962182  -1.3836156422
      
      
#  type   0  conf  1.0000
  -0.1844386521  -0.0057962182  -1.3836156422
  -0.5036715851  -0.0158285172  -1.5512484107
      
      
#  type   0  conf  1.0000
  -0.5036715851  -0.0158285172  -1.5512484107
  -1.8545177218  -0.0582805673  -2.5693648877
      
      
#  type   0  conf  1.0000
  -1.8545177218  -0.0582805673  -2.5693648877
  -2.2240601984  -0.0698939075  -2.9634516287
      
      
#  type   0  conf  1.0000
  -2.2240601984  -0.0698939075  -2.9634516287
  -2.2526359984  -0.0707919382  -3.0020161836
      
      
#  type   0  conf  1.0000
  -2.2526359984  -0.0707919382  -3.0020161836
  -2.7100525859  -0.0851668336  -3.7521661450
      
      
#  type   0  conf  1.0000
  -2.7100525859  -0.0851668336  -3.7521661450
  -2.7264020943  -0.0856806376  -3.9388652855
      
      
#  type   0  conf  1.0000
  -2.7264020943  -0.0856806376  -3.9388652855
  -2.2035060787  -0.0692479683  -4.3467163325
      
      
#  type   0  conf  1.0000
  -2.2035060787  -0.0692479683  -4.3467163325
  -2.1689879990  -0.0681631939  -4.3686150321
      
      
#  type   0  conf  1.0000
  -2.1689879990  -0.0681631939  -4.3686150321
  -1.6689706311  -0.0524495151  -4.5920710154
      
      
# 197  norm     0.0235597648   -0.9997224302    0.0000000000
# nedges  18 
#  type   0  conf  1.0000
   1.4349993617   0.0338176343  -4.5761237366
   1.9281376578   0.0454390823  -4.3642430222
      
      
#  type   0  conf  1.0000
   1.9281376578   0.0454390823  -4.3642430222
   2.4413577043   0.0575337830  -3.9557826566
      
      
#  type   0  conf  1.0000
   2.4413577043   0.0575337830  -3.9557826566
   2.4340254724   0.0573609894  -3.8152274301
      
      
#  type   0  conf  1.0000
   2.4340254724   0.0573609894  -3.8152274301
   2.4131916854   0.0568700140  -3.7497187586
      
      
#  type   0  conf  1.0000
   2.4131916854   0.0568700140  -3.7497187586
   1.9311495437   0.0455100613  -3.0007750454
      
      
#  type   0  conf  1.0000
   1.9311495437   0.0455100613  -3.0007750454
   1.8841483103   0.0444024159  -2.9467032457
      
      
#  type   0  conf  1.0000
   1.8841483103   0.0444024159  -2.9467032457
   1.6281648401   0.0383698310  -2.6619180433
      
      
#  type   0  conf  1.0000
   1.6281648401   0.0383698310  -2.6619180433
   0.1312432955   0.0030929197  -1.5551858374
      
      
#  type   0  conf  1.0000
   0.1312432955   0.0030929197  -1.5551858374
  -0.1852540196  -0.0043657529  -1.3835551582
      
      
#  type   0  conf  1.0000
  -0.1852540196  -0.0043657529  -1.3835551582
  -0.5031344398  -0.0118570202  -1.5508338558
      
      
#  type   0  conf  1.0000
  -0.5031344398  -0.0118570202  -1.5508338558
  -1.8631330943  -0.0439071649  -2.5748840860
      
      
#  type   0  conf  1.0000
  -1.8631330943  -0.0439071649  -2.5748840860
  -2.2332830823  -0.0526302328  -2.9628101760
      
      
#  type   0  conf  1.0000
  -2.2332830823  -0.0526302328  -2.9628101760
  -2.2626139497  -0.0533214530  -3.0017237678
      
      
#  type   0  conf  1.0000
  -2.2626139497  -0.0533214530  -3.0017237678
  -2.7218926657  -0.0641449558  -3.7511595321
      
      
#  type   0  conf  1.0000
  -2.7218926657  -0.0641449558  -3.7511595321
  -2.7344699691  -0.0644413564  -3.9425633446
      
      
#  type   0  conf  1.0000
  -2.7344699691  -0.0644413564  -3.9425633446
  -2.1977658357  -0.0517932225  -4.3600256586
      
      
#  type   0  conf  1.0000
  -2.1977658357  -0.0517932225  -4.3600256586
  -2.1433317815  -0.0505104129  -4.3857159276
      
      
#  type   0  conf  1.0000
  -2.1433317815  -0.0505104129  -4.3857159276
  -1.6708809284  -0.0393764915  -4.5917436042
      
      
# 198  norm     0.0157073173   -0.9998766325   -0.0000000000
# nedges  18 
#  type   0  conf  1.0000
   1.4280861214   0.0224341695  -4.5801796770
   1.9230039904   0.0302089607  -4.3711529664
      
      
#  type   0  conf  1.0000
   1.9230039904   0.0302089607  -4.3711529664
   1.9639100421   0.0308515643  -4.3447095933
      
      
#  type   0  conf  1.0000
   1.9639100421   0.0308515643  -4.3447095933
   2.4489101176   0.0384705543  -3.9566736080
      
      
#  type   0  conf  1.0000
   2.4489101176   0.0384705543  -3.9566736080
   2.4431156416   0.0383795274  -3.8162654318
      
      
#  type   0  conf  1.0000
   2.4431156416   0.0383795274  -3.8162654318
   2.4161511232   0.0379559349  -3.7342885278
      
      
#  type   0  conf  1.0000
   2.4161511232   0.0379559349  -3.7342885278
   1.9305682953   0.0303277903  -2.9901964144
      
      
#  type   0  conf  1.0000
   1.9305682953   0.0303277903  -2.9901964144
   1.6355505370   0.0256932810  -2.6682631789
      
      
#  type   0  conf  1.0000
   1.6355505370   0.0256932810  -2.6682631789
   0.1296905927   0.0020373426  -1.5548875248
      
      
#  type   0  conf  1.0000
   0.1296905927   0.0020373426  -1.5548875248
  -0.1860204959  -0.0029222435  -1.3835748295
      
      
#  type   0  conf  1.0000
  -0.1860204959  -0.0029222435  -1.3835748295
  -0.5028674523  -0.0078996732  -1.5503126179
      
      
#  type   0  conf  1.0000
  -0.5028674523  -0.0078996732  -1.5503126179
  -1.8725881249  -0.0294169650  -2.5811519893
      
      
#  type   0  conf  1.0000
  -1.8725881249  -0.0294169650  -2.5811519893
  -2.2460350358  -0.0352835378  -2.9656844555
      
      
#  type   0  conf  1.0000
  -2.2460350358  -0.0352835378  -2.9656844555
  -2.2723968996  -0.0356976631  -3.0008771310
      
      
#  type   0  conf  1.0000
  -2.2723968996  -0.0356976631  -3.0008771310
  -2.7308991100  -0.0429003914  -3.7451971010
      
      
#  type   0  conf  1.0000
  -2.7308991100  -0.0429003914  -3.7451971010
  -2.7449306559  -0.0431208165  -3.9435765596
      
      
#  type   0  conf  1.0000
  -2.7449306559  -0.0431208165  -3.9435765596
  -2.2215699060  -0.0348992089  -4.3507593936
      
      
#  type   0  conf  1.0000
  -2.2215699060  -0.0348992089  -4.3507593936
  -2.1830326817  -0.0342938178  -4.3738662428
      
      
#  type   0  conf  1.0000
  -2.1830326817  -0.0342938178  -4.3738662428
  -1.6729961162  -0.0262815231  -4.5918286116
      
      
# 199  norm     0.0078539009   -0.9999691576    0.0000000000
# nedges  18 
#  type   0  conf  1.0000
   1.4332633220   0.0112570553  -4.5795726459
   1.9250553959   0.0151196606  -4.3745589251
      
      
#  type   0  conf  1.0000
   1.9250553959   0.0151196606  -4.3745589251
   1.9711362767   0.0154815864  -4.3465135897
      
      
#  type   0  conf  1.0000
   1.9711362767   0.0154815864  -4.3465135897
   2.4573648634   0.0193004954  -3.9567036303
      
      
#  type   0  conf  1.0000
   2.4573648634   0.0193004954  -3.9567036303
   2.4487288756   0.0192326671  -3.8082087563
      
      
#  type   0  conf  1.0000
   2.4487288756   0.0192326671  -3.8082087563
   2.4269843001   0.0190618821  -3.7373790990
      
      
#  type   0  conf  1.0000
   2.4269843001   0.0190618821  -3.7373790990
   1.9378080875   0.0152198221  -2.9905940448
      
      
#  type   0  conf  1.0000
   1.9378080875   0.0152198221  -2.9905940448
   1.6397061139   0.0128784865  -2.6717656257
      
      
#  type   0  conf  1.0000
   1.6397061139   0.0128784865  -2.6717656257
   0.1282176478   0.0010070398  -1.5546864929
      
      
#  type   0  conf  1.0000
   0.1282176478   0.0010070398  -1.5546864929
  -0.1866895608  -0.0014662865  -1.3835303884
      
      
#  type   0  conf  1.0000
  -0.1866895608  -0.0014662865  -1.3835303884
  -0.5028225241  -0.0039492401  -1.5502365537
      
      
#  type   0  conf  1.0000
  -0.5028225241  -0.0039492401  -1.5502365537
  -1.8793484812  -0.0147606720  -2.5852543728
      
      
#  type   0  conf  1.0000
  -1.8793484812  -0.0147606720  -2.5852543728
  -2.2645635114  -0.0177862059  -2.9758942543
      
      
#  type   0  conf  1.0000
  -2.2645635114  -0.0177862059  -2.9758942543
  -2.7208237177  -0.0213697389  -3.7076484011
      
      
#  type   0  conf  1.0000
  -2.7208237177  -0.0213697389  -3.7076484011
  -2.7419486693  -0.0215356573  -3.7812959475
      
      
#  type   0  conf  1.0000
  -2.7419486693  -0.0215356573  -3.7812959475
  -2.7541047523  -0.0216311329  -3.9433578125
      
      
#  type   0  conf  1.0000
  -2.7541047523  -0.0216311329  -3.9433578125
  -2.2349006143  -0.0175532293  -4.3491744555
      
      
#  type   0  conf  1.0000
  -2.2349006143  -0.0175532293  -4.3491744555
  -2.1961373087  -0.0172487768  -4.3728198513
      
      
#  type   0  conf  1.0000
  -2.1961373087  -0.0172487768  -4.3728198513
  -1.6770528113  -0.0131718128  -4.5912342681
      
      
# 200  norm     0.0000000000   -1.0000000000    0.0000000000
# nedges  17 
#  type   0  conf  1.0000
   1.4347224637   0.0000000000  -4.5812249393
   1.9572309458   0.0000000000  -4.3653856895
      
      
#  type   0  conf  1.0000
   1.9572309458   0.0000000000  -4.3653856895
   2.4641186578   0.0000000000  -3.9610672288
      
      
#  type   0  conf  1.0000
   2.4641186578   0.0000000000  -3.9610672288
   2.4571992448   0.0000000000  -3.8107383724
      
      
#  type   0  conf  1.0000
   2.4571992448   0.0000000000  -3.8107383724
   2.4358842374   0.0000000000  -3.7355233806
      
      
#  type   0  conf  1.0000
   2.4358842374   0.0000000000  -3.7355233806
   1.9444723225   0.0000000000  -2.9902898963
      
      
#  type   0  conf  1.0000
   1.9444723225   0.0000000000  -2.9902898963
   1.6453082947   0.0000000000  -2.6764726241
      
      
#  type   0  conf  1.0000
   1.6453082947   0.0000000000  -2.6764726241
   0.1265048814   0.0000000000  -1.5543627312
      
      
#  type   0  conf  1.0000
   0.1265048814   0.0000000000  -1.5543627312
  -0.1874572239  -0.0000000000  -1.3834413565
      
      
#  type   0  conf  1.0000
  -0.1874572239  -0.0000000000  -1.3834413565
  -0.5019520435  -0.0000000000  -1.5495131054
      
      
#  type   0  conf  1.0000
  -0.5019520435  -0.0000000000  -1.5495131054
  -1.8880350835  -0.0000000000  -2.5905576949
      
      
#  type   0  conf  1.0000
  -1.8880350835  -0.0000000000  -2.5905576949
  -2.2614873915  -0.0000000000  -2.9629082458
      
      
#  type   0  conf  1.0000
  -2.2614873915  -0.0000000000  -2.9629082458
  -2.2864075520  -0.0000000000  -2.9939720673
      
      
#  type   0  conf  1.0000
  -2.2864075520  -0.0000000000  -2.9939720673
  -2.7483861641  -0.0000000000  -3.7367706832
      
      
#  type   0  conf  1.0000
  -2.7483861641  -0.0000000000  -3.7367706832
  -2.7631464589  -0.0000000000  -3.9464441006
      
      
#  type   0  conf  1.0000
  -2.7631464589  -0.0000000000  -3.9464441006
  -2.2354517991  -0.0000000000  -4.3573732827
      
      
#  type   0  conf  1.0000
  -2.2354517991  -0.0000000000  -4.3573732827
  -2.1829761642  -0.0000000000  -4.3830480614
      
      
#  type   0  conf  1.0000
  -2.1829761642  -0.0000000000  -4.3830480614
  -1.6789937071  -0.0000000000  -4.5923055964
      
      
# 201  norm    -0.0078539009   -0.9999691576   -0.0000000000
# nedges  17 
#  type   0  conf  1.0000
   1.4460953923  -0.0113578402  -4.5790160251
   1.9654884581  -0.0154372277  -4.3655134535
      
      
#  type   0  conf  1.0000
   1.9654884581  -0.0154372277  -4.3655134535
   2.4688010701  -0.0193903170  -3.9654301938
      
      
#  type   0  conf  1.0000
   2.4688010701  -0.0193903170  -3.9654301938
   2.4655594430  -0.0193648568  -3.8133958645
      
      
#  type   0  conf  1.0000
   2.4655594430  -0.0193648568  -3.8133958645
   2.4433179597  -0.0191901690  -3.7333725166
      
      
#  type   0  conf  1.0000
   2.4433179597  -0.0191901690  -3.7333725166
   1.9515244736  -0.0153275525  -2.9904843162
      
      
#  type   0  conf  1.0000
   1.9515244736  -0.0153275525  -2.9904843162
   1.6482482135  -0.0129455774  -2.6789827791
      
      
#  type   0  conf  1.0000
   1.6482482135  -0.0129455774  -2.6789827791
   0.1242183386  -0.0009756286  -1.5535886206
      
      
#  type   0  conf  1.0000
   0.1242183386  -0.0009756286  -1.5535886206
  -0.1882067063   0.0014782024  -1.3834539688
      
      
#  type   0  conf  1.0000
  -0.1882067063   0.0014782024  -1.3834539688
  -0.5021705139   0.0039441191  -1.5497499701
      
      
#  type   0  conf  1.0000
  -0.5021705139   0.0039441191  -1.5497499701
  -1.8939915366   0.0148756806  -2.5939100848
      
      
#  type   0  conf  1.0000
  -1.8939915366   0.0148756806  -2.5939100848
  -2.2725955994   0.0178492911  -2.9661556576
      
      
#  type   0  conf  1.0000
  -2.2725955994   0.0178492911  -2.9661556576
  -2.2995297485   0.0180608358  -3.0009852964
      
      
#  type   0  conf  1.0000
  -2.2995297485   0.0180608358  -3.0009852964
  -2.7568780797   0.0216529150  -3.7330079474
      
      
#  type   0  conf  1.0000
  -2.7568780797   0.0216529150  -3.7330079474
  -2.7718106482   0.0217701976  -3.9484398084
      
      
#  type   0  conf  1.0000
  -2.7718106482   0.0217701976  -3.9484398084
  -2.2479743016   0.0176559119  -4.3554178334
      
      
#  type   0  conf  1.0000
  -2.2479743016   0.0176559119  -4.3554178334
  -2.2090426273   0.0173501370  -4.3765556130
      
      
#  type   0  conf  1.0000
  -2.2090426273   0.0173501370  -4.3765556130
  -1.6824770738   0.0132144157  -4.5926678770
      
      
# 202  norm    -0.0157073173   -0.9998766325    0.0000000000
# nedges  17 
#  type   0  conf  1.0000
   1.4336399051  -0.0225214153  -4.5871332001
   1.9764999299  -0.0310493420  -4.3645488077
      
      
#  type   0  conf  1.0000
   1.9764999299  -0.0310493420  -4.3645488077
   2.4778567897  -0.0389252850  -3.9647376701
      
      
#  type   0  conf  1.0000
   2.4778567897  -0.0389252850  -3.9647376701
   2.4707953581  -0.0388143551  -3.8067317147
      
      
#  type   0  conf  1.0000
   2.4707953581  -0.0388143551  -3.8067317147
   2.4511148301  -0.0385051887  -3.7322392366
      
      
#  type   0  conf  1.0000
   2.4511148301  -0.0385051887  -3.7322392366
   1.9581646888  -0.0307613091  -2.9913439598
      
      
#  type   0  conf  1.0000
   1.9581646888  -0.0307613091  -2.9913439598
   1.6545509144  -0.0259917628  -2.6841856225
      
      
#  type   0  conf  1.0000
   1.6545509144  -0.0259917628  -2.6841856225
   0.1229687988  -0.0019317483  -1.5535356772
      
      
#  type   0  conf  1.0000
   0.1229687988  -0.0019317483  -1.5535356772
  -0.1888129674   0.0029661111  -1.3834993533
      
      
#  type   0  conf  1.0000
  -0.1888129674   0.0029661111  -1.3834993533
  -0.5002379604   0.0078583658  -1.5484247025
      
      
#  type   0  conf  1.0000
  -0.5002379604   0.0078583658  -1.5484247025
  -1.9008123493   0.0298603465  -2.5979806326
      
      
#  type   0  conf  1.0000
  -1.9008123493   0.0298603465  -2.5979806326
  -2.2912084589   0.0359931787  -2.9758451227
      
      
#  type   0  conf  1.0000
  -2.2912084589   0.0359931787  -2.9758451227
  -2.7526256949   0.0432416999  -3.7066143470
      
      
#  type   0  conf  1.0000
  -2.7526256949   0.0432416999  -3.7066143470
  -2.7696665823   0.0435093995  -3.7780669526
      
      
#  type   0  conf  1.0000
  -2.7696665823   0.0435093995  -3.7780669526
  -2.7787160771   0.0436515603  -3.9520959486
      
      
#  type   0  conf  1.0000
  -2.7787160771   0.0436515603  -3.9520959486
  -2.2518434080   0.0353747830  -4.3595030676
      
      
#  type   0  conf  1.0000
  -2.2518434080   0.0353747830  -4.3595030676
  -2.2088492926   0.0346993775  -4.3805850269
      
      
#  type   0  conf  1.0000
  -2.2088492926   0.0346993775  -4.3805850269
  -1.6866722184   0.0264963645  -4.5933858446
      
      
# 203  norm    -0.0235597648   -0.9997224302    0.0000000000
# nedges  16 
#  type   0  conf  1.0000
   1.4599486311  -0.0344055964  -4.5799085895
   1.9872150426  -0.0468313180  -4.3637036551
      
      
#  type   0  conf  1.0000
   1.9872150426  -0.0468313180  -4.3637036551
   2.4844401225  -0.0585490765  -3.9673067629
      
      
#  type   0  conf  1.0000
   2.4844401225  -0.0585490765  -3.9673067629
   2.4783755092  -0.0584061560  -3.8099653302
      
      
#  type   0  conf  1.0000
   2.4783755092  -0.0584061560  -3.8099653302
   2.4605552966  -0.0579861994  -3.7334631106
      
      
#  type   0  conf  1.0000
   2.4605552966  -0.0579861994  -3.7334631106
   1.9646855619  -0.0463003814  -2.9911065264
      
      
#  type   0  conf  1.0000
   1.9646855619  -0.0463003814  -2.9911065264
   1.6584115212  -0.0390826336  -2.6873954598
      
      
#  type   0  conf  1.0000
   1.6584115212  -0.0390826336  -2.6873954598
   0.1208875604  -0.0028488733  -1.5530936065
      
      
#  type   0  conf  1.0000
   0.1208875604  -0.0028488733  -1.5530936065
  -0.1891375294   0.0044572729  -1.3836769652
      
      
#  type   0  conf  1.0000
  -0.1891375294   0.0044572729  -1.3836769652
  -0.4977893343   0.0117310558  -1.5467983691
      
      
#  type   0  conf  1.0000
  -0.4977893343   0.0117310558  -1.5467983691
  -1.9059624373   0.0449164943  -2.6005491860
      
      
#  type   0  conf  1.0000
  -1.9059624373   0.0449164943  -2.6005491860
  -2.2999667978   0.0542017216  -2.9759972198
      
      
#  type   0  conf  1.0000
  -2.2999667978   0.0542017216  -2.9759972198
  -2.7637298784   0.0651309044  -3.7077027126
      
      
#  type   0  conf  1.0000
  -2.7637298784   0.0651309044  -3.7077027126
  -2.7790099329   0.0654909988  -3.7817589819
      
      
#  type   0  conf  1.0000
  -2.7790099329   0.0654909988  -3.7817589819
  -2.7880874149   0.0657049215  -3.9527083029
      
      
#  type   0  conf  1.0000
  -2.7880874149   0.0657049215  -3.9527083029
  -2.2521187929   0.0530741209  -4.3679477617
      
      
#  type   0  conf  1.0000
  -2.2521187929   0.0530741209  -4.3679477617
  -1.7005666637   0.0400760746  -4.5895883447
      
      
# 204  norm    -0.0314107591   -0.9995065604    0.0000000000
# nedges  18 
#  type   0  conf  1.0000
   1.4685271944  -0.0461503263  -4.5802946433
   1.9746907337  -0.0620571564  -4.3724807055
      
      
#  type   0  conf  1.0000
   1.9746907337  -0.0620571564  -4.3724807055
   2.0146773828  -0.0633137874  -4.3499091832
      
      
#  type   0  conf  1.0000
   2.0146773828  -0.0633137874  -4.3499091832
   2.4923557175  -0.0783254339  -3.9665155464
      
      
#  type   0  conf  1.0000
   2.4923557175  -0.0783254339  -3.9665155464
   2.4829265713  -0.0780291110  -3.7939933610
      
      
#  type   0  conf  1.0000
   2.4829265713  -0.0780291110  -3.7939933610
   2.4687236056  -0.0775827648  -3.7326788991
      
      
#  type   0  conf  1.0000
   2.4687236056  -0.0775827648  -3.7326788991
   1.9712215943  -0.0619481343  -2.9916528167
      
      
#  type   0  conf  1.0000
   1.9712215943  -0.0619481343  -2.9916528167
   1.6647328296  -0.0523163368  -2.6923277297
      
      
#  type   0  conf  1.0000
   1.6647328296  -0.0523163368  -2.6923277297
   0.1190373905  -0.0037409007  -1.5526672660
      
      
#  type   0  conf  1.0000
   0.1190373905  -0.0037409007  -1.5526672660
  -0.1882525541   0.0059160748  -1.3844542330
      
      
#  type   0  conf  1.0000
  -0.1882525541   0.0059160748  -1.3844542330
  -0.4640557975   0.0145835410  -1.5285725669
      
      
#  type   0  conf  1.0000
  -0.4640557975   0.0145835410  -1.5285725669
  -0.5080152570   0.0159650226  -1.5545436975
      
      
#  type   0  conf  1.0000
  -0.5080152570   0.0159650226  -1.5545436975
  -1.9117590742   0.0600794493  -2.6035206708
      
      
#  type   0  conf  1.0000
  -1.9117590742   0.0600794493  -2.6035206708
  -2.3093438174   0.0725740532  -2.9773676710
      
      
#  type   0  conf  1.0000
  -2.3093438174   0.0725740532  -2.9773676710
  -2.7803491069   0.0873759907  -3.7182703324
      
      
#  type   0  conf  1.0000
  -2.7803491069   0.0873759907  -3.7182703324
  -2.7988839894   0.0879584729  -3.9515838078
      
      
#  type   0  conf  1.0000
  -2.7988839894   0.0879584729  -3.9515838078
  -2.2754166089   0.0715078477  -4.3584854040
      
      
#  type   0  conf  1.0000
  -2.2754166089   0.0715078477  -4.3584854040
  -2.2339017323   0.0702031902  -4.3789362407
      
      
#  type   0  conf  1.0000
  -2.2339017323   0.0702031902  -4.3789362407
  -1.7027984106   0.0535125959  -4.5922675639
      
      
# 205  norm    -0.0392598158   -0.9992290362    0.0000000000
# nedges  17 
#  type   0  conf  1.0000
   1.4780253169  -0.0580717729  -4.5802830254
   2.0007975811  -0.0786115511  -4.3650242008
      
      
#  type   0  conf  1.0000
   2.0007975811  -0.0786115511  -4.3650242008
   2.1087298513  -0.0828522215  -4.2812332716
      
      
#  type   0  conf  1.0000
   2.1087298513  -0.0828522215  -4.2812332716
   2.4986269319  -0.0981713195  -3.9698071256
      
      
#  type   0  conf  1.0000
   2.4986269319  -0.0981713195  -3.9698071256
   2.4908942230  -0.0978675006  -3.8110158103
      
      
#  type   0  conf  1.0000
   2.4908942230  -0.0978675006  -3.8110158103
   2.4779820398  -0.0973601795  -3.7342303223
      
      
#  type   0  conf  1.0000
   2.4779820398  -0.0973601795  -3.7342303223
   1.9779608103  -0.0777142919  -2.9928248469
      
      
#  type   0  conf  1.0000
   1.9779608103  -0.0777142919  -2.9928248469
   1.6647948526  -0.0654099679  -2.6924739500
      
      
#  type   0  conf  1.0000
   1.6647948526  -0.0654099679  -2.6924739500
   0.1160630487  -0.0045601296  -1.5515388745
      
      
#  type   0  conf  1.0000
   0.1160630487  -0.0045601296  -1.5515388745
  -0.1906838794   0.0074919900  -1.3836039324
      
      
#  type   0  conf  1.0000
  -0.1906838794   0.0074919900  -1.3836039324
  -0.4972359604   0.0195364541  -1.5467029395
      
      
#  type   0  conf  1.0000
  -0.4972359604   0.0195364541  -1.5467029395
  -1.9147812635   0.0752319607  -2.6045408666
      
      
#  type   0  conf  1.0000
  -1.9147812635   0.0752319607  -2.6045408666
  -2.3178716090   0.0910694235  -2.9776935763
      
      
#  type   0  conf  1.0000
  -2.3178716090   0.0910694235  -2.9776935763
  -2.7904073169   0.1096354021  -3.7195738073
      
      
#  type   0  conf  1.0000
  -2.7904073169   0.1096354021  -3.7195738073
  -2.8061874201   0.1102554040  -3.9531802282
      
      
#  type   0  conf  1.0000
  -2.8061874201   0.1102554040  -3.9531802282
  -2.2849634179   0.0897764572  -4.3588600570
      
      
#  type   0  conf  1.0000
  -2.2849634179   0.0897764572  -4.3588600570
  -2.2461201848   0.0882503024  -4.3775149517
      
      
#  type   0  conf  1.0000
  -2.2461201848   0.0882503024  -4.3775149517
  -1.7131986675   0.0673117590  -4.5914873798
      
      
# 206  norm    -0.0471064507   -0.9988898750    0.0000000000
# nedges  18 
#  type   0  conf  1.0000
   1.4844818770  -0.0700063882  -4.5814247634
   2.0127333041  -0.0949180931  -4.3640307104
      
      
#  type   0  conf  1.0000
   2.0127333041  -0.0949180931  -4.3640307104
   2.5030732331  -0.1180419372  -3.9742769419
      
      
#  type   0  conf  1.0000
   2.5030732331  -0.1180419372  -3.9742769419
   2.4939738911  -0.1176128231  -3.7485843875
      
      
#  type   0  conf  1.0000
   2.4939738911  -0.1176128231  -3.7485843875
   1.9908636900  -0.0938867483  -3.0020727206
      
      
#  type   0  conf  1.0000
   1.9908636900  -0.0938867483  -3.0020727206
   1.9739491688  -0.0930890797  -2.9834157995
      
      
#  type   0  conf  1.0000
   1.9739491688  -0.0930890797  -2.9834157995
   1.6665498854  -0.0785924975  -2.6938657029
      
      
#  type   0  conf  1.0000
   1.6665498854  -0.0785924975  -2.6938657029
   0.1131309306  -0.0053351193  -1.5506126562
      
      
#  type   0  conf  1.0000
   0.1131309306  -0.0053351193  -1.5506126562
  -0.1892792051   0.0089261807  -1.3846706181
      
      
#  type   0  conf  1.0000
  -0.1892792051   0.0089261807  -1.3846706181
  -0.4628212460   0.0218260959  -1.5276673122
      
      
#  type   0  conf  1.0000
  -0.4628212460   0.0218260959  -1.5276673122
  -0.5018257979   0.0236655039  -1.5505131757
      
      
#  type   0  conf  1.0000
  -0.5018257979   0.0236655039  -1.5505131757
  -1.9173931807   0.0904219670  -2.6048148406
      
      
#  type   0  conf  1.0000
  -1.9173931807   0.0904219670  -2.6048148406
  -2.3209023578   0.1094509768  -2.9733379856
      
      
#  type   0  conf  1.0000
  -2.3209023578   0.1094509768  -2.9733379856
  -2.3409049147   0.1103942734  -3.0009157005
      
      
#  type   0  conf  1.0000
  -2.3409049147   0.1103942734  -3.0009157005
  -2.7998139750   0.1320358753  -3.7196007993
      
      
#  type   0  conf  1.0000
  -2.7998139750   0.1320358753  -3.7196007993
  -2.8136916898   0.1326903318  -3.9550935396
      
      
#  type   0  conf  1.0000
  -2.8136916898   0.1326903318  -3.9550935396
  -2.2956279768   0.1082590672  -4.3580823577
      
      
#  type   0  conf  1.0000
  -2.2956279768   0.1082590672  -4.3580823577
  -2.2709667946   0.1070960754  -4.3710409000
      
      
#  type   0  conf  1.0000
  -2.2709667946   0.1070960754  -4.3710409000
  -1.7235320746   0.0812797094  -4.5918226801
      
      
# 207  norm    -0.0549501799   -0.9984890975   -0.0000000000
# nedges  16 
#  type   0  conf  1.0000
   1.4962039954  -0.0823410881  -4.5802599617
   1.9606588148  -0.1079015834  -4.3883992690
      
      
#  type   0  conf  1.0000
   1.9606588148  -0.1079015834  -4.3883992690
   2.0287569612  -0.1116492512  -4.3582268063
      
      
#  type   0  conf  1.0000
   2.0287569612  -0.1116492512  -4.3582268063
   2.5109534591  -0.1381861301  -3.9723051027
      
      
#  type   0  conf  1.0000
   2.5109534591  -0.1381861301  -3.9723051027
   2.4984913037  -0.1375002962  -3.7455723135
      
      
#  type   0  conf  1.0000
   2.4984913037  -0.1375002962  -3.7455723135
   2.0122290651  -0.1107396660  -3.0265508188
      
      
#  type   0  conf  1.0000
   2.0122290651  -0.1107396660  -3.0265508188
   1.9828026008  -0.1091202297  -2.9873512492
      
      
#  type   0  conf  1.0000
   1.9828026008  -0.1091202297  -2.9873512492
   1.6661886491  -0.0916959096  -2.6936932028
      
      
#  type   0  conf  1.0000
   1.6661886491  -0.0916959096  -2.6936932028
   0.1127450307  -0.0062047345  -1.5512008531
      
      
#  type   0  conf  1.0000
   0.1127450307  -0.0062047345  -1.5512008531
  -0.1915862908   0.0105436315  -1.3833568727
      
      
#  type   0  conf  1.0000
  -0.1915862908   0.0105436315  -1.3833568727
  -0.4970415229   0.0273538501  -1.5470188872
      
      
#  type   0  conf  1.0000
  -0.4970415229   0.0273538501  -1.5470188872
  -1.9196885755   0.1056468547  -2.6057161262
      
      
#  type   0  conf  1.0000
  -1.9196885755   0.1056468547  -2.6057161262
  -2.3323021444   0.1283543534  -2.9776484251
      
      
#  type   0  conf  1.0000
  -2.3323021444   0.1283543534  -2.9776484251
  -2.8061210610   0.1544301861  -3.7158264395
      
      
#  type   0  conf  1.0000
  -2.8061210610   0.1544301861  -3.7158264395
  -2.8206343479   0.1552289006  -3.9569706392
      
      
#  type   0  conf  1.0000
  -2.8206343479   0.1552289006  -3.9569706392
  -2.2937708516   0.1262338480  -4.3654941360
      
      
#  type   0  conf  1.0000
  -2.2937708516   0.1262338480  -4.3654941360
  -1.7407479000   0.0957991535  -4.5873064559
      
      
# 208  norm    -0.0627905195   -0.9980267284   -0.0000000000
# nedges  16 
#  type   0  conf  1.0000
   1.5087572674  -0.0949229614  -4.5791957420
   2.0307992634  -0.1277670599  -4.3626463829
      
      
#  type   0  conf  1.0000
   2.0307992634  -0.1277670599  -4.3626463829
   2.5170551263  -0.1583596857  -3.9745721806
      
      
#  type   0  conf  1.0000
   2.5170551263  -0.1583596857  -3.9745721806
   2.5040427745  -0.1575410179  -3.7421216993
      
      
#  type   0  conf  1.0000
   2.5040427745  -0.1575410179  -3.7421216993
   1.9998525689  -0.1258200589  -3.0008947063
      
      
#  type   0  conf  1.0000
   1.9998525689  -0.1258200589  -3.0008947063
   1.9886206350  -0.1251134055  -2.9878786003
      
      
#  type   0  conf  1.0000
   1.9886206350  -0.1251134055  -2.9878786003
   1.6655618254  -0.1047882680  -2.6933365549
      
      
#  type   0  conf  1.0000
   1.6655618254  -0.1047882680  -2.6933365549
   0.1096911732  -0.0069011837  -1.5500639585
      
      
#  type   0  conf  1.0000
   0.1096911732  -0.0069011837  -1.5500639585
  -0.1901933275   0.0119659499  -1.3845656622
      
      
#  type   0  conf  1.0000
  -0.1901933275   0.0119659499  -1.3845656622
  -0.4777317881   0.0300563365  -1.5358056573
      
      
#  type   0  conf  1.0000
  -0.4777317881   0.0300563365  -1.5358056573
  -0.5086206670   0.0319997000  -1.5558995050
      
      
#  type   0  conf  1.0000
  -0.5086206670   0.0319997000  -1.5558995050
  -1.9205056630   0.1208279747  -2.6051378011
      
      
#  type   0  conf  1.0000
  -1.9205056630   0.1208279747  -2.6051378011
  -2.3395963691   0.1471949271  -2.9779951580
      
      
#  type   0  conf  1.0000
  -2.3395963691   0.1471949271  -2.9779951580
  -2.8133829654   0.1770030531  -3.7134773571
      
      
#  type   0  conf  1.0000
  -2.8133829654   0.1770030531  -3.7134773571
  -2.8283746893   0.1779462524  -3.9574296130
      
      
#  type   0  conf  1.0000
  -2.8283746893   0.1779462524  -3.9574296130
  -2.3035350415   0.1449261406  -4.3652004390
      
      
#  type   0  conf  1.0000
  -2.3035350415   0.1449261406  -4.3652004390
  -1.7500776712   0.1101055543  -4.5871696537
      
      
# 209  norm    -0.0706269859   -0.9975027964   -0.0000000000
# nedges  15 
#  type   0  conf  1.0000
   1.5070076171  -0.1067018620  -4.5838787275
   2.0399329439  -0.1444349989  -4.3612887001
      
      
#  type   0  conf  1.0000
   2.0399329439  -0.1444349989  -4.3612887001
   2.5222186881  -0.1785826611  -3.9765163220
      
      
#  type   0  conf  1.0000
   2.5222186881  -0.1785826611  -3.9765163220
   2.5090132517  -0.1776476660  -3.7383620780
      
      
#  type   0  conf  1.0000
   2.5090132517  -0.1776476660  -3.7383620780
   1.9975839804  -0.1414365315  -2.9914557783
      
      
#  type   0  conf  1.0000
   1.9975839804  -0.1414365315  -2.9914557783
   1.6644241989  -0.1178475538  -2.6929066876
      
      
#  type   0  conf  1.0000
   1.6644241989  -0.1178475538  -2.6929066876
   0.1090905556  -0.0077240256  -1.5505762434
      
      
#  type   0  conf  1.0000
   0.1090905556  -0.0077240256  -1.5505762434
  -0.1926905390   0.0136432219  -1.3833185056
      
      
#  type   0  conf  1.0000
  -0.1926905390   0.0136432219  -1.3833185056
  -0.4948935501   0.0350403427  -1.5459765015
      
      
#  type   0  conf  1.0000
  -0.4948935501   0.0350403427  -1.5459765015
  -1.9222340195   0.1361014681  -2.6055300648
      
      
#  type   0  conf  1.0000
  -1.9222340195   0.1361014681  -2.6055300648
  -2.3463275231   0.1661288986  -2.9783487278
      
      
#  type   0  conf  1.0000
  -2.3463275231   0.1661288986  -2.9783487278
  -2.8209149099   0.1997314878  -3.7129264628
      
      
#  type   0  conf  1.0000
  -2.8209149099   0.1997314878  -3.7129264628
  -2.8352802271   0.2007486068  -3.9575193162
      
      
#  type   0  conf  1.0000
  -2.8352802271   0.2007486068  -3.9575193162
  -2.3455850815   0.1660763310  -4.3393740350
      
      
#  type   0  conf  1.0000
  -2.3455850815   0.1660763310  -4.3393740350
  -2.3068946326   0.1633369003  -4.3664303895
      
      
#  type   0  conf  1.0000
  -2.3068946326   0.1633369003  -4.3664303895
  -1.7599148426   0.1246086540  -4.5872336685
      
      
# 210  norm    -0.0784590957   -0.9969173337   -0.0000000000
# nedges  15 
#  type   0  conf  1.0000
   1.5195461623  -0.1195908766  -4.5824493895
   2.0447624729  -0.1609262967  -4.3626563333
      
      
#  type   0  conf  1.0000
   2.0447624729  -0.1609262967  -4.3626563333
   2.5273409067  -0.1989060431  -3.9784537731
      
      
#  type   0  conf  1.0000
   2.5273409067  -0.1989060431  -3.9784537731
   2.5159309627  -0.1980080610  -3.7395741401
      
      
#  type   0  conf  1.0000
   2.5159309627  -0.1980080610  -3.7395741401
   2.0023006568  -0.1575844793  -2.9919161210
      
      
#  type   0  conf  1.0000
   2.0023006568  -0.1575844793  -2.9919161210
   1.6627355109  -0.1308601227  -2.6920934956
      
      
#  type   0  conf  1.0000
   1.6627355109  -0.1308601227  -2.6920934956
   0.1065637505  -0.0083867491  -1.5496914394
      
      
#  type   0  conf  1.0000
   0.1065637505  -0.0083867491  -1.5496914394
  -0.1931473202   0.0152010238  -1.3834002500
      
      
#  type   0  conf  1.0000
  -0.1931473202   0.0152010238  -1.3834002500
  -0.4935657174   0.0388444644  -1.5452676462
      
      
#  type   0  conf  1.0000
  -0.4935657174   0.0388444644  -1.5452676462
  -1.9234824386   0.1513813510  -2.6059074952
      
      
#  type   0  conf  1.0000
  -1.9234824386   0.1513813510  -2.6059074952
  -2.3508812134   0.1850183640  -2.9767052336
      
      
#  type   0  conf  1.0000
  -2.3508812134   0.1850183640  -2.9767052336
  -2.8270781528   0.2224958760  -3.7101673611
      
      
#  type   0  conf  1.0000
  -2.8270781528   0.2224958760  -3.7101673611
  -2.8423304592   0.2236962585  -3.9589300819
      
      
#  type   0  conf  1.0000
  -2.8423304592   0.2236962585  -3.9589300819
  -2.3314279158   0.1834873563  -4.3560634385
      
      
#  type   0  conf  1.0000
  -2.3314279158   0.1834873563  -4.3560634385
  -2.3036714926   0.1813028784  -4.3708541685
      
      
#  type   0  conf  1.0000
  -2.3036714926   0.1813028784  -4.3708541685
  -1.7637011392   0.1388062900  -4.5900601034
      
      
# 211  norm    -0.0862863658   -0.9962703765    0.0000000000
# nedges  15 
#  type   0  conf  1.0000
   1.5314929817  -0.1326416671  -4.5810921434
   2.0519135487  -0.1777149730  -4.3630568633
      
      
#  type   0  conf  1.0000
   2.0519135487  -0.1777149730  -4.3630568633
   2.5341196119  -0.2194785441  -3.9781389101
      
      
#  type   0  conf  1.0000
   2.5341196119  -0.2194785441  -3.9781389101
   2.5222697684  -0.2184522365  -3.7406929676
      
      
#  type   0  conf  1.0000
   2.5222697684  -0.2184522365  -3.7406929676
   2.0084085616  -0.1739470328  -2.9937082310
      
      
#  type   0  conf  1.0000
   2.0084085616  -0.1739470328  -2.9937082310
   1.6625582493  -0.1439931495  -2.6925025475
      
      
#  type   0  conf  1.0000
   1.6625582493  -0.1439931495  -2.6925025475
   0.1062745299  -0.0092043718  -1.5505341550
      
      
#  type   0  conf  1.0000
   0.1062745299  -0.0092043718  -1.5505341550
  -0.1933311639   0.0167442934  -1.3835105689
      
      
#  type   0  conf  1.0000
  -0.1933311639   0.0167442934  -1.3835105689
  -0.4919984556   0.0426116843  -1.5444745843
      
      
#  type   0  conf  1.0000
  -0.4919984556   0.0426116843  -1.5444745843
  -1.9250404077   0.1667265681  -2.6064327136
      
      
#  type   0  conf  1.0000
  -1.9250404077   0.1667265681  -2.6064327136
  -2.3594835012   0.2043534178  -2.9792203531
      
      
#  type   0  conf  1.0000
  -2.3594835012   0.2043534178  -2.9792203531
  -2.8352276673   0.2455573280  -3.7114258585
      
      
#  type   0  conf  1.0000
  -2.8352276673   0.2455573280  -3.7114258585
  -2.8493995750   0.2467847482  -3.9593129706
      
      
#  type   0  conf  1.0000
  -2.8493995750   0.2467847482  -3.9593129706
  -2.3430304664   0.2029284305  -4.3537547361
      
      
#  type   0  conf  1.0000
  -2.3430304664   0.2029284305  -4.3537547361
  -2.3126394195   0.2002962806  -4.3705154528
      
      
#  type   0  conf  1.0000
  -2.3126394195   0.2002962806  -4.3705154528
  -1.7743230485   0.1536730302  -4.5894084681
      
      
# 212  norm    -0.0941083133   -0.9955619646   -0.0000000000
# nedges  14 
#  type   0  conf  1.0000
   1.5431834031  -0.1458737802  -4.5800897413
   2.0609777069  -0.1948197527  -4.3619485925
      
      
#  type   0  conf  1.0000
   2.0609777069  -0.1948197527  -4.3619485925
   2.5414723845  -0.2402398725  -3.9771055868
      
      
#  type   0  conf  1.0000
   2.5414723845  -0.2402398725  -3.9771055868
   2.5270926360  -0.2388805861  -3.7378628390
      
      
#  type   0  conf  1.0000
   2.5270926360  -0.2388805861  -3.7378628390
   2.0106456994  -0.1900619772  -2.9918343437
      
      
#  type   0  conf  1.0000
   2.0106456994  -0.1900619772  -2.9918343437
   1.6606356025  -0.1569762819  -2.6918172429
      
      
#  type   0  conf  1.0000
   1.6606356025  -0.1569762819  -2.6918172429
   0.1042260216  -0.0098522598  -1.5499864620
      
      
#  type   0  conf  1.0000
   0.1042260216  -0.0098522598  -1.5499864620
  -0.1939124396   0.0183301224  -1.3835701966
      
      
#  type   0  conf  1.0000
  -0.1939124396   0.0183301224  -1.3835701966
  -0.4919045466   0.0464986699  -1.5448069939
      
      
#  type   0  conf  1.0000
  -0.4919045466   0.0464986699  -1.5448069939
  -1.9250294725   0.1819688610  -2.6060830956
      
      
#  type   0  conf  1.0000
  -1.9250294725   0.1819688610  -2.6060830956
  -2.3651830305   0.2235756222  -2.9789079879
      
      
#  type   0  conf  1.0000
  -2.3651830305   0.2235756222  -2.9789079879
  -2.8426664142   0.2687110909  -3.7115731003
      
      
#  type   0  conf  1.0000
  -2.8426664142   0.2687110909  -3.7115731003
  -2.8556947937   0.2699426354  -3.9606578400
      
      
#  type   0  conf  1.0000
  -2.8556947937   0.2699426354  -3.9606578400
  -2.3372809600   0.2209381000  -4.3639623145
      
      
#  type   0  conf  1.0000
  -2.3372809600   0.2209381000  -4.3639623145
  -1.7894451515   0.1691523692  -4.5863990872
      
      
# 213  norm    -0.1019244558   -0.9947921418    0.0000000000
# nedges  14 
#  type   0  conf  1.0000
   1.5548704324  -0.1593089812  -4.5789659526
   2.0669621038  -0.2117768916  -4.3624930071
      
      
#  type   0  conf  1.0000
   2.0669621038  -0.2117768916  -4.3624930071
   2.5465264003  -0.2609121108  -3.9785912965
      
      
#  type   0  conf  1.0000
   2.5465264003  -0.2609121108  -3.9785912965
   2.5346821059  -0.2596985676  -3.7412934305
      
      
#  type   0  conf  1.0000
   2.5346821059  -0.2596985676  -3.7412934305
   2.0154931847  -0.2065034869  -2.9924268856
      
      
#  type   0  conf  1.0000
   2.0154931847  -0.2065034869  -2.9924268856
   1.6598555334  -0.1700655492  -2.6921772484
      
      
#  type   0  conf  1.0000
   1.6598555334  -0.1700655492  -2.6921772484
   0.1032369957  -0.0105774605  -1.5501382921
      
      
#  type   0  conf  1.0000
   0.1032369957  -0.0105774605  -1.5501382921
  -0.1940510980   0.0198820957  -1.3836162107
      
      
#  type   0  conf  1.0000
  -0.1940510980   0.0198820957  -1.3836162107
  -0.4899551267   0.0501998433  -1.5437223497
      
      
#  type   0  conf  1.0000
  -0.4899551267   0.0501998433  -1.5437223497
  -1.9241183383   0.1971413990  -2.6053616101
      
      
#  type   0  conf  1.0000
  -1.9241183383   0.1971413990  -2.6053616101
  -2.3705226656   0.2428791126  -2.9784989271
      
      
#  type   0  conf  1.0000
  -2.3705226656   0.2428791126  -2.9784989271
  -2.8496951935   0.2919741920  -3.7116393691
      
      
#  type   0  conf  1.0000
  -2.8496951935   0.2919741920  -3.7116393691
  -2.8626195932   0.2932984007  -3.9602456626
      
      
#  type   0  conf  1.0000
  -2.8626195932   0.2932984007  -3.9602456626
  -2.3470762912   0.2404768430  -4.3626037642
      
      
#  type   0  conf  1.0000
  -2.3470762912   0.2404768430  -4.3626037642
  -1.7988004963   0.1843015782  -4.5868714301
      
      
# 214  norm    -0.1097343111   -0.9939609555    0.0000000000
# nedges  14 
#  type   0  conf  1.0000
   1.5526447401  -0.1714135751  -4.5839278480
   2.0747737135  -0.2290571505  -4.3615215491
      
      
#  type   0  conf  1.0000
   2.0747737135  -0.2290571505  -4.3615215491
   2.5532171997  -0.2818778031  -3.9777668535
      
      
#  type   0  conf  1.0000
   2.5532171997  -0.2818778031  -3.9777668535
   2.5404040778  -0.2804632213  -3.7413394739
      
      
#  type   0  conf  1.0000
   2.5404040778  -0.2804632213  -3.7413394739
   2.0184706336  -0.2228412326  -2.9919578682
      
      
#  type   0  conf  1.0000
   2.0184706336  -0.2228412326  -2.9919578682
   1.6603234418  -0.1833014145  -2.6938048902
      
      
#  type   0  conf  1.0000
   1.6603234418  -0.1833014145  -2.6938048902
   0.1031815076  -0.0113913445  -1.5510076478
      
      
#  type   0  conf  1.0000
   0.1031815076  -0.0113913445  -1.5510076478
  -0.1944451857   0.0214669484  -1.3834596956
      
      
#  type   0  conf  1.0000
  -0.1944451857   0.0214669484  -1.3834596956
  -0.4909745619   0.0542040963  -1.5449375015
      
      
#  type   0  conf  1.0000
  -0.4909745619   0.0542040963  -1.5449375015
  -1.9225804321   0.2122548558  -2.6041268477
      
      
#  type   0  conf  1.0000
  -1.9225804321   0.2122548558  -2.6041268477
  -2.3761339226   0.2623276273  -2.9784695999
      
      
#  type   0  conf  1.0000
  -2.3761339226   0.2623276273  -2.9784695999
  -2.8564065489   0.3153502189  -3.7121119315
      
      
#  type   0  conf  1.0000
  -2.8564065489   0.3153502189  -3.7121119315
  -2.8698211362   0.3168312031  -3.9598726388
      
      
#  type   0  conf  1.0000
  -2.8698211362   0.3168312031  -3.9598726388
  -2.3544654923   0.2599354103  -4.3627674587
      
      
#  type   0  conf  1.0000
  -2.3544654923   0.2599354103  -4.3627674587
  -1.8078432178   0.1995877494  -4.5866061203
      
      
# 215  norm    -0.1175373975   -0.9930684570    0.0000000000
# nedges  15 
#  type   0  conf  1.0000
   1.5651379172  -0.1852462800  -4.5818066894
   2.0812579399  -0.2463331103  -4.3613920480
      
      
#  type   0  conf  1.0000
   2.0812579399  -0.2463331103  -4.3613920480
   2.5609076502  -0.3031033946  -3.9748210418
      
      
#  type   0  conf  1.0000
   2.5609076502  -0.3031033946  -3.9748210418
   2.5427522365  -0.3009545597  -3.7381835785
      
      
#  type   0  conf  1.0000
   2.5427522365  -0.3009545597  -3.7381835785
   2.0207686544  -0.2391737315  -2.9912331346
      
      
#  type   0  conf  1.0000
   2.0207686544  -0.2391737315  -2.9912331346
   1.6568677514  -0.1961032214  -2.6924604170
      
      
#  type   0  conf  1.0000
   1.6568677514  -0.1961032214  -2.6924604170
   0.1017934542  -0.0120480493  -1.5507937839
      
      
#  type   0  conf  1.0000
   0.1017934542  -0.0120480493  -1.5507937839
   0.0631689424  -0.0074765370  -1.5280760972
      
      
#  type   0  conf  1.0000
   0.0631689424  -0.0074765370  -1.5280760972
  -0.1969705366   0.0233129993  -1.3844274214
      
      
#  type   0  conf  1.0000
  -0.1969705366   0.0233129993  -1.3844274214
  -0.4910669208   0.0581216002  -1.5454726754
      
      
#  type   0  conf  1.0000
  -0.4910669208   0.0581216002  -1.5454726754
  -1.9248614149   0.2278223617  -2.6061744055
      
      
#  type   0  conf  1.0000
  -1.9248614149   0.2278223617  -2.6061744055
  -2.3799899839   0.2816903777  -2.9781761263
      
      
#  type   0  conf  1.0000
  -2.3799899839   0.2816903777  -2.9781761263
  -2.8624273087   0.3387905979  -3.7132126617
      
      
#  type   0  conf  1.0000
  -2.8624273087   0.3387905979  -3.7132126617
  -2.8747799811   0.3402526330  -3.9604653179
      
      
#  type   0  conf  1.0000
  -2.8747799811   0.3402526330  -3.9604653179
  -2.3603826458   0.2793696963  -4.3627027961
      
      
#  type   0  conf  1.0000
  -2.3603826458   0.2793696963  -4.3627027961
  -1.8150201092   0.2148217864  -4.5868436818
      
      
# 216  norm    -0.1253332336   -0.9921147013    0.0000000000
# nedges  15 
#  type   0  conf  1.0000
   1.5760879569  -0.1991062120  -4.5806150472
   2.0876841112  -0.2637358362  -4.3611378873
      
      
#  type   0  conf  1.0000
   2.0876841112  -0.2637358362  -4.3611378873
   2.5651628734  -0.3240554314  -3.9750325729
      
      
#  type   0  conf  1.0000
   2.5651628734  -0.3240554314  -3.9750325729
   2.5525489207  -0.3224619186  -3.7487903896
      
      
#  type   0  conf  1.0000
   2.5525489207  -0.3224619186  -3.7487903896
   2.0490956676  -0.2588609821  -3.0258107427
      
      
#  type   0  conf  1.0000
   2.0490956676  -0.2588609821  -3.0258107427
   2.0188173256  -0.2550359379  -2.9875090578
      
      
#  type   0  conf  1.0000
   2.0188173256  -0.2550359379  -2.9875090578
   1.6559514128  -0.2091953127  -2.6932730713
      
      
#  type   0  conf  1.0000
   1.6559514128  -0.2091953127  -2.6932730713
   0.0937716341  -0.0118461123  -1.5458672052
      
      
#  type   0  conf  1.0000
   0.0937716341  -0.0118461123  -1.5458672052
  -0.1972919762   0.0249237727  -1.3843908413
      
      
#  type   0  conf  1.0000
  -0.1972919762   0.0249237727  -1.3843908413
  -0.4902820900   0.0619370317  -1.5453070101
      
      
#  type   0  conf  1.0000
  -0.4902820900   0.0619370317  -1.5453070101
  -1.9198038025   0.2425276211  -2.6028029185
      
      
#  type   0  conf  1.0000
  -1.9198038025   0.2425276211  -2.6028029185
  -2.3856468929   0.3013772892  -2.9788893034
      
      
#  type   0  conf  1.0000
  -2.3856468929   0.3013772892  -2.9788893034
  -2.8693488345   0.3624830548  -3.7152437966
      
      
#  type   0  conf  1.0000
  -2.8693488345   0.3624830548  -3.7152437966
  -2.8807149672   0.3639189313  -3.9604286443
      
      
#  type   0  conf  1.0000
  -2.8807149672   0.3639189313  -3.9604286443
  -2.3660466856   0.2989012072  -4.3632617872
      
      
#  type   0  conf  1.0000
  -2.3660466856   0.2989012072  -4.3632617872
  -1.8235030344   0.2303620049  -4.5868737841
      
      
# 217  norm    -0.1331213385   -0.9910997474   -0.0000000000
# nedges  16 
#  type   0  conf  1.0000
   1.5736980053  -0.2113740675  -4.5851252394
   2.0923339180  -0.2810355795  -4.3614398824
      
      
#  type   0  conf  1.0000
   2.0923339180  -0.2810355795  -4.3614398824
   2.5697850795  -0.3451652878  -3.9756735858
      
      
#  type   0  conf  1.0000
   2.5697850795  -0.3451652878  -3.9756735858
   2.5592402830  -0.3437489445  -3.7538984295
      
      
#  type   0  conf  1.0000
   2.5592402830  -0.3437489445  -3.7538984295
   2.0350954343  -0.2733474900  -3.0012786501
      
      
#  type   0  conf  1.0000
   2.0350954343  -0.2733474900  -3.0012786501
   2.0075382637  -0.2696460992  -2.9759679096
      
      
#  type   0  conf  1.0000
   2.0075382637  -0.2696460992  -2.9759679096
   1.6516856613  -0.2218491193  -2.6917268027
      
      
#  type   0  conf  1.0000
   1.6516856613  -0.2218491193  -2.6917268027
   0.1014071640  -0.0136206849  -1.5522491952
      
      
#  type   0  conf  1.0000
   0.1014071640  -0.0136206849  -1.5522491952
  -0.1954824219   0.0262565718  -1.3833809300
      
      
#  type   0  conf  1.0000
  -0.1954824219   0.0262565718  -1.3833809300
  -0.4884039471   0.0656008513  -1.5444210154
      
      
#  type   0  conf  1.0000
  -0.4884039471   0.0656008513  -1.5444210154
  -1.9227962066   0.2582638180  -2.6057220305
      
      
#  type   0  conf  1.0000
  -1.9227962066   0.2582638180  -2.6057220305
  -2.3883827446   0.3207999081  -2.9776661080
      
      
#  type   0  conf  1.0000
  -2.3883827446   0.3207999081  -2.9776661080
  -2.8735908258   0.3859715010  -3.7133450859
      
      
#  type   0  conf  1.0000
  -2.8735908258   0.3859715010  -3.7133450859
  -2.8876971055   0.3878662112  -3.9584100479
      
      
#  type   0  conf  1.0000
  -2.8876971055   0.3878662112  -3.9584100479
  -2.3959349307   0.3218142935  -4.3450526026
      
      
#  type   0  conf  1.0000
  -2.3959349307   0.3218142935  -4.3450526026
  -2.3688217635   0.3181725399  -4.3638897445
      
      
#  type   0  conf  1.0000
  -2.3688217635   0.3181725399  -4.3638897445
  -1.8271991934   0.2454235338  -4.5893360199
      
      
# 218  norm    -0.1409012319   -0.9900236577    0.0000000000
# nedges  16 
#  type   0  conf  1.0000
   1.5943096516  -0.2269038646  -4.5794079001
   2.0975113867  -0.2985200769  -4.3615113553
      
      
#  type   0  conf  1.0000
   2.0975113867  -0.2985200769  -4.3615113553
   2.5759419574  -0.3666108303  -3.9736053813
      
      
#  type   0  conf  1.0000
   2.5759419574  -0.3666108303  -3.9736053813
   2.5636562164  -0.3648623104  -3.7537506926
      
      
#  type   0  conf  1.0000
   2.5636562164  -0.3648623104  -3.7537506926
   2.0372304244  -0.2899408255  -3.0014463781
      
      
#  type   0  conf  1.0000
   2.0372304244  -0.2899408255  -3.0014463781
   1.9937972423  -0.2837593683  -2.9634024735
      
      
#  type   0  conf  1.0000
   1.9937972423  -0.2837593683  -2.9634024735
   1.6524207673  -0.2351743011  -2.6938625087
      
      
#  type   0  conf  1.0000
   1.6524207673  -0.2351743011  -2.6938625087
   0.0998001466  -0.0142036642  -1.5518426788
      
      
#  type   0  conf  1.0000
   0.0998001466  -0.0142036642  -1.5518426788
  -0.1957845013   0.0278642608  -1.3835505659
      
      
#  type   0  conf  1.0000
  -0.1957845013   0.0278642608  -1.3835505659
  -0.4897841138   0.0697066019  -1.5458205646
      
      
#  type   0  conf  1.0000
  -0.4897841138   0.0697066019  -1.5458205646
  -1.9219164277   0.2735292134  -2.6058871416
      
      
#  type   0  conf  1.0000
  -1.9219164277   0.2735292134  -2.6058871416
  -2.3928000044   0.3405458706  -2.9781006273
      
      
#  type   0  conf  1.0000
  -2.3928000044   0.3405458706  -2.9781006273
  -2.8801262140   0.4099026609  -3.7171531139
      
      
#  type   0  conf  1.0000
  -2.8801262140   0.4099026609  -3.7171531139
  -2.8912157088   0.4114809298  -3.9600757612
      
      
#  type   0  conf  1.0000
  -2.8912157088   0.4114809298  -3.9600757612
  -2.3845688474   0.3393744034  -4.3579621172
      
      
#  type   0  conf  1.0000
  -2.3845688474   0.3393744034  -4.3579621172
  -2.3660703511   0.3367416776  -4.3673995108
      
      
#  type   0  conf  1.0000
  -2.3660703511   0.3367416776  -4.3673995108
  -1.8331406040   0.2608945427  -4.5903856209
      
      
# 219  norm    -0.1486724339   -0.9888864987    0.0000000000
# nedges  16 
#  type   0  conf  1.0000
   1.6025261590  -0.2409290295  -4.5791850819
   2.1020477613  -0.3160287427  -4.3617702417
      
      
#  type   0  conf  1.0000
   2.1020477613  -0.3160287427  -4.3617702417
   2.5789379730  -0.3877259785  -3.9753345708
      
      
#  type   0  conf  1.0000
   2.5789379730  -0.3877259785  -3.9753345708
   2.5727875620  -0.3868013055  -3.8024695345
      
      
#  type   0  conf  1.0000
   2.5727875620  -0.3868013055  -3.8024695345
   2.5541242149  -0.3839953968  -3.7319867723
      
      
#  type   0  conf  1.0000
   2.5541242149  -0.3839953968  -3.7319867723
   2.0306014512  -0.3052872705  -2.9902436940
      
      
#  type   0  conf  1.0000
   2.0306014512  -0.3052872705  -2.9902436940
   1.6468636811  -0.2475948778  -2.6915094292
      
      
#  type   0  conf  1.0000
   1.6468636811  -0.2475948778  -2.6915094292
   0.1002121153  -0.0150662175  -1.5529010914
      
      
#  type   0  conf  1.0000
   0.1002121153  -0.0150662175  -1.5529010914
  -0.1959468100   0.0294592850  -1.3833874282
      
      
#  type   0  conf  1.0000
  -0.1959468100   0.0294592850  -1.3833874282
  -0.4875993517   0.0733072830  -1.5448187252
      
      
#  type   0  conf  1.0000
  -0.4875993517   0.0733072830  -1.5448187252
  -1.9240210609   0.2892636257  -2.6081995323
      
      
#  type   0  conf  1.0000
  -1.9240210609   0.2892636257  -2.6081995323
  -2.3960581138   0.3602312217  -2.9774253595
      
      
#  type   0  conf  1.0000
  -2.3960581138   0.3602312217  -2.9774253595
  -2.8854537858   0.4338085693  -3.7177620909
      
      
#  type   0  conf  1.0000
  -2.8854537858   0.4338085693  -3.7177620909
  -2.8974760606   0.4356160375  -3.9583770042
      
      
#  type   0  conf  1.0000
  -2.8974760606   0.4356160375  -3.9583770042
  -2.4018318176   0.3610992592  -4.3491537009
      
      
#  type   0  conf  1.0000
  -2.4018318176   0.3610992592  -4.3491537009
  -2.3762887626   0.3572590327  -4.3653115640
      
      
#  type   0  conf  1.0000
  -2.3762887626   0.3572590327  -4.3653115640
  -1.8400517460   0.2766394039  -4.5906148323
      
      
# 220  norm    -0.1564344650   -0.9876883406    0.0000000000
# nedges  15 
#  type   0  conf  1.0000
   1.6075872699  -0.2546168100  -4.5802509564
   2.1056534956  -0.3335027504  -4.3627532189
      
      
#  type   0  conf  1.0000
   2.1056534956  -0.3335027504  -4.3627532189
   2.5839063171  -0.4092505559  -3.9744919912
      
      
#  type   0  conf  1.0000
   2.5839063171  -0.4092505559  -3.9744919912
   2.5796612092  -0.4085781968  -3.8195376040
      
      
#  type   0  conf  1.0000
   2.5796612092  -0.4085781968  -3.8195376040
   2.5625886042  -0.4058741619  -3.7403081185
      
      
#  type   0  conf  1.0000
   2.5625886042  -0.4058741619  -3.7403081185
   2.0337162474  -0.3221090096  -2.9910748731
      
      
#  type   0  conf  1.0000
   2.0337162474  -0.3221090096  -2.9910748731
   1.6522780640  -0.2616951364  -2.6970952752
      
      
#  type   0  conf  1.0000
   1.6522780640  -0.2616951364  -2.6970952752
   0.1007973085  -0.0159647253  -1.5541586860
      
      
#  type   0  conf  1.0000
   0.1007973085  -0.0159647253  -1.5541586860
  -0.1963175017   0.0310936376  -1.3833700514
      
      
#  type   0  conf  1.0000
  -0.1963175017   0.0310936376  -1.3833700514
  -0.4895720750   0.0775405991  -1.5468714698
      
      
#  type   0  conf  1.0000
  -0.4895720750   0.0775405991  -1.5468714698
  -1.9107859104   0.3026387570  -2.5992131906
      
      
#  type   0  conf  1.0000
  -1.9107859104   0.3026387570  -2.5992131906
  -2.3990286703   0.3799688133  -2.9768407607
      
      
#  type   0  conf  1.0000
  -2.3990286703   0.3799688133  -2.9768407607
  -2.8899666793   0.4577257551  -3.7175121718
      
      
#  type   0  conf  1.0000
  -2.8899666793   0.4577257551  -3.7175121718
  -2.9034533960   0.4598618411  -3.9571629955
      
      
#  type   0  conf  1.0000
  -2.9034533960   0.4598618411  -3.9571629955
  -2.3902812933   0.3785833649  -4.3626297244
      
      
#  type   0  conf  1.0000
  -2.3902812933   0.3785833649  -4.3626297244
  -1.8535427157   0.2935723256  -4.5869763203
      
      
# 221  norm    -0.1641868466   -0.9864292572    0.0000000000
# nedges  14 
#  type   0  conf  1.0000
   1.6051377367  -0.2671681739  -4.5845998892
   2.1118386711  -0.3515063339  -4.3618016444
      
      
#  type   0  conf  1.0000
   2.1118386711  -0.3515063339  -4.3618016444
   2.5896106193  -0.4310293904  -3.9726267036
      
      
#  type   0  conf  1.0000
   2.5896106193  -0.4310293904  -3.9726267036
   2.5838228007  -0.4300660333  -3.8093235675
      
      
#  type   0  conf  1.0000
   2.5838228007  -0.4300660333  -3.8093235675
   2.5621130894  -0.4264525465  -3.7341960563
      
      
#  type   0  conf  1.0000
   2.5621130894  -0.4264525465  -3.7341960563
   2.0245057021  -0.3369701422  -2.9763710884
      
      
#  type   0  conf  1.0000
   2.0245057021  -0.3369701422  -2.9763710884
   0.1078868377  -0.0179572935  -1.5587492500
      
      
#  type   0  conf  1.0000
   0.1078868377  -0.0179572935  -1.5587492500
  -0.1964206251   0.0326933562  -1.3834490627
      
      
#  type   0  conf  1.0000
  -0.1964206251   0.0326933562  -1.3834490627
  -0.4888334555   0.0813641961  -1.5469484194
      
      
#  type   0  conf  1.0000
  -0.4888334555   0.0813641961  -1.5469484194
  -1.9223982041   0.3199747946  -2.6086976874
      
      
#  type   0  conf  1.0000
  -1.9223982041   0.3199747946  -2.6086976874
  -2.4027189041   0.3999220797  -2.9772301835
      
      
#  type   0  conf  1.0000
  -2.4027189041   0.3999220797  -2.9772301835
  -2.8959673879   0.4820211381  -3.7213864587
      
      
#  type   0  conf  1.0000
  -2.8959673879   0.4820211381  -3.7213864587
  -2.9077822607   0.4839876721  -3.9569648515
      
      
#  type   0  conf  1.0000
  -2.9077822607   0.4839876721  -3.9569648515
  -2.3954400123   0.3987105400  -4.3624298589
      
      
#  type   0  conf  1.0000
  -2.3954400123   0.3987105400  -4.3624298589
  -1.8607194148   0.3097086292  -4.5873781337
      
      
# 222  norm    -0.1719291003   -0.9851093262   -0.0000000000
# nedges  14 
#  type   0  conf  1.0000
   1.6150499200  -0.2818713337  -4.5832074179
   2.1166248131  -0.3694101660  -4.3618577105
      
      
#  type   0  conf  1.0000
   2.1166248131  -0.3694101660  -4.3618577105
   2.5948783829  -0.4528787758  -3.9705694006
      
      
#  type   0  conf  1.0000
   2.5948783829  -0.4528787758  -3.9705694006
   2.5884379210  -0.4517547353  -3.8155671954
      
      
#  type   0  conf  1.0000
   2.5884379210  -0.4517547353  -3.8155671954
   2.5701861650  -0.4485692940  -3.7429244906
      
      
#  type   0  conf  1.0000
   2.5701861650  -0.4485692940  -3.7429244906
   2.0294855748  -0.3542019344  -2.9806714760
      
      
#  type   0  conf  1.0000
   2.0294855748  -0.3542019344  -2.9806714760
   0.1054269402  -0.0183999466  -1.5583370305
      
      
#  type   0  conf  1.0000
   0.1054269402  -0.0183999466  -1.5583370305
  -0.1964143840   0.0342797976  -1.3833916459
      
      
#  type   0  conf  1.0000
  -0.1964143840   0.0342797976  -1.3833916459
  -0.4985882107   0.0870175728  -1.5528320389
      
      
#  type   0  conf  1.0000
  -0.4985882107   0.0870175728  -1.5528320389
  -2.3049875818   0.4022847318  -2.8972216079
      
      
#  type   0  conf  1.0000
  -2.3049875818   0.4022847318  -2.8972216079
  -2.4182772861   0.4220569504  -2.9946160889
      
      
#  type   0  conf  1.0000
  -2.4182772861   0.4220569504  -2.9946160889
  -2.9026763784   0.5065981256  -3.7284905022
      
      
#  type   0  conf  1.0000
  -2.9026763784   0.5065981256  -3.7284905022
  -2.9117412971   0.5081802072  -3.9567386529
      
      
#  type   0  conf  1.0000
  -2.9117412971   0.5081802072  -3.9567386529
  -2.4004018074   0.4189371800  -4.3624803823
      
      
#  type   0  conf  1.0000
  -2.4004018074   0.4189371800  -4.3624803823
  -1.8669193048   0.3258295784  -4.5875513288
      
      
# 223  norm    -0.1796607486   -0.9837286289    0.0000000000
# nedges  14 
#  type   0  conf  1.0000
   1.6263365666  -0.2970217969  -4.5811096115
   2.1197359544  -0.3871325253  -4.3617714273
      
      
#  type   0  conf  1.0000
   2.1197359544  -0.3871325253  -4.3617714273
   2.5962310044  -0.4741559736  -3.9716757766
      
      
#  type   0  conf  1.0000
   2.5962310044  -0.4741559736  -3.9716757766
   2.5940038260  -0.4737492185  -3.8222580060
      
      
#  type   0  conf  1.0000
   2.5940038260  -0.4737492185  -3.8222580060
   2.5696091039  -0.4692939512  -3.7388655950
      
      
#  type   0  conf  1.0000
   2.5696091039  -0.4692939512  -3.7388655950
   2.0320395049  -0.3711163098  -2.9833023062
      
      
#  type   0  conf  1.0000
   2.0320395049  -0.3711163098  -2.9833023062
   0.1040145663  -0.0189964328  -1.5584438767
      
      
#  type   0  conf  1.0000
   0.1040145663  -0.0189964328  -1.5584438767
  -0.1962796464   0.0358470285  -1.3836197645
      
      
#  type   0  conf  1.0000
  -0.1962796464   0.0358470285  -1.3836197645
  -0.4941487669   0.0902475894  -1.5509623400
      
      
#  type   0  conf  1.0000
  -0.4941487669   0.0902475894  -1.5509623400
  -2.4012149609   0.4385397199  -2.9682312055
      
      
#  type   0  conf  1.0000
  -2.4012149609   0.4385397199  -2.9682312055
  -2.9038556662   0.5303382126  -3.7238466063
      
      
#  type   0  conf  1.0000
  -2.9038556662   0.5303382126  -3.7238466063
  -2.9175233623   0.5328343772  -3.9531360823
      
      
#  type   0  conf  1.0000
  -2.9175233623   0.5328343772  -3.9531360823
  -2.4259172997   0.4430511680  -4.3455330712
      
      
#  type   0  conf  1.0000
  -2.4259172997   0.4430511680  -4.3455330712
  -2.3890931003   0.4363258751  -4.3683721679
      
      
#  type   0  conf  1.0000
  -2.3890931003   0.4363258751  -4.3683721679
  -1.8681239391   0.3411800119  -4.5904362095
      
      
# 224  norm    -0.1873813146   -0.9822872507    0.0000000000
# nedges  15 
#  type   0  conf  1.0000
   1.6353740136  -0.3119642775  -4.5799786779
   2.1063770144  -0.4018129052  -4.3695996320
      
      
#  type   0  conf  1.0000
   2.1063770144  -0.4018129052  -4.3695996320
   2.1426981494  -0.4087415323  -4.3468800592
      
      
#  type   0  conf  1.0000
   2.1426981494  -0.4087415323  -4.3468800592
   2.6029877246  -0.4965464647  -3.9660164279
      
      
#  type   0  conf  1.0000
   2.6029877246  -0.4965464647  -3.9660164279
   2.5958225687  -0.4951796381  -3.8103939144
      
      
#  type   0  conf  1.0000
   2.5958225687  -0.4951796381  -3.8103939144
   2.5710952343  -0.4904626468  -3.7384695769
      
      
#  type   0  conf  1.0000
   2.5710952343  -0.4904626468  -3.7384695769
   2.0347899771  -0.3881569475  -2.9857479624
      
      
#  type   0  conf  1.0000
   2.0347899771  -0.3881569475  -2.9857479624
   0.1001759197  -0.0191095787  -1.5570277282
      
      
#  type   0  conf  1.0000
   0.1001759197  -0.0191095787  -1.5570277282
  -0.1967920921   0.0375400993  -1.3835930897
      
      
#  type   0  conf  1.0000
  -0.1967920921   0.0375400993  -1.3835930897
  -0.4919169379   0.0938381746  -1.5504546460
      
      
#  type   0  conf  1.0000
  -0.4919169379   0.0938381746  -1.5504546460
  -2.4060750888   0.4589833705  -2.9714681637
      
      
#  type   0  conf  1.0000
  -2.4060750888   0.4589833705  -2.9714681637
  -2.9094557902   0.5550083749  -3.7289267419
      
      
#  type   0  conf  1.0000
  -2.9094557902   0.5550083749  -3.7289267419
  -2.9210919315   0.5572280875  -3.9529136409
      
      
#  type   0  conf  1.0000
  -2.9210919315   0.5572280875  -3.9529136409
  -2.4302549913   0.4635959336  -4.3452564623
      
      
#  type   0  conf  1.0000
  -2.4302549913   0.4635959336  -4.3452564623
  -2.3984180471   0.4575227117  -4.3661070573
      
      
#  type   0  conf  1.0000
  -2.3984180471   0.4575227117  -4.3661070573
  -1.8753480595   0.3577417751  -4.5900999693
      
      
# 225  norm    -0.1950903220   -0.9807852804   -0.0000000000
# nedges  14 
#  type   0  conf  1.0000
   1.6459731153  -0.3274044090  -4.5777809496
   2.1282932474  -0.4233438483  -4.3613222223
      
      
#  type   0  conf  1.0000
   2.1282932474  -0.4233438483  -4.3613222223
   2.6057178905  -0.5183095143  -3.9660323537
      
      
#  type   0  conf  1.0000
   2.6057178905  -0.5183095143  -3.9660323537
   2.6000397299  -0.5171800579  -3.8161138977
      
      
#  type   0  conf  1.0000
   2.6000397299  -0.5171800579  -3.8161138977
   2.5712901555  -0.5114614120  -3.7369094875
      
      
#  type   0  conf  1.0000
   2.5712901555  -0.5114614120  -3.7369094875
   2.0365677750  -0.4050985175  -2.9876328604
      
      
#  type   0  conf  1.0000
   2.0365677750  -0.4050985175  -2.9876328604
   0.0962730267  -0.0191498957  -1.5553109547
      
      
#  type   0  conf  1.0000
   0.0962730267  -0.0191498957  -1.5553109547
  -0.1972542715   0.0392363141  -1.3835333838
      
      
#  type   0  conf  1.0000
  -0.1972542715   0.0392363141  -1.3835333838
  -0.4878149297   0.0970324225  -1.5486001459
      
      
#  type   0  conf  1.0000
  -0.4878149297   0.0970324225  -1.5486001459
  -2.3425006749   0.4659523548  -2.9243412321
      
      
#  type   0  conf  1.0000
  -2.3425006749   0.4659523548  -2.9243412321
  -2.4216000878   0.4816862063  -2.9907797634
      
      
#  type   0  conf  1.0000
  -2.4216000878   0.4816862063  -2.9907797634
  -2.9147129025   0.5797724437  -3.7365632336
      
      
#  type   0  conf  1.0000
  -2.9147129025   0.5797724437  -3.7365632336
  -2.9247013598   0.5817592713  -3.9513522606
      
      
#  type   0  conf  1.0000
  -2.9247013598   0.5817592713  -3.9513522606
  -2.4135971053   0.4800943141  -4.3614546942
      
      
#  type   0  conf  1.0000
  -2.4135971053   0.4800943141  -4.3614546942
  -1.8864879155   0.3752457773  -4.5870630786
      
      
# 226  norm    -0.2027872954   -0.9792228106    0.0000000000
# nedges  14 
#  type   0  conf  1.0000
   1.6442024223  -0.3404979527  -4.5813147188
   2.1288178210  -0.4408569771  -4.3624376024
      
      
#  type   0  conf  1.0000
   2.1288178210  -0.4408569771  -4.3624376024
   2.6064557741  -0.5397710421  -3.9680099968
      
      
#  type   0  conf  1.0000
   2.6064557741  -0.5397710421  -3.9680099968
   2.6046943093  -0.5394062602  -3.8273647248
      
      
#  type   0  conf  1.0000
   2.6046943093  -0.5394062602  -3.8273647248
   2.5819701038  -0.5347003035  -3.7513747785
      
      
#  type   0  conf  1.0000
   2.5819701038  -0.5347003035  -3.7513747785
   2.0386892389  -0.4221922451  -2.9896402593
      
      
#  type   0  conf  1.0000
   2.0386892389  -0.4221922451  -2.9896402593
   0.0920767056  -0.0190681691  -1.5536241198
      
      
#  type   0  conf  1.0000
   0.0920767056  -0.0190681691  -1.5536241198
  -0.1972166623   0.0408416073  -1.3833481412
      
      
#  type   0  conf  1.0000
  -0.1972166623   0.0408416073  -1.3833481412
  -0.4853360098   0.1005082558  -1.5480482841
      
      
#  type   0  conf  1.0000
  -0.4853360098   0.1005082558  -1.5480482841
  -2.4124602788   0.4995965063  -2.9762496655
      
      
#  type   0  conf  1.0000
  -2.4124602788   0.4995965063  -2.9762496655
  -2.9165743521   0.6039935122  -3.7341494823
      
      
#  type   0  conf  1.0000
  -2.9165743521   0.6039935122  -3.7341494823
  -2.9290311454   0.6065731900  -3.9490132025
      
      
#  type   0  conf  1.0000
  -2.9290311454   0.6065731900  -3.9490132025
  -2.4293375463   0.5030916204  -4.3512259715
      
      
#  type   0  conf  1.0000
  -2.4293375463   0.5030916204  -4.3512259715
  -2.4035688643   0.4977551829  -4.3667238040
      
      
#  type   0  conf  1.0000
  -2.4035688643   0.4977551829  -4.3667238040
  -1.8857229618   0.3905144519  -4.5904352196
      
      
# 227  norm    -0.2104717598   -0.9775999378    0.0000000000
# nedges  13 
#  type   0  conf  1.0000
   1.6412622608  -0.3533545196  -4.5850741512
   2.1334669525  -0.4593234171  -4.3616532951
      
      
#  type   0  conf  1.0000
   2.1334669525  -0.4593234171  -4.3616532951
   2.6117695584  -0.5622992739  -3.9638510406
      
      
#  type   0  conf  1.0000
   2.6117695584  -0.5622992739  -3.9638510406
   2.6062906575  -0.5611196974  -3.8169768965
      
      
#  type   0  conf  1.0000
   2.6062906575  -0.5611196974  -3.8169768965
   2.5718314793  -0.5537008305  -3.7345630895
      
      
#  type   0  conf  1.0000
   2.5718314793  -0.5537008305  -3.7345630895
   2.0390372205  -0.4389932278  -2.9903622130
      
      
#  type   0  conf  1.0000
   2.0390372205  -0.4389932278  -2.9903622130
   0.0889842812  -0.0191578145  -1.5525805696
      
      
#  type   0  conf  1.0000
   0.0889842812  -0.0191578145  -1.5525805696
  -0.1970884340   0.0424320296  -1.3833940009
      
      
#  type   0  conf  1.0000
  -0.1970884340   0.0424320296  -1.3833940009
  -0.4819693978   0.1037652964  -1.5468451477
      
      
#  type   0  conf  1.0000
  -0.4819693978   0.1037652964  -1.5468451477
  -2.4150084621   0.5199377182  -2.9777695806
      
      
#  type   0  conf  1.0000
  -2.4150084621   0.5199377182  -2.9777695806
  -2.9227331361   0.6292479806  -3.7416555150
      
      
#  type   0  conf  1.0000
  -2.9227331361   0.6292479806  -3.7416555150
  -2.9305823606   0.6309378744  -3.9505874286
      
      
#  type   0  conf  1.0000
  -2.9305823606   0.6309378744  -3.9505874286
  -2.4183065916   0.5206477869  -4.3622281153
      
      
#  type   0  conf  1.0000
  -2.4183065916   0.5206477869  -4.3622281153
  -1.8973100007   0.4084801557  -4.5871846150
      
      
# 228  norm    -0.2181432414   -0.9759167619    0.0000000000
# nedges  15 
#  type   0  conf  1.0000
   1.6511468210  -0.3690750416  -4.5832239234
   2.1363895719  -0.4775396471  -4.3615472431
      
      
#  type   0  conf  1.0000
   2.1363895719  -0.4775396471  -4.3615472431
   2.6153203640  -0.5845933626  -3.9615376601
      
      
#  type   0  conf  1.0000
   2.6153203640  -0.5845933626  -3.9615376601
   2.6090607000  -0.5831941619  -3.8161921068
      
      
#  type   0  conf  1.0000
   2.6090607000  -0.5831941619  -3.8161921068
   2.5760494723  -0.5758152783  -3.7397445556
      
      
#  type   0  conf  1.0000
   2.5760494723  -0.5758152783  -3.7397445556
   2.0397442816  -0.4559368653  -2.9913386314
      
      
#  type   0  conf  1.0000
   2.0397442816  -0.4559368653  -2.9913386314
   0.0850740947  -0.0190163132  -1.5510845155
      
      
#  type   0  conf  1.0000
   0.0850740947  -0.0190163132  -1.5510845155
  -0.1973756853   0.0441186927  -1.3834114542
      
      
#  type   0  conf  1.0000
  -0.1973756853   0.0441186927  -1.3834114542
  -0.4803525646   0.1073715193  -1.5470553670
      
      
#  type   0  conf  1.0000
  -0.4803525646   0.1073715193  -1.5470553670
  -2.4082463191   0.5383068297  -2.9724658407
      
      
#  type   0  conf  1.0000
  -2.4082463191   0.5383068297  -2.9724658407
  -2.4238465264   0.5417938891  -2.9891975022
      
      
#  type   0  conf  1.0000
  -2.4238465264   0.5417938891  -2.9891975022
  -2.9260775329   0.6540558196  -3.7457634117
      
      
#  type   0  conf  1.0000
  -2.9260775329   0.6540558196  -3.7457634117
  -2.9357278248   0.6562129154  -3.9456003046
      
      
#  type   0  conf  1.0000
  -2.9357278248   0.6562129154  -3.9456003046
  -2.4963239321   0.5579945087  -4.3021701562
      
      
#  type   0  conf  1.0000
  -2.4963239321   0.5579945087  -4.3021701562
  -2.4206333584   0.5410756610  -4.3620819241
      
      
#  type   0  conf  1.0000
  -2.4206333584   0.5410756610  -4.3620819241
  -1.9032628488   0.4254296506  -4.5873793806
      
      
# 229  norm    -0.2258012669   -0.9741733870   -0.0000000000
# nedges  15 
#  type   0  conf  1.0000
   1.6615121048  -0.3851178273  -4.5814584574
   2.1389653885  -0.4957855562  -4.3613866115
      
      
#  type   0  conf  1.0000
   2.1389653885  -0.4957855562  -4.3613866115
   2.6176460653  -0.6067377796  -3.9607156359
      
      
#  type   0  conf  1.0000
   2.6176460653  -0.6067377796  -3.9607156359
   2.6118671575  -0.6053983007  -3.8295131046
      
      
#  type   0  conf  1.0000
   2.6118671575  -0.6053983007  -3.8295131046
   2.5898884502  -0.6003039099  -3.7631918933
      
      
#  type   0  conf  1.0000
   2.5898884502  -0.6003039099  -3.7631918933
   2.0640198585  -0.4784141151  -3.0235658421
      
      
#  type   0  conf  1.0000
   2.0640198585  -0.4784141151  -3.0235658421
   2.0355104527  -0.4718059897  -2.9887313766
      
      
#  type   0  conf  1.0000
   2.0355104527  -0.4718059897  -2.9887313766
   0.0832565471  -0.0192978314  -1.5509432202
      
      
#  type   0  conf  1.0000
   0.0832565471  -0.0192978314  -1.5509432202
  -0.1975229508   0.0457833617  -1.3833918003
      
      
#  type   0  conf  1.0000
  -0.1975229508   0.0457833617  -1.3833918003
  -0.4770076688   0.1105644410  -1.5458664945
      
      
#  type   0  conf  1.0000
  -0.4770076688   0.1105644410  -1.5458664945
  -2.4170821188   0.5602495530  -2.9789463564
      
      
#  type   0  conf  1.0000
  -2.4170821188   0.5602495530  -2.9789463564
  -2.9282366321   0.6787288075  -3.7463347245
      
      
#  type   0  conf  1.0000
  -2.9282366321   0.6787288075  -3.7463347245
  -2.9397213187   0.6813908149  -3.9425946773
      
      
#  type   0  conf  1.0000
  -2.9397213187   0.6813908149  -3.9425946773
  -2.4417876410   0.5659759855  -4.3487043425
      
      
#  type   0  conf  1.0000
  -2.4417876410   0.5659759855  -4.3487043425
  -2.4162325019   0.5600526223  -4.3650721947
      
      
#  type   0  conf  1.0000
  -2.4162325019   0.5600526223  -4.3650721947
  -1.9032823818   0.4411571685  -4.5901417311
      
      
# 230  norm    -0.2334453639   -0.9723699204   -0.0000000000
# nedges  15 
#  type   0  conf  1.0000
   1.6704483975  -0.4010391784  -4.5795280250
   2.1358003058  -0.5127602871  -4.3634869053
      
      
#  type   0  conf  1.0000
   2.1358003058  -0.5127602871  -4.3634869053
   2.1731718291  -0.5217323960  -4.3354309906
      
      
#  type   0  conf  1.0000
   2.1731718291  -0.5217323960  -4.3354309906
   2.6193842898  -0.6288585299  -3.9582310081
      
      
#  type   0  conf  1.0000
   2.6193842898  -0.6288585299  -3.9582310081
   2.6133970539  -0.6274211217  -3.7962856851
      
      
#  type   0  conf  1.0000
   2.6133970539  -0.6274211217  -3.7962856851
   2.0470313995  -0.4914487582  -3.0005367997
      
      
#  type   0  conf  1.0000
   2.0470313995  -0.4914487582  -3.0005367997
   2.0175821825  -0.4843786267  -2.9760012449
      
      
#  type   0  conf  1.0000
   2.0175821825  -0.4843786267  -2.9760012449
   0.0804729861  -0.0193198546  -1.5501076354
      
      
#  type   0  conf  1.0000
   0.0804729861  -0.0193198546  -1.5501076354
  -0.1970010770   0.0472957741  -1.3833832117
      
      
#  type   0  conf  1.0000
  -0.1970010770   0.0472957741  -1.3833832117
  -0.4736094755   0.1137035752  -1.5447344314
      
      
#  type   0  conf  1.0000
  -0.4736094755   0.1137035752  -1.5447344314
  -2.4184643214   0.5806219132  -2.9799304393
      
      
#  type   0  conf  1.0000
  -2.4184643214   0.5806219132  -2.9799304393
  -2.9322861765   0.7039796265  -3.7521891855
      
      
#  type   0  conf  1.0000
  -2.9322861765   0.7039796265  -3.7521891855
  -2.9418410217   0.7062735419  -3.9406933982
      
      
#  type   0  conf  1.0000
  -2.9418410217   0.7062735419  -3.9406933982
  -2.4630440321   0.5913245548  -4.3336407892
      
      
#  type   0  conf  1.0000
  -2.4630440321   0.5913245548  -4.3336407892
  -2.4247746329   0.5821368849  -4.3625394032
      
      
#  type   0  conf  1.0000
  -2.4247746329   0.5821368849  -4.3625394032
  -1.9133744992   0.4593605754  -4.5872296752
      
      
# 231  norm    -0.2410750608   -0.9705064735    0.0000000000
# nedges  13 
#  type   0  conf  1.0000
   1.6666870924  -0.4140072253  -4.5831350285
   2.1426054847  -0.5322259683  -4.3612210865
      
      
#  type   0  conf  1.0000
   2.1426054847  -0.5322259683  -4.3612210865
   2.6203662351  -0.6509023554  -3.9585890728
      
      
#  type   0  conf  1.0000
   2.6203662351  -0.6509023554  -3.9585890728
   2.6144556449  -0.6494341572  -3.7981947312
      
      
#  type   0  conf  1.0000
   2.6144556449  -0.6494341572  -3.7981947312
   2.0452674468  -0.5080470740  -3.0000221259
      
      
#  type   0  conf  1.0000
   2.0452674468  -0.5080470740  -3.0000221259
   2.0293490601  -0.5040929262  -2.9854616427
      
      
#  type   0  conf  1.0000
   2.0293490601  -0.5040929262  -2.9854616427
   0.0794061870  -0.0197245994  -1.5503767089
      
      
#  type   0  conf  1.0000
   0.0794061870  -0.0197245994  -1.5503767089
  -0.1969599691   0.0489251106  -1.3835183566
      
      
#  type   0  conf  1.0000
  -0.1969599691   0.0489251106  -1.3835183566
  -0.4722048430   0.1172962926  -1.5448731812
      
      
#  type   0  conf  1.0000
  -0.4722048430   0.1172962926  -1.5448731812
  -2.4185500542   0.6007709556  -2.9805814492
      
      
#  type   0  conf  1.0000
  -2.4185500542   0.6007709556  -2.9805814492
  -2.9353152256   0.7291360912  -3.7573360102
      
      
#  type   0  conf  1.0000
  -2.9353152256   0.7291360912  -3.7573360102
  -2.9415635686   0.7306881877  -3.9422499500
      
      
#  type   0  conf  1.0000
  -2.9415635686   0.7306881877  -3.9422499500
  -2.4301999559   0.6036648062  -4.3606847856
      
      
#  type   0  conf  1.0000
  -2.4301999559   0.6036648062  -4.3606847856
  -1.9170325251   0.4761933539  -4.5874124339
      
      
# 232  norm    -0.2486898872   -0.9685831611    0.0000000000
# nedges  14 
#  type   0  conf  1.0000
   1.6771314801  -0.4306141747  -4.5804017014
   2.1449412026  -0.5507272964  -4.3611550605
      
      
#  type   0  conf  1.0000
   2.1449412026  -0.5507272964  -4.3611550605
   2.6216922493  -0.6731361599  -3.9558814841
      
      
#  type   0  conf  1.0000
   2.6216922493  -0.6731361599  -3.9558814841
   2.6168576583  -0.6718948479  -3.8026941043
      
      
#  type   0  conf  1.0000
   2.6168576583  -0.6718948479  -3.8026941043
   2.0636590247  -0.5298575802  -3.0273551798
      
      
#  type   0  conf  1.0000
   2.0636590247  -0.5298575802  -3.0273551798
   2.0325425061  -0.5218682162  -2.9886367411
      
      
#  type   0  conf  1.0000
   2.0325425061  -0.5218682162  -2.9886367411
   0.0765121859  -0.0196449904  -1.5494803921
      
      
#  type   0  conf  1.0000
   0.0765121859  -0.0196449904  -1.5494803921
  -0.1969122651   0.0505584765  -1.3834317783
      
      
#  type   0  conf  1.0000
  -0.1969122651   0.0505584765  -1.3834317783
  -0.4676250300   0.1200657007  -1.5428461979
      
      
#  type   0  conf  1.0000
  -0.4676250300   0.1200657007  -1.5428461979
  -2.4178383239   0.6207953680  -2.9802288474
      
      
#  type   0  conf  1.0000
  -2.4178383239   0.6207953680  -2.9802288474
  -2.9365744112   0.7539841578  -3.7594473017
      
      
#  type   0  conf  1.0000
  -2.9365744112   0.7539841578  -3.7594473017
  -2.9461208187   0.7564352586  -3.9370779359
      
      
#  type   0  conf  1.0000
  -2.9461208187   0.7564352586  -3.9370779359
  -2.4677538633   0.6336115002  -4.3318093274
      
      
#  type   0  conf  1.0000
  -2.4677538633   0.6336115002  -4.3318093274
  -2.4275238768   0.6232821953  -4.3622823995
      
      
#  type   0  conf  1.0000
  -2.4275238768   0.6232821953  -4.3622823995
  -1.9151914846   0.4917375950  -4.5909085580
      
      
# 233  norm    -0.2562893731   -0.9666001020    0.0000000000
# nedges  15 
#  type   0  conf  1.0000
   1.6718731755  -0.4432891402  -4.5847736533
   2.1450060447  -0.5687380473  -4.3616494770
      
      
#  type   0  conf  1.0000
   2.1450060447  -0.5687380473  -4.3616494770
   2.6233478838  -0.6955680878  -3.9552084190
      
      
#  type   0  conf  1.0000
   2.6233478838  -0.6955680878  -3.9552084190
   2.6173056878  -0.6939660286  -3.8051412891
      
      
#  type   0  conf  1.0000
   2.6173056878  -0.6939660286  -3.8051412891
   2.0622768942  -0.5468028105  -3.0274451957
      
      
#  type   0  conf  1.0000
   2.0622768942  -0.5468028105  -3.0274451957
   2.0308776062  -0.5384774402  -2.9883974081
      
      
#  type   0  conf  1.0000
   2.0308776062  -0.5384774402  -2.9883974081
   0.0736429975  -0.0195260870  -1.5484688418
      
      
#  type   0  conf  1.0000
   0.0736429975  -0.0195260870  -1.5484688418
  -0.1968164865   0.0521849458  -1.3833292861
      
      
#  type   0  conf  1.0000
  -0.1968164865   0.0521849458  -1.3833292861
  -0.4667194393   0.1237484170  -1.5434932976
      
      
#  type   0  conf  1.0000
  -0.4667194393   0.1237484170  -1.5434932976
  -2.4093437184   0.6388259115  -2.9745023523
      
      
#  type   0  conf  1.0000
  -2.4093437184   0.6388259115  -2.9745023523
  -2.4461094422   0.6485741665  -3.0231683879
      
      
#  type   0  conf  1.0000
  -2.4461094422   0.6485741665  -3.0231683879
  -2.9398554084   0.7794885373  -3.7669705865
      
      
#  type   0  conf  1.0000
  -2.9398554084   0.7794885373  -3.7669705865
  -2.9463002011   0.7811973432  -3.9367627788
      
      
#  type   0  conf  1.0000
  -2.9463002011   0.7811973432  -3.9367627788
  -2.4352384122   0.6456917652  -4.3589491176
      
      
#  type   0  conf  1.0000
  -2.4352384122   0.6456917652  -4.3589491176
  -2.2348162146   0.5925507824  -4.4491219410
      
      
#  type   0  conf  1.0000
  -2.2348162146   0.5925507824  -4.4491219410
  -1.9194332196   0.5089284965  -4.5906122317
      
      
# 234  norm    -0.2638730500   -0.9645574185    0.0000000000
# nedges  13 
#  type   0  conf  1.0000
   1.6813964281  -0.4599780119  -4.5824779551
   2.1487230309  -0.5878241034  -4.3598788670
      
      
#  type   0  conf  1.0000
   2.1487230309  -0.5878241034  -4.3598788670
   2.6235551863  -0.7177234818  -3.9533258697
      
      
#  type   0  conf  1.0000
   2.6235551863  -0.7177234818  -3.9533258697
   2.6194963820  -0.7166131186  -3.8104604999
      
      
#  type   0  conf  1.0000
   2.6194963820  -0.7166131186  -3.8104604999
   2.0692871603  -0.5660929083  -3.0394264488
      
      
#  type   0  conf  1.0000
   2.0692871603  -0.5660929083  -3.0394264488
   2.0298625571  -0.5553075573  -2.9887621595
      
      
#  type   0  conf  1.0000
   2.0298625571  -0.5553075573  -2.9887621595
   0.0700530779  -0.0191643535  -1.5468212185
      
      
#  type   0  conf  1.0000
   0.0700530779  -0.0191643535  -1.5468212185
  -0.1969319746   0.0538744918  -1.3835096073
      
      
#  type   0  conf  1.0000
  -0.1969319746   0.0538744918  -1.3835096073
  -0.4644974464   0.1270721219  -1.5430395410
      
      
#  type   0  conf  1.0000
  -0.4644974464   0.1270721219  -1.5430395410
  -2.4171370944   0.6612538819  -2.9813212520
      
      
#  type   0  conf  1.0000
  -2.4171370944   0.6612538819  -2.9813212520
  -2.9411033156   0.8045948196  -3.7692381061
      
      
#  type   0  conf  1.0000
  -2.9411033156   0.8045948196  -3.7692381061
  -2.9478281318   0.8064345212  -3.9346556677
      
      
#  type   0  conf  1.0000
  -2.9478281318   0.8064345212  -3.9346556677
  -2.4355029468   0.6662782106  -4.3594907281
      
      
#  type   0  conf  1.0000
  -2.4355029468   0.6662782106  -4.3594907281
  -1.9274323969   0.5272858364  -4.5879305053
      
      
# 235  norm    -0.2714404499   -0.9624552365    0.0000000000
# nedges  14 
#  type   0  conf  1.0000
   1.6908052830  -0.4768564077  -4.5796288600
   2.1481669593  -0.6058457409  -4.3607780404
      
      
#  type   0  conf  1.0000
   2.1481669593  -0.6058457409  -4.3607780404
   2.6240265566  -0.7400520274  -3.9532380945
      
      
#  type   0  conf  1.0000
   2.6240265566  -0.7400520274  -3.9532380945
   2.6205173670  -0.7390623335  -3.8124688477
      
      
#  type   0  conf  1.0000
   2.6205173670  -0.7390623335  -3.8124688477
   2.0343384291  -0.5737427752  -2.9934178814
      
      
#  type   0  conf  1.0000
   2.0343384291  -0.5737427752  -2.9934178814
   0.0700883723  -0.0197669653  -1.5479565749
      
      
#  type   0  conf  1.0000
   0.0700883723  -0.0197669653  -1.5479565749
  -0.1964601180   0.0554074837  -1.3833996014
      
      
#  type   0  conf  1.0000
  -0.1964601180   0.0554074837  -1.3833996014
  -0.4626767781   0.1304883469  -1.5430683488
      
      
#  type   0  conf  1.0000
  -0.4626767781   0.1304883469  -1.5430683488
  -2.4159022821   0.6813549113  -2.9812109605
      
      
#  type   0  conf  1.0000
  -2.4159022821   0.6813549113  -2.9812109605
  -2.9419495424   0.8297155826  -3.7707231372
      
      
#  type   0  conf  1.0000
  -2.9419495424   0.8297155826  -3.7707231372
  -2.9496744139   0.8318942217  -3.9074121840
      
      
#  type   0  conf  1.0000
  -2.9496744139   0.8318942217  -3.9074121840
  -2.9361842898   0.8280896132  -3.9427357058
      
      
#  type   0  conf  1.0000
  -2.9361842898   0.8280896132  -3.9427357058
  -2.4675354127   0.6959169602  -4.3338448909
      
      
#  type   0  conf  1.0000
  -2.4675354127   0.6959169602  -4.3338448909
  -2.4248312884   0.6838731515  -4.3648961512
      
      
#  type   0  conf  1.0000
  -2.4248312884   0.6838731515  -4.3648961512
  -1.9317042811   0.5447969518  -4.5876947529
      
      
# 236  norm    -0.2789911060   -0.9602936857    0.0000000000
# nedges  13 
#  type   0  conf  1.0000
   1.6867788946  -0.4900545703  -4.5831791162
   2.1493950999  -0.6244570022  -4.3602653414
      
      
#  type   0  conf  1.0000
   2.1493950999  -0.6244570022  -4.3602653414
   2.6253718101  -0.7627410197  -3.9515600037
      
      
#  type   0  conf  1.0000
   2.6253718101  -0.7627410197  -3.9515600037
   2.6220546409  -0.7617772930  -3.8177819033
      
      
#  type   0  conf  1.0000
   2.6220546409  -0.7617772930  -3.8177819033
   2.0584555429  -0.5980366186  -3.0292599807
      
      
#  type   0  conf  1.0000
   2.0584555429  -0.5980366186  -3.0292599807
   2.0239208396  -0.5880033598  -2.9873513405
      
      
#  type   0  conf  1.0000
   2.0239208396  -0.5880033598  -2.9873513405
   0.0710684592  -0.0206472961  -1.5497417869
      
      
#  type   0  conf  1.0000
   0.0710684592  -0.0206472961  -1.5497417869
  -0.1959688409   0.0569342114  -1.3833807440
      
      
#  type   0  conf  1.0000
  -0.1959688409   0.0569342114  -1.3833807440
  -0.4596431124   0.1335386686  -1.5422447613
      
      
#  type   0  conf  1.0000
  -0.4596431124   0.1335386686  -1.5422447613
  -2.4139372900   0.7013136132  -2.9806672618
      
      
#  type   0  conf  1.0000
  -2.4139372900   0.7013136132  -2.9806672618
  -2.9445215606   0.8554625936  -3.7745300372
      
      
#  type   0  conf  1.0000
  -2.9445215606   0.8554625936  -3.7745300372
  -2.9497851653   0.8569918121  -3.9319883849
      
      
#  type   0  conf  1.0000
  -2.9497851653   0.8569918121  -3.9319883849
  -2.4352335458   0.7075007475  -4.3601441005
      
      
#  type   0  conf  1.0000
  -2.4352335458   0.7075007475  -4.3601441005
  -1.9351664488   0.5622178256  -4.5875585428
      
      
# 237  norm    -0.2865245527   -0.9580728995    0.0000000000
# nedges  14 
#  type   0  conf  1.0000
   1.6963133060  -0.5073052495  -4.5805418714
   2.1507118450  -0.6431992281  -4.3597620379
      
      
#  type   0  conf  1.0000
   2.1507118450  -0.6431992281  -4.3597620379
   2.6262202512  -0.7854063957  -3.9506061690
      
      
#  type   0  conf  1.0000
   2.6262202512  -0.7854063957  -3.9506061690
   2.6233353730  -0.7845436342  -3.8206483856
      
      
#  type   0  conf  1.0000
   2.6233353730  -0.7845436342  -3.8206483856
   2.0551306956  -0.6146144032  -3.0278051723
      
      
#  type   0  conf  1.0000
   2.0551306956  -0.6146144032  -3.0278051723
   2.0234185485  -0.6051304602  -2.9887435562
      
      
#  type   0  conf  1.0000
   2.0234185485  -0.6051304602  -2.9887435562
   0.0674136744  -0.0201609637  -1.5480976119
      
      
#  type   0  conf  1.0000
   0.0674136744  -0.0201609637  -1.5480976119
  -0.1962443180   0.0586894958  -1.3834731227
      
      
#  type   0  conf  1.0000
  -0.1962443180   0.0586894958  -1.3834731227
  -0.4577049997   0.1368828201  -1.5421989953
      
      
#  type   0  conf  1.0000
  -0.4577049997   0.1368828201  -1.5421989953
  -2.4118462040   0.7212949612  -2.9804687471
      
      
#  type   0  conf  1.0000
  -2.4118462040   0.7212949612  -2.9804687471
  -2.9444297494   0.8805712148  -3.7735711976
      
      
#  type   0  conf  1.0000
  -2.9444297494   0.8805712148  -3.7735711976
  -2.9512923621   0.8826235712  -3.9292877200
      
      
#  type   0  conf  1.0000
  -2.9512923621   0.8826235712  -3.9292877200
  -2.4626857647   0.7364992138  -4.3381951404
      
      
#  type   0  conf  1.0000
  -2.4626857647   0.7364992138  -4.3381951404
  -2.4259966247   0.7255268343  -4.3637494428
      
      
#  type   0  conf  1.0000
  -2.4259966247   0.7255268343  -4.3637494428
  -1.9329557973   0.5780763610  -4.5908292599
      
      
# 238  norm    -0.2940403252   -0.9557930148   -0.0000000000
# nedges  14 
#  type   0  conf  1.0000
   1.7038289397  -0.5241662241  -4.5784441195
   2.1511717602  -0.6617868453  -4.3592782979
      
      
#  type   0  conf  1.0000
   2.1511717602  -0.6617868453  -4.3592782979
   2.6265578279  -0.8080346958  -3.9504132020
      
      
#  type   0  conf  1.0000
   2.6265578279  -0.8080346958  -3.9504132020
   2.6233635015  -0.8070519927  -3.8205955939
      
      
#  type   0  conf  1.0000
   2.6233635015  -0.8070519927  -3.8205955939
   2.0605911950  -0.6339206248  -3.0385535674
      
      
#  type   0  conf  1.0000
   2.0605911950  -0.6339206248  -3.0385535674
   2.0187995166  -0.6210638258  -2.9876727139
      
      
#  type   0  conf  1.0000
   2.0187995166  -0.6210638258  -2.9876727139
   0.0733187281  -0.0225557859  -1.5534376106
      
      
#  type   0  conf  1.0000
   0.0733187281  -0.0225557859  -1.5534376106
   0.0608076273  -0.0187068688  -1.5449995909
      
      
#  type   0  conf  1.0000
   0.0608076273  -0.0187068688  -1.5449995909
  -0.1955067250   0.0601457221  -1.3835019577
      
      
#  type   0  conf  1.0000
  -0.1955067250   0.0601457221  -1.3835019577
  -0.4554525974   0.1401155143  -1.5420364200
      
      
#  type   0  conf  1.0000
  -0.4554525974   0.1401155143  -1.5420364200
  -2.4093358802   0.7412084990  -2.9801915968
      
      
#  type   0  conf  1.0000
  -2.4093358802   0.7412084990  -2.9801915968
  -2.9456284076   0.9061936231  -3.7732721560
      
      
#  type   0  conf  1.0000
  -2.9456284076   0.9061936231  -3.7732721560
  -2.9515436672   0.9080133945  -3.9293168596
      
      
#  type   0  conf  1.0000
  -2.9515436672   0.9080133945  -3.9293168596
  -2.4354292499   0.7492358676  -4.3603445512
      
      
#  type   0  conf  1.0000
  -2.4354292499   0.7492358676  -4.3603445512
  -1.9403178443   0.5969197108  -4.5869949934
      
      
# 239  norm    -0.3015379599   -0.9534541723    0.0000000000
# nedges  13 
#  type   0  conf  1.0000
   1.7070433604  -0.5398669253  -4.5778516095
   2.1435397704  -0.6779126131  -4.3627936504
      
      
#  type   0  conf  1.0000
   2.1435397704  -0.6779126131  -4.3627936504
   2.2783292906  -0.7205409408  -4.2494280081
      
      
#  type   0  conf  1.0000
   2.2783292906  -0.7205409408  -4.2494280081
   2.6276832776  -0.8310270991  -3.9479382297
      
      
#  type   0  conf  1.0000
   2.6276832776  -0.8310270991  -3.9479382297
   2.6231521918  -0.8295941048  -3.8199556249
      
      
#  type   0  conf  1.0000
   2.6231521918  -0.8295941048  -3.8199556249
   2.0251076893  -0.6404574640  -2.9942645666
      
      
#  type   0  conf  1.0000
   2.0251076893  -0.6404574640  -2.9942645666
   0.0651980430  -0.0206194335  -1.5485288093
      
      
#  type   0  conf  1.0000
   0.0651980430  -0.0206194335  -1.5485288093
  -0.1949884089   0.0616667363  -1.3834675012
      
      
#  type   0  conf  1.0000
  -0.1949884089   0.0616667363  -1.3834675012
  -0.4528779230   0.1432264801  -1.5415240244
      
      
#  type   0  conf  1.0000
  -0.4528779230   0.1432264801  -1.5415240244
  -2.4064996003   0.7610758872  -2.9803097364
      
      
#  type   0  conf  1.0000
  -2.4064996003   0.7610758872  -2.9803097364
  -2.9448571029   0.9313360085  -3.7714534895
      
      
#  type   0  conf  1.0000
  -2.9448571029   0.9313360085  -3.7714534895
  -2.9514624676   0.9334250111  -3.9275548412
      
      
#  type   0  conf  1.0000
  -2.9514624676   0.9334250111  -3.9275548412
  -2.4382215408   0.7711082196  -4.3575635199
      
      
#  type   0  conf  1.0000
  -2.4382215408   0.7711082196  -4.3575635199
  -1.9419071586   0.6141445913  -4.5881700842
      
      
# 240  norm    -0.3090169944   -0.9510565163    0.0000000000
# nedges  13 
#  type   0  conf  1.0000
   1.7075863700  -0.5548284446  -4.5788812097
   2.1473444586  -0.6977145092  -4.3604918369
      
      
#  type   0  conf  1.0000
   2.1473444586  -0.6977145092  -4.3604918369
   2.6262038095  -0.8533053440  -3.9514704176
      
      
#  type   0  conf  1.0000
   2.6262038095  -0.8533053440  -3.9514704176
   2.6229292920  -0.8522413888  -3.8181336495
      
      
#  type   0  conf  1.0000
   2.6229292920  -0.8522413888  -3.8181336495
   2.0209229723  -0.6566376783  -2.9935516435
      
      
#  type   0  conf  1.0000
   2.0209229723  -0.6566376783  -2.9935516435
   0.0628978488  -0.0204367499  -1.5479962384
      
      
#  type   0  conf  1.0000
   0.0628978488  -0.0204367499  -1.5479962384
  -0.1949314763   0.0633370761  -1.3834513923
      
      
#  type   0  conf  1.0000
  -0.1949314763   0.0633370761  -1.3834513923
  -0.4512098953   0.1466069821  -1.5417311636
      
      
#  type   0  conf  1.0000
  -0.4512098953   0.1466069821  -1.5417311636
  -2.4030976958   0.7808137733  -2.9798634181
      
      
#  type   0  conf  1.0000
  -2.4030976958   0.7808137733  -2.9798634181
  -2.9432181211   0.9563095379  -3.7661958932
      
      
#  type   0  conf  1.0000
  -2.9432181211   0.9563095379  -3.7661958932
  -2.9523638049   0.9592811506  -3.9265532964
      
      
#  type   0  conf  1.0000
  -2.9523638049   0.9592811506  -3.9265532964
  -2.4482905623   0.7954978258  -4.3477070044
      
      
#  type   0  conf  1.0000
  -2.4482905623   0.7954978258  -4.3477070044
  -2.4066849308   0.7819793367  -4.3724248931
      
      
#  type   0  conf  1.0000
  -2.4066849308   0.7819793367  -4.3724248931
  -1.9437735430   0.6315703091  -4.5874792738
      
      
# 241  norm    -0.3164769672   -0.9486001946   -0.0000000000
# nedges  13 
#  type   0  conf  1.0000
   1.7027606788  -0.5680839394  -4.5826385011
   2.1323562683  -0.7114078709  -4.3670541825
      
      
#  type   0  conf  1.0000
   2.1323562683  -0.7114078709  -4.3670541825
   2.1800233017  -0.7273107963  -4.3325016243
      
      
#  type   0  conf  1.0000
   2.1800233017  -0.7273107963  -4.3325016243
   2.6272493516  -0.8765166943  -3.9490016643
      
      
#  type   0  conf  1.0000
   2.6272493516  -0.8765166943  -3.9490016643
   2.6235252011  -0.8752742237  -3.8177710418
      
      
#  type   0  conf  1.0000
   2.6235252011  -0.8752742237  -3.8177710418
   2.0169168486  -0.6728943668  -2.9929966812
      
      
#  type   0  conf  1.0000
   2.0169168486  -0.6728943668  -2.9929966812
   0.0615053334  -0.0205197316  -1.5480473583
      
      
#  type   0  conf  1.0000
   0.0615053334  -0.0205197316  -1.5480473583
  -0.1945959592   0.0649221235  -1.3835795027
      
      
#  type   0  conf  1.0000
  -0.1945959592   0.0649221235  -1.3835795027
  -0.4488779965   0.1497570291  -1.5415207228
      
      
#  type   0  conf  1.0000
  -0.4488779965   0.1497570291  -1.5415207228
  -2.3990659435   0.8003889501  -2.9792547335
      
      
#  type   0  conf  1.0000
  -2.3990659435   0.8003889501  -2.9792547335
  -2.9429300670   0.9818357486  -3.7633001840
      
      
#  type   0  conf  1.0000
  -2.9429300670   0.9818357486  -3.7633001840
  -2.9495130392   0.9840319943  -3.9291282115
      
      
#  type   0  conf  1.0000
  -2.9495130392   0.9840319943  -3.9291282115
  -2.4308676066   0.8109987876  -4.3606236559
      
      
#  type   0  conf  1.0000
  -2.4308676066   0.8109987876  -4.3606236559
  -1.9459095302   0.6492045332  -4.5870196480
      
      
# 242  norm    -0.3239174182   -0.9460853588    0.0000000000
# nedges  12 
#  type   0  conf  1.0000
   1.7108918320  -0.5857692013  -4.5795244895
   2.1452758510  -0.7344920926  -4.3598376765
      
      
#  type   0  conf  1.0000
   2.1452758510  -0.7344920926  -4.3598376765
   2.6268467501  -0.8993706639  -3.9519255574
      
      
#  type   0  conf  1.0000
   2.6268467501  -0.8993706639  -3.9519255574
   2.6218104168  -0.8976463416  -3.8124061902
      
      
#  type   0  conf  1.0000
   2.6218104168  -0.8976463416  -3.8124061902
   2.0121557119  -0.6889148819  -2.9923092873
      
      
#  type   0  conf  1.0000
   2.0121557119  -0.6889148819  -2.9923092873
   0.0607350983  -0.0207942720  -1.5484709452
      
      
#  type   0  conf  1.0000
   0.0607350983  -0.0207942720  -1.5484709452
  -0.1945193143   0.0665988470  -1.3834490856
      
      
#  type   0  conf  1.0000
  -0.1945193143   0.0665988470  -1.3834490856
  -0.4500407967   0.1540834044  -1.5438343624
      
      
#  type   0  conf  1.0000
  -0.4500407967   0.1540834044  -1.5438343624
  -2.3941813070   0.8197114779  -2.9784291544
      
      
#  type   0  conf  1.0000
  -2.3941813070   0.8197114779  -2.9784291544
  -2.9398352525   1.0065305800  -3.7561892278
      
      
#  type   0  conf  1.0000
  -2.9398352525   1.0065305800  -3.7561892278
  -2.9508703083   1.0103087240  -3.9268598874
      
      
#  type   0  conf  1.0000
  -2.9508703083   1.0103087240  -3.9268598874
  -2.4317494413   0.8325739252  -4.3584835663
      
      
#  type   0  conf  1.0000
  -2.4317494413   0.8325739252  -4.3584835663
  -1.9478797713   0.6669083086  -4.5876439167
      
      
# 243  norm    -0.3313378885   -0.9435121640   -0.0000000000
# nedges  15 
#  type   0  conf  1.0000
   1.7141606412  -0.6019703709  -4.5788487588
   2.1203942827  -0.7446294718  -4.3720210665
      
      
#  type   0  conf  1.0000
   2.1203942827  -0.7446294718  -4.3720210665
   2.1576329491  -0.7577067607  -4.3488990875
      
      
#  type   0  conf  1.0000
   2.1576329491  -0.7577067607  -4.3488990875
   2.6267929592  -0.9224640293  -3.9511672006
      
      
#  type   0  conf  1.0000
   2.6267929592  -0.9224640293  -3.9511672006
   2.6218105795  -0.9207143421  -3.8096210518
      
      
#  type   0  conf  1.0000
   2.6218105795  -0.9207143421  -3.8096210518
   2.0592549660  -0.7231588720  -3.0604252538
      
      
#  type   0  conf  1.0000
   2.0592549660  -0.7231588720  -3.0604252538
   2.0028599155  -0.7033543399  -2.9883712334
      
      
#  type   0  conf  1.0000
   2.0028599155  -0.7033543399  -2.9883712334
   0.0597971159  -0.0209992525  -1.5487901960
      
      
#  type   0  conf  1.0000
   0.0597971159  -0.0209992525  -1.5487901960
  -0.1941971535   0.0681971863  -1.3833087454
      
      
#  type   0  conf  1.0000
  -0.1941971535   0.0681971863  -1.3833087454
  -0.4492853271   0.1577777768  -1.5445932171
      
      
#  type   0  conf  1.0000
  -0.4492853271   0.1577777768  -1.5445932171
  -2.3917892135   0.8399365879  -2.9796209635
      
      
#  type   0  conf  1.0000
  -2.3917892135   0.8399365879  -2.9796209635
  -2.9410506587   1.0328234784  -3.7568513585
      
      
#  type   0  conf  1.0000
  -2.9410506587   1.0328234784  -3.7568513585
  -2.9482935247   1.0353669918  -3.9298380040
      
      
#  type   0  conf  1.0000
  -2.9482935247   1.0353669918  -3.9298380040
  -2.5596224519   0.8988754261  -4.2507783139
      
      
#  type   0  conf  1.0000
  -2.5596224519   0.8988754261  -4.2507783139
  -2.4256947636   0.8518433695  -4.3599559023
      
      
#  type   0  conf  1.0000
  -2.4256947636   0.8518433695  -4.3599559023
  -1.9425658631   0.6821805757  -4.5917567499
      
      
# 244  norm    -0.3387379202   -0.9408807690    0.0000000000
# nedges  16 
#  type   0  conf  1.0000
   1.7140397141  -0.6170922684  -4.5796604192
   2.1404092025  -0.7705947296  -4.3609505855
      
      
#  type   0  conf  1.0000
   2.1404092025  -0.7705947296  -4.3609505855
   2.6267220567  -0.9456781304  -3.9538028018
      
      
#  type   0  conf  1.0000
   2.6267220567  -0.9456781304  -3.9538028018
   2.6204882578  -0.9434338247  -3.8051155345
      
      
#  type   0  conf  1.0000
   2.6204882578  -0.9434338247  -3.8051155345
   2.0031922506  -0.7211935871  -2.9919091232
      
      
#  type   0  conf  1.0000
   2.0031922506  -0.7211935871  -2.9919091232
   0.0617304909  -0.0222243442  -1.5512108591
      
      
#  type   0  conf  1.0000
   0.0617304909  -0.0222243442  -1.5512108591
  -0.0111487071   0.0040137815  -1.5028218316
      
      
#  type   0  conf  1.0000
  -0.0111487071   0.0040137815  -1.5028218316
  -0.1957091129   0.0704596162  -1.3844874004
      
      
#  type   0  conf  1.0000
  -0.1957091129   0.0704596162  -1.3844874004
  -0.4471345388   0.1609783394  -1.5445968664
      
      
#  type   0  conf  1.0000
  -0.4471345388   0.1609783394  -1.5445968664
  -2.3805354170   0.8570454863  -2.9740838309
      
      
#  type   0  conf  1.0000
  -2.3805354170   0.8570454863  -2.9740838309
  -2.4213338399   0.8717338224  -3.0270709553
      
      
#  type   0  conf  1.0000
  -2.4213338399   0.8717338224  -3.0270709553
  -2.9171661566   1.0502444407  -3.7212583361
      
      
#  type   0  conf  1.0000
  -2.9171661566   1.0502444407  -3.7212583361
  -2.9407417192   1.0587321654  -3.7766184268
      
      
#  type   0  conf  1.0000
  -2.9407417192   1.0587321654  -3.7766184268
  -2.9473896040   1.0611255513  -3.9305387759
      
      
#  type   0  conf  1.0000
  -2.9473896040   1.0611255513  -3.9305387759
  -2.4549686377   0.8838430947  -4.3351843756
      
      
#  type   0  conf  1.0000
  -2.4549686377   0.8838430947  -4.3351843756
  -2.4184940785   0.8707114454  -4.3624445190
      
      
#  type   0  conf  1.0000
  -2.4184940785   0.8707114454  -4.3624445190
  -1.9439701020   0.6998723017  -4.5912311261
      
      
# 245  norm    -0.3461170571   -0.9381913359    0.0000000000
# nedges  15 
#  type   0  conf  1.0000
   1.7168963485  -0.6333965031  -4.5793099682
   2.1393723624  -0.7892561333  -4.3599944023
      
      
#  type   0  conf  1.0000
   2.1393723624  -0.7892561333  -4.3599944023
   2.6252691856  -0.9685129352  -3.9554349641
      
      
#  type   0  conf  1.0000
   2.6252691856  -0.9685129352  -3.9554349641
   2.6207856141  -0.9668588584  -3.8036648787
      
      
#  type   0  conf  1.0000
   2.6207856141  -0.9668588584  -3.8036648787
   2.0061820220  -0.7401196226  -3.0015435424
      
      
#  type   0  conf  1.0000
   2.0061820220  -0.7401196226  -3.0015435424
   1.9873826280  -0.7331841599  -2.9833685900
      
      
#  type   0  conf  1.0000
   1.9873826280  -0.7331841599  -2.9833685900
   0.0605601446  -0.0223418169  -1.5512499386
      
      
#  type   0  conf  1.0000
   0.0605601446  -0.0223418169  -1.5512499386
  -0.1934658602   0.0713733240  -1.3832706882
      
      
#  type   0  conf  1.0000
  -0.1934658602   0.0713733240  -1.3832706882
  -0.4481896658   0.1653458972  -1.5469091926
      
      
#  type   0  conf  1.0000
  -0.4481896658   0.1653458972  -1.5469091926
  -2.3740878819   0.8758472600  -2.9721302807
      
      
#  type   0  conf  1.0000
  -2.3740878819   0.8758472600  -2.9721302807
  -2.3988966965   0.8849997149  -3.0017151779
      
      
#  type   0  conf  1.0000
  -2.3988966965   0.8849997149  -3.0017151779
  -2.9378467252   1.0838288777  -3.7494822850
      
      
#  type   0  conf  1.0000
  -2.9378467252   1.0838288777  -3.7494822850
  -2.9454232271   1.0866239968  -3.9321535445
      
      
#  type   0  conf  1.0000
  -2.9454232271   1.0866239968  -3.9321535445
  -2.4360579302   0.8987092178  -4.3483136298
      
      
#  type   0  conf  1.0000
  -2.4360579302   0.8987092178  -4.3483136298
  -2.4116358646   0.8896994421  -4.3640033767
      
      
#  type   0  conf  1.0000
  -2.4116358646   0.8896994421  -4.3640033767
  -1.9452272434   0.7176322175  -4.5922588521
      
      
# 246  norm    -0.3534748438   -0.9354440308   -0.0000000000
# nedges  17 
#  type   0  conf  1.0000
   1.7160028928  -0.6484234593  -4.5802337459
   2.1270396332  -0.8037413007  -4.3651998851
      
      
#  type   0  conf  1.0000
   2.1270396332  -0.8037413007  -4.3651998851
   2.1633302899  -0.8174543971  -4.3384010060
      
      
#  type   0  conf  1.0000
   2.1633302899  -0.8174543971  -4.3384010060
   2.6114022915  -0.9867666975  -3.9668545805
      
      
#  type   0  conf  1.0000
   2.6114022915  -0.9867666975  -3.9668545805
   2.6239851620  -0.9915213681  -3.9330576631
      
      
#  type   0  conf  1.0000
   2.6239851620  -0.9915213681  -3.9330576631
   2.6194599309  -0.9898114257  -3.8010563283
      
      
#  type   0  conf  1.0000
   2.6194599309  -0.9898114257  -3.8010563283
   2.0014750010  -0.7562943800  -3.0012407469
      
      
#  type   0  conf  1.0000
   2.0014750010  -0.7562943800  -3.0012407469
   1.9692726227  -0.7441261152  -2.9732288155
      
      
#  type   0  conf  1.0000
   1.9692726227  -0.7441261152  -2.9732288155
   0.0590269205  -0.0223044146  -1.5510895273
      
      
#  type   0  conf  1.0000
   0.0590269205  -0.0223044146  -1.5510895273
  -0.1929571945   0.0729124479  -1.3831778903
      
      
#  type   0  conf  1.0000
  -0.1929571945   0.0729124479  -1.3831778903
  -0.4515006300   0.1706078711  -1.5507613361
      
      
#  type   0  conf  1.0000
  -0.4515006300   0.1706078711  -1.5507613361
  -2.3673428222   0.8945443091  -2.9701571615
      
      
#  type   0  conf  1.0000
  -2.3673428222   0.8945443091  -2.9701571615
  -2.4034076347   0.9081720661  -3.0142705550
      
      
#  type   0  conf  1.0000
  -2.4034076347   0.9081720661  -3.0142705550
  -2.9358580983   1.1093683304  -3.7464229731
      
      
#  type   0  conf  1.0000
  -2.9358580983   1.1093683304  -3.7464229731
  -2.9442475887   1.1125384547  -3.9330014559
      
      
#  type   0  conf  1.0000
  -2.9442475887   1.1125384547  -3.9330014559
  -2.4289699001   0.9178312413  -4.3515485548
      
      
#  type   0  conf  1.0000
  -2.4289699001   0.9178312413  -4.3515485548
  -2.4048604754   0.9087210489  -4.3662051919
      
      
#  type   0  conf  1.0000
  -2.4048604754   0.9087210489  -4.3662051919
  -1.9444304919   0.7347390562  -4.5918799040
      
      
# 247  norm    -0.3608108265   -0.9326390231    0.0000000000
# nedges  16 
#  type   0  conf  1.0000
   1.7198887504  -0.6653747764  -4.5787179789
   2.1081646215  -0.8155873823  -4.3735471666
      
      
#  type   0  conf  1.0000
   2.1081646215  -0.8155873823  -4.3735471666
   2.1447136126  -0.8297271205  -4.3508186665
      
      
#  type   0  conf  1.0000
   2.1447136126  -0.8297271205  -4.3508186665
   2.6221212954  -1.0144222237  -3.9584386937
      
      
#  type   0  conf  1.0000
   2.6221212954  -1.0144222237  -3.9584386937
   2.6170216969  -1.0124493378  -3.7974284145
      
      
#  type   0  conf  1.0000
   2.6170216969  -1.0124493378  -3.7974284145
   1.9955291124  -0.7720119901  -3.0006189379
      
      
#  type   0  conf  1.0000
   1.9955291124  -0.7720119901  -3.0006189379
   1.9668047944  -0.7608993896  -2.9747789660
      
      
#  type   0  conf  1.0000
   1.9668047944  -0.7608993896  -2.9747789660
   0.0635000143  -0.0245663028  -1.5551512992
      
      
#  type   0  conf  1.0000
   0.0635000143  -0.0245663028  -1.5551512992
  -0.1924332305   0.0744468023  -1.3831508755
      
      
#  type   0  conf  1.0000
  -0.1924332305   0.0744468023  -1.3831508755
  -0.4533911664   0.1754038137  -1.5538545742
      
      
#  type   0  conf  1.0000
  -0.4533911664   0.1754038137  -1.5538545742
  -2.3669875089   0.9157184057  -2.9728761066
      
      
#  type   0  conf  1.0000
  -2.3669875089   0.9157184057  -2.9728761066
  -2.9292037463   1.1332234642  -3.7369785079
      
      
#  type   0  conf  1.0000
  -2.9292037463   1.1332234642  -3.7369785079
  -2.9413406797   1.1379188896  -3.9074941200
      
      
#  type   0  conf  1.0000
  -2.9413406797   1.1379188896  -3.9074941200
  -2.9289090325   1.1331094480  -3.9435433131
      
      
#  type   0  conf  1.0000
  -2.9289090325   1.1331094480  -3.9435433131
  -2.4581926693   0.9510030212  -4.3250171163
      
      
#  type   0  conf  1.0000
  -2.4581926693   0.9510030212  -4.3250171163
  -2.4099966037   0.9323573696  -4.3624106696
      
      
#  type   0  conf  1.0000
  -2.4099966037   0.9323573696  -4.3624106696
  -1.9499226013   0.7543681616  -4.5884168313
      
      
# 248  norm    -0.3681245527   -0.9297764859    0.0000000000
# nedges  17 
#  type   0  conf  1.0000
   1.7179779531  -0.6801955901  -4.5797780809
   2.1139704795  -0.8369801226  -4.3689195942
      
      
#  type   0  conf  1.0000
   2.1139704795  -0.8369801226  -4.3689195942
   2.1505844059  -0.8514766016  -4.3437984645
      
      
#  type   0  conf  1.0000
   2.1505844059  -0.8514766016  -4.3437984645
   2.6209913289  -1.0377238779  -3.9586255327
      
      
#  type   0  conf  1.0000
   2.6209913289  -1.0377238779  -3.9586255327
   2.6144028383  -1.0351153100  -3.7936778539
      
      
#  type   0  conf  1.0000
   2.6144028383  -1.0351153100  -3.7936778539
   1.9910024452  -0.7882936337  -3.0017520464
      
      
#  type   0  conf  1.0000
   1.9910024452  -0.7882936337  -3.0017520464
   1.9699680815  -0.7799655399  -2.9804421218
      
      
#  type   0  conf  1.0000
   1.9699680815  -0.7799655399  -2.9804421218
   0.0633916657  -0.0250985360  -1.5561186972
      
      
#  type   0  conf  1.0000
   0.0633916657  -0.0250985360  -1.5561186972
  -0.1921238673   0.0760672202  -1.3831742396
      
      
#  type   0  conf  1.0000
  -0.1921238673   0.0760672202  -1.3831742396
  -0.4569249261   0.1809093762  -1.5578535667
      
      
#  type   0  conf  1.0000
  -0.4569249261   0.1809093762  -1.5578535667
  -2.3409271816   0.9268386377  -2.9564859129
      
      
#  type   0  conf  1.0000
  -2.3409271816   0.9268386377  -2.9564859129
  -2.3771797079   0.9411920283  -2.9930161829
      
      
#  type   0  conf  1.0000
  -2.3771797079   0.9411920283  -2.9930161829
  -2.9085797177   1.1515881761  -3.7111217688
      
      
#  type   0  conf  1.0000
  -2.9085797177   1.1515881761  -3.7111217688
  -2.9310687270   1.1604922047  -3.7708247196
      
      
#  type   0  conf  1.0000
  -2.9310687270   1.1604922047  -3.7708247196
  -2.9388982012   1.1635921129  -3.9352612210
      
      
#  type   0  conf  1.0000
  -2.9388982012   1.1635921129  -3.9352612210
  -2.4135110235   0.9555766138  -4.3578980271
      
      
#  type   0  conf  1.0000
  -2.4135110235   0.9555766138  -4.3578980271
  -2.4021558010   0.9510807631  -4.3640973239
      
      
#  type   0  conf  1.0000
  -2.4021558010   0.9510807631  -4.3640973239
  -1.9439042500   0.7696461390  -4.5919394865
      
      
# 249  norm    -0.3754155712   -0.9268565956    0.0000000000
# nedges  17 
#  type   0  conf  1.0000
   1.7114479178  -0.6932077742  -4.5830967278
   2.1070019297  -0.8534236437  -4.3710740892
      
      
#  type   0  conf  1.0000
   2.1070019297  -0.8534236437  -4.3710740892
   2.1456103437  -0.8690616613  -4.3450842097
      
      
#  type   0  conf  1.0000
   2.1456103437  -0.8690616613  -4.3450842097
   2.6176410715  -1.0602537898  -3.9614825770
      
      
#  type   0  conf  1.0000
   2.6176410715  -1.0602537898  -3.9614825770
   2.6138580866  -1.0587215232  -3.8280702494
      
      
#  type   0  conf  1.0000
   2.6138580866  -1.0587215232  -3.8280702494
   2.5992428618  -1.0528017477  -3.7753972071
      
      
#  type   0  conf  1.0000
   2.5992428618  -1.0528017477  -3.7753972071
   1.9864710855  -0.8046036256  -3.0026544463
      
      
#  type   0  conf  1.0000
   1.9864710855  -0.8046036256  -3.0026544463
   1.9421194586  -0.7866393673  -2.9613499416
      
      
#  type   0  conf  1.0000
   1.9421194586  -0.7866393673  -2.9613499416
  -0.0231054393   0.0093586664  -1.4953583591
      
      
#  type   0  conf  1.0000
  -0.0231054393   0.0093586664  -1.4953583591
  -0.1947729263   0.0788911572  -1.3854161542
      
      
#  type   0  conf  1.0000
  -0.1947729263   0.0788911572  -1.3854161542
  -0.4531323211   0.1835374857  -1.5567025490
      
      
#  type   0  conf  1.0000
  -0.4531323211   0.1835374857  -1.5567025490
  -2.3233409366   0.9410499628  -2.9463644400
      
      
#  type   0  conf  1.0000
  -2.3233409366   0.9410499628  -2.9463644400
  -2.3682623558   0.9592450108  -2.9890038912
      
      
#  type   0  conf  1.0000
  -2.3682623558   0.9592450108  -2.9890038912
  -2.9248730633   1.1846955581  -3.7347074015
      
      
#  type   0  conf  1.0000
  -2.9248730633   1.1846955581  -3.7347074015
  -2.9367460319   1.1895046055  -3.9342939336
      
      
#  type   0  conf  1.0000
  -2.9367460319   1.1895046055  -3.9342939336
  -2.4311803278   0.9847294132  -4.3407121975
      
      
#  type   0  conf  1.0000
  -2.4311803278   0.9847294132  -4.3407121975
  -2.3948192656   0.9700016667  -4.3659486184
      
      
#  type   0  conf  1.0000
  -2.3948192656   0.9700016667  -4.3659486184
  -1.9492945766   0.7895455893  -4.5883503083
      
      
# 250  norm    -0.3826834324   -0.9238795325    0.0000000000
# nedges  13 
#  type   0  conf  1.0000
   1.7190133068  -0.7120386256  -4.5795725728
   2.1210916444  -0.8785849262  -4.3612377713
      
      
#  type   0  conf  1.0000
   2.1210916444  -0.8785849262  -4.3612377713
   2.6148750372  -1.0831167043  -3.9642151262
      
      
#  type   0  conf  1.0000
   2.6148750372  -1.0831167043  -3.9642151262
   2.6105092290  -1.0813083273  -3.7904179379
      
      
#  type   0  conf  1.0000
   2.6105092290  -1.0813083273  -3.7904179379
   1.9786562960  -0.8195862731  -3.0001468241
      
      
#  type   0  conf  1.0000
   1.9786562960  -0.8195862731  -3.0001468241
   1.9086699430  -0.7905969765  -2.9397187854
      
      
#  type   0  conf  1.0000
   1.9086699430  -0.7905969765  -2.9397187854
  -0.0355843262   0.0147395105  -1.4866437396
      
      
#  type   0  conf  1.0000
  -0.0355843262   0.0147395105  -1.4866437396
  -0.1940076537   0.0803606014  -1.3859297489
      
      
#  type   0  conf  1.0000
  -0.1940076537   0.0803606014  -1.3859297489
  -0.4512584331   0.1869173631  -1.5570694742
      
      
#  type   0  conf  1.0000
  -0.4512584331   0.1869173631  -1.5570694742
  -2.3423092871   0.9702162740  -2.9629296160
      
      
#  type   0  conf  1.0000
  -2.3423092871   0.9702162740  -2.9629296160
  -2.9223906537   1.2104938433  -3.7334765603
      
      
#  type   0  conf  1.0000
  -2.9223906537   1.2104938433  -3.7334765603
  -2.9323808158   1.2146319039  -3.9374255948
      
      
#  type   0  conf  1.0000
  -2.9323808158   1.2146319039  -3.9374255948
  -2.3999620820   0.9940968436  -4.3614395453
      
      
#  type   0  conf  1.0000
  -2.3999620820   0.9940968436  -4.3614395453
  -1.9481236314   0.8069392293  -4.5877773791
      
      
# 251  norm    -0.3899276878   -0.9208454801   -0.0000000000
# nedges  14 
#  type   0  conf  1.0000
   1.7124361139  -0.7251230188  -4.5829865267
   2.1184874780  -0.8970635592  -4.3604352626
      
      
#  type   0  conf  1.0000
   2.1184874780  -0.8970635592  -4.3604352626
   2.6123398271  -1.1061830138  -3.9651408632
      
      
#  type   0  conf  1.0000
   2.6123398271  -1.1061830138  -3.9651408632
   2.6077628190  -1.1042449013  -3.7883313311
      
      
#  type   0  conf  1.0000
   2.6077628190  -1.1042449013  -3.7883313311
   1.9724019142  -0.8352043143  -2.9998743021
      
      
#  type   0  conf  1.0000
   1.9724019142  -0.8352043143  -2.9998743021
   1.8667158350  -0.7904520411  -2.9114192200
      
      
#  type   0  conf  1.0000
   1.8667158350  -0.7904520411  -2.9114192200
  -0.0462608770   0.0195889508  -1.4793109544
      
      
#  type   0  conf  1.0000
  -0.0462608770   0.0195889508  -1.4793109544
  -0.1936492194   0.0819998512  -1.3854660367
      
      
#  type   0  conf  1.0000
  -0.1936492194   0.0819998512  -1.3854660367
  -0.4539901523   0.1922399949  -1.5608829912
      
      
#  type   0  conf  1.0000
  -0.4539901523   0.1922399949  -1.5608829912
  -2.0804602801   0.8809611211  -2.7706571496
      
      
#  type   0  conf  1.0000
  -2.0804602801   0.8809611211  -2.7706571496
  -2.3457389227   0.9932921147  -2.9751944622
      
      
#  type   0  conf  1.0000
  -2.3457389227   0.9932921147  -2.9751944622
  -2.9203453225   1.2366064923  -3.7344229596
      
      
#  type   0  conf  1.0000
  -2.9203453225   1.2366064923  -3.7344229596
  -2.9276983776   1.2397201089  -3.9405219882
      
      
#  type   0  conf  1.0000
  -2.9276983776   1.2397201089  -3.9405219882
  -2.3957507524   1.0144693888  -4.3608050434
      
      
#  type   0  conf  1.0000
  -2.3957507524   1.0144693888  -4.3608050434
  -1.9473960433   0.8246156958  -4.5885518270
      
      
# 252  norm    -0.3971478906   -0.9177546257    0.0000000000
# nedges  16 
#  type   0  conf  1.0000
   1.7187428242  -0.7437664361  -4.5794920030
   2.1126988975  -0.9142464524  -4.3614130994
      
      
#  type   0  conf  1.0000
   2.1126988975  -0.9142464524  -4.3614130994
   2.6104813473  -1.1296561538  -3.9660669275
      
      
#  type   0  conf  1.0000
   2.6104813473  -1.1296561538  -3.9660669275
   2.6033603086  -1.1265746052  -3.7832464054
      
      
#  type   0  conf  1.0000
   2.6033603086  -1.1265746052  -3.7832464054
   1.9573386249  -0.8470160589  -2.9895349161
      
      
#  type   0  conf  1.0000
   1.9573386249  -0.8470160589  -2.9895349161
   1.7062276099  -0.7383506193  -2.7939365698
      
      
#  type   0  conf  1.0000
   1.7062276099  -0.7383506193  -2.7939365698
  -0.1260515228   0.0545473648  -1.4203725681
      
      
#  type   4  conf  0.0000
#  type   0  conf  1.0000
  -0.2007203053   0.0868594324  -1.3907661402
  -0.4605358601   0.1992916628  -1.5675156702
      
      
#  type   0  conf  1.0000
  -0.4605358601   0.1992916628  -1.5675156702
  -2.1271768367   0.9205116161  -2.8078383024
      
      
#  type   0  conf  1.0000
  -2.1271768367   0.9205116161  -2.8078383024
  -2.3372592310   1.0114223862  -2.9738785281
      
      
#  type   0  conf  1.0000
  -2.3372592310   1.0114223862  -2.9738785281
  -2.9028056220   1.2561561636  -3.7122770161
      
      
#  type   0  conf  1.0000
  -2.9028056220   1.2561561636  -3.7122770161
  -2.9180859730   1.2627685619  -3.7706505668
      
      
#  type   0  conf  1.0000
  -2.9180859730   1.2627685619  -3.7706505668
  -2.9242673869   1.2654434986  -3.9400910925
      
      
#  type   0  conf  1.0000
  -2.9242673869   1.2654434986  -3.9400910925
  -2.4067054786   1.0414744611  -4.3487342204
      
      
#  type   0  conf  1.0000
  -2.4067054786   1.0414744611  -4.3487342204
  -2.3829056456   1.0311753537  -4.3646220514
      
      
#  type   0  conf  1.0000
  -2.3829056456   1.0311753537  -4.3646220514
  -1.9420040996   0.8403802173  -4.5912322274
      
      
# 253  norm    -0.4043435955   -0.9146071598    0.0000000000
# nedges  16 
#  type   0  conf  1.0000
   1.7131479244  -0.7573747745  -4.5823674889
   2.0917931075  -0.9247720588  -4.3705143592
      
      
#  type   0  conf  1.0000
   2.0917931075  -0.9247720588  -4.3705143592
   2.1277347488  -0.9406616922  -4.3468489379
      
      
#  type   0  conf  1.0000
   2.1277347488  -0.9406616922  -4.3468489379
   2.6064332584  -1.1522920895  -3.9661867327
      
      
#  type   0  conf  1.0000
   2.6064332584  -1.1522920895  -3.9661867327
   2.6020863137  -1.1503703253  -3.8180788893
      
      
#  type   0  conf  1.0000
   2.6020863137  -1.1503703253  -3.8180788893
   2.5882910198  -1.1442714897  -3.7648245281
      
      
#  type   0  conf  1.0000
   2.5882910198  -1.1442714897  -3.7648245281
   1.9500207387  -0.8620951502  -2.9893896663
      
      
#  type   0  conf  1.0000
   1.9500207387  -0.8620951502  -2.9893896663
   1.7958446190  -0.7939346008  -2.8637523911
      
      
#  type   0  conf  1.0000
   1.7958446190  -0.7939346008  -2.8637523911
  -0.1070752268   0.0473374626  -1.4352867046
      
      
#  type   4  conf  0.0000
#  type   0  conf  1.0000
  -0.2045546407   0.0904326606  -1.3839916344
  -2.1012322947   0.9289450798  -2.7866114660
      
      
#  type   0  conf  1.0000
  -2.1012322947   0.9289450798  -2.7866114660
  -2.3284400122   1.0293925610  -2.9717971460
      
      
#  type   0  conf  1.0000
  -2.3284400122   1.0293925610  -2.9717971460
  -2.9077239506   1.2854913111  -3.7222548474
      
      
#  type   0  conf  1.0000
  -2.9077239506   1.2854913111  -3.7222548474
  -2.9224293370   1.2919924944  -3.9383286719
      
      
#  type   0  conf  1.0000
  -2.9224293370   1.2919924944  -3.9383286719
  -2.3988017438   1.0604991571  -4.3509223752
      
      
#  type   0  conf  1.0000
  -2.3988017438   1.0604991571  -4.3509223752
  -2.3746893990   1.0498392010  -4.3661681163
      
      
#  type   0  conf  1.0000
  -2.3746893990   1.0498392010  -4.3661681163
  -1.9401964318   0.8577518696  -4.5915893948
      
      
# 254  norm    -0.4115143586   -0.9114032766   -0.0000000000
# nedges  17 
#  type   0  conf  1.0000
   1.7174525427  -0.7754595574  -4.5795272024
   2.0844786930  -0.9411782186  -4.3721821577
      
      
#  type   0  conf  1.0000
   2.0844786930  -0.9411782186  -4.3721821577
   2.1232279254  -0.9586741679  -4.3465969219
      
      
#  type   0  conf  1.0000
   2.1232279254  -0.9586741679  -4.3465969219
   2.6046692283  -1.1760532515  -3.9664046822
      
      
#  type   0  conf  1.0000
   2.6046692283  -1.1760532515  -3.9664046822
   2.5932159785  -1.1708819109  -3.7737100911
      
      
#  type   0  conf  1.0000
   2.5932159785  -1.1708819109  -3.7737100911
   1.9169783455  -0.8655489118  -2.9575730916
      
      
#  type   0  conf  1.0000
   1.9169783455  -0.8655489118  -2.9575730916
  -0.1250398066   0.0564576375  -1.4222093248
      
      
#  type   4  conf  0.0000
#  type   0  conf  1.0000
  -0.2031763862   0.0917376560  -1.3850655185
  -1.6465923821   0.7434649681  -2.4520424031
      
      
#  type   0  conf  1.0000
  -1.6465923821   0.7434649681  -2.4520424031
  -2.1175924858   0.9561296694  -2.8018084070
      
      
#  type   0  conf  1.0000
  -2.1175924858   0.9561296694  -2.8018084070
  -2.3089306160   1.0425221479  -2.9618752601
      
      
#  type   0  conf  1.0000
  -2.3089306160   1.0425221479  -2.9618752601
  -2.3410244747   1.0570130807  -2.9961854982
      
      
#  type   0  conf  1.0000
  -2.3410244747   1.0570130807  -2.9961854982
  -2.8941541420   1.3067607019  -3.7107057139
      
      
#  type   0  conf  1.0000
  -2.8941541420   1.3067607019  -3.7107057139
  -2.9088208474   1.3133829733  -3.7636062741
      
      
#  type   0  conf  1.0000
  -2.9088208474   1.3133829733  -3.7636062741
  -2.9153839226   1.3163463154  -3.9427322192
      
      
#  type   0  conf  1.0000
  -2.9153839226   1.3163463154  -3.9427322192
  -2.3839319290   1.0763865392  -4.3575906812
      
      
#  type   0  conf  1.0000
  -2.3839319290   1.0763865392  -4.3575906812
  -2.3663459120   1.0684461480  -4.3672849729
      
      
#  type   0  conf  1.0000
  -2.3663459120   1.0684461480  -4.3672849729
  -1.9379569780   0.8750211276  -4.5926253596
      
      
# 255  norm    -0.4186597375   -0.9081431738    0.0000000000
# nedges  14 
#  type   0  conf  1.0000
   1.7184725518  -0.7922266976  -4.5782774321
   2.0972248877  -0.9668339160  -4.3618674686
      
      
#  type   0  conf  1.0000
   2.0972248877  -0.9668339160  -4.3618674686
   2.5960222045  -1.1967826287  -3.9725491038
      
      
#  type   0  conf  1.0000
   2.5960222045  -1.1967826287  -3.9725491038
   2.5953608769  -1.1964777525  -3.8257689275
      
      
#  type   0  conf  1.0000
   2.5953608769  -1.1964777525  -3.8257689275
   2.5838025620  -1.1911492963  -3.7659029711
      
      
#  type   0  conf  1.0000
   2.5838025620  -1.1911492963  -3.7659029711
   1.9040209652  -0.8777656878  -2.9507870326
      
      
#  type   0  conf  1.0000
   1.9040209652  -0.8777656878  -2.9507870326
  -0.1730434750   0.0797741347  -1.3862597559
      
      
#  type   4  conf  0.0000
#  type   0  conf  1.0000
  -0.2377439320   0.1096014539  -1.4123187304
  -2.0881959903   0.9626715373  -2.7807652658
      
      
#  type   0  conf  1.0000
  -2.0881959903   0.9626715373  -2.7807652658
  -2.1378043128   0.9855412872  -2.8215912070
      
      
#  type   0  conf  1.0000
  -2.1378043128   0.9855412872  -2.8215912070
  -2.3155156151   1.0674673197  -2.9740120361
      
      
#  type   0  conf  1.0000
  -2.3155156151   1.0674673197  -2.9740120361
  -2.8990275270   1.3364699956  -3.7210230889
      
      
#  type   0  conf  1.0000
  -2.8990275270   1.3364699956  -3.7210230889
  -2.9116585848   1.3422929930  -3.9416196324
      
      
#  type   0  conf  1.0000
  -2.9116585848   1.3422929930  -3.9416196324
  -2.3741838749   1.0945137580  -4.3607025562
      
      
#  type   0  conf  1.0000
  -2.3741838749   1.0945137580  -4.3607025562
  -1.9410345983   0.8948292064  -4.5879988239
      
      
# 256  norm    -0.4257792916   -0.9048270525    0.0000000000
# nedges  14 
#  type   0  conf  1.0000
   1.7166498971  -0.8077941249  -4.5786021073
   2.0925553350  -0.9846817971  -4.3614172933
      
      
#  type   0  conf  1.0000
   2.0925553350  -0.9846817971  -4.3614172933
   2.5938747555  -1.2205848099  -3.9715506287
      
      
#  type   0  conf  1.0000
   2.5938747555  -1.2205848099  -3.9715506287
   2.5878106276  -1.2177312479  -3.7761712026
      
      
#  type   0  conf  1.0000
   2.5878106276  -1.2177312479  -3.7761712026
   1.9280310595  -0.9072625496  -2.9875263570
      
      
#  type   0  conf  1.0000
   1.9280310595  -0.9072625496  -2.9875263570
   1.7621912429  -0.8292242556  -2.8464756847
      
      
#  type   0  conf  1.0000
   1.7621912429  -0.8292242556  -2.8464756847
   0.2387496906  -0.1123470765  -1.6972452497
      
      
#  type   0  conf  1.0000
   0.2387496906  -0.1123470765  -1.6972452497
  -0.1932068788   0.0909162561  -1.3810198283
      
      
#  type   0  conf  1.0000
  -0.1932068788   0.0909162561  -1.3810198283
  -1.7998697116   0.8469543971  -2.5694761140
      
      
#  type   0  conf  1.0000
  -1.7998697116   0.8469543971  -2.5694761140
  -2.1156139189   0.9955323431  -2.8043646656
      
      
#  type   0  conf  1.0000
  -2.1156139189   0.9955323431  -2.8043646656
  -2.3089561838   1.0865123070  -2.9755908706
      
      
#  type   0  conf  1.0000
  -2.3089561838   1.0865123070  -2.9755908706
  -2.8949109405   1.3622416859  -3.7214497919
      
      
#  type   0  conf  1.0000
  -2.8949109405   1.3622416859  -3.7214497919
  -2.9060978087   1.3675058265  -3.9420967231
      
      
#  type   0  conf  1.0000
  -2.9060978087   1.3675058265  -3.9420967231
  -2.3685703032   1.1145645822  -4.3604485237
      
      
#  type   0  conf  1.0000
  -2.3685703032   1.1145645822  -4.3604485237
  -1.9380422981   0.9119734810  -4.5881193315
      
      
# 257  norm    -0.4328725815   -0.9014551171    0.0000000000
# nedges  17 
#  type   0  conf  1.0000
   1.7119165598  -0.8220506230  -4.5802258844
   2.0866039854  -1.0019729620  -4.3616534480
      
      
#  type   0  conf  1.0000
   2.0866039854  -1.0019729620  -4.3616534480
   2.5882152721  -1.2428432710  -3.9735034667
      
      
#  type   0  conf  1.0000
   2.5882152721  -1.2428432710  -3.9735034667
   2.5845573897  -1.2410867809  -3.7763313445
      
      
#  type   0  conf  1.0000
   2.5845573897  -1.2410867809  -3.7763313445
   1.9331545491  -0.9282875922  -3.0026695165
      
      
#  type   0  conf  1.0000
   1.9331545491  -0.9282875922  -3.0026695165
   1.9073749835  -0.9159084211  -2.9763140089
      
      
#  type   0  conf  1.0000
   1.9073749835  -0.9159084211  -2.9763140089
   1.7523280563  -0.8414559471  -2.8386658550
      
      
#  type   0  conf  1.0000
   1.7523280563  -0.8414559471  -2.8386658550
  -0.1715582173   0.0823810825  -1.3894455383
      
      
#  type   4  conf  0.0000
#  type   0  conf  1.0000
  -0.2128362699   0.1022025211  -1.3971570818
  -2.0823240370   0.9999177600  -2.7804305656
      
      
#  type   0  conf  1.0000
  -2.0823240370   0.9999177600  -2.7804305656
  -2.1304319712   1.0230188610  -2.8202894277
      
      
#  type   0  conf  1.0000
  -2.1304319712   1.0230188610  -2.8202894277
  -2.2925745722   1.1008786290  -2.9682201314
      
      
#  type   0  conf  1.0000
  -2.2925745722   1.1008786290  -2.9682201314
  -2.3390592714   1.1232002636  -3.0234378447
      
      
#  type   0  conf  1.0000
  -2.3390592714   1.1232002636  -3.0234378447
  -2.8904458915   1.3879723472  -3.7226903194
      
      
#  type   0  conf  1.0000
  -2.8904458915   1.3879723472  -3.7226903194
  -2.8986853343   1.3919288713  -3.9449082503
      
      
#  type   0  conf  1.0000
  -2.8986853343   1.3919288713  -3.9449082503
  -2.3638637559   1.1351112074  -4.3585577976
      
      
#  type   0  conf  1.0000
  -2.3638637559   1.1351112074  -4.3585577976
  -2.3522720584   1.1295449535  -4.3650977365
      
      
#  type   0  conf  1.0000
  -2.3522720584   1.1295449535  -4.3650977365
  -1.9303594320   0.9269453961  -4.5921862239
      
      
# 258  norm    -0.4399391699   -0.8980275758    0.0000000000
# nedges  17 
#  type   0  conf  1.0000
   1.7049906907  -0.8352663207  -4.5831864926
   2.0767008494  -1.0173652485  -4.3640037247
      
      
#  type   0  conf  1.0000
   2.0767008494  -1.0173652485  -4.3640037247
   2.1342104336  -1.0455389030  -4.3207472869
      
      
#  type   0  conf  1.0000
   2.1342104336  -1.0455389030  -4.3207472869
   2.5840570848  -1.2659165035  -3.9726339276
      
      
#  type   0  conf  1.0000
   2.5840570848  -1.2659165035  -3.9726339276
   2.5787921308  -1.2633372291  -3.7731226442
      
      
#  type   0  conf  1.0000
   2.5787921308  -1.2633372291  -3.7731226442
   1.9243423449  -0.9427255873  -3.0018781692
      
      
#  type   0  conf  1.0000
   1.9243423449  -0.9427255873  -3.0018781692
   1.8995459768  -0.9305779719  -2.9761352383
      
      
#  type   0  conf  1.0000
   1.8995459768  -0.9305779719  -2.9761352383
   1.7629437727  -0.8636572426  -2.8504918405
      
      
#  type   0  conf  1.0000
   1.7629437727  -0.8636572426  -2.8504918405
   1.5775662189  -0.7728417161  -2.7088219948
      
      
#  type   0  conf  1.0000
   1.5775662189  -0.7728417161  -2.7088219948
  -0.1709826984   0.0837635596  -1.3903549551
      
      
#  type   4  conf  0.0000
#  type   0  conf  1.0000
  -0.2091371372   0.1024552263  -1.3955006805
  -2.1026803774   1.0300924879  -2.7980759270
      
      
#  type   0  conf  1.0000
  -2.1026803774   1.0300924879  -2.7980759270
  -2.2924992015   1.1230837703  -2.9759468159
      
      
#  type   0  conf  1.0000
  -2.2924992015   1.1230837703  -2.9759468159
  -2.8820684928   1.4119107858  -3.7170242095
      
      
#  type   0  conf  1.0000
  -2.8820684928   1.4119107858  -3.7170242095
  -2.8943910834   1.4179475607  -3.9440552416
      
      
#  type   0  conf  1.0000
  -2.8943910834   1.4179475607  -3.9440552416
  -2.3663719366   1.1592736498  -4.3511618671
      
      
#  type   0  conf  1.0000
  -2.3663719366   1.1592736498  -4.3511618671
  -2.3432743951   1.1479582809  -4.3658991167
      
      
#  type   0  conf  1.0000
  -2.3432743951   1.1479582809  -4.3658991167
  -1.9270318658   0.9440431700  -4.5926988352
      
      
# 259  norm    -0.4469786207   -0.8945446398    0.0000000000
# nedges  15 
#  type   0  conf  1.0000
   1.7104525865  -0.8546647130  -4.5785322769
   2.0760721250  -1.0373544410  -4.3608228911
      
      
#  type   0  conf  1.0000
   2.0760721250  -1.0373544410  -4.3608228911
   2.5798430803  -1.2890745193  -3.9735627715
      
      
#  type   0  conf  1.0000
   2.5798430803  -1.2890745193  -3.9735627715
   2.5731120049  -1.2857111916  -3.7705457372
      
      
#  type   0  conf  1.0000
   2.5731120049  -1.2857111916  -3.7705457372
   1.9396244137  -0.9691753843  -3.0292266076
      
      
#  type   0  conf  1.0000
   1.9396244137  -0.9691753843  -3.0292266076
   1.9036332202  -0.9511916042  -2.9878629950
      
      
#  type   0  conf  1.0000
   1.9036332202  -0.9511916042  -2.9878629950
   1.7535084997  -0.8761785334  -2.8440994546
      
      
#  type   0  conf  1.0000
   1.7535084997  -0.8761785334  -2.8440994546
  -0.1848797035   0.0923791516  -1.3790207073
      
      
#  type   0  conf  1.0000
  -0.1848797035   0.0923791516  -1.3790207073
  -2.0998591692   1.0492401533  -2.7982861996
      
      
#  type   0  conf  1.0000
  -2.0998591692   1.0492401533  -2.7982861996
  -2.2709052684   1.1347070446  -2.9641757064
      
      
#  type   0  conf  1.0000
  -2.2709052684   1.1347070446  -2.9641757064
  -2.2947195355   1.1466063594  -2.9892368599
      
      
#  type   0  conf  1.0000
  -2.2947195355   1.1466063594  -2.9892368599
  -2.8780291509   1.4380696534  -3.7193536882
      
      
#  type   0  conf  1.0000
  -2.8780291509   1.4380696534  -3.7193536882
  -2.8864894723   1.4422970364  -3.9461220000
      
      
#  type   0  conf  1.0000
  -2.8864894723   1.4422970364  -3.9461220000
  -2.3478449405   1.1731516196  -4.3600114953
      
      
#  type   3  conf  0.0000
#  type   0  conf  1.0000
  -2.3342185242   1.1663428853  -4.3669121761
  -1.9239095850   0.9613231295  -4.5929568052
      
      
# 260  norm    -0.4539904997   -0.8910065242    0.0000000000
# nedges  14 
#  type   0  conf  1.0000
   1.7032719694  -0.8678604158  -4.5815517734
   2.0679534772  -1.0536749250  -4.3619745025
      
      
#  type   0  conf  1.0000
   2.0679534772  -1.0536749250  -4.3619745025
   2.5739898611  -1.3115133410  -3.9748617122
      
      
#  type   0  conf  1.0000
   2.5739898611  -1.3115133410  -3.9748617122
   2.5684626814  -1.3086971023  -3.7690943532
      
      
#  type   0  conf  1.0000
   2.5684626814  -1.3086971023  -3.7690943532
   1.8953324846  -0.9657201362  -2.9875229983
      
      
#  type   0  conf  1.0000
   1.8953324846  -0.9657201362  -2.9875229983
   1.7505948974  -0.8919726520  -2.8442307344
      
      
#  type   0  conf  1.0000
   1.7505948974  -0.8919726520  -2.8442307344
  -0.1610957463   0.0820823825  -1.3967333360
      
      
#  type   4  conf  0.0000
#  type   0  conf  1.0000
  -0.1981645593   0.1009698862  -1.3899747883
  -2.0979085922   1.0689378185  -2.7996787024
      
      
#  type   0  conf  1.0000
  -2.0979085922   1.0689378185  -2.7996787024
  -2.2754130802   1.1593808725  -2.9767057897
      
      
#  type   0  conf  1.0000
  -2.2754130802   1.1593808725  -2.9767057897
  -2.8702571201   1.4624690493  -3.7161614462
      
      
#  type   0  conf  1.0000
  -2.8702571201   1.4624690493  -3.7161614462
  -2.8809913132   1.4679383939  -3.9444828576
      
      
#  type   0  conf  1.0000
  -2.8809913132   1.4679383939  -3.9444828576
  -2.3750161693   1.2101311812  -4.3339131171
      
      
#  type   0  conf  1.0000
  -2.3750161693   1.2101311812  -4.3339131171
  -2.3368587375   1.1906889986  -4.3621600614
      
      
#  type   0  conf  1.0000
  -2.3368587375   1.1906889986  -4.3621600614
  -1.9206100209   0.9785996842  -4.5914220778
      
      
# 261  norm    -0.4609743745   -0.8874134471   -0.0000000000
# nedges  14 
#  type   0  conf  1.0000
   1.7053575253  -0.8858623015  -4.5789172047
   2.0603306380  -1.0702560687  -4.3626039692
      
      
#  type   0  conf  1.0000
   2.0603306380  -1.0702560687  -4.3626039692
   2.5699971042  -1.3350065988  -3.9745040010
      
      
#  type   0  conf  1.0000
   2.5699971042  -1.3350065988  -3.9745040010
   2.5599722902  -1.3297991249  -3.7635078560
      
      
#  type   0  conf  1.0000
   2.5599722902  -1.3297991249  -3.7635078560
   1.8864116552  -0.9799123912  -2.9871997061
      
      
#  type   0  conf  1.0000
   1.8864116552  -0.9799123912  -2.9871997061
   1.7466715266  -0.9073232067  -2.8437678449
      
      
#  type   0  conf  1.0000
   1.7466715266  -0.9073232067  -2.8437678449
  -0.1828395737   0.0949775535  -1.3798433106
      
      
#  type   0  conf  1.0000
  -0.1828395737   0.0949775535  -1.3798433106
  -2.0855159440   1.0833387877  -2.7931870944
      
      
#  type   0  conf  1.0000
  -2.0855159440   1.0833387877  -2.7931870944
  -2.1133820979   1.0978140955  -2.8198107197
      
      
#  type   0  conf  1.0000
  -2.1133820979   1.0978140955  -2.8198107197
  -2.2666054357   1.1774072463  -2.9777518000
      
      
#  type   0  conf  1.0000
  -2.2666054357   1.1774072463  -2.9777518000
  -2.8636543597   1.4875493286  -3.7151211664
      
      
#  type   0  conf  1.0000
  -2.8636543597   1.4875493286  -3.7151211664
  -2.8734957168   1.4926615043  -3.9467465652
      
      
#  type   0  conf  1.0000
  -2.8734957168   1.4926615043  -3.9467465652
  -2.3522595426   1.2219009921  -4.3449116793
      
      
#  type   0  conf  1.0000
  -2.3522595426   1.2219009921  -4.3449116793
  -2.3271387314   1.2088517756  -4.3625215143
      
      
#  type   0  conf  1.0000
  -2.3271387314   1.2088517756  -4.3625215143
  -1.9175324187   0.9960783334  -4.5923616342
      
      
# 262  norm    -0.4679298143   -0.8837656301    0.0000000000
# nedges  12 
#  type   0  conf  1.0000
   1.7012277832  -0.9007537446  -4.5798460119
   2.0565732683  -1.0888994940  -4.3602506419
      
      
#  type   0  conf  1.0000
   2.0565732683  -1.0888994940  -4.3602506419
   2.5630893071  -1.3570859316  -3.9755330291
      
      
#  type   0  conf  1.0000
   2.5630893071  -1.3570859316  -3.9755330291
   2.5572152301  -1.3539757679  -3.7648939418
      
      
#  type   0  conf  1.0000
   2.5572152301  -1.3539757679  -3.7648939418
   1.8703517787  -0.9903002907  -2.9801685536
      
      
#  type   0  conf  1.0000
   1.8703517787  -0.9903002907  -2.9801685536
   1.7441944094  -0.9235034021  -2.8447640789
      
      
#  type   0  conf  1.0000
   1.7441944094  -0.9235034021  -2.8447640789
  -0.1822475084   0.0964950885  -1.3797341984
      
      
#  type   0  conf  1.0000
  -0.1822475084   0.0964950885  -1.3797341984
  -2.0912115133   1.1072395007  -2.8008236855
      
      
#  type   0  conf  1.0000
  -2.0912115133   1.1072395007  -2.8008236855
  -2.2612540677   1.1972723988  -2.9826032058
      
      
#  type   0  conf  1.0000
  -2.2612540677   1.1972723988  -2.9826032058
  -2.8566396809   1.5125128539  -3.7144599089
      
      
#  type   0  conf  1.0000
  -2.8566396809   1.5125128539  -3.7144599089
  -2.8656665632   1.5172923420  -3.9481803247
      
      
#  type   0  conf  1.0000
  -2.8656665632   1.5172923420  -3.9481803247
  -2.3222430065   1.2295643796  -4.3614164495
      
      
#  type   0  conf  1.0000
  -2.3222430065   1.2295643796  -4.3614164495
  -1.9187144047   1.0159069831  -4.5881341212
      
      
# 263  norm    -0.4748563899   -0.8800632983    0.0000000000
# nedges  12 
#  type   0  conf  1.0000
   1.6938047809  -0.9139274697  -4.5825241695
   2.0448373595  -1.1033343718  -4.3632846351
      
      
#  type   0  conf  1.0000
   2.0448373595  -1.1033343718  -4.3632846351
   2.5558128606  -1.3790417922  -3.9775232948
      
      
#  type   0  conf  1.0000
   2.5558128606  -1.3790417922  -3.9775232948
   2.5504975626  -1.3761738130  -3.7632569805
      
      
#  type   0  conf  1.0000
   2.5504975626  -1.3761738130  -3.7632569805
   1.7558313280  -0.9473951786  -2.8568919863
      
      
#  type   0  conf  1.0000
   1.7558313280  -0.9473951786  -2.8568919863
  -0.1811492946   0.0977428558  -1.3796264583
      
      
#  type   0  conf  1.0000
  -0.1811492946   0.0977428558  -1.3796264583
  -2.0871321789   1.1261554181  -2.8016227947
      
      
#  type   0  conf  1.0000
  -2.0871321789   1.1261554181  -2.8016227947
  -2.2507965780   1.2144639362  -2.9821607734
      
      
#  type   0  conf  1.0000
  -2.2507965780   1.2144639362  -2.9821607734
  -2.8470089966   1.5361627018  -3.7106792135
      
      
#  type   0  conf  1.0000
  -2.8470089966   1.5361627018  -3.7106792135
  -2.8585371268   1.5423829433  -3.9459761038
      
      
#  type   0  conf  1.0000
  -2.8585371268   1.5423829433  -3.9459761038
  -2.3308651868   1.2576666133  -4.3490362477
      
      
#  type   0  conf  1.0000
  -2.3308651868   1.2576666133  -4.3490362477
  -2.3083043909   1.2454934684  -4.3640960584
      
      
#  type   0  conf  1.0000
  -2.3083043909   1.2454934684  -4.3640960584
  -1.9084423659   1.0297396266  -4.5928799956
      
      
# 264  norm    -0.4817536741   -0.8763066800    0.0000000000
# nedges  12 
#  type   0  conf  1.0000
   1.6972302537  -0.9330602278  -4.5780805955
   2.0406113940  -1.1218356072  -4.3610863717
      
      
#  type   0  conf  1.0000
   2.0406113940  -1.1218356072  -4.3610863717
   2.5514666280  -1.4026806486  -3.9754670184
      
      
#  type   0  conf  1.0000
   2.5514666280  -1.4026806486  -3.9754670184
   2.5428183515  -1.3979262184  -3.7611323413
      
      
#  type   0  conf  1.0000
   2.5428183515  -1.3979262184  -3.7611323413
   1.7544271305  -0.9645044769  -2.8600137019
      
      
#  type   0  conf  1.0000
   1.7544271305  -0.9645044769  -2.8600137019
  -0.1583436310   0.0870501478  -1.3955531103
      
      
#  type   4  conf  0.0000
#  type   0  conf  1.0000
  -0.1947905459   0.1070870088  -1.3904404781
  -2.0738988824   1.1401355588  -2.7953364514
      
      
#  type   0  conf  1.0000
  -2.0738988824   1.1401355588  -2.7953364514
  -2.1696677202   1.1927849229  -2.8987371936
      
      
#  type   0  conf  1.0000
  -2.1696677202   1.1927849229  -2.8987371936
  -2.8385118050   1.5604850701  -3.7063271842
      
      
#  type   0  conf  1.0000
  -2.8385118050   1.5604850701  -3.7063271842
  -2.8501612381   1.5668894001  -3.9479366153
      
      
#  type   0  conf  1.0000
  -2.8501612381   1.5668894001  -3.9479366153
  -2.3037261356   1.2664841604  -4.3622715297
      
      
#  type   0  conf  1.0000
  -2.3037261356   1.2664841604  -4.3622715297
  -1.9094333931   1.0497198909  -4.5882765790
      
      
# 265  norm    -0.4886212415   -0.8724960071   -0.0000000000
# nedges  13 
#  type   0  conf  1.0000
   1.6908696129  -0.9469324820  -4.5798639771
   2.0324338317  -1.1382176355  -4.3614646057
      
      
#  type   0  conf  1.0000
   2.0324338317  -1.1382176355  -4.3614646057
   2.5435311422  -1.4244458822  -3.9768003113
      
      
#  type   0  conf  1.0000
   2.5435311422  -1.4244458822  -3.9768003113
   2.5376916950  -1.4211756346  -3.7630758991
      
      
#  type   0  conf  1.0000
   2.5376916950  -1.4211756346  -3.7630758991
   1.7837552672  -0.9989509478  -2.8985081855
      
      
#  type   0  conf  1.0000
   1.7837552672  -0.9989509478  -2.8985081855
   1.7248747485  -0.9659762729  -2.8404588720
      
      
#  type   0  conf  1.0000
   1.7248747485  -0.9659762729  -2.8404588720
  -0.1542269555   0.0863712451  -1.3975884830
      
      
#  type   4  conf  0.0000
#  type   0  conf  1.0000
  -0.1923367633   0.1077137629  -1.3886316980
  -2.0921940928   1.1716849897  -2.8131517234
      
      
#  type   0  conf  1.0000
  -2.0921940928   1.1716849897  -2.8131517234
  -2.8311575183   1.5855243924  -3.7080020085
      
      
#  type   0  conf  1.0000
  -2.8311575183   1.5855243924  -3.7080020085
  -2.8409344908   1.5909997600  -3.9491934385
      
      
#  type   0  conf  1.0000
  -2.8409344908   1.5909997600  -3.9491934385
  -2.2994635136   1.2877614427  -4.3586485828
      
      
#  type   3  conf  0.0000
#  type   0  conf  1.0000
  -2.2878476956   1.2812562720  -4.3652106786
  -1.8993402828   1.0636816667  -4.5934100285
      
      
# 266  norm    -0.4954586684   -0.8686315144    0.0000000000
# nedges  12 
#  type   0  conf  1.0000
   1.6873644749  -0.9624557042  -4.5799429856
   2.0232209992  -1.1540248835  -4.3619629899
      
      
#  type   0  conf  1.0000
   2.0232209992  -1.1540248835  -4.3619629899
   2.5368934100  -1.4470184537  -3.9773745102
      
      
#  type   0  conf  1.0000
   2.5368934100  -1.4470184537  -3.9773745102
   2.5299410054  -1.4430528721  -3.7612566867
      
      
#  type   0  conf  1.0000
   2.5299410054  -1.4430528721  -3.7612566867
   1.7527251892  -0.9997367974  -2.8658435244
      
      
#  type   0  conf  1.0000
   1.7527251892  -0.9997367974  -2.8658435244
  -0.1526174678   0.0870514667  -1.3971860118
      
      
#  type   4  conf  0.0000
#  type   0  conf  1.0000
  -0.1917132330   0.1093512975  -1.3882244573
  -2.0860038213   1.1898355729  -2.8128610392
      
      
#  type   0  conf  1.0000
  -2.0860038213   1.1898355729  -2.8128610392
  -2.8215285640   1.6093714792  -3.7063057924
      
      
#  type   0  conf  1.0000
  -2.8215285640   1.6093714792  -3.7063057924
  -2.8324154326   1.6155812394  -3.9486678218
      
      
#  type   0  conf  1.0000
  -2.8324154326   1.6155812394  -3.9486678218
  -2.3003727772   1.3121094666  -4.3513163371
      
      
#  type   0  conf  1.0000
  -2.3003727772   1.3121094666  -4.3513163371
  -2.2704038189   1.2950154746  -4.3710530129
      
      
#  type   0  conf  1.0000
  -2.2704038189   1.2950154746  -4.3710530129
  -1.8935713574   1.0800740334  -4.5918243899
      
      
# 267  norm    -0.5022655331   -0.8647134405    0.0000000000
# nedges  13 
#  type   0  conf  1.0000
   1.6838262374  -0.9780441048  -4.5795173633
   2.0099285000  -1.1674593713  -4.3655412683
      
      
#  type   0  conf  1.0000
   2.0099285000  -1.1674593713  -4.3655412683
   2.5299820727  -1.4695305231  -3.9778238628
      
      
#  type   0  conf  1.0000
   2.5299820727  -1.4695305231  -3.9778238628
   2.5242309539  -1.4661900075  -3.7618632390
      
      
#  type   0  conf  1.0000
   2.5242309539  -1.4661900075  -3.7618632390
   1.8091902970  -1.0508613449  -2.9329707570
      
      
#  type   0  conf  1.0000
   1.8091902970  -1.0508613449  -2.9329707570
   1.7204398424  -0.9993109789  -2.8447351626
      
      
#  type   0  conf  1.0000
   1.7204398424  -0.9993109789  -2.8447351626
  -0.1343393660   0.0780305129  -1.4097767023
      
      
#  type   4  conf  0.0000
#  type   0  conf  1.0000
  -0.1912310931   0.1110758575  -1.3876198748
  -2.0817165451   1.2091571860  -2.8139210611
      
      
#  type   0  conf  1.0000
  -2.0817165451   1.2091571860  -2.8139210611
  -2.8132073543   1.6340408573  -3.7062824000
      
      
#  type   0  conf  1.0000
  -2.8132073543   1.6340408573  -3.7062824000
  -2.8231242498   1.6398010485  -3.9492678254
      
      
#  type   0  conf  1.0000
  -2.8231242498   1.6398010485  -3.9492678254
  -2.2899139451   1.3300878587  -4.3519112727
      
      
#  type   0  conf  1.0000
  -2.2899139451   1.3300878587  -4.3519112727
  -2.2676414976   1.3171509917  -4.3665517522
      
      
#  type   0  conf  1.0000
  -2.2676414976   1.3171509917  -4.3665517522
  -1.8880540954   1.0966690841  -4.5934131019
      
      
# 268  norm    -0.5090414158   -0.8607420270   -0.0000000000
# nedges  12 
#  type   0  conf  1.0000
   1.6784027802  -0.9926046372  -4.5803730902
   2.0060815165  -1.1863933016  -4.3623805144
      
      
#  type   0  conf  1.0000
   2.0060815165  -1.1863933016  -4.3623805144
   2.5226653607  -1.4919001355  -3.9775641428
      
      
#  type   0  conf  1.0000
   2.5226653607  -1.4919001355  -3.9775641428
   2.5167612945  -1.4884084805  -3.7636867625
      
      
#  type   0  conf  1.0000
   2.5167612945  -1.4884084805  -3.7636867625
   1.7840875752  -1.0551064508  -2.8999954293
      
      
#  type   0  conf  1.0000
   1.7840875752  -1.0551064508  -2.8999954293
   0.1223995433  -0.0723868881  -1.6066381316
      
      
#  type   0  conf  1.0000
   0.1223995433  -0.0723868881  -1.6066381316
  -0.1833924943   0.1084580188  -1.3812057205
      
      
#  type   0  conf  1.0000
  -0.1833924943   0.1084580188  -1.3812057205
  -2.0877224005   1.2346755859  -2.8235501915
      
      
#  type   0  conf  1.0000
  -2.0877224005   1.2346755859  -2.8235501915
  -2.8043403495   1.6584822594  -3.7076195737
      
      
#  type   0  conf  1.0000
  -2.8043403495   1.6584822594  -3.7076195737
  -2.8135423557   1.6639243108  -3.9498464276
      
      
#  type   0  conf  1.0000
  -2.8135423557   1.6639243108  -3.9498464276
  -2.2684739470   1.3415717525  -4.3605746049
      
      
#  type   3  conf  0.0000
#  type   0  conf  1.0000
  -2.2348789558   1.3217037300  -4.3802472340
  -1.8821323625   1.1130899763  -4.5940707212
      
      
# 269  norm    -0.5157858983   -0.8567175189    0.0000000000
# nedges  13 
#  type   0  conf  1.0000
   1.6709981111  -1.0060226887  -4.5828936384
   2.0061215377  -1.2077834019  -4.3561677094
      
      
#  type   0  conf  1.0000
   2.0061215377  -1.2077834019  -4.3561677094
   2.5160823125  -1.5148047602  -3.9762984324
      
      
#  type   0  conf  1.0000
   2.5160823125  -1.5148047602  -3.9762984324
   2.5084293495  -1.5101973017  -3.7625076182
      
      
#  type   0  conf  1.0000
   2.5084293495  -1.5101973017  -3.7625076182
   1.7911293275  -1.0783475635  -2.9090646772
      
      
#  type   0  conf  1.0000
   1.7911293275  -1.0783475635  -2.9090646772
  -0.1604015704   0.0965696000  -1.3848430652
      
      
#  type   4  conf  0.0000
#  type   0  conf  1.0000
  -0.2378344558   0.1431879887  -1.4222979479
  -2.0683823162   1.2452674393  -2.8132581714
      
      
#  type   0  conf  1.0000
  -2.0683823162   1.2452674393  -2.8132581714
  -2.1243142769   1.2789412186  -2.8718751103
      
      
#  type   0  conf  1.0000
  -2.1243142769   1.2789412186  -2.8718751103
  -2.7942358394   1.6822668041  -3.7069795207
      
      
#  type   0  conf  1.0000
  -2.7942358394   1.6822668041  -3.7069795207
  -2.8046511802   1.6885373493  -3.9489993193
      
      
#  type   0  conf  1.0000
  -2.8046511802   1.6885373493  -3.9489993193
  -2.2580927389   1.3594824036  -4.3608533969
      
      
#  type   3  conf  0.0000
#  type   0  conf  1.0000
  -2.1911766382   1.3191956342  -4.4009562794
  -1.8768027733   1.1299271732  -4.5944239764
      
      
# 270  norm    -0.5224985647   -0.8526401644    0.0000000000
# nedges  14 
#  type   0  conf  1.0000
   1.6719138901  -1.0245501496  -4.5794111728
   1.9958885923  -1.2230821024  -4.3573785499
      
      
#  type   0  conf  1.0000
   1.9958885923  -1.2230821024  -4.3573785499
   2.5069504917  -1.5362612372  -3.9774707564
      
      
#  type   0  conf  1.0000
   2.5069504917  -1.5362612372  -3.9774707564
   2.5021005903  -1.5332892137  -3.7653302129
      
      
#  type   0  conf  1.0000
   2.5021005903  -1.5332892137  -3.7653302129
   1.8247257538  -1.1181933801  -2.9497583302
      
      
#  type   0  conf  1.0000
   1.8247257538  -1.1181933801  -2.9497583302
   1.7182463245  -1.0529427019  -2.8555636810
      
      
#  type   0  conf  1.0000
   1.7182463245  -1.0529427019  -2.8555636810
  -0.0955426028   0.0585485823  -1.4339079371
      
      
#  type   4  conf  0.0000
#  type   0  conf  1.0000
  -0.1897043184   0.1162509558  -1.3855784177
  -2.0474778999   1.2546960707  -2.8012509517
      
      
#  type   0  conf  1.0000
  -2.0474778999   1.2546960707  -2.8012509517
  -2.1136092862   1.2952214364  -2.8612574511
      
      
#  type   0  conf  1.0000
  -2.1136092862   1.2952214364  -2.8612574511
  -2.7848464757   1.7065561151  -3.7074435370
      
      
#  type   0  conf  1.0000
  -2.7848464757   1.7065561151  -3.7074435370
  -2.7941437226   1.7122534754  -3.9499266562
      
      
#  type   0  conf  1.0000
  -2.7941437226   1.7122534754  -3.9499266562
  -2.2470779345   1.3770111293  -4.3611422465
      
      
#  type   3  conf  0.0000
#  type   0  conf  1.0000
  -2.1472529199   1.3158382817  -4.4224212357
  -1.8710954632   1.1466087745  -4.5934254010
      
      
# 271  norm    -0.5291790010   -0.8485102150   -0.0000000000
# nedges  14 
#  type   0  conf  1.0000
   1.6659139370  -1.0389582321  -4.5801936827
   1.9819129590  -1.2360331097  -4.3609466292
      
      
#  type   0  conf  1.0000
   1.9819129590  -1.2360331097  -4.3609466292
   2.4985627380  -1.5582451574  -3.9781763076
      
      
#  type   0  conf  1.0000
   2.4985627380  -1.5582451574  -3.9781763076
   2.4931255958  -1.5548542478  -3.7643630906
      
      
#  type   0  conf  1.0000
   2.4931255958  -1.5548542478  -3.7643630906
   1.8210446869  -1.1357065491  -2.9479661087
      
      
#  type   0  conf  1.0000
   1.8210446869  -1.1357065491  -2.9479661087
   1.6647273244  -1.0382181933  -2.8169831654
      
      
#  type   0  conf  1.0000
   1.6647273244  -1.0382181933  -2.8169831654
   0.1188986401  -0.0741519223  -1.6010667673
      
      
#  type   0  conf  1.0000
   0.1188986401  -0.0741519223  -1.6010667673
  -0.1818171750   0.1133914823  -1.3794101860
      
      
#  type   0  conf  1.0000
  -0.1818171750   0.1133914823  -1.3794101860
  -2.0608155099   1.2852412069  -2.8159919571
      
      
#  type   0  conf  1.0000
  -2.0608155099   1.2852412069  -2.8159919571
  -2.1155884931   1.3194007396  -2.8681755859
      
      
#  type   0  conf  1.0000
  -2.1155884931   1.3194007396  -2.8681755859
  -2.7746421540   1.7304239091  -3.7075979242
      
      
#  type   0  conf  1.0000
  -2.7746421540   1.7304239091  -3.7075979242
  -2.7831896843   1.7357546328  -3.9506678946
      
      
#  type   0  conf  1.0000
  -2.7831896843   1.7357546328  -3.9506678946
  -2.2364543670   1.3947795404  -4.3607578856
      
      
#  type   3  conf  0.0000
#  type   0  conf  1.0000
  -2.1266937802   1.3263266253  -4.4291428083
  -1.8656110761   1.1635006722  -4.5930701981
      
      
# 272  norm    -0.5358267950   -0.8443279255    0.0000000000
# nedges  14 
#  type   0  conf  1.0000
   1.6618323019  -1.0546308480  -4.5797429433
   1.9795821740  -1.2562810487  -4.3564156330
      
      
#  type   0  conf  1.0000
   1.9795821740  -1.2562810487  -4.3564156330
   2.4900593855  -1.5802397381  -3.9778066500
      
      
#  type   0  conf  1.0000
   2.4900593855  -1.5802397381  -3.9778066500
   2.4841296237  -1.5764765968  -3.7631324472
      
      
#  type   0  conf  1.0000
   2.4841296237  -1.5764765968  -3.7631324472
   1.8204285558  -1.1552790913  -2.9499663052
      
      
#  type   0  conf  1.0000
   1.8204285558  -1.1552790913  -2.9499663052
   1.7235339291  -1.0937878914  -2.8665298501
      
      
#  type   0  conf  1.0000
   1.7235339291  -1.0937878914  -2.8665298501
  -0.0737199820   0.0467841232  -1.4480609204
      
      
#  type   4  conf  0.0000
#  type   0  conf  1.0000
  -0.1884418596   0.1195888406  -1.3844615474
  -2.0586112602   1.3064344318  -2.8182374244
      
      
#  type   0  conf  1.0000
  -2.0586112602   1.3064344318  -2.8182374244
  -2.1153770889   1.3424591222  -2.8711486985
      
      
#  type   0  conf  1.0000
  -2.1153770889   1.3424591222  -2.8711486985
  -2.7636083708   1.7538392030  -3.7076715482
      
      
#  type   0  conf  1.0000
  -2.7636083708   1.7538392030  -3.7076715482
  -2.7731032352   1.7598648271  -3.9495556301
      
      
#  type   0  conf  1.0000
  -2.7731032352   1.7598648271  -3.9495556301
  -2.2361063990   1.4190762722  -4.3531478829
      
      
#  type   0  conf  1.0000
  -2.2361063990   1.4190762722  -4.3531478829
  -2.2139670717   1.4050262278  -4.3676646862
      
      
#  type   0  conf  1.0000
  -2.2139670717   1.4050262278  -4.3676646862
  -1.8587780653   1.1796164301  -4.5934073216
      
      
# 273  norm    -0.5424415367   -0.8400935539    0.0000000000
# nedges  13 
#  type   0  conf  1.0000
   1.6578190107  -1.0704401760  -4.5829133704
   2.4804730880  -1.6016211852  -3.9804396785
      
      
#  type   0  conf  1.0000
   2.4804730880  -1.6016211852  -3.9804396785
   2.4763149591  -1.5989363154  -3.7656419058
      
      
#  type   0  conf  1.0000
   2.4763149591  -1.5989363154  -3.7656419058
   1.8110559764  -1.1693840314  -2.9404077825
      
      
#  type   0  conf  1.0000
   1.8110559764  -1.1693840314  -2.9404077825
   0.0455904421  -0.0294373756  -1.5382407144
      
      
#  type   0  conf  1.0000
   0.0455904421  -0.0294373756  -1.5382407144
  -0.1700909972   0.1098263657  -1.3846738842
      
      
#  type   0  conf  1.0000
  -0.1700909972   0.1098263657  -1.3846738842
  -0.3566464925   0.2302837232  -1.5137034971
      
      
#  type   0  conf  1.0000
  -0.3566464925   0.2302837232  -1.5137034971
  -2.0711753694   1.3373409960  -2.8318720288
      
      
#  type   0  conf  1.0000
  -2.0711753694   1.3373409960  -2.8318720288
  -2.1041358305   1.3586232961  -2.8621716679
      
      
#  type   0  conf  1.0000
  -2.1041358305   1.3586232961  -2.8621716679
  -2.7529115438   1.7775324679  -3.7071756892
      
      
#  type   0  conf  1.0000
  -2.7529115438   1.7775324679  -3.7071756892
  -2.7620768536   1.7834504334  -3.9495728799
      
      
#  type   0  conf  1.0000
  -2.7620768536   1.7834504334  -3.9495728799
  -2.2249171523   1.4366108077  -4.3530278565
      
      
#  type   0  conf  1.0000
  -2.2249171523   1.4366108077  -4.3530278565
  -2.1924374213   1.4156389111  -4.3749592212
      
      
#  type   0  conf  1.0000
  -2.1924374213   1.4156389111  -4.3749592212
  -1.8511769785   1.1952898343  -4.5924429006
      
      
# 274  norm    -0.5490228180   -0.8358073614    0.0000000000
# nedges  13 
#  type   0  conf  1.0000
   1.6515903796  -1.0848921011  -4.5828385773
   2.4718449131  -1.6236986207  -3.9797050350
      
      
#  type   0  conf  1.0000
   2.4718449131  -1.6236986207  -3.9797050350
   2.4650916314  -1.6192625438  -3.7621064226
      
      
#  type   0  conf  1.0000
   2.4650916314  -1.6192625438  -3.7621064226
   1.8140274653  -1.1915933228  -2.9477871030
      
      
#  type   0  conf  1.0000
   1.8140274653  -1.1915933228  -2.9477871030
   1.7384064954  -1.1419196301  -2.8845331735
      
      
#  type   0  conf  1.0000
   1.7384064954  -1.1419196301  -2.8845331735
  -0.0198328519   0.0130277486  -1.4879175764
      
      
#  type   4  conf  0.0000
#  type   0  conf  1.0000
  -0.1868485364   0.1227365476  -1.3838145226
  -2.0506039150   1.3469950039  -2.8198687921
      
      
#  type   0  conf  1.0000
  -2.0506039150   1.3469950039  -2.8198687921
  -2.1042031622   1.3822031286  -2.8670257370
      
      
#  type   0  conf  1.0000
  -2.1042031622   1.3822031286  -2.8670257370
  -2.7418879309   1.8010837282  -3.7079479821
      
      
#  type   0  conf  1.0000
  -2.7418879309   1.8010837282  -3.7079479821
  -2.7504056995   1.8066788563  -3.9498391838
      
      
#  type   0  conf  1.0000
  -2.7504056995   1.8066788563  -3.9498391838
  -2.2068209372   1.4496104076  -4.3579026804
      
      
#  type   0  conf  1.0000
  -2.2068209372   1.4496104076  -4.3579026804
  -2.1681337924   1.4241977034  -4.3832909007
      
      
#  type   0  conf  1.0000
  -2.1681337924   1.4241977034  -4.3832909007
  -1.8437318838   1.2111054787  -4.5925183289
      
      
# 275  norm    -0.5555702330   -0.8314696123    0.0000000000
# nedges  13 
#  type   0  conf  1.0000
   1.6450537533  -1.0991897762  -4.5835093131
   2.4624007642  -1.6453235886  -3.9789770336
      
      
#  type   0  conf  1.0000
   2.4624007642  -1.6453235886  -3.9789770336
   2.4569568540  -1.6416860842  -3.7632350339
      
      
#  type   0  conf  1.0000
   2.4569568540  -1.6416860842  -3.7632350339
   1.8092969207  -1.2089335521  -2.9452800068
      
      
#  type   0  conf  1.0000
   1.8092969207  -1.2089335521  -2.9452800068
   0.0396431578  -0.0264887112  -1.5312049128
      
      
#  type   0  conf  1.0000
   0.0396431578  -0.0264887112  -1.5312049128
  -0.1684460933   0.1125520812  -1.3850141093
      
      
#  type   0  conf  1.0000
  -0.1684460933   0.1125520812  -1.3850141093
  -0.3423398877   0.2287441998  -1.5035111316
      
      
#  type   0  conf  1.0000
  -0.3423398877   0.2287441998  -1.5035111316
  -2.0720320660   1.3844875636  -2.8404776150
      
      
#  type   0  conf  1.0000
  -2.0720320660   1.3844875636  -2.8404776150
  -2.1032501982   1.4053468526  -2.8712079128
      
      
#  type   0  conf  1.0000
  -2.1032501982   1.4053468526  -2.8712079128
  -2.7304612679   1.8244358909  -3.7074531828
      
      
#  type   0  conf  1.0000
  -2.7304612679   1.8244358909  -3.7074531828
  -2.7387941796   1.8300037645  -3.9505720842
      
      
#  type   0  conf  1.0000
  -2.7387941796   1.8300037645  -3.9505720842
  -2.1913594613   1.4642195800  -4.3604508414
      
      
#  type   3  conf  0.0000
#  type   0  conf  1.0000
  -2.1804361741   1.4569208729  -4.3672619563
  -1.8368493617   1.2273435045  -4.5937113404
      
      
# 276  norm    -0.5620833779   -0.8270805743    0.0000000000
# nedges  13 
#  type   0  conf  1.0000
   1.6410844041  -1.1152798094  -4.5819036428
   2.4501299195  -1.6651065738  -3.9815182919
      
      
#  type   0  conf  1.0000
   2.4501299195  -1.6651065738  -3.9815182919
   2.4489928875  -1.6643338477  -3.7669384212
      
      
#  type   0  conf  1.0000
   2.4489928875  -1.6643338477  -3.7669384212
   1.8092717474  -1.2295798098  -2.9480543013
      
      
#  type   0  conf  1.0000
   1.8092717474  -1.2295798098  -2.9480543013
   0.0405208795  -0.0275379613  -1.5306565745
      
      
#  type   0  conf  1.0000
   0.0405208795  -0.0275379613  -1.5306565745
  -0.1584407390   0.1076762150  -1.3902984368
      
      
#  type   4  conf  0.0000
#  type   0  conf  1.0000
  -0.2988487854   0.2030974248  -1.4705575604
  -2.0729025228   1.4087430998  -2.8449213269
      
      
#  type   0  conf  1.0000
  -2.0729025228   1.4087430998  -2.8449213269
  -2.0989185922   1.4264236023  -2.8711534373
      
      
#  type   0  conf  1.0000
  -2.0989185922   1.4264236023  -2.8711534373
  -2.7189857470   1.8478208056  -3.7078171570
      
      
#  type   0  conf  1.0000
  -2.7189857470   1.8478208056  -3.7078171570
  -2.7264973102   1.8529256586  -3.9509019968
      
      
#  type   0  conf  1.0000
  -2.7264973102   1.8529256586  -3.9509019968
  -2.1796137145   1.4812639508  -4.3601140717
      
      
#  type   3  conf  0.0000
#  type   0  conf  1.0000
  -2.1582993993   1.4667787571  -4.3739335853
  -1.8291832668   1.2431116644  -4.5940194713
      
      
# 277  norm    -0.5685618507   -0.8226405180   -0.0000000000
# nedges  13 
#  type   0  conf  1.0000
   1.6369870786  -1.1313913947  -4.5807367857
   2.4411995769  -1.6872168572  -3.9803629155
      
      
#  type   0  conf  1.0000
   2.4411995769  -1.6872168572  -3.9803629155
   2.4377758135  -1.6848505487  -3.7651953430
      
      
#  type   0  conf  1.0000
   2.4377758135  -1.6848505487  -3.7651953430
   1.8063696490  -1.2484588933  -2.9486255915
      
      
#  type   0  conf  1.0000
   1.8063696490  -1.2484588933  -2.9486255915
   0.0395770569  -0.0273533873  -1.5286053708
      
      
#  type   0  conf  1.0000
   0.0395770569  -0.0273533873  -1.5286053708
  -0.1594225706   0.1101837192  -1.3890980881
      
      
#  type   4  conf  0.0000
#  type   0  conf  1.0000
  -0.2992975179   0.2068572444  -1.4713492992
  -2.0708204576   1.4312320948  -2.8472857438
      
      
#  type   0  conf  1.0000
  -2.0708204576   1.4312320948  -2.8472857438
  -2.0955889026   1.4483506206  -2.8731769170
      
      
#  type   0  conf  1.0000
  -2.0955889026   1.4483506206  -2.8731769170
  -2.7067954933   1.8707814915  -3.7077635988
      
      
#  type   0  conf  1.0000
  -2.7067954933   1.8707814915  -3.7077635988
  -2.7150506795   1.8764870017  -3.9493419648
      
      
#  type   0  conf  1.0000
  -2.7150506795   1.8764870017  -3.9493419648
  -2.1679559019   1.4983665318  -4.3600720879
      
      
#  type   3  conf  0.0000
#  type   0  conf  1.0000
  -2.0406870243   1.4104055975  -4.4454421262
  -1.8212794865   1.2587637162  -4.5943592712
      
      
# 278  norm    -0.5750052520   -0.8181497174    0.0000000000
# nedges  13 
#  type   0  conf  1.0000
   1.6291677218  -1.1449982522  -4.5826523252
   2.4312970077  -1.7087441564  -3.9797412531
      
      
#  type   0  conf  1.0000
   2.4312970077  -1.7087441564  -3.9797412531
   2.4269555381  -1.7056929205  -3.7637900300
      
      
#  type   0  conf  1.0000
   2.4269555381  -1.7056929205  -3.7637900300
   1.8023947508  -1.2667442473  -2.9483752558
      
      
#  type   0  conf  1.0000
   1.8023947508  -1.2667442473  -2.9483752558
   0.0399322134  -0.0280648296  -1.5276541461
      
      
#  type   0  conf  1.0000
   0.0399322134  -0.0280648296  -1.5276541461
  -0.1566225322   0.1100761592  -1.3901542110
      
      
#  type   4  conf  0.0000
#  type   0  conf  1.0000
  -0.2957880479   0.2078833219  -1.4692583917
  -2.0594397432   1.4473984937  -2.8422349510
      
      
#  type   0  conf  1.0000
  -2.0594397432   1.4473984937  -2.8422349510
  -2.0888659852   1.4680796029  -2.8710715861
      
      
#  type   0  conf  1.0000
  -2.0888659852   1.4680796029  -2.8710715861
  -2.6942479776   1.8935491933  -3.7072599823
      
      
#  type   0  conf  1.0000
  -2.6942479776   1.8935491933  -3.7072599823
  -2.7026693747   1.8994678503  -3.9487759713
      
      
#  type   0  conf  1.0000
  -2.7026693747   1.8994678503  -3.9487759713
  -2.1560051125   1.5152657719  -4.3596866593
      
      
#  type   3  conf  0.0000
#  type   0  conf  1.0000
  -2.1453798732   1.5077982287  -4.3667104903
  -1.8132834435   1.2743969487  -4.5928406410
      
      
# 279  norm    -0.5814131843   -0.8136084495    0.0000000000
# nedges  15 
#  type   0  conf  1.0000
   1.6185376336  -1.1566240740  -4.5816318507
   1.9446234178  -1.3896484167  -4.3437272999
      
      
#  type   0  conf  1.0000
   1.9446234178  -1.3896484167  -4.3437272999
   2.4205572967  -1.7297557892  -3.9759941927
      
      
#  type   0  conf  1.0000
   2.4205572967  -1.7297557892  -3.9759941927
   2.4165604513  -1.7268996014  -3.7660126981
      
      
#  type   0  conf  1.0000
   2.4165604513  -1.7268996014  -3.7660126981
   1.8696004268  -1.3360361956  -3.0424360871
      
      
#  type   0  conf  1.0000
   1.8696004268  -1.3360361956  -3.0424360871
   1.7957549309  -1.2832654249  -2.9464320370
      
      
#  type   0  conf  1.0000
   1.7957549309  -1.2832654249  -2.9464320370
   0.0402719047  -0.0287787281  -1.5268350317
      
      
#  type   0  conf  1.0000
   0.0402719047  -0.0287787281  -1.5268350317
  -0.1575531306   0.1125891298  -1.3887134141
      
      
#  type   4  conf  0.0000
#  type   0  conf  1.0000
  -0.2962176025   0.2116802248  -1.4702396908
  -2.0596724141   1.4718636436  -2.8471319584
      
      
#  type   0  conf  1.0000
  -2.0596724141   1.4718636436  -2.8471319584
  -2.0809348795   1.4870580258  -2.8686649197
      
      
#  type   0  conf  1.0000
  -2.0809348795   1.4870580258  -2.8686649197
  -2.6812774940   1.9160691937  -3.7074956302
      
      
#  type   0  conf  1.0000
  -2.6812774940   1.9160691937  -3.7074956302
  -2.6895809859   1.9220029566  -3.9494488661
      
      
#  type   0  conf  1.0000
  -2.6895809859   1.9220029566  -3.9494488661
  -2.1421565489   1.5308076768  -4.3603324511
      
      
#  type   3  conf  0.0000
#  type   0  conf  1.0000
  -2.1129155382   1.5099117420  -4.3799342364
  -1.8059200493   1.2905295257  -4.5938123512
      
      
# 280  norm    -0.5877852523   -0.8090169944    0.0000000000
# nedges  14 
#  type   0  conf  1.0000
   1.6090751132  -1.1690615005  -4.5833689910
   1.9232296412  -1.3973081254  -4.3549380737
      
      
#  type   0  conf  1.0000
   1.9232296412  -1.3973081254  -4.3549380737
   2.4087603372  -1.7500668247  -3.9763129743
      
      
#  type   0  conf  1.0000
   2.4087603372  -1.7500668247  -3.9763129743
   2.4060148734  -1.7480721285  -3.7663903399
      
      
#  type   0  conf  1.0000
   2.4060148734  -1.7480721285  -3.7663903399
   1.7938297453  -1.3032935979  -2.9480881753
      
      
#  type   0  conf  1.0000
   1.7938297453  -1.3032935979  -2.9480881753
   0.0411498683  -0.0298971293  -1.5263723970
      
      
#  type   0  conf  1.0000
   0.0411498683  -0.0298971293  -1.5263723970
  -0.1567887966   0.1139137287  -1.3886024186
      
      
#  type   4  conf  0.0000
#  type   0  conf  1.0000
  -0.2840900021   0.2064034683  -1.4613107263
  -2.0486575849   1.4884368607  -2.8427467401
      
      
#  type   0  conf  1.0000
  -2.0486575849   1.4884368607  -2.8427467401
  -2.0784686828   1.5100958912  -2.8727343807
      
      
#  type   0  conf  1.0000
  -2.0784686828   1.5100958912  -2.8727343807
  -2.6681522136   1.9385260543  -3.7080321154
      
      
#  type   0  conf  1.0000
  -2.6681522136   1.9385260543  -3.7080321154
  -2.6769784653   1.9449387016  -3.9486822266
      
      
#  type   0  conf  1.0000
  -2.6769784653   1.9449387016  -3.9486822266
  -2.1429679054   1.5569573194  -4.3501280965
      
      
#  type   0  conf  1.0000
  -2.1429679054   1.5569573194  -4.3501280965
  -1.9965621471   1.4505873096  -4.4533471968
      
      
#  type   0  conf  1.0000
  -1.9965621471   1.4505873096  -4.4533471968
  -1.7973073472   1.3058202236  -4.5944348426
      
      
# 281  norm    -0.5941210629   -0.8043756353    0.0000000000
# nedges  14 
#  type   0  conf  1.0000
   1.6085429596  -1.1880882650  -4.5784618082
   1.9144565749  -1.4140395672  -4.3569709695
      
      
#  type   0  conf  1.0000
   1.9144565749  -1.4140395672  -4.3569709695
   2.3972048682  -1.7706029893  -3.9756273288
      
      
#  type   0  conf  1.0000
   2.3972048682  -1.7706029893  -3.9756273288
   2.3943810909  -1.7685173150  -3.7660937913
      
      
#  type   0  conf  1.0000
   2.3943810909  -1.7685173150  -3.7660937913
   1.7888536532  -1.3212678097  -2.9476720141
      
      
#  type   0  conf  1.0000
   1.7888536532  -1.3212678097  -2.9476720141
   0.0434189166  -0.0320697094  -1.5270788384
      
      
#  type   0  conf  1.0000
   0.0434189166  -0.0320697094  -1.5270788384
  -0.1559083731   0.1151557112  -1.3878425026
      
      
#  type   4  conf  0.0000
#  type   0  conf  1.0000
  -0.2851724194   0.2106316172  -1.4628017621
  -2.0470158258   1.5119493492  -2.8462581078
      
      
#  type   0  conf  1.0000
  -2.0470158258   1.5119493492  -2.8462581078
  -2.0723598923   1.5306687671  -2.8733463408
      
      
#  type   0  conf  1.0000
  -2.0723598923   1.5306687671  -2.8733463408
  -2.6556878201   1.9615214599  -3.7099154190
      
      
#  type   0  conf  1.0000
  -2.6556878201   1.9615214599  -3.7099154190
  -2.6621455433   1.9662912083  -3.9509179569
      
      
#  type   0  conf  1.0000
  -2.6621455433   1.9662912083  -3.9509179569
  -2.1098161872   1.5583344158  -4.3646502041
      
      
#  type   3  conf  0.0000
#  type   0  conf  1.0000
  -2.0887680586   1.5427880268  -4.3794399552
  -1.7888147552   1.3212390792  -4.5942007699
      
      
# 282  norm    -0.6004202253   -0.7996846585    0.0000000000
# nedges  12 
#  type   0  conf  1.0000
   1.6011358033  -1.2021667661  -4.5784630738
   1.9046918644  -1.4300831037  -4.3593905656
      
      
#  type   0  conf  1.0000
   1.9046918644  -1.4300831037  -4.3593905656
   2.3852954043  -1.7909304486  -3.9751791213
      
      
#  type   0  conf  1.0000
   2.3852954043  -1.7909304486  -3.9751791213
   2.3826545872  -1.7889476670  -3.7654170096
      
      
#  type   0  conf  1.0000
   2.3826545872  -1.7889476670  -3.7654170096
   1.7829557214  -1.3386810221  -2.9467709418
      
      
#  type   0  conf  1.0000
   1.7829557214  -1.3386810221  -2.9467709418
   0.0425837042  -0.0319727495  -1.5251542408
      
      
#  type   0  conf  1.0000
   0.0425837042  -0.0319727495  -1.5251542408
  -0.1621141762   0.1217187665  -1.3833359285
      
      
#  type   0  conf  1.0000
  -0.1621141762   0.1217187665  -1.3833359285
  -0.3504573775   0.2631308420  -1.5117791780
      
      
#  type   0  conf  1.0000
  -0.3504573775   0.2631308420  -1.5117791780
  -2.0450047017   1.5354329619  -2.8514146302
      
      
#  type   0  conf  1.0000
  -2.0450047017   1.5354329619  -2.8514146302
  -2.0662869441   1.5514121215  -2.8738887120
      
      
#  type   0  conf  1.0000
  -2.0662869441   1.5514121215  -2.8738887120
  -2.6414108008   1.9832273276  -3.7099692343
      
      
#  type   0  conf  1.0000
  -2.6414108008   1.9832273276  -3.7099692343
  -2.6495613462   1.9893469302  -3.9511527902
      
      
#  type   0  conf  1.0000
  -2.6495613462   1.9893469302  -3.9511527902
  -1.7805515592   1.3368759261  -4.5974641874
      
      
# 283  norm    -0.6066823510   -0.7949443534    0.0000000000
# nedges  11 
#  type   0  conf  1.0000
   1.5918282974  -1.2148449507  -4.5795500603
   1.8974186483  -1.4480641337  -4.3604091997
      
      
#  type   0  conf  1.0000
   1.8974186483  -1.4480641337  -4.3604091997
   2.3740555188  -1.8118218934  -3.9735917808
      
      
#  type   0  conf  1.0000
   2.3740555188  -1.8118218934  -3.9735917808
   2.3709180076  -1.8094274206  -3.7661727668
      
      
#  type   0  conf  1.0000
   2.3709180076  -1.8094274206  -3.7661727668
   1.7779781942  -1.3569100608  -2.9464926032
      
      
#  type   0  conf  1.0000
   1.7779781942  -1.3569100608  -2.9464926032
   0.0457846731  -0.0349417578  -1.5264877808
      
      
#  type   0  conf  1.0000
   0.0457846731  -0.0349417578  -1.5264877808
  -0.1589830273   0.1213320107  -1.3843519239
      
      
#  type   0  conf  1.0000
  -0.1589830273   0.1213320107  -1.3843519239
  -0.3394049726   0.2590256863  -1.5037521487
      
      
#  type   0  conf  1.0000
  -0.3394049726   0.2590256863  -1.5037521487
  -2.0495584729   1.5641735771  -2.8598730310
      
      
#  type   0  conf  1.0000
  -2.0495584729   1.5641735771  -2.8598730310
  -2.6279753203   2.0056073597  -3.7102947486
      
      
#  type   0  conf  1.0000
  -2.6279753203   2.0056073597  -3.7102947486
  -2.6353353398   2.0112243490  -3.9508293148
      
      
#  type   0  conf  1.0000
  -2.6353353398   2.0112243490  -3.9508293148
  -1.7719871566   1.3523378454  -4.5965850915
      
      
# 284  norm    -0.6129070537   -0.7901550124    0.0000000000
# nedges  12 
#  type   0  conf  1.0000
   1.5816898524  -1.2268844114  -4.5816702251
   1.8770795669  -1.4560121606  -4.3702499302
      
      
#  type   0  conf  1.0000
   1.8770795669  -1.4560121606  -4.3702499302
   1.9093828484  -1.4810691543  -4.3453796486
      
      
#  type   0  conf  1.0000
   1.9093828484  -1.4810691543  -4.3453796486
   2.3617024028  -1.8319241650  -3.9725724247
      
      
#  type   0  conf  1.0000
   2.3617024028  -1.8319241650  -3.9725724247
   2.3595950033  -1.8302894984  -3.7682802179
      
      
#  type   0  conf  1.0000
   2.3595950033  -1.8302894984  -3.7682802179
   1.7729672141  -1.3752543417  -2.9465795374
      
      
#  type   0  conf  1.0000
   1.7729672141  -1.3752543417  -2.9465795374
   0.0489195205  -0.0379458698  -1.5277224107
      
      
#  type   0  conf  1.0000
   0.0489195205  -0.0379458698  -1.5277224107
  -0.1591409575   0.1234423801  -1.3832064899
      
      
#  type   0  conf  1.0000
  -0.1591409575   0.1234423801  -1.3832064899
  -0.3465722416   0.2688289869  -1.5101093879
      
      
#  type   0  conf  1.0000
  -0.3465722416   0.2688289869  -1.5101093879
  -2.0429750898   1.5846939187  -2.8600061516
      
      
#  type   0  conf  1.0000
  -2.0429750898   1.5846939187  -2.8600061516
  -2.6135482237   2.0272758083  -3.7107420700
      
      
#  type   0  conf  1.0000
  -2.6135482237   2.0272758083  -3.7107420700
  -2.6208395882   2.0329315703  -3.9504427004
      
      
#  type   0  conf  1.0000
  -2.6208395882   2.0329315703  -3.9504427004
  -1.7616409612   1.3664687994  -4.5972066678
      
      
# 285  norm    -0.6190939493   -0.7853169309   -0.0000000000
# nedges  11 
#  type   0  conf  1.0000
   1.5719917238  -1.2392583507  -4.5828263928
   1.8800415630  -1.4821052627  -4.3633197436
      
      
#  type   0  conf  1.0000
   1.8800415630  -1.4821052627  -4.3633197436
   2.3475872081  -1.8506885295  -3.9743667913
      
      
#  type   0  conf  1.0000
   2.3475872081  -1.8506885295  -3.9743667913
   2.3478255618  -1.8508764324  -3.7696930912
      
      
#  type   0  conf  1.0000
   2.3478255618  -1.8508764324  -3.7696930912
   1.7675337486  -1.3934112534  -2.9465213755
      
      
#  type   0  conf  1.0000
   1.7675337486  -1.3934112534  -2.9465213755
   0.0492571335  -0.0388311930  -1.5267552413
      
      
#  type   0  conf  1.0000
   0.0492571335  -0.0388311930  -1.5267552413
  -0.1564368970   0.1233249056  -1.3842353953
      
      
#  type   0  conf  1.0000
  -0.1564368970   0.1233249056  -1.3842353953
  -0.3399748851   0.2680145888  -1.5055571439
      
      
#  type   0  conf  1.0000
  -0.3399748851   0.2680145888  -1.5055571439
  -2.0355753331   1.6047182004  -2.8600310083
      
      
#  type   0  conf  1.0000
  -2.0355753331   1.6047182004  -2.8600310083
  -2.5984514717   2.0484539686  -3.7106548338
      
      
#  type   0  conf  1.0000
  -2.5984514717   2.0484539686  -3.7106548338
  -2.6067834431   2.0550223652  -3.9488035898
      
      
#  type   0  conf  1.0000
  -2.6067834431   2.0550223652  -3.9488035898
  -1.7531902097   1.3821037190  -4.5966504722
      
      
# 286  norm    -0.6252426563   -0.7804304073    0.0000000000
# nedges  13 
#  type   0  conf  1.0000
   1.5705669040  -1.2582613565  -4.5782018422
   1.8733698882  -1.5008522914  -4.3631263917
      
      
#  type   0  conf  1.0000
   1.8733698882  -1.5008522914  -4.3631263917
   2.3362791458  -1.8717125388  -3.9723462262
      
      
#  type   0  conf  1.0000
   2.3362791458  -1.8717125388  -3.9723462262
   2.3342217095  -1.8700642215  -3.7692275388
      
      
#  type   0  conf  1.0000
   2.3342217095  -1.8700642215  -3.7692275388
   1.7724800280  -1.4200242720  -2.9616722185
      
      
#  type   0  conf  1.0000
   1.7724800280  -1.4200242720  -2.9616722185
   1.7530594246  -1.4044654348  -2.9393581033
      
      
#  type   0  conf  1.0000
   1.7530594246  -1.4044654348  -2.9393581033
   0.0443162840  -0.0355040383  -1.5212902765
      
      
#  type   0  conf  1.0000
   0.0443162840  -0.0355040383  -1.5212902765
  -0.1579754944   0.1265622365  -1.3839988132
      
      
#  type   0  conf  1.0000
  -0.1579754944   0.1265622365  -1.3839988132
  -0.3468069888   0.2778447903  -1.5118980851
      
      
#  type   0  conf  1.0000
  -0.3468069888   0.2778447903  -1.5118980851
  -2.0275246338   1.6243535310  -2.8593372758
      
      
#  type   0  conf  1.0000
  -2.0275246338   1.6243535310  -2.8593372758
  -2.5836948813   2.0699299202  -3.7113425691
      
      
#  type   0  conf  1.0000
  -2.5836948813   2.0699299202  -3.7113425691
  -2.5907797291   2.0756059535  -3.9078806255
      
      
#  type   0  conf  1.0000
  -2.5907797291   2.0756059535  -3.9078806255
  -2.5834868671   2.0697632693  -3.9549078291
      
      
#  type   0  conf  1.0000
  -2.5834868671   2.0697632693  -3.9549078291
  -1.7434608404   1.3967755187  -4.5967404544
      
      
# 287  norm    -0.6313527954   -0.7754957432    0.0000000000
# nedges  13 
#  type   0  conf  1.0000
   1.5626909882  -1.2722304829  -4.5782467284
   1.8632420846  -1.5169175447  -4.3648541512
      
      
#  type   0  conf  1.0000
   1.8632420846  -1.5169175447  -4.3648541512
   2.3234156562  -1.8915577325  -3.9715888291
      
      
#  type   0  conf  1.0000
   2.3234156562  -1.8915577325  -3.9715888291
   2.3211973018  -1.8897517081  -3.7698909261
      
      
#  type   0  conf  1.0000
   2.3211973018  -1.8897517081  -3.7698909261
   1.7618191850  -1.4343463227  -2.9561214555
      
      
#  type   0  conf  1.0000
   1.7618191850  -1.4343463227  -2.9561214555
   1.7416594838  -1.4179337456  -2.9351378499
      
      
#  type   0  conf  1.0000
   1.7416594838  -1.4179337456  -2.9351378499
   0.0471233527  -0.0383644407  -1.5226347208
      
      
#  type   0  conf  1.0000
   0.0471233527  -0.0383644407  -1.5226347208
  -0.1566286434   0.1275157636  -1.3837825470
      
      
#  type   0  conf  1.0000
  -0.1566286434   0.1275157636  -1.3837825470
  -0.3477688683   0.2831283719  -1.5136509803
      
      
#  type   0  conf  1.0000
  -0.3477688683   0.2831283719  -1.5136509803
  -2.0190046617   1.6437282196  -2.8592665543
      
      
#  type   0  conf  1.0000
  -2.0190046617   1.6437282196  -2.8592665543
  -2.5686895618   2.0912420858  -3.7126106404
      
      
#  type   0  conf  1.0000
  -2.5686895618   2.0912420858  -3.7126106404
  -2.5747656657   2.0961888121  -3.9078705047
      
      
#  type   0  conf  1.0000
  -2.5747656657   2.0961888121  -3.9078705047
  -2.5672061550   2.0900344028  -3.9558787448
      
      
#  type   0  conf  1.0000
  -2.5672061550   2.0900344028  -3.9558787448
  -1.7336752238   1.4114335361  -4.5966500569
      
      
# 288  norm    -0.6374239897   -0.7705132428    0.0000000000
# nedges  15 
#  type   0  conf  1.0000
   1.5527949067  -1.2845836641  -4.5793366761
   1.8591472161  -1.5380203353  -4.3619041065
      
      
#  type   0  conf  1.0000
   1.8591472161  -1.5380203353  -4.3619041065
   2.3100967300  -1.9110782172  -3.9708101861
      
      
#  type   0  conf  1.0000
   2.3100967300  -1.9110782172  -3.9708101861
   2.3085996893  -1.9098397574  -3.7727758071
      
      
#  type   0  conf  1.0000
   2.3085996893  -1.9098397574  -3.7727758071
   1.7621164381  -1.4577494948  -2.9655538517
      
      
#  type   0  conf  1.0000
   1.7621164381  -1.4577494948  -2.9655538517
   1.7422610547  -1.4413236931  -2.9409593058
      
      
#  type   0  conf  1.0000
   1.7422610547  -1.4413236931  -2.9409593058
   0.0485766168  -0.0401860723  -1.5226410359
      
      
#  type   0  conf  1.0000
   0.0485766168  -0.0401860723  -1.5226410359
  -0.1554554780   0.1286039558  -1.3837109667
      
      
#  type   0  conf  1.0000
  -0.1554554780   0.1286039558  -1.3837109667
  -0.3468759626   0.2869607526  -1.5136771192
      
      
#  type   0  conf  1.0000
  -0.3468759626   0.2869607526  -1.5136771192
  -2.0112573328   1.6638567676  -2.8598706777
      
      
#  type   0  conf  1.0000
  -2.0112573328   1.6638567676  -2.8598706777
  -2.5524083065   2.1115357866  -3.7120534596
      
      
#  type   0  conf  1.0000
  -2.5524083065   2.1115357866  -3.7120534596
  -2.5609199391   2.1185772215  -3.9188085998
      
      
#  type   0  conf  1.0000
  -2.5609199391   2.1185772215  -3.9188085998
  -2.5482716187   2.1081136208  -3.9543941866
      
      
#  type   0  conf  1.0000
  -2.5482716187   2.1081136208  -3.9543941866
  -2.1992725763   1.8193965039  -4.2307464594
      
      
#  type   0  conf  1.0000
  -2.1992725763   1.8193965039  -4.2307464594
  -2.0702270927   1.7126407956  -4.3314950009
      
      
#  type   0  conf  1.0000
  -2.0702270927   1.7126407956  -4.3314950009
  -1.7224997003   1.4249756790  -4.5946023453
      
      
# 289  norm    -0.6434558647   -0.7654832135    0.0000000000
# nedges  15 
#  type   0  conf  1.0000
   1.5421041003  -1.2962739220  -4.5809056341
   1.8504544857  -1.5554694998  -4.3623302903
      
      
#  type   0  conf  1.0000
   1.8504544857  -1.5554694998  -4.3623302903
   2.2956166186  -1.9296673662  -3.9708702557
      
      
#  type   0  conf  1.0000
   2.2956166186  -1.9296673662  -3.9708702557
   2.2957347221  -1.9297666425  -3.7738166849
      
      
#  type   0  conf  1.0000
   2.2957347221  -1.9297666425  -3.7738166849
   1.7492490353  -1.4703974311  -2.9573120418
      
      
#  type   0  conf  1.0000
   1.7492490353  -1.4703974311  -2.9573120418
   1.7304746282  -1.4546158931  -2.9367167251
      
      
#  type   0  conf  1.0000
   1.7304746282  -1.4546158931  -2.9367167251
   0.0505575926  -0.0424980965  -1.5230849553
      
      
#  type   0  conf  1.0000
   0.0505575926  -0.0424980965  -1.5230849553
  -0.1539045183   0.1293702634  -1.3839930238
      
      
#  type   0  conf  1.0000
  -0.1539045183   0.1293702634  -1.3839930238
  -0.3441074706   0.2892525481  -1.5125386270
      
      
#  type   0  conf  1.0000
  -0.3441074706   0.2892525481  -1.5125386270
  -2.0021665835   1.6829968412  -2.8594610463
      
      
#  type   0  conf  1.0000
  -2.0021665835   1.6829968412  -2.8594610463
  -2.5379898030   2.1334033126  -3.7151436573
      
      
#  type   0  conf  1.0000
  -2.5379898030   2.1334033126  -3.7151436573
  -2.5438783356   2.1383531413  -3.9208466189
      
      
#  type   0  conf  1.0000
  -2.5438783356   2.1383531413  -3.9208466189
  -2.5331861447   2.1293654159  -3.9544356219
      
      
#  type   0  conf  1.0000
  -2.5331861447   2.1293654159  -3.9544356219
  -2.0569808819   1.7290730728  -4.3339293632
      
      
#  type   3  conf  0.0000
#  type   0  conf  1.0000
  -2.0474447137   1.7210570859  -4.3402792570
  -1.7122356632   1.4392844413  -4.5945528286
      
      
# 290  norm    -0.6494480483   -0.7604059656   -0.0000000000
# nedges  15 
#  type   0  conf  1.0000
   1.5375232437  -1.3131689059  -4.5781137435
   1.8419149677  -1.5731439982  -4.3622430225
      
      
#  type   0  conf  1.0000
   1.8419149677  -1.5731439982  -4.3622430225
   2.2813363262  -1.9484452932  -3.9704801929
      
      
#  type   0  conf  1.0000
   2.2813363262  -1.9484452932  -3.9704801929
   2.2820972274  -1.9490951643  -3.7745384483
      
      
#  type   0  conf  1.0000
   2.2820972274  -1.9490951643  -3.7745384483
   1.7373555182  -1.4838417918  -2.9504049612
      
      
#  type   0  conf  1.0000
   1.7373555182  -1.4838417918  -2.9504049612
   1.7229024255  -1.4714976845  -2.9362944039
      
      
#  type   0  conf  1.0000
   1.7229024255  -1.4714976845  -2.9362944039
   0.0501783459  -0.0428563560  -1.5215958709
      
      
#  type   0  conf  1.0000
   0.0501783459  -0.0428563560  -1.5215958709
  -0.1528800602   0.1305719066  -1.3841407409
      
      
#  type   0  conf  1.0000
  -0.1528800602   0.1305719066  -1.3841407409
  -0.3426138033   0.2926198320  -1.5122856321
      
      
#  type   0  conf  1.0000
  -0.3426138033   0.2926198320  -1.5122856321
  -1.9936830517   1.7027661874  -2.8601837554
      
      
#  type   0  conf  1.0000
  -1.9936830517   1.7027661874  -2.8601837554
  -2.5216042469   2.1536534837  -3.7159286120
      
      
#  type   0  conf  1.0000
  -2.5216042469   2.1536534837  -3.7159286120
  -2.5286618104   2.1596812124  -3.9208255676
      
      
#  type   0  conf  1.0000
  -2.5286618104   2.1596812124  -3.9208255676
  -2.5154626792   2.1484080893  -3.9536488184
      
      
#  type   0  conf  1.0000
  -2.5154626792   2.1484080893  -3.9536488184
  -2.0467794480   1.7481147940  -4.3340139018
      
      
#  type   3  conf  0.0000
#  type   3  conf  0.0000
# 291  norm    -0.6554001709   -0.7552818123    0.0000000000
# nedges  16 
#  type   0  conf  1.0000
   1.5216813066  -1.3204477748  -4.5828098150
   1.8149399173  -1.5749246343  -4.3753930048
      
      
#  type   0  conf  1.0000
   1.8149399173  -1.5749246343  -4.3753930048
   1.8633971573  -1.6169736852  -4.3359543429
      
      
#  type   0  conf  1.0000
   1.8633971573  -1.6169736852  -4.3359543429
   2.2689660852  -1.9689084734  -3.9658324476
      
      
#  type   0  conf  1.0000
   2.2689660852  -1.9689084734  -3.9658324476
   2.2671822368  -1.9673605286  -3.7749783093
      
      
#  type   0  conf  1.0000
   2.2671822368  -1.9673605286  -3.7749783093
   1.7356502651  -1.5061205790  -2.9582127401
      
      
#  type   0  conf  1.0000
   1.7356502651  -1.5061205790  -2.9582127401
   1.7148104588  -1.4880367162  -2.9352443873
      
      
#  type   0  conf  1.0000
   1.7148104588  -1.4880367162  -2.9352443873
   0.0583593398  -0.0506416554  -1.5273578569
      
      
#  type   0  conf  1.0000
   0.0583593398  -0.0506416554  -1.5273578569
  -0.1501786787   0.1303184190  -1.3830975101
      
      
#  type   0  conf  1.0000
  -0.1501786787   0.1303184190  -1.3830975101
  -0.3425803182   0.2972760571  -1.5135009499
      
      
#  type   0  conf  1.0000
  -0.3425803182   0.2972760571  -1.5135009499
  -1.9696947211   1.7092140124  -2.8474559366
      
      
#  type   0  conf  1.0000
  -1.9696947211   1.7092140124  -2.8474559366
  -1.9927601897   1.7292292065  -2.8729498589
      
      
#  type   0  conf  1.0000
  -1.9927601897   1.7292292065  -2.8729498589
  -2.5064937645   2.1750244941  -3.7208452336
      
      
#  type   0  conf  1.0000
  -2.5064937645   2.1750244941  -3.7208452336
  -2.5129207267   2.1806015278  -3.9406274289
      
      
#  type   0  conf  1.0000
  -2.5129207267   2.1806015278  -3.9406274289
  -2.0360893579   1.7668283433  -4.3343482395
      
      
#  type   3  conf  0.0000
#  type   3  conf  0.0000
# 292  norm    -0.6613118653   -0.7501110696   -0.0000000000
# nedges  14 
#  type   0  conf  1.0000
   1.5188102175  -1.3390113260  -4.5786473980
   1.8274441832  -1.6111087684  -4.3602462511
      
      
#  type   0  conf  1.0000
   1.8274441832  -1.6111087684  -4.3602462511
   2.2562018458  -1.9891094954  -3.9647701215
      
      
#  type   0  conf  1.0000
   2.2562018458  -1.9891094954  -3.9647701215
   2.2501877074  -1.9838073192  -3.7693428275
      
      
#  type   0  conf  1.0000
   2.2501877074  -1.9838073192  -3.7693428275
   1.7186904938  -1.5152294938  -2.9448375902
      
      
#  type   0  conf  1.0000
   1.7186904938  -1.5152294938  -2.9448375902
   0.0543367268  -0.0479042686  -1.5227438288
      
      
#  type   0  conf  1.0000
   0.0543367268  -0.0479042686  -1.5227438288
  -0.1504497355   0.1326392840  -1.3838831525
      
      
#  type   0  conf  1.0000
  -0.1504497355   0.1326392840  -1.3838831525
  -0.3425827591   0.3020273298  -1.5144549096
      
      
#  type   0  conf  1.0000
  -0.3425827591   0.3020273298  -1.5144549096
  -1.9739499872   1.7402710091  -2.8588233945
      
      
#  type   0  conf  1.0000
  -1.9739499872   1.7402710091  -2.8588233945
  -2.4816956400   2.1879090168  -3.7056883976
      
      
#  type   0  conf  1.0000
  -2.4816956400   2.1879090168  -3.7056883976
  -2.4916758422   2.1967077486  -3.7708903130
      
      
#  type   0  conf  1.0000
  -2.4916758422   2.1967077486  -3.7708903130
  -2.4964275316   2.2008969263  -3.9395022841
      
      
#  type   0  conf  1.0000
  -2.4964275316   2.2008969263  -3.9395022841
  -2.0561062598   1.8127015065  -4.3084947339
      
      
#  type   0  conf  1.0000
  -2.0561062598   1.8127015065  -4.3084947339
  -2.0153875095   1.7768030992  -4.3398837343
      
      
#  type   0  conf  1.0000
  -2.0153875095   1.7768030992  -4.3398837343
  -1.6798875089   1.4810200610  -4.5944903590
      
      
# 293  norm    -0.6671827669   -0.7448940566    0.0000000000
# nedges  14 
#  type   0  conf  1.0000
   1.5099742556  -1.3524457510  -4.5786374238
   1.8180871620  -1.6284146887  -4.3603114182
      
      
#  type   0  conf  1.0000
   1.8180871620  -1.6284146887  -4.3603114182
   2.2418190262  -2.0079406025  -3.9638304030
      
      
#  type   0  conf  1.0000
   2.2418190262  -2.0079406025  -3.9638304030
   2.2364361036  -2.0031192549  -3.7718724243
      
      
#  type   0  conf  1.0000
   2.2364361036  -2.0031192549  -3.7718724243
   1.7109938009  -1.5324938737  -2.9448361652
      
      
#  type   0  conf  1.0000
   1.7109938009  -1.5324938737  -2.9448361652
   0.0604671677  -0.0541589128  -1.5268427524
      
      
#  type   0  conf  1.0000
   0.0604671677  -0.0541589128  -1.5268427524
  -0.1471987119   0.1318421633  -1.3830551123
      
      
#  type   0  conf  1.0000
  -0.1471987119   0.1318421633  -1.3830551123
  -0.3400706954   0.3045927209  -1.5137206715
      
      
#  type   0  conf  1.0000
  -0.3400706954   0.3045927209  -1.5137206715
  -1.9643929003   1.7594570381  -2.8588342767
      
      
#  type   0  conf  1.0000
  -1.9643929003   1.7594570381  -2.8588342767
  -2.4640471006   2.2069846683  -3.7056998413
      
      
#  type   0  conf  1.0000
  -2.4640471006   2.2069846683  -3.7056998413
  -2.4745873115   2.2164252686  -3.7675252422
      
      
#  type   0  conf  1.0000
  -2.4745873115   2.2164252686  -3.7675252422
  -2.4795178087   2.2208413902  -3.9384978228
      
      
#  type   0  conf  1.0000
  -2.4795178087   2.2208413902  -3.9384978228
  -2.0443469951   1.8310698987  -4.3085975738
      
      
#  type   0  conf  1.0000
  -2.0443469951   1.8310698987  -4.3085975738
  -2.0016794749   1.7928536799  -4.3420729635
      
      
#  type   0  conf  1.0000
  -2.0016794749   1.7928536799  -4.3420729635
  -1.6687836090   1.4946872723  -4.5944809787
      
      
# 294  norm    -0.6730125135   -0.7396310950    0.0000000000
# nedges  15 
#  type   0  conf  1.0000
   1.4993849279  -1.3643353098  -4.5791139405
   1.8075750192  -1.6447667159  -4.3612356876
      
      
#  type   0  conf  1.0000
   1.8075750192  -1.6447667159  -4.3612356876
   2.2264948833  -2.0259544628  -3.9631568070
      
      
#  type   0  conf  1.0000
   2.2264948833  -2.0259544628  -3.9631568070
   2.2240998617  -2.0237751608  -3.7800986551
      
      
#  type   0  conf  1.0000
   2.2240998617  -2.0237751608  -3.7800986551
   1.7203865475  -1.5654313108  -2.9710759477
      
      
#  type   0  conf  1.0000
   1.7203865475  -1.5654313108  -2.9710759477
   1.6947569277  -1.5421101512  -2.9377415945
      
      
#  type   0  conf  1.0000
   1.6947569277  -1.5421101512  -2.9377415945
   0.0621931551  -0.0565914168  -1.5271824001
      
      
#  type   0  conf  1.0000
   0.0621931551  -0.0565914168  -1.5271824001
  -0.1462157345   0.1330460816  -1.3832665112
      
      
#  type   0  conf  1.0000
  -0.1462157345   0.1330460816  -1.3832665112
  -0.3369843036   0.3066321234  -1.5121905669
      
      
#  type   0  conf  1.0000
  -0.3369843036   0.3066321234  -1.5121905669
  -1.9544348082   1.7783988419  -2.8589493479
      
      
#  type   0  conf  1.0000
  -1.9544348082   1.7783988419  -2.8589493479
  -2.4482750251   2.2277588647  -3.7094354020
      
      
#  type   0  conf  1.0000
  -2.4482750251   2.2277588647  -3.7094354020
  -2.4583146408   2.2368942120  -3.7772778614
      
      
#  type   0  conf  1.0000
  -2.4583146408   2.2368942120  -3.7772778614
  -2.4621766716   2.2404083897  -3.9375626048
      
      
#  type   0  conf  1.0000
  -2.4621766716   2.2404083897  -3.9375626048
  -2.0348376862   1.8515598318  -4.3069101681
      
      
#  type   0  conf  1.0000
  -2.0348376862   1.8515598318  -4.3069101681
  -1.9965943373   1.8167610617  -4.3374492255
      
      
#  type   0  conf  1.0000
  -1.9965943373   1.8167610617  -4.3374492255
  -1.6573267666   1.5080513251  -4.5948631230
      
      
# 295  norm    -0.6788007455   -0.7343225094    0.0000000000
# nedges  15 
#  type   0  conf  1.0000
   1.4892475343  -1.3766462604  -4.5793694281
   1.7966405339  -1.6607974264  -4.3619907015
      
      
#  type   0  conf  1.0000
   1.7966405339  -1.6607974264  -4.3619907015
   2.2107921004  -2.0436351966  -3.9628598596
      
      
#  type   0  conf  1.0000
   2.2107921004  -2.0436351966  -3.9628598596
   2.2104273547  -2.0432980292  -3.8189815093
      
      
#  type   0  conf  1.0000
   2.2104273547  -2.0432980292  -3.8189815093
   2.1999967078  -2.0336560384  -3.7632457450
      
      
#  type   0  conf  1.0000
   2.1999967078  -2.0336560384  -3.7632457450
   1.6941104439  -1.5660195862  -2.9445342925
      
      
#  type   0  conf  1.0000
   1.6941104439  -1.5660195862  -2.9445342925
   0.0567244988  -0.0524355873  -1.5214601425
      
      
#  type   0  conf  1.0000
   0.0567244988  -0.0524355873  -1.5214601425
  -0.1462876604   0.1352269224  -1.3842695280
      
      
#  type   0  conf  1.0000
  -0.1462876604   0.1352269224  -1.3842695280
  -0.3371089435   0.3116203021  -1.5138859495
      
      
#  type   0  conf  1.0000
  -0.3371089435   0.3116203021  -1.5138859495
  -1.9431637125   1.7962420596  -2.8583549810
      
      
#  type   0  conf  1.0000
  -1.9431637125   1.7962420596  -2.8583549810
  -2.4361716414   2.2519739013  -3.7198342950
      
      
#  type   0  conf  1.0000
  -2.4361716414   2.2519739013  -3.7198342950
  -2.4452470623   2.2603631341  -3.9077749348
      
      
#  type   0  conf  1.0000
  -2.4452470623   2.2603631341  -3.9077749348
  -2.4291907128   2.2455207974  -3.9500969978
      
      
#  type   0  conf  1.0000
  -2.4291907128   2.2455207974  -3.9500969978
  -1.9928616543   1.8421823644  -4.3329812607
      
      
#  type   3  conf  0.0000
#  type   3  conf  0.0000
# 296  norm    -0.6845471059   -0.7289686274    0.0000000000
# nedges  15 
#  type   0  conf  1.0000
   1.4810059017  -1.3907571132  -4.5782116308
   1.7872542442  -1.6783434491  -4.3615231331
      
      
#  type   0  conf  1.0000
   1.7872542442  -1.6783434491  -4.3615231331
   2.1955207470  -2.0617312143  -3.9617301747
      
      
#  type   0  conf  1.0000
   2.1955207470  -2.0617312143  -3.9617301747
   2.1944858987  -2.0607594270  -3.7822621616
      
      
#  type   0  conf  1.0000
   2.1944858987  -2.0607594270  -3.7822621616
   1.6938929220  -1.5906713319  -2.9575348209
      
      
#  type   0  conf  1.0000
   1.6938929220  -1.5906713319  -2.9575348209
   1.6759003437  -1.5737751762  -2.9361887108
      
      
#  type   0  conf  1.0000
   1.6759003437  -1.5737751762  -2.9361887108
   0.0582077036  -0.0546606720  -1.5217714230
      
      
#  type   0  conf  1.0000
   0.0582077036  -0.0546606720  -1.5217714230
  -0.1451157369   0.1362727476  -1.3839538561
      
      
#  type   0  conf  1.0000
  -0.1451157369   0.1362727476  -1.3839538561
  -0.3353346540   0.3149002005  -1.5133808075
      
      
#  type   0  conf  1.0000
  -0.3353346540   0.3149002005  -1.5133808075
  -1.9332992753   1.8154888620  -2.8592549354
      
      
#  type   0  conf  1.0000
  -1.9332992753   1.8154888620  -2.8592549354
  -2.4126794702   2.2656568290  -3.7112501439
      
      
#  type   0  conf  1.0000
  -2.4126794702   2.2656568290  -3.7112501439
  -2.4244946281   2.2767520008  -3.7816816425
      
      
#  type   0  conf  1.0000
  -2.4244946281   2.2767520008  -3.7816816425
  -2.4247141235   2.2769581207  -3.9391698861
      
      
#  type   0  conf  1.0000
  -2.4247141235   2.2769581207  -3.9391698861
  -1.9780913651   1.8575514341  -4.3347430258
      
      
#  type   3  conf  0.0000
#  type   0  conf  1.0000
  -1.9685647521   1.8486053489  -4.3409794976
  -1.6338176608   1.5342569066  -4.5949276630
      
      
# 297  norm    -0.6902512402   -0.7235697792    0.0000000000
# nedges  18 
#  type   0  conf  1.0000
   1.4670530765  -1.3994990320  -4.5808845045
   1.7769609531  -1.6951364429  -4.3615183606
      
      
#  type   0  conf  1.0000
   1.7769609531  -1.6951364429  -4.3615183606
   2.1790125263  -2.0786745688  -3.9614268407
      
      
#  type   0  conf  1.0000
   2.1790125263  -2.0786745688  -3.9614268407
   2.1803750180  -2.0799743213  -3.8282071010
      
      
#  type   0  conf  1.0000
   2.1803750180  -2.0799743213  -3.8282071010
   2.1678010133  -2.0679793174  -3.7667943609
      
      
#  type   0  conf  1.0000
   2.1678010133  -2.0679793174  -3.7667943609
   1.7031356622  -1.6247106180  -2.9872607359
      
      
#  type   0  conf  1.0000
   1.7031356622  -1.6247106180  -2.9872607359
   1.6718432979  -1.5948591871  -2.9405121648
      
      
#  type   0  conf  1.0000
   1.6718432979  -1.5948591871  -2.9405121648
   0.0669684950  -0.0638847669  -1.5283859060
      
      
#  type   0  conf  1.0000
   0.0669684950  -0.0638847669  -1.5283859060
   0.0271485099  -0.0258983904  -1.5001280719
      
      
#  type   0  conf  1.0000
   0.0271485099  -0.0258983904  -1.5001280719
  -0.1435731273   0.1369619518  -1.3842568242
      
      
#  type   0  conf  1.0000
  -0.1435731273   0.1369619518  -1.3842568242
  -0.3325247033   0.3172127906  -1.5126045972
      
      
#  type   0  conf  1.0000
  -0.3325247033   0.3172127906  -1.5126045972
  -1.9217595339   1.8332674192  -2.8587994459
      
      
#  type   0  conf  1.0000
  -1.9217595339   1.8332674192  -2.8587994459
  -2.3942290110   2.2839808844  -3.7116082246
      
      
#  type   0  conf  1.0000
  -2.3942290110   2.2839808844  -3.7116082246
  -2.4058535898   2.2950701812  -3.7788243419
      
      
#  type   0  conf  1.0000
  -2.4058535898   2.2950701812  -3.7788243419
  -2.4088826829   2.2979597923  -3.9077896933
      
      
#  type   0  conf  1.0000
  -2.4088826829   2.2979597923  -3.9077896933
  -2.3949695600   2.2846873331  -3.9472566156
      
      
#  type   0  conf  1.0000
  -2.3949695600   2.2846873331  -3.9472566156
  -2.0247990797   1.9315622573  -4.2822994623
      
      
#  type   0  conf  1.0000
  -2.0247990797   1.9315622573  -4.2822994623
  -1.9632214665   1.8728201358  -4.3358345041
      
      
#  type   0  conf  1.0000
  -1.9632214665   1.8728201358  -4.3358345041
  -1.6220286143   1.5473383423  -4.5948796288
      
      
# 298  norm    -0.6959127966   -0.7181262978    0.0000000000
# nedges  17 
#  type   0  conf  1.0000
   1.4560608707  -1.4110211473  -4.5812822270
   1.7659986876  -1.7113717870  -4.3618131308
      
      
#  type   0  conf  1.0000
   1.7659986876  -1.7113717870  -4.3618131308
   2.1635004451  -2.0965777884  -3.9601734873
      
      
#  type   0  conf  1.0000
   2.1635004451  -2.0965777884  -3.9601734873
   2.1648669825  -2.0979020553  -3.8299362360
      
      
#  type   0  conf  1.0000
   2.1648669825  -2.0979020553  -3.8299362360
   2.1535203840  -2.0869064364  -3.7707980705
      
      
#  type   0  conf  1.0000
   2.1535203840  -2.0869064364  -3.7707980705
   1.6796390318  -1.6276834584  -2.9638317746
      
      
#  type   0  conf  1.0000
   1.6796390318  -1.6276834584  -2.9638317746
   1.6594108740  -1.6080810098  -2.9374794819
      
      
#  type   0  conf  1.0000
   1.6594108740  -1.6080810098  -2.9374794819
   0.0628908876  -0.0609455100  -1.5237967101
      
      
#  type   0  conf  1.0000
   0.0628908876  -0.0609455100  -1.5237967101
  -0.1414465015   0.1370711958  -1.3842512432
      
      
#  type   0  conf  1.0000
  -0.1414465015   0.1370711958  -1.3842512432
  -0.3304587501   0.3202368074  -1.5123732438
      
      
#  type   0  conf  1.0000
  -0.3304587501   0.3202368074  -1.5123732438
  -1.9003742379   1.8415907544  -2.8501453639
      
      
#  type   0  conf  1.0000
  -1.9003742379   1.8415907544  -2.8501453639
  -1.9187216352   1.8593706193  -2.8724872989
      
      
#  type   0  conf  1.0000
  -1.9187216352   1.8593706193  -2.8724872989
  -2.3861734616   2.3123629535  -3.7352431440
      
      
#  type   0  conf  1.0000
  -2.3861734616   2.3123629535  -3.7352431440
  -2.3911063062   2.3171432124  -3.9053344174
      
      
#  type   0  conf  1.0000
  -2.3911063062   2.3171432124  -3.9053344174
  -2.3764745246   2.3029640296  -3.9488352348
      
      
#  type   0  conf  1.0000
  -2.3764745246   2.3029640296  -3.9488352348
  -1.9563936374   1.8958773292  -4.3315241304
      
      
#  type   0  conf  1.0000
  -1.9563936374   1.8958773292  -4.3315241304
  -1.9386524747   1.8786849464  -4.3457207472
      
      
#  type   0  conf  1.0000
  -1.9386524747   1.8786849464  -4.3457207472
  -1.6102937746   1.5604832291  -4.5932649580
      
      
# 299  norm    -0.7015314258   -0.7126385189    0.0000000000
# nedges  16 
#  type   0  conf  1.0000
   1.4454440525  -1.4229155457  -4.5813478465
   1.7546877305  -1.7273393911  -4.3623994157
      
      
#  type   0  conf  1.0000
   1.7546877305  -1.7273393911  -4.3623994157
   2.1475284681  -2.1140573630  -3.9587218952
      
      
#  type   0  conf  1.0000
   2.1475284681  -2.1140573630  -3.9587218952
   2.1488150544  -2.1153238967  -3.8299669278
      
      
#  type   0  conf  1.0000
   2.1488150544  -2.1153238967  -3.8299669278
   2.1363239756  -2.1030275023  -3.7698309735
      
      
#  type   0  conf  1.0000
   2.1363239756  -2.1030275023  -3.7698309735
   1.6696661293  -1.6436429258  -2.9630425802
      
      
#  type   0  conf  1.0000
   1.6696661293  -1.6436429258  -2.9630425802
   1.6478108536  -1.6221282836  -2.9353615902
      
      
#  type   0  conf  1.0000
   1.6478108536  -1.6221282836  -2.9353615902
   0.0644174685  -0.0634134661  -1.5242579040
      
      
#  type   0  conf  1.0000
   0.0644174685  -0.0634134661  -1.5242579040
  -0.1405296240   0.1383393472  -1.3840690909
      
      
#  type   0  conf  1.0000
  -0.1405296240   0.1383393472  -1.3840690909
  -0.3296250918   0.3244875971  -1.5129541040
      
      
#  type   0  conf  1.0000
  -0.3296250918   0.3244875971  -1.5129541040
  -1.8990904013   1.8694914203  -2.8587733921
      
      
#  type   0  conf  1.0000
  -1.8990904013   1.8694914203  -2.8587733921
  -2.3655324394   2.3286635522  -3.7304395030
      
      
#  type   0  conf  1.0000
  -2.3655324394   2.3286635522  -3.7304395030
  -2.3734399707   2.3364478378  -3.9000704431
      
      
#  type   0  conf  1.0000
  -2.3734399707   2.3364478378  -3.9000704431
  -2.3595711461   2.3227951708  -3.9457737205
      
      
#  type   0  conf  1.0000
  -2.3595711461   2.3227951708  -3.9457737205
  -1.9439569683   1.9136587027  -4.3318830046
      
      
#  type   0  conf  1.0000
  -1.9439569683   1.9136587027  -4.3318830046
  -1.9268463392   1.8968147576  -4.3451198488
      
      
#  type   0  conf  1.0000
  -1.9268463392   1.8968147576  -4.3451198488
  -1.5981144418   1.5732064337  -4.5934982776
      
      
# 300  norm    -0.7071067812   -0.7071067812    0.0000000000
# nedges  16 
#  type   0  conf  1.0000
   1.4337690783  -1.4337690783  -4.5820213171
   1.7358930517  -1.7358930517  -4.3678082912
      
      
#  type   0  conf  1.0000
   1.7358930517  -1.7358930517  -4.3678082912
   1.7719252513  -1.7719252513  -4.3338830615
      
      
#  type   0  conf  1.0000
   1.7719252513  -1.7719252513  -4.3338830615
   2.1335253065  -2.1335253065  -3.9527897778
      
      
#  type   0  conf  1.0000
   2.1335253065  -2.1335253065  -3.9527897778
   2.1312854868  -2.1312854868  -3.7907188638
      
      
#  type   0  conf  1.0000
   2.1312854868  -2.1312854868  -3.7907188638
   1.6824282264  -1.6824282264  -3.0024328901
      
      
#  type   0  conf  1.0000
   1.6824282264  -1.6824282264  -3.0024328901
   1.6445577326  -1.6445577326  -2.9410153110
      
      
#  type   0  conf  1.0000
   1.6445577326  -1.6445577326  -2.9410153110
   0.0653871283  -0.0653871283  -1.5240024921
      
      
#  type   0  conf  1.0000
   0.0653871283  -0.0653871283  -1.5240024921
  -0.1390797997   0.1390797997  -1.3840082833
      
      
#  type   0  conf  1.0000
  -0.1390797997   0.1390797997  -1.3840082833
  -0.3286264718   0.3286264718  -1.5135132578
      
      
#  type   0  conf  1.0000
  -0.3286264718   0.3286264718  -1.5135132578
  -1.8870170171   1.8870170171  -2.8584922319
      
      
#  type   0  conf  1.0000
  -1.8870170171   1.8870170171  -2.8584922319
  -2.3359377170   2.3359377170  -3.7107561176
      
      
#  type   0  conf  1.0000
  -2.3359377170   2.3359377170  -3.7107561176
  -2.3508117765   2.3508117765  -3.7781926674
      
      
#  type   0  conf  1.0000
  -2.3508117765   2.3508117765  -3.7781926674
  -2.3540756758   2.3540756758  -3.9028095206
      
      
#  type   0  conf  1.0000
  -2.3540756758   2.3540756758  -3.9028095206
  -2.3403897689   2.3403897689  -3.9449990274
      
      
#  type   0  conf  1.0000
  -2.3403897689   2.3403897689  -3.9449990274
  -1.9316520088   1.9316520088  -4.3316331497
      
      
#  type   0  conf  1.0000
  -1.9316520088   1.9316520088  -4.3316331497
  -1.5857554426   1.5857554426  -4.5932894278
      
      
# 301  norm    -0.7126385189   -0.7015314258    0.0000000000
# nedges  18 
#  type   0  conf  1.0000
   1.4226138674  -1.4451375978  -4.5823936387
   1.7182054998  -1.7454092256  -4.3724796664
      
      
#  type   0  conf  1.0000
   1.7182054998  -1.7454092256  -4.3724796664
   1.7496374594  -1.7773388360  -4.3453618557
      
      
#  type   0  conf  1.0000
   1.7496374594  -1.7773388360  -4.3453618557
   2.1175437216  -2.1510700249  -3.9509059783
      
      
#  type   0  conf  1.0000
   2.1175437216  -2.1510700249  -3.9509059783
   2.1146986624  -2.1481799210  -3.7920886999
      
      
#  type   0  conf  1.0000
   2.1146986624  -2.1481799210  -3.7920886999
   1.6496354149  -1.6757534954  -2.9625576020
      
      
#  type   0  conf  1.0000
   1.6496354149  -1.6757534954  -2.9625576020
   1.6316441114  -1.6574773420  -2.9380942575
      
      
#  type   0  conf  1.0000
   1.6316441114  -1.6574773420  -2.9380942575
   0.0660994952  -0.0671460246  -1.5237066559
      
      
#  type   0  conf  1.0000
   0.0660994952  -0.0671460246  -1.5237066559
  -0.1374516726   0.1396278952  -1.3842867828
      
      
#  type   0  conf  1.0000
  -0.1374516726   0.1396278952  -1.3842867828
  -0.3264558618   0.3316245193  -1.5133232523
      
      
#  type   0  conf  1.0000
  -0.3264558618   0.3316245193  -1.5133232523
  -1.8657655434   1.8953055340  -2.8504034547
      
      
#  type   0  conf  1.0000
  -1.8657655434   1.8953055340  -2.8504034547
  -1.8842140741   1.9140461536  -2.8747223927
      
      
#  type   0  conf  1.0000
  -1.8842140741   1.9140461536  -2.8747223927
  -2.3149624565   2.3516144192  -3.7117719670
      
      
#  type   0  conf  1.0000
  -2.3149624565   2.3516144192  -3.7117719670
  -2.3317617576   2.3686796975  -3.7765150645
      
      
#  type   0  conf  1.0000
  -2.3317617576   2.3686796975  -3.7765150645
  -2.3353507881   2.3723255519  -3.9057076384
      
      
#  type   0  conf  1.0000
  -2.3353507881   2.3723255519  -3.9057076384
  -2.3178310478   2.3545284279  -3.9453869946
      
      
#  type   0  conf  1.0000
  -2.3178310478   2.3545284279  -3.9453869946
  -1.9939095501   2.0254783983  -4.2592739208
      
      
#  type   0  conf  1.0000
  -1.9939095501   2.0254783983  -4.2592739208
  -1.9120108440   1.9422830197  -4.3367062342
      
      
#  type   0  conf  1.0000
  -1.9120108440   1.9422830197  -4.3367062342
  -1.5732048161   1.5981127985  -4.5932727250
      
      
# 302  norm    -0.7181262978   -0.6959127966    0.0000000000
# nedges  17 
#  type   0  conf  1.0000
   1.4162493778  -1.4614559861  -4.5791781714
   1.7237760214  -1.7787988645  -4.3600795149
      
      
#  type   0  conf  1.0000
   1.7237760214  -1.7787988645  -4.3600795149
   2.1006979460  -2.1677521178  -3.9507649983
      
      
#  type   0  conf  1.0000
   2.1006979460  -2.1677521178  -3.9507649983
   2.0991313708  -2.1661355377  -3.8299433992
      
      
#  type   0  conf  1.0000
   2.0991313708  -2.1661355377  -3.8299433992
   2.0867096022  -2.1533172669  -3.7734764925
      
      
#  type   0  conf  1.0000
   2.0867096022  -2.1533172669  -3.7734764925
   1.6457592468  -1.6982917985  -2.9743193227
      
      
#  type   0  conf  1.0000
   1.6457592468  -1.6982917985  -2.9743193227
   1.6214918142  -1.6732497507  -2.9379084262
      
      
#  type   0  conf  1.0000
   1.6214918142  -1.6732497507  -2.9379084262
   0.0680951672  -0.0702687614  -1.5244826878
      
      
#  type   0  conf  1.0000
   0.0680951672  -0.0702687614  -1.5244826878
  -0.1355175889   0.1398433035  -1.3843648824
      
      
#  type   0  conf  1.0000
  -0.1355175889   0.1398433035  -1.3843648824
  -0.3243793271   0.3347334987  -1.5130430023
      
      
#  type   0  conf  1.0000
  -0.3243793271   0.3347334987  -1.5130430023
  -1.8624313604   1.9218800750  -2.8582794349
      
      
#  type   0  conf  1.0000
  -1.8624313604   1.9218800750  -2.8582794349
  -2.2963747859   2.3696749526  -3.7117278897
      
      
#  type   0  conf  1.0000
  -2.2963747859   2.3696749526  -3.7117278897
  -2.3128623762   2.3866888260  -3.7793356107
      
      
#  type   0  conf  1.0000
  -2.3128623762   2.3866888260  -3.7793356107
  -2.3162835880   2.3902192427  -3.9052851072
      
      
#  type   0  conf  1.0000
  -2.3162835880   2.3902192427  -3.9052851072
  -2.2960566102   2.3693466208  -3.9490363986
      
      
#  type   0  conf  1.0000
  -2.2960566102   2.3693466208  -3.9490363986
  -1.9040533788   1.9648306661  -4.3322118980
      
      
#  type   0  conf  1.0000
  -1.9040533788   1.9648306661  -4.3322118980
  -1.8966451588   1.9571859761  -4.3382853731
      
      
#  type   0  conf  1.0000
  -1.8966451588   1.9571859761  -4.3382853731
  -1.5605310625   1.6103431349  -4.5932232594
      
      
# 303  norm    -0.7235697792   -0.6902512402    0.0000000000
# nedges  16 
#  type   0  conf  1.0000
   1.4058140351  -1.4736729059  -4.5785842786
   1.7122620860  -1.7949132537  -4.3601096008
      
      
#  type   0  conf  1.0000
   1.7122620860  -1.7949132537  -4.3601096008
   2.0847889961  -2.1854220979  -3.9486012526
      
      
#  type   0  conf  1.0000
   2.0847889961  -2.1854220979  -3.9486012526
   2.0815177932  -2.1819929936  -3.8281191827
      
      
#  type   0  conf  1.0000
   2.0815177932  -2.1819929936  -3.8281191827
   2.0685715372  -2.1684218197  -3.7716195291
      
      
#  type   0  conf  1.0000
   2.0685715372  -2.1684218197  -3.7716195291
   1.6394601422  -1.7185971483  -2.9834300965
      
      
#  type   0  conf  1.0000
   1.6394601422  -1.7185971483  -2.9834300965
   1.6126616384  -1.6905050764  -2.9396277006
      
      
#  type   0  conf  1.0000
   1.6126616384  -1.6905050764  -2.9396277006
   0.0742947779  -0.0778809988  -1.5291887392
      
      
#  type   0  conf  1.0000
   0.0742947779  -0.0778809988  -1.5291887392
  -0.1313035160   0.1376415580  -1.3843448446
      
      
#  type   0  conf  1.0000
  -0.1313035160   0.1376415580  -1.3843448446
  -0.3187398144   0.3341254368  -1.5098375504
      
      
#  type   0  conf  1.0000
  -0.3187398144   0.3341254368  -1.5098375504
  -1.8496491656   1.9389320298  -2.8583870257
      
      
#  type   0  conf  1.0000
  -1.8496491656   1.9389320298  -2.8583870257
  -2.2773694577   2.3872984496  -3.7145702305
      
      
#  type   0  conf  1.0000
  -2.2773694577   2.3872984496  -3.7145702305
  -2.2948311070   2.4056029755  -3.7861722135
      
      
#  type   0  conf  1.0000
  -2.2948311070   2.4056029755  -3.7861722135
  -2.2950769185   2.4058606524  -3.9280023409
      
      
#  type   0  conf  1.0000
  -2.2950769185   2.4058606524  -3.9280023409
  -1.8887364755   1.9799060905  -4.3342373938
      
      
#  type   3  conf  0.0000
#  type   0  conf  1.0000
  -1.8817851521   1.9726192256  -4.3384537307
  -1.5471778384   1.6218603627  -4.5946598222
      
      
# 304  norm    -0.7289686274   -0.6845471059   -0.0000000000
# nedges  16 
#  type   0  conf  1.0000
   1.3878312326  -1.4778901553  -4.5832891840
   1.7007636374  -1.8111293198  -4.3594888961
      
      
#  type   0  conf  1.0000
   1.7007636374  -1.8111293198  -4.3594888961
   2.0680529610  -2.2022527236  -3.9473507038
      
      
#  type   0  conf  1.0000
   2.0680529610  -2.2022527236  -3.9473507038
   2.0632947638  -2.1971857581  -3.7953915594
      
      
#  type   0  conf  1.0000
   2.0632947638  -2.1971857581  -3.7953915594
   1.6165718393  -1.7214741609  -2.9613752897
      
      
#  type   0  conf  1.0000
   1.6165718393  -1.7214741609  -2.9613752897
   1.5992374162  -1.7030148753  -2.9369512615
      
      
#  type   0  conf  1.0000
   1.5992374162  -1.7030148753  -2.9369512615
   0.0751467330  -0.0800231428  -1.5291394208
      
      
#  type   0  conf  1.0000
   0.0751467330  -0.0800231428  -1.5291394208
  -0.1299507681   0.1383835126  -1.3841878947
      
      
#  type   0  conf  1.0000
  -0.1299507681   0.1383835126  -1.3841878947
  -0.3186948528   0.3393755483  -1.5112116132
      
      
#  type   0  conf  1.0000
  -0.3186948528   0.3393755483  -1.5112116132
  -1.8310181875   1.9498363274  -2.8532573337
      
      
#  type   0  conf  1.0000
  -1.8310181875   1.9498363274  -2.8532573337
  -1.8511996406   1.9713273921  -2.8864656734
      
      
#  type   0  conf  1.0000
  -1.8511996406   1.9713273921  -2.8864656734
  -2.2728732015   2.4203641263  -3.7495514125
      
      
#  type   0  conf  1.0000
  -2.2728732015   2.4203641263  -3.7495514125
  -2.2770966887   2.4248616834  -3.8950082733
      
      
#  type   0  conf  1.0000
  -2.2770966887   2.4248616834  -3.8950082733
  -2.2637135708   2.4106101104  -3.9365732540
      
      
#  type   0  conf  1.0000
  -2.2637135708   2.4106101104  -3.9365732540
  -1.8878366135   2.0103418056  -4.3219499297
      
      
#  type   0  conf  1.0000
  -1.8878366135   2.0103418056  -4.3219499297
  -1.8309022385   1.9497128543  -4.3668360667
      
      
#  type   0  conf  1.0000
  -1.8309022385   1.9497128543  -4.3668360667
  -1.5343229056   1.6338879426  -4.5946190244
      
      
# 305  norm    -0.7343225094   -0.6788007455   -0.0000000000
# nedges  17 
#  type   0  conf  1.0000
   1.3830052578  -1.4961266589  -4.5785039541
   1.6882348173  -1.8263221361  -4.3597414697
      
      
#  type   0  conf  1.0000
   1.6882348173  -1.8263221361  -4.3597414697
   2.0501006365  -2.2177863738  -3.9476918054
      
      
#  type   0  conf  1.0000
   2.0501006365  -2.2177863738  -3.9476918054
   2.0490496485  -2.2166494214  -3.8428175457
      
      
#  type   0  conf  1.0000
   2.0490496485  -2.2166494214  -3.8428175457
   2.0368081239  -2.2034066147  -3.7791997070
      
      
#  type   0  conf  1.0000
   2.0368081239  -2.2034066147  -3.7791997070
   1.5960377454  -1.7265839056  -2.9439976703
      
      
#  type   0  conf  1.0000
   1.5960377454  -1.7265839056  -2.9439976703
   0.0764981445  -0.0827552265  -1.5295469606
      
      
#  type   0  conf  1.0000
   0.0764981445  -0.0827552265  -1.5295469606
  -0.1297467320   0.1403592239  -1.3833421092
      
      
#  type   0  conf  1.0000
  -0.1297467320   0.1403592239  -1.3833421092
  -0.3214747892   0.3477694677  -1.5156182629
      
      
#  type   0  conf  1.0000
  -0.3214747892   0.3477694677  -1.5156182629
  -1.8062750787   1.9540173714  -2.8425574942
      
      
#  type   0  conf  1.0000
  -1.8062750787   1.9540173714  -2.8425574942
  -1.8310544007   1.9808234909  -2.8725081576
      
      
#  type   0  conf  1.0000
  -1.8310544007   1.9808234909  -2.8725081576
  -2.2400885892   2.4233141831  -3.7259707486
      
      
#  type   0  conf  1.0000
  -2.2400885892   2.4233141831  -3.7259707486
  -2.2550582787   2.4395083020  -3.7916181099
      
      
#  type   0  conf  1.0000
  -2.2550582787   2.4395083020  -3.7916181099
  -2.2571855135   2.4418095317  -3.8950164177
      
      
#  type   0  conf  1.0000
  -2.2571855135   2.4418095317  -3.8950164177
  -2.2433878684   2.4268833233  -3.9360563194
      
      
#  type   0  conf  1.0000
  -2.2433878684   2.4268833233  -3.9360563194
  -1.9107593442   2.0670478131  -4.2829227901
      
      
#  type   0  conf  1.0000
  -1.9107593442   2.0670478131  -4.2829227901
  -1.8592615375   2.0113377997  -4.3341050442
      
      
#  type   0  conf  1.0000
  -1.8592615375   2.0113377997  -4.3341050442
  -1.5213115294   1.6457455405  -4.5941958832
      
      
# 306  norm    -0.7396310950   -0.6730125135   -0.0000000000
# nedges  17 
#  type   0  conf  1.0000
   1.3708492456  -1.5065436500  -4.5789585385
   1.6763993893  -1.8423388734  -4.3589856946
      
      
#  type   0  conf  1.0000
   1.6763993893  -1.8423388734  -4.3589856946
   2.0323835492  -2.2335603569  -3.9476435340
      
      
#  type   0  conf  1.0000
   2.0323835492  -2.2335603569  -3.9476435340
   2.0320075586  -2.2331471487  -3.8419248691
      
      
#  type   0  conf  1.0000
   2.0320075586  -2.2331471487  -3.8419248691
   2.0165494231  -2.2161588796  -3.7755352950
      
      
#  type   0  conf  1.0000
   2.0165494231  -2.2161588796  -3.7755352950
   1.5845810128  -1.7414317952  -2.9436081892
      
      
#  type   0  conf  1.0000
   1.5845810128  -1.7414317952  -2.9436081892
   0.0798786936  -0.0877855380  -1.5317725879
      
      
#  type   0  conf  1.0000
   0.0798786936  -0.0877855380  -1.5317725879
  -0.1271831722   0.1397724812  -1.3839925469
      
      
#  type   0  conf  1.0000
  -0.1271831722   0.1397724812  -1.3839925469
  -0.3165902867   0.3479281822  -1.5130563558
      
      
#  type   0  conf  1.0000
  -0.3165902867   0.3479281822  -1.5130563558
  -1.8003549415   1.9785642466  -2.8488722399
      
      
#  type   0  conf  1.0000
  -1.8003549415   1.9785642466  -2.8488722399
  -1.8175349837   1.9974448664  -2.8740671732
      
      
#  type   0  conf  1.0000
  -1.8175349837   1.9974448664  -2.8740671732
  -2.2187464770   2.4383705404  -3.7242111094
      
      
#  type   0  conf  1.0000
  -2.2187464770   2.4383705404  -3.7242111094
  -2.2350850494   2.4563263970  -3.7915912043
      
      
#  type   0  conf  1.0000
  -2.2350850494   2.4563263970  -3.7915912043
  -2.2374720606   2.4589496881  -3.8950109884
      
      
#  type   0  conf  1.0000
  -2.2374720606   2.4589496881  -3.8950109884
  -2.2219009742   2.4418372876  -3.9358357099
      
      
#  type   0  conf  1.0000
  -2.2219009742   2.4418372876  -3.9358357099
  -1.8701369919   2.0552537186  -4.3096798485
      
      
#  type   0  conf  1.0000
  -1.8701369919   2.0552537186  -4.3096798485
  -1.8432413635   2.0256958089  -4.3353764142
      
      
#  type   0  conf  1.0000
  -1.8432413635   2.0256958089  -4.3353764142
  -1.5074620140   1.6566791221  -4.5944344189
      
      
# 307  norm    -0.7448940566   -0.6671827669   -0.0000000000
# nedges  15 
#  type   0  conf  1.0000
   1.3594408684  -1.5177841416  -4.5784432392
   1.6631057299  -1.8568189035  -4.3593987373
      
      
#  type   0  conf  1.0000
   1.6631057299  -1.8568189035  -4.3593987373
   2.0157620638  -2.2505515060  -3.9465037588
      
      
#  type   0  conf  1.0000
   2.0157620638  -2.2505515060  -3.9465037588
   2.0134754657  -2.2479985723  -3.8100958470
      
      
#  type   0  conf  1.0000
   2.0134754657  -2.2479985723  -3.8100958470
   1.5850901341  -1.7697163035  -2.9651770183
      
      
#  type   0  conf  1.0000
   1.5850901341  -1.7697163035  -2.9651770183
   1.5674698821  -1.7500437017  -2.9378617174
      
      
#  type   0  conf  1.0000
   1.5674698821  -1.7500437017  -2.9378617174
   0.0775019977  -0.0865291796  -1.5287301508
      
      
#  type   0  conf  1.0000
   0.0775019977  -0.0865291796  -1.5287301508
  -0.1275308223   0.1423851998  -1.3837226430
      
      
#  type   0  conf  1.0000
  -0.1275308223   0.1423851998  -1.3837226430
  -0.3181835019   0.3552444866  -1.5161689353
      
      
#  type   0  conf  1.0000
  -0.3181835019   0.3552444866  -1.5161689353
  -1.7958160229   2.0049868620  -2.8566292746
      
      
#  type   0  conf  1.0000
  -1.7958160229   2.0049868620  -2.8566292746
  -2.2131247687   2.4709023800  -3.7584118200
      
      
#  type   0  conf  1.0000
  -2.2131247687   2.4709023800  -3.7584118200
  -2.2177716315   2.4760904944  -3.8951326635
      
      
#  type   0  conf  1.0000
  -2.2177716315   2.4760904944  -3.8951326635
  -2.2010214984   2.4573893601  -3.9349876229
      
      
#  type   0  conf  1.0000
  -2.2010214984   2.4573893601  -3.9349876229
  -1.8559374635   2.0721110535  -4.3088418819
      
      
#  type   0  conf  1.0000
  -1.8559374635   2.0721110535  -4.3088418819
  -1.8306704734   2.0439010460  -4.3337379905
      
      
#  type   0  conf  1.0000
  -1.8306704734   2.0439010460  -4.3337379905
  -1.4942937074   1.6683442029  -4.5940999507
      
      
# 308  norm    -0.7501110696   -0.6613118653    0.0000000000
# nedges  17 
#  type   0  conf  1.0000
   1.3469567888  -1.5278225760  -4.5785805325
   1.6505540883  -1.8721861161  -4.3592024631
      
      
#  type   0  conf  1.0000
   1.6505540883  -1.8721861161  -4.3592024631
   1.9974433207  -2.2656547151  -3.9472694019
      
      
#  type   0  conf  1.0000
   1.9974433207  -2.2656547151  -3.9472694019
   1.9966459166  -2.2647502377  -3.8150446278
      
      
#  type   0  conf  1.0000
   1.9966459166  -2.2647502377  -3.8150446278
   1.5707995024  -1.7817222958  -2.9600071313
      
      
#  type   0  conf  1.0000
   1.5707995024  -1.7817222958  -2.9600071313
   1.5534871567  -1.7620852942  -2.9350917722
      
      
#  type   0  conf  1.0000
   1.5534871567  -1.7620852942  -2.9350917722
   0.0785812154  -0.0891328927  -1.5287217644
      
      
#  type   0  conf  1.0000
   0.0785812154  -0.0891328927  -1.5287217644
  -0.1263392963   0.1433038021  -1.3837264138
      
      
#  type   0  conf  1.0000
  -0.1263392963   0.1433038021  -1.3837264138
  -0.3187567403   0.3615585505  -1.5185388803
      
      
#  type   0  conf  1.0000
  -0.3187567403   0.3615585505  -1.5185388803
  -1.7691493483   2.0067060332  -2.8445027984
      
      
#  type   0  conf  1.0000
  -1.7691493483   2.0067060332  -2.8445027984
  -1.7898189667   2.0301511132  -2.8730745823
      
      
#  type   0  conf  1.0000
  -1.7898189667   2.0301511132  -2.8730745823
  -2.1813585265   2.4742655672  -3.7385666758
      
      
#  type   0  conf  1.0000
  -2.1813585265   2.4742655672  -3.7385666758
  -2.1957234552   2.4905593805  -3.8044136062
      
      
#  type   0  conf  1.0000
  -2.1957234552   2.4905593805  -3.8044136062
  -2.1958662284   2.4907213248  -3.8959109940
      
      
#  type   0  conf  1.0000
  -2.1958662284   2.4907213248  -3.8959109940
  -2.1805098711   2.4733029566  -3.9351146443
      
      
#  type   0  conf  1.0000
  -2.1805098711   2.4733029566  -3.9351146443
  -1.8459066238   2.0937700722  -4.3020908471
      
      
#  type   0  conf  1.0000
  -1.8459066238   2.0937700722  -4.3020908471
  -1.8152946626   2.0590476180  -4.3341307527
      
      
#  type   0  conf  1.0000
  -1.8152946626   2.0590476180  -4.3341307527
  -1.4805629460   1.6793690138  -4.5939970871
      
      
# 309  norm    -0.7552818123   -0.6554001709    0.0000000000
# nedges  14 
#  type   0  conf  1.0000
   1.3348109884  -1.5382334445  -4.5783067687
   1.6366460220  -1.8860675179  -4.3598748439
      
      
#  type   0  conf  1.0000
   1.6366460220  -1.8860675179  -4.3598748439
   1.9808769457  -2.2827585281  -3.9465000599
      
      
#  type   0  conf  1.0000
   1.9808769457  -2.2827585281  -3.9465000599
   1.9761449014  -2.2773053299  -3.8116951335
      
      
#  type   0  conf  1.0000
   1.9761449014  -2.2773053299  -3.8116951335
   1.5495577751  -1.7857072008  -2.9420448897
      
      
#  type   0  conf  1.0000
   1.5495577751  -1.7857072008  -2.9420448897
   0.0801892510  -0.0924099283  -1.5293781936
      
      
#  type   0  conf  1.0000
   0.0801892510  -0.0924099283  -1.5293781936
  -0.1245470638   0.1435277808  -1.3837537911
      
      
#  type   0  conf  1.0000
  -0.1245470638   0.1435277808  -1.3837537911
  -0.3171843794   0.3655226280  -1.5189562401
      
      
#  type   0  conf  1.0000
  -0.3171843794   0.3655226280  -1.5189562401
  -1.7671093164   2.0364131507  -2.8549645717
      
      
#  type   0  conf  1.0000
  -1.7671093164   2.0364131507  -2.8549645717
  -2.1719584357   2.5029604451  -3.7657395245
      
      
#  type   0  conf  1.0000
  -2.1719584357   2.5029604451  -3.7657395245
  -2.1765674707   2.5082718876  -3.8950453364
      
      
#  type   0  conf  1.0000
  -2.1765674707   2.5082718876  -3.8950453364
  -2.1572700757   2.4860336092  -3.9356664766
      
      
#  type   0  conf  1.0000
  -2.1572700757   2.4860336092  -3.9356664766
  -1.8377604183   2.1178313355  -4.2937511175
      
      
#  type   0  conf  1.0000
  -1.8377604183   2.1178313355  -4.2937511175
  -1.8000791558   2.0744075259  -4.3339894146
      
      
#  type   0  conf  1.0000
  -1.8000791558   2.0744075259  -4.3339894146
  -1.4671359377   1.6907244445  -4.5936289554
      
      
# 310  norm    -0.7604059656   -0.6494480483    0.0000000000
# nedges  14 
#  type   0  conf  1.0000
   1.3222201273  -1.5481208624  -4.5786117804
   1.6231617201  -1.9004781957  -4.3597443406
      
      
#  type   0  conf  1.0000
   1.6231617201  -1.9004781957  -4.3597443406
   1.9614337972  -2.2965439104  -3.9493706811
      
      
#  type   0  conf  1.0000
   1.9614337972  -2.2965439104  -3.9493706811
   1.9611689482  -2.2962338120  -3.8239527224
      
      
#  type   0  conf  1.0000
   1.9611689482  -2.2962338120  -3.8239527224
   1.5475000902  -1.8118898092  -2.9613864712
      
      
#  type   0  conf  1.0000
   1.5475000902  -1.8118898092  -2.9613864712
   1.5314503354  -1.7930979607  -2.9356162482
      
      
#  type   0  conf  1.0000
   1.5314503354  -1.7930979607  -2.9356162482
   0.0818705553  -0.0958581041  -1.5300583197
      
      
#  type   0  conf  1.0000
   0.0818705553  -0.0958581041  -1.5300583197
  -0.1229364787   0.1439401227  -1.3839082056
      
      
#  type   0  conf  1.0000
  -0.1229364787   0.1439401227  -1.3839082056
  -0.3133545471   0.3668910356  -1.5175069655
      
      
#  type   0  conf  1.0000
  -0.3133545471   0.3668910356  -1.5175069655
  -1.7516879762   2.0509631069  -2.8530680127
      
      
#  type   0  conf  1.0000
  -1.7516879762   2.0509631069  -2.8530680127
  -2.1512542426   2.5187950966  -3.7694974285
      
      
#  type   0  conf  1.0000
  -2.1512542426   2.5187950966  -3.7694974285
  -2.1562519990   2.5246467175  -3.9114138257
      
      
#  type   0  conf  1.0000
  -2.1562519990   2.5246467175  -3.9114138257
  -1.8296054938   2.1421927986  -4.2850888273
      
      
#  type   0  conf  1.0000
  -1.8296054938   2.1421927986  -4.2850888273
  -1.7875480818   2.0929498960  -4.3316923713
      
      
#  type   0  conf  1.0000
  -1.7875480818   2.0929498960  -4.3316923713
  -1.4519984943   1.7000718071  -4.5943018984
      
      
# 311  norm    -0.7654832135   -0.6434558647   -0.0000000000
# nedges  13 
#  type   0  conf  1.0000
   1.3044969824  -1.5518866123  -4.5826196503
   1.6091210454  -1.9142807086  -4.3600456921
      
      
#  type   0  conf  1.0000
   1.6091210454  -1.9142807086  -4.3600456921
   1.9451528078  -2.3140387767  -3.9482157905
      
      
#  type   0  conf  1.0000
   1.9451528078  -2.3140387767  -3.9482157905
   1.9395134365  -2.3073299342  -3.8178144738
      
      
#  type   0  conf  1.0000
   1.9395134365  -2.3073299342  -3.8178144738
   1.5241913172  -1.8132445929  -2.9398347655
      
      
#  type   0  conf  1.0000
   1.5241913172  -1.8132445929  -2.9398347655
   0.0854146433  -0.1016129920  -1.5328197411
      
      
#  type   0  conf  1.0000
   0.0854146433  -0.1016129920  -1.5328197411
  -0.1198369553   0.1425632785  -1.3839727089
      
      
#  type   0  conf  1.0000
  -0.1198369553   0.1425632785  -1.3839727089
  -0.3093093012   0.3679678605  -1.5159874968
      
      
#  type   0  conf  1.0000
  -0.3093093012   0.3679678605  -1.5159874968
  -1.7365642434   2.0658927058  -2.8518808489
      
      
#  type   0  conf  1.0000
  -1.7365642434   2.0658927058  -2.8518808489
  -2.1315758059   2.5358157212  -3.7761961173
      
      
#  type   0  conf  1.0000
  -2.1315758059   2.5358157212  -3.7761961173
  -2.1348448920   2.5397047688  -3.9100891770
      
      
#  type   0  conf  1.0000
  -2.1348448920   2.5397047688  -3.9100891770
  -1.8292813423   2.1761930181  -4.2663045796
      
      
#  type   0  conf  1.0000
  -1.8292813423   2.1761930181  -4.2663045796
  -1.7694722737   2.1050415366  -4.3340968240
      
      
#  type   0  conf  1.0000
  -1.7694722737   2.1050415366  -4.3340968240
  -1.4376533161   1.7102952053  -4.5931484185
      
      
# 312  norm    -0.7705132428   -0.6374239897    0.0000000000
# nedges  14 
#  type   0  conf  1.0000
   1.2920617941  -1.5618344129  -4.5821436695
   1.5935844825  -1.9263127321  -4.3614649340
      
      
#  type   0  conf  1.0000
   1.5935844825  -1.9263127321  -4.3614649340
   1.9252793996  -2.3272630106  -3.9519354887
      
      
#  type   0  conf  1.0000
   1.9252793996  -2.3272630106  -3.9519354887
   1.9243649908  -2.3261576803  -3.8306325614
      
      
#  type   0  conf  1.0000
   1.9243649908  -2.3261576803  -3.8306325614
   1.5341176617  -1.8544296941  -2.9874679612
      
      
#  type   0  conf  1.0000
   1.5341176617  -1.8544296941  -2.9874679612
   1.5056351235  -1.8200002198  -2.9331147503
      
      
#  type   0  conf  1.0000
   1.5056351235  -1.8200002198  -2.9331147503
   0.0845881190  -0.1022494712  -1.5311262911
      
      
#  type   0  conf  1.0000
   0.0845881190  -0.1022494712  -1.5311262911
  -0.1199367459   0.1449786210  -1.3839296835
      
      
#  type   0  conf  1.0000
  -0.1199367459   0.1449786210  -1.3839296835
  -0.3101594330   0.3749183500  -1.5187429729
      
      
#  type   0  conf  1.0000
  -0.3101594330   0.3749183500  -1.5187429729
  -1.7204790224   2.0797018814  -2.8496141996
      
      
#  type   0  conf  1.0000
  -1.7204790224   2.0797018814  -2.8496141996
  -2.1104973840   2.5511530933  -3.7791710635
      
      
#  type   0  conf  1.0000
  -2.1104973840   2.5511530933  -3.7791710635
  -2.1140703244   2.5554720363  -3.9075171281
      
      
#  type   0  conf  1.0000
  -2.1140703244   2.5554720363  -3.9075171281
  -1.8038646465   2.1804977859  -4.2766930695
      
      
#  type   0  conf  1.0000
  -1.8038646465   2.1804977859  -4.2766930695
  -1.7534550894   2.1195630989  -4.3342759681
      
      
#  type   0  conf  1.0000
  -1.7534550894   2.1195630989  -4.3342759681
  -1.4228152885   1.7198882368  -4.5935173229
      
      
# 313  norm    -0.7754957432   -0.6313527954    0.0000000000
# nedges  13 
#  type   0  conf  1.0000
   1.2802702051  -1.5725662440  -4.5815363626
   1.5797571067  -1.9404284266  -4.3610779440
      
      
#  type   0  conf  1.0000
   1.5797571067  -1.9404284266  -4.3610779440
   1.9065634143  -2.3418472565  -3.9538022893
      
      
#  type   0  conf  1.0000
   1.9065634143  -2.3418472565  -3.9538022893
   1.9057597790  -2.3408601447  -3.8332799245
      
      
#  type   0  conf  1.0000
   1.9057597790  -2.3408601447  -3.8332799245
   1.4980553975  -1.8400735566  -2.9373454563
      
      
#  type   0  conf  1.0000
   1.4980553975  -1.8400735566  -2.9373454563
   0.0880110255  -0.1081046542  -1.5338476498
      
      
#  type   0  conf  1.0000
   0.0880110255  -0.1081046542  -1.5338476498
  -0.1173376555   0.1441267909  -1.3831876048
      
      
#  type   0  conf  1.0000
  -0.1173376555   0.1441267909  -1.3831876048
  -0.3097613989   0.3804824307  -1.5204880468
      
      
#  type   0  conf  1.0000
  -0.3097613989   0.3804824307  -1.5204880468
  -1.7051780144   2.0944839416  -2.8485759420
      
      
#  type   0  conf  1.0000
  -1.7051780144   2.0944839416  -2.8485759420
  -2.0895801555   2.5666481994  -3.7823385213
      
      
#  type   0  conf  1.0000
  -2.0895801555   2.5666481994  -3.7823385213
  -2.0923206854   2.5700144144  -3.9076892947
      
      
#  type   0  conf  1.0000
  -2.0923206854   2.5700144144  -3.9076892947
  -1.7835531163   2.1907527129  -4.2806626390
      
      
#  type   0  conf  1.0000
  -1.7835531163   2.1907527129  -4.2806626390
  -1.7370583871   2.1336428610  -4.3343907475
      
      
#  type   0  conf  1.0000
  -1.7370583871   2.1336428610  -4.3343907475
  -1.4084461114   1.7300057460  -4.5934413786
      
      
# 314  norm    -0.7804304073   -0.6252426563    0.0000000000
# nedges  17 
#  type   0  conf  1.0000
   1.2679194583  -1.5826221857  -4.5809657818
   1.5526045331  -1.9379672451  -4.3706612406
      
      
#  type   0  conf  1.0000
   1.5526045331  -1.9379672451  -4.3706612406
   1.5776195965  -1.9691911482  -4.3454597349
      
      
#  type   0  conf  1.0000
   1.5776195965  -1.9691911482  -4.3454597349
   1.8752672406  -2.3407161389  -3.9717056931
      
      
#  type   0  conf  1.0000
   1.8752672406  -2.3407161389  -3.9717056931
   1.8879569238  -2.3565554527  -3.9313816427
      
      
#  type   0  conf  1.0000
   1.8879569238  -2.3565554527  -3.9313816427
   1.8873697911  -2.3558225914  -3.8380554592
      
      
#  type   0  conf  1.0000
   1.8873697911  -2.3558225914  -3.8380554592
   1.4935272755  -1.8642267736  -2.9555428420
      
      
#  type   0  conf  1.0000
   1.4935272755  -1.8642267736  -2.9555428420
   1.4534008828  -1.8141408483  -2.9046527287
      
      
#  type   0  conf  1.0000
   1.4534008828  -1.8141408483  -2.9046527287
   0.0864017671  -0.1078470344  -1.5314330631
      
      
#  type   0  conf  1.0000
   0.0864017671  -0.1078470344  -1.5314330631
  -0.1169051979   0.1459215399  -1.3842148976
      
      
#  type   0  conf  1.0000
  -0.1169051979   0.1459215399  -1.3842148976
  -0.2914101172   0.3637392846  -1.5090626237
      
      
#  type   0  conf  1.0000
  -0.2914101172   0.3637392846  -1.5090626237
  -0.4107185026   0.5126604928  -1.6194915764
      
      
#  type   0  conf  1.0000
  -0.4107185026   0.5126604928  -1.6194915764
  -1.6900788691   2.1095632662  -2.8483320108
      
      
#  type   0  conf  1.0000
  -1.6900788691   2.1095632662  -2.8483320108
  -2.0687840624   2.5822646170  -3.7853814076
      
      
#  type   0  conf  1.0000
  -2.0687840624   2.5822646170  -3.7853814076
  -2.0707871950   2.5847649353  -3.9067528660
      
      
#  type   0  conf  1.0000
  -2.0707871950   2.5847649353  -3.9067528660
  -1.7454123625   2.1786307560  -4.3065505214
      
      
#  type   0  conf  1.0000
  -1.7454123625   2.1786307560  -4.3065505214
  -1.7203375125   2.1473322270  -4.3340525666
      
      
#  type   0  conf  1.0000
  -1.7203375125   2.1473322270  -4.3340525666
  -1.3934163453   1.7392679066  -4.5946027817
      
      
# 315  norm    -0.7853169309   -0.6190939493    0.0000000000
# nedges  14 
#  type   0  conf  1.0000
   1.2555514998  -1.5926594848  -4.5805609206
   1.5358796488  -1.9482540467  -4.3721079070
      
      
#  type   0  conf  1.0000
   1.5358796488  -1.9482540467  -4.3721079070
   1.5616260972  -1.9809132608  -4.3472431740
      
      
#  type   0  conf  1.0000
   1.5616260972  -1.9809132608  -4.3472431740
   1.8690391258  -2.3708648286  -3.9577151500
      
      
#  type   0  conf  1.0000
   1.8690391258  -2.3708648286  -3.9577151500
   1.8685917378  -2.3702973196  -3.8412915208
      
      
#  type   0  conf  1.0000
   1.8685917378  -2.3702973196  -3.8412915208
   1.4711258374  -1.8661142284  -2.9344864121
      
      
#  type   0  conf  1.0000
   1.4711258374  -1.8661142284  -2.9344864121
   0.0918645943  -0.1165296824  -1.5361322965
      
      
#  type   0  conf  1.0000
   0.0918645943  -0.1165296824  -1.5361322965
  -0.1139781584   0.1445806047  -1.3832507246
      
      
#  type   0  conf  1.0000
  -0.1139781584   0.1445806047  -1.3832507246
  -0.3053338057   0.3873140860  -1.5207582648
      
      
#  type   0  conf  1.0000
  -0.3053338057   0.3873140860  -1.5207582648
  -1.6724594036   2.1215046397  -2.8443763029
      
      
#  type   0  conf  1.0000
  -1.6724594036   2.1215046397  -2.8443763029
  -2.0464352986   2.5958908009  -3.7828329844
      
      
#  type   0  conf  1.0000
  -2.0464352986   2.5958908009  -3.7828329844
  -2.0499624739   2.6003650015  -3.9054872945
      
      
#  type   0  conf  1.0000
  -2.0499624739   2.6003650015  -3.9054872945
  -1.7598561064   2.2323668287  -4.2675022245
      
      
#  type   0  conf  1.0000
  -1.7598561064   2.2323668287  -4.2675022245
  -1.7063190303   2.1644553714  -4.3319416935
      
      
#  type   0  conf  1.0000
  -1.7063190303   2.1644553714  -4.3319416935
  -1.3793199684   1.7496590388  -4.5941845257
      
      
# 316  norm    -0.7901550124   -0.6129070537   -0.0000000000
# nedges  16 
#  type   0  conf  1.0000
   1.2429745325  -1.6024331116  -4.5798027609
   1.5200121574  -1.9595878656  -4.3730135150
      
      
#  type   0  conf  1.0000
   1.5200121574  -1.9595878656  -4.3730135150
   1.5439333462  -1.9904268763  -4.3508545196
      
      
#  type   0  conf  1.0000
   1.5439333462  -1.9904268763  -4.3508545196
   1.8503376526  -2.3854409279  -3.9593042984
      
      
#  type   0  conf  1.0000
   1.8503376526  -2.3854409279  -3.9593042984
   1.8493833555  -2.3842106555  -3.8431643829
      
      
#  type   0  conf  1.0000
   1.8493833555  -2.3842106555  -3.8431643829
   1.4642978287  -1.8877613858  -2.9488829098
      
      
#  type   0  conf  1.0000
   1.4642978287  -1.8877613858  -2.9488829098
   1.3087454693  -1.6872244924  -2.7803378476
      
      
#  type   0  conf  1.0000
   1.3087454693  -1.6872244924  -2.7803378476
   0.0904674588  -0.1166299451  -1.5339528062
      
      
#  type   0  conf  1.0000
   0.0904674588  -0.1166299451  -1.5339528062
  -0.1138270837   0.1467449921  -1.3840612191
      
      
#  type   0  conf  1.0000
  -0.1138270837   0.1467449921  -1.3840612191
  -0.2940491166   0.3790858369  -1.5142879011
      
      
#  type   0  conf  1.0000
  -0.2940491166   0.3790858369  -1.5142879011
  -1.3958742527   1.7995502431  -2.5847409243
      
      
#  type   0  conf  1.0000
  -1.3958742527   1.7995502431  -2.5847409243
  -1.6614039568   2.1418690749  -2.8568875159
      
      
#  type   0  conf  1.0000
  -1.6614039568   2.1418690749  -2.8568875159
  -2.0246876313   2.6102115660  -3.7810066613
      
      
#  type   0  conf  1.0000
  -2.0246876313   2.6102115660  -3.7810066613
  -2.0276836307   2.6140739852  -3.9064468721
      
      
#  type   0  conf  1.0000
  -2.0276836307   2.6140739852  -3.9064468721
  -1.7186770165   2.2157050586  -4.2970888127
      
      
#  type   0  conf  1.0000
  -1.7186770165   2.2157050586  -4.2970888127
  -1.6867583340   2.1745557411  -4.3344408274
      
      
#  type   0  conf  1.0000
  -1.6867583340   2.1745557411  -4.3344408274
  -1.3638426821   1.7582553911  -4.5941019579
      
      
# 317  norm    -0.7949443534   -0.6066823510    0.0000000000
# nedges  16 
#  type   0  conf  1.0000
   1.2305558801  -1.6124145474  -4.5793899790
   1.5129906715  -1.9824927972  -4.3672291228
      
      
#  type   0  conf  1.0000
   1.5129906715  -1.9824927972  -4.3672291228
   1.5415742180  -2.0199462171  -4.3343834119
      
      
#  type   0  conf  1.0000
   1.5415742180  -2.0199462171  -4.3343834119
   1.8316031703  -2.3999752020  -3.9605801766
      
      
#  type   0  conf  1.0000
   1.8316031703  -2.3999752020  -3.9605801766
   1.8297659833  -2.3975679102  -3.8417271247
      
      
#  type   0  conf  1.0000
   1.8297659833  -2.3975679102  -3.8417271247
   1.4476836548  -1.8969201015  -2.9424009180
      
      
#  type   0  conf  1.0000
   1.4476836548  -1.8969201015  -2.9424009180
   1.1504260997  -1.5074193776  -2.6244276366
      
      
#  type   0  conf  1.0000
   1.1504260997  -1.5074193776  -2.6244276366
   0.0864136608  -0.1132290261  -1.5313067474
      
      
#  type   0  conf  1.0000
   0.0864136608  -0.1132290261  -1.5313067474
  -0.1109438708   0.1453713026  -1.3833572288
      
      
#  type   0  conf  1.0000
  -0.1109438708   0.1453713026  -1.3833572288
  -0.2909012933   0.3811720254  -1.5138513970
      
      
#  type   0  conf  1.0000
  -0.2909012933   0.3811720254  -1.5138513970
  -1.3841837369   1.8137152728  -2.5846215845
      
      
#  type   0  conf  1.0000
  -1.3841837369   1.8137152728  -2.5846215845
  -1.6448222804   2.1552335946  -2.8563658330
      
      
#  type   0  conf  1.0000
  -1.6448222804   2.1552335946  -2.8563658330
  -2.0024773971   2.6238740866  -3.7772182791
      
      
#  type   0  conf  1.0000
  -2.0024773971   2.6238740866  -3.7772182791
  -2.0058970194   2.6283548655  -3.9068366846
      
      
#  type   0  conf  1.0000
  -2.0058970194   2.6283548655  -3.9068366846
  -1.6940972786   2.2197993126  -4.3060953309
      
      
#  type   0  conf  1.0000
  -1.6940972786   2.2197993126  -4.3060953309
  -1.6690963733   2.1870402774  -4.3349522622
      
      
#  type   0  conf  1.0000
  -1.6690963733   2.1870402774  -4.3349522622
  -1.3490406202   1.7676667563  -4.5936059338
      
      
# 318  norm    -0.7996846585   -0.6004202253    0.0000000000
# nedges  17 
#  type   0  conf  1.0000
   1.2176994825  -1.6218234392  -4.5784683632
   1.4929729356  -1.9884532561  -4.3709659697
      
      
#  type   0  conf  1.0000
   1.4929729356  -1.9884532561  -4.3709659697
   1.5126875550  -2.0147106639  -4.3522402520
      
      
#  type   0  conf  1.0000
   1.5126875550  -2.0147106639  -4.3522402520
   1.8121988022  -2.4136221918  -3.9621774403
      
      
#  type   0  conf  1.0000
   1.8121988022  -2.4136221918  -3.9621774403
   1.8107238576  -2.4116577500  -3.8421558922
      
      
#  type   0  conf  1.0000
   1.8107238576  -2.4116577500  -3.8421558922
   1.4340235963  -1.9099401077  -2.9425822576
      
      
#  type   0  conf  1.0000
   1.4340235963  -1.9099401077  -2.9425822576
   1.1388109963  -1.5167538404  -2.6214711705
      
      
#  type   0  conf  1.0000
   1.1388109963  -1.5167538404  -2.6214711705
   0.0923016192  -0.1229342146  -1.5370179027
      
      
#  type   0  conf  1.0000
   0.0923016192  -0.1229342146  -1.5370179027
   0.0669601278  -0.0891825169  -1.5155523416
      
      
#  type   0  conf  1.0000
   0.0669601278  -0.0891825169  -1.5155523416
  -0.1109162767   0.1477266107  -1.3841462224
      
      
#  type   0  conf  1.0000
  -0.1109162767   0.1477266107  -1.3841462224
  -0.2895357061   0.3856253546  -1.5153951327
      
      
#  type   0  conf  1.0000
  -0.2895357061   0.3856253546  -1.5153951327
  -1.3760489299   1.8327251018  -2.5880925194
      
      
#  type   0  conf  1.0000
  -1.3760489299   1.8327251018  -2.5880925194
  -1.6287434004   2.1692825374  -2.8570344053
      
      
#  type   0  conf  1.0000
  -1.6287434004   2.1692825374  -2.8570344053
  -1.9805293850   2.6378174786  -3.7738326139
      
      
#  type   0  conf  1.0000
  -1.9805293850   2.6378174786  -3.7738326139
  -1.9838935044   2.6422980649  -3.9067011196
      
      
#  type   0  conf  1.0000
  -1.9838935044   2.6422980649  -3.9067011196
  -1.6837219420   2.2425070798  -4.2971738943
      
      
#  type   0  conf  1.0000
  -1.6837219420   2.2425070798  -4.2971738943
  -1.6523445768   2.2007163530  -4.3349583031
      
      
#  type   0  conf  1.0000
  -1.6523445768   2.2007163530  -4.3349583031
  -1.3333455617   1.7758495554  -4.5929832488
      
      
# 319  norm    -0.8043756353   -0.5941210629    0.0000000000
# nedges  17 
#  type   0  conf  1.0000
   1.2036908406  -1.6296671588  -4.5788058312
   1.4877643655  -2.0142719748  -4.3633781620
      
      
#  type   0  conf  1.0000
   1.4877643655  -2.0142719748  -4.3633781620
   1.7864364999  -2.4186417284  -3.9746051476
      
      
#  type   0  conf  1.0000
   1.7864364999  -2.4186417284  -3.9746051476
   1.7924731468  -2.4268146952  -3.9325106667
      
      
#  type   0  conf  1.0000
   1.7924731468  -2.4268146952  -3.9325106667
   1.7910832920  -2.4249329822  -3.8393365094
      
      
#  type   0  conf  1.0000
   1.7910832920  -2.4249329822  -3.8393365094
   1.4192644643  -1.9215305202  -2.9417655693
      
      
#  type   0  conf  1.0000
   1.4192644643  -1.9215305202  -2.9417655693
   1.1258577054  -1.5242895153  -2.6173922510
      
      
#  type   0  conf  1.0000
   1.1258577054  -1.5242895153  -2.6173922510
   0.0835760886  -0.1131529810  -1.5278197195
      
      
#  type   0  conf  1.0000
   0.0835760886  -0.1131529810  -1.5278197195
  -0.1090102200   0.1475880430  -1.3840969236
      
      
#  type   0  conf  1.0000
  -0.1090102200   0.1475880430  -1.3840969236
  -0.2866823109   0.3881368300  -1.5153309581
      
      
#  type   0  conf  1.0000
  -0.2866823109   0.3881368300  -1.5153309581
  -1.3626554260   1.8448880075  -2.5868210469
      
      
#  type   0  conf  1.0000
  -1.3626554260   1.8448880075  -2.5868210469
  -1.6016583048   2.1684720452  -2.8458171873
      
      
#  type   0  conf  1.0000
  -1.6016583048   2.1684720452  -2.8458171873
  -1.6184505926   2.1912069860  -2.8727262115
      
      
#  type   0  conf  1.0000
  -1.6184505926   2.1912069860  -2.8727262115
  -1.9588916154   2.6521272952  -3.7720945694
      
      
#  type   0  conf  1.0000
  -1.9588916154   2.6521272952  -3.7720945694
  -1.9613692124   2.6554816935  -3.9087322240
      
      
#  type   0  conf  1.0000
  -1.9613692124   2.6554816935  -3.9087322240
  -1.6576676330   2.2443026155  -4.3078818355
      
      
#  type   0  conf  1.0000
  -1.6576676330   2.2443026155  -4.3078818355
  -1.6346417965   2.2131281242  -4.3353248047
      
      
#  type   0  conf  1.0000
  -1.6346417965   2.2131281242  -4.3353248047
  -1.3183433968   1.7848943145  -4.5924542958
      
      
# 320  norm    -0.8090169944   -0.5877852523    0.0000000000
# nedges  16 
#  type   0  conf  1.0000
   1.1896640364  -1.6374320711  -4.5791046216
   1.4721584056  -2.0262522135  -4.3633812412
      
      
#  type   0  conf  1.0000
   1.4721584056  -2.0262522135  -4.3633812412
   1.7706382916  -2.4370745322  -3.9715404239
      
      
#  type   0  conf  1.0000
   1.7706382916  -2.4370745322  -3.9715404239
   1.7728015378  -2.4400519853  -3.8402292438
      
      
#  type   0  conf  1.0000
   1.7728015378  -2.4400519853  -3.8402292438
   1.4053586048  -1.9343101754  -2.9423302497
      
      
#  type   0  conf  1.0000
   1.4053586048  -1.9343101754  -2.9423302497
   1.1215175377  -1.5436364624  -2.6222963562
      
      
#  type   0  conf  1.0000
   1.1215175377  -1.5436364624  -2.6222963562
   0.0839251618  -0.1155130754  -1.5279374818
      
      
#  type   0  conf  1.0000
   0.0839251618  -0.1155130754  -1.5279374818
  -0.1075517366   0.1480322658  -1.3838487520
      
      
#  type   0  conf  1.0000
  -0.1075517366   0.1480322658  -1.3838487520
  -0.2835407433   0.3902603528  -1.5150271550
      
      
#  type   0  conf  1.0000
  -0.2835407433   0.3902603528  -1.5150271550
  -1.3497932038   1.8578309621  -2.5859788931
      
      
#  type   0  conf  1.0000
  -1.3497932038   1.8578309621  -2.5859788931
  -1.5857568035   2.1826069945  -2.8467714474
      
      
#  type   0  conf  1.0000
  -1.5857568035   2.1826069945  -2.8467714474
  -1.6007138123   2.2031935511  -2.8708471422
      
      
#  type   0  conf  1.0000
  -1.6007138123   2.2031935511  -2.8708471422
  -1.9352030830   2.6635785359  -3.7625063093
      
      
#  type   0  conf  1.0000
  -1.9352030830   2.6635785359  -3.7625063093
  -1.9397738569   2.6698696664  -3.9084103927
      
      
#  type   0  conf  1.0000
  -1.9397738569   2.6698696664  -3.9084103927
  -1.6627143396   2.2885299559  -4.2773591933
      
      
#  type   0  conf  1.0000
  -1.6627143396   2.2885299559  -4.2773591933
  -1.6199180175   2.2296258719  -4.3320940348
      
      
#  type   0  conf  1.0000
  -1.6199180175   2.2296258719  -4.3320940348
  -1.3024466390   1.7926640062  -4.5943667018
      
      
# 321  norm    -0.8136084495   -0.5814131843    0.0000000000
# nedges  15 
#  type   0  conf  1.0000
   1.1711570374  -1.6388745336  -4.5826248278
   1.4560780496  -2.0375826283  -4.3637294293
      
      
#  type   0  conf  1.0000
   1.4560780496  -2.0375826283  -4.3637294293
   1.7508627796  -2.4500936507  -3.9730364138
      
      
#  type   0  conf  1.0000
   1.7508627796  -2.4500936507  -3.9730364138
   1.7532532117  -2.4534387345  -3.8377557562
      
      
#  type   0  conf  1.0000
   1.7532532117  -2.4534387345  -3.8377557562
   1.3915482565  -1.9472819845  -2.9434088980
      
      
#  type   0  conf  1.0000
   1.3915482565  -1.9472819845  -2.9434088980
   1.1138018566  -1.5586137811  -2.6239564899
      
      
#  type   0  conf  1.0000
   1.1138018566  -1.5586137811  -2.6239564899
   0.0838733779  -0.1173693524  -1.5275612415
      
      
#  type   0  conf  1.0000
   0.0838733779  -0.1173693524  -1.5275612415
  -0.1056576849   0.1478535188  -1.3839724859
      
      
#  type   0  conf  1.0000
  -0.1056576849   0.1478535188  -1.3839724859
  -0.2794491211   0.3910509295  -1.5138896298
      
      
#  type   0  conf  1.0000
  -0.2794491211   0.3910509295  -1.5138896298
  -1.3382283841   1.8726680957  -2.5868471334
      
      
#  type   0  conf  1.0000
  -1.3382283841   1.8726680957  -2.5868471334
  -1.5791926888   2.2098647737  -2.8587141376
      
      
#  type   0  conf  1.0000
  -1.5791926888   2.2098647737  -2.8587141376
  -1.9112681711   2.6745591177  -3.7538418837
      
      
#  type   0  conf  1.0000
  -1.9112681711   2.6745591177  -3.7538418837
  -1.9173407998   2.6830569332  -3.9116736300
      
      
#  type   0  conf  1.0000
  -1.9173407998   2.6830569332  -3.9116736300
  -1.6207094939   2.2679618798  -4.3084716728
      
      
#  type   0  conf  1.0000
  -1.6207094939   2.2679618798  -4.3084716728
  -1.5999387433   2.2388960474  -4.3342502692
      
      
#  type   0  conf  1.0000
  -1.5999387433   2.2388960474  -4.3342502692
  -1.2859990815   1.7995803105  -4.5944650114
      
      
# 322  norm    -0.8181497174   -0.5750052520    0.0000000000
# nedges  17 
#  type   0  conf  1.0000
   1.1585574779  -1.6484605484  -4.5813227009
   1.4400827205  -2.0490304509  -4.3637309673
      
      
#  type   0  conf  1.0000
   1.4400827205  -2.0490304509  -4.3637309673
   1.7315969717  -2.4638132748  -3.9738025910
      
      
#  type   0  conf  1.0000
   1.7315969717  -2.4638132748  -3.9738025910
   1.7331087443  -2.4659643097  -3.8337395808
      
      
#  type   0  conf  1.0000
   1.7331087443  -2.4659643097  -3.8337395808
   1.3819530248  -1.9663202600  -2.9562617484
      
      
#  type   0  conf  1.0000
   1.3819530248  -1.9663202600  -2.9562617484
   1.3668626027  -1.9448487613  -2.9313860731
      
      
#  type   0  conf  1.0000
   1.3668626027  -1.9448487613  -2.9313860731
   1.1035687542  -1.5702195088  -2.6230149988
      
      
#  type   0  conf  1.0000
   1.1035687542  -1.5702195088  -2.6230149988
   0.0836329494  -0.1189976503  -1.5273271097
      
      
#  type   0  conf  1.0000
   0.0836329494  -0.1189976503  -1.5273271097
  -0.1044776546   0.1486566659  -1.3839449957
      
      
#  type   0  conf  1.0000
  -0.1044776546   0.1486566659  -1.3839449957
  -0.2768658206   0.3939402155  -1.5142571638
      
      
#  type   0  conf  1.0000
  -0.2768658206   0.3939402155  -1.5142571638
  -1.3268480627   1.8879138299  -2.5880090993
      
      
#  type   0  conf  1.0000
  -1.3268480627   1.8879138299  -2.5880090993
  -1.5619918647   2.2224896176  -2.8587476115
      
      
#  type   0  conf  1.0000
  -1.5619918647   2.2224896176  -2.8587476115
  -1.8901550599   2.6894186143  -3.7537403179
      
      
#  type   0  conf  1.0000
  -1.8901550599   2.6894186143  -3.7537403179
  -1.8927091366   2.6930526978  -3.8927289768
      
      
#  type   0  conf  1.0000
  -1.8927091366   2.6930526978  -3.8927289768
  -1.8876196155   2.6858110418  -3.9237533713
      
      
#  type   0  conf  1.0000
  -1.8876196155   2.6858110418  -3.9237533713
  -1.5944617450   2.2686895841  -4.3189538445
      
      
#  type   0  conf  1.0000
  -1.5944617450   2.2686895841  -4.3189538445
  -1.5817906781   2.2506604796  -4.3345421833
      
      
#  type   0  conf  1.0000
  -1.5817906781   2.2506604796  -4.3345421833
  -1.2704327323   1.8076429341  -4.5939626759
      
      
# 323  norm    -0.8226405180   -0.5685618507   -0.0000000000
# nedges  16 
#  type   0  conf  1.0000
   1.1453725128  -1.6572160726  -4.5803815968
   1.4239646711  -2.0603053708  -4.3639208307
      
      
#  type   0  conf  1.0000
   1.4239646711  -2.0603053708  -4.3639208307
   1.7111436845  -2.4758188140  -3.9757581083
      
      
#  type   0  conf  1.0000
   1.7111436845  -2.4758188140  -3.9757581083
   1.7135415376  -2.4792882188  -3.8892334603
      
      
#  type   0  conf  1.0000
   1.7135415376  -2.4792882188  -3.8892334603
   1.7091698399  -2.4729628987  -3.8195244805
      
      
#  type   0  conf  1.0000
   1.7091698399  -2.4729628987  -3.8195244805
   1.3616587331  -1.9701561829  -2.9422811850
      
      
#  type   0  conf  1.0000
   1.3616587331  -1.9701561829  -2.9422811850
   1.0927992055  -1.5811488291  -2.6215044683
      
      
#  type   0  conf  1.0000
   1.0927992055  -1.5811488291  -2.6215044683
   0.0849458865  -0.1229064665  -1.5284286676
      
      
#  type   0  conf  1.0000
   0.0849458865  -0.1229064665  -1.5284286676
  -0.1019241136   0.1474719162  -1.3839544521
      
      
#  type   0  conf  1.0000
  -0.1019241136   0.1474719162  -1.3839544521
  -0.2717885482   0.3932452938  -1.5120472130
      
      
#  type   0  conf  1.0000
  -0.2717885482   0.3932452938  -1.5120472130
  -1.3145773146   1.9020350410  -2.5884216936
      
      
#  type   0  conf  1.0000
  -1.3145773146   1.9020350410  -2.5884216936
  -1.5447251687   2.2350312658  -2.8589602687
      
      
#  type   0  conf  1.0000
  -1.5447251687   2.2350312658  -2.8589602687
  -1.8667612775   2.7009787280  -3.7472437010
      
      
#  type   0  conf  1.0000
  -1.8667612775   2.7009787280  -3.7472437010
  -1.8701927218   2.7059436146  -3.9184872879
      
      
#  type   0  conf  1.0000
  -1.8701927218   2.7059436146  -3.9184872879
  -1.5866952862   2.2957569708  -4.3045194809
      
      
#  type   0  conf  1.0000
  -1.5866952862   2.2957569708  -4.3045194809
  -1.5640074218   2.2629303637  -4.3344219065
      
      
#  type   0  conf  1.0000
  -1.5640074218   2.2629303637  -4.3344219065
  -1.2545140368   1.8151307122  -4.5931514242
      
      
# 324  norm    -0.8270805743   -0.5620833779   -0.0000000000
# nedges  16 
#  type   0  conf  1.0000
   1.1326125271  -1.6665887238  -4.5792720118
   1.4072427834  -2.0706948743  -4.3642111718
      
      
#  type   0  conf  1.0000
   1.4072427834  -2.0706948743  -4.3642111718
   1.6862456075  -2.4812350629  -3.9840342682
      
      
#  type   0  conf  1.0000
   1.6862456075  -2.4812350629  -3.9840342682
   1.6933195638  -2.4916440735  -3.9429010282
      
      
#  type   0  conf  1.0000
   1.6933195638  -2.4916440735  -3.9429010282
   1.6912458293  -2.4885926658  -3.8227367682
      
      
#  type   0  conf  1.0000
   1.6912458293  -2.4885926658  -3.8227367682
   1.3577365801  -1.9978487083  -2.9697002599
      
      
#  type   0  conf  1.0000
   1.3577365801  -1.9978487083  -2.9697002599
   1.3430115537  -1.9761814899  -2.9375804842
      
      
#  type   0  conf  1.0000
   1.3430115537  -1.9761814899  -2.9375804842
   1.0825160703  -1.5928740262  -2.6207146744
      
      
#  type   0  conf  1.0000
   1.0825160703  -1.5928740262  -2.6207146744
   0.0867881072  -0.1277048217  -1.5302916693
      
      
#  type   0  conf  1.0000
   0.0867881072  -0.1277048217  -1.5302916693
  -0.0984987107   0.1449364514  -1.3841075847
      
      
#  type   0  conf  1.0000
  -0.0984987107   0.1449364514  -1.3841075847
  -0.2667096736   0.3924513670  -1.5097034756
      
      
#  type   0  conf  1.0000
  -0.2667096736   0.3924513670  -1.5097034756
  -1.2987481605   1.9110498847  -2.5853046037
      
      
#  type   0  conf  1.0000
  -1.2987481605   1.9110498847  -2.5853046037
  -1.5262478958   2.2458055795  -2.8572525499
      
      
#  type   0  conf  1.0000
  -1.5262478958   2.2458055795  -2.8572525499
  -1.8436075243   2.7127860919  -3.7421656052
      
      
#  type   0  conf  1.0000
  -1.8436075243   2.7127860919  -3.7421656052
  -1.8477409752   2.7188682802  -3.9199076958
      
      
#  type   0  conf  1.0000
  -1.8477409752   2.7188682802  -3.9199076958
  -1.5478802369   2.2776366028  -4.3320620812
      
      
#  type   0  conf  1.0000
  -1.5478802369   2.2776366028  -4.3320620812
  -1.2383810584   1.8222223915  -4.5942277429
      
      
# 325  norm    -0.8314696123   -0.5555702330    0.0000000000
# nedges  17 
#  type   0  conf  1.0000
   1.1185492588  -1.6740272666  -4.5789538072
   1.3856801562  -2.0738169070  -4.3682970598
      
      
#  type   0  conf  1.0000
   1.3856801562  -2.0738169070  -4.3682970598
   1.4143320753  -2.1166975342  -4.3323318643
      
      
#  type   0  conf  1.0000
   1.4143320753  -2.1166975342  -4.3323318643
   1.6729071932  -2.5036825458  -3.9742277020
      
      
#  type   0  conf  1.0000
   1.6729071932  -2.5036825458  -3.9742277020
   1.6711919725  -2.5011155366  -3.8207126640
      
      
#  type   0  conf  1.0000
   1.6711919725  -2.5011155366  -3.8207126640
   1.3354614981  -1.9986593739  -2.9511326415
      
      
#  type   0  conf  1.0000
   1.3354614981  -1.9986593739  -2.9511326415
   1.3179204135  -1.9724072855  -2.9251153732
      
      
#  type   0  conf  1.0000
   1.3179204135  -1.9724072855  -2.9251153732
   1.0719703703  -1.6043170336  -2.6199167441
      
      
#  type   0  conf  1.0000
   1.0719703703  -1.6043170336  -2.6199167441
   0.0862560074  -0.1290912377  -1.5295359970
      
      
#  type   0  conf  1.0000
   0.0862560074  -0.1290912377  -1.5295359970
  -0.0981802051   0.1469370608  -1.3832740500
      
      
#  type   0  conf  1.0000
  -0.0981802051   0.1469370608  -1.3832740500
  -0.2674162211   0.4002166575  -1.5135119081
      
      
#  type   0  conf  1.0000
  -0.2674162211   0.4002166575  -1.5135119081
  -1.2866366787   1.9255878678  -2.5864054254
      
      
#  type   0  conf  1.0000
  -1.2866366787   1.9255878678  -2.5864054254
  -1.5086619834   2.2578722183  -2.8577382375
      
      
#  type   0  conf  1.0000
  -1.5086619834   2.2578722183  -2.8577382375
  -1.8188320642   2.7220745486  -3.7326819774
      
      
#  type   0  conf  1.0000
  -1.8188320642   2.7220745486  -3.7326819774
  -1.8261237372   2.7329873085  -3.9183459704
      
      
#  type   0  conf  1.0000
  -1.8261237372   2.7329873085  -3.9183459704
  -1.5386017014   2.3026801728  -4.3198093501
      
      
#  type   0  conf  1.0000
  -1.5386017014   2.3026801728  -4.3198093501
  -1.5212025681   2.2766405296  -4.3388857071
      
      
#  type   0  conf  1.0000
  -1.5212025681   2.2766405296  -4.3388857071
  -1.2224420172   1.8295137674  -4.5938305425
      
      
# 326  norm    -0.8358073614   -0.5490228180    0.0000000000
# nedges  16 
#  type   0  conf  1.0000
   1.1051110665  -1.6823708127  -4.5781847815
   1.3755614069  -2.0940921072  -4.3629221779
      
      
#  type   0  conf  1.0000
   1.3755614069  -2.0940921072  -4.3629221779
   1.6523146676  -2.5154086811  -3.9764017625
      
      
#  type   0  conf  1.0000
   1.6523146676  -2.5154086811  -3.9764017625
   1.6504651606  -2.5125930757  -3.8171338290
      
      
#  type   0  conf  1.0000
   1.6504651606  -2.5125930757  -3.8171338290
   1.3191697880  -2.0082440721  -2.9485278526
      
      
#  type   0  conf  1.0000
   1.3191697880  -2.0082440721  -2.9485278526
   1.3106176497  -1.9952246859  -2.9348920736
      
      
#  type   0  conf  1.0000
   1.3106176497  -1.9952246859  -2.9348920736
   1.0631419359  -1.6184789176  -2.6213206366
      
      
#  type   0  conf  1.0000
   1.0631419359  -1.6184789176  -2.6213206366
   0.0855787470  -0.1302811911  -1.5286270339
      
      
#  type   0  conf  1.0000
   0.0855787470  -0.1302811911  -1.5286270339
  -0.0971802168   0.1479427410  -1.3839554530
      
      
#  type   0  conf  1.0000
  -0.0971802168   0.1479427410  -1.3839554530
  -0.2642868043   0.4023382077  -1.5133511214
      
      
#  type   0  conf  1.0000
  -0.2642868043   0.4023382077  -1.5133511214
  -1.2745250201   1.9402789085  -2.5877013114
      
      
#  type   0  conf  1.0000
  -1.2745250201   1.9402789085  -2.5877013114
  -1.4914306898   2.2704862324  -2.8590295213
      
      
#  type   0  conf  1.0000
  -1.4914306898   2.2704862324  -2.8590295213
  -1.7969167284   2.7355442799  -3.7332667583
      
      
#  type   0  conf  1.0000
  -1.7969167284   2.7355442799  -3.7332667583
  -1.8020500703   2.7433590461  -3.9218245172
      
      
#  type   0  conf  1.0000
  -1.8020500703   2.7433590461  -3.9218245172
  -1.5257028060   2.3226605429  -4.3112124265
      
      
#  type   0  conf  1.0000
  -1.5257028060   2.3226605429  -4.3112124265
  -1.5040638235   2.2897183403  -4.3380596838
      
      
#  type   0  conf  1.0000
  -1.5040638235   2.2897183403  -4.3380596838
  -1.2058783105   1.8357742808  -4.5929872702
      
      
# 327  norm    -0.8400935539   -0.5424415367    0.0000000000
# nedges  15 
#  type   0  conf  1.0000
   1.0857470258  -1.6815251339  -4.5820521973
   1.3579840408  -2.1031457989  -4.3638527709
      
      
#  type   0  conf  1.0000
   1.3579840408  -2.1031457989  -4.3638527709
   1.6315957893  -2.5268955501  -3.9778786506
      
      
#  type   0  conf  1.0000
   1.6315957893  -2.5268955501  -3.9778786506
   1.6301126182  -2.5245985237  -3.8151341036
      
      
#  type   0  conf  1.0000
   1.6301126182  -2.5245985237  -3.8151341036
   1.3086194670  -2.0266935779  -2.9614569419
      
      
#  type   0  conf  1.0000
   1.3086194670  -2.0266935779  -2.9614569419
   1.2960423660  -2.0072150890  -2.9358500949
      
      
#  type   0  conf  1.0000
   1.2960423660  -2.0072150890  -2.9358500949
   1.0539098802  -1.6322181045  -2.6227812679
      
      
#  type   0  conf  1.0000
   1.0539098802  -1.6322181045  -2.6227812679
   0.0874808209  -0.1354838609  -1.5306945639
      
      
#  type   0  conf  1.0000
   0.0874808209  -0.1354838609  -1.5306945639
  -0.0940884426   0.1457172594  -1.3837747639
      
      
#  type   0  conf  1.0000
  -0.0940884426   0.1457172594  -1.3837747639
  -0.2595627318   0.4019916674  -1.5116476094
      
      
#  type   0  conf  1.0000
  -0.2595627318   0.4019916674  -1.5116476094
  -1.2605823550   1.9522972321  -2.5874328301
      
      
#  type   0  conf  1.0000
  -1.2605823550   1.9522972321  -2.5874328301
  -1.4731674363   2.2815333698  -2.8591531475
      
      
#  type   0  conf  1.0000
  -1.4731674363   2.2815333698  -2.8591531475
  -1.7746991376   2.7485234903  -3.7321948999
      
      
#  type   0  conf  1.0000
  -1.7746991376   2.7485234903  -3.7321948999
  -1.7776124462   2.7530354083  -3.9263847370
      
      
#  type   0  conf  1.0000
  -1.7776124462   2.7530354083  -3.9263847370
  -1.4933553654   2.3127989494  -4.3296640952
      
      
#  type   0  conf  1.0000
  -1.4933553654   2.3127989494  -4.3296640952
  -1.1899132295   1.8428500883  -4.5941544445
      
      
# 328  norm    -0.8443279255   -0.5358267950   -0.0000000000
# nedges  16 
#  type   0  conf  1.0000
   1.0727215836  -1.6903387397  -4.5805733890
   1.3407016846  -2.1126078103  -4.3642994870
      
      
#  type   0  conf  1.0000
   1.3407016846  -2.1126078103  -4.3642994870
   1.6107881692  -2.5381960104  -3.9789982191
      
      
#  type   0  conf  1.0000
   1.6107881692  -2.5381960104  -3.9789982191
   1.6091441403  -2.5356054354  -3.8109783978
      
      
#  type   0  conf  1.0000
   1.6091441403  -2.5356054354  -3.8109783978
   1.2934320961  -2.0381228574  -2.9631555138
      
      
#  type   0  conf  1.0000
   1.2934320961  -2.0381228574  -2.9631555138
   1.2808609879  -2.0183139605  -2.9363424555
      
      
#  type   0  conf  1.0000
   1.2808609879  -2.0183139605  -2.9363424555
   1.0427033100  -1.6430375094  -2.6218892376
      
      
#  type   0  conf  1.0000
   1.0427033100  -1.6430375094  -2.6218892376
   0.0877572590  -0.1382833130  -1.5310122373
      
      
#  type   0  conf  1.0000
   0.0877572590  -0.1382833130  -1.5310122373
  -0.0925829249   0.1458873458  -1.3837967511
      
      
#  type   0  conf  1.0000
  -0.0925829249   0.1458873458  -1.3837967511
  -0.2565472569   0.4042537910  -1.5116035550
      
      
#  type   0  conf  1.0000
  -0.2565472569   0.4042537910  -1.5116035550
  -1.2476928195   1.9660492903  -2.5883823982
      
      
#  type   0  conf  1.0000
  -1.2476928195   1.9660492903  -2.5883823982
  -1.4549758927   2.2926751493  -2.8591978745
      
      
#  type   0  conf  1.0000
  -1.4549758927   2.2926751493  -2.8591978745
  -1.7517606565   2.7603331056  -3.7303277725
      
      
#  type   0  conf  1.0000
  -1.7517606565   2.7603331056  -3.7303277725
  -1.7550720501   2.7655510270  -3.9261928532
      
      
#  type   0  conf  1.0000
  -1.7550720501   2.7655510270  -3.9261928532
  -1.4959015789   2.3571637116  -4.2989701583
      
      
#  type   0  conf  1.0000
  -1.4959015789   2.3571637116  -4.2989701583
  -1.4704823179   2.3171093655  -4.3337602171
      
      
#  type   0  conf  1.0000
  -1.4704823179   2.3171093655  -4.3337602171
  -1.1731927035   1.8486558919  -4.5939124130
      
      
# 329  norm    -0.8485102150   -0.5291790010   -0.0000000000
# nedges  16 
#  type   0  conf  1.0000
   1.0595333771  -1.6989050811  -4.5794107668
   1.3240358379  -2.1230206252  -4.3639293372
      
      
#  type   0  conf  1.0000
   1.3240358379  -2.1230206252  -4.3639293372
   1.5901058482  -2.5496496509  -3.9796316037
      
      
#  type   0  conf  1.0000
   1.5901058482  -2.5496496509  -3.9796316037
   1.5884999300  -2.5470746469  -3.8091674145
      
      
#  type   0  conf  1.0000
   1.5884999300  -2.5470746469  -3.8091674145
   1.2722682144  -2.0400140106  -2.9486066105
      
      
#  type   0  conf  1.0000
   1.2722682144  -2.0400140106  -2.9486066105
   1.2633701032  -2.0257463654  -2.9337319013
      
      
#  type   0  conf  1.0000
   1.2633701032  -2.0257463654  -2.9337319013
   1.0314938563  -1.6539452098  -2.6214646748
      
      
#  type   0  conf  1.0000
   1.0314938563  -1.6539452098  -2.6214646748
   0.0856106608  -0.1372721140  -1.5285763420
      
      
#  type   0  conf  1.0000
   0.0856106608  -0.1372721140  -1.5285763420
  -0.0923289716   0.1480445660  -1.3838978926
      
      
#  type   0  conf  1.0000
  -0.0923289716   0.1480445660  -1.3838978926
  -0.2546060194   0.4082471298  -1.5129206416
      
      
#  type   0  conf  1.0000
  -0.2546060194   0.4082471298  -1.5129206416
  -1.2319347993   1.9753415376  -2.5865010056
      
      
#  type   0  conf  1.0000
  -1.2319347993   1.9753415376  -2.5865010056
  -1.4366205825   2.3035442394  -2.8593410365
      
      
#  type   0  conf  1.0000
  -1.4366205825   2.3035442394  -2.8593410365
  -1.7286058399   2.7717269773  -3.7282906738
      
      
#  type   0  conf  1.0000
  -1.7286058399   2.7717269773  -3.7282906738
  -1.7320202168   2.7772017480  -3.9268106196
      
      
#  type   0  conf  1.0000
  -1.7320202168   2.7772017480  -3.9268106196
  -1.4911203400   2.3909316846  -4.2776686734
      
      
#  type   0  conf  1.0000
  -1.4911203400   2.3909316846  -4.2776686734
  -1.4514115557   2.3272607735  -4.3339173147
      
      
#  type   0  conf  1.0000
  -1.4514115557   2.3272607735  -4.3339173147
  -1.1565208998   1.8544193845  -4.5938454208
      
      
# 330  norm    -0.8526401644   -0.5224985647    0.0000000000
# nedges  16 
#  type   0  conf  1.0000
   1.0455100042  -1.7061172643  -4.5786498506
   1.2889682321  -2.1034049842  -4.3787135611
      
      
#  type   0  conf  1.0000
   1.2889682321  -2.1034049842  -4.3787135611
   1.3094296998  -2.1367950648  -4.3591970390
      
      
#  type   0  conf  1.0000
   1.3094296998  -2.1367950648  -4.3591970390
   1.5692450010  -2.5607751023  -3.9807123711
      
      
#  type   0  conf  1.0000
   1.5692450010  -2.5607751023  -3.9807123711
   1.5673639535  -2.5577055119  -3.8056050701
      
      
#  type   0  conf  1.0000
   1.5673639535  -2.5577055119  -3.8056050701
   1.2546483760  -2.0474000691  -2.9440249573
      
      
#  type   0  conf  1.0000
   1.2546483760  -2.0474000691  -2.9440249573
   1.0225630557  -1.6686712477  -2.6238978929
      
      
#  type   0  conf  1.0000
   1.0225630557  -1.6686712477  -2.6238978929
   0.0882835932  -0.1440657306  -1.5317296890
      
      
#  type   0  conf  1.0000
   0.0882835932  -0.1440657306  -1.5317296890
  -0.0894218540   0.1459232033  -1.3836773359
      
      
#  type   0  conf  1.0000
  -0.0894218540   0.1459232033  -1.3836773359
  -0.2507981239   0.4092653417  -1.5121264822
      
      
#  type   0  conf  1.0000
  -0.2507981239   0.4092653417  -1.5121264822
  -1.2183854965   1.9882244281  -2.5872421261
      
      
#  type   0  conf  1.0000
  -1.2183854965   1.9882244281  -2.5872421261
  -1.4178556806   2.3137301846  -2.8592600524
      
      
#  type   0  conf  1.0000
  -1.4178556806   2.3137301846  -2.8592600524
  -1.7051068444   2.7824814808  -3.7248805789
      
      
#  type   0  conf  1.0000
  -1.7051068444   2.7824814808  -3.7248805789
  -1.7084233677   2.7878935549  -3.9290969342
      
      
#  type   0  conf  1.0000
  -1.7084233677   2.7878935549  -3.9290969342
  -1.4500781130   2.3663124151  -4.3087109797
      
      
#  type   0  conf  1.0000
  -1.4500781130   2.3663124151  -4.3087109797
  -1.4321021488   2.3369783077  -4.3335629400
      
      
#  type   0  conf  1.0000
  -1.4321021488   2.3369783077  -4.3335629400
  -1.1399905133   1.8602954424  -4.5944634571
      
      
# 331  norm    -0.8567175189   -0.5157858983    0.0000000000
# nedges  16 
#  type   0  conf  1.0000
   1.0260020242  -1.7041836766  -4.5825365983
   1.2886934619  -2.1405126990  -4.3643164549
      
      
#  type   0  conf  1.0000
   1.2886934619  -2.1405126990  -4.3643164549
   1.5474021575  -2.5702264088  -3.9833408825
      
      
#  type   0  conf  1.0000
   1.5474021575  -2.5702264088  -3.9833408825
   1.5467168657  -2.5690881429  -3.8049794328
      
      
#  type   0  conf  1.0000
   1.5467168657  -2.5690881429  -3.8049794328
   1.2451445692  -2.0681782296  -2.9622914431
      
      
#  type   0  conf  1.0000
   1.2451445692  -2.0681782296  -2.9622914431
   1.2330631750  -2.0481111007  -2.9362435407
      
      
#  type   0  conf  1.0000
   1.2330631750  -2.0481111007  -2.9362435407
   1.0118452313  -1.6806693222  -2.6241867388
      
      
#  type   0  conf  1.0000
   1.0118452313  -1.6806693222  -2.6241867388
   0.0858279160  -0.1425596929  -1.5289649212
      
      
#  type   0  conf  1.0000
   0.0858279160  -0.1425596929  -1.5289649212
  -0.0890624437   0.1479322255  -1.3840093975
      
      
#  type   0  conf  1.0000
  -0.0890624437   0.1479322255  -1.3840093975
  -0.2479279940   0.4118070242  -1.5123938486
      
      
#  type   0  conf  1.0000
  -0.2479279940   0.4118070242  -1.5123938486
  -1.2042410485   2.0002377083  -2.5873752806
      
      
#  type   0  conf  1.0000
  -1.2042410485   2.0002377083  -2.5873752806
  -1.3992412788   2.3241320103  -2.8594053204
      
      
#  type   0  conf  1.0000
  -1.3992412788   2.3241320103  -2.8594053204
  -1.6820253812   2.7938348374  -3.7248037617
      
      
#  type   0  conf  1.0000
  -1.6820253812   2.7938348374  -3.7248037617
  -1.6850157755   2.7988018657  -3.9280247696
      
      
#  type   0  conf  1.0000
  -1.6850157755   2.7988018657  -3.9280247696
  -1.4399077446   2.3916787846  -4.2947801451
      
      
#  type   0  conf  1.0000
  -1.4399077446   2.3916787846  -4.2947801451
  -1.4121975978   2.3456523843  -4.3342224945
      
      
#  type   0  conf  1.0000
  -1.4121975978   2.3456523843  -4.3342224945
  -1.1224858445   1.8644427675  -4.5943656464
      
      
# 332  norm    -0.8607420270   -0.5090414158   -0.0000000000
# nedges  16 
#  type   0  conf  1.0000
   1.0127082229  -1.7123960871  -4.5811296238
   1.2632169064  -2.1359831380  -4.3710468265
      
      
#  type   0  conf  1.0000
   1.2632169064  -2.1359831380  -4.3710468265
   1.2821276345  -2.1679594329  -4.3484066808
      
      
#  type   0  conf  1.0000
   1.2821276345  -2.1679594329  -4.3484066808
   1.5280905367  -2.5838599872  -3.9800217325
      
      
#  type   0  conf  1.0000
   1.5280905367  -2.5838599872  -3.9800217325
   1.5233619829  -2.5758644395  -3.7950001434
      
      
#  type   0  conf  1.0000
   1.5233619829  -2.5758644395  -3.7950001434
   1.2213769781  -2.0652356828  -2.9420148427
      
      
#  type   0  conf  1.0000
   1.2213769781  -2.0652356828  -2.9420148427
   0.9986897181  -1.6886920902  -2.6217976024
      
      
#  type   0  conf  1.0000
   0.9986897181  -1.6886920902  -2.6217976024
   0.0853319350  -0.1442884222  -1.5283313194
      
      
#  type   0  conf  1.0000
   0.0853319350  -0.1442884222  -1.5283313194
  -0.0877629547   0.1483990519  -1.3841445374
      
      
#  type   0  conf  1.0000
  -0.0877629547   0.1483990519  -1.3841445374
  -0.2455358078   0.4151783772  -1.5133512406
      
      
#  type   0  conf  1.0000
  -0.2455358078   0.4151783772  -1.5133512406
  -1.1890617229   2.0105935704  -2.5866072987
      
      
#  type   0  conf  1.0000
  -1.1890617229   2.0105935704  -2.5866072987
  -1.3790059298   2.3317716841  -2.8570381080
      
      
#  type   0  conf  1.0000
  -1.3790059298   2.3317716841  -2.8570381080
  -1.6581323358   2.8037486609  -3.7205355521
      
      
#  type   0  conf  1.0000
  -1.6581323358   2.8037486609  -3.7205355521
  -1.6612525731   2.8090246941  -3.9306489953
      
      
#  type   0  conf  1.0000
  -1.6612525731   2.8090246941  -3.9306489953
  -1.4105675357   2.3851394452  -4.3080738969
      
      
#  type   0  conf  1.0000
  -1.4105675357   2.3851394452  -4.3080738969
  -1.3925172581   2.3546180926  -4.3341535883
      
      
#  type   0  conf  1.0000
  -1.3925172581   2.3546180926  -4.3341535883
  -1.1054771817   1.8692598298  -4.5944672240
      
      
# 333  norm    -0.8647134405   -0.5022655331    0.0000000000
# nedges  16 
#  type   0  conf  1.0000
   0.9991839594  -1.7202211624  -4.5794461303
   1.2530125566  -2.1572190950  -4.3648425517
      
      
#  type   0  conf  1.0000
   1.2530125566  -2.1572190950  -4.3648425517
   1.5054442994  -2.5918121666  -3.9840811796
      
      
#  type   0  conf  1.0000
   1.5054442994  -2.5918121666  -3.9840811796
   1.5038820161  -2.5891224988  -3.8004013209
      
      
#  type   0  conf  1.0000
   1.5038820161  -2.5891224988  -3.8004013209
   1.2120915882  -2.0867684885  -2.9611802263
      
      
#  type   0  conf  1.0000
   1.2120915882  -2.0867684885  -2.9611802263
   1.2008155515  -2.0673553698  -2.9359118409
      
      
#  type   0  conf  1.0000
   1.2008155515  -2.0673553698  -2.9359118409
   0.9879483547  -1.7008776524  -2.6226435448
      
      
#  type   0  conf  1.0000
   0.9879483547  -1.7008776524  -2.6226435448
   0.0854392077  -0.1470943682  -1.5285319449
      
      
#  type   0  conf  1.0000
   0.0854392077  -0.1470943682  -1.5285319449
  -0.0863486718   0.1486601252  -1.3841212262
      
      
#  type   0  conf  1.0000
  -0.0863486718   0.1486601252  -1.3841212262
  -0.2431767408   0.4186594187  -1.5142146058
      
      
#  type   0  conf  1.0000
  -0.2431767408   0.4186594187  -1.5142146058
  -1.1749825413   2.0228805856  -2.5872872886
      
      
#  type   0  conf  1.0000
  -1.1749825413   2.0228805856  -2.5872872886
  -1.3601800189   2.3417213929  -2.8576079842
      
      
#  type   0  conf  1.0000
  -1.3601800189   2.3417213929  -2.8576079842
  -1.6346771897   2.8143028809  -3.7199942594
      
      
#  type   0  conf  1.0000
  -1.6346771897   2.8143028809  -3.7199942594
  -1.6379965706   2.8200176134  -3.9299041157
      
      
#  type   0  conf  1.0000
  -1.6379965706   2.8200176134  -3.9299041157
  -1.4245954540   2.4526206858  -4.2563498606
      
      
#  type   0  conf  1.0000
  -1.4245954540   2.4526206858  -4.2563498606
  -1.3724307156   2.3628125118  -4.3345269748
      
      
#  type   0  conf  1.0000
  -1.3724307156   2.3628125118  -4.3345269748
  -1.0883636293   1.8737552078  -4.5937225687
      
      
# 334  norm    -0.8686315144   -0.4954586684    0.0000000000
# nedges  17 
#  type   0  conf  1.0000
   0.9849763955  -1.7268474500  -4.5786411732
   1.2354047035  -2.1658950119  -4.3647114569
      
      
#  type   0  conf  1.0000
   1.2354047035  -2.1658950119  -4.3647114569
   1.4839718647  -2.6016796361  -3.9845080769
      
      
#  type   0  conf  1.0000
   1.4839718647  -2.6016796361  -3.9845080769
   1.4821616682  -2.5985060238  -3.7978109310
      
      
#  type   0  conf  1.0000
   1.4821616682  -2.5985060238  -3.7978109310
   1.1959179659  -2.0966673913  -2.9624436829
      
      
#  type   0  conf  1.0000
   1.1959179659  -2.0966673913  -2.9624436829
   1.1844989432  -2.0766477135  -2.9360459589
      
      
#  type   0  conf  1.0000
   1.1844989432  -2.0766477135  -2.9360459589
   0.9759660436  -1.7110506214  -2.6221321804
      
      
#  type   0  conf  1.0000
   0.9759660436  -1.7110506214  -2.6221321804
   0.0876984782  -0.1537517997  -1.5315333268
      
      
#  type   0  conf  1.0000
   0.0876984782  -0.1537517997  -1.5315333268
  -0.0823853939   0.1444369713  -1.3841143585
      
      
#  type   0  conf  1.0000
  -0.0823853939   0.1444369713  -1.3841143585
  -0.2366395053   0.4148732175  -1.5105238371
      
      
#  type   0  conf  1.0000
  -0.2366395053   0.4148732175  -1.5105238371
  -1.1592769355   2.0324288267  -2.5862147755
      
      
#  type   0  conf  1.0000
  -1.1592769355   2.0324288267  -2.5862147755
  -1.3409368279   2.3509125216  -2.8574179415
      
      
#  type   0  conf  1.0000
  -1.3409368279   2.3509125216  -2.8574179415
  -1.6103450160   2.8232353558  -3.7168297565
      
      
#  type   0  conf  1.0000
  -1.6103450160   2.8232353558  -3.7168297565
  -1.6140132677   2.8296664855  -3.9078282734
      
      
#  type   0  conf  1.0000
  -1.6140132677   2.8296664855  -3.9078282734
  -1.6074952877   2.8182392501  -3.9413474220
      
      
#  type   0  conf  1.0000
  -1.6074952877   2.8182392501  -3.9413474220
  -1.3830299431   2.4247096085  -4.2888651678
      
      
#  type   0  conf  1.0000
  -1.3830299431   2.4247096085  -4.2888651678
  -1.3529643729   2.3719990527  -4.3340488966
      
      
#  type   0  conf  1.0000
  -1.3529643729   2.3719990527  -4.3340488966
  -1.0714338227   1.8784234556  -4.5944484698
      
      
# 335  norm    -0.8724960071   -0.4886212415    0.0000000000
# nedges  16 
#  type   0  conf  1.0000
   0.9695212415  -1.7312047454  -4.5789841539
   1.2178185382  -2.1745714710  -4.3643840657
      
      
#  type   0  conf  1.0000
   1.2178185382  -2.1745714710  -4.3643840657
   1.4616002801  -2.6098750935  -3.9865538145
      
      
#  type   0  conf  1.0000
   1.4616002801  -2.6098750935  -3.9865538145
   1.4612232046  -2.6092017767  -3.7968507022
      
      
#  type   0  conf  1.0000
   1.4612232046  -2.6092017767  -3.7968507022
   1.1743713087  -2.0969908605  -2.9485968407
      
      
#  type   0  conf  1.0000
   1.1743713087  -2.0969908605  -2.9485968407
   1.1511662398  -2.0555552285  -2.9101114651
      
      
#  type   0  conf  1.0000
   1.1511662398  -2.0555552285  -2.9101114651
   0.9658985401  -1.7247359467  -2.6245175262
      
      
#  type   0  conf  1.0000
   0.9658985401  -1.7247359467  -2.6245175262
   0.0871275154  -0.1555773733  -1.5311541022
      
      
#  type   0  conf  1.0000
   0.0871275154  -0.1555773733  -1.5311541022
  -0.0817161616   0.1459147059  -1.3834636354
      
      
#  type   0  conf  1.0000
  -0.0817161616   0.1459147059  -1.3834636354
  -0.2356570292   0.4207959040  -1.5131146170
      
      
#  type   0  conf  1.0000
  -0.2356570292   0.4207959040  -1.5131146170
  -1.1445858034   2.0438050139  -2.5868336366
      
      
#  type   0  conf  1.0000
  -1.1445858034   2.0438050139  -2.5868336366
  -1.3218798315   2.3603862806  -2.8579456513
      
      
#  type   0  conf  1.0000
  -1.3218798315   2.3603862806  -2.8579456513
  -1.5866795087   2.8332201270  -3.7160987640
      
      
#  type   0  conf  1.0000
  -1.5866795087   2.8332201270  -3.7160987640
  -1.5902061487   2.8395173957  -3.9318185615
      
      
#  type   0  conf  1.0000
  -1.5902061487   2.8395173957  -3.9318185615
  -1.3636482153   2.4349690964  -4.2872482871
      
      
#  type   0  conf  1.0000
  -1.3636482153   2.4349690964  -4.2872482871
  -1.3327967589   2.3798798570  -4.3341837343
      
      
#  type   0  conf  1.0000
  -1.3327967589   2.3798798570  -4.3341837343
  -1.0548652624   1.8835974602  -4.5939179474
      
      
# 336  norm    -0.8763066800   -0.4817536741    0.0000000000
# nedges  15 
#  type   0  conf  1.0000
   0.9520231858  -1.7317237463  -4.5806623520
   1.1993914539  -2.1816849555  -4.3648983616
      
      
#  type   0  conf  1.0000
   1.1993914539  -2.1816849555  -4.3648983616
   1.4408991686  -2.6209858578  -3.9851914756
      
      
#  type   0  conf  1.0000
   1.4408991686  -2.6209858578  -3.9851914756
   1.4389242336  -2.6173934643  -3.7926762903
      
      
#  type   0  conf  1.0000
   1.4389242336  -2.6173934643  -3.7926762903
   1.1552738597  -2.1014353496  -2.9420540064
      
      
#  type   0  conf  1.0000
   1.1552738597  -2.1014353496  -2.9420540064
   0.9522545729  -1.7321446378  -2.6223716522
      
      
#  type   0  conf  1.0000
   0.9522545729  -1.7321446378  -2.6223716522
   0.0869138009  -0.1580956169  -1.5311852483
      
      
#  type   0  conf  1.0000
   0.0869138009  -0.1580956169  -1.5311852483
  -0.0794675338   0.1445509073  -1.3841573183
      
      
#  type   0  conf  1.0000
  -0.0794675338   0.1445509073  -1.3841573183
  -0.2309193656   0.4200407666  -1.5113839983
      
      
#  type   0  conf  1.0000
  -0.2309193656   0.4200407666  -1.5113839983
  -1.1296613775   2.0548464174  -2.5871715942
      
      
#  type   0  conf  1.0000
  -1.1296613775   2.0548464174  -2.5871715942
  -1.3023040506   2.3688822740  -2.8579504288
      
      
#  type   0  conf  1.0000
  -1.3023040506   2.3688822740  -2.8579504288
  -1.5628053687   2.8427324124  -3.7146515745
      
      
#  type   0  conf  1.0000
  -1.5628053687   2.8427324124  -3.7146515745
  -1.5659517190   2.8484556024  -3.9334492535
      
      
#  type   0  conf  1.0000
  -1.5659517190   2.8484556024  -3.9334492535
  -1.3199902290   2.4010533131  -4.3236940709
      
      
#  type   0  conf  1.0000
  -1.3199902290   2.4010533131  -4.3236940709
  -1.3121398374   2.3867735037  -4.3344682461
      
      
#  type   0  conf  1.0000
  -1.3121398374   2.3867735037  -4.3344682461
  -1.0378220659   1.8877913298  -4.5944036251
      
      
# 337  norm    -0.8800632983   -0.4748563899    0.0000000000
# nedges  16 
#  type   0  conf  1.0000
   0.9385140619  -1.7393717310  -4.5790438075
   1.1812753471  -2.1892873305  -4.3649193082
      
      
#  type   0  conf  1.0000
   1.1812753471  -2.1892873305  -4.3649193082
   1.4189687730  -2.6298105389  -3.9858708387
      
      
#  type   0  conf  1.0000
   1.4189687730  -2.6298105389  -3.9858708387
   1.4175122524  -2.6271111326  -3.7932249317
      
      
#  type   0  conf  1.0000
   1.4175122524  -2.6271111326  -3.7932249317
   1.1463096038  -2.1244844384  -2.9655893027
      
      
#  type   0  conf  1.0000
   1.1463096038  -2.1244844384  -2.9655893027
   1.1345685626  -2.1027244713  -2.9359159268
      
      
#  type   0  conf  1.0000
   1.1345685626  -2.1027244713  -2.9359159268
   0.9405552640  -1.7431547423  -2.6229079425
      
      
#  type   0  conf  1.0000
   0.9405552640  -1.7431547423  -2.6229079425
   0.0862218846  -0.1597971887  -1.5306961428
      
      
#  type   0  conf  1.0000
   0.0862218846  -0.1597971887  -1.5306961428
  -0.0780228666   0.1446017423  -1.3840455737
      
      
#  type   0  conf  1.0000
  -0.0780228666   0.1446017423  -1.3840455737
  -0.2281078172   0.4227579585  -1.5119521558
      
      
#  type   0  conf  1.0000
  -0.2281078172   0.4227579585  -1.5119521558
  -1.1147036836   2.0659083911  -2.5878665700
      
      
#  type   0  conf  1.0000
  -1.1147036836   2.0659083911  -2.5878665700
  -1.2831442927   2.3780836113  -2.8591141695
      
      
#  type   0  conf  1.0000
  -1.2831442927   2.3780836113  -2.8591141695
  -1.5383093812   2.8509874916  -3.7119239046
      
      
#  type   0  conf  1.0000
  -1.5383093812   2.8509874916  -3.7119239046
  -1.5424159938   2.8585983800  -3.9317404063
      
      
#  type   0  conf  1.0000
  -1.5424159938   2.8585983800  -3.9317404063
  -1.3198664562   2.4461417211  -4.2915819904
      
      
#  type   0  conf  1.0000
  -1.3198664562   2.4461417211  -4.2915819904
  -1.2921524557   2.3947786663  -4.3343323436
      
      
#  type   0  conf  1.0000
  -1.2921524557   2.3947786663  -4.3343323436
  -1.0209483324   1.8921492392  -4.5938785947
      
      
# 338  norm    -0.8837656301   -0.4679298143    0.0000000000
# nedges  15 
#  type   0  conf  1.0000
   0.9237818751  -1.7447203533  -4.5784895686
   1.1632618829  -2.1970193810  -4.3646174397
      
      
#  type   0  conf  1.0000
   1.1632618829  -2.1970193810  -4.3646174397
   1.3974877308  -2.6393950275  -3.9856485150
      
      
#  type   0  conf  1.0000
   1.3974877308  -2.6393950275  -3.9856485150
   1.3954181347  -2.6354862405  -3.7893699291
      
      
#  type   0  conf  1.0000
   1.3954181347  -2.6354862405  -3.7893699291
   1.1215463680  -2.1182324835  -2.9424432357
      
      
#  type   0  conf  1.0000
   1.1215463680  -2.1182324835  -2.9424432357
   0.9276231915  -1.7519753376  -2.6221608450
      
      
#  type   0  conf  1.0000
   0.9276231915  -1.7519753376  -2.6221608450
   0.0871382601  -0.1645755347  -1.5321679406
      
      
#  type   0  conf  1.0000
   0.0871382601  -0.1645755347  -1.5321679406
  -0.0768995331   0.1452379443  -1.3835859460
      
      
#  type   0  conf  1.0000
  -0.0768995331   0.1452379443  -1.3835859460
  -0.2254043201   0.4257146797  -1.5127350228
      
      
#  type   0  conf  1.0000
  -0.2254043201   0.4257146797  -1.5127350228
  -1.0988732293   2.0754103762  -2.5874914553
      
      
#  type   0  conf  1.0000
  -1.0988732293   2.0754103762  -2.5874914553
  -1.2638052857   2.3869128245  -2.8597053704
      
      
#  type   0  conf  1.0000
  -1.2638052857   2.3869128245  -2.8597053704
  -1.5142760274   2.8599697363  -3.7123993963
      
      
#  type   0  conf  1.0000
  -1.5142760274   2.8599697363  -3.7123993963
  -1.5178344572   2.8666904406  -3.9337958406
      
      
#  type   0  conf  1.0000
  -1.5178344572   2.8666904406  -3.9337958406
  -1.2805550829   2.4185476864  -4.3214009166
      
      
#  type   0  conf  1.0000
  -1.2805550829   2.4185476864  -4.3214009166
  -1.2699451042   2.3985089237  -4.3360790890
      
      
#  type   0  conf  1.0000
  -1.2699451042   2.3985089237  -4.3360790890
  -1.0034948409   1.8952719474  -4.5941397723
      
      
# 339  norm    -0.8874134471   -0.4609743745    0.0000000000
# nedges  16 
#  type   0  conf  1.0000
   0.9050570199  -1.7423089312  -4.5812715608
   1.1441720411  -2.2026249421  -4.3652052441
      
      
#  type   0  conf  1.0000
   1.1441720411  -2.2026249421  -4.3652052441
   1.3749170034  -2.6468279037  -3.9877388707
      
      
#  type   0  conf  1.0000
   1.3749170034  -2.6468279037  -3.9877388707
   1.3725094476  -2.6421931615  -3.7839191567
      
      
#  type   0  conf  1.0000
   1.3725094476  -2.6421931615  -3.7839191567
   1.1037310974  -2.1247728113  -2.9413048961
      
      
#  type   0  conf  1.0000
   1.1037310974  -2.1247728113  -2.9413048961
   0.9147203221  -1.7609115799  -2.6212988373
      
      
#  type   0  conf  1.0000
   0.9147203221  -1.7609115799  -2.6212988373
   0.0868809034  -0.1672528588  -1.5322522848
      
      
#  type   0  conf  1.0000
   0.0868809034  -0.1672528588  -1.5322522848
  -0.0754990607   0.1453418788  -1.3836608480
      
      
#  type   0  conf  1.0000
  -0.0754990607   0.1453418788  -1.3836608480
  -0.2222516138   0.4278525698  -1.5128986809
      
      
#  type   0  conf  1.0000
  -0.2222516138   0.4278525698  -1.5128986809
  -1.0830288674   2.0849193222  -2.5872839447
      
      
#  type   0  conf  1.0000
  -1.0830288674   2.0849193222  -2.5872839447
  -1.2366418047   2.3806368147  -2.8473254073
      
      
#  type   0  conf  1.0000
  -1.2366418047   2.3806368147  -2.8473254073
  -1.2476638717   2.4018551970  -2.8736459475
      
      
#  type   0  conf  1.0000
  -1.2476638717   2.4018551970  -2.8736459475
  -1.4902209455   2.8687974412  -3.7121773840
      
      
#  type   0  conf  1.0000
  -1.4902209455   2.8687974412  -3.7121773840
  -1.4932263524   2.8745830957  -3.9350160448
      
      
#  type   0  conf  1.0000
  -1.4932263524   2.8745830957  -3.9350160448
  -1.2629031820   2.4311921181  -4.3162871910
      
      
#  type   0  conf  1.0000
  -1.2629031820   2.4311921181  -4.3162871910
  -1.2508822178   2.4080507769  -4.3345636811
      
      
#  type   0  conf  1.0000
  -1.2508822178   2.4080507769  -4.3345636811
  -0.9856967411   1.8975470028  -4.5943761345
      
      
# 340  norm    -0.8910065242   -0.4539904997   -0.0000000000
# nedges  16 
#  type   0  conf  1.0000
   0.8915517241  -1.7497687800  -4.5789232180
   1.1253611517  -2.2086456188  -4.3656749379
      
      
#  type   0  conf  1.0000
   1.1253611517  -2.2086456188  -4.3656749379
   1.3528952717  -2.6552064731  -3.9877737679
      
      
#  type   0  conf  1.0000
   1.3528952717  -2.6552064731  -3.9877737679
   1.3511061441  -2.6516951124  -3.7862958465
      
      
#  type   0  conf  1.0000
   1.3511061441  -2.6516951124  -3.7862958465
   1.0900153359  -2.1392755494  -2.9520014431
      
      
#  type   0  conf  1.0000
   1.0900153359  -2.1392755494  -2.9520014431
   1.0834915947  -2.1264719863  -2.9362831194
      
      
#  type   0  conf  1.0000
   1.0834915947  -2.1264719863  -2.9362831194
   0.9016478489  -1.7695835406  -2.6203037214
      
      
#  type   0  conf  1.0000
   0.9016478489  -1.7695835406  -2.6203037214
   0.0862046001  -0.1691860537  -1.5317871922
      
      
#  type   0  conf  1.0000
   0.0862046001  -0.1691860537  -1.5317871922
  -0.0739674838   0.1451693608  -1.3835940181
      
      
#  type   0  conf  1.0000
  -0.0739674838   0.1451693608  -1.3835940181
  -0.2196253324   0.4310389846  -1.5138246913
      
      
#  type   0  conf  1.0000
  -0.2196253324   0.4310389846  -1.5138246913
  -1.0668360558   2.0937836507  -2.5867424245
      
      
#  type   0  conf  1.0000
  -1.0668360558   2.0937836507  -2.5867424245
  -1.2224165440   2.3991275513  -2.8570824622
      
      
#  type   0  conf  1.0000
  -1.2224165440   2.3991275513  -2.8570824622
  -1.4644564924   2.8741576968  -3.7047908399
      
      
#  type   0  conf  1.0000
  -1.4644564924   2.8741576968  -3.7047908399
  -1.4694125760   2.8838845586  -3.9326256695
      
      
#  type   0  conf  1.0000
  -1.4694125760   2.8838845586  -3.9326256695
  -1.2967468618   2.5450090140  -4.2245596562
      
      
#  type   0  conf  1.0000
  -1.2967468618   2.5450090140  -4.2245596562
  -1.2310035200   2.4159804406  -4.3344744852
      
      
#  type   0  conf  1.0000
  -1.2310035200   2.4159804406  -4.3344744852
  -0.9680492491   1.8999036262  -4.5935206794
      
      
# 341  norm    -0.8945446398   -0.4469786207    0.0000000000
# nedges  15 
#  type   0  conf  1.0000
   0.8760513477  -1.7532539613  -4.5788574981
   1.1071548129  -2.2157645971  -4.3652588711
      
      
#  type   0  conf  1.0000
   1.1071548129  -2.2157645971  -4.3652588711
   1.3308850401  -2.6635190674  -3.9870483848
      
      
#  type   0  conf  1.0000
   1.3308850401  -2.6635190674  -3.9870483848
   1.3288888771  -2.6595241181  -3.7843759108
      
      
#  type   0  conf  1.0000
   1.3288888771  -2.6595241181  -3.7843759108
   1.0698000724  -2.1410060262  -2.9432527420
      
      
#  type   0  conf  1.0000
   1.0698000724  -2.1410060262  -2.9432527420
   0.8895756491  -1.7803203370  -2.6207568220
      
      
#  type   0  conf  1.0000
   0.8895756491  -1.7803203370  -2.6207568220
   0.0857213238  -0.1715552986  -1.5315442393
      
      
#  type   0  conf  1.0000
   0.0857213238  -0.1715552986  -1.5315442393
  -0.0727961965   0.1456880584  -1.3837638970
      
      
#  type   0  conf  1.0000
  -0.0727961965   0.1456880584  -1.3837638970
  -0.2162088535   0.4327018386  -1.5137509280
      
      
#  type   0  conf  1.0000
  -0.2162088535   0.4327018386  -1.5137509280
  -1.0513190328   2.1040196602  -2.5873532645
      
      
#  type   0  conf  1.0000
  -1.0513190328   2.1040196602  -2.5873532645
  -1.2031256570   2.4078324057  -2.8591223213
      
      
#  type   0  conf  1.0000
  -1.2031256570   2.4078324057  -2.8591223213
  -1.4402159611   2.8823245870  -3.7060523685
      
      
#  type   0  conf  1.0000
  -1.4402159611   2.8823245870  -3.7060523685
  -1.4440189248   2.8899355121  -3.9354907529
      
      
#  type   0  conf  1.0000
  -1.4440189248   2.8899355121  -3.9354907529
  -1.2333514107   2.4683236344  -4.2955528504
      
      
#  type   0  conf  1.0000
  -1.2333514107   2.4683236344  -4.2955528504
  -1.2100911600   2.4217725655  -4.3339838515
      
      
#  type   0  conf  1.0000
  -1.2100911600   2.4217725655  -4.3339838515
  -0.9510147109   1.9032792011  -4.5943136095
      
      
# 342  norm    -0.8980275758   -0.4399391699    0.0000000000
# nedges  17 
#  type   0  conf  1.0000
   0.8604132126  -1.7563218836  -4.5788785291
   1.0882965794  -2.2214897102  -4.3653747211
      
      
#  type   0  conf  1.0000
   1.0882965794  -2.2214897102  -4.3653747211
   1.3079223996  -2.6698017869  -3.9890837698
      
      
#  type   0  conf  1.0000
   1.3079223996  -2.6698017869  -3.9890837698
   1.3071170534  -2.6681578707  -3.7864715889
      
      
#  type   0  conf  1.0000
   1.3071170534  -2.6681578707  -3.7864715889
   1.0579885273  -2.1596232785  -2.9616401661
      
      
#  type   0  conf  1.0000
   1.0579885273  -2.1596232785  -2.9616401661
   1.0483367271  -2.1399215030  -2.9356847299
      
      
#  type   0  conf  1.0000
   1.0483367271  -2.1399215030  -2.9356847299
   0.8754114386  -1.7869370719  -2.6185537587
      
      
#  type   0  conf  1.0000
   0.8754114386  -1.7869370719  -2.6185537587
   0.0855817600  -0.1746941071  -1.5319607018
      
      
#  type   0  conf  1.0000
   0.0855817600  -0.1746941071  -1.5319607018
  -0.0714006580   0.1457468764  -1.3839088013
      
      
#  type   0  conf  1.0000
  -0.0714006580   0.1457468764  -1.3839088013
  -0.2135367317   0.4358827008  -1.5145960224
      
      
#  type   0  conf  1.0000
  -0.2135367317   0.4358827008  -1.5145960224
  -1.0344157304   2.1115052134  -2.5862557739
      
      
#  type   0  conf  1.0000
  -1.0344157304   2.1115052134  -2.5862557739
  -1.1764395240   2.4014118455  -2.8471756679
      
      
#  type   0  conf  1.0000
  -1.1764395240   2.4014118455  -2.8471756679
  -1.1866843592   2.4223241560  -2.8728968903
      
      
#  type   0  conf  1.0000
  -1.1866843592   2.4223241560  -2.8728968903
  -1.4159127725   2.8902375639  -3.7070084070
      
      
#  type   0  conf  1.0000
  -1.4159127725   2.8902375639  -3.7070084070
  -1.4189118960   2.8963595367  -3.9362842410
      
      
#  type   0  conf  1.0000
  -1.4189118960   2.8963595367  -3.9362842410
  -1.2048915638   2.4594896845  -4.3080520339
      
      
#  type   0  conf  1.0000
  -1.2048915638   2.4594896845  -4.3080520339
  -1.1881307534   2.4252766139  -4.3352869290
      
      
#  type   0  conf  1.0000
  -1.1881307534   2.4252766139  -4.3352869290
  -0.9335105299   1.9055320724  -4.5940602175
      
      
# 343  norm    -0.9014551171   -0.4328725815    0.0000000000
# nedges  17 
#  type   0  conf  1.0000
   0.8437439028  -1.7570927132  -4.5797054516
   1.0700497504  -2.2283735774  -4.3648316213
      
      
#  type   0  conf  1.0000
   1.0700497504  -2.2283735774  -4.3648316213
   1.2860855017  -2.6782670144  -3.9880335752
      
      
#  type   0  conf  1.0000
   1.2860855017  -2.6782670144  -3.9880335752
   1.2843297632  -2.6746106974  -3.7829564602
      
      
#  type   0  conf  1.0000
   1.2843297632  -2.6746106974  -3.7829564602
   1.0408573442  -2.1675805286  -2.9633768024
      
      
#  type   0  conf  1.0000
   1.0408573442  -2.1675805286  -2.9633768024
   1.0316751531  -2.1484586589  -2.9373424914
      
      
#  type   0  conf  1.0000
   1.0316751531  -2.1484586589  -2.9373424914
   0.8611391197  -1.7933181706  -2.6163342974
      
      
#  type   0  conf  1.0000
   0.8611391197  -1.7933181706  -2.6163342974
   0.0868169429  -0.1807958756  -1.5344496115
      
      
#  type   0  conf  1.0000
   0.0868169429  -0.1807958756  -1.5344496115
  -0.0692041611   0.1441173404  -1.3831983761
      
      
#  type   0  conf  1.0000
  -0.0692041611   0.1441173404  -1.3831983761
  -0.2100498459   0.4374278171  -1.5145662515
      
      
#  type   0  conf  1.0000
  -0.2100498459   0.4374278171  -1.5145662515
  -1.0179666806   2.1199108293  -2.5857713385
      
      
#  type   0  conf  1.0000
  -1.0179666806   2.1199108293  -2.5857713385
  -1.1564258794   2.4082514602  -2.8472317179
      
      
#  type   0  conf  1.0000
  -1.1564258794   2.4082514602  -2.8472317179
  -1.1678498982   2.4320419257  -2.8784525347
      
      
#  type   0  conf  1.0000
  -1.1678498982   2.4320419257  -2.8784525347
  -1.3912579329   2.8972881083  -3.7061412878
      
      
#  type   0  conf  1.0000
  -1.3912579329   2.8972881083  -3.7061412878
  -1.3946143886   2.9042779114  -3.9358229224
      
      
#  type   0  conf  1.0000
  -1.3946143886   2.9042779114  -3.9358229224
  -1.2803869578   2.6663998235  -4.1376162168
      
      
#  type   0  conf  1.0000
  -1.2803869578   2.6663998235  -4.1376162168
  -1.1686617475   2.4337325980  -4.3344244017
      
      
#  type   0  conf  1.0000
  -1.1686617475   2.4337325980  -4.3344244017
  -0.9161424156   1.9078622759  -4.5930393152
      
      
# 344  norm    -0.9048270525   -0.4257792916    0.0000000000
# nedges  15 
#  type   0  conf  1.0000
   0.8250280149  -1.7532737775  -4.5828674823
   1.0493642875  -2.2300126240  -4.3668055158
      
      
#  type   0  conf  1.0000
   1.0493642875  -2.2300126240  -4.3668055158
   1.2637866814  -2.6856834058  -3.9885815071
      
      
#  type   0  conf  1.0000
   1.2637866814  -2.6856834058  -3.9885815071
   1.2607555083  -2.6792418350  -3.7764603279
      
      
#  type   0  conf  1.0000
   1.2607555083  -2.6792418350  -3.7764603279
   1.0161708889  -2.1594730613  -2.9413699182
      
      
#  type   0  conf  1.0000
   1.0161708889  -2.1594730613  -2.9413699182
   0.8464139465  -1.7987211955  -2.6132594423
      
      
#  type   0  conf  1.0000
   0.8464139465  -1.7987211955  -2.6132594423
   0.0840156469  -0.1785423379  -1.5312947674
      
      
#  type   0  conf  1.0000
   0.0840156469  -0.1785423379  -1.5312947674
  -0.0685331398   0.1456403356  -1.3838712581
      
      
#  type   0  conf  1.0000
  -0.0685331398   0.1456403356  -1.3838712581
  -0.2080428836   0.4421136323  -1.5164497606
      
      
#  type   0  conf  1.0000
  -0.2080428836   0.4421136323  -1.5164497606
  -1.0006386691   2.1264654142  -2.5841810084
      
      
#  type   0  conf  1.0000
  -1.0006386691   2.1264654142  -2.5841810084
  -1.1420179554   2.4269116908  -2.8588191229
      
      
#  type   0  conf  1.0000
  -1.1420179554   2.4269116908  -2.8588191229
  -1.3658467512   2.9025720943  -3.7026120747
      
      
#  type   0  conf  1.0000
  -1.3658467512   2.9025720943  -3.7026120747
  -1.3697466830   2.9108598713  -3.9358357370
      
      
#  type   0  conf  1.0000
  -1.3697466830   2.9108598713  -3.9358357370
  -1.1552925697   2.4551216822  -4.3214336335
      
      
#  type   0  conf  1.0000
  -1.1552925697   2.4551216822  -4.3214336335
  -1.1442613613   2.4316791711  -4.3377129078
      
      
#  type   0  conf  1.0000
  -1.1442613613   2.4316791711  -4.3377129078
  -0.8986442770   1.9097162979  -4.5941252301
      
      
# 345  norm    -0.9081431738   -0.4186597375    0.0000000000
# nedges  15 
#  type   0  conf  1.0000
   0.8128920060  -1.7632990711  -4.5791904574
   1.0308628876  -2.2361144638  -4.3667816208
      
      
#  type   0  conf  1.0000
   1.0308628876  -2.2361144638  -4.3667816208
   1.2412018904  -2.6923750317  -3.9885238363
      
      
#  type   0  conf  1.0000
   1.2412018904  -2.6923750317  -3.9885238363
   1.2396139877  -2.6889306044  -3.7811473849
      
      
#  type   0  conf  1.0000
   1.2396139877  -2.6889306044  -3.7811473849
   0.9986666068  -2.1662753319  -2.9415553291
      
      
#  type   0  conf  1.0000
   0.9986666068  -2.1662753319  -2.9415553291
   0.8312185696  -1.8030524607  -2.6096774963
      
      
#  type   0  conf  1.0000
   0.8312185696  -1.8030524607  -2.6096774963
   0.0840531454  -0.1823253670  -1.5324693762
      
      
#  type   0  conf  1.0000
   0.0840531454  -0.1823253670  -1.5324693762
  -0.0661966909   0.1435917228  -1.3831843862
      
      
#  type   0  conf  1.0000
  -0.0661966909   0.1435917228  -1.3831843862
  -0.2049058857   0.4444752257  -1.5169725097
      
      
#  type   0  conf  1.0000
  -0.2049058857   0.4444752257  -1.5169725097
  -0.9840282353   2.1345222496  -2.5836990415
      
      
#  type   0  conf  1.0000
  -0.9840282353   2.1345222496  -2.5836990415
  -1.1142521101   2.4169996706  -2.8444524887
      
      
#  type   0  conf  1.0000
  -1.1142521101   2.4169996706  -2.8444524887
  -1.1254820953   2.4413593915  -2.8734562867
      
      
#  type   0  conf  1.0000
  -1.1254820953   2.4413593915  -2.8734562867
  -1.3415146095   2.9099701404  -3.7045445924
      
      
#  type   0  conf  1.0000
  -1.3415146095   2.9099701404  -3.7045445924
  -1.3444572364   2.9163531915  -3.9371218403
      
      
#  type   0  conf  1.0000
  -1.3444572364   2.9163531915  -3.9371218403
  -1.1285209820   2.4479512464  -4.3317550010
      
      
#  type   0  conf  1.0000
  -1.1285209820   2.4479512464  -4.3317550010
  -0.8807668784   1.9105310510  -4.5949790614
      
      
# 346  norm    -0.9114032766   -0.4115143586    0.0000000000
# nedges  15 
#  type   0  conf  1.0000
   0.7967290087  -1.7645591555  -4.5794528396
   1.0118307566  -2.2409567192  -4.3669414714
      
      
#  type   0  conf  1.0000
   1.0118307566  -2.2409567192  -4.3669414714
   1.2192122398  -2.7002557920  -3.9870307874
      
      
#  type   0  conf  1.0000
   1.2192122398  -2.7002557920  -3.9870307874
   1.2160984183  -2.6933594418  -3.7760549407
      
      
#  type   0  conf  1.0000
   1.2160984183  -2.6933594418  -3.7760549407
   0.9805152996  -2.1716006699  -2.9408794038
      
      
#  type   0  conf  1.0000
   0.9805152996  -2.1716006699  -2.9408794038
   0.8164069021  -1.8081408585  -2.6067214769
      
      
#  type   0  conf  1.0000
   0.8164069021  -1.8081408585  -2.6067214769
   0.0824188764  -0.1825375771  -1.5308408295
      
      
#  type   0  conf  1.0000
   0.0824188764  -0.1825375771  -1.5308408295
  -0.0653497973   0.1447337576  -1.3842110301
      
      
#  type   0  conf  1.0000
  -0.0653497973   0.1447337576  -1.3842110301
  -0.2005216023   0.4441061206  -1.5159055669
      
      
#  type   0  conf  1.0000
  -0.2005216023   0.4441061206  -1.5159055669
  -0.9660898571   2.1396518563  -2.5812647669
      
      
#  type   0  conf  1.0000
  -0.9660898571   2.1396518563  -2.5812647669
  -1.1006642124   2.4377010151  -2.8581817285
      
      
#  type   0  conf  1.0000
  -1.1006642124   2.4377010151  -2.8581817285
  -1.3157871088   2.9141454174  -3.6988033503
      
      
#  type   0  conf  1.0000
  -1.3157871088   2.9141454174  -3.6988033503
  -1.3197441043   2.9229091910  -3.9372467000
      
      
#  type   0  conf  1.0000
  -1.3197441043   2.9229091910  -3.9372467000
  -1.1063026050   2.4501886704  -4.3335694141
      
      
#  type   0  conf  1.0000
  -1.1063026050   2.4501886704  -4.3335694141
  -1.0847454182   2.4024447940  -4.3568066297
      
      
#  type   0  conf  1.0000
  -1.0847454182   2.4024447940  -4.3568066297
  -0.8630427121   1.9114277285  -4.5945484239
      
      
# 347  norm    -0.9146071598   -0.4043435955    0.0000000000
# nedges  15 
#  type   0  conf  1.0000
   0.7779524586  -1.7596937270  -4.5823043197
   0.9926995364  -2.2454420288  -4.3670739799
      
      
#  type   0  conf  1.0000
   0.9926995364  -2.2454420288  -4.3670739799
   1.1961589319  -2.7056580973  -3.9878714181
      
      
#  type   0  conf  1.0000
   1.1961589319  -2.7056580973  -3.9878714181
   1.1936514273  -2.6999862339  -3.7774873438
      
      
#  type   0  conf  1.0000
   1.1936514273  -2.6999862339  -3.7774873438
   0.9631045286  -2.1784994427  -2.9426262691
      
      
#  type   0  conf  1.0000
   0.9631045286  -2.1784994427  -2.9426262691
   0.8030636852  -1.8164942005  -2.6060376055
      
      
#  type   0  conf  1.0000
   0.8030636852  -1.8164942005  -2.6060376055
   0.0837723222  -0.1894892525  -1.5336079098
      
      
#  type   0  conf  1.0000
   0.0837723222  -0.1894892525  -1.5336079098
  -0.0635519153   0.1437515948  -1.3838694492
      
      
#  type   0  conf  1.0000
  -0.0635519153   0.1437515948  -1.3838694492
  -0.1976087975   0.4469822771  -1.5167383373
      
      
#  type   0  conf  1.0000
  -0.1976087975   0.4469822771  -1.5167383373
  -0.9490844162   2.1467865744  -2.5803816935
      
      
#  type   0  conf  1.0000
  -0.9490844162   2.1467865744  -2.5803816935
  -1.0803459079   2.4436942080  -2.8592584687
      
      
#  type   0  conf  1.0000
  -1.0803459079   2.4436942080  -2.8592584687
  -1.2908766317   2.9199053053  -3.7000613925
      
      
#  type   0  conf  1.0000
  -1.2908766317   2.9199053053  -3.7000613925
  -1.2942191196   2.9274658638  -3.9389569133
      
      
#  type   0  conf  1.0000
  -1.2942191196   2.9274658638  -3.9389569133
  -1.0863656362   2.4573105645  -4.3307032973
      
      
#  type   0  conf  1.0000
  -1.0863656362   2.4573105645  -4.3307032973
  -1.0810175603   2.4452134558  -4.3383155505
      
      
#  type   0  conf  1.0000
  -1.0810175603   2.4452134558  -4.3383155505
  -0.8456812534   1.9128932368  -4.5934761546
      
      
# 348  norm    -0.9177546257   -0.3971478906   -0.0000000000
# nedges  15 
#  type   0  conf  1.0000
   0.7646072163  -1.7669030257  -4.5794645629
   0.9730934496  -2.2486862845  -4.3678037934
      
      
#  type   0  conf  1.0000
   0.9730934496  -2.2486862845  -4.3678037934
   1.1730027893  -2.7106495117  -3.9882882740
      
      
#  type   0  conf  1.0000
   1.1730027893  -2.7106495117  -3.9882882740
   1.1712590123  -2.7066198807  -3.7779974476
      
      
#  type   0  conf  1.0000
   1.1712590123  -2.7066198807  -3.7779974476
   0.9447141213  -2.1831055262  -2.9419126281
      
      
#  type   0  conf  1.0000
   0.9447141213  -2.1831055262  -2.9419126281
   0.7878951326  -1.8207182251  -2.6021300788
      
      
#  type   0  conf  1.0000
   0.7878951326  -1.8207182251  -2.6021300788
   0.0839214543  -0.1939310386  -1.5347583571
      
      
#  type   0  conf  1.0000
   0.0839214543  -0.1939310386  -1.5347583571
  -0.0616325211   0.1424243530  -1.3836342971
      
      
#  type   0  conf  1.0000
  -0.0616325211   0.1424243530  -1.3836342971
  -0.1933440386   0.4467917116  -1.5159951141
      
      
#  type   0  conf  1.0000
  -0.1933440386   0.4467917116  -1.5159951141
  -0.9300472504   2.1492123874  -2.5760917914
      
      
#  type   0  conf  1.0000
  -0.9300472504   2.1492123874  -2.5760917914
  -1.0594286803   2.4481952312  -2.8592195002
      
      
#  type   0  conf  1.0000
  -1.0594286803   2.4481952312  -2.8592195002
  -1.2657555808   2.9249885665  -3.6999686407
      
      
#  type   0  conf  1.0000
  -1.2657555808   2.9249885665  -3.6999686407
  -1.2685834061   2.9315232851  -3.9396445189
      
      
#  type   0  conf  1.0000
  -1.2685834061   2.9315232851  -3.9396445189
  -1.0625184015   2.4553351556  -4.3354051510
      
      
#  type   3  conf  0.0000
#  type   0  conf  1.0000
  -1.0571527784   2.4429359322  -4.3410960054
  -0.8277651910   1.9128524939  -4.5943499034
      
      
# 349  norm    -0.9208454801   -0.3899276878    0.0000000000
# nedges  15 
#  type   0  conf  1.0000
   0.7452739806  -1.7600242251  -4.5831077034
   0.9526639749  -2.2497923150  -4.3694455375
      
      
#  type   0  conf  1.0000
   0.9526639749  -2.2497923150  -4.3694455375
   1.1501617501  -2.7161991370  -3.9881378994
      
      
#  type   0  conf  1.0000
   1.1501617501  -2.7161991370  -3.9881378994
   1.1486210343  -2.7125606131  -3.7788745816
      
      
#  type   0  conf  1.0000
   1.1486210343  -2.7125606131  -3.7788745816
   0.9266813285  -2.1884322134  -2.9422321701
      
      
#  type   0  conf  1.0000
   0.9266813285  -2.1884322134  -2.9422321701
   0.7728015750  -1.8250328450  -2.5986935140
      
      
#  type   0  conf  1.0000
   0.7728015750  -1.8250328450  -2.5986935140
   0.0827863822  -0.1955066755  -1.5342932243
      
      
#  type   0  conf  1.0000
   0.0827863822  -0.1955066755  -1.5342932243
  -0.0603028709   0.1424100619  -1.3835966120
      
      
#  type   0  conf  1.0000
  -0.0603028709   0.1424100619  -1.3835966120
  -0.1897829818   0.4481877191  -1.5161207935
      
      
#  type   0  conf  1.0000
  -0.1897829818   0.4481877191  -1.5161207935
  -0.9123181666   2.1545124556  -2.5739893209
      
      
#  type   0  conf  1.0000
  -0.9123181666   2.1545124556  -2.5739893209
  -1.0383145561   2.4520630258  -2.8583329826
      
      
#  type   0  conf  1.0000
  -1.0383145561   2.4520630258  -2.8583329826
  -1.2401795856   2.9287834687  -3.6982755740
      
      
#  type   0  conf  1.0000
  -1.2401795856   2.9287834687  -3.6982755740
  -1.2432202674   2.9359642825  -3.9392918887
      
      
#  type   0  conf  1.0000
  -1.2432202674   2.9359642825  -3.9392918887
  -1.0436569804   2.4646795888  -4.3308253577
      
      
#  type   0  conf  1.0000
  -1.0436569804   2.4646795888  -4.3308253577
  -1.0313196279   2.4355439422  -4.3462909822
      
      
#  type   0  conf  1.0000
  -1.0313196279   2.4355439422  -4.3462909822
  -0.8104440031   1.9139284554  -4.5945193526
      
      
# 350  norm    -0.9238795325   -0.3826834324    0.0000000000
# nedges  16 
#  type   0  conf  1.0000
   0.7331147728  -1.7698956272  -4.5793360086
   0.9326434930  -2.2516005696  -4.3703625214
      
      
#  type   0  conf  1.0000
   0.9326434930  -2.2516005696  -4.3703625214
   1.1273601163  -2.7216880824  -3.9882840338
      
      
#  type   0  conf  1.0000
   1.1273601163  -2.7216880824  -3.9882840338
   1.1253288280  -2.7167841187  -3.7757049419
      
      
#  type   0  conf  1.0000
   1.1253288280  -2.7167841187  -3.7757049419
   0.9079180156  -2.1919079867  -2.9410161275
      
      
#  type   0  conf  1.0000
   0.9079180156  -2.1919079867  -2.9410161275
   0.7577165399  -1.8292895471  -2.5951944450
      
      
#  type   0  conf  1.0000
   0.7577165399  -1.8292895471  -2.5951944450
   0.0820005627  -0.1979668706  -1.5342391089
      
      
#  type   0  conf  1.0000
   0.0820005627  -0.1979668706  -1.5342391089
  -0.0587405742   0.1418122910  -1.3836974556
      
      
#  type   0  conf  1.0000
  -0.0587405742   0.1418122910  -1.3836974556
  -0.1861857365   0.4494921302  -1.5161867698
      
      
#  type   0  conf  1.0000
  -0.1861857365   0.4494921302  -1.5161867698
  -0.8939826863   2.1582651258  -2.5710397844
      
      
#  type   0  conf  1.0000
  -0.8939826863   2.1582651258  -2.5710397844
  -1.0087291384   2.4352875667  -2.8383414035
      
      
#  type   0  conf  1.0000
  -1.0087291384   2.4352875667  -2.8383414035
  -1.0207832376   2.4643887364  -2.8732900064
      
      
#  type   0  conf  1.0000
  -1.0207832376   2.4643887364  -2.8732900064
  -1.2149118626   2.9330566959  -3.6980353174
      
      
#  type   0  conf  1.0000
  -1.2149118626   2.9330566959  -3.6980353174
  -1.2181374189   2.9408438776  -3.9386122782
      
      
#  type   0  conf  1.0000
  -1.2181374189   2.9408438776  -3.9386122782
  -1.0240805547   2.4723491641  -4.3270415832
      
      
#  type   0  conf  1.0000
  -1.0240805547   2.4723491641  -4.3270415832
  -1.0138306898   2.4476038013  -4.3421887396
      
      
#  type   0  conf  1.0000
  -1.0138306898   2.4476038013  -4.3421887396
  -0.7927010256   1.9137495668  -4.5944851588
      
      
# 351  norm    -0.9268565956   -0.3754155712    0.0000000000
# nedges  15 
#  type   0  conf  1.0000
   0.7176477076  -1.7717872197  -4.5791754746
   0.9130211226  -2.2541410486  -4.3710385059
      
      
#  type   0  conf  1.0000
   0.9130211226  -2.2541410486  -4.3710385059
   1.1041685279  -2.7260613603  -3.9894408650
      
      
#  type   0  conf  1.0000
   1.1041685279  -2.7260613603  -3.9894408650
   1.1024758959  -2.7218824523  -3.7751361134
      
      
#  type   0  conf  1.0000
   1.1024758959  -2.7218824523  -3.7751361134
   0.8896665280  -2.1964813199  -2.9410738157
      
      
#  type   0  conf  1.0000
   0.8896665280  -2.1964813199  -2.9410738157
   0.7423448653  -1.8327615777  -2.5914923181
      
      
#  type   0  conf  1.0000
   0.7423448653  -1.8327615777  -2.5914923181
   0.0816907399  -0.2016847646  -1.5351302104
      
      
#  type   0  conf  1.0000
   0.0816907399  -0.2016847646  -1.5351302104
  -0.0569088967   0.1405013279  -1.3833477358
      
      
#  type   0  conf  1.0000
  -0.0569088967   0.1405013279  -1.3833477358
  -0.1825735185   0.4507524001  -1.5161660829
      
      
#  type   0  conf  1.0000
  -0.1825735185   0.4507524001  -1.5161660829
  -0.8760859978   2.1629525989  -2.5687884903
      
      
#  type   0  conf  1.0000
  -0.8760859978   2.1629525989  -2.5687884903
  -0.9959706900   2.4589337094  -2.8572975163
      
      
#  type   0  conf  1.0000
  -0.9959706900   2.4589337094  -2.8572975163
  -1.1894879333   2.9367048704  -3.6948844942
      
      
#  type   0  conf  1.0000
  -1.1894879333   2.9367048704  -3.6948844942
  -1.1926605575   2.9445377039  -3.9385824929
      
      
#  type   0  conf  1.0000
  -1.1926605575   2.9445377039  -3.9385824929
  -1.0048091161   2.4807547369  -4.3232173295
      
      
#  type   0  conf  1.0000
  -1.0048091161   2.4807547369  -4.3232173295
  -0.9896865511   2.4434189144  -4.3460815359
      
      
#  type   0  conf  1.0000
  -0.9896865511   2.4434189144  -4.3460815359
  -0.7751779350   1.9138225395  -4.5942966748
      
      
# 352  norm    -0.9297764859   -0.3681245527    0.0000000000
# nedges  14 
#  type   0  conf  1.0000
   0.7016913470  -1.7722700374  -4.5798602819
   0.8956412046  -2.2621314601  -4.3684555095
      
      
#  type   0  conf  1.0000
   0.8956412046  -2.2621314601  -4.3684555095
   1.0813734807  -2.7312376407  -3.9874495950
      
      
#  type   0  conf  1.0000
   1.0813734807  -2.7312376407  -3.9874495950
   1.0797848410  -2.7272251951  -3.7767479010
      
      
#  type   0  conf  1.0000
   1.0797848410  -2.7272251951  -3.7767479010
   0.8717264228  -2.2017296161  -2.9424168831
      
      
#  type   0  conf  1.0000
   0.8717264228  -2.2017296161  -2.9424168831
   0.7268359364  -1.8357780210  -2.5872997436
      
      
#  type   0  conf  1.0000
   0.7268359364  -1.8357780210  -2.5872997436
   0.0807586789  -0.2039731393  -1.5351793136
      
      
#  type   0  conf  1.0000
   0.0807586789  -0.2039731393  -1.5351793136
  -0.0553154616   0.1397109079  -1.3833475832
      
      
#  type   0  conf  1.0000
  -0.0553154616   0.1397109079  -1.3833475832
  -0.1795731072   0.4535498959  -1.5171833623
      
      
#  type   0  conf  1.0000
  -0.1795731072   0.4535498959  -1.5171833623
  -0.8579986110   2.1670571212  -2.5662179479
      
      
#  type   0  conf  1.0000
  -0.8579986110   2.1670571212  -2.5662179479
  -0.9753326805   2.4634091521  -2.8582948212
      
      
#  type   0  conf  1.0000
  -0.9753326805   2.4634091521  -2.8582948212
  -1.1644189571   2.9409865715  -3.6960172314
      
      
#  type   0  conf  1.0000
  -1.1644189571   2.9409865715  -3.6960172314
  -1.1668875385   2.9472214962  -3.9410537864
      
      
#  type   0  conf  1.0000
  -1.1668875385   2.9472214962  -3.9410537864
  -0.9765974968   2.4666037136  -4.3363615596
      
      
#  type   0  conf  1.0000
  -0.9765974968   2.4666037136  -4.3363615596
  -0.7574197286   1.9130238624  -4.5957238913
      
      
# 353  norm    -0.9326390231   -0.3608108265    0.0000000000
# nedges  14 
#  type   0  conf  1.0000
   0.6853001563  -1.7713927117  -4.5807852028
   0.8762730556  -2.2650275063  -4.3688309532
      
      
#  type   0  conf  1.0000
   0.8762730556  -2.2650275063  -4.3688309532
   1.0585943191  -2.7362991884  -3.9861741794
      
      
#  type   0  conf  1.0000
   1.0585943191  -2.7362991884  -3.9861741794
   1.0566531472  -2.7312815656  -3.7755843795
      
      
#  type   0  conf  1.0000
   1.0566531472  -2.7312815656  -3.7755843795
   0.8532887213  -2.2056166310  -2.9423439007
      
      
#  type   0  conf  1.0000
   0.8532887213  -2.2056166310  -2.9423439007
   0.7118019665  -1.8398957071  -2.5840390168
      
      
#  type   0  conf  1.0000
   0.7118019665  -1.8398957071  -2.5840390168
   0.0787130481  -0.2034608026  -1.5334159505
      
      
#  type   0  conf  1.0000
   0.0787130481  -0.2034608026  -1.5334159505
  -0.0543872321   0.1405824086  -1.3838097181
      
      
#  type   0  conf  1.0000
  -0.0543872321   0.1405824086  -1.3838097181
  -0.1757115880   0.4541867143  -1.5170144175
      
      
#  type   0  conf  1.0000
  -0.1757115880   0.4541867143  -1.5170144175
  -0.8396040727   2.1702439748  -2.5630129873
      
      
#  type   0  conf  1.0000
  -0.8396040727   2.1702439748  -2.5630129873
  -0.9544124641   2.4670055410  -2.8589339208
      
      
#  type   0  conf  1.0000
  -0.9544124641   2.4670055410  -2.8589339208
  -1.1387479208   2.9434835945  -3.6937639824
      
      
#  type   0  conf  1.0000
  -1.1387479208   2.9434835945  -3.6937639824
  -1.1419766639   2.9518293856  -3.9397816813
      
      
#  type   0  conf  1.0000
  -1.1419766639   2.9518293856  -3.9397816813
  -0.9550299149   2.4686015538  -4.3365086523
      
      
#  type   0  conf  1.0000
  -0.9550299149   2.4686015538  -4.3365086523
  -0.7408159871   1.9148923698  -4.5958626748
      
      
# 354  norm    -0.9354440308   -0.3534748438    0.0000000000
# nedges  15 
#  type   0  conf  1.0000
   0.6709847253  -1.7757095507  -4.5799375624
   0.8547329323  -2.2619850707  -4.3720158036
      
      
#  type   0  conf  1.0000
   0.8547329323  -2.2619850707  -4.3720158036
   1.0353918236  -2.7400849538  -3.9877078020
      
      
#  type   0  conf  1.0000
   1.0353918236  -2.7400849538  -3.9877078020
   1.0338532077  -2.7360131249  -3.7760804000
      
      
#  type   0  conf  1.0000
   1.0338532077  -2.7360131249  -3.7760804000
   0.8346938389  -2.2089531488  -2.9417464346
      
      
#  type   0  conf  1.0000
   0.8346938389  -2.2089531488  -2.9417464346
   0.6962867465  -1.8426694070  -2.5801575314
      
      
#  type   0  conf  1.0000
   0.6962867465  -1.8426694070  -2.5801575314
   0.1318566096  -0.3489483920  -1.6248591780
      
      
#  type   0  conf  1.0000
   0.1318566096  -0.3489483920  -1.6248591780
   0.0727303145  -0.1924751924  -1.5281049087
      
      
#  type   0  conf  1.0000
   0.0727303145  -0.1924751924  -1.5281049087
  -0.0525497064   0.1390687627  -1.3834005733
      
      
#  type   0  conf  1.0000
  -0.0525497064   0.1390687627  -1.3834005733
  -0.1726279590   0.4568466376  -1.5181378015
      
      
#  type   0  conf  1.0000
  -0.1726279590   0.4568466376  -1.5181378015
  -0.8209988117   2.1727103109  -2.5595505983
      
      
#  type   0  conf  1.0000
  -0.8209988117   2.1727103109  -2.5595505983
  -0.9331051618   2.4693911578  -2.8580426268
      
      
#  type   0  conf  1.0000
  -0.9331051618   2.4693911578  -2.8580426268
  -1.1136730878   2.9472503083  -3.6945048793
      
      
#  type   0  conf  1.0000
  -1.1136730878   2.9472503083  -3.6945048793
  -1.1166863573   2.9552246945  -3.9394661970
      
      
#  type   0  conf  1.0000
  -1.1166863573   2.9552246945  -3.9394661970
  -0.9335538627   2.4705786104  -4.3368853907
      
      
#  type   0  conf  1.0000
  -0.9335538627   2.4705786104  -4.3368853907
  -0.7240842054   1.9162332475  -4.5956132805
      
      
# 355  norm    -0.9381913359   -0.3461170571   -0.0000000000
# nedges  16 
#  type   0  conf  1.0000
   0.6559494294  -1.7780287300  -4.5800034461
   0.8365821787  -2.2676552218  -4.3700050785
      
      
#  type   0  conf  1.0000
   0.8365821787  -2.2676552218  -4.3700050785
   1.0123296305  -2.7440395353  -3.9859240627
      
      
#  type   0  conf  1.0000
   1.0123296305  -2.7440395353  -3.9859240627
   1.0109750219  -2.7403677078  -3.7778751167
      
      
#  type   0  conf  1.0000
   1.0109750219  -2.7403677078  -3.7778751167
   0.8160322463  -2.2119521927  -2.9416389273
      
      
#  type   0  conf  1.0000
   0.8160322463  -2.2119521927  -2.9416389273
   0.6963397861  -1.8875115826  -2.6180983238
      
      
#  type   0  conf  1.0000
   0.6963397861  -1.8875115826  -2.6180983238
   0.6391236384  -1.7324204280  -2.5008689931
      
      
#  type   0  conf  1.0000
   0.6391236384  -1.7324204280  -2.5008689931
   0.0742202742  -0.2011828564  -1.5305666066
      
      
#  type   0  conf  1.0000
   0.0742202742  -0.2011828564  -1.5305666066
  -0.0514630257   0.1394966351  -1.3838519857
      
      
#  type   0  conf  1.0000
  -0.0514630257   0.1394966351  -1.3838519857
  -0.1614477303   0.4376232221  -1.5094711411
      
      
#  type   0  conf  1.0000
  -0.1614477303   0.4376232221  -1.5094711411
  -0.2154989467   0.5841354553  -1.5946577350
      
      
#  type   0  conf  1.0000
  -0.2154989467   0.5841354553  -1.5946577350
  -0.8023786318   2.1749424510  -2.5559329749
      
      
#  type   0  conf  1.0000
  -0.8023786318   2.1749424510  -2.5559329749
  -0.9116541199   2.4711466226  -2.8574441594
      
      
#  type   0  conf  1.0000
  -0.9116541199   2.4711466226  -2.8574441594
  -1.0879789492   2.9490959862  -3.6933311090
      
      
#  type   0  conf  1.0000
  -1.0879789492   2.9490959862  -3.6933311090
  -1.0913012510   2.9581014793  -3.9396400390
      
      
#  type   0  conf  1.0000
  -1.0913012510   2.9581014793  -3.9396400390
  -0.9114691519   2.4706452448  -4.3377725652
      
      
#  type   0  conf  1.0000
  -0.9114691519   2.4706452448  -4.3377725652
  -0.7069690645   1.9163235025  -4.5959642039
      
      
# 356  norm    -0.9408807690   -0.3387379202    0.0000000000
# nedges  17 
#  type   0  conf  1.0000
   0.6413691490  -1.7814713441  -4.5799388540
   0.8033094118  -2.2312777280  -4.3863377045
      
      
#  type   0  conf  1.0000
   0.8033094118  -2.2312777280  -4.3863377045
   0.8231746415  -2.2864555262  -4.3565214208
      
      
#  type   0  conf  1.0000
   0.8231746415  -2.2864555262  -4.3565214208
   0.9894147369  -2.7482051547  -3.9840753638
      
      
#  type   0  conf  1.0000
   0.9894147369  -2.7482051547  -3.9840753638
   0.9875875072  -2.7431298288  -3.7775807423
      
      
#  type   0  conf  1.0000
   0.9875875072  -2.7431298288  -3.7775807423
   0.7976719357  -2.2156190358  -2.9424721346
      
      
#  type   0  conf  1.0000
   0.7976719357  -2.2156190358  -2.9424721346
   0.6822486573  -1.8950185465  -2.6192744370
      
      
#  type   0  conf  1.0000
   0.6822486573  -1.8950185465  -2.6192744370
   0.6269770025  -1.7414956195  -2.5007123760
      
      
#  type   0  conf  1.0000
   0.6269770025  -1.7414956195  -2.5007123760
   0.0728030092  -0.2022181374  -1.5299494158
      
      
#  type   0  conf  1.0000
   0.0728030092  -0.2022181374  -1.5299494158
  -0.0497874584   0.1382899858  -1.3838581432
      
      
#  type   0  conf  1.0000
  -0.0497874584   0.1382899858  -1.3838581432
  -0.1569305441   0.4358913548  -1.5082183516
      
      
#  type   0  conf  1.0000
  -0.1569305441   0.4358913548  -1.5082183516
  -0.1861928626   0.5171705713  -1.5535448529
      
      
#  type   0  conf  1.0000
  -0.1861928626   0.5171705713  -1.5535448529
  -0.7839190515   2.1774189304  -2.5524352325
      
      
#  type   0  conf  1.0000
  -0.7839190515   2.1774189304  -2.5524352325
  -0.8906270498   2.4738117979  -2.8586896687
      
      
#  type   0  conf  1.0000
  -0.8906270498   2.4738117979  -2.8586896687
  -1.0626969128   2.9517542287  -3.6948960487
      
      
#  type   0  conf  1.0000
  -1.0626969128   2.9517542287  -3.6948960487
  -1.0658507873   2.9605144520  -3.9388930271
      
      
#  type   0  conf  1.0000
  -1.0658507873   2.9605144520  -3.9388930271
  -0.8898377794   2.4716195148  -4.3375591762
      
      
#  type   0  conf  1.0000
  -0.8898377794   2.4716195148  -4.3375591762
  -0.6906225897   1.9182780387  -4.5961453014
      
      
# 357  norm    -0.9435121640   -0.3313378885   -0.0000000000
# nedges  18 
#  type   0  conf  1.0000
   0.6274207027  -1.7866325752  -4.5791365283
   0.7858684418  -2.2378256759  -4.3843465589
      
      
#  type   0  conf  1.0000
   0.7858684418  -2.2378256759  -4.3843465589
   0.8027112222  -2.2857868922  -4.3582118319
      
      
#  type   0  conf  1.0000
   0.8027112222  -2.2857868922  -4.3582118319
   0.9660134564  -2.7508035708  -3.9839457817
      
      
#  type   0  conf  1.0000
   0.9660134564  -2.7508035708  -3.9839457817
   0.9645644609  -2.7466774356  -3.7786734343
      
      
#  type   0  conf  1.0000
   0.9645644609  -2.7466774356  -3.7786734343
   0.7789539082  -2.2181359669  -2.9423219531
      
      
#  type   0  conf  1.0000
   0.7789539082  -2.2181359669  -2.9423219531
   0.6683943970  -1.9033085738  -2.6213712591
      
      
#  type   0  conf  1.0000
   0.6683943970  -1.9033085738  -2.6213712591
   0.6140325136  -1.7485085945  -2.4995310310
      
      
#  type   0  conf  1.0000
   0.6140325136  -1.7485085945  -2.4995310310
   0.0722371203  -0.2057012013  -1.5307672896
      
      
#  type   0  conf  1.0000
   0.0722371203  -0.2057012013  -1.5307672896
  -0.0483999525   0.1378228858  -1.3838690728
      
      
#  type   0  conf  1.0000
  -0.0483999525   0.1378228858  -1.3838690728
  -0.1504570809   0.4284390374  -1.5047137176
      
      
#  type   0  conf  1.0000
  -0.1504570809   0.4284390374  -1.5047137176
  -0.1831574797   0.5215561397  -1.5555746315
      
      
#  type   0  conf  1.0000
  -0.1831574797   0.5215561397  -1.5555746315
  -0.7355965912   2.0946724047  -2.4983362099
      
      
#  type   0  conf  1.0000
  -0.7355965912   2.0946724047  -2.4983362099
  -0.7791716829   2.2187560984  -2.5900277486
      
      
#  type   0  conf  1.0000
  -0.7791716829   2.2187560984  -2.5900277486
  -0.8693833587   2.4756413399  -2.8587875436
      
      
#  type   0  conf  1.0000
  -0.8693833587   2.4756413399  -2.8587875436
  -1.0371965471   2.9535033353  -3.6951184801
      
      
#  type   0  conf  1.0000
  -1.0371965471   2.9535033353  -3.6951184801
  -1.0405328309   2.9630036806  -3.9385463787
      
      
#  type   0  conf  1.0000
  -1.0405328309   2.9630036806  -3.9385463787
  -0.8682910744   2.4725309696  -4.3373170676
      
      
#  type   0  conf  1.0000
  -0.8682910744   2.4725309696  -4.3373170676
  -0.6746328029   1.9210729528  -4.5966362627
      
      
# 358  norm    -0.9460853588   -0.3239174182    0.0000000000
# nedges  18 
#  type   0  conf  1.0000
   0.6131242267  -1.7907893228  -4.5791940582
   0.7615357015  -2.2242637690  -4.3904518749
      
      
#  type   0  conf  1.0000
   0.7615357015  -2.2242637690  -4.3904518749
   0.7831413682  -2.2873687572  -4.3580413157
      
      
#  type   0  conf  1.0000
   0.7831413682  -2.2873687572  -4.3580413157
   0.9431511784  -2.7547191688  -3.9821608195
      
      
#  type   0  conf  1.0000
   0.9431511784  -2.7547191688  -3.9821608195
   0.9415143455  -2.7499383711  -3.7799305194
      
      
#  type   0  conf  1.0000
   0.9415143455  -2.7499383711  -3.7799305194
   0.7598635862  -2.2193799196  -2.9408519686
      
      
#  type   0  conf  1.0000
   0.7598635862  -2.2193799196  -2.9408519686
   0.6528187097  -1.9067274202  -2.6192216403
      
      
#  type   0  conf  1.0000
   0.6528187097  -1.9067274202  -2.6192216403
   0.6013004530  -1.7562549060  -2.4989668876
      
      
#  type   0  conf  1.0000
   0.6013004530  -1.7562549060  -2.4989668876
   0.0704098866  -0.2056504500  -1.5293841491
      
      
#  type   0  conf  1.0000
   0.0704098866  -0.2056504500  -1.5293841491
  -0.0471399629   0.1376845646  -1.3842613820
      
      
#  type   0  conf  1.0000
  -0.0471399629   0.1376845646  -1.3842613820
  -0.1536967530   0.4489114802  -1.5132638757
      
      
#  type   0  conf  1.0000
  -0.1536967530   0.4489114802  -1.5132638757
  -0.7104358178   2.0750132222  -2.4791664196
      
      
#  type   0  conf  1.0000
  -0.7104358178   2.0750132222  -2.4791664196
  -0.7603674871   2.2208516939  -2.5874927372
      
      
#  type   0  conf  1.0000
  -0.7603674871   2.2208516939  -2.5874927372
  -0.8442913384   2.4659732049  -2.8471679715
      
      
#  type   0  conf  1.0000
  -0.8442913384   2.4659732049  -2.8471679715
  -0.8511254920   2.4859341340  -2.8737236514
      
      
#  type   0  conf  1.0000
  -0.8511254920   2.4859341340  -2.8737236514
  -1.0123639442   2.9568731153  -3.7002064541
      
      
#  type   0  conf  1.0000
  -1.0123639442   2.9568731153  -3.7002064541
  -1.0150524802   2.9647256863  -3.9372711465
      
      
#  type   0  conf  1.0000
  -1.0150524802   2.9647256863  -3.9372711465
  -0.8472031310   2.4744778551  -4.3364814088
      
      
#  type   0  conf  1.0000
  -0.8472031310   2.4744778551  -4.3364814088
  -0.6591961881   1.9253545106  -4.5962153667
      
      
# 359  norm    -0.9486001946   -0.3164769672    0.0000000000
# nedges  17 
#  type   0  conf  1.0000
   0.5985347806  -1.7940332734  -4.5799740734
   0.7587017978  -2.2741139092  -4.3691486640
      
      
#  type   0  conf  1.0000
   0.7587017978  -2.2741139092  -4.3691486640
   0.9200564776  -2.7577544156  -3.9826295885
      
      
#  type   0  conf  1.0000
   0.9200564776  -2.7577544156  -3.9826295885
   0.9184806337  -2.7530310203  -3.7805876921
      
      
#  type   0  conf  1.0000
   0.9184806337  -2.7530310203  -3.7805876921
   0.7411709789  -2.2215674686  -2.9406260226
      
      
#  type   0  conf  1.0000
   0.7411709789  -2.2215674686  -2.9406260226
   0.6386090868  -1.9141510027  -2.6209899374
      
      
#  type   0  conf  1.0000
   0.6386090868  -1.9141510027  -2.6209899374
   0.5891652826  -1.7659493730  -2.5000344283
      
      
#  type   0  conf  1.0000
   0.5891652826  -1.7659493730  -2.5000344283
   0.0697816934  -0.2091619131  -1.5303384211
      
      
#  type   0  conf  1.0000
   0.0697816934  -0.2091619131  -1.5303384211
  -0.0455204778   0.1364419485  -1.3839908134
      
      
#  type   0  conf  1.0000
  -0.0455204778   0.1364419485  -1.3839908134
  -0.1494633686   0.4479977856  -1.5124848901
      
      
#  type   0  conf  1.0000
  -0.1494633686   0.4479977856  -1.5124848901
  -0.6947034582   2.0822868770  -2.4791802322
      
      
#  type   0  conf  1.0000
  -0.6947034582   2.0822868770  -2.4791802322
  -0.7420658529   2.2242497417  -2.5863378842
      
      
#  type   0  conf  1.0000
  -0.7420658529   2.2242497417  -2.5863378842
  -0.8225477857   2.4654842865  -2.8452784875
      
      
#  type   0  conf  1.0000
  -0.8225477857   2.4654842865  -2.8452784875
  -0.8294426373   2.4861507433  -2.8712747521
      
      
#  type   0  conf  1.0000
  -0.8294426373   2.4861507433  -2.8712747521
  -0.9870796773   2.9586480886  -3.7007456751
      
      
#  type   0  conf  1.0000
  -0.9870796773   2.9586480886  -3.7007456751
  -0.9901080267   2.9677251878  -3.9358338333
      
      
#  type   0  conf  1.0000
  -0.9901080267   2.9677251878  -3.9358338333
  -0.8259048662   2.4755467161  -4.3362184981
      
      
#  type   0  conf  1.0000
  -0.8259048662   2.4755467161  -4.3362184981
  -0.6438769467   1.9299407549  -4.5959580296
      
      
# 360  norm    -0.9510565163   -0.3090169944    0.0000000000
# nedges  17 
#  type   0  conf  1.0000
   0.5844476828  -1.7987450116  -4.5800786750
   0.7380775287  -2.2715690592  -4.3709914233
      
      
#  type   0  conf  1.0000
   0.7380775287  -2.2715690592  -4.3709914233
   0.8967863745  -2.7600246611  -3.9818099870
      
      
#  type   0  conf  1.0000
   0.8967863745  -2.7600246611  -3.9818099870
   0.8954067402  -2.7557785833  -3.7821942241
      
      
#  type   0  conf  1.0000
   0.8954067402  -2.7557785833  -3.7821942241
   0.7227638617  -2.2244384385  -2.9422459696
      
      
#  type   0  conf  1.0000
   0.7227638617  -2.2244384385  -2.9422459696
   0.6235090435  -1.9189635184  -2.6206668432
      
      
#  type   0  conf  1.0000
   0.6235090435  -1.9189635184  -2.6206668432
   0.5765763268  -1.7745194690  -2.5003188636
      
      
#  type   0  conf  1.0000
   0.5765763268  -1.7745194690  -2.5003188636
   0.0685472136  -0.2109666309  -1.5302450894
      
      
#  type   0  conf  1.0000
   0.0685472136  -0.2109666309  -1.5302450894
  -0.0442036654   0.1360448931  -1.3841544266
      
      
#  type   0  conf  1.0000
  -0.0442036654   0.1360448931  -1.3841544266
  -0.1457100168   0.4484493198  -1.5125801182
      
      
#  type   0  conf  1.0000
  -0.1457100168   0.4484493198  -1.5125801182
  -0.6789976911   2.0897400158  -2.4792160950
      
      
#  type   0  conf  1.0000
  -0.6789976911   2.0897400158  -2.4792160950
  -0.7241567760   2.2287253877  -2.5867232609
      
      
#  type   0  conf  1.0000
  -0.7241567760   2.2287253877  -2.5867232609
  -0.8015064244   2.4667831273  -2.8449860845
      
      
#  type   0  conf  1.0000
  -0.8015064244   2.4667831273  -2.8449860845
  -0.8104211630   2.4942198716  -2.8841384647
      
      
#  type   0  conf  1.0000
  -0.8104211630   2.4942198716  -2.8841384647
  -0.9622244962   2.9614224909  -3.7048593620
      
      
#  type   0  conf  1.0000
  -0.9622244962   2.9614224909  -3.7048593620
  -0.9647241410   2.9691156066  -3.9354011264
      
      
#  type   0  conf  1.0000
  -0.9647241410   2.9691156066  -3.9354011264
  -0.8044866095   2.4759551939  -4.3356397561
      
      
#  type   0  conf  1.0000
  -0.8044866095   2.4759551939  -4.3356397561
  -0.6287551680   1.9351094295  -4.5959285426
      
      
# 361  norm    -0.9534541723   -0.3015379599    0.0000000000
# nedges  18 
#  type   0  conf  1.0000
   0.5705568771  -1.8040840864  -4.5796929390
   0.7180818543  -2.2705537312  -4.3717799760
      
      
#  type   0  conf  1.0000
   0.7180818543  -2.2705537312  -4.3717799760
   0.8734523107  -2.7618305507  -3.9826008918
      
      
#  type   0  conf  1.0000
   0.8734523107  -2.7618305507  -3.9826008918
   0.8730707791  -2.7606241588  -3.8299548569
      
      
#  type   0  conf  1.0000
   0.8730707791  -2.7606241588  -3.8299548569
   0.8706473433  -2.7529613262  -3.7777488651
      
      
#  type   0  conf  1.0000
   0.8706473433  -2.7529613262  -3.7777488651
   0.7111543925  -2.2486493004  -2.9764806040
      
      
#  type   0  conf  1.0000
   0.7111543925  -2.2486493004  -2.9764806040
   0.7027097183  -2.2219474886  -2.9380465424
      
      
#  type   0  conf  1.0000
   0.7027097183  -2.2219474886  -2.9380465424
   0.6088602306  -1.9251981653  -2.6218568175
      
      
#  type   0  conf  1.0000
   0.6088602306  -1.9251981653  -2.6218568175
   0.5639232731  -1.7831088257  -2.5007378213
      
      
#  type   0  conf  1.0000
   0.5639232731  -1.7831088257  -2.5007378213
   0.0672682746  -0.2127003083  -1.5301462010
      
      
#  type   0  conf  1.0000
   0.0672682746  -0.2127003083  -1.5301462010
  -0.0428442364   0.1354722172  -1.3840448077
      
      
#  type   0  conf  1.0000
  -0.0428442364   0.1354722172  -1.3840448077
  -0.1418295110   0.4484607479  -1.5123901828
      
      
#  type   0  conf  1.0000
  -0.1418295110   0.4484607479  -1.5123901828
  -0.6630773881   2.0966312246  -2.4791845342
      
      
#  type   0  conf  1.0000
  -0.6630773881   2.0966312246  -2.4791845342
  -0.7061818470   2.2329262577  -2.5869011909
      
      
#  type   0  conf  1.0000
  -0.7061818470   2.2329262577  -2.5869011909
  -0.7845170121   2.4806197489  -2.8599457624
      
      
#  type   0  conf  1.0000
  -0.7845170121   2.4806197489  -2.8599457624
  -0.9364664615   2.9610794445  -3.7012842191
      
      
#  type   0  conf  1.0000
  -0.9364664615   2.9610794445  -3.7012842191
  -0.9401732143   2.9728000879  -3.9326966917
      
      
#  type   0  conf  1.0000
  -0.9401732143   2.9728000879  -3.9326966917
  -0.7834071640   2.4771104416  -4.3346963964
      
      
#  type   0  conf  1.0000
  -0.7834071640   2.4771104416  -4.3346963964
  -0.6136777452   1.9404310050  -4.5956542823
      
      
# 362  norm    -0.9557930148   -0.2940403252    0.0000000000
# nedges  18 
#  type   0  conf  1.0000
   0.5568944842  -1.8102138118  -4.5800431247
   0.7013424325  -2.2797492060  -4.3662687674
      
      
#  type   0  conf  1.0000
   0.7013424325  -2.2797492060  -4.3662687674
   0.8509914829  -2.7661910465  -3.9783456376
      
      
#  type   0  conf  1.0000
   0.8509914829  -2.7661910465  -3.9783456376
   0.8491981684  -2.7603617868  -3.7849133141
      
      
#  type   0  conf  1.0000
   0.8491981684  -2.7603617868  -3.7849133141
   0.6876957328  -2.2353899152  -2.9540006878
      
      
#  type   0  conf  1.0000
   0.6876957328  -2.2353899152  -2.9540006878
   0.6798927484  -2.2100259180  -2.9230807152
      
      
#  type   0  conf  1.0000
   0.6798927484  -2.2100259180  -2.9230807152
   0.5934995045  -1.9292002901  -2.6210562169
      
      
#  type   0  conf  1.0000
   0.5934995045  -1.9292002901  -2.6210562169
   0.5511155622  -1.7914291324  -2.5012685123
      
      
#  type   0  conf  1.0000
   0.5511155622  -1.7914291324  -2.5012685123
   0.0673861903  -0.2190422347  -1.5327067204
      
      
#  type   0  conf  1.0000
   0.0673861903  -0.2190422347  -1.5327067204
  -0.0402157818   0.1307234418  -1.3841458919
      
      
#  type   0  conf  1.0000
  -0.0402157818   0.1307234418  -1.3841458919
  -0.1364230447   0.4434500372  -1.5093999091
      
      
#  type   0  conf  1.0000
  -0.1364230447   0.4434500372  -1.5093999091
  -0.6472235480   2.1038330227  -2.4795422626
      
      
#  type   0  conf  1.0000
  -0.6472235480   2.1038330227  -2.4795422626
  -0.6887768405   2.2389041109  -2.5885994673
      
      
#  type   0  conf  1.0000
  -0.6887768405   2.2389041109  -2.5885994673
  -0.7589837480   2.4671152304  -2.8445259602
      
      
#  type   0  conf  1.0000
  -0.7589837480   2.4671152304  -2.8445259602
  -0.7667475568   2.4923518853  -2.8782201636
      
      
#  type   0  conf  1.0000
  -0.7667475568   2.4923518853  -2.8782201636
  -0.9123310674   2.9655784821  -3.7122020852
      
      
#  type   0  conf  1.0000
  -0.9123310674   2.9655784821  -3.7122020852
  -0.9145778450   2.9728817471  -3.9331026450
      
      
#  type   0  conf  1.0000
  -0.9145778450   2.9728817471  -3.9331026450
  -0.7622595198   2.4777632929  -4.3337118663
      
      
#  type   0  conf  1.0000
  -0.7622595198   2.4777632929  -4.3337118663
  -0.5986855740   1.9460578724  -4.5955290603
      
      
# 363  norm    -0.9580728995   -0.2865245527    0.0000000000
# nedges  18 
#  type   0  conf  1.0000
   0.5434571264  -1.8171969552  -4.5793848077
   0.6738674558  -2.2532594192  -4.3782656046
      
      
#  type   0  conf  1.0000
   0.6738674558  -2.2532594192  -4.3782656046
   0.6887585677  -2.3030519084  -4.3477370521
      
      
#  type   0  conf  1.0000
   0.6887585677  -2.3030519084  -4.3477370521
   0.8277790236  -2.7679046760  -3.9758683197
      
      
#  type   0  conf  1.0000
   0.8277790236  -2.7679046760  -3.9758683197
   0.8263734840  -2.7632048715  -3.7889620166
      
      
#  type   0  conf  1.0000
   0.8263734840  -2.7632048715  -3.7889620166
   0.6664957015  -2.2286099503  -2.9425594053
      
      
#  type   0  conf  1.0000
   0.6664957015  -2.2286099503  -2.9425594053
   0.5791534720  -1.9365574116  -2.6238355948
      
      
#  type   0  conf  1.0000
   0.5791534720  -1.9365574116  -2.6238355948
   0.5371541960  -1.7961213905  -2.4992757552
      
      
#  type   0  conf  1.0000
   0.5371541960  -1.7961213905  -2.4992757552
   0.0660099279  -0.2207221768  -1.5326498650
      
      
#  type   0  conf  1.0000
   0.0660099279  -0.2207221768  -1.5326498650
  -0.0388148458   0.1297880113  -1.3840693523
      
      
#  type   0  conf  1.0000
  -0.0388148458   0.1297880113  -1.3840693523
  -0.1326934960   0.4436968534  -1.5094274464
      
      
#  type   0  conf  1.0000
  -0.1326934960   0.4436968534  -1.5094274464
  -0.6311405486   2.1103903647  -2.4795664704
      
      
#  type   0  conf  1.0000
  -0.6311405486   2.1103903647  -2.4795664704
  -0.6706142690   2.2423815027  -2.5895178120
      
      
#  type   0  conf  1.0000
  -0.6706142690   2.2423815027  -2.5895178120
  -0.7395094036   2.4727511541  -2.8512383284
      
      
#  type   0  conf  1.0000
  -0.7395094036   2.4727511541  -2.8512383284
  -0.7484038146   2.5024920405  -2.8970832186
      
      
#  type   0  conf  1.0000
  -0.7484038146   2.5024920405  -2.8970832186
  -0.8874508588   2.9674337132  -3.7174742998
      
      
#  type   0  conf  1.0000
  -0.8874508588   2.9674337132  -3.7174742998
  -0.8895277603   2.9743783991  -3.9308592519
      
      
#  type   0  conf  1.0000
  -0.8895277603   2.9743783991  -3.9308592519
  -0.7410864715   2.4780245106  -4.3326129756
      
      
#  type   0  conf  1.0000
  -0.7410864715   2.4780245106  -4.3326129756
  -0.5834881149   1.9510514707  -4.5957234834
      
      
# 364  norm    -0.9602936857   -0.2789911060   -0.0000000000
# nedges  19 
#  type   0  conf  1.0000
   0.5298686176  -1.8238197445  -4.5792544021
   0.6575638289  -2.2633495445  -4.3730420455
      
      
#  type   0  conf  1.0000
   0.6575638289  -2.2633495445  -4.3730420455
   0.6691379779  -2.3031880269  -4.3472347158
      
      
#  type   0  conf  1.0000
   0.6691379779  -2.3031880269  -4.3472347158
   0.8049390156  -2.7706182646  -3.9733807320
      
      
#  type   0  conf  1.0000
   0.8049390156  -2.7706182646  -3.9733807320
   0.8035174343  -2.7657251496  -3.7932163199
      
      
#  type   0  conf  1.0000
   0.8035174343  -2.7657251496  -3.7932163199
   0.6489322682  -2.2336395177  -2.9490559167
      
      
#  type   0  conf  1.0000
   0.6489322682  -2.2336395177  -2.9490559167
   0.6416778980  -2.2086698120  -2.9199868380
      
      
#  type   0  conf  1.0000
   0.6416778980  -2.2086698120  -2.9199868380
   0.5633649401  -1.9391148427  -2.6218650665
      
      
#  type   0  conf  1.0000
   0.5633649401  -1.9391148427  -2.6218650665
   0.5242152156  -1.8043606071  -2.4998843675
      
      
#  type   0  conf  1.0000
   0.5242152156  -1.8043606071  -2.4998843675
   0.0647984657  -0.2230377820  -1.5325589260
      
      
#  type   0  conf  1.0000
   0.0647984657  -0.2230377820  -1.5325589260
  -0.0375021001   0.1290830751  -1.3839478157
      
      
#  type   0  conf  1.0000
  -0.0375021001   0.1290830751  -1.3839478157
  -0.1290150886   0.4440728478  -1.5095421178
      
      
#  type   0  conf  1.0000
  -0.1290150886   0.4440728478  -1.5095421178
  -0.6150597342   2.1170494911  -2.4798600758
      
      
#  type   0  conf  1.0000
  -0.6150597342   2.1170494911  -2.4798600758
  -0.6516620742   2.2430355717  -2.5873538186
      
      
#  type   0  conf  1.0000
  -0.6516620742   2.2430355717  -2.5873538186
  -0.7163332564   2.4656352408  -2.8435470436
      
      
#  type   0  conf  1.0000
  -0.7163332564   2.4656352408  -2.8435470436
  -0.7240205687   2.4920951436  -2.8803950749
      
      
#  type   0  conf  1.0000
  -0.7240205687   2.4920951436  -2.8803950749
  -0.8620456449   2.9671805718  -3.7186082497
      
      
#  type   0  conf  1.0000
  -0.8620456449   2.9671805718  -3.7186082497
  -0.8644463198   2.9754437490  -3.9292427996
      
      
#  type   0  conf  1.0000
  -0.8644463198   2.9754437490  -3.9292427996
  -0.7189588667   2.4746726507  -4.3336404599
      
      
#  type   0  conf  1.0000
  -0.7189588667   2.4746726507  -4.3336404599
  -0.5683452592   1.9562572135  -4.5946362093
      
      
# 365  norm    -0.9624552365   -0.2714404499    0.0000000000
# nedges  18 
#  type   0  conf  1.0000
   0.5156964897  -1.8285218255  -4.5798771956
   0.6428409336  -2.2793420181  -4.3646650906
      
      
#  type   0  conf  1.0000
   0.6428409336  -2.2793420181  -4.3646650906
   0.7819547402  -2.7726023691  -3.9726410916
      
      
#  type   0  conf  1.0000
   0.7819547402  -2.7726023691  -3.9726410916
   0.7803145259  -2.7667866080  -3.7949505300
      
      
#  type   0  conf  1.0000
   0.7803145259  -2.7667866080  -3.7949505300
   0.6313632215  -2.2386451207  -2.9571674586
      
      
#  type   0  conf  1.0000
   0.6313632215  -2.2386451207  -2.9571674586
   0.6242097712  -2.2132808990  -2.9244480935
      
      
#  type   0  conf  1.0000
   0.6242097712  -2.2132808990  -2.9244480935
   0.5480266718  -1.9431560043  -2.6219203914
      
      
#  type   0  conf  1.0000
   0.5480266718  -1.9431560043  -2.6219203914
   0.5107766383  -1.8110773483  -2.4996975764
      
      
#  type   0  conf  1.0000
   0.5107766383  -1.8110773483  -2.4996975764
   0.0632473126  -0.2242580544  -1.5320035950
      
      
#  type   0  conf  1.0000
   0.0632473126  -0.2242580544  -1.5320035950
  -0.0366284288   0.1298746120  -1.3834886422
      
      
#  type   0  conf  1.0000
  -0.0366284288   0.1298746120  -1.3834886422
  -0.1263874207   0.4481359906  -1.5118393736
      
      
#  type   0  conf  1.0000
  -0.1263874207   0.4481359906  -1.5118393736
  -0.5987863967   2.1231364129  -2.4799526867
      
      
#  type   0  conf  1.0000
  -0.5987863967   2.1231364129  -2.4799526867
  -0.6338547458   2.2474793993  -2.5892205672
      
      
#  type   0  conf  1.0000
  -0.6338547458   2.2474793993  -2.5892205672
  -0.6970583276   2.4715823962  -2.8520180811
      
      
#  type   0  conf  1.0000
  -0.6970583276   2.4715823962  -2.8520180811
  -0.7051739947   2.5003583811  -2.8973089939
      
      
#  type   0  conf  1.0000
  -0.7051739947   2.5003583811  -2.8973089939
  -0.8369184584   2.9674890135  -3.7213124092
      
      
#  type   0  conf  1.0000
  -0.8369184584   2.9674890135  -3.7213124092
  -0.8398404346   2.9778495596  -3.9256496368
      
      
#  type   0  conf  1.0000
  -0.8398404346   2.9778495596  -3.9256496368
  -0.6984285817   2.4764409507  -4.3314966911
      
      
#  type   0  conf  1.0000
  -0.6984285817   2.4764409507  -4.3314966911
  -0.5530017224   1.9607962034  -4.5948552735
      
      
# 366  norm    -0.9645574185   -0.2638730500   -0.0000000000
# nedges  19 
#  type   0  conf  1.0000
   0.5027447535  -1.8377253065  -4.5780727127
   0.6230118990  -2.2773479485  -4.3654105465
      
      
#  type   0  conf  1.0000
   0.6230118990  -2.2773479485  -4.3654105465
   0.7589896493  -2.7743988894  -3.9706534217
      
      
#  type   0  conf  1.0000
   0.7589896493  -2.7743988894  -3.9706534217
   0.7577626806  -2.7699138470  -3.8013947958
      
      
#  type   0  conf  1.0000
   0.7577626806  -2.7699138470  -3.8013947958
   0.6199336803  -2.2660958758  -3.0006085028
      
      
#  type   0  conf  1.0000
   0.6199336803  -2.2660958758  -3.0006085028
   0.6082730324  -2.2234717259  -2.9357393370
      
      
#  type   0  conf  1.0000
   0.6082730324  -2.2234717259  -2.9357393370
   0.5318094158  -1.9439678181  -2.6185740314
      
      
#  type   0  conf  1.0000
   0.5318094158  -1.9439678181  -2.6185740314
   0.4973037866  -1.8178364810  -2.4993788332
      
      
#  type   0  conf  1.0000
   0.4973037866  -1.8178364810  -2.4993788332
   0.0616330939  -0.2252926472  -1.5314395693
      
      
#  type   0  conf  1.0000
   0.0616330939  -0.2252926472  -1.5314395693
  -0.0354194250   0.1294716120  -1.3836794994
      
      
#  type   0  conf  1.0000
  -0.0354194250   0.1294716120  -1.3836794994
  -0.1222945084   0.4470334326  -1.5113889148
      
      
#  type   0  conf  1.0000
  -0.1222945084   0.4470334326  -1.5113889148
  -0.5822188300   2.1282336020  -2.4796255075
      
      
#  type   0  conf  1.0000
  -0.5822188300   2.1282336020  -2.4796255075
  -0.6149255202   2.2477891259  -2.5870014901
      
      
#  type   0  conf  1.0000
  -0.6149255202   2.2477891259  -2.5870014901
  -0.6751083537   2.4677805138  -2.8484358422
      
      
#  type   0  conf  1.0000
  -0.6751083537   2.4677805138  -2.8484358422
  -0.6820099340   2.4930084423  -2.8870800104
      
      
#  type   0  conf  1.0000
  -0.6820099340   2.4930084423  -2.8870800104
  -0.8115565714   2.9665511939  -3.7226186027
      
      
#  type   0  conf  1.0000
  -0.8115565714   2.9665511939  -3.7226186027
  -0.8150948114   2.9794848212  -3.9231156770
      
      
#  type   0  conf  1.0000
  -0.8150948114   2.9794848212  -3.9231156770
  -0.6923086460   2.5306541930  -4.2864897646
      
      
#  type   0  conf  1.0000
  -0.6923086460   2.5306541930  -4.2864897646
  -0.6753680808   2.4687299160  -4.3336906013
      
      
#  type   0  conf  1.0000
  -0.6753680808   2.4687299160  -4.3336906013
  -0.5379059412   1.9662529618  -4.5953753075
      
      
# 367  norm    -0.9666001020   -0.2562893731   -0.0000000000
# nedges  17 
#  type   0  conf  1.0000
   0.4880254276  -1.8405969093  -4.5794962785
   0.6040125589  -2.2780445162  -4.3643048089
      
      
#  type   0  conf  1.0000
   0.6040125589  -2.2780445162  -4.3643048089
   0.7360046761  -2.7758552230  -3.9695985637
      
      
#  type   0  conf  1.0000
   0.7360046761  -2.7758552230  -3.9695985637
   0.7353092165  -2.7732322842  -3.8059909532
      
      
#  type   0  conf  1.0000
   0.7353092165  -2.7732322842  -3.8059909532
   0.5911718113  -2.2296153996  -2.9427237258
      
      
#  type   0  conf  1.0000
   0.5911718113  -2.2296153996  -2.9427237258
   0.5173607295  -1.9512355420  -2.6224092440
      
      
#  type   0  conf  1.0000
   0.5173607295  -1.9512355420  -2.6224092440
   0.4838394410  -1.8248093839  -2.4997657313
      
      
#  type   0  conf  1.0000
   0.4838394410  -1.8248093839  -2.4997657313
   0.0599819307  -0.2262229591  -1.5308287176
      
      
#  type   0  conf  1.0000
   0.0599819307  -0.2262229591  -1.5308287176
  -0.0343116479   0.1294070133  -1.3838945238
      
      
#  type   0  conf  1.0000
  -0.0343116479   0.1294070133  -1.3838945238
  -0.1185418381   0.4470827309  -1.5112799587
      
      
#  type   0  conf  1.0000
  -0.1185418381   0.4470827309  -1.5112799587
  -0.5654338843   2.1325443327  -2.4790600537
      
      
#  type   0  conf  1.0000
  -0.5654338843   2.1325443327  -2.4790600537
  -0.5959341544   2.2475766644  -2.5840393205
      
      
#  type   0  conf  1.0000
  -0.5959341544   2.2475766644  -2.5840393205
  -0.6566139663   2.4764316952  -2.8607005232
      
      
#  type   0  conf  1.0000
  -0.6566139663   2.4764316952  -2.8607005232
  -0.7820174566   2.9493932740  -3.6936590529
      
      
#  type   0  conf  1.0000
  -0.7820174566   2.9493932740  -3.6936590529
  -0.7882668369   2.9729629272  -3.7753289795
      
      
#  type   0  conf  1.0000
  -0.7882668369   2.9729629272  -3.7753289795
  -0.7899711727   2.9793908610  -3.9242888078
      
      
#  type   0  conf  1.0000
  -0.7899711727   2.9793908610  -3.9242888078
  -0.6567112770   2.4767987045  -4.3286892119
      
      
#  type   0  conf  1.0000
  -0.6567112770   2.4767987045  -4.3286892119
  -0.5224019459   1.9702485827  -4.5949593445
      
      
# 368  norm    -0.9685831611   -0.2486898872    0.0000000000
# nedges  18 
#  type   0  conf  1.0000
   0.4747734105  -1.8491203484  -4.5777588580
   0.5846285441  -2.2769778447  -4.3637945969
      
      
#  type   0  conf  1.0000
   0.5846285441  -2.2769778447  -4.3637945969
   0.7136633838  -2.7795353648  -3.9665614850
      
      
#  type   0  conf  1.0000
   0.7136633838  -2.7795353648  -3.9665614850
   0.7120465459  -2.7732381969  -3.8075380700
      
      
#  type   0  conf  1.0000
   0.7120465459  -2.7732381969  -3.8075380700
   0.5724798062  -2.2296616349  -2.9439062819
      
      
#  type   0  conf  1.0000
   0.5724798062  -2.2296616349  -2.9439062819
   0.5015292983  -1.9533276511  -2.6209991964
      
      
#  type   0  conf  1.0000
   0.5015292983  -1.9533276511  -2.6209991964
   0.4698905235  -1.8301027590  -2.4989789544
      
      
#  type   0  conf  1.0000
   0.4698905235  -1.8301027590  -2.4989789544
   0.0583272986  -0.2271698294  -1.5302429864
      
      
#  type   0  conf  1.0000
   0.0583272986  -0.2271698294  -1.5302429864
  -0.0332333103   0.1294351980  -1.3840247049
      
      
#  type   0  conf  1.0000
  -0.0332333103   0.1294351980  -1.3840247049
  -0.1150358094   0.4480348968  -1.5118422087
      
      
#  type   0  conf  1.0000
  -0.1150358094   0.4480348968  -1.5118422087
  -0.5489656132   2.1380798997  -2.4793444401
      
      
#  type   0  conf  1.0000
  -0.5489656132   2.1380798997  -2.4793444401
  -0.5775203703   2.2492933356  -2.5839778169
      
      
#  type   0  conf  1.0000
  -0.5775203703   2.2492933356  -2.5839778169
  -0.6297289501   2.4526323291  -2.8334127860
      
      
#  type   0  conf  1.0000
  -0.6297289501   2.4526323291  -2.8334127860
  -0.6374090124   2.4825441969  -2.8731385799
      
      
#  type   0  conf  1.0000
  -0.6374090124   2.4825441969  -2.8731385799
  -0.7571147584   2.9487672957  -3.7001644076
      
      
#  type   0  conf  1.0000
  -0.7571147584   2.9487672957  -3.7001644076
  -0.7633869381   2.9731958226  -3.7783838422
      
      
#  type   0  conf  1.0000
  -0.7633869381   2.9731958226  -3.7783838422
  -0.7651888742   2.9802139006  -3.9260351094
      
      
#  type   0  conf  1.0000
  -0.7651888742   2.9802139006  -3.9260351094
  -0.6344991257   2.4712109362  -4.3301289906
      
      
#  type   0  conf  1.0000
  -0.6344991257   2.4712109362  -4.3301289906
  -0.5070165022   1.9746988993  -4.5950553202
      
      
# 369  norm    -0.9705064735   -0.2410750608    0.0000000000
# nedges  18 
#  type   0  conf  1.0000
   0.4599878662  -1.8517933804  -4.5791103612
   0.5657415016  -2.2775304410  -4.3624135721
      
      
#  type   0  conf  1.0000
   0.5657415016  -2.2775304410  -4.3624135721
   0.6908150561  -2.7810445495  -3.9660621563
      
      
#  type   0  conf  1.0000
   0.6908150561  -2.7810445495  -3.9660621563
   0.6906439926  -2.7803558914  -3.8226895656
      
      
#  type   0  conf  1.0000
   0.6906439926  -2.7803558914  -3.8226895656
   0.5610359573  -2.2585871244  -2.9896585863
      
      
#  type   0  conf  1.0000
   0.5610359573  -2.2585871244  -2.9896585863
   0.5523783646  -2.2237338727  -2.9375899780
      
      
#  type   0  conf  1.0000
   0.5523783646  -2.2237338727  -2.9375899780
   0.4864181680  -1.9581950088  -2.6226800924
      
      
#  type   0  conf  1.0000
   0.4864181680  -1.9581950088  -2.6226800924
   0.4561998633  -1.8365438506  -2.4993225264
      
      
#  type   0  conf  1.0000
   0.4561998633  -1.8365438506  -2.4993225264
   0.0571517555  -0.2300783354  -1.5309197066
      
      
#  type   0  conf  1.0000
   0.0571517555  -0.2300783354  -1.5309197066
  -0.0318005091   0.1280207078  -1.3839292591
      
      
#  type   0  conf  1.0000
  -0.0318005091   0.1280207078  -1.3839292591
  -0.1109437984   0.4466313279  -1.5110600866
      
      
#  type   0  conf  1.0000
  -0.1109437984   0.4466313279  -1.5110600866
  -0.5322506117   2.1427046926  -2.4792486501
      
      
#  type   0  conf  1.0000
  -0.5322506117   2.1427046926  -2.4792486501
  -0.5600914678   2.2547848516  -2.5881419336
      
      
#  type   0  conf  1.0000
  -0.5600914678   2.2547848516  -2.5881419336
  -0.6149246400   2.4755291639  -2.8645076678
      
      
#  type   0  conf  1.0000
  -0.6149246400   2.4755291639  -2.8645076678
  -0.7353379197   2.9602821991  -3.7239614602
      
      
#  type   0  conf  1.0000
  -0.7353379197   2.9602821991  -3.7239614602
  -0.7396904534   2.9778043855  -3.8097413540
      
      
#  type   0  conf  1.0000
  -0.7396904534   2.9778043855  -3.8097413540
  -0.7404997193   2.9810622828  -3.9269229078
      
      
#  type   0  conf  1.0000
  -0.7404997193   2.9810622828  -3.9269229078
  -0.6138832244   2.4713366916  -4.3284499626
      
      
#  type   0  conf  1.0000
  -0.6138832244   2.4713366916  -4.3284499626
  -0.4915310506   1.9787781649  -4.5946397988
      
      
# 370  norm    -0.9723699204   -0.2334453639    0.0000000000
# nedges  19 
#  type   0  conf  1.0000
   0.4462300582  -1.8586819588  -4.5781193942
   0.5467439852  -2.2773525957  -4.3612355231
      
      
#  type   0  conf  1.0000
   0.5467439852  -2.2773525957  -4.3612355231
   0.6689130518  -2.7862233810  -3.9627209155
      
      
#  type   0  conf  1.0000
   0.6689130518  -2.7862233810  -3.9627209155
   0.6680574886  -2.7826597038  -3.8287793568
      
      
#  type   0  conf  1.0000
   0.6680574886  -2.7826597038  -3.8287793568
   0.5437765714  -2.2649924279  -3.0005620324
      
      
#  type   0  conf  1.0000
   0.5437765714  -2.2649924279  -3.0005620324
   0.5333526173  -2.2215735340  -2.9362365867
      
      
#  type   0  conf  1.0000
   0.5333526173  -2.2215735340  -2.9362365867
   0.4709458791  -1.9616307620  -2.6230982162
      
      
#  type   0  conf  1.0000
   0.4709458791  -1.9616307620  -2.6230982162
   0.4419275306  -1.8407606416  -2.4980745078
      
      
#  type   0  conf  1.0000
   0.4419275306  -1.8407606416  -2.4980745078
   0.0561860598  -0.2340317818  -1.5322348640
      
      
#  type   0  conf  1.0000
   0.0561860598  -0.2340317818  -1.5322348640
  -0.0295926982   0.1232624591  -1.3840973033
      
      
#  type   0  conf  1.0000
  -0.0295926982   0.1232624591  -1.3840973033
  -0.1063851530   0.4431260532  -1.5091182121
      
      
#  type   0  conf  1.0000
  -0.1063851530   0.4431260532  -1.5091182121
  -0.5156698063   2.1479193255  -2.4796875946
      
      
#  type   0  conf  1.0000
  -0.5156698063   2.1479193255  -2.4796875946
  -0.5419695143   2.2574654933  -2.5896955533
      
      
#  type   0  conf  1.0000
  -0.5419695143   2.2574654933  -2.5896955533
  -0.5938022682   2.4733644513  -2.8643835465
      
      
#  type   0  conf  1.0000
  -0.5938022682   2.4733644513  -2.8643835465
  -0.7104306959   2.9591568144  -3.7277854248
      
      
#  type   0  conf  1.0000
  -0.7104306959   2.9591568144  -3.7277854248
  -0.7154295609   2.9799785856  -3.8152579774
      
      
#  type   0  conf  1.0000
  -0.7154295609   2.9799785856  -3.8152579774
  -0.7158287535   2.9816413424  -3.9294760487
      
      
#  type   0  conf  1.0000
  -0.7158287535   2.9816413424  -3.9294760487
  -0.6033452284   2.5131137412  -4.2935542694
      
      
#  type   0  conf  1.0000
  -0.6033452284   2.5131137412  -4.2935542694
  -0.5902617901   2.4586172986  -4.3335092795
      
      
#  type   0  conf  1.0000
  -0.5902617901   2.4586172986  -4.3335092795
  -0.4759180483   1.9823413371  -4.5949190385
      
      
# 371  norm    -0.9741733870   -0.2258012669    0.0000000000
# nedges  18 
#  type   0  conf  1.0000
   0.4315874891  -1.8619959571  -4.5789629361
   0.5276203038  -2.2763098963  -4.3596855104
      
      
#  type   0  conf  1.0000
   0.5276203038  -2.2763098963  -4.3596855104
   0.6465631480  -2.7894644724  -3.9620551668
      
      
#  type   0  conf  1.0000
   0.6465631480  -2.7894644724  -3.9620551668
   0.6457806696  -2.7860886295  -3.8354475278
      
      
#  type   0  conf  1.0000
   0.6457806696  -2.7860886295  -3.8354475278
   0.5246601091  -2.2635387418  -3.0006627776
      
      
#  type   0  conf  1.0000
   0.5246601091  -2.2635387418  -3.0006627776
   0.5145056514  -2.2197294105  -2.9357939239
      
      
#  type   0  conf  1.0000
   0.5145056514  -2.2197294105  -2.9357939239
   0.4548888886  -1.9625250797  -2.6212368207
      
      
#  type   0  conf  1.0000
   0.4548888886  -1.9625250797  -2.6212368207
   0.4282437671  -1.8475701524  -2.4987812285
      
      
#  type   0  conf  1.0000
   0.4282437671  -1.8475701524  -2.4987812285
   0.0547312898  -0.2361269567  -1.5322638117
      
      
#  type   0  conf  1.0000
   0.0547312898  -0.2361269567  -1.5322638117
  -0.0289386806   0.1248500190  -1.3834651734
      
      
#  type   0  conf  1.0000
  -0.0289386806   0.1248500190  -1.3834651734
  -0.1039304526   0.4483866829  -1.5122952457
      
      
#  type   0  conf  1.0000
  -0.1039304526   0.4483866829  -1.5122952457
  -0.4986655908   2.1513907086  -2.4791815755
      
      
#  type   0  conf  1.0000
  -0.4986655908   2.1513907086  -2.4791815755
  -0.5225783716   2.2545575112  -2.5854876997
      
      
#  type   0  conf  1.0000
  -0.5225783716   2.2545575112  -2.5854876997
  -0.5696060469   2.4574487983  -2.8478046344
      
      
#  type   0  conf  1.0000
  -0.5696060469   2.4574487983  -2.8478046344
  -0.5771582734   2.4900313349  -2.8993091669
      
      
#  type   0  conf  1.0000
  -0.5771582734   2.4900313349  -2.8993091669
  -0.6894416659   2.9744550690  -3.7640106562
      
      
#  type   0  conf  1.0000
  -0.6894416659   2.9744550690  -3.7640106562
  -0.6921779137   2.9862600503  -3.9291619731
      
      
#  type   0  conf  1.0000
  -0.6921779137   2.9862600503  -3.9291619731
  -0.5712591032   2.4645805717  -4.3277086173
      
      
#  type   0  conf  1.0000
  -0.5712591032   2.4645805717  -4.3277086173
  -0.4602230023   1.9855380225  -4.5953832054
      
      
# 372  norm    -0.9759167619   -0.2181432414    0.0000000000
# nedges  18 
#  type   0  conf  1.0000
   0.4168433406  -1.8648499058  -4.5799249553
   0.5081063195  -2.2731370033  -4.3593293419
      
      
#  type   0  conf  1.0000
   0.5081063195  -2.2731370033  -4.3593293419
   0.6244001690  -2.7934057785  -3.9621494731
      
      
#  type   0  conf  1.0000
   0.6244001690  -2.7934057785  -3.9621494731
   0.6235899953  -2.7897812700  -3.8401054456
      
      
#  type   0  conf  1.0000
   0.6235899953  -2.7897812700  -3.8401054456
   0.4987738931  -2.2313861275  -2.9523467926
      
      
#  type   0  conf  1.0000
   0.4987738931  -2.2313861275  -2.9523467926
   0.4383722343  -1.9611646399  -2.6167227200
      
      
#  type   0  conf  1.0000
   0.4383722343  -1.9611646399  -2.6167227200
   0.4139850748  -1.8520627599  -2.4979587750
      
      
#  type   0  conf  1.0000
   0.4139850748  -1.8520627599  -2.4979587750
   0.0533368850  -0.2386155067  -1.5325060851
      
      
#  type   0  conf  1.0000
   0.0533368850  -0.2386155067  -1.5325060851
  -0.0275550236   0.1232740894  -1.3833462244
      
      
#  type   0  conf  1.0000
  -0.0275550236   0.1232740894  -1.3833462244
  -0.0999747137   0.4472611583  -1.5118581897
      
      
#  type   0  conf  1.0000
  -0.0999747137   0.4472611583  -1.5118581897
  -0.4819791182   2.1562506241  -2.4796562014
      
      
#  type   0  conf  1.0000
  -0.4819791182   2.1562506241  -2.4796562014
  -0.5042349927   2.2558176830  -2.5863414846
      
      
#  type   0  conf  1.0000
  -0.5042349927   2.2558176830  -2.5863414846
  -0.5496381587   2.4589397710  -2.8548070412
      
      
#  type   0  conf  1.0000
  -0.5496381587   2.4589397710  -2.8548070412
  -0.5558025867   2.4865178365  -2.8992835945
      
      
#  type   0  conf  1.0000
  -0.5558025867   2.4865178365  -2.8992835945
  -0.6654967770   2.9772614339  -3.7775518748
      
      
#  type   0  conf  1.0000
  -0.6654967770   2.9772614339  -3.7775518748
  -0.6674288078   2.9859048427  -3.9341907584
      
      
#  type   0  conf  1.0000
  -0.6674288078   2.9859048427  -3.9341907584
  -0.5611341422   2.5103698449  -4.2895042274
      
      
#  type   0  conf  1.0000
  -0.5611341422   2.5103698449  -4.2895042274
  -0.5468525715   2.4464777702  -4.3353062822
      
      
#  type   0  conf  1.0000
  -0.5468525715   2.4464777702  -4.3353062822
  -0.4445482293   1.9887944531  -4.5950265866
      
      
# 373  norm    -0.9775999378   -0.2104717598    0.0000000000
# nedges  15 
#  type   0  conf  1.0000
   0.4022148087  -1.8682086961  -4.5807372993
   0.4884304787  -2.2686635298  -4.3594379388
      
      
#  type   0  conf  1.0000
   0.4884304787  -2.2686635298  -4.3594379388
   0.6022825281  -2.7974839118  -3.9629561234
      
      
#  type   0  conf  1.0000
   0.6022825281  -2.7974839118  -3.9629561234
   0.6014428074  -2.7935835743  -3.8416414469
      
      
#  type   0  conf  1.0000
   0.6014428074  -2.7935835743  -3.8416414469
   0.4783178239  -2.2216922369  -2.9407128105
      
      
#  type   0  conf  1.0000
   0.4783178239  -2.2216922369  -2.9407128105
   0.4027198559  -1.8705545408  -2.5057539296
      
      
#  type   0  conf  1.0000
   0.4027198559  -1.8705545408  -2.5057539296
   0.0516224141  -0.2397759625  -1.5321881953
      
      
#  type   0  conf  1.0000
   0.0516224141  -0.2397759625  -1.5321881953
  -0.0263506638   0.1223936517  -1.3833770537
      
      
#  type   0  conf  1.0000
  -0.0263506638   0.1223936517  -1.3833770537
  -0.0964143281   0.4478255955  -1.5123185768
      
      
#  type   0  conf  1.0000
  -0.0964143281   0.4478255955  -1.5123185768
  -0.4654443859   2.1618976489  -2.4808434613
      
      
#  type   0  conf  1.0000
  -0.4654443859   2.1618976489  -2.4808434613
  -0.4862454478   2.2585144909  -2.5893484130
      
      
#  type   0  conf  1.0000
  -0.4862454478   2.2585144909  -2.5893484130
  -0.5310470856   2.4666092891  -2.8700119853
      
      
#  type   0  conf  1.0000
  -0.5310470856   2.4666092891  -2.8700119853
  -0.6417030556   2.9805845103  -3.7921168194
      
      
#  type   0  conf  1.0000
  -0.6417030556   2.9805845103  -3.7921168194
  -0.6431993957   2.9875347159  -3.9374942273
      
      
#  type   0  conf  1.0000
  -0.6431993957   2.9875347159  -3.9374942273
  -0.5290057876   2.4571278611  -4.3255816112
      
      
#  type   0  conf  1.0000
  -0.5290057876   2.4571278611  -4.3255816112
  -0.4289944695   1.9925949545  -4.5964363350
      
      
# 374  norm    -0.9792228106   -0.2027872954    0.0000000000
# nedges  17 
#  type   0  conf  1.0000
   0.3888386047  -1.8776306015  -4.5779167120
   0.4687160157  -2.2633440298  -4.3601660822
      
      
#  type   0  conf  1.0000
   0.4687160157  -2.2633440298  -4.3601660822
   0.5802877552  -2.8021035815  -3.9641310471
      
      
#  type   0  conf  1.0000
   0.5802877552  -2.8021035815  -3.9641310471
   0.5794519859  -2.7980678042  -3.8421411915
      
      
#  type   0  conf  1.0000
   0.5794519859  -2.7980678042  -3.8421411915
   0.4595857063  -2.2192554333  -2.9412411808
      
      
#  type   0  conf  1.0000
   0.4595857063  -2.2192554333  -2.9412411808
   0.3880376407  -1.8737628928  -2.5045110075
      
      
#  type   0  conf  1.0000
   0.3880376407  -1.8737628928  -2.5045110075
   0.0499517671  -0.2412079596  -1.5318713463
      
      
#  type   0  conf  1.0000
   0.0499517671  -0.2412079596  -1.5318713463
  -0.0248745729   0.1201147690  -1.3835470628
      
      
#  type   0  conf  1.0000
  -0.0248745729   0.1201147690  -1.3835470628
  -0.0915921943   0.4422819770  -1.5096072605
      
      
#  type   0  conf  1.0000
  -0.0915921943   0.4422819770  -1.5096072605
  -0.4481600165   2.1640828642  -2.4798940238
      
      
#  type   0  conf  1.0000
  -0.4481600165   2.1640828642  -2.4798940238
  -0.4666390533   2.2533147577  -2.5827444285
      
      
#  type   0  conf  1.0000
  -0.4666390533   2.2533147577  -2.5827444285
  -0.5056692199   2.4417843038  -2.8419960278
      
      
#  type   0  conf  1.0000
  -0.5056692199   2.4417843038  -2.8419960278
  -0.5134489650   2.4793512716  -2.8991249523
      
      
#  type   0  conf  1.0000
  -0.5134489650   2.4793512716  -2.8991249523
  -0.6182273745   2.9853070734  -3.8093434330
      
      
#  type   0  conf  1.0000
  -0.6182273745   2.9853070734  -3.8093434330
  -0.6189864260   2.9889723945  -3.9404517766
      
      
#  type   0  conf  1.0000
  -0.6189864260   2.9889723945  -3.9404517766
  -0.5167227962   2.4951600048  -4.2949918672
      
      
#  type   0  conf  1.0000
  -0.5167227962   2.4951600048  -4.2949918672
  -0.5057448045   2.4421492876  -4.3312145519
      
      
#  type   0  conf  1.0000
  -0.5057448045   2.4421492876  -4.3312145519
  -0.4131985196   1.9952601812  -4.5966592515
      
      
# 375  norm    -0.9807852804   -0.1950903220    0.0000000000
# nedges  17 
#  type   0  conf  1.0000
   0.3741290826  -1.8808739120  -4.5783306209
   0.4492598707  -2.2585818904  -4.3607374229
      
      
#  type   0  conf  1.0000
   0.4492598707  -2.2585818904  -4.3607374229
   0.5583818354  -2.8071750528  -3.9655148269
      
      
#  type   0  conf  1.0000
   0.5583818354  -2.8071750528  -3.9655148269
   0.5574292304  -2.8023859840  -3.8394469081
      
      
#  type   0  conf  1.0000
   0.5574292304  -2.8023859840  -3.8394469081
   0.4401883312  -2.2129761816  -2.9361063983
      
      
#  type   0  conf  1.0000
   0.4401883312  -2.2129761816  -2.9361063983
   0.3732874668  -1.8766428237  -2.5034549651
      
      
#  type   0  conf  1.0000
   0.3732874668  -1.8766428237  -2.5034549651
   0.0478449284  -0.2405326979  -1.5304397867
      
      
#  type   0  conf  1.0000
   0.0478449284  -0.2405326979  -1.5304397867
  -0.0242231885   0.1217781924  -1.3838694544
      
      
#  type   0  conf  1.0000
  -0.0242231885   0.1217781924  -1.3838694544
  -0.0882715894   0.4437712476  -1.5107533064
      
      
#  type   0  conf  1.0000
  -0.0882715894   0.4437712476  -1.5107533064
  -0.4310270100   2.1669191094  -2.4797702131
      
      
#  type   0  conf  1.0000
  -0.4310270100   2.1669191094  -2.4797702131
  -0.4486843812   2.2556887092  -2.5854437452
      
      
#  type   0  conf  1.0000
  -0.4486843812   2.2556887092  -2.5854437452
  -0.4876469133   2.4515665856  -2.8602482924
      
      
#  type   0  conf  1.0000
  -0.4876469133   2.4515665856  -2.8602482924
  -0.5010896899   2.5191479872  -2.9765037967
      
      
#  type   0  conf  1.0000
  -0.5010896899   2.5191479872  -2.9765037967
  -0.5944392169   2.9884477508  -3.8195585498
      
      
#  type   0  conf  1.0000
  -0.5944392169   2.9884477508  -3.8195585498
  -0.5949710778   2.9911215961  -3.9441744916
      
      
#  type   0  conf  1.0000
  -0.5949710778   2.9911215961  -3.9441744916
  -0.4844954705   2.4357232125  -4.3337048966
      
      
#  type   3  conf  0.0000
#  type   3  conf  0.0000
# 376  norm    -0.9822872507   -0.1873813146    0.0000000000
# nedges  15 
#  type   0  conf  1.0000
   0.3594466838  -1.8842855039  -4.5787018007
   0.4288029856  -2.2478639706  -4.3645002895
      
      
#  type   0  conf  1.0000
   0.4288029856  -2.2478639706  -4.3645002895
   0.5363983687  -2.8118987212  -3.9671453577
      
      
#  type   0  conf  1.0000
   0.5363983687  -2.8118987212  -3.9671453577
   0.5353700024  -2.8065078362  -3.8364623263
      
      
#  type   0  conf  1.0000
   0.5353700024  -2.8065078362  -3.8364623263
   0.4211457913  -2.2077235526  -2.9337691836
      
      
#  type   0  conf  1.0000
   0.4211457913  -2.2077235526  -2.9337691836
   0.3586002511  -1.8798483487  -2.5025770217
      
      
#  type   0  conf  1.0000
   0.3586002511  -1.8798483487  -2.5025770217
   0.0467421640  -0.2450310048  -1.5322025342
      
      
#  type   0  conf  1.0000
   0.0467421640  -0.2450310048  -1.5322025342
  -0.0226786447   0.1188856189  -1.3833152793
      
      
#  type   0  conf  1.0000
  -0.0226786447   0.1188856189  -1.3833152793
  -0.0845612656   0.4432856780  -1.5106015544
      
      
#  type   0  conf  1.0000
  -0.0845612656   0.4432856780  -1.5106015544
  -0.4160788261   2.1811615905  -2.4860291839
      
      
#  type   0  conf  1.0000
  -0.4160788261   2.1811615905  -2.4860291839
  -0.4673930141   2.4501599847  -2.8623587761
      
      
#  type   0  conf  1.0000
  -0.4673930141   2.4501599847  -2.8623587761
  -0.5703125772   2.9896832283  -3.8221848058
      
      
#  type   0  conf  1.0000
  -0.5703125772   2.9896832283  -3.8221848058
  -0.5712521609   2.9946086983  -3.9457850043
      
      
#  type   0  conf  1.0000
  -0.5712521609   2.9946086983  -3.9457850043
  -0.4646366954   2.4357108559  -4.3303279370
      
      
#  type   0  conf  1.0000
  -0.4646366954   2.4357108559  -4.3303279370
  -0.4427947001   2.3212111068  -4.4000322446
      
      
#  type   0  conf  1.0000
  -0.4427947001   2.3212111068  -4.4000322446
  -0.3817416078   2.0011595885  -4.5957323827
      
      
# 377  norm    -0.9837286289   -0.1796607486    0.0000000000
# nedges  16 
#  type   0  conf  1.0000
   0.3449173530  -1.8885876709  -4.5787047484
   0.4097571161  -2.2436164223  -4.3647851270
      
      
#  type   0  conf  1.0000
   0.4097571161  -2.2436164223  -4.3647851270
   0.5142714277  -2.8158823250  -3.9690535666
      
      
#  type   0  conf  1.0000
   0.5142714277  -2.8158823250  -3.9690535666
   0.5134524655  -2.8113981148  -3.8344940670
      
      
#  type   0  conf  1.0000
   0.5134524655  -2.8113981148  -3.8344940670
   0.4025506811  -2.2041577400  -2.9334506446
      
      
#  type   0  conf  1.0000
   0.4025506811  -2.2041577400  -2.9334506446
   0.3443155344  -1.8852924260  -2.5039552254
      
      
#  type   0  conf  1.0000
   0.3443155344  -1.8852924260  -2.5039552254
   0.0482965056  -0.2644464951  -1.5423313741
      
      
#  type   0  conf  1.0000
   0.0482965056  -0.2644464951  -1.5423313741
   0.0420392265  -0.2301848957  -1.5249992191
      
      
#  type   0  conf  1.0000
   0.0420392265  -0.2301848957  -1.5249992191
  -0.0218372854   0.1195695941  -1.3836640015
      
      
#  type   0  conf  1.0000
  -0.0218372854   0.1195695941  -1.3836640015
  -0.0812270612   0.4447570553  -1.5117501102
      
      
#  type   0  conf  1.0000
  -0.0812270612   0.4447570553  -1.5117501102
  -0.3985925960   2.1824853289  -2.4852369340
      
      
#  type   0  conf  1.0000
  -0.3985925960   2.1824853289  -2.4852369340
  -0.4469289895   2.4471502293  -2.8654046179
      
      
#  type   0  conf  1.0000
  -0.4469289895   2.4471502293  -2.8654046179
  -0.5464240077   2.9919330966  -3.8241238587
      
      
#  type   0  conf  1.0000
  -0.5464240077   2.9919330966  -3.8241238587
  -0.5473508803   2.9970081680  -3.9478247414
      
      
#  type   0  conf  1.0000
  -0.5473508803   2.9970081680  -3.9478247414
  -0.4431335878   2.4263685876  -4.3340799813
      
      
#  type   3  conf  0.0000
#  type   0  conf  1.0000
  -0.4409431506   2.4143748947  -4.3407745293
  -0.3659683281   2.0038518402  -4.5963175979
      
      
# 378  norm    -0.9851093262   -0.1719291003   -0.0000000000
# nedges  15 
#  type   0  conf  1.0000
   0.3306318797  -1.8944352508  -4.5777356101
   0.3907009573  -2.2386155464  -4.3659028840
      
      
#  type   0  conf  1.0000
   0.3907009573  -2.2386155464  -4.3659028840
   0.4923100813  -2.8208095761  -3.9704238839
      
      
#  type   0  conf  1.0000
   0.4923100813  -2.8208095761  -3.9704238839
   0.4915049333  -2.8161962860  -3.8328832213
      
      
#  type   0  conf  1.0000
   0.4915049333  -2.8161962860  -3.8328832213
   0.3882602957  -2.2246311860  -2.9676212866
      
      
#  type   0  conf  1.0000
   0.3882602957  -2.2246311860  -2.9676212866
   0.3827711944  -2.1931800539  -2.9229080515
      
      
#  type   0  conf  1.0000
   0.3827711944  -2.1931800539  -2.9229080515
   0.3295359730  -1.8881559888  -2.5026474288
      
      
#  type   0  conf  1.0000
   0.3295359730  -1.8881559888  -2.5026474288
   0.0426335305  -0.2442791155  -1.5296950550
      
      
#  type   0  conf  1.0000
   0.0426335305  -0.2442791155  -1.5296950550
  -0.0207786596   0.1190563514  -1.3839971389
      
      
#  type   0  conf  1.0000
  -0.0207786596   0.1190563514  -1.3839971389
  -0.0774594539   0.4438226590  -1.5115070726
      
      
#  type   0  conf  1.0000
  -0.0774594539   0.4438226590  -1.5115070726
  -0.3807683859   2.1817044787  -2.4834751679
      
      
#  type   0  conf  1.0000
  -0.3807683859   2.1817044787  -2.4834751679
  -0.4242328456   2.4307446034  -2.8473747064
      
      
#  type   0  conf  1.0000
  -0.4242328456   2.4307446034  -2.8473747064
  -0.5227782517   2.9953843207  -3.8248581626
      
      
#  type   0  conf  1.0000
  -0.5227782517   2.9953843207  -3.8248581626
  -0.5235537309   2.9998276161  -3.9506288893
      
      
#  type   0  conf  1.0000
  -0.5235537309   2.9998276161  -3.9506288893
  -0.4240682259   2.4298013752  -4.3295091496
      
      
#  type   0  conf  1.0000
  -0.4240682259   2.4298013752  -4.3295091496
  -0.3500966324   2.0059632548  -4.5980038900
      
      
# 379  norm    -0.9864292572   -0.1641868466    0.0000000000
# nedges  12 
#  type   0  conf  1.0000
   0.3159887672  -1.8984502806  -4.5787260721
   0.3740452574  -2.2472517935  -4.3586456268
      
      
#  type   0  conf  1.0000
   0.3740452574  -2.2472517935  -4.3586456268
   0.4705271615  -2.8269119487  -3.9706352829
      
      
#  type   0  conf  1.0000
   0.4705271615  -2.8269119487  -3.9706352829
   0.4693381124  -2.8197681802  -3.8266001651
      
      
#  type   0  conf  1.0000
   0.4693381124  -2.8197681802  -3.8266001651
   0.3160975142  -1.8991036290  -2.5067620074
      
      
#  type   0  conf  1.0000
   0.3160975142  -1.8991036290  -2.5067620074
   0.0417409420  -0.2507782281  -1.5324454904
      
      
#  type   0  conf  1.0000
   0.0417409420  -0.2507782281  -1.5324454904
  -0.0188240381   0.1130942114  -1.3841452877
      
      
#  type   0  conf  1.0000
  -0.0188240381   0.1130942114  -1.3841452877
  -0.0728771309   0.4378434425  -1.5084760459
      
      
#  type   0  conf  1.0000
  -0.0728771309   0.4378434425  -1.5084760459
  -0.3636263293   2.1846552107  -2.4841717101
      
      
#  type   0  conf  1.0000
  -0.3636263293   2.1846552107  -2.4841717101
  -0.4041676731   2.4282262915  -2.8544033400
      
      
#  type   0  conf  1.0000
  -0.4041676731   2.4282262915  -2.8544033400
  -0.4990114535   2.9980446526  -3.8223895935
      
      
#  type   0  conf  1.0000
  -0.4990114535   2.9980446526  -3.8223895935
  -0.4999288663   3.0035564391  -3.9531985833
      
      
#  type   0  conf  1.0000
  -0.4999288663   3.0035564391  -3.9531985833
  -0.3345273215   2.0098293145  -4.6004594724
      
      
# 380  norm    -0.9876883406   -0.1564344650    0.0000000000
# nedges  11 
#  type   0  conf  1.0000
   0.3014639223  -1.9033682959  -4.5817984194
   0.4486011331  -2.8323560839  -3.9731306191
      
      
#  type   0  conf  1.0000
   0.4486011331  -2.8323560839  -3.9731306191
   0.4473649651  -2.8245512260  -3.8274400410
      
      
#  type   0  conf  1.0000
   0.4473649651  -2.8245512260  -3.8274400410
   0.3011645983  -1.9014784387  -2.5058557686
      
      
#  type   0  conf  1.0000
   0.3011645983  -1.9014784387  -2.5058557686
   0.0398982393  -0.2519075688  -1.5320843479
      
      
#  type   0  conf  1.0000
   0.0398982393  -0.2519075688  -1.5320843479
  -0.0180658562   0.1140633269  -1.3836081546
      
      
#  type   0  conf  1.0000
  -0.0180658562   0.1140633269  -1.3836081546
  -0.0696414665   0.4396989144  -1.5102548793
      
      
#  type   0  conf  1.0000
  -0.0696414665   0.4396989144  -1.5102548793
  -0.3462820414   2.1863387636  -2.4838286961
      
      
#  type   0  conf  1.0000
  -0.3462820414   2.1863387636  -2.4838286961
  -0.3840221403   2.4246203702  -2.8587799927
      
      
#  type   0  conf  1.0000
  -0.3840221403   2.4246203702  -2.8587799927
  -0.4753949216   3.0015254060  -3.8206514999
      
      
#  type   0  conf  1.0000
  -0.4753949216   3.0015254060  -3.8206514999
  -0.4762024331   3.0066238334  -3.9536950780
      
      
#  type   0  conf  1.0000
  -0.4762024331   3.0066238334  -3.9536950780
  -0.3187396803   2.0124431395  -4.6003762743
      
      
# 381  norm    -0.9888864987   -0.1486724339    0.0000000000
# nedges  12 
#  type   0  conf  1.0000
   0.2865334416  -1.9058613920  -4.5828173059
   0.4266530358  -2.8378591490  -3.9728020375
      
      
#  type   0  conf  1.0000
   0.4266530358  -2.8378591490  -3.9728020375
   0.4253888413  -2.8294504288  -3.8282155718
      
      
#  type   0  conf  1.0000
   0.4253888413  -2.8294504288  -3.8282155718
   0.3017416844  -2.0070181808  -2.6476974062
      
      
#  type   0  conf  1.0000
   0.3017416844  -2.0070181808  -2.6476974062
   0.2843761380  -1.8915122061  -2.4979256412
      
      
#  type   0  conf  1.0000
   0.2843761380  -1.8915122061  -2.4979256412
   0.0376344021  -0.2503231508  -1.5302353855
      
      
#  type   0  conf  1.0000
   0.0376344021  -0.2503231508  -1.5302353855
  -0.0173426875   0.1153539301  -1.3840580698
      
      
#  type   0  conf  1.0000
  -0.0173426875   0.1153539301  -1.3840580698
  -0.0661035558   0.4396841575  -1.5106573440
      
      
#  type   0  conf  1.0000
  -0.0661035558   0.4396841575  -1.5106573440
  -0.3295803918   2.1921858086  -2.4862044803
      
      
#  type   0  conf  1.0000
  -0.3295803918   2.1921858086  -2.4862044803
  -0.4517334259   3.0046799815  -3.8170502644
      
      
#  type   0  conf  1.0000
  -0.4517334259   3.0046799815  -3.8170502644
  -0.4526036225   3.0104680457  -3.9499043670
      
      
#  type   0  conf  1.0000
  -0.4526036225   3.0104680457  -3.9499043670
  -0.3628266247   2.4133212943  -4.3473864929
      
      
#  type   0  conf  1.0000
  -0.3628266247   2.4133212943  -4.3473864929
  -0.3026338088   2.0129520972  -4.5964452734
      
      
# 382  norm    -0.9900236577   -0.1409012319   -0.0000000000
# nedges  13 
#  type   0  conf  1.0000
   0.2712533816  -1.9059256003  -4.5805571038
   0.3185707226  -2.2383945671  -4.3743869971
      
      
#  type   0  conf  1.0000
   0.3185707226  -2.2383945671  -4.3743869971
   0.4044291238  -2.8416671374  -3.9699210408
      
      
#  type   0  conf  1.0000
   0.4044291238  -2.8416671374  -3.9699210408
   0.4035462653  -2.8354638500  -3.8329521998
      
      
#  type   0  conf  1.0000
   0.4035462653  -2.8354638500  -3.8329521998
   0.3094467128  -2.1742859325  -2.8677630970
      
      
#  type   0  conf  1.0000
   0.3094467128  -2.1742859325  -2.8677630970
   0.2707298653  -1.9022471824  -2.5022815128
      
      
#  type   0  conf  1.0000
   0.2707298653  -1.9022471824  -2.5022815128
   0.0363985048  -0.2557492248  -1.5324229621
      
      
#  type   0  conf  1.0000
   0.0363985048  -0.2557492248  -1.5324229621
  -0.0156879662   0.1102293962  -1.3837885768
      
      
#  type   0  conf  1.0000
  -0.0156879662   0.1102293962  -1.3837885768
  -0.0621022766   0.4363533387  -1.5092238144
      
      
#  type   0  conf  1.0000
  -0.0621022766   0.4363533387  -1.5092238144
  -0.3121833536   2.1935145731  -2.4862183543
      
      
#  type   0  conf  1.0000
  -0.3121833536   2.1935145731  -2.4862183543
  -0.4282181866   3.0088178048  -3.8190107361
      
      
#  type   0  conf  1.0000
  -0.4282181866   3.0088178048  -3.8190107361
  -0.4289233401   3.0137724714  -3.9491175914
      
      
#  type   0  conf  1.0000
  -0.4289233401   3.0137724714  -3.9491175914
  -0.3462365772   2.4327849931  -4.3405772448
      
      
#  type   0  conf  1.0000
  -0.3462365772   2.4327849931  -4.3405772448
  -0.2866960271   2.0144312828  -4.5969208316
      
      
# 383  norm    -0.9910997474   -0.1331213385    0.0000000000
# nedges  14 
#  type   0  conf  1.0000
   0.2568526877  -1.9122902214  -4.5783591734
   0.3030402545  -2.2561606051  -4.3697814728
      
      
#  type   0  conf  1.0000
   0.3030402545  -2.2561606051  -4.3697814728
   0.3825742177  -2.8482977615  -3.9670425020
      
      
#  type   0  conf  1.0000
   0.3825742177  -2.8482977615  -3.9670425020
   0.3815624706  -2.8407652177  -3.8325247898
      
      
#  type   0  conf  1.0000
   0.3815624706  -2.8407652177  -3.8325247898
   0.2937267006  -2.1868204003  -2.8697209339
      
      
#  type   0  conf  1.0000
   0.2937267006  -2.1868204003  -2.8697209339
   0.2559380906  -1.9054809673  -2.5023451300
      
      
#  type   0  conf  1.0000
   0.2559380906  -1.9054809673  -2.5023451300
   0.0344832500  -0.2567307445  -1.5320931524
      
      
#  type   0  conf  1.0000
   0.0344832500  -0.2567307445  -1.5320931524
  -0.0147102306   0.1095189242  -1.3839036246
      
      
#  type   0  conf  1.0000
  -0.0147102306   0.1095189242  -1.3839036246
  -0.0584032259   0.4348170104  -1.5088977008
      
      
#  type   0  conf  1.0000
  -0.0584032259   0.4348170104  -1.5088977008
  -0.2940844713   2.1894840337  -2.4833934154
      
      
#  type   0  conf  1.0000
  -0.2940844713   2.1894840337  -2.4833934154
  -0.3310871803   2.4649723658  -2.9162601306
      
      
#  type   0  conf  1.0000
  -0.3310871803   2.4649723658  -2.9162601306
  -0.4046608860   3.0127348956  -3.8247053817
      
      
#  type   0  conf  1.0000
  -0.4046608860   3.0127348956  -3.8247053817
  -0.4052912074   3.0174276919  -3.9477871942
      
      
#  type   0  conf  1.0000
  -0.4052912074   3.0174276919  -3.9477871942
  -0.3276106253   2.4390891164  -4.3427177422
      
      
#  type   0  conf  1.0000
  -0.3276106253   2.4390891164  -4.3427177422
  -0.2707761443   2.0159515463  -4.5965482261
      
      
# 384  norm    -0.9921147013   -0.1253332336    0.0000000000
# nedges  15 
#  type   0  conf  1.0000
   0.2411050508  -1.9085429987  -4.5821249328
   0.2864608867  -2.2675714091  -4.3709254172
      
      
#  type   0  conf  1.0000
   0.2864608867  -2.2675714091  -4.3709254172
   0.3606099570  -2.8545217388  -3.9642098575
      
      
#  type   0  conf  1.0000
   0.3606099570  -2.8545217388  -3.9642098575
   0.3594434749  -2.8452880821  -3.8262878813
      
      
#  type   0  conf  1.0000
   0.3594434749  -2.8452880821  -3.8262878813
   0.2774851409  -2.1965210652  -2.8679370954
      
      
#  type   0  conf  1.0000
   0.2774851409  -2.1965210652  -2.8679370954
   0.2413458701  -1.9104492802  -2.5039550110
      
      
#  type   0  conf  1.0000
   0.2413458701  -1.9104492802  -2.5039550110
   0.0326302217  -0.2582948013  -1.5320454827
      
      
#  type   0  conf  1.0000
   0.0326302217  -0.2582948013  -1.5320454827
  -0.0140199076   0.1109789965  -1.3837492721
      
      
#  type   0  conf  1.0000
  -0.0140199076   0.1109789965  -1.3837492721
  -0.0553375415   0.4380417460  -1.5112593732
      
      
#  type   0  conf  1.0000
  -0.0553375415   0.4380417460  -1.5112593732
  -0.2766038910   2.1895452541  -2.4830049232
      
      
#  type   0  conf  1.0000
  -0.2766038910   2.1895452541  -2.4830049232
  -0.3112509014   2.4638045812  -2.8984112861
      
      
#  type   0  conf  1.0000
  -0.3112509014   2.4638045812  -2.8984112861
  -0.3811629508   3.0172154367  -3.8285375319
      
      
#  type   0  conf  1.0000
  -0.3811629508   3.0172154367  -3.8285375319
  -0.3817286249   3.0216932083  -3.9453978619
      
      
#  type   0  conf  1.0000
  -0.3817286249   3.0216932083  -3.9453978619
  -0.3108283147   2.4604594635  -4.3353111127
      
      
#  type   0  conf  1.0000
  -0.3108283147   2.4604594635  -4.3353111127
  -0.3075960870   2.4348737469  -4.3514951105
      
      
#  type   0  conf  1.0000
  -0.3075960870   2.4348737469  -4.3514951105
  -0.2548312344   2.0171969301  -4.5964220916
      
      
# 385  norm    -0.9930684570   -0.1175373975    0.0000000000
# nedges  14 
#  type   0  conf  1.0000
   0.2272045588  -1.9196416247  -4.5775846354
   0.2697764704  -2.2793298893  -4.3710108640
      
      
#  type   0  conf  1.0000
   0.2697764704  -2.2793298893  -4.3710108640
   0.3383889069  -2.8590334385  -3.9639234043
      
      
#  type   0  conf  1.0000
   0.3383889069  -2.8590334385  -3.9639234043
   0.3374710329  -2.8512783600  -3.8203029861
      
      
#  type   0  conf  1.0000
   0.3374710329  -2.8512783600  -3.8203029861
   0.2611917201  -2.2067977009  -2.8680882663
      
      
#  type   0  conf  1.0000
   0.2611917201  -2.2067977009  -2.8680882663
   0.2262929786  -1.9119397221  -2.5026909862
      
      
#  type   0  conf  1.0000
   0.2262929786  -1.9119397221  -2.5026909862
   0.0303425839  -0.2563631968  -1.5303473639
      
      
#  type   0  conf  1.0000
   0.0303425839  -0.2563631968  -1.5303473639
  -0.0129724116   0.1096033524  -1.3840500070
      
      
#  type   0  conf  1.0000
  -0.0129724116   0.1096033524  -1.3840500070
  -0.0514558977   0.4347486846  -1.5100579694
      
      
#  type   0  conf  1.0000
  -0.0514558977   0.4347486846  -1.5100579694
  -0.2592675255   2.1905402622  -2.4829905126
      
      
#  type   0  conf  1.0000
  -0.2592675255   2.1905402622  -2.4829905126
  -0.2934716275   2.4795292609  -2.9087512324
      
      
#  type   0  conf  1.0000
  -0.2934716275   2.4795292609  -2.9087512324
  -0.3574028958   3.0196818199  -3.8260488402
      
      
#  type   0  conf  1.0000
  -0.3574028958   3.0196818199  -3.8260488402
  -0.3582328568   3.0266941251  -3.9436764548
      
      
#  type   0  conf  1.0000
  -0.3582328568   3.0266941251  -3.9436764548
  -0.2908984768   2.4577888208  -4.3437823803
      
      
#  type   0  conf  1.0000
  -0.2908984768   2.4577888208  -4.3437823803
  -0.2389595668   2.0189591861  -4.5960879951
      
      
# 386  norm    -0.9939609555   -0.1097343111    0.0000000000
# nedges  14 
#  type   0  conf  1.0000
   0.2122311508  -1.9223657156  -4.5778940444
   0.2533285165  -2.2946209969  -4.3695247264
      
      
#  type   0  conf  1.0000
   0.2533285165  -2.2946209969  -4.3695247264
   0.3165012322  -2.8668322975  -3.9601591049
      
      
#  type   0  conf  1.0000
   0.3165012322  -2.8668322975  -3.9601591049
   0.3154994982  -2.8577587047  -3.8129664644
      
      
#  type   0  conf  1.0000
   0.3154994982  -2.8577587047  -3.8129664644
   0.2442057440  -2.2119879572  -2.8612601788
      
      
#  type   0  conf  1.0000
   0.2442057440  -2.2119879572  -2.8612601788
   0.2114523798  -1.9153116957  -2.5032460388
      
      
#  type   0  conf  1.0000
   0.2114523798  -1.9153116957  -2.5032460388
   0.0284513825  -0.2577093992  -1.5302324028
      
      
#  type   0  conf  1.0000
   0.0284513825  -0.2577093992  -1.5302324028
  -0.0120165392   0.1088444506  -1.3839667469
      
      
#  type   0  conf  1.0000
  -0.0120165392   0.1088444506  -1.3839667469
  -0.0479149351   0.4340080530  -1.5103141659
      
      
#  type   0  conf  1.0000
  -0.0479149351   0.4340080530  -1.5103141659
  -0.2418966276   2.1910722423  -2.4831329192
      
      
#  type   0  conf  1.0000
  -0.2418966276   2.1910722423  -2.4831329192
  -0.2747892493   2.4890098823  -2.9091848758
      
      
#  type   0  conf  1.0000
  -0.2747892493   2.4890098823  -2.9091848758
  -0.3341689155   3.0268641706  -3.8297899047
      
      
#  type   0  conf  1.0000
  -0.3341689155   3.0268641706  -3.8297899047
  -0.3342540404   3.0276352225  -3.9436087523
      
      
#  type   0  conf  1.0000
  -0.3342540404   3.0276352225  -3.9436087523
  -0.2721758666   2.4653381587  -4.3453339663
      
      
#  type   0  conf  1.0000
  -0.2721758666   2.4653381587  -4.3453339663
  -0.2230078050   2.0199794281  -4.5959151845
      
      
# 387  norm    -0.9947921418   -0.1019244558    0.0000000000
# nedges  16 
#  type   0  conf  1.0000
   0.1972206232  -1.9248915740  -4.5781744650
   0.2365240499  -2.3084966641  -4.3688330263
      
      
#  type   0  conf  1.0000
   0.2365240499  -2.3084966641  -4.3688330263
   0.2942593139  -2.8719981958  -3.9605534291
      
      
#  type   0  conf  1.0000
   0.2942593139  -2.8719981958  -3.9605534291
   0.2936845359  -2.8663883091  -3.8281703903
      
      
#  type   0  conf  1.0000
   0.2936845359  -2.8663883091  -3.8281703903
   0.2895912952  -2.8264378996  -3.7471397137
      
      
#  type   0  conf  1.0000
   0.2895912952  -2.8264378996  -3.7471397137
   0.2301406755  -2.2461943377  -2.8970305710
      
      
#  type   0  conf  1.0000
   0.2301406755  -2.2461943377  -2.8970305710
   0.2240653314  -2.1868984159  -2.8195320726
      
      
#  type   0  conf  1.0000
   0.2240653314  -2.1868984159  -2.8195320726
   0.1965646395  -1.9184891126  -2.5037760761
      
      
#  type   0  conf  1.0000
   0.1965646395  -1.9184891126  -2.5037760761
   0.0264778443  -0.2584262165  -1.5298586175
      
      
#  type   0  conf  1.0000
   0.0264778443  -0.2584262165  -1.5298586175
  -0.0110067768   0.1074271621  -1.3838175614
      
      
#  type   0  conf  1.0000
  -0.0110067768   0.1074271621  -1.3838175614
  -0.0444476693   0.4338133747  -1.5107291088
      
      
#  type   0  conf  1.0000
  -0.0444476693   0.4338133747  -1.5107291088
  -0.2246604845   2.1927071649  -2.4841851450
      
      
#  type   0  conf  1.0000
  -0.2246604845   2.1927071649  -2.4841851450
  -0.2557647349   2.4962875336  -2.9063563906
      
      
#  type   0  conf  1.0000
  -0.2557647349   2.4962875336  -2.9063563906
  -0.3101905281   3.0274883234  -3.8169243419
      
      
#  type   0  conf  1.0000
  -0.3101905281   3.0274883234  -3.8169243419
  -0.3109852770   3.0352451463  -3.9392258839
      
      
#  type   0  conf  1.0000
  -0.3109852770   3.0352451463  -3.9392258839
  -0.2534786486   2.4739751201  -4.3464957009
      
      
#  type   0  conf  1.0000
  -0.2534786486   2.4739751201  -4.3464957009
  -0.2071176921   2.0214878845  -4.5955706551
      
      
# 388  norm    -0.9955619646   -0.0941083133    0.0000000000
# nedges  18 
#  type   0  conf  1.0000
   0.1823012641  -1.9285459304  -4.5777758598
   0.2194372960  -2.3214041121  -4.3689911981
      
      
#  type   0  conf  1.0000
   0.2194372960  -2.3214041121  -4.3689911981
   0.2723652540  -2.8813234221  -3.9576507712
      
      
#  type   0  conf  1.0000
   0.2723652540  -2.8813234221  -3.9576507712
   0.2716208455  -2.8734484024  -3.8280673172
      
      
#  type   0  conf  1.0000
   0.2716208455  -2.8734484024  -3.8280673172
   0.2686772067  -2.8423079568  -3.7514963295
      
      
#  type   0  conf  1.0000
   0.2686772067  -2.8423079568  -3.7514963295
   0.2133047976  -2.2565290550  -2.8969215854
      
      
#  type   0  conf  1.0000
   0.2133047976  -2.2565290550  -2.8969215854
   0.2077711248  -2.1979889122  -2.8215372669
      
      
#  type   0  conf  1.0000
   0.2077711248  -2.1979889122  -2.8215372669
   0.1816867893  -1.9220454660  -2.5047890505
      
      
#  type   0  conf  1.0000
   0.1816867893  -1.9220454660  -2.5047890505
   0.0246614917  -0.2608913315  -1.5301930182
      
      
#  type   0  conf  1.0000
   0.0246614917  -0.2608913315  -1.5301930182
  -0.0100403088   0.1062153725  -1.3840710349
      
      
#  type   0  conf  1.0000
  -0.0100403088   0.1062153725  -1.3840710349
  -0.0407532534   0.4311243888  -1.5100557301
      
      
#  type   0  conf  1.0000
  -0.0407532534   0.4311243888  -1.5100557301
  -0.2064569473   2.1840863661  -2.4794937982
      
      
#  type   0  conf  1.0000
  -0.2064569473   2.1840863661  -2.4794937982
  -0.2167806612   2.2932998515  -2.6145964991
      
      
#  type   0  conf  1.0000
  -0.2167806612   2.2932998515  -2.6145964991
  -0.2373851316   2.5112723798  -2.9181220729
      
      
#  type   0  conf  1.0000
  -0.2373851316   2.5112723798  -2.9181220729
  -0.2863810177   3.0295947145  -3.8039323125
      
      
#  type   0  conf  1.0000
  -0.2863810177   3.0295947145  -3.8039323125
  -0.2874989873   3.0414215974  -3.9331915148
      
      
#  type   0  conf  1.0000
  -0.2874989873   3.0414215974  -3.9331915148
  -0.2432348632   2.5731560769  -4.2817604572
      
      
#  type   0  conf  1.0000
  -0.2432348632   2.5731560769  -4.2817604572
  -0.2346415861   2.4822487007  -4.3470398398
      
      
#  type   0  conf  1.0000
  -0.2346415861   2.4822487007  -4.3470398398
  -0.1911727400   2.0223963424  -4.5957350785
      
      
# 389  norm    -0.9962703765   -0.0862863658    0.0000000000
# nedges  18 
#  type   0  conf  1.0000
   0.1672194736  -1.9307315395  -4.5786548485
   0.2020077212  -2.3323998709  -4.3694257020
      
      
#  type   0  conf  1.0000
   0.2020077212  -2.3323998709  -4.3694257020
   0.2498146232  -2.8843827928  -3.9612021876
      
      
#  type   0  conf  1.0000
   0.2498146232  -2.8843827928  -3.9612021876
   0.2499532223  -2.8859830707  -3.8644722513
      
      
#  type   0  conf  1.0000
   0.2499532223  -2.8859830707  -3.8644722513
   0.2485232758  -2.8694727753  -3.7707457814
      
      
#  type   0  conf  1.0000
   0.2485232758  -2.8694727753  -3.7707457814
   0.1962382005  -2.2657844506  -2.8972347681
      
      
#  type   0  conf  1.0000
   0.1962382005  -2.2657844506  -2.8972347681
   0.1928350212  -2.2264910264  -2.8460570432
      
      
#  type   0  conf  1.0000
   0.1928350212  -2.2264910264  -2.8460570432
   0.1769374620  -2.0429363348  -2.6330664618
      
      
#  type   0  conf  1.0000
   0.1769374620  -2.0429363348  -2.6330664618
   0.1658742379  -1.9151993235  -2.4997933422
      
      
#  type   0  conf  1.0000
   0.1658742379  -1.9151993235  -2.4997933422
   0.0230613266  -0.2662682143  -1.5326488615
      
      
#  type   0  conf  1.0000
   0.0230613266  -0.2662682143  -1.5326488615
  -0.0087241902   0.1007303086  -1.3839898121
      
      
#  type   0  conf  1.0000
  -0.0087241902   0.1007303086  -1.3839898121
  -0.0368512872   0.4254883772  -1.5075982806
      
      
#  type   0  conf  1.0000
  -0.0368512872   0.4254883772  -1.5075982806
  -0.1901996409   2.1960626810  -2.4866480485
      
      
#  type   0  conf  1.0000
  -0.1901996409   2.1960626810  -2.4866480485
  -0.2095148189   2.4190775166  -2.7815478637
      
      
#  type   0  conf  1.0000
  -0.2095148189   2.4190775166  -2.7815478637
  -0.2185637716   2.5235575630  -2.9248573466
      
      
#  type   0  conf  1.0000
  -0.2185637716   2.5235575630  -2.9248573466
  -0.2630592829   3.0373068609  -3.8008760128
      
      
#  type   0  conf  1.0000
  -0.2630592829   3.0373068609  -3.8008760128
  -0.2635466267   3.0429337778  -3.9348654225
      
      
#  type   0  conf  1.0000
  -0.2635466267   3.0429337778  -3.9348654225
  -0.2164886126   2.4995975851  -4.3429373347
      
      
#  type   0  conf  1.0000
  -0.2164886126   2.4995975851  -4.3429373347
  -0.1752076663   2.0229639534  -4.5955135182
      
      
# 390  norm    -0.9969173337   -0.0784590957    0.0000000000
# nedges  18 
#  type   0  conf  1.0000
   0.1520826456  -1.9323932323  -4.5796251742
   0.1843960525  -2.3429739953  -4.3700942580
      
      
#  type   0  conf  1.0000
   0.1843960525  -2.3429739953  -4.3700942580
   0.2279446516  -2.8963114121  -3.9581918087
      
      
#  type   0  conf  1.0000
   0.2279446516  -2.8963114121  -3.9581918087
   0.2272901087  -2.8879946552  -3.8109095644
      
      
#  type   0  conf  1.0000
   0.2272901087  -2.8879946552  -3.8109095644
   0.2248442338  -2.8569168690  -3.7316207272
      
      
#  type   0  conf  1.0000
   0.2248442338  -2.8569168690  -3.7316207272
   0.1772179834  -2.2517679798  -2.8648412921
      
      
#  type   0  conf  1.0000
   0.1772179834  -2.2517679798  -2.8648412921
   0.1604791914  -2.0390814615  -2.6234063928
      
      
#  type   0  conf  1.0000
   0.1604791914  -2.0390814615  -2.6234063928
   0.1507574721  -1.9155553062  -2.4992287296
      
      
#  type   0  conf  1.0000
   0.1507574721  -1.9155553062  -2.4992287296
   0.0208454824  -0.2648669670  -1.5310167111
      
      
#  type   0  conf  1.0000
   0.0208454824  -0.2648669670  -1.5310167111
  -0.0081008136   0.1029305955  -1.3839832703
      
      
#  type   0  conf  1.0000
  -0.0081008136   0.1029305955  -1.3839832703
  -0.0336898154   0.4280696920  -1.5096914011
      
      
#  type   0  conf  1.0000
  -0.0336898154   0.4280696920  -1.5096914011
  -0.1718806556   2.1839508005  -2.4804998128
      
      
#  type   0  conf  1.0000
  -0.1718806556   2.1839508005  -2.4804998128
  -0.1810992961   2.3010847335  -2.6171858888
      
      
#  type   0  conf  1.0000
  -0.1810992961   2.3010847335  -2.6171858888
  -0.1977264121   2.5123522733  -2.8975068635
      
      
#  type   0  conf  1.0000
  -0.1977264121   2.5123522733  -2.8975068635
  -0.2015121750   2.5604549527  -2.9747232017
      
      
#  type   0  conf  1.0000
  -0.2015121750   2.5604549527  -2.9747232017
  -0.2391799852   3.0390698603  -3.7855252293
      
      
#  type   0  conf  1.0000
  -0.2391799852   3.0390698603  -3.7855252293
  -0.2398824018   3.0479949104  -3.9335449820
      
      
#  type   0  conf  1.0000
  -0.2398824018   3.0479949104  -3.9335449820
  -0.1972883761   2.5067864984  -4.3443612348
      
      
#  type   0  conf  1.0000
  -0.1972883761   2.5067864984  -4.3443612348
  -0.1592355715   2.0232797731  -4.5946891062
      
      
# 391  norm    -0.9975027964   -0.0706269859   -0.0000000000
# nedges  18 
#  type   0  conf  1.0000
   0.1368961423  -1.9334576290  -4.5800154254
   0.1664505040  -2.3508697273  -4.3715542128
      
      
#  type   0  conf  1.0000
   0.1664505040  -2.3508697273  -4.3715542128
   0.2055682039  -2.9033499813  -3.9599689977
      
      
#  type   0  conf  1.0000
   0.2055682039  -2.9033499813  -3.9599689977
   0.2049308936  -2.8943489057  -3.8037535870
      
      
#  type   0  conf  1.0000
   0.2049308936  -2.8943489057  -3.8037535870
   0.2032202386  -2.8701884080  -3.7383888696
      
      
#  type   0  conf  1.0000
   0.2032202386  -2.8701884080  -3.7383888696
   0.1649863184  -2.3301902497  -2.9633486181
      
      
#  type   0  conf  1.0000
   0.1649863184  -2.3301902497  -2.9633486181
   0.1597251469  -2.2558839036  -2.8600691478
      
      
#  type   0  conf  1.0000
   0.1597251469  -2.2558839036  -2.8600691478
   0.1446062516  -2.0423516376  -2.6219343013
      
      
#  type   0  conf  1.0000
   0.1446062516  -2.0423516376  -2.6219343013
   0.1355928888  -1.9150510815  -2.4981220120
      
      
#  type   0  conf  1.0000
   0.1355928888  -1.9150510815  -2.4981220120
   0.0186777966  -0.2637965372  -1.5297171331
      
      
#  type   0  conf  1.0000
   0.0186777966  -0.2637965372  -1.5297171331
  -0.0072923190   0.1029933317  -1.3840493193
      
      
#  type   0  conf  1.0000
  -0.0072923190   0.1029933317  -1.3840493193
  -0.0301922673   0.4264215820  -1.5096420573
      
      
#  type   0  conf  1.0000
  -0.0301922673   0.4264215820  -1.5096420573
  -0.1545759092   2.1831584581  -2.4804465038
      
      
#  type   0  conf  1.0000
  -0.1545759092   2.1831584581  -2.4804465038
  -0.1631483601   2.3042317794  -2.6177909791
      
      
#  type   0  conf  1.0000
  -0.1631483601   2.3042317794  -2.6177909791
  -0.1790344786   2.5285999495  -2.9100201767
      
      
#  type   0  conf  1.0000
  -0.1790344786   2.5285999495  -2.9100201767
  -0.2152472002   3.0400516363  -3.7700855012
      
      
#  type   0  conf  1.0000
  -0.2152472002   3.0400516363  -3.7700855012
  -0.2162015560   3.0535305146  -3.9323762451
      
      
#  type   0  conf  1.0000
  -0.2162015560   3.0535305146  -3.9323762451
  -0.1781947743   2.5167403561  -4.3433913464
      
      
#  type   0  conf  1.0000
  -0.1781947743   2.5167403561  -4.3433913464
  -0.1432875243   2.0237265446  -4.5945873188
      
      
# 392  norm    -0.9980267284   -0.0627905195    0.0000000000
# nedges  19 
#  type   0  conf  1.0000
   0.1215922116  -1.9326528605  -4.5813504258
   0.1483986459  -2.3587289322  -4.3734878061
      
      
#  type   0  conf  1.0000
   0.1483986459  -2.3587289322  -4.3734878061
   0.1831562667  -2.9111854949  -3.9615413801
      
      
#  type   0  conf  1.0000
   0.1831562667  -2.9111854949  -3.9615413801
   0.1826326840  -2.9028633855  -3.8045970384
      
      
#  type   0  conf  1.0000
   0.1826326840  -2.9028633855  -3.8045970384
   0.1811089927  -2.8786450065  -3.7303571231
      
      
#  type   0  conf  1.0000
   0.1811089927  -2.8786450065  -3.7303571231
   0.1428301982  -2.2702209910  -2.8668450859
      
      
#  type   0  conf  1.0000
   0.1428301982  -2.2702209910  -2.8668450859
   0.1289311313  -2.0493016479  -2.6244380365
      
      
#  type   0  conf  1.0000
   0.1289311313  -2.0493016479  -2.6244380365
   0.1206073884  -1.9169995434  -2.4987539096
      
      
#  type   0  conf  1.0000
   0.1206073884  -1.9169995434  -2.4987539096
   0.0170652376  -0.2712441847  -1.5333320629
      
      
#  type   0  conf  1.0000
   0.0170652376  -0.2712441847  -1.5333320629
  -0.0061088800   0.0970978665  -1.3837408545
      
      
#  type   0  conf  1.0000
  -0.0061088800   0.0970978665  -1.3837408545
  -0.0244069952   0.3879380805  -1.4947794743
      
      
#  type   0  conf  1.0000
  -0.0244069952   0.3879380805  -1.4947794743
  -0.0276472209   0.4394399927  -1.5173622183
      
      
#  type   0  conf  1.0000
  -0.0276472209   0.4394399927  -1.5173622183
  -0.1374167914   2.1841773529  -2.4823118760
      
      
#  type   0  conf  1.0000
  -0.1374167914   2.1841773529  -2.4823118760
  -0.1454842580   2.3124060625  -2.6246374342
      
      
#  type   0  conf  1.0000
  -0.1454842580   2.3124060625  -2.6246374342
  -0.1595528006   2.5360191440  -2.9105653103
      
      
#  type   0  conf  1.0000
  -0.1595528006   2.5360191440  -2.9105653103
  -0.1909854253   3.0356264075  -3.7461763186
      
      
#  type   0  conf  1.0000
  -0.1909854253   3.0356264075  -3.7461763186
  -0.1920451264   3.0524698742  -3.8241198654
      
      
#  type   0  conf  1.0000
  -0.1920451264   3.0524698742  -3.8241198654
  -0.1923018121   3.0565497767  -3.9343085886
      
      
#  type   0  conf  1.0000
  -0.1923018121   3.0565497767  -3.9343085886
  -0.1586736019   2.5220446804  -4.3452017371
      
      
#  type   0  conf  1.0000
  -0.1586736019   2.5220446804  -4.3452017371
  -0.1272772602   2.0230141203  -4.5948279974
      
      
# 393  norm    -0.9984890975   -0.0549501799   -0.0000000000
# nedges  19 
#  type   0  conf  1.0000
   0.1068054758  -1.9407416549  -4.5782981080
   0.1302678643  -2.3670721810  -4.3744860326
      
      
#  type   0  conf  1.0000
   0.1302678643  -2.3670721810  -4.3744860326
   0.1605650172  -2.9175958898  -3.9652641648
      
      
#  type   0  conf  1.0000
   0.1605650172  -2.9175958898  -3.9652641648
   0.1600083893  -2.9074815134  -3.7589214408
      
      
#  type   0  conf  1.0000
   0.1600083893  -2.9074815134  -3.7589214408
   0.1266072568  -2.3005559908  -2.8972710438
      
      
#  type   0  conf  1.0000
   0.1266072568  -2.3005559908  -2.8972710438
   0.1249845108  -2.2710693865  -2.8588316539
      
      
#  type   0  conf  1.0000
   0.1249845108  -2.2710693865  -2.8588316539
   0.1127157211  -2.0481355810  -2.6193108989
      
      
#  type   0  conf  1.0000
   0.1127157211  -2.0481355810  -2.6193108989
   0.1055910765  -1.9186750402  -2.4993829748
      
      
#  type   0  conf  1.0000
   0.1055910765  -1.9186750402  -2.4993829748
   0.0149502357  -0.2716578429  -1.5327707733
      
      
#  type   0  conf  1.0000
   0.0149502357  -0.2716578429  -1.5327707733
  -0.0053009182   0.0963219594  -1.3838616968
      
      
#  type   0  conf  1.0000
  -0.0053009182   0.0963219594  -1.3838616968
  -0.0231647864   0.4209228554  -1.5080540850
      
      
#  type   0  conf  1.0000
  -0.0231647864   0.4209228554  -1.5080540850
  -0.1201570509   2.1833505464  -2.4824847096
      
      
#  type   0  conf  1.0000
  -0.1201570509   2.1833505464  -2.4824847096
  -0.1275978207   2.3185553354  -2.6293870592
      
      
#  type   0  conf  1.0000
  -0.1275978207   2.3185553354  -2.6293870592
  -0.1399805272   2.5435591010  -2.9120640463
      
      
#  type   0  conf  1.0000
  -0.1399805272   2.5435591010  -2.9120640463
  -0.1664258526   3.0240919974  -3.7132633810
      
      
#  type   0  conf  1.0000
  -0.1664258526   3.0240919974  -3.7132633810
  -0.1680029291   3.0527487506  -3.7909752987
      
      
#  type   0  conf  1.0000
  -0.1680029291   3.0527487506  -3.7909752987
  -0.1686398561   3.0643222268  -3.9317504557
      
      
#  type   0  conf  1.0000
  -0.1686398561   3.0643222268  -3.9317504557
  -0.1399092692   2.5422642869  -4.3353347797
      
      
#  type   0  conf  1.0000
  -0.1399092692   2.5422642869  -4.3353347797
  -0.1370232847   2.4898236200  -4.3649998982
      
      
#  type   0  conf  1.0000
  -0.1370232847   2.4898236200  -4.3649998982
  -0.1113363938   2.0230720913  -4.5943459325
      
      
# 394  norm    -0.9988898750   -0.0471064507    0.0000000000
# nedges  19 
#  type   0  conf  1.0000
   0.0912688668  -1.9353516476  -4.5814646348
   0.1113934137  -2.3620916326  -4.3816867930
      
      
#  type   0  conf  1.0000
   0.1113934137  -2.3620916326  -4.3816867930
   0.1138064996  -2.4132609958  -4.3477697888
      
      
#  type   0  conf  1.0000
   0.1138064996  -2.4132609958  -4.3477697888
   0.1381042752  -2.9284940837  -3.9631893094
      
      
#  type   0  conf  1.0000
   0.1381042752  -2.9284940837  -3.9631893094
   0.1372949249  -2.9113318525  -3.7478471674
      
      
#  type   0  conf  1.0000
   0.1372949249  -2.9113318525  -3.7478471674
   0.1078710077  -2.2873991952  -2.8680827205
      
      
#  type   0  conf  1.0000
   0.1078710077  -2.2873991952  -2.8680827205
   0.0967665937  -2.0519306634  -2.6193546168
      
      
#  type   0  conf  1.0000
   0.0967665937  -2.0519306634  -2.6193546168
   0.0904096399  -1.9171317843  -2.4981726456
      
      
#  type   0  conf  1.0000
   0.0904096399  -1.9171317843  -2.4981726456
   0.0128275701  -0.2720079670  -1.5323657954
      
      
#  type   0  conf  1.0000
   0.0128275701  -0.2720079670  -1.5323657954
  -0.0045428325   0.0963305313  -1.3833994783
      
      
#  type   0  conf  1.0000
  -0.0045428325   0.0963305313  -1.3833994783
  -0.0199043926   0.4220716258  -1.5095765089
      
      
#  type   0  conf  1.0000
  -0.0199043926   0.4220716258  -1.5095765089
  -0.1027108343   2.1779779815  -2.4802393076
      
      
#  type   0  conf  1.0000
  -0.1027108343   2.1779779815  -2.4802393076
  -0.1090117704   2.3115890089  -2.6188337502
      
      
#  type   0  conf  1.0000
  -0.1090117704   2.3115890089  -2.6188337502
  -0.1201428856   2.5476237370  -2.9090899049
      
      
#  type   0  conf  1.0000
  -0.1201428856   2.5476237370  -2.9090899049
  -0.1434382206   3.0416001223  -3.7275689129
      
      
#  type   0  conf  1.0000
  -0.1434382206   3.0416001223  -3.7275689129
  -0.1443807469   3.0615863444  -3.8079013473
      
      
#  type   0  conf  1.0000
  -0.1443807469   3.0615863444  -3.8079013473
  -0.1445780564   3.0657702821  -3.9368073738
      
      
#  type   0  conf  1.0000
  -0.1445780564   3.0657702821  -3.9368073738
  -0.1210901351   2.5677101143  -4.3209675770
      
      
#  type   0  conf  1.0000
  -0.1210901351   2.5677101143  -4.3209675770
  -0.1186560224   2.5160948781  -4.3558886751
      
      
#  type   0  conf  1.0000
  -0.1186560224   2.5160948781  -4.3558886751
  -0.0953840079   2.0226130030  -4.5942111735
      
      
# 395  norm    -0.9992290362   -0.0392598158   -0.0000000000
# nedges  18 
#  type   0  conf  1.0000
   0.0763175955  -1.9424125135  -4.5790868892
   0.0936195606  -2.3827769316  -4.3768620312
      
      
#  type   0  conf  1.0000
   0.0936195606  -2.3827769316  -4.3768620312
   0.1152723246  -2.9338765749  -3.9691921307
      
      
#  type   0  conf  1.0000
   0.1152723246  -2.9338765749  -3.9691921307
   0.1148151427  -2.9222405186  -3.7491775310
      
      
#  type   0  conf  1.0000
   0.1148151427  -2.9222405186  -3.7491775310
   0.0910666204  -2.3178002650  -2.8990144663
      
      
#  type   0  conf  1.0000
   0.0910666204  -2.3178002650  -2.8990144663
   0.0897520322  -2.2843417598  -2.8565709693
      
      
#  type   0  conf  1.0000
   0.0897520322  -2.2843417598  -2.8565709693
   0.0810119717  -2.0618923653  -2.6256938421
      
      
#  type   0  conf  1.0000
   0.0810119717  -2.0618923653  -2.6256938421
   0.0754018410  -1.9191050050  -2.4991925111
      
      
#  type   0  conf  1.0000
   0.0754018410  -1.9191050050  -2.4991925111
   0.0106941005  -0.2721830335  -1.5317290199
      
      
#  type   0  conf  1.0000
   0.0106941005  -0.2721830335  -1.5317290199
  -0.0037769072   0.0961287063  -1.3839181634
      
      
#  type   0  conf  1.0000
  -0.0037769072   0.0961287063  -1.3839181634
  -0.0164864599   0.4196084237  -1.5091900887
      
      
#  type   0  conf  1.0000
  -0.0164864599   0.4196084237  -1.5091900887
  -0.0855148811   2.1764990631  -2.4806506343
      
      
#  type   0  conf  1.0000
  -0.0855148811   2.1764990631  -2.4806506343
  -0.0908827312   2.3131199705  -2.6185250682
      
      
#  type   0  conf  1.0000
  -0.0908827312   2.3131199705  -2.6185250682
  -0.0999735388   2.5444964766  -2.8976659399
      
      
#  type   0  conf  1.0000
  -0.0999735388   2.5444964766  -2.8976659399
  -0.1013825426   2.5803580161  -2.9518371311
      
      
#  type   0  conf  1.0000
  -0.1013825426   2.5803580161  -2.9518371311
  -0.1202866809   3.0615004666  -3.7481727740
      
      
#  type   0  conf  1.0000
  -0.1202866809   3.0615004666  -3.7481727740
  -0.1207123817   3.0723352737  -3.9377704107
      
      
#  type   0  conf  1.0000
  -0.1207123817   3.0723352737  -3.9377704107
  -0.0998706599   2.5418780324  -4.3463080908
      
      
#  type   0  conf  1.0000
  -0.0998706599   2.5418780324  -4.3463080908
  -0.0794303817   2.0216382119  -4.5955534359
      
      
# 396  norm    -0.9995065604   -0.0314107591    0.0000000000
# nedges  20 
#  type   0  conf  1.0000
   0.0608288432  -1.9356051744  -4.5825314604
   0.0752186198  -2.3934952898  -4.3766873941
      
      
#  type   0  conf  1.0000
   0.0752186198  -2.3934952898  -4.3766873941
   0.0924881822  -2.9430216757  -3.9703030167
      
      
#  type   0  conf  1.0000
   0.0924881822  -2.9430216757  -3.9703030167
   0.0920898163  -2.9303454699  -3.7468401298
      
      
#  type   0  conf  1.0000
   0.0920898163  -2.9303454699  -3.7468401298
   0.0750930271  -2.3894988660  -2.9875679510
      
      
#  type   0  conf  1.0000
   0.0750930271  -2.3894988660  -2.9875679510
   0.0721677283  -2.2964143498  -2.8608346006
      
      
#  type   0  conf  1.0000
   0.0721677283  -2.2964143498  -2.8608346006
   0.0649931878  -2.0681167700  -2.6277905667
      
      
#  type   0  conf  1.0000
   0.0649931878  -2.0681167700  -2.6277905667
   0.0603624571  -1.9207645305  -2.5000754153
      
      
#  type   0  conf  1.0000
   0.0603624571  -1.9207645305  -2.5000754153
   0.0085415709  -0.2717971936  -1.5307342650
      
      
#  type   0  conf  1.0000
   0.0085415709  -0.2717971936  -1.5307342650
  -0.0029887586   0.0951038405  -1.3840658912
      
      
#  type   0  conf  1.0000
  -0.0029887586   0.0951038405  -1.3840658912
  -0.0131595771   0.4187445330  -1.5094337588
      
      
#  type   0  conf  1.0000
  -0.0131595771   0.4187445330  -1.5094337588
  -0.0683874892   2.1761251904  -2.4824267464
      
      
#  type   0  conf  1.0000
  -0.0683874892   2.1761251904  -2.4824267464
  -0.0728153015   2.3170204625  -2.6219665257
      
      
#  type   0  conf  1.0000
  -0.0728153015   2.3170204625  -2.6219665257
  -0.0801862316   2.5515672632  -2.8992912237
      
      
#  type   0  conf  1.0000
  -0.0801862316   2.5515672632  -2.8992912237
  -0.0812643333   2.5858730140  -2.9507349885
      
      
#  type   0  conf  1.0000
  -0.0812643333   2.5858730140  -2.9507349885
  -0.0958150917   3.0488856541  -3.7137049323
      
      
#  type   0  conf  1.0000
  -0.0958150917   3.0488856541  -3.7137049323
  -0.0964745493   3.0698699350  -3.7910628510
      
      
#  type   0  conf  1.0000
  -0.0964745493   3.0698699350  -3.7910628510
  -0.0967181835   3.0776225026  -3.9395066886
      
      
#  type   0  conf  1.0000
  -0.0967181835   3.0776225026  -3.9395066886
  -0.0806172414   2.5652822164  -4.3338871149
      
      
#  type   0  conf  1.0000
  -0.0806172414   2.5652822164  -4.3338871149
  -0.0795402758   2.5310126146  -4.3551287611
      
      
#  type   0  conf  1.0000
  -0.0795402758   2.5310126146  -4.3551287611
  -0.0634866817   2.0201789668  -4.5953792690
      
      
# 397  norm    -0.9997224302   -0.0235597648    0.0000000000
# nedges  19 
#  type   0  conf  1.0000
   0.0456264555  -1.9360885511  -4.5826896860
   0.0565666021  -2.4003168690  -4.3782143039
      
      
#  type   0  conf  1.0000
   0.0565666021  -2.4003168690  -4.3782143039
   0.0695645031  -2.9518628287  -3.9715330383
      
      
#  type   0  conf  1.0000
   0.0695645031  -2.9518628287  -3.9715330383
   0.0692227734  -2.9373620559  -3.7410269255
      
      
#  type   0  conf  1.0000
   0.0692227734  -2.9373620559  -3.7410269255
   0.0549520674  -2.3318065658  -2.8971087935
      
      
#  type   0  conf  1.0000
   0.0549520674  -2.3318065658  -2.8971087935
   0.0542265331  -2.3010196357  -2.8583201975
      
      
#  type   0  conf  1.0000
   0.0542265331  -2.3010196357  -2.8583201975
   0.0486565764  -2.0646670769  -2.6215769969
      
      
#  type   0  conf  1.0000
   0.0486565764  -2.0646670769  -2.6215769969
   0.0451752311  -1.9169415367  -2.4980033832
      
      
#  type   0  conf  1.0000
   0.0451752311  -1.9169415367  -2.4980033832
   0.0065440808  -0.2776880168  -1.5334644979
      
      
#  type   0  conf  1.0000
   0.0065440808  -0.2776880168  -1.5334644979
  -0.0021555817   0.0914687961  -1.3833254041
      
      
#  type   0  conf  1.0000
  -0.0021555817   0.0914687961  -1.3833254041
  -0.0097869276   0.4152932389  -1.5087662337
      
      
#  type   0  conf  1.0000
  -0.0097869276   0.4152932389  -1.5087662337
  -0.0511735442   2.1714707390  -2.4809833148
      
      
#  type   0  conf  1.0000
  -0.0511735442   2.1714707390  -2.4809833148
  -0.0545953855   2.3166713199  -2.6199122693
      
      
#  type   0  conf  1.0000
  -0.0545953855   2.3166713199  -2.6199122693
  -0.0602645679   2.5572343636  -2.8996984359
      
      
#  type   0  conf  1.0000
  -0.0602645679   2.5572343636  -2.8996984359
  -0.0611775428   2.5959750530  -2.9581083579
      
      
#  type   0  conf  1.0000
  -0.0611775428   2.5959750530  -2.9581083579
  -0.0723771060   3.0712113138  -3.7365512949
      
      
#  type   0  conf  1.0000
  -0.0723771060   3.0712113138  -3.7365512949
  -0.0726505604   3.0828149310  -3.9407579377
      
      
#  type   0  conf  1.0000
  -0.0726505604   3.0828149310  -3.9407579377
  -0.0606084164   2.5718250466  -4.3343209237
      
      
#  type   0  conf  1.0000
  -0.0606084164   2.5718250466  -4.3343209237
  -0.0599742365   2.5449145975  -4.3518611946
      
      
#  type   0  conf  1.0000
  -0.0599742365   2.5449145975  -4.3518611946
  -0.0475783701   2.0189150491  -4.5951732925
      
      
# 398  norm    -0.9998766325   -0.0157073173   -0.0000000000
# nedges  18 
#  type   0  conf  1.0000
   0.0305638187  -1.9455930952  -4.5793082909
   0.0378698386  -2.4106705165  -4.3775811446
      
      
#  type   0  conf  1.0000
   0.0378698386  -2.4106705165  -4.3775811446
   0.0464837321  -2.9590028997  -3.9736598148
      
      
#  type   0  conf  1.0000
   0.0464837321  -2.9590028997  -3.9736598148
   0.0462713175  -2.9454812788  -3.7397246567
      
      
#  type   0  conf  1.0000
   0.0462713175  -2.9454812788  -3.7397246567
   0.0367739136  -2.3409075004  -2.8991630017
      
      
#  type   0  conf  1.0000
   0.0367739136  -2.3409075004  -2.8991630017
   0.0362759900  -2.3092113081  -2.8598581818
      
      
#  type   0  conf  1.0000
   0.0362759900  -2.3092113081  -2.8598581818
   0.0324865944  -2.0679907296  -2.6219488068
      
      
#  type   0  conf  1.0000
   0.0324865944  -2.0679907296  -2.6219488068
   0.0301332993  -1.9181876367  -2.4990669825
      
      
#  type   0  conf  1.0000
   0.0301332993  -1.9181876367  -2.4990669825
   0.0043229641  -0.2751858097  -1.5313937415
      
      
#  type   0  conf  1.0000
   0.0043229641  -0.2751858097  -1.5313937415
  -0.0014444253   0.0919474062  -1.3840372340
      
      
#  type   0  conf  1.0000
  -0.0014444253   0.0919474062  -1.3840372340
  -0.0064866945   0.4129218335  -1.5083873632
      
      
#  type   0  conf  1.0000
  -0.0064866945   0.4129218335  -1.5083873632
  -0.0340414588   2.1669683339  -2.4802302736
      
      
#  type   0  conf  1.0000
  -0.0340414588   2.1669683339  -2.4802302736
  -0.0363885443   2.3163761432  -2.6188265003
      
      
#  type   0  conf  1.0000
  -0.0363885443   2.3163761432  -2.6188265003
  -0.0403550371   2.5688701542  -2.9069722238
      
      
#  type   0  conf  1.0000
  -0.0403550371   2.5688701542  -2.9069722238
  -0.0480226824   3.0569674623  -3.6987382101
      
      
#  type   0  conf  1.0000
  -0.0480226824   3.0569674623  -3.6987382101
  -0.0483736951   3.0793117860  -3.7768692114
      
      
#  type   0  conf  1.0000
  -0.0483736951   3.0793117860  -3.7768692114
  -0.0484796743   3.0860580813  -3.9462841036
      
      
#  type   0  conf  1.0000
  -0.0484796743   3.0860580813  -3.9462841036
  -0.0401722344   2.5572335299  -4.3493412579
      
      
#  type   0  conf  1.0000
  -0.0401722344   2.5572335299  -4.3493412579
  -0.0316871405   2.0171001038  -4.5950428128
      
      
# 399  norm    -0.9999691576   -0.0078539009   -0.0000000000
# nedges  17 
#  type   0  conf  1.0000
   0.0152818482  -1.9457053375  -4.5792993994
   0.0189881087  -2.4175913829  -4.3786393661
      
      
#  type   0  conf  1.0000
   0.0189881087  -2.4175913829  -4.3786393661
   0.0233080377  -2.9676105137  -3.9735414080
      
      
#  type   0  conf  1.0000
   0.0233080377  -2.9676105137  -3.9735414080
   0.0231581180  -2.9485225290  -3.7294197660
      
      
#  type   0  conf  1.0000
   0.0231581180  -2.9485225290  -3.7294197660
   0.0182440736  -2.3228598374  -2.8668659616
      
      
#  type   0  conf  1.0000
   0.0182440736  -2.3228598374  -2.8668659616
   0.0162808814  -2.0729035742  -2.6242334834
      
      
#  type   0  conf  1.0000
   0.0162808814  -2.0729035742  -2.6242334834
   0.0150825928  -1.9203358743  -2.5007390027
      
      
#  type   0  conf  1.0000
   0.0150825928  -1.9203358743  -2.5007390027
   0.0021607942  -0.2751152077  -1.5307226411
      
      
#  type   0  conf  1.0000
   0.0021607942  -0.2751152077  -1.5307226411
  -0.0007133658   0.0908266872  -1.3840454417
      
      
#  type   0  conf  1.0000
  -0.0007133658   0.0908266872  -1.3840454417
  -0.0032323093   0.4115419381  -1.5086830064
      
      
#  type   0  conf  1.0000
  -0.0032323093   0.4115419381  -1.5086830064
  -0.0169966427   2.1640352597  -2.4801291746
      
      
#  type   0  conf  1.0000
  -0.0169966427   2.1640352597  -2.4801291746
  -0.0181950388   2.3166166547  -2.6186414280
      
      
#  type   0  conf  1.0000
  -0.0181950388   2.3166166547  -2.6186414280
  -0.0200502287   2.5528219165  -2.8840120684
      
      
#  type   0  conf  1.0000
  -0.0200502287   2.5528219165  -2.8840120684
  -0.0202985490   2.5844383818  -2.9228532700
      
      
#  type   0  conf  1.0000
  -0.0202985490   2.5844383818  -2.9228532700
  -0.0241980205   3.0809243056  -3.7308466849
      
      
#  type   0  conf  1.0000
  -0.0241980205   3.0809243056  -3.7308466849
  -0.0242690116   3.0899629854  -3.9482819707
      
      
#  type   0  conf  1.0000
  -0.0242690116   3.0899629854  -3.9482819707
  -0.0201295085   2.5629159274  -4.3493539881
      
      
#  type   0  conf  1.0000
  -0.0201295085   2.5629159274  -4.3493539881
  -0.0158315253   2.0156909554  -4.5947746998
      
      
