# shadow contours num 400
# edge   0  nedges  20 :    0   0   0   0   0   0   0   0   0   0   0   0   0   0   0   0   0   0   0   0
# edge   1  nedges  21 :    0   0   0   0   0   0   0   0   4   0   0   0   0   0   0   0   0   0   0   0   0
# edge   2  nedges  20 :    0   0   0   0   0   0   0   0   0   0   0   0   0   0   0   0   0   0   0   0
# edge   3  nedges  19 :    0   0   0   0   0   0   0   0   0   0   0   0   0   0   0   0   0   0   0
# edge   4  nedges  20 :    0   0   0   0   0   0   0   0   0   0   0   0   0   0   0   0   0   0   0   0
# edge   5  nedges  23 :    0   0   0   0   0   0   0   0   0   4   0   0   0   0   0   0   0   0   0   0   0   0   0
# edge   6  nedges  22 :    0   0   0   0   0   0   0   0   0   0   0   0   0   0   0   0   0   0   0   0   0   0
# edge   7  nedges  22 :    0   0   0   0   0   0   0   0   0   0   0   0   0   0   0   0   0   0   0   0   0   0
# edge   8  nedges  20 :    0   0   0   0   0   0   0   0   0   0   0   0   0   0   0   0   0   0   0   0
# edge   9  nedges  18 :    0   0   0   0   0   0   0   0   0   0   0   0   0   0   0   0   0   0
# edge  10  nedges  18 :    0   0   0   0   0   0   0   0   0   0   0   0   0   0   0   0   0   0
# edge  11  nedges  20 :    0   0   0   0   0   0   0   0   0   0   0   0   0   0   0   0   0   0   0   0
# edge  12  nedges  19 :    0   0   0   0   0   0   0   0   0   0   0   0   0   0   0   0   0   0   0
# edge  13  nedges  17 :    0   0   0   0   0   0   0   0   0   0   0   0   0   0   0   0   0
# edge  14  nedges  18 :    0   0   0   0   0   0   0   0   0   0   0   0   0   0   0   0   0   0
# edge  15  nedges  18 :    0   0   0   0   0   0   0   0   0   0   0   0   0   0   0   0   0   0
# edge  16  nedges  18 :    0   0   0   0   0   0   0   0   0   0   0   0   0   0   0   0   0   0
# edge  17  nedges  17 :    0   0   0   0   0   0   0   0   0   0   0   0   0   0   0   0   0
# edge  18  nedges  18 :    0   0   0   0   0   0   0   0   0   0   0   0   0   0   0   0   0   0
# edge  19  nedges  17 :    0   0   0   0   0   0   0   0   0   0   0   0   0   0   0   0   0
# edge  20  nedges  19 :    0   0   0   0   0   0   0   0   0   4   0   0   0   0   0   0   0   0   0
# edge  21  nedges  20 :    0   0   0   0   0   0   0   0   0   0   0   0   0   0   0   0   0   0   0   0
# edge  22  nedges  19 :    0   0   0   0   0   0   0   0   0   0   0   0   0   0   0   0   0   0   0
# edge  23  nedges  18 :    0   0   0   0   0   0   0   0   4   0   0   0   0   0   0   0   0   0
# edge  24  nedges  18 :    0   0   0   0   0   0   0   0   4   0   0   0   0   0   0   0   0   0
# edge  25  nedges  18 :    0   0   0   0   0   0   0   0   0   0   0   0   0   0   0   0   0   0
# edge  26  nedges  20 :    0   0   0   0   0   0   0   0   0   0   4   0   0   0   0   0   0   0   0   0
# edge  27  nedges  18 :    0   0   0   0   0   0   0   0   0   0   0   0   0   0   0   0   0   0
# edge  28  nedges  19 :    0   0   0   0   3   0   0   0   0   4   0   0   0   0   0   0   0   0   0
# edge  29  nedges  17 :    0   0   0   0   0   0   0   0   0   0   0   0   0   0   0   0   0
# edge  30  nedges  18 :    0   0   0   0   0   0   0   0   0   0   0   0   0   0   0   0   0   0
# edge  31  nedges  18 :    0   0   0   0   0   0   0   0   0   0   0   0   0   0   0   0   0   0
# edge  32  nedges  19 :    0   0   0   0   0   0   0   0   0   4   0   0   0   0   0   0   0   0   0
# edge  33  nedges  17 :    0   0   0   0   0   0   0   0   0   0   0   0   0   0   0   0   0
# edge  34  nedges  17 :    0   0   0   0   0   0   0   0   0   0   0   0   0   0   0   0   0
# edge  35  nedges  18 :    0   0   0   0   0   0   0   0   4   0   0   0   0   0   0   0   0   0
# edge  36  nedges  18 :    0   0   0   0   0   0   0   0   0   0   0   0   0   0   0   0   0   0
# edge  37  nedges  18 :    0   0   0   0   3   0   0   0   0   0   0   0   0   0   0   0   0   0
# edge  38  nedges  18 :    0   0   0   0   0   0   0   0   0   0   0   0   0   0   0   0   0   0
# edge  39  nedges  18 :    0   0   0   0   0   0   0   0   0   0   0   0   0   0   0   0   0   0
# edge  40  nedges  18 :    0   0   0   0   0   0   0   0   4   0   0   0   0   0   0   0   0   0
# edge  41  nedges  19 :    0   0   0   0   0   0   0   0   0   0   0   0   0   0   0   0   0   0   0
# edge  42  nedges  18 :    0   0   0   0   0   0   0   0   0   0   0   0   0   0   0   0   0   0
# edge  43  nedges  18 :    0   0   0   0   0   0   0   0   0   0   0   0   0   0   0   0   0   0
# edge  44  nedges  18 :    0   0   0   0   0   0   0   0   0   0   0   0   0   0   0   0   0   0
# edge  45  nedges  18 :    0   0   0   0   0   0   0   0   0   0   0   0   0   0   0   0   0   0
# edge  46  nedges  19 :    0   0   0   0   0   0   0   0   0   0   0   0   0   0   0   0   0   0   0
# edge  47  nedges  17 :    0   0   0   0   0   0   0   0   4   0   0   0   0   0   0   0   0
# edge  48  nedges  18 :    0   0   0   0   0   0   0   0   4   0   0   0   0   0   0   0   0   0
# edge  49  nedges  16 :    0   0   0   0   0   0   0   0   4   0   0   0   0   0   0   0
# edge  50  nedges  15 :    0   0   0   0   0   0   0   4   0   0   0   0   0   0   0
# edge  51  nedges  15 :    0   0   0   0   0   0   0   4   0   0   0   0   0   0   0
# edge  52  nedges  16 :    0   0   0   0   0   0   0   4   0   0   0   0   0   0   0   0
# edge  53  nedges  16 :    0   0   0   0   0   0   0   0   4   0   0   0   0   0   0   0
# edge  54  nedges  15 :    0   0   0   0   0   0   0   4   0   0   0   0   0   0   0
# edge  55  nedges  18 :    0   0   0   0   0   0   0   0   0   0   0   0   0   0   0   0   0   0
# edge  56  nedges  17 :    0   0   0   0   0   0   0   0   4   0   0   0   0   0   0   0   0
# edge  57  nedges  18 :    0   0   0   0   0   0   0   0   4   0   0   0   0   0   0   0   0   0
# edge  58  nedges  18 :    0   0   0   0   0   0   0   0   0   4   0   0   0   0   0   0   0   0
# edge  59  nedges  17 :    0   0   0   0   0   0   0   4   0   0   0   0   0   0   0   0   0
# edge  60  nedges  17 :    0   0   0   0   0   0   0   4   0   0   0   0   0   0   0   0   0
# edge  61  nedges  18 :    0   0   0   0   0   0   0   0   4   0   0   0   0   0   0   0   0   0
# edge  62  nedges  18 :    0   0   0   0   0   0   0   0   4   0   0   0   0   0   0   0   0   0
# edge  63  nedges  16 :    0   0   0   0   0   0   0   4   0   0   0   0   0   0   0   0
# edge  64  nedges  16 :    0   0   0   0   0   0   0   4   0   0   0   0   0   0   0   0
# edge  65  nedges  16 :    0   0   0   0   0   0   0   0   4   0   0   0   0   0   0   0
# edge  66  nedges  17 :    0   0   0   0   0   0   0   0   4   0   0   0   0   0   0   0   0
# edge  67  nedges  19 :    0   0   0   0   0   0   0   0   0   0   0   0   0   0   0   0   0   0   0
# edge  68  nedges  19 :    0   0   0   0   0   0   0   0   0   0   0   0   0   0   0   0   0   0   0
# edge  69  nedges  19 :    0   0   0   0   0   0   0   0   0   4   0   0   0   0   0   0   0   0   0
# edge  70  nedges  19 :    0   0   0   0   0   0   0   0   0   0   0   0   0   0   0   0   0   0   0
# edge  71  nedges  17 :    0   0   0   0   0   0   0   0   4   0   0   0   0   0   0   0   0
# edge  72  nedges  18 :    0   0   0   0   0   0   0   0   0   0   0   0   0   0   0   0   0   0
# edge  73  nedges  19 :    0   0   0   0   0   0   0   0   0   4   0   0   0   0   0   0   0   0   0
# edge  74  nedges  19 :    0   0   0   0   0   0   0   0   0   0   0   0   0   0   0   0   0   0   0
# edge  75  nedges  19 :    0   0   0   0   0   0   0   0   0   0   0   0   0   0   0   0   0   0   0
# edge  76  nedges  20 :    0   0   0   0   0   0   0   0   4   0   0   0   0   0   0   0   0   0   0   0
# edge  77  nedges  19 :    0   0   0   0   0   0   0   0   4   0   0   0   0   0   0   0   0   0   0
# edge  78  nedges  15 :    0   0   0   0   0   0   0   0   0   0   0   0   0   0   0
# edge  79  nedges  16 :    0   0   0   0   0   0   0   0   0   0   0   0   0   0   0   0
# edge  80  nedges  17 :    0   0   0   0   0   0   0   0   0   0   0   0   0   0   0   0   0
# edge  81  nedges  16 :    0   0   0   0   0   0   0   4   0   0   0   0   0   0   0   0
# edge  82  nedges  17 :    0   0   0   0   0   0   0   0   0   0   0   0   0   0   0   0   0
# edge  83  nedges  18 :    0   0   0   0   0   0   0   0   4   0   0   0   0   0   0   0   0   0
# edge  84  nedges  18 :    0   0   0   0   0   0   0   0   0   0   0   0   0   0   0   0   0   0
# edge  85  nedges  17 :    0   0   0   0   0   0   4   0   0   0   0   0   0   0   0   0   0
# edge  86  nedges  17 :    0   0   0   0   0   0   0   0   4   0   0   0   0   0   0   0   0
# edge  87  nedges  15 :    0   0   0   0   0   0   0   4   0   0   0   0   0   0   0
# edge  88  nedges  17 :    0   0   0   0   0   0   0   0   4   0   0   0   0   0   0   0   0
# edge  89  nedges  16 :    0   0   0   0   0   0   0   4   0   0   0   0   0   0   0   0
# edge  90  nedges  16 :    0   0   0   0   0   0   0   0   0   0   0   0   0   0   0   0
# edge  91  nedges  18 :    0   0   0   0   0   0   0   0   4   0   0   0   0   0   0   0   0   0
# edge  92  nedges  17 :    0   0   0   0   0   0   0   4   0   0   0   3   0   0   0   0   0
# edge  93  nedges  15 :    0   0   0   0   0   0   0   0   0   0   0   0   0   0   0
# edge  94  nedges  14 :    0   0   0   0   0   0   0   4   0   0   0   0   0   0
# edge  95  nedges  13 :    0   0   0   0   0   0   0   0   0   0   0   0   0
# edge  96  nedges  15 :    0   0   0   0   0   0   0   0   0   0   0   0   0   0   0
# edge  97  nedges  14 :    0   0   0   0   0   0   0   0   0   0   0   0   0   0
# edge  98  nedges  16 :    0   0   0   0   0   0   0   4   0   0   0   0   0   0   0   0
# edge  99  nedges  15 :    0   0   0   0   0   0   0   4   0   0   0   0   0   0   0
# edge 100  nedges  13 :    0   0   0   0   0   0   4   0   0   0   0   0   0
# edge 101  nedges  15 :    0   0   0   0   0   0   0   4   0   0   0   0   0   0   0
# edge 102  nedges  15 :    0   0   0   0   0   0   0   4   0   0   0   0   0   0   0
# edge 103  nedges  16 :    0   0   0   0   0   0   0   0   4   0   0   0   0   0   0   0
# edge 104  nedges  13 :    0   0   0   0   0   4   0   0   0   0   0   0   0
# edge 105  nedges  14 :    0   0   0   0   0   0   4   0   0   0   0   0   0   0
# edge 106  nedges  15 :    0   0   0   0   0   0   0   4   0   0   0   0   0   0   0
# edge 107  nedges  15 :    0   0   0   0   0   0   0   0   0   0   0   0   0   0   0
# edge 108  nedges  14 :    0   0   0   0   0   0   4   0   0   0   0   0   0   0
# edge 109  nedges  14 :    0   0   0   0   0   0   4   0   0   0   0   0   0   0
# edge 110  nedges  16 :    0   0   0   0   0   0   0   4   0   0   0   0   0   0   0   0
# edge 111  nedges  15 :    0   0   0   0   0   0   0   4   0   0   0   0   0   0   0
# edge 112  nedges  15 :    0   0   0   0   0   0   4   0   0   0   0   0   0   0   0
# edge 113  nedges  16 :    0   0   0   0   0   0   0   4   0   0   0   0   0   0   0   0
# edge 114  nedges  15 :    0   0   0   0   0   0   0   4   0   0   0   0   0   0   0
# edge 115  nedges  16 :    0   0   0   0   0   0   0   4   0   0   0   0   0   0   0   0
# edge 116  nedges  14 :    0   0   0   0   0   0   4   0   0   0   0   0   0   0
# edge 117  nedges  13 :    0   0   0   0   0   4   0   4   0   0   0   0   0
# edge 118  nedges  13 :    0   0   0   0   0   4   0   0   0   0   0   0   0
# edge 119  nedges  15 :    0   0   0   0   0   0   0   4   0   0   0   0   0   3   0
# edge 120  nedges  13 :    0   0   0   0   0   0   0   0   0   0   0   0   0
# edge 121  nedges  12 :    0   0   0   0   0   4   0   0   0   0   0   0
# edge 122  nedges  13 :    0   0   0   0   0   0   4   0   0   0   0   0   0
# edge 123  nedges  13 :    0   0   0   0   0   4   0   0   0   0   0   3   3
# edge 124  nedges  13 :    0   0   0   0   0   0   4   0   0   0   0   0   0
# edge 125  nedges  13 :    0   0   0   0   0   0   4   0   0   0   0   3   0
# edge 126  nedges  14 :    0   0   0   0   0   0   4   0   0   0   0   0   0   0
# edge 127  nedges  12 :    0   0   0   0   0   0   0   0   0   0   0   0
# edge 128  nedges  12 :    0   0   0   0   0   0   0   0   0   0   3   0
# edge 129  nedges  11 :    0   0   0   0   0   4   0   0   0   0   0
# edge 130  nedges  13 :    0   0   0   0   0   0   0   0   0   0   0   0   0
# edge 131  nedges  11 :    0   0   0   0   0   0   0   0   0   0   0
# edge 132  nedges  10 :    0   0   0   0   0   0   0   0   0   0
# edge 133  nedges  10 :    0   0   0   0   0   0   0   0   0   0
# edge 134  nedges  10 :    0   0   0   0   0   0   0   0   0   0
# edge 135  nedges  10 :    0   0   0   0   0   0   0   0   0   0
# edge 136  nedges  10 :    0   0   0   0   0   0   0   0   0   0
# edge 137  nedges  10 :    0   0   0   0   0   0   0   0   0   0
# edge 138  nedges  10 :    0   0   0   0   0   4   0   0   0   0
# edge 139  nedges  11 :    0   0   0   0   0   4   0   0   0   0   0
# edge 140  nedges  11 :    0   0   0   0   0   0   0   0   0   0   0
# edge 141  nedges  12 :    0   0   0   0   0   4   0   0   0   0   0   0
# edge 142  nedges  12 :    0   0   0   0   0   4   0   0   0   0   0   0
# edge 143  nedges  12 :    0   0   0   0   0   4   0   0   0   0   0   0
# edge 144  nedges  15 :    0   0   0   0   0   0   0   0   0   0   0   0   0   0   0
# edge 145  nedges  15 :    0   0   0   0   0   0   0   0   0   0   0   0   0   0   0
# edge 146  nedges  15 :    0   0   0   0   0   0   0   0   0   0   0   0   0   0   0
# edge 147  nedges  17 :    0   0   0   0   0   0   0   0   4   0   0   0   0   0   0   3   0
# edge 148  nedges  14 :    0   0   0   0   0   0   4   0   0   0   0   0   0   0
# edge 149  nedges  14 :    0   0   0   0   0   0   4   0   0   0   0   0   3   0
# edge 150  nedges  16 :    0   0   0   0   0   0   0   4   0   0   0   0   0   0   3   0
# edge 151  nedges  15 :    0   0   0   0   0   0   0   4   0   0   0   0   0   0   0
# edge 152  nedges  14 :    0   0   0   0   0   0   0   0   0   0   0   0   0   0
# edge 153  nedges  15 :    0   0   0   0   0   0   0   0   0   0   0   0   0   0   0
# edge 154  nedges  15 :    0   0   0   0   0   0   0   4   0   0   0   0   0   3   3
# edge 155  nedges  13 :    0   0   0   0   0   0   4   0   0   0   0   0   0
# edge 156  nedges  14 :    0   0   0   0   0   0   4   0   0   0   0   0   3   0
# edge 157  nedges  14 :    0   0   0   0   0   0   4   0   0   0   0   0   3   3
# edge 158  nedges  14 :    0   3   0   0   0   0   0   4   0   0   0   0   0   0
# edge 159  nedges  13 :    0   0   0   0   0   0   4   0   0   0   0   0   0
# edge 160  nedges  14 :    0   0   0   0   0   0   4   0   0   0   0   0   0   0
# edge 161  nedges  14 :    0   0   0   0   0   0   4   0   0   0   0   0   0   0
# edge 162  nedges  14 :    0   0   0   0   0   0   4   0   0   0   0   0   0   0
# edge 163  nedges  15 :    0   0   0   0   0   0   0   4   0   0   0   0   0   0   0
# edge 164  nedges  13 :    0   0   0   0   0   0   4   0   0   0   0   0   0
# edge 165  nedges  13 :    0   0   0   0   0   0   4   0   0   0   0   0   0
# edge 166  nedges  14 :    0   0   0   0   0   0   0   4   0   0   0   0   3   0
# edge 167  nedges  15 :    0   0   0   0   0   0   0   4   0   0   0   0   0   0   0
# edge 168  nedges  17 :    0   0   0   0   0   0   0   0   4   0   0   0   0   0   0   0   0
# edge 169  nedges  14 :    0   0   0   0   0   0   4   0   0   0   0   0   3   0
# edge 170  nedges  13 :    0   0   0   0   0   0   4   0   0   0   0   0   0
# edge 171  nedges  18 :    0   0   0   0   0   0   0   0   4   0   0   0   0   0   0   0   0   0
# edge 172  nedges  15 :    0   0   0   0   0   0   0   4   0   0   0   0   0   0   0
# edge 173  nedges  17 :    0   0   0   0   0   3   3   0   4   0   0   0   0   0   0   0   0
# edge 174  nedges  18 :    0   0   0   0   0   3   0   0   4   0   0   0   0   0   0   0   0   0
# edge 175  nedges  18 :    0   0   0   0   0   0   0   0   0   0   0   0   0   0   0   0   0   0
# edge 176  nedges  19 :    0   0   0   0   0   0   0   0   0   4   0   0   0   0   0   0   0   0   0
# edge 177  nedges  16 :    0   0   0   0   0   0   0   4   0   0   0   0   0   0   0   0
# edge 178  nedges  17 :    0   0   0   0   0   0   0   0   0   0   0   0   0   0   0   0   0
# edge 179  nedges  17 :    0   0   0   0   0   0   0   0   0   0   0   0   0   0   0   0   0
# edge 180  nedges  16 :    0   0   0   0   0   0   4   0   0   0   0   0   0   0   0   0
# edge 181  nedges  17 :    0   0   0   0   0   0   0   0   4   0   0   0   0   0   0   0   0
# edge 182  nedges  14 :    0   0   0   0   0   0   0   0   0   0   0   0   0   0
# edge 183  nedges  15 :    0   0   0   0   0   0   0   0   0   0   0   0   0   0   0
# edge 184  nedges  15 :    0   0   0   0   0   0   0   0   0   0   0   0   0   0   0
# edge 185  nedges  17 :    0   0   0   0   0   0   0   0   0   4   0   0   0   0   0   0   0
# edge 186  nedges  16 :    0   0   0   0   0   0   0   0   0   0   0   0   0   0   3   0
# edge 187  nedges  18 :    0   0   0   0   0   3   0   0   0   4   0   0   0   0   0   0   0   0
# edge 188  nedges  18 :    0   0   0   0   0   0   0   0   0   0   0   0   0   0   0   0   0   0
# edge 189  nedges  16 :    0   0   0   0   0   0   0   0   0   0   0   0   0   0   0   0
# edge 190  nedges  18 :    0   0   0   0   0   0   0   0   0   0   0   0   0   0   0   0   0   0
# edge 191  nedges  16 :    0   0   0   0   0   0   0   0   0   0   0   0   0   0   0   0
# edge 192  nedges  16 :    0   0   0   0   0   0   0   4   0   0   0   0   0   0   0   0
# edge 193  nedges  19 :    0   0   0   0   0   0   0   0   0   0   0   0   0   0   0   0   0   0   0
# edge 194  nedges  19 :    0   0   0   0   0   0   0   0   0   0   0   0   0   0   0   0   0   0   0
# edge 195  nedges  19 :    0   0   0   0   0   0   0   0   0   0   0   0   0   0   0   0   0   0   0
# edge 196  nedges  18 :    0   0   0   0   0   0   0   0   0   0   0   0   0   0   0   0   0   0
# edge 197  nedges  17 :    0   0   0   0   0   0   0   0   0   0   0   0   0   0   0   0   0
# edge 198  nedges  18 :    0   0   0   0   0   0   0   0   0   0   0   0   0   0   0   0   0   0
# edge 199  nedges  18 :    0   0   0   0   0   0   0   0   4   0   0   0   0   0   0   0   0   0
# edge 200  nedges  16 :    0   0   0   0   0   0   0   0   0   0   0   0   0   0   0   0
# edge 201  nedges  18 :    0   0   0   0   0   0   0   0   4   0   0   0   0   0   0   0   0   0
# edge 202  nedges  18 :    0   0   0   0   0   0   0   4   0   0   0   0   0   0   0   0   0   0
# edge 203  nedges  17 :    0   0   0   0   0   0   0   0   4   0   0   0   0   0   0   0   0
# edge 204  nedges  18 :    0   0   0   0   0   0   0   0   0   0   0   0   0   0   0   0   0   0
# edge 205  nedges  18 :    0   0   0   0   0   0   0   0   0   4   0   0   0   0   0   0   0   0
# edge 206  nedges  17 :    0   0   0   0   0   0   0   0   0   0   0   0   0   0   0   0   0
# edge 207  nedges  17 :    0   0   0   0   0   0   0   4   0   0   0   0   0   0   0   0   0
# edge 208  nedges  18 :    0   0   0   0   0   0   0   0   0   0   0   0   0   0   0   0   0   0
# edge 209  nedges  17 :    0   0   0   0   0   0   0   0   0   0   0   0   0   0   0   0   0
# edge 210  nedges  18 :    0   0   0   0   0   0   0   0   0   0   0   0   0   0   0   0   0   0
# edge 211  nedges  16 :    0   0   0   0   0   0   0   0   0   0   0   0   0   0   0   0
# edge 212  nedges  18 :    0   0   0   0   0   0   0   0   0   0   0   0   0   0   0   0   0   0
# edge 213  nedges  18 :    0   0   0   0   0   0   0   0   4   0   0   0   0   0   0   0   0   0
# edge 214  nedges  16 :    0   0   0   0   0   0   0   0   0   0   0   0   0   0   0   0
# edge 215  nedges  16 :    0   0   0   0   0   0   0   0   0   0   0   0   0   0   0   0
# edge 216  nedges  16 :    0   0   0   0   0   0   0   0   0   0   0   0   0   0   0   0
# edge 217  nedges  16 :    0   0   0   0   0   0   0   0   0   0   0   0   0   0   0   0
# edge 218  nedges  19 :    0   0   0   0   0   0   0   0   0   0   0   0   0   0   0   0   0   0   0
# edge 219  nedges  19 :    0   0   0   0   3   0   0   0   0   0   0   0   0   0   0   0   0   0   0
# edge 220  nedges  18 :    0   0   0   0   0   0   0   0   0   0   0   0   0   0   0   0   0   0
# edge 221  nedges  18 :    0   0   0   0   0   0   0   0   0   0   0   0   0   0   0   0   0   0
# edge 222  nedges  20 :    0   0   0   0   0   0   0   0   0   0   4   0   0   0   0   0   0   0   0   0
# edge 223  nedges  18 :    0   0   0   0   0   0   0   0   4   0   0   0   0   0   0   0   0   0
# edge 224  nedges  18 :    0   0   0   0   0   0   0   0   0   0   0   0   0   0   0   0   0   0
# edge 225  nedges  19 :    0   0   0   0   0   0   0   0   0   4   0   0   0   0   0   0   0   0   0
# edge 226  nedges  19 :    0   0   0   0   0   0   0   0   0   4   0   0   0   0   0   0   0   0   0
# edge 227  nedges  19 :    0   0   0   0   0   0   0   0   0   0   0   0   0   0   0   0   0   0   0
# edge 228  nedges  18 :    0   0   0   0   0   0   0   0   4   0   0   0   0   0   0   0   0   0
# edge 229  nedges  18 :    0   0   0   0   0   0   0   0   0   0   0   0   0   0   0   0   0   0
# edge 230  nedges  18 :    0   0   0   0   0   0   0   0   0   0   0   0   0   0   0   0   0   0
# edge 231  nedges  19 :    0   0   0   0   0   0   0   0   0   4   0   0   0   0   0   0   0   0   0
# edge 232  nedges  19 :    0   0   0   0   0   0   0   0   4   0   0   0   0   0   0   0   0   0   0
# edge 233  nedges  19 :    0   0   0   0   0   0   0   0   0   4   0   0   0   0   0   0   0   0   0
# edge 234  nedges  18 :    0   0   0   0   0   0   0   0   0   0   0   0   0   0   0   0   0   0
# edge 235  nedges  17 :    0   0   0   0   0   0   0   0   0   0   0   0   0   0   0   0   0
# edge 236  nedges  18 :    0   0   0   0   0   0   0   0   0   0   0   0   0   0   0   0   3   0
# edge 237  nedges  18 :    0   0   0   0   0   0   0   0   0   0   0   0   0   0   0   0   0   0
# edge 238  nedges  18 :    0   0   0   0   0   0   0   0   0   0   0   0   0   0   0   0   0   0
# edge 239  nedges  18 :    0   0   0   0   0   0   0   0   0   0   0   0   0   0   0   0   0   0
# edge 240  nedges  18 :    0   0   0   0   0   0   0   0   0   0   0   0   0   0   0   0   0   0
# edge 241  nedges  18 :    0   0   0   0   0   0   0   0   0   0   0   0   0   0   0   0   0   0
# edge 242  nedges  18 :    0   0   0   0   0   0   0   0   0   0   0   0   0   0   0   0   0   0
# edge 243  nedges  18 :    0   0   0   0   0   0   0   0   0   0   0   0   0   0   0   0   0   0
# edge 244  nedges  19 :    0   0   0   0   0   0   0   0   0   0   4   0   0   0   0   0   0   0   0
# edge 245  nedges  17 :    0   0   0   0   0   0   0   0   4   0   0   0   0   0   0   0   0
# edge 246  nedges  19 :    0   0   0   0   3   0   0   0   0   4   0   0   0   0   0   0   0   0   0
# edge 247  nedges  19 :    0   0   0   0   0   0   0   0   0   0   0   0   0   0   0   0   0   0   0
# edge 248  nedges  19 :    0   0   0   0   0   0   0   0   0   4   0   0   0   0   0   0   0   0   0
# edge 249  nedges  17 :    0   0   0   0   0   0   0   0   4   0   0   0   0   0   0   0   0
# edge 250  nedges  18 :    0   0   0   0   0   0   0   0   0   0   0   0   0   0   0   0   0   0
# edge 251  nedges  18 :    0   0   0   0   0   0   0   0   4   0   0   0   0   0   0   0   0   0
# edge 252  nedges  19 :    0   0   0   0   0   0   0   0   0   4   0   0   0   0   0   0   0   0   0
# edge 253  nedges  16 :    0   0   0   0   0   0   0   0   4   0   0   0   0   0   0   0
# edge 254  nedges  19 :    0   0   0   0   0   0   0   0   4   0   0   0   0   0   0   0   0   0   0
# edge 255  nedges  19 :    0   0   0   0   0   0   0   0   4   0   0   0   0   0   0   0   0   0   0
# edge 256  nedges  20 :    0   0   0   0   0   0   0   0   0   4   0   0   0   0   0   0   0   0   0   0
# edge 257  nedges  19 :    0   0   0   0   0   0   0   0   0   4   0   0   0   0   0   0   0   0   0
# edge 258  nedges  19 :    0   0   0   0   0   0   0   0   4   0   0   0   0   0   0   0   0   0   0
# edge 259  nedges  19 :    0   0   0   0   0   0   0   0   0   0   0   0   0   0   0   0   0   0   0
# edge 260  nedges  18 :    0   0   0   0   0   0   0   0   4   0   0   0   0   0   0   0   0   0
# edge 261  nedges  17 :    0   0   0   0   0   0   0   0   4   0   0   0   0   0   0   0   0
# edge 262  nedges  19 :    0   0   0   0   0   0   0   0   0   0   0   0   0   0   0   0   0   0   0
# edge 263  nedges  19 :    0   0   0   0   0   0   0   0   0   0   0   0   0   0   0   0   0   0   0
# edge 264  nedges  18 :    0   0   0   0   0   0   0   0   0   0   0   0   0   0   0   0   0   0
# edge 265  nedges  19 :    0   0   0   0   0   0   0   0   0   0   0   0   0   0   0   0   0   0   0
# edge 266  nedges  21 :    0   0   0   0   0   0   0   0   0   0   0   0   0   0   0   0   0   0   0   0   0
# edge 267  nedges  18 :    0   0   0   0   0   0   0   0   0   0   0   0   0   0   0   0   0   0
# edge 268  nedges  20 :    0   0   0   0   0   0   0   0   0   0   0   0   0   0   0   0   0   0   0   0
# edge 269  nedges  20 :    0   0   0   0   0   0   0   0   0   0   0   0   0   0   3   0   0   0   0   0
# edge 270  nedges  18 :    0   0   0   0   0   0   0   0   0   0   0   0   0   0   0   0   0   0
# edge 271  nedges  18 :    0   0   0   0   0   0   0   0   0   0   0   0   0   0   0   0   0   0
# edge 272  nedges  19 :    0   0   0   0   0   0   0   0   0   0   0   0   0   0   0   0   0   3   3
# edge 273  nedges  20 :    0   0   0   0   0   0   0   0   0   0   0   0   0   0   0   0   0   0   0   0
# edge 274  nedges  19 :    0   0   0   0   0   0   0   0   0   0   0   0   0   0   0   0   0   0   0
# edge 275  nedges  21 :    0   0   0   0   0   0   0   0   0   0   0   0   0   0   0   0   0   0   0   0   0
# edge 276  nedges  21 :    0   0   0   0   0   0   0   0   0   0   4   0   0   0   0   0   0   0   0   0   0
# edge 277  nedges  21 :    0   0   0   0   0   0   0   0   0   0   0   0   0   0   0   0   0   0   0   0   0
# edge 278  nedges  20 :    0   0   0   0   0   0   3   0   0   0   4   0   0   0   0   0   0   0   3   3
# edge 279  nedges  19 :    0   0   0   0   0   0   0   0   0   0   0   0   0   0   0   0   0   0   0
# edge 280  nedges  18 :    0   0   0   0   0   0   0   0   0   4   0   0   0   0   0   0   0   0
# edge 281  nedges  19 :    0   0   0   0   0   0   0   0   0   0   0   0   0   0   0   0   0   0   0
# edge 282  nedges  19 :    0   0   0   0   0   0   0   0   0   4   0   0   0   0   0   0   0   0   0
# edge 283  nedges  19 :    0   0   0   0   0   0   0   0   0   4   0   0   0   0   0   0   0   0   0
# edge 284  nedges  19 :    0   0   0   0   0   0   0   0   0   0   0   0   0   0   0   0   0   0   0
# edge 285  nedges  18 :    0   0   0   0   0   0   0   0   0   4   0   0   0   0   0   0   0   0
# edge 286  nedges  19 :    0   0   0   0   0   0   0   0   0   0   4   0   0   0   0   0   0   0   0
# edge 287  nedges  19 :    0   0   0   0   0   0   0   0   0   0   0   0   0   0   0   0   0   0   0
# edge 288  nedges  19 :    0   0   0   0   0   0   0   0   0   4   0   0   0   0   0   0   0   0   0
# edge 289  nedges  19 :    0   0   0   0   0   0   0   0   0   0   0   0   0   0   0   0   0   0   0
# edge 290  nedges  20 :    0   0   0   0   0   0   0   0   0   0   4   0   0   3   0   0   0   0   3   3
# edge 291  nedges  19 :    0   0   0   0   0   0   3   0   0   0   0   0   0   0   0   0   0   0   0
# edge 292  nedges  19 :    0   0   0   0   0   0   0   0   0   0   0   0   0   0   0   0   0   0   0
# edge 293  nedges  18 :    0   0   0   0   0   0   0   0   0   0   0   0   0   0   0   0   0   0
# edge 294  nedges  17 :    0   0   0   0   0   0   0   0   0   0   0   0   0   0   0   0   0
# edge 295  nedges  17 :    0   0   0   0   0   0   0   0   4   0   0   0   0   0   0   0   0
# edge 296  nedges  17 :    0   0   0   0   0   0   0   0   0   0   0   0   0   0   0   0   0
# edge 297  nedges  17 :    0   0   0   0   0   0   0   0   0   0   0   0   0   0   0   0   0
# edge 298  nedges  17 :    0   0   0   0   0   0   0   0   0   0   0   0   0   0   0   0   0
# edge 299  nedges  17 :    0   0   0   0   0   0   0   0   4   0   0   0   0   0   0   0   0
# edge 300  nedges  16 :    0   0   0   0   0   0   0   0   4   0   0   0   0   0   0   0
# edge 301  nedges  17 :    0   0   0   0   0   0   4   0   4   0   0   0   0   0   0   0   0
# edge 302  nedges  16 :    0   0   0   0   0   0   0   0   0   0   0   0   0   0   0   0
# edge 303  nedges  16 :    0   0   0   0   0   0   0   0   0   0   0   0   0   0   0   0
# edge 304  nedges  17 :    0   0   0   0   0   0   0   0   0   0   0   0   0   0   0   0   0
# edge 305  nedges  16 :    0   0   0   0   0   0   0   0   0   0   0   0   0   0   3   0
# edge 306  nedges  16 :    0   0   0   0   0   0   0   0   0   0   0   0   0   0   0   0
# edge 307  nedges  16 :    0   0   0   0   0   0   3   0   0   0   0   0   0   0   0   0
# edge 308  nedges  17 :    0   0   0   0   0   0   0   0   4   0   0   0   0   0   0   0   0
# edge 309  nedges  16 :    0   0   0   0   0   0   0   0   4   0   0   0   0   0   0   0
# edge 310  nedges  16 :    0   0   0   0   0   0   0   0   0   0   0   0   0   0   0   0
# edge 311  nedges  17 :    0   0   0   0   0   0   0   0   4   0   0   0   0   0   0   0   0
# edge 312  nedges  16 :    0   0   0   0   0   0   0   0   0   0   0   0   0   0   0   0
# edge 313  nedges  17 :    0   0   0   0   0   0   0   0   0   0   0   0   0   0   0   0   0
# edge 314  nedges  16 :    0   0   0   0   0   0   0   0   4   0   0   0   0   0   3   0
# edge 315  nedges  17 :    0   0   0   0   0   0   0   0   4   0   0   0   0   0   0   3   0
# edge 316  nedges  17 :    0   0   0   0   0   0   0   0   0   0   0   0   0   0   0   3   0
# edge 317  nedges  16 :    0   0   0   0   0   0   0   0   4   0   0   0   0   0   0   0
# edge 318  nedges  17 :    0   0   0   0   0   0   0   0   4   0   0   0   0   0   0   0   0
# edge 319  nedges  16 :    0   0   0   0   0   0   0   0   0   0   0   0   0   0   3   0
# edge 320  nedges  14 :    0   0   0   0   0   0   4   0   0   0   0   0   3   0
# edge 321  nedges  13 :    0   0   0   0   0   0   0   0   0   0   0   3   0
# edge 322  nedges  13 :    0   0   0   0   0   0   0   0   0   0   0   3   0
# edge 323  nedges  11 :    0   0   0   0   0   0   0   0   0   0   0
# edge 324  nedges  12 :    0   0   0   0   0   0   0   0   0   0   3   3
# edge 325  nedges  12 :    0   0   0   0   0   0   0   0   0   0   3   0
# edge 326  nedges  11 :    0   0   0   0   0   0   0   0   0   3   0
# edge 327  nedges  11 :    0   0   0   0   0   0   0   0   0   0   0
# edge 328  nedges  11 :    0   0   0   0   0   4   0   0   0   3   0
# edge 329  nedges  11 :    0   0   0   0   0   4   0   0   0   0   0
# edge 330  nedges  12 :    0   0   0   0   0   4   0   0   0   0   3   0
# edge 331  nedges  11 :    0   0   0   0   0   4   0   0   0   0   0
# edge 332  nedges  10 :    0   0   0   0   0   4   0   0   0   0
# edge 333  nedges  11 :    0   0   0   0   0   4   0   0   0   0   0
# edge 334  nedges  11 :    0   0   0   0   0   0   0   0   0   0   0
# edge 335  nedges  11 :    0   0   0   0   0   4   0   0   0   0   0
# edge 336  nedges  11 :    0   0   0   0   0   0   0   0   0   0   0
# edge 337  nedges  11 :    0   0   0   0   0   0   0   0   0   0   0
# edge 338  nedges  11 :    0   0   0   0   0   0   0   0   0   0   0
# edge 339  nedges  11 :    0   0   2   0   0   0   4   0   0   0   0
# edge 340  nedges  10 :    0   0   0   0   0   0   0   0   0   0
# edge 341  nedges  10 :    0   0   0   0   0   0   0   0   0   0
# edge 342  nedges  11 :    0   0   0   0   0   0   0   0   0   0   0
# edge 343  nedges  11 :    0   0   0   0   0   0   0   0   0   0   0
# edge 344  nedges  14 :    0   0   0   0   0   0   0   0   0   0   0   0   0   0
# edge 345  nedges  14 :    0   0   0   0   0   0   0   0   0   3   0   0   0   0
# edge 346  nedges  15 :    0   0   0   0   0   0   0   0   0   0   4   0   0   0   0
# edge 347  nedges  16 :    0   0   0   0   2   0   0   0   4   0   4   0   0   0   0   0
# edge 348  nedges  17 :    0   0   0   3   3   0   0   0   0   0   0   4   0   0   0   0   0
# edge 349  nedges  16 :    0   0   0   3   3   0   0   0   0   0   0   0   0   0   0   0
# edge 350  nedges  18 :    0   0   0   3   3   0   0   0   0   0   0   0   0   0   0   0   3   0
# edge 351  nedges  17 :    0   0   0   3   3   0   0   0   0   0   0   0   0   0   0   3   3
# edge 352  nedges  17 :    0   0   0   3   3   0   0   0   0   0   0   0   0   0   0   0   0
# edge 353  nedges  17 :    0   0   0   3   3   0   0   0   0   0   0   0   0   0   0   0   0
# edge 354  nedges  18 :    0   0   0   3   3   0   0   0   0   0   0   0   0   0   0   0   3   0
# edge 355  nedges  17 :    0   0   0   3   3   0   0   0   0   0   0   3   0   0   0   0   0
# edge 356  nedges  18 :    0   0   0   3   3   0   0   0   0   0   0   0   0   0   0   0   3   0
# edge 357  nedges  18 :    0   0   0   3   3   0   0   0   0   0   0   0   0   0   0   0   0   0
# edge 358  nedges  17 :    0   0   0   3   3   0   0   0   0   0   0   0   0   0   0   0   0
# edge 359  nedges  18 :    0   0   0   3   3   0   0   0   0   0   0   0   0   0   0   0   0   0
# edge 360  nedges  17 :    0   0   0   0   0   0   0   0   0   0   0   0   0   0   0   0   0
# edge 361  nedges  18 :    0   0   0   3   3   0   0   0   0   0   0   0   0   0   0   0   0   0
# edge 362  nedges  18 :    0   0   0   3   3   0   0   0   0   4   0   0   0   0   0   0   0   0
# edge 363  nedges  18 :    0   0   0   3   3   0   0   0   0   0   0   0   0   0   0   0   0   0
# edge 364  nedges  18 :    0   0   0   3   3   0   0   0   0   4   0   0   0   0   0   0   0   0
# edge 365  nedges  18 :    0   0   0   3   3   0   0   0   0   4   0   0   0   0   0   0   0   0
# edge 366  nedges  18 :    0   0   0   3   3   0   0   0   0   4   0   0   0   0   0   0   0   0
# edge 367  nedges  18 :    0   0   0   0   0   0   0   0   0   0   0   0   0   0   0   0   0   0
# edge 368  nedges  17 :    0   0   0   3   3   0   0   0   0   0   0   0   0   0   0   0   0
# edge 369  nedges  20 :    0   0   0   0   3   3   0   0   0   0   0   0   0   0   0   0   0   0   0   0
# edge 370  nedges  18 :    0   0   0   3   3   0   0   0   0   0   0   0   0   0   0   0   0   0
# edge 371  nedges  18 :    0   0   0   0   2   0   3   0   0   4   0   0   0   0   0   0   0   0
# edge 372  nedges  20 :    0   0   0   3   3   0   0   0   0   0   0   0   0   0   0   0   0   0   0   0
# edge 373  nedges  19 :    0   0   0   3   3   0   0   0   0   0   0   0   0   0   0   0   0   3   3
# edge 374  nedges  20 :    0   0   0   0   3   3   0   0   0   0   0   0   0   0   0   0   0   0   0   0
# edge 375  nedges  20 :    0   0   0   0   0   0   0   3   0   0   0   0   0   0   0   0   0   0   3   0
# edge 376  nedges  20 :    0   0   0   3   3   0   0   0   0   0   4   0   0   0   0   0   0   0   0   0
# edge 377  nedges  19 :    0   0   0   3   3   0   0   0   0   0   0   0   0   0   0   0   0   0   0
# edge 378  nedges  20 :    0   0   0   2   2   0   0   0   0   4   0   0   0   0   0   0   0   0   0   0
# edge 379  nedges  21 :    0   0   0   0   3   3   0   0   0   0   0   4   0   0   0   0   0   0   0   0   0
# edge 380  nedges  21 :    0   0   0   0   2   2   0   0   0   0   4   0   0   0   0   0   0   0   0   0   0
# edge 381  nedges  20 :    0   0   0   0   0   0   0   0   0   0   4   0   0   0   0   0   0   0   3   0
# edge 382  nedges  21 :    0   0   0   0   0   0   0   0   0   0   4   0   0   0   0   0   0   0   0   0   0
# edge 383  nedges  21 :    0   0   0   0   3   3   0   0   0   0   0   0   0   0   0   0   0   0   0   3   0
# edge 384  nedges  21 :    0   0   0   0   3   3   0   0   0   0   0   0   0   0   0   0   0   0   0   0   0
# edge 385  nedges  19 :    0   0   0   0   0   0   0   0   0   0   0   0   0   0   0   0   0   0   0
# edge 386  nedges  21 :    0   0   0   0   0   2   0   0   0   0   0   0   0   0   0   0   0   0   0   0   0
# edge 387  nedges  21 :    0   0   0   0   0   0   0   0   0   0   0   0   0   0   0   0   0   0   0   0   0
# edge 388  nedges  22 :    0   0   0   0   3   3   0   0   0   0   0   0   0   0   0   0   0   0   0   0   0   0
# edge 389  nedges  22 :    0   0   0   0   0   2   0   0   0   0   0   0   0   0   0   0   0   0   0   0   0   0
# edge 390  nedges  22 :    0   0   0   0   0   2   0   0   0   0   0   0   0   0   0   0   0   0   0   0   0   0
# edge 391  nedges  21 :    0   0   0   0   2   0   0   0   0   0   0   0   0   0   0   0   0   0   0   0   0
# edge 392  nedges  21 :    0   0   0   0   0   2   0   0   0   0   0   0   0   0   0   0   0   0   0   3   0
# edge 393  nedges  21 :    0   0   0   0   0   2   0   0   0   0   0   0   0   0   0   0   0   0   0   0   0
# edge 394  nedges  20 :    0   0   0   0   0   0   0   0   0   0   0   0   0   0   0   0   0   0   0   0
# edge 395  nedges  21 :    0   0   0   0   0   2   0   0   0   0   0   0   0   0   0   0   0   0   0   0   0
# edge 396  nedges  21 :    0   0   0   0   0   0   0   0   0   0   0   0   0   0   0   0   0   0   0   0   0
# edge 397  nedges  21 :    0   0   0   0   0   2   0   0   0   0   0   0   0   0   0   0   0   0   0   0   0
# edge 398  nedges  21 :    0   0   0   0   0   2   0   0   0   0   0   0   0   0   0   0   0   0   0   0   0
# edge 399  nedges  20 :    0   0   0   0   0   0   0   0   0   0   0   0   0   0   0   0   0   0   0   0
#  EEdgeType:
#  EEdgeUnknown	 (-1):   0
#  EEdgeRegular	  (0): 6387
#  EEdgeDummy      (1):   0
#  EEdgeDust		  (2):  16
#  EEdgeCavern	  (3): 127
#  EEdgeMaxPointErr(4): 186
#  EEdgeGlare	  (5):   0
#   0  norm     1.0000000000   -0.0000000000    0.0000000000
# nedges  20 
#  type   0  conf  1.0000
   0.0000000000   1.7203169905  -4.5885278381
   0.0000000000   2.5865527260  -4.2729077678
      
      
#  type   0  conf  1.0000
   0.0000000000   2.5865527260  -4.2729077678
   0.0000000000   3.1862328406  -3.9750770859
      
      
#  type   0  conf  1.0000
   0.0000000000   3.1862328406  -3.9750770859
   0.0000000000   3.1895287456  -3.8655422077
      
      
#  type   0  conf  1.0000
   0.0000000000   3.1895287456  -3.8655422077
   0.0000000000   1.2654979523  -1.7633431329
      
      
#  type   0  conf  1.0000
   0.0000000000   1.2654979523  -1.7633431329
   0.0000000000   1.2395428455  -1.7361407991
      
      
#  type   0  conf  1.0000
   0.0000000000   1.2395428455  -1.7361407991
   0.0000000000   0.8542728350  -1.3861732742
      
      
#  type   0  conf  1.0000
   0.0000000000   0.8542728350  -1.3861732742
   0.0000000000   0.4065954013  -1.0319482655
      
      
#  type   0  conf  1.0000
   0.0000000000   0.4065954013  -1.0319482655
   0.0000000000   0.0839247039  -0.8364979459
      
      
#  type   0  conf  1.0000
   0.0000000000   0.0839247039  -0.8364979459
   0.0000000000   0.0311914578  -0.8389464973
      
      
#  type   0  conf  1.0000
   0.0000000000   0.0311914578  -0.8389464973
  -0.0000000000  -0.2842724276  -1.0333795476
      
      
#  type   0  conf  1.0000
  -0.0000000000  -0.2842724276  -1.0333795476
  -0.0000000000  -0.7243058913  -1.3814523364
      
      
#  type   0  conf  1.0000
  -0.0000000000  -0.7243058913  -1.3814523364
  -0.0000000000  -1.0836155965  -1.7081790439
      
      
#  type   0  conf  1.0000
  -0.0000000000  -1.0836155965  -1.7081790439
  -0.0000000000  -1.1220274675  -1.7441140912
      
      
#  type   0  conf  1.0000
  -0.0000000000  -1.1220274675  -1.7441140912
  -0.0000000000  -2.9996539926  -3.7896639344
      
      
#  type   0  conf  1.0000
  -0.0000000000  -2.9996539926  -3.7896639344
  -0.0000000000  -3.0109767117  -3.8405122314
      
      
#  type   0  conf  1.0000
  -0.0000000000  -3.0109767117  -3.8405122314
  -0.0000000000  -2.9044828510  -3.9793941276
      
      
#  type   0  conf  1.0000
  -0.0000000000  -2.9044828510  -3.9793941276
  -0.0000000000  -2.8246280457  -4.0583909978
      
      
#  type   0  conf  1.0000
  -0.0000000000  -2.8246280457  -4.0583909978
  -0.0000000000  -2.7332818179  -4.1182562371
      
      
#  type   0  conf  1.0000
  -0.0000000000  -2.7332818179  -4.1182562371
  -0.0000000000  -2.4122121490  -4.2794967316
      
      
#  type   0  conf  1.0000
  -0.0000000000  -2.4122121490  -4.2794967316
  -0.0000000000  -1.5484197808  -4.5856343097
      
      
#   1  norm     0.9999691576   -0.0078539009    0.0000000000
# nedges  21 
#  type   0  conf  1.0000
   0.0134417615   1.7114230372  -4.5892790757
   0.0202578149   2.5792520700  -4.2722783240
      
      
#  type   0  conf  1.0000
   0.0202578149   2.5792520700  -4.2722783240
   0.0249208265   3.1729529346  -3.9749470130
      
      
#  type   0  conf  1.0000
   0.0249208265   3.1729529346  -3.9749470130
   0.0249422609   3.1756819861  -3.8650486352
      
      
#  type   0  conf  1.0000
   0.0249422609   3.1756819861  -3.8650486352
   0.0099390618   1.2654546280  -1.7611367387
      
      
#  type   0  conf  1.0000
   0.0099390618   1.2654546280  -1.7611367387
   0.0097277746   1.2385532604  -1.7330690630
      
      
#  type   0  conf  1.0000
   0.0097277746   1.2385532604  -1.7330690630
   0.0066771153   0.8501392497  -1.3814363799
      
      
#  type   0  conf  1.0000
   0.0066771153   0.8501392497  -1.3814363799
   0.0031918806   0.4063944976  -1.0316228572
      
      
#  type   0  conf  1.0000
   0.0031918806   0.4063944976  -1.0316228572
   0.0006828973   0.0869473913  -0.8377607074
      
      
#  type   4  conf  0.0000
#  type   0  conf  1.0000
   0.0002539458   0.0323327185  -0.8386776740
  -0.0022319451  -0.2841742306  -1.0329439809
      
      
#  type   0  conf  1.0000
  -0.0022319451  -0.2841742306  -1.0329439809
  -0.0057099547  -0.7269990606  -1.3827189120
      
      
#  type   0  conf  1.0000
  -0.0057099547  -0.7269990606  -1.3827189120
  -0.0087228279  -1.1106021028  -1.7311973963
      
      
#  type   0  conf  1.0000
  -0.0087228279  -1.1106021028  -1.7311973963
  -0.0089228461  -1.1360686927  -1.7572487978
      
      
#  type   0  conf  1.0000
  -0.0089228461  -1.1360686927  -1.7572487978
  -0.0234566573  -2.9865329538  -3.7898082044
      
      
#  type   0  conf  1.0000
  -0.0234566573  -2.9865329538  -3.7898082044
  -0.0235437437  -2.9976209140  -3.8416586285
      
      
#  type   0  conf  1.0000
  -0.0235437437  -2.9976209140  -3.8416586285
  -0.0227000947  -2.8902063924  -3.9797832136
      
      
#  type   0  conf  1.0000
  -0.0227000947  -2.8902063924  -3.9797832136
  -0.0220781393  -2.8110182060  -4.0593037744
      
      
#  type   0  conf  1.0000
  -0.0220781393  -2.8110182060  -4.0593037744
  -0.0213367397  -2.7166222143  -4.1211256962
      
      
#  type   0  conf  1.0000
  -0.0213367397  -2.7166222143  -4.1211256962
  -0.0190387343  -2.4240370930  -4.2689907856
      
      
#  type   0  conf  1.0000
  -0.0190387343  -2.4240370930  -4.2689907856
  -0.0187714429  -2.3900051973  -4.2842297008
      
      
#  type   0  conf  1.0000
  -0.0187714429  -2.3900051973  -4.2842297008
  -0.0120565504  -1.5350561164  -4.5888971025
      
      
#   2  norm     0.9998766325   -0.0157073173    0.0000000000
# nedges  20 
#  type   0  conf  1.0000
   0.0267638134   1.7036971411  -4.5894261971
   0.0399802086   2.5450097903  -4.2817046579
      
      
#  type   0  conf  1.0000
   0.0399802086   2.5450097903  -4.2817046579
   0.0407997199   2.5971772073  -4.2587836205
      
      
#  type   0  conf  1.0000
   0.0407997199   2.5971772073  -4.2587836205
   0.0496607650   3.1612424652  -3.9726924252
      
      
#  type   0  conf  1.0000
   0.0496607650   3.1612424652  -3.9726924252
   0.0496081663   3.1578942023  -3.8605739199
      
      
#  type   0  conf  1.0000
   0.0496081663   3.1578942023  -3.8605739199
   0.0196030427   1.2478658172  -1.7397164180
      
      
#  type   0  conf  1.0000
   0.0196030427   1.2478658172  -1.7397164180
   0.0134328466   0.8550912368  -1.3844324873
      
      
#  type   0  conf  1.0000
   0.0134328466   0.8550912368  -1.3844324873
   0.0064280651   0.4091896758  -1.0328961549
      
      
#  type   0  conf  1.0000
   0.0064280651   0.4091896758  -1.0328961549
   0.0013090241   0.0833282075  -0.8360092883
      
      
#  type   0  conf  1.0000
   0.0013090241   0.0833282075  -0.8360092883
   0.0004865550   0.0309725060  -0.8390978960
      
      
#  type   0  conf  1.0000
   0.0004865550   0.0309725060  -0.8390978960
  -0.0044800886  -0.2851878379  -1.0332746570
      
      
#  type   0  conf  1.0000
  -0.0044800886  -0.2851878379  -1.0332746570
  -0.0114044005  -0.7259669716  -1.3808490172
      
      
#  type   0  conf  1.0000
  -0.0114044005  -0.7259669716  -1.3808490172
  -0.0173136758  -1.1021321811  -1.7217689212
      
      
#  type   0  conf  1.0000
  -0.0173136758  -1.1021321811  -1.7217689212
  -0.0178350207  -1.1353192956  -1.7547188594
      
      
#  type   0  conf  1.0000
  -0.0178350207  -1.1353192956  -1.7547188594
  -0.0466919086  -2.9722547409  -3.7892586902
      
      
#  type   0  conf  1.0000
  -0.0466919086  -2.9722547409  -3.7892586902
  -0.0468887059  -2.9847822138  -3.8404206654
      
      
#  type   0  conf  1.0000
  -0.0468887059  -2.9847822138  -3.8404206654
  -0.0451805346  -2.8760455971  -3.9801239361
      
      
#  type   0  conf  1.0000
  -0.0451805346  -2.8760455971  -3.9801239361
  -0.0439465162  -2.7974920059  -4.0594785776
      
      
#  type   0  conf  1.0000
  -0.0439465162  -2.7974920059  -4.0594785776
  -0.0425041815  -2.7056776819  -4.1207724068
      
      
#  type   0  conf  1.0000
  -0.0425041815  -2.7056776819  -4.1207724068
  -0.0375608528  -2.3910014827  -4.2811188681
      
      
#  type   0  conf  1.0000
  -0.0375608528  -2.3910014827  -4.2811188681
  -0.0241090789  -1.5347053957  -4.5861645269
      
      
#   3  norm     0.9997224302   -0.0235597648    0.0000000000
# nedges  19 
#  type   0  conf  1.0000
   0.0399957077   1.6971564193  -4.5889593777
   0.0601405770   2.5519730009  -4.2756585398
      
      
#  type   0  conf  1.0000
   0.0601405770   2.5519730009  -4.2756585398
   0.0740509257   3.1422372829  -3.9758061583
      
      
#  type   0  conf  1.0000
   0.0740509257   3.1422372829  -3.9758061583
   0.0741141709   3.1449209957  -3.8633714430
      
      
#  type   0  conf  1.0000
   0.0741141709   3.1449209957  -3.8633714430
   0.0294229959   1.2485196360  -1.7381712396
      
      
#  type   0  conf  1.0000
   0.0294229959   1.2485196360  -1.7381712396
   0.0201875939   0.8566295346  -1.3844684180
      
      
#  type   0  conf  1.0000
   0.0201875939   0.8566295346  -1.3844684180
   0.0096452777   0.4092825426  -1.0323657286
      
      
#  type   0  conf  1.0000
   0.0096452777   0.4092825426  -1.0323657286
   0.0019687648   0.0835415113  -0.8359688894
      
      
#  type   0  conf  1.0000
   0.0019687648   0.0835415113  -0.8359688894
   0.0007358736   0.0312256647  -0.8390963512
      
      
#  type   0  conf  1.0000
   0.0007358736   0.0312256647  -0.8390963512
  -0.0067608742  -0.2868873132  -1.0342248350
      
      
#  type   0  conf  1.0000
  -0.0067608742  -0.2868873132  -1.0342248350
  -0.0171503390  -0.7277482919  -1.3813814304
      
      
#  type   0  conf  1.0000
  -0.0171503390  -0.7277482919  -1.3813814304
  -0.0260115084  -1.1037584042  -1.7216411193
      
      
#  type   0  conf  1.0000
  -0.0260115084  -1.1037584042  -1.7216411193
  -0.0267572258  -1.1354017740  -1.7530829175
      
      
#  type   0  conf  1.0000
  -0.0267572258  -1.1354017740  -1.7530829175
  -0.0696953477  -2.9574150205  -3.7896909151
      
      
#  type   0  conf  1.0000
  -0.0696953477  -2.9574150205  -3.7896909151
  -0.0699813456  -2.9695508995  -3.8400891645
      
      
#  type   0  conf  1.0000
  -0.0699813456  -2.9695508995  -3.8400891645
  -0.0676409437  -2.8702395432  -3.9702699147
      
      
#  type   0  conf  1.0000
  -0.0676409437  -2.8702395432  -3.9702699147
  -0.0656281783  -2.7848309344  -4.0583120568
      
      
#  type   0  conf  1.0000
  -0.0656281783  -2.7848309344  -4.0583120568
  -0.0634545193  -2.6925950531  -4.1206612616
      
      
#  type   0  conf  1.0000
  -0.0634545193  -2.6925950531  -4.1206612616
  -0.0561485077  -2.3825756746  -4.2805609880
      
      
#  type   0  conf  1.0000
  -0.0561485077  -2.3825756746  -4.2805609880
  -0.0359746651  -1.5265296525  -4.5869391707
      
      
#   4  norm     0.9995065604   -0.0314107591    0.0000000000
# nedges  20 
#  type   0  conf  1.0000
   0.0530281177   1.6873820668  -4.5897903701
   0.0793108027   2.5237106637  -4.2821030743
      
      
#  type   0  conf  1.0000
   0.0793108027   2.5237106637  -4.2821030743
   0.0807705026   2.5701590660  -4.2616673159
      
      
#  type   0  conf  1.0000
   0.0807705026   2.5701590660  -4.2616673159
   0.0983393699   3.1292094902  -3.9723466815
      
      
#  type   0  conf  1.0000
   0.0983393699   3.1292094902  -3.9723466815
   0.0982979953   3.1278929287  -3.8628393298
      
      
#  type   0  conf  1.0000
   0.0982979953   3.1278929287  -3.8628393298
   0.0399800132   1.2721846483  -1.7625496791
      
      
#  type   0  conf  1.0000
   0.0399800132   1.2721846483  -1.7625496791
   0.0389362517   1.2389716170  -1.7280569537
      
      
#  type   0  conf  1.0000
   0.0389362517   1.2389716170  -1.7280569537
   0.0269614752   0.8579280513  -1.3842641794
      
      
#  type   0  conf  1.0000
   0.0269614752   0.8579280513  -1.3842641794
   0.0128568522   0.4091116694  -1.0318855643
      
      
#  type   0  conf  1.0000
   0.0128568522   0.4091116694  -1.0318855643
   0.0026775610   0.0852013722  -0.8370888656
      
      
#  type   0  conf  1.0000
   0.0026775610   0.0852013722  -0.8370888656
   0.0010181700   0.0323986947  -0.8386981863
      
      
#  type   0  conf  1.0000
   0.0010181700   0.0323986947  -0.8386981863
  -0.0090014778  -0.2864316670  -1.0334361529
      
      
#  type   0  conf  1.0000
  -0.0090014778  -0.2864316670  -1.0334361529
  -0.0228864262  -0.7282578887  -1.3808889256
      
      
#  type   0  conf  1.0000
  -0.0228864262  -0.7282578887  -1.3808889256
  -0.0348653664  -1.1094339462  -1.7250429342
      
      
#  type   0  conf  1.0000
  -0.0348653664  -1.1094339462  -1.7250429342
  -0.0359538159  -1.1440689720  -1.7610540441
      
      
#  type   0  conf  1.0000
  -0.0359538159  -1.1440689720  -1.7610540441
  -0.0924436921  -2.9416059785  -3.7895016722
      
      
#  type   0  conf  1.0000
  -0.0924436921  -2.9416059785  -3.7895016722
  -0.0929184857  -2.9567141551  -3.8414205561
      
      
#  type   0  conf  1.0000
  -0.0929184857  -2.9567141551  -3.8414205561
  -0.0874241864  -2.7818827188  -4.0500145692
      
      
#  type   0  conf  1.0000
  -0.0874241864  -2.7818827188  -4.0500145692
  -0.0842335540  -2.6803551495  -4.1203377576
      
      
#  type   0  conf  1.0000
  -0.0842335540  -2.6803551495  -4.1203377576
  -0.0744598945  -2.3693522606  -4.2818768698
      
      
#  type   0  conf  1.0000
  -0.0744598945  -2.3693522606  -4.2818768698
  -0.0477492208  -1.5194048411  -4.5872495471
      
      
#   5  norm     0.9992290362   -0.0392598158    0.0000000000
# nedges  23 
#  type   0  conf  1.0000
   0.0659383470   1.6782429998  -4.5905814741
   0.0983858623   2.5040874113  -4.2854420630
      
      
#  type   0  conf  1.0000
   0.0983858623   2.5040874113  -4.2854420630
   0.1009071172   2.5682576330  -4.2568286470
      
      
#  type   0  conf  1.0000
   0.1009071172   2.5682576330  -4.2568286470
   0.1223657686   3.1144167809  -3.9714951641
      
      
#  type   0  conf  1.0000
   0.1223657686   3.1144167809  -3.9714951641
   0.1222290989   3.1109383056  -3.8620105497
      
      
#  type   0  conf  1.0000
   0.1222290989   3.1109383056  -3.8620105497
   0.0496597276   1.2639244685  -1.7513201873
      
      
#  type   0  conf  1.0000
   0.0496597276   1.2639244685  -1.7513201873
   0.0486237974   1.2375582832  -1.7249721640
      
      
#  type   0  conf  1.0000
   0.0486237974   1.2375582832  -1.7249721640
   0.0336835048   0.8573024453  -1.3825846641
      
      
#  type   0  conf  1.0000
   0.0336835048   0.8573024453  -1.3825846641
   0.0161016416   0.4098141460  -1.0317782441
      
      
#  type   0  conf  1.0000
   0.0161016416   0.4098141460  -1.0317782441
   0.0035273968   0.0897782429  -0.8397500998
      
      
#  type   4  conf  0.0000
#  type   0  conf  1.0000
   0.0014434850   0.0367391473  -0.8385425683
  -0.0071332746  -0.1815539610  -0.9693329942
      
      
#  type   0  conf  1.0000
  -0.0071332746  -0.1815539610  -0.9693329942
  -0.0115439487  -0.2938131131  -1.0389478930
      
      
#  type   0  conf  1.0000
  -0.0115439487  -0.2938131131  -1.0389478930
  -0.0286299787  -0.7286816162  -1.3805679678
      
      
#  type   0  conf  1.0000
  -0.0286299787  -0.7286816162  -1.3805679678
  -0.0441074009  -1.1226083164  -1.7355283879
      
      
#  type   0  conf  1.0000
  -0.0441074009  -1.1226083164  -1.7355283879
  -0.1149580215  -2.9258770266  -3.7892199823
      
      
#  type   0  conf  1.0000
  -0.1149580215  -2.9258770266  -3.7892199823
  -0.1156946721  -2.9446260360  -3.8308739661
      
      
#  type   0  conf  1.0000
  -0.1156946721  -2.9446260360  -3.8308739661
  -0.1123918077  -2.8605625239  -3.9454385773
      
      
#  type   0  conf  1.0000
  -0.1123918077  -2.8605625239  -3.9454385773
  -0.1105110408  -2.8126938099  -3.9985440233
      
      
#  type   0  conf  1.0000
  -0.1105110408  -2.8126938099  -3.9985440233
  -0.1081331120  -2.7521714810  -4.0601276756
      
      
#  type   0  conf  1.0000
  -0.1081331120  -2.7521714810  -4.0601276756
  -0.1046460258  -2.6634192113  -4.1219820898
      
      
#  type   0  conf  1.0000
  -0.1046460258  -2.6634192113  -4.1219820898
  -0.0933188535  -2.3751234238  -4.2732818202
      
      
#  type   0  conf  1.0000
  -0.0933188535  -2.3751234238  -4.2732818202
  -0.0911764898  -2.3205966279  -4.2953840377
      
      
#  type   0  conf  1.0000
  -0.0911764898  -2.3205966279  -4.2953840377
  -0.0592447607  -1.5078798522  -4.5902381472
      
      
#   6  norm     0.9988898750   -0.0471064507   -0.0000000000
# nedges  22 
#  type   0  conf  1.0000
   0.0789178165   1.6734482569  -4.5896609024
   0.1144223033   2.4263190815  -4.3105155600
      
      
#  type   0  conf  1.0000
   0.1144223033   2.4263190815  -4.3105155600
   0.1193059467   2.5298764894  -4.2704661686
      
      
#  type   0  conf  1.0000
   0.1193059467   2.5298764894  -4.2704661686
   0.1460758336   3.0975305701  -3.9725948540
      
      
#  type   0  conf  1.0000
   0.1460758336   3.0975305701  -3.9725948540
   0.1459108176   3.0940314141  -3.8618278339
      
      
#  type   0  conf  1.0000
   0.1459108176   3.0940314141  -3.8618278339
   0.0602082017   1.2767118338  -1.7643128382
      
      
#  type   0  conf  1.0000
   0.0602082017   1.2767118338  -1.7643128382
   0.0590009414   1.2511119401  -1.7359748114
      
      
#  type   0  conf  1.0000
   0.0590009414   1.2511119401  -1.7359748114
   0.0406057527   0.8610429068  -1.3848798334
      
      
#  type   0  conf  1.0000
   0.0406057527   0.8610429068  -1.3848798334
   0.0193843123   0.4110433498  -1.0322891486
      
      
#  type   0  conf  1.0000
   0.0193843123   0.4110433498  -1.0322891486
   0.0039401898   0.0835515227  -0.8358547232
      
      
#  type   0  conf  1.0000
   0.0039401898   0.0835515227  -0.8358547232
   0.0014974439   0.0317532209  -0.8390972920
      
      
#  type   0  conf  1.0000
   0.0014974439   0.0317532209  -0.8390972920
  -0.0135020161  -0.2863095596  -1.0329565577
      
      
#  type   0  conf  1.0000
  -0.0135020161  -0.2863095596  -1.0329565577
  -0.0344429055  -0.7303600472  -1.3811876612
      
      
#  type   0  conf  1.0000
  -0.0344429055  -0.7303600472  -1.3811876612
  -0.0522515277  -1.1079909693  -1.7212319983
      
      
#  type   0  conf  1.0000
  -0.0522515277  -1.1079909693  -1.7212319983
  -0.0534644079  -1.1337100326  -1.7464690281
      
      
#  type   0  conf  1.0000
  -0.0534644079  -1.1337100326  -1.7464690281
  -0.1376778404  -2.9194515557  -3.8006938043
      
      
#  type   0  conf  1.0000
  -0.1376778404  -2.9194515557  -3.8006938043
  -0.1377856167  -2.9217369460  -3.8401142957
      
      
#  type   0  conf  1.0000
  -0.1377856167  -2.9217369460  -3.8401142957
  -0.1335653031  -2.8322454118  -3.9660246646
      
      
#  type   0  conf  1.0000
  -0.1335653031  -2.8322454118  -3.9660246646
  -0.1288438604  -2.7321274611  -4.0630982567
      
      
#  type   0  conf  1.0000
  -0.1288438604  -2.7321274611  -4.0630982567
  -0.1251318707  -2.6534149103  -4.1202166122
      
      
#  type   0  conf  1.0000
  -0.1251318707  -2.6534149103  -4.1202166122
  -0.1120252096  -2.3754888325  -4.2672581689
      
      
#  type   0  conf  1.0000
  -0.1120252096  -2.3754888325  -4.2672581689
  -0.1101338361  -2.3353823549  -4.2860762209
      
      
#  type   0  conf  1.0000
  -0.1101338361  -2.3353823549  -4.2860762209
  -0.0708818438  -1.5030458687  -4.5903139468
      
      
#   7  norm     0.9984890975   -0.0549501799    0.0000000000
# nedges  22 
#  type   0  conf  1.0000
   0.0916417356   1.6652042629  -4.5901833550
   0.1378950075   2.5056635271  -4.2773954886
      
      
#  type   0  conf  1.0000
   0.1378950075   2.5056635271  -4.2773954886
   0.1691363602   3.0733441079  -3.9780542023
      
      
#  type   0  conf  1.0000
   0.1691363602   3.0733441079  -3.9780542023
   0.1695299996   3.0804968526  -3.9449293958
      
      
#  type   0  conf  1.0000
   0.1695299996   3.0804968526  -3.9449293958
   0.1689901991   3.0706882427  -3.8547918645
      
      
#  type   0  conf  1.0000
   0.1689901991   3.0706882427  -3.8547918645
   0.0702153679   1.2758698771  -1.7610979644
      
      
#  type   0  conf  1.0000
   0.0702153679   1.2758698771  -1.7610979644
   0.0687871037   1.2499171643  -1.7336756799
      
      
#  type   0  conf  1.0000
   0.0687871037   1.2499171643  -1.7336756799
   0.0473173317   0.8597940876  -1.3830608130
      
      
#  type   0  conf  1.0000
   0.0473173317   0.8597940876  -1.3830608130
   0.0226163773   0.4109578210  -1.0321759034
      
      
#  type   0  conf  1.0000
   0.0226163773   0.4109578210  -1.0321759034
   0.0048047874   0.0873068630  -0.8374329626
      
      
#  type   0  conf  1.0000
   0.0048047874   0.0873068630  -0.8374329626
   0.0017807346   0.0323573843  -0.8388031157
      
      
#  type   0  conf  1.0000
   0.0017807346   0.0323573843  -0.8388031157
  -0.0157585419  -0.2863454193  -1.0330097418
      
      
#  type   0  conf  1.0000
  -0.0157585419  -0.2863454193  -1.0330097418
  -0.0401372653  -0.7293264885  -1.3796158269
      
      
#  type   0  conf  1.0000
  -0.0401372653  -0.7293264885  -1.3796158269
  -0.0603353642  -1.0963422396  -1.7097460096
      
      
#  type   0  conf  1.0000
  -0.0603353642  -1.0963422396  -1.7097460096
  -0.0624206744  -1.1342340082  -1.7459955987
      
      
#  type   0  conf  1.0000
  -0.0624206744  -1.1342340082  -1.7459955987
  -0.1593114663  -2.8948178598  -3.7896658781
      
      
#  type   0  conf  1.0000
  -0.1593114663  -2.8948178598  -3.7896658781
  -0.1599418310  -2.9062720943  -3.8413099465
      
      
#  type   0  conf  1.0000
  -0.1599418310  -2.9062720943  -3.8413099465
  -0.1553306339  -2.8224829244  -3.9632205191
      
      
#  type   0  conf  1.0000
  -0.1553306339  -2.8224829244  -3.9632205191
  -0.1496197978  -2.7187124240  -4.0630226398
      
      
#  type   0  conf  1.0000
  -0.1496197978  -2.7187124240  -4.0630226398
  -0.1451560062  -2.6376017307  -4.1215028968
      
      
#  type   0  conf  1.0000
  -0.1451560062  -2.6376017307  -4.1215028968
  -0.1306396082  -2.3738270682  -4.2629854145
      
      
#  type   0  conf  1.0000
  -0.1306396082  -2.3738270682  -4.2629854145
  -0.1277980206  -2.3221931295  -4.2874169528
      
      
#  type   0  conf  1.0000
  -0.1277980206  -2.3221931295  -4.2874169528
  -0.0824989901  -1.4990732017  -4.5905438224
      
      
#   8  norm     0.9980267284   -0.0627905195   -0.0000000000
# nedges  20 
#  type   0  conf  1.0000
   0.1044930238   1.6608690526  -4.5899975829
   0.1568675574   2.4933384256  -4.2777530876
      
      
#  type   0  conf  1.0000
   0.1568675574   2.4933384256  -4.2777530876
   0.1925728392   3.0608576278  -3.9757193232
      
      
#  type   0  conf  1.0000
   0.1925728392   3.0608576278  -3.9757193232
   0.1927110077   3.0630537530  -3.8629086477
      
      
#  type   0  conf  1.0000
   0.1927110077   3.0630537530  -3.8629086477
   0.0789720637   1.2552250073  -1.7367879384
      
      
#  type   0  conf  1.0000
   0.0789720637   1.2552250073  -1.7367879384
   0.0541497209   0.8606851667  -1.3831126526
      
      
#  type   0  conf  1.0000
   0.0541497209   0.8606851667  -1.3831126526
   0.0260707064   0.4143820123  -1.0342417223
      
      
#  type   0  conf  1.0000
   0.0260707064   0.4143820123  -1.0342417223
   0.0058755410   0.0933890507  -0.8405838268
      
      
#  type   0  conf  1.0000
   0.0058755410   0.0933890507  -0.8405838268
   0.0022604183   0.0359283201  -0.8369916499
      
      
#  type   0  conf  1.0000
   0.0022604183   0.0359283201  -0.8369916499
  -0.0178459653  -0.2836534955  -1.0309024052
      
      
#  type   0  conf  1.0000
  -0.0178459653  -0.2836534955  -1.0309024052
  -0.0459701782  -0.7306750581  -1.3802896211
      
      
#  type   0  conf  1.0000
  -0.0459701782  -0.7306750581  -1.3802896211
  -0.0689919822  -1.0965961552  -1.7093048856
      
      
#  type   0  conf  1.0000
  -0.0689919822  -1.0965961552  -1.7093048856
  -0.0712839122  -1.1330253392  -1.7437822462
      
      
#  type   0  conf  1.0000
  -0.0712839122  -1.1330253392  -1.7437822462
  -0.1810514653  -2.8777306344  -3.7892328700
      
      
#  type   0  conf  1.0000
  -0.1810514653  -2.8777306344  -3.7892328700
  -0.1818498145  -2.8904200317  -3.8399253431
      
      
#  type   0  conf  1.0000
  -0.1818498145  -2.8904200317  -3.8399253431
  -0.1768910741  -2.8116031097  -3.9607926154
      
      
#  type   0  conf  1.0000
  -0.1768910741  -2.8116031097  -3.9607926154
  -0.1697661415  -2.6983555491  -4.0670370598
      
      
#  type   0  conf  1.0000
  -0.1697661415  -2.6983555491  -4.0670370598
  -0.1651096879  -2.6243433381  -4.1213785536
      
      
#  type   0  conf  1.0000
  -0.1651096879  -2.6243433381  -4.1213785536
  -0.1475929768  -2.3459231880  -4.2710967489
      
      
#  type   0  conf  1.0000
  -0.1475929768  -2.3459231880  -4.2710967489
  -0.1443450863  -2.2942994467  -4.2936431865
      
      
#  type   0  conf  1.0000
  -0.1443450863  -2.2942994467  -4.2936431865
  -0.0941370872  -1.4962661537  -4.5902473252
      
      
#   9  norm     0.9975027964   -0.0706269859    0.0000000000
# nedges  18 
#  type   0  conf  1.0000
   0.1171146090   1.6540724257  -4.5904313455
   0.1751511708   2.4737539115  -4.2809039139
      
      
#  type   0  conf  1.0000
   0.1751511708   2.4737539115  -4.2809039139
   0.1824557308   2.5769201292  -4.2271667391
      
      
#  type   0  conf  1.0000
   0.1824557308   2.5769201292  -4.2271667391
   0.2158437742   3.0484773701  -3.9719371593
      
      
#  type   0  conf  1.0000
   0.2158437742   3.0484773701  -3.9719371593
   0.2155193088   3.0438947710  -3.8597213474
      
      
#  type   0  conf  1.0000
   0.2155193088   3.0438947710  -3.8597213474
   0.0888981614   1.2555564049  -1.7360340047
      
      
#  type   0  conf  1.0000
   0.0888981614   1.2555564049  -1.7360340047
   0.0609202277   0.8604090444  -1.3822219152
      
      
#  type   0  conf  1.0000
   0.0609202277   0.8604090444  -1.3822219152
   0.0291359415   0.4115025258  -1.0318969253
      
      
#  type   0  conf  1.0000
   0.0291359415   0.4115025258  -1.0318969253
   0.0061549059   0.0869290373  -0.8370443394
      
      
#  type   0  conf  1.0000
   0.0061549059   0.0869290373  -0.8370443394
   0.0022765797   0.0321533555  -0.8389506487
      
      
#  type   0  conf  1.0000
   0.0022765797   0.0321533555  -0.8389506487
  -0.0203825328  -0.2878734415  -1.0337437301
      
      
#  type   0  conf  1.0000
  -0.0203825328  -0.2878734415  -1.0337437301
  -0.0517457835  -0.7308334492  -1.3800413430
      
      
#  type   0  conf  1.0000
  -0.0517457835  -0.7308334492  -1.3800413430
  -0.0798109723  -1.1272131614  -1.7359922539
      
      
#  type   0  conf  1.0000
  -0.0798109723  -1.1272131614  -1.7359922539
  -0.2041668870  -2.8835584310  -3.8148459679
      
      
#  type   0  conf  1.0000
  -0.2041668870  -2.8835584310  -3.8148459679
  -0.1983950750  -2.8020400345  -3.9597496600
      
      
#  type   0  conf  1.0000
  -0.1983950750  -2.8020400345  -3.9597496600
  -0.1860392355  -2.6275318874  -4.1117954063
      
      
#  type   0  conf  1.0000
  -0.1860392355  -2.6275318874  -4.1117954063
  -0.1651490468  -2.3324885494  -4.2727016951
      
      
#  type   0  conf  1.0000
  -0.1651490468  -2.3324885494  -4.2727016951
  -0.1613998911  -2.2795372142  -4.2951869246
      
      
#  type   0  conf  1.0000
  -0.1613998911  -2.2795372142  -4.2951869246
  -0.1058947815  -1.4956087861  -4.5897935048
      
      
#  10  norm     0.9969173337   -0.0784590957    0.0000000000
# nedges  18 
#  type   0  conf  1.0000
   0.1299724648   1.6514567481  -4.5895214014
   0.1944392297   2.4705846617  -4.2778106893
      
      
#  type   0  conf  1.0000
   0.1944392297   2.4705846617  -4.2778106893
   0.2383233693   3.0281855242  -3.9749150802
      
      
#  type   0  conf  1.0000
   0.2383233693   3.0281855242  -3.9749150802
   0.2383832713   3.0289466511  -3.8621065842
      
      
#  type   0  conf  1.0000
   0.2383832713   3.0289466511  -3.8621065842
   0.0989742845   1.2575875224  -1.7372508499
      
      
#  type   0  conf  1.0000
   0.0989742845   1.2575875224  -1.7372508499
   0.0680331683   0.8644433655  -1.3849884085
      
      
#  type   0  conf  1.0000
   0.0680331683   0.8644433655  -1.3849884085
   0.0325516034   0.4136073377  -1.0330722622
      
      
#  type   0  conf  1.0000
   0.0325516034   0.4136073377  -1.0330722622
   0.0068967313   0.0876312805  -0.8374141947
      
      
#  type   0  conf  1.0000
   0.0068967313   0.0876312805  -0.8374141947
   0.0025876260   0.0328789056  -0.8387984454
      
      
#  type   0  conf  1.0000
   0.0025876260   0.0328789056  -0.8387984454
  -0.0225772282  -0.2868708839  -1.0329796911
      
      
#  type   0  conf  1.0000
  -0.0225772282  -0.2868708839  -1.0329796911
  -0.0576971614  -0.7331119450  -1.3815179699
      
      
#  type   0  conf  1.0000
  -0.0576971614  -0.7331119450  -1.3815179699
  -0.0854281064  -1.0854670105  -1.6980182248
      
      
#  type   0  conf  1.0000
  -0.0854281064  -1.0854670105  -1.6980182248
  -0.0891450760  -1.1326955869  -1.7417001434
      
      
#  type   0  conf  1.0000
  -0.0891450760  -1.1326955869  -1.7417001434
  -0.2241859359  -2.8485524003  -3.7931370803
      
      
#  type   0  conf  1.0000
  -0.2241859359  -2.8485524003  -3.7931370803
  -0.2249271158  -2.8579699841  -3.8413255857
      
      
#  type   0  conf  1.0000
  -0.2249271158  -2.8579699841  -3.8413255857
  -0.2192682015  -2.7860666601  -3.9610441216
      
      
#  type   0  conf  1.0000
  -0.2192682015  -2.7860666601  -3.9610441216
  -0.2064372885  -2.6230344535  -4.1051372777
      
      
#  type   0  conf  1.0000
  -0.2064372885  -2.6230344535  -4.1051372777
  -0.1815946582  -2.3073789066  -4.2806815500
      
      
#  type   0  conf  1.0000
  -0.1815946582  -2.3073789066  -4.2806815500
  -0.1180468022  -1.4999268372  -4.5867773303
      
      
#  11  norm     0.9962703765   -0.0862863658    0.0000000000
# nedges  20 
#  type   0  conf  1.0000
   0.1447645500   1.6714649115  -4.5802933645
   0.2051042925   2.3681531701  -4.3122935044
      
      
#  type   0  conf  1.0000
   0.2051042925   2.3681531701  -4.3122935044
   0.2142100983   2.4732896481  -4.2696094951
      
      
#  type   0  conf  1.0000
   0.2142100983   2.4732896481  -4.2696094951
   0.2609623673   3.0130956784  -3.9722842716
      
      
#  type   0  conf  1.0000
   0.2609623673   3.0130956784  -3.9722842716
   0.2605942310   3.0088451430  -3.8601419502
      
      
#  type   0  conf  1.0000
   0.2605942310   3.0088451430  -3.8601419502
   0.1103088325   1.2736360038  -1.7551898748
      
      
#  type   0  conf  1.0000
   0.1103088325   1.2736360038  -1.7551898748
   0.1081156114   1.2483128688  -1.7281646645
      
      
#  type   0  conf  1.0000
   0.1081156114   1.2483128688  -1.7281646645
   0.0745015591   0.8602019066  -1.3809072335
      
      
#  type   0  conf  1.0000
   0.0745015591   0.8602019066  -1.3809072335
   0.0356565751   0.4116941202  -1.0316212264
      
      
#  type   0  conf  1.0000
   0.0356565751   0.4116941202  -1.0316212264
   0.0080552063   0.0930061580  -0.8405443294
      
      
#  type   0  conf  1.0000
   0.0080552063   0.0930061580  -0.8405443294
   0.0031124866   0.0359370584  -0.8370222687
      
      
#  type   0  conf  1.0000
   0.0031124866   0.0359370584  -0.8370222687
  -0.0248424490  -0.2868332189  -1.0327884117
      
      
#  type   0  conf  1.0000
  -0.0248424490  -0.2868332189  -1.0327884117
  -0.0635040462  -0.7332236030  -1.3815233835
      
      
#  type   0  conf  1.0000
  -0.0635040462  -0.7332236030  -1.3815233835
  -0.0968485886  -1.1182227803  -1.7268742787
      
      
#  type   0  conf  1.0000
  -0.0968485886  -1.1182227803  -1.7268742787
  -0.0995494526  -1.1494072064  -1.7610108355
      
      
#  type   0  conf  1.0000
  -0.0995494526  -1.1494072064  -1.7610108355
  -0.2470185418  -2.8520989767  -3.8192543218
      
      
#  type   0  conf  1.0000
  -0.2470185418  -2.8520989767  -3.8192543218
  -0.2401366675  -2.7726402191  -3.9605797039
      
      
#  type   0  conf  1.0000
  -0.2401366675  -2.7726402191  -3.9605797039
  -0.2249927168  -2.5977867608  -4.1117094453
      
      
#  type   0  conf  1.0000
  -0.2249927168  -2.5977867608  -4.1117094453
  -0.2008099288  -2.3185700494  -4.2671510931
      
      
#  type   0  conf  1.0000
  -0.2008099288  -2.3185700494  -4.2671510931
  -0.1983665607  -2.2903586941  -4.2815647791
      
      
#  type   0  conf  1.0000
  -0.1983665607  -2.2903586941  -4.2815647791
  -0.1296444695  -1.4968870598  -4.5885205301
      
      
#  12  norm     0.9955619646   -0.0941083133    0.0000000000
# nedges  19 
#  type   0  conf  1.0000
   0.1568676957   1.6594868803  -4.5835155763
   0.2310074146   2.4438031820  -4.2780524782
      
      
#  type   0  conf  1.0000
   0.2310074146   2.4438031820  -4.2780524782
   0.2825642388   2.9892174109  -3.9760190952
      
      
#  type   0  conf  1.0000
   0.2825642388   2.9892174109  -3.9760190952
   0.2829374840   2.9931659334  -3.8641133337
      
      
#  type   0  conf  1.0000
   0.2829374840   2.9931659334  -3.8641133337
   0.1202213795   1.2718093496  -1.7517509650
      
      
#  type   0  conf  1.0000
   0.1202213795   1.2718093496  -1.7517509650
   0.1174035804   1.2420001490  -1.7218980781
      
      
#  type   0  conf  1.0000
   0.1174035804   1.2420001490  -1.7218980781
   0.0814938322   0.8621146937  -1.3820993375
      
      
#  type   0  conf  1.0000
   0.0814938322   0.8621146937  -1.3820993375
   0.0390504489   0.4131105984  -1.0322394493
      
      
#  type   0  conf  1.0000
   0.0390504489   0.4131105984  -1.0322394493
   0.0082918813   0.0877189420  -0.8374243972
      
      
#  type   0  conf  1.0000
   0.0082918813   0.0877189420  -0.8374243972
   0.0030916325   0.0327060558  -0.8387811363
      
      
#  type   0  conf  1.0000
   0.0030916325   0.0327060558  -0.8387811363
  -0.0272609190  -0.2883903997  -1.0339580196
      
      
#  type   0  conf  1.0000
  -0.0272609190  -0.2883903997  -1.0339580196
  -0.0694227986  -0.7344164961  -1.3820723212
      
      
#  type   0  conf  1.0000
  -0.0694227986  -0.7344164961  -1.3820723212
  -0.1053482708  -1.1144682948  -1.7229479971
      
      
#  type   0  conf  1.0000
  -0.1053482708  -1.1144682948  -1.7229479971
  -0.1078072322  -1.1404813894  -1.7492181577
      
      
#  type   0  conf  1.0000
  -0.1078072322  -1.1404813894  -1.7492181577
  -0.2664705537  -2.8189640066  -3.8010905335
      
      
#  type   0  conf  1.0000
  -0.2664705537  -2.8189640066  -3.8010905335
  -0.2666951554  -2.8213400439  -3.8415508231
      
      
#  type   0  conf  1.0000
  -0.2666951554  -2.8213400439  -3.8415508231
  -0.2608390045  -2.7593884391  -3.9598143190
      
      
#  type   0  conf  1.0000
  -0.2608390045  -2.7593884391  -3.9598143190
  -0.2438532279  -2.5796976912  -4.1127420336
      
      
#  type   0  conf  1.0000
  -0.2438532279  -2.5796976912  -4.1127420336
  -0.2159230423  -2.2842271912  -4.2792209062
      
      
#  type   0  conf  1.0000
  -0.2159230423  -2.2842271912  -4.2792209062
  -0.1420328587  -1.5025506975  -4.5853448128
      
      
#  13  norm     0.9947921418   -0.1019244558    0.0000000000
# nedges  17 
#  type   0  conf  1.0000
   0.1680085565   1.6397790939  -4.5898041514
   0.2493303226   2.4334870728  -4.2767824979
      
      
#  type   0  conf  1.0000
   0.2493303226   2.4334870728  -4.2767824979
   0.3046700095   2.9736075500  -3.9733329420
      
      
#  type   0  conf  1.0000
   0.3046700095   2.9736075500  -3.9733329420
   0.3043892496   2.9708673071  -3.8597067748
      
      
#  type   0  conf  1.0000
   0.3043892496   2.9708673071  -3.8597067748
   0.1296465166   1.2653620266  -1.7424916782
      
      
#  type   0  conf  1.0000
   0.1296465166   1.2653620266  -1.7424916782
   0.0884037635   0.8628289314  -1.3821749692
      
      
#  type   0  conf  1.0000
   0.0884037635   0.8628289314  -1.3821749692
   0.0422963742   0.4128165351  -1.0318122420
      
      
#  type   0  conf  1.0000
   0.0422963742   0.4128165351  -1.0318122420
   0.0089223814   0.0870832697  -0.8370445719
      
      
#  type   0  conf  1.0000
   0.0089223814   0.0870832697  -0.8370445719
   0.0033615459   0.0328089998  -0.8389071459
      
      
#  type   0  conf  1.0000
   0.0033615459   0.0328089998  -0.8389071459
  -0.0293502016  -0.2864606899  -1.0326652500
      
      
#  type   0  conf  1.0000
  -0.0293502016  -0.2864606899  -1.0326652500
  -0.0756355079  -0.7382095723  -1.3850041480
      
      
#  type   0  conf  1.0000
  -0.0756355079  -0.7382095723  -1.3850041480
  -0.1163092803  -1.1351893629  -1.7417159609
      
      
#  type   0  conf  1.0000
  -0.1163092803  -1.1351893629  -1.7417159609
  -0.2858469996  -2.7898932272  -3.7879518210
      
      
#  type   0  conf  1.0000
  -0.2858469996  -2.7898932272  -3.7879518210
  -0.2878566885  -2.8095079780  -3.8295605010
      
      
#  type   0  conf  1.0000
  -0.2878566885  -2.8095079780  -3.8295605010
  -0.2811382488  -2.7439353828  -3.9605938436
      
      
#  type   0  conf  1.0000
  -0.2811382488  -2.7439353828  -3.9605938436
  -0.2623356278  -2.5604200580  -4.1145710999
      
      
#  type   0  conf  1.0000
  -0.2623356278  -2.5604200580  -4.1145710999
  -0.2326102131  -2.2702972535  -4.2796068915
      
      
#  type   0  conf  1.0000
  -0.2326102131  -2.2702972535  -4.2796068915
  -0.1535993336  -1.4991437422  -4.5858687035
      
      
#  14  norm     0.9939609555   -0.1097343111    0.0000000000
# nedges  18 
#  type   0  conf  1.0000
   0.1809155386   1.6387124487  -4.5892089472
   0.2671174898   2.4195199544  -4.2768452346
      
      
#  type   0  conf  1.0000
   0.2671174898   2.4195199544  -4.2768452346
   0.3259058523   2.9520182807  -3.9747968171
      
      
#  type   0  conf  1.0000
   0.3259058523   2.9520182807  -3.9747968171
   0.3262373902   2.9550213137  -3.8649787030
      
      
#  type   0  conf  1.0000
   0.3262373902   2.9550213137  -3.8649787030
   0.1473111384   1.3343275991  -1.8271165983
      
      
#  type   0  conf  1.0000
   0.1473111384   1.3343275991  -1.8271165983
   0.1387373007   1.2566667488  -1.7340742798
      
      
#  type   0  conf  1.0000
   0.1387373007   1.2566667488  -1.7340742798
   0.0951088307   0.8614850117  -1.3807868713
      
      
#  type   0  conf  1.0000
   0.0951088307   0.8614850117  -1.3807868713
   0.0457513028   0.4144101165  -1.0328494998
      
      
#  type   0  conf  1.0000
   0.0457513028   0.4144101165  -1.0328494998
   0.0096167506   0.0871074375  -0.8370147256
      
      
#  type   0  conf  1.0000
   0.0096167506   0.0871074375  -0.8370147256
   0.0036672878   0.0332178772  -0.8389252941
      
      
#  type   0  conf  1.0000
   0.0036672878   0.0332178772  -0.8389252941
  -0.0317027713  -0.2871601097  -1.0330240787
      
      
#  type   0  conf  1.0000
  -0.0317027713  -0.2871601097  -1.0330240787
  -0.0814840749  -0.7380735173  -1.3847523130
      
      
#  type   0  conf  1.0000
  -0.0814840749  -0.7380735173  -1.3847523130
  -0.1233767074  -1.1175322356  -1.7253961697
      
      
#  type   0  conf  1.0000
  -0.1233767074  -1.1175322356  -1.7253961697
  -0.1295344001  -1.1733079183  -1.7878789192
      
      
#  type   0  conf  1.0000
  -0.1295344001  -1.1733079183  -1.7878789192
  -0.3086865491  -2.7960477831  -3.8193878008
      
      
#  type   0  conf  1.0000
  -0.3086865491  -2.7960477831  -3.8193878008
  -0.3012618065  -2.7287953058  -3.9605337616
      
      
#  type   0  conf  1.0000
  -0.3012618065  -2.7287953058  -3.9605337616
  -0.2808933313  -2.5442999660  -4.1140539800
      
      
#  type   0  conf  1.0000
  -0.2808933313  -2.5442999660  -4.1140539800
  -0.2495317074  -2.2602299299  -4.2782802719
      
      
#  type   0  conf  1.0000
  -0.2495317074  -2.2602299299  -4.2782802719
  -0.1654997413  -1.4990779037  -4.5857835405
      
      
#  15  norm     0.9930684570   -0.1175373975    0.0000000000
# nedges  18 
#  type   0  conf  1.0000
   0.1938573553   1.6378925251  -4.5884435498
   0.2850784415   2.4086155906  -4.2759966029
      
      
#  type   0  conf  1.0000
   0.2850784415   2.4086155906  -4.2759966029
   0.3473671623   2.9348903354  -3.9739413374
      
      
#  type   0  conf  1.0000
   0.3473671623   2.9348903354  -3.9739413374
   0.3473239549   2.9345252778  -3.8614765913
      
      
#  type   0  conf  1.0000
   0.3473239549   2.9345252778  -3.8614765913
   0.1578531085   1.3336941799  -1.8258542217
      
      
#  type   0  conf  1.0000
   0.1578531085   1.3336941799  -1.8258542217
   0.1485663619   1.2552308536  -1.7327491674
      
      
#  type   0  conf  1.0000
   0.1485663619   1.2552308536  -1.7327491674
   0.1019828435   0.8616486945  -1.3808986696
      
      
#  type   0  conf  1.0000
   0.1019828435   0.8616486945  -1.3808986696
   0.0488497213   0.4127292115  -1.0317794757
      
      
#  type   0  conf  1.0000
   0.0488497213   0.4127292115  -1.0317794757
   0.0103267281   0.0872500855  -0.8368726266
      
      
#  type   0  conf  1.0000
   0.0103267281   0.0872500855  -0.8368726266
   0.0038433238   0.0324720790  -0.8392179927
      
      
#  type   0  conf  1.0000
   0.0038433238   0.0324720790  -0.8392179927
  -0.0341592891  -0.2886103762  -1.0342099445
      
      
#  type   0  conf  1.0000
  -0.0341592891  -0.2886103762  -1.0342099445
  -0.0872703809  -0.7373437253  -1.3841359592
      
      
#  type   0  conf  1.0000
  -0.0872703809  -0.7373437253  -1.3841359592
  -0.1349781985  -1.1404250406  -1.7459082252
      
      
#  type   0  conf  1.0000
  -0.1349781985  -1.1404250406  -1.7459082252
  -0.3250950077  -2.7467138513  -3.7789910006
      
      
#  type   0  conf  1.0000
  -0.3250950077  -2.7467138513  -3.7789910006
  -0.3282481812  -2.7733548801  -3.8279100958
      
      
#  type   0  conf  1.0000
  -0.3282481812  -2.7733548801  -3.8279100958
  -0.3214158974  -2.7156292051  -3.9598600372
      
      
#  type   0  conf  1.0000
  -0.3214158974  -2.7156292051  -3.9598600372
  -0.2987787991  -2.5243693272  -4.1167305654
      
      
#  type   0  conf  1.0000
  -0.2987787991  -2.5243693272  -4.1167305654
  -0.2662050067  -2.2491547453  -4.2774740149
      
      
#  type   0  conf  1.0000
  -0.2662050067  -2.2491547453  -4.2774740149
  -0.1774842871  -1.4995571706  -4.5858727748
      
      
#  16  norm     0.9921147013   -0.1253332336    0.0000000000
# nedges  18 
#  type   0  conf  1.0000
   0.2066887736   1.6361101129  -4.5881662860
   0.3025306235   2.3947764743  -4.2758875624
      
      
#  type   0  conf  1.0000
   0.3025306235   2.3947764743  -4.2758875624
   0.3683619160   2.9158848129  -3.9735626411
      
      
#  type   0  conf  1.0000
   0.3683619160   2.9158848129  -3.9735626411
   0.3681291394   2.9140421962  -3.8599028578
      
      
#  type   0  conf  1.0000
   0.3681291394   2.9140421962  -3.8599028578
   0.1795512835   1.4212947590  -1.9380454179
      
      
#  type   0  conf  1.0000
   0.1795512835   1.4212947590  -1.9380454179
   0.1588705801   1.2575901350  -1.7347903969
      
      
#  type   0  conf  1.0000
   0.1588705801   1.2575901350  -1.7347903969
   0.1088475385   0.8616169872  -1.3809020311
      
      
#  type   0  conf  1.0000
   0.1088475385   0.8616169872  -1.3809020311
   0.0523685189   0.4145395121  -1.0327392307
      
      
#  type   0  conf  1.0000
   0.0523685189   0.4145395121  -1.0327392307
   0.0109715019   0.0868483800  -0.8367958769
      
      
#  type   0  conf  1.0000
   0.0109715019   0.0868483800  -0.8367958769
   0.0040922603   0.0323935756  -0.8393344567
      
      
#  type   0  conf  1.0000
   0.0040922603   0.0323935756  -0.8393344567
  -0.0362732177  -0.2871320838  -1.0331364031
      
      
#  type   0  conf  1.0000
  -0.0362732177  -0.2871320838  -1.0331364031
  -0.0928701158  -0.7351426637  -1.3825597804
      
      
#  type   0  conf  1.0000
  -0.0928701158  -0.7351426637  -1.3825597804
  -0.1446120900  -1.1447225643  -1.7500336773
      
      
#  type   0  conf  1.0000
  -0.1446120900  -1.1447225643  -1.7500336773
  -0.3451045316  -2.7317836586  -3.7842304583
      
      
#  type   0  conf  1.0000
  -0.3451045316  -2.7317836586  -3.7842304583
  -0.3478966742  -2.7538857428  -3.8298912198
      
      
#  type   0  conf  1.0000
  -0.3478966742  -2.7538857428  -3.8298912198
  -0.3411108025  -2.7001700375  -3.9596062276
      
      
#  type   0  conf  1.0000
  -0.3411108025  -2.7001700375  -3.9596062276
  -0.3167980187  -2.5077145361  -4.1165226796
      
      
#  type   0  conf  1.0000
  -0.3167980187  -2.5077145361  -4.1165226796
  -0.2822575615  -2.2342986639  -4.2780207635
      
      
#  type   0  conf  1.0000
  -0.2822575615  -2.2342986639  -4.2780207635
  -0.1894413334  -1.4995825652  -4.5852976138
      
      
#  17  norm     0.9910997474   -0.1331213385   -0.0000000000
# nedges  17 
#  type   0  conf  1.0000
   0.2194356960   1.6337175187  -4.5885262457
   0.3199446705   2.3820154276  -4.2750965243
      
      
#  type   0  conf  1.0000
   0.3199446705   2.3820154276  -4.2750965243
   0.3881558552   2.8898535301  -3.9780506262
      
      
#  type   0  conf  1.0000
   0.3881558552   2.8898535301  -3.9780506262
   0.3891725894   2.8974232027  -3.9424801743
      
      
#  type   0  conf  1.0000
   0.3891725894   2.8974232027  -3.9424801743
   0.3886069808   2.8932121986  -3.8572860098
      
      
#  type   0  conf  1.0000
   0.3886069808   2.8932121986  -3.8572860098
   0.1720900087   1.2812248285  -1.7563132346
      
      
#  type   0  conf  1.0000
   0.1720900087   1.2812248285  -1.7563132346
   0.1158160645   0.8622605023  -1.3813582093
      
      
#  type   0  conf  1.0000
   0.1158160645   0.8622605023  -1.3813582093
   0.0555688866   0.4137151116  -1.0323224970
      
      
#  type   0  conf  1.0000
   0.0555688866   0.4137151116  -1.0323224970
   0.0117503779   0.0874825682  -0.8370241530
      
      
#  type   0  conf  1.0000
   0.0117503779   0.0874825682  -0.8370241530
   0.0044346045   0.0330160100  -0.8390848670
      
      
#  type   0  conf  1.0000
   0.0044346045   0.0330160100  -0.8390848670
  -0.0385166108  -0.2867594603  -1.0329636300
      
      
#  type   0  conf  1.0000
  -0.0385166108  -0.2867594603  -1.0329636300
  -0.0985251996  -0.7335285348  -1.3814284295
      
      
#  type   0  conf  1.0000
  -0.0985251996  -0.7335285348  -1.3814284295
  -0.1542602630  -1.1484808475  -1.7535860933
      
      
#  type   0  conf  1.0000
  -0.1542602630  -1.1484808475  -1.7535860933
  -0.3680235725  -2.7399669640  -3.8186303293
      
      
#  type   0  conf  1.0000
  -0.3680235725  -2.7399669640  -3.8186303293
  -0.3605953861  -2.6846634806  -3.9601380074
      
      
#  type   0  conf  1.0000
  -0.3605953861  -2.6846634806  -3.9601380074
  -0.3342347252  -2.4884061067  -4.1185459189
      
      
#  type   0  conf  1.0000
  -0.3342347252  -2.4884061067  -4.1185459189
  -0.2985159591  -2.2224768390  -4.2773808768
      
      
#  type   0  conf  1.0000
  -0.2985159591  -2.2224768390  -4.2773808768
  -0.2012935171  -1.4986474456  -4.5855179184
      
      
#  18  norm     0.9900236577   -0.1409012319    0.0000000000
# nedges  18 
#  type   0  conf  1.0000
   0.2329560506   1.6368345268  -4.5865055041
   0.3373423135   2.3702906394  -4.2741234005
      
      
#  type   0  conf  1.0000
   0.3373423135   2.3702906394  -4.2741234005
   0.4094824154   2.8771734149  -3.9731927446
      
      
#  type   0  conf  1.0000
   0.4094824154   2.8771734149  -3.9731927446
   0.4090294651   2.8739908203  -3.8575035745
      
      
#  type   0  conf  1.0000
   0.4090294651   2.8739908203  -3.8575035745
   0.1829288051   1.2853247781  -1.7600241586
      
      
#  type   0  conf  1.0000
   0.1829288051   1.2853247781  -1.7600241586
   0.1231213619   0.8650957792  -1.3839479476
      
      
#  type   0  conf  1.0000
   0.1231213619   0.8650957792  -1.3839479476
   0.0590320188   0.4147805837  -1.0331652082
      
      
#  type   0  conf  1.0000
   0.0590320188   0.4147805837  -1.0331652082
   0.0126662334   0.0889975948  -0.8377785228
      
      
#  type   0  conf  1.0000
   0.0126662334   0.0889975948  -0.8377785228
   0.0048552204   0.0341145565  -0.8383253110
      
      
#  type   0  conf  1.0000
   0.0048552204   0.0341145565  -0.8383253110
  -0.0407691982  -0.2864593177  -1.0328378414
      
      
#  type   0  conf  1.0000
  -0.0407691982  -0.2864593177  -1.0328378414
  -0.1044592774  -0.7339691393  -1.3818970060
      
      
#  type   0  conf  1.0000
  -0.1044592774  -0.7339691393  -1.3818970060
  -0.1640833147  -1.1529094610  -1.7579230159
      
      
#  type   0  conf  1.0000
  -0.1640833147  -1.1529094610  -1.7579230159
  -0.3826212557  -2.6884370694  -3.7762453822
      
      
#  type   0  conf  1.0000
  -0.3826212557  -2.6884370694  -3.7762453822
  -0.3867103902  -2.7171688264  -3.8291304612
      
      
#  type   0  conf  1.0000
  -0.3867103902  -2.7171688264  -3.8291304612
  -0.3798577313  -2.6690195349  -3.9603429049
      
      
#  type   0  conf  1.0000
  -0.3798577313  -2.6690195349  -3.9603429049
  -0.3514838874  -2.4696545165  -4.1201485626
      
      
#  type   0  conf  1.0000
  -0.3514838874  -2.4696545165  -4.1201485626
  -0.3166045999  -2.2245798686  -4.2676260769
      
      
#  type   0  conf  1.0000
  -0.3166045999  -2.2245798686  -4.2676260769
  -0.3129702188  -2.1990433760  -4.2813711483
      
      
#  type   0  conf  1.0000
  -0.3129702188  -2.1990433760  -4.2813711483
  -0.2126595713  -1.4942240297  -4.5873879899
      
      
#  19  norm     0.9888864987   -0.1486724339   -0.0000000000
# nedges  17 
#  type   0  conf  1.0000
   0.2450894811   1.6301991734  -4.5887408748
   0.3542198363   2.3560737157  -4.2735861736
      
      
#  type   0  conf  1.0000
   0.3542198363   2.3560737157  -4.2735861736
   0.4294873972   2.8567117474  -3.9728680092
      
      
#  type   0  conf  1.0000
   0.4294873972   2.8567117474  -3.9728680092
   0.4288288162   2.8523312328  -3.8589493407
      
      
#  type   0  conf  1.0000
   0.4288288162   2.8523312328  -3.8589493407
   0.2292064521   1.5245540817  -2.0739804920
      
      
#  type   0  conf  1.0000
   0.2292064521   1.5245540817  -2.0739804920
   0.1893976679   1.2597681481  -1.7377006435
      
      
#  type   0  conf  1.0000
   0.1893976679   1.2597681481  -1.7377006435
   0.1298976153   0.8640068280  -1.3831107197
      
      
#  type   0  conf  1.0000
   0.1298976153   0.8640068280  -1.3831107197
   0.0622004262   0.4137227060  -1.0323161937
      
      
#  type   0  conf  1.0000
   0.0622004262   0.4137227060  -1.0323161937
   0.0131106530   0.0872047857  -0.8368947126
      
      
#  type   0  conf  1.0000
   0.0131106530   0.0872047857  -0.8368947126
   0.0048584647   0.0323158102  -0.8395561353
      
      
#  type   0  conf  1.0000
   0.0048584647   0.0323158102  -0.8395561353
  -0.0429538605  -0.2857052355  -1.0324751450
      
      
#  type   0  conf  1.0000
  -0.0429538605  -0.2857052355  -1.0324751450
  -0.1104572920  -0.7347005887  -1.3828283351
      
      
#  type   0  conf  1.0000
  -0.1104572920  -0.7347005887  -1.3828283351
  -0.1741056757  -1.1580543049  -1.7629947701
      
      
#  type   0  conf  1.0000
  -0.1741056757  -1.1580543049  -1.7629947701
  -0.4058557055  -2.6995268530  -3.8178472355
      
      
#  type   0  conf  1.0000
  -0.4058557055  -2.6995268530  -3.8178472355
  -0.3990236288  -2.6540836714  -3.9588296086
      
      
#  type   0  conf  1.0000
  -0.3990236288  -2.6540836714  -3.9588296086
  -0.3690557047  -2.4547536760  -4.1179695420
      
      
#  type   0  conf  1.0000
  -0.3690557047  -2.4547536760  -4.1179695420
  -0.3299518863  -2.1946567836  -4.2771718830
      
      
#  type   0  conf  1.0000
  -0.3299518863  -2.1946567836  -4.2771718830
  -0.2251962872  -1.4978806905  -4.5854640104
      
      
#  20  norm     0.9876883406   -0.1564344650    0.0000000000
# nedges  19 
#  type   0  conf  1.0000
   0.2578696924   1.6281251608  -4.5884514838
   0.3707170831   2.3406155447  -4.2738212665
      
      
#  type   0  conf  1.0000
   0.3707170831   2.3406155447  -4.2738212665
   0.4485225169   2.8318597203  -3.9746016461
      
      
#  type   0  conf  1.0000
   0.4485225169   2.8318597203  -3.9746016461
   0.4492455554   2.8364248057  -3.8689810184
      
      
#  type   0  conf  1.0000
   0.4492455554   2.8364248057  -3.8689810184
   0.2485344870   1.5691849937  -2.1353986994
      
      
#  type   0  conf  1.0000
   0.2485344870   1.5691849937  -2.1353986994
   0.2400778641   1.5157919778  -2.0640979330
      
      
#  type   0  conf  1.0000
   0.2400778641   1.5157919778  -2.0640979330
   0.1991903604   1.2576384399  -1.7360172751
      
      
#  type   0  conf  1.0000
   0.1991903604   1.2576384399  -1.7360172751
   0.1364307005   0.8613895418  -1.3814014568
      
      
#  type   0  conf  1.0000
   0.1364307005   0.8613895418  -1.3814014568
   0.0656077605   0.4142310975  -1.0329116936
      
      
#  type   0  conf  1.0000
   0.0656077605   0.4142310975  -1.0329116936
   0.0139684870   0.0881935561  -0.8372098569
      
      
#  type   4  conf  0.0000
#  type   0  conf  1.0000
   0.0051902864   0.0327701786  -0.8389282198
  -0.0454646553  -0.2870525364  -1.0335531621
      
      
#  type   0  conf  1.0000
  -0.0454646553  -0.2870525364  -1.0335531621
  -0.1163924677  -0.7348731194  -1.3834170112
      
      
#  type   0  conf  1.0000
  -0.1163924677  -0.7348731194  -1.3834170112
  -0.1786033335  -1.1276570676  -1.7359282203
      
      
#  type   0  conf  1.0000
  -0.1786033335  -1.1276570676  -1.7359282203
  -0.2191122296  -1.3834201714  -2.0607626280
      
      
#  type   0  conf  1.0000
  -0.2191122296  -1.3834201714  -2.0607626280
  -0.4242341593  -2.6785090658  -3.8205497435
      
      
#  type   0  conf  1.0000
  -0.4242341593  -2.6785090658  -3.8205497435
  -0.4176660076  -2.6370393879  -3.9592219049
      
      
#  type   0  conf  1.0000
  -0.4176660076  -2.6370393879  -3.9592219049
  -0.3856523022  -2.4349128074  -4.1190880772
      
      
#  type   0  conf  1.0000
  -0.3856523022  -2.4349128074  -4.1190880772
  -0.3455234707  -2.1815493363  -4.2761273685
      
      
#  type   0  conf  1.0000
  -0.3455234707  -2.1815493363  -4.2761273685
  -0.2370981426  -1.4969787570  -4.5857293629
      
      
#  21  norm     0.9864292572   -0.1641868466    0.0000000000
# nedges  20 
#  type   0  conf  1.0000
   0.2713452605   1.6302335380  -4.5867180326
   0.3869262839   2.3246405834  -4.2737897595
      
      
#  type   0  conf  1.0000
   0.3869262839   2.3246405834  -4.2737897595
   0.4670594366   2.8060779702  -3.9775250466
      
      
#  type   0  conf  1.0000
   0.4670594366   2.8060779702  -3.9775250466
   0.4680397614   2.8119677294  -3.9449357077
      
      
#  type   0  conf  1.0000
   0.4680397614   2.8119677294  -3.9449357077
   0.4665109409   2.8027826257  -3.8545513351
      
      
#  type   0  conf  1.0000
   0.4665109409   2.8027826257  -3.8545513351
   0.2609895044   1.5680164909  -2.1352777223
      
      
#  type   0  conf  1.0000
   0.2609895044   1.5680164909  -2.1352777223
   0.2513873592   1.5103271132  -2.0580913941
      
      
#  type   0  conf  1.0000
   0.2513873592   1.5103271132  -2.0580913941
   0.2091677661   1.2566731654  -1.7359303822
      
      
#  type   0  conf  1.0000
   0.2091677661   1.2566731654  -1.7359303822
   0.1432725094   0.8607765970  -1.3811153351
      
      
#  type   0  conf  1.0000
   0.1432725094   0.8607765970  -1.3811153351
   0.0687392546   0.4129832155  -1.0320967704
      
      
#  type   0  conf  1.0000
   0.0687392546   0.4129832155  -1.0320967704
   0.0145146039   0.0872032702  -0.8367053056
      
      
#  type   0  conf  1.0000
   0.0145146039   0.0872032702  -0.8367053056
   0.0053012600   0.0318497984  -0.8396155303
      
      
#  type   0  conf  1.0000
   0.0053012600   0.0318497984  -0.8396155303
  -0.0477073764  -0.2866243724  -1.0334797810
      
      
#  type   0  conf  1.0000
  -0.0477073764  -0.2866243724  -1.0334797810
  -0.1219525578  -0.7326870181  -1.3821072586
      
      
#  type   0  conf  1.0000
  -0.1219525578  -0.7326870181  -1.3821072586
  -0.1871861651  -1.1246084179  -1.7337715015
      
      
#  type   0  conf  1.0000
  -0.1871861651  -1.1246084179  -1.7337715015
  -0.2288136427  -1.3747049557  -2.0503523323
      
      
#  type   0  conf  1.0000
  -0.2288136427  -1.3747049557  -2.0503523323
  -0.4421538724  -2.6564461470  -3.8201642862
      
      
#  type   0  conf  1.0000
  -0.4421538724  -2.6564461470  -3.8201642862
  -0.4359766407  -2.6193335387  -3.9592115948
      
      
#  type   0  conf  1.0000
  -0.4359766407  -2.6193335387  -3.9592115948
  -0.4021044420  -2.4158304658  -4.1194584430
      
      
#  type   0  conf  1.0000
  -0.4021044420  -2.4158304658  -4.1194584430
  -0.3604280039  -2.1654397751  -4.2767351796
      
      
#  type   0  conf  1.0000
  -0.3604280039  -2.1654397751  -4.2767351796
  -0.2490245764  -1.4961315908  -4.5855217376
      
      
#  22  norm     0.9851093262   -0.1719291003    0.0000000000
# nedges  19 
#  type   0  conf  1.0000
   0.2834344679   1.6240062746  -4.5886362235
   0.4018656787   2.3025865154  -4.2765090296
      
      
#  type   0  conf  1.0000
   0.4018656787   2.3025865154  -4.2765090296
   0.4193647450   2.4028516443  -4.2154202756
      
      
#  type   0  conf  1.0000
   0.4193647450   2.4028516443  -4.2154202756
   0.4871815688   2.7914245244  -3.9714231154
      
      
#  type   0  conf  1.0000
   0.4871815688   2.7914245244  -3.9714231154
   0.4864066910   2.7869846744  -3.8604374439
      
      
#  type   0  conf  1.0000
   0.4864066910   2.7869846744  -3.8604374439
   0.2655620527   1.5216019532  -2.0737711374
      
      
#  type   0  conf  1.0000
   0.2655620527   1.5216019532  -2.0737711374
   0.2191871319   1.2558856381  -1.7358823051
      
      
#  type   0  conf  1.0000
   0.2191871319   1.2558856381  -1.7358823051
   0.1498668008   0.8586980498  -1.3799221850
      
      
#  type   0  conf  1.0000
   0.1498668008   0.8586980498  -1.3799221850
   0.0720918056   0.4130674207  -1.0323161534
      
      
#  type   0  conf  1.0000
   0.0720918056   0.4130674207  -1.0323161534
   0.0151869422   0.0870172554  -0.8366815956
      
      
#  type   0  conf  1.0000
   0.0151869422   0.0870172554  -0.8366815956
   0.0056075997   0.0321300977  -0.8397215868
      
      
#  type   0  conf  1.0000
   0.0056075997   0.0321300977  -0.8397215868
  -0.0498747417  -0.2857693847  -1.0329367370
      
      
#  type   0  conf  1.0000
  -0.0498747417  -0.2857693847  -1.0329367370
  -0.1279372019  -0.7330471138  -1.3829022819
      
      
#  type   0  conf  1.0000
  -0.1279372019  -0.7330471138  -1.3829022819
  -0.1960320576  -1.1232130448  -1.7333859262
      
      
#  type   0  conf  1.0000
  -0.1960320576  -1.1232130448  -1.7333859262
  -0.2405161797  -1.3780955718  -2.0564195987
      
      
#  type   0  conf  1.0000
  -0.2405161797  -1.3780955718  -2.0564195987
  -0.4600182153  -2.6357855265  -3.8216639173
      
      
#  type   0  conf  1.0000
  -0.4600182153  -2.6357855265  -3.8216639173
  -0.4540821936  -2.6017736555  -3.9592414681
      
      
#  type   0  conf  1.0000
  -0.4540821936  -2.6017736555  -3.9592414681
  -0.4186084483  -2.3985182601  -4.1185256011
      
      
#  type   0  conf  1.0000
  -0.4186084483  -2.3985182601  -4.1185256011
  -0.3756095494  -2.1521456783  -4.2758829415
      
      
#  type   0  conf  1.0000
  -0.3756095494  -2.1521456783  -4.2758829415
  -0.2607835161  -1.4942221732  -4.5858218760
      
      
#  23  norm     0.9837286289   -0.1796607486    0.0000000000
# nedges  18 
#  type   0  conf  1.0000
   0.2969909279   1.6261675442  -4.5864827578
   0.4195156269   2.2970489417  -4.2722082262
      
      
#  type   0  conf  1.0000
   0.4195156269   2.2970489417  -4.2722082262
   0.5061824698   2.7715914073  -3.9720938233
      
      
#  type   0  conf  1.0000
   0.5061824698   2.7715914073  -3.9720938233
   0.5049683606   2.7649435782  -3.8579394136
      
      
#  type   0  conf  1.0000
   0.5049683606   2.7649435782  -3.8579394136
   0.2772248984   1.5179390679  -2.0707103977
      
      
#  type   0  conf  1.0000
   0.2772248984   1.5179390679  -2.0707103977
   0.2289133469   1.2534101894  -1.7345060402
      
      
#  type   0  conf  1.0000
   0.2289133469   1.2534101894  -1.7345060402
   0.1568650797   0.8589114263  -1.3807676464
      
      
#  type   0  conf  1.0000
   0.1568650797   0.8589114263  -1.3807676464
   0.0757018736   0.4145040079  -1.0338298950
      
      
#  type   0  conf  1.0000
   0.0757018736   0.4145040079  -1.0338298950
   0.0170246911   0.0932183358  -0.8398348412
      
      
#  type   4  conf  0.0000
#  type   0  conf  1.0000
   0.0064611523   0.0353779028  -0.8374633598
  -0.0522584663  -0.2861401268  -1.0334601335
      
      
#  type   0  conf  1.0000
  -0.0522584663  -0.2861401268  -1.0334601335
  -0.1338296204  -0.7327812557  -1.3832376291
      
      
#  type   0  conf  1.0000
  -0.1338296204  -0.7327812557  -1.3832376291
  -0.2047933540  -1.1213416780  -1.7327489034
      
      
#  type   0  conf  1.0000
  -0.2047933540  -1.1213416780  -1.7327489034
  -0.2511379225  -1.3751003827  -2.0538411861
      
      
#  type   0  conf  1.0000
  -0.2511379225  -1.3751003827  -2.0538411861
  -0.4778303892  -2.6163501898  -3.8230924960
      
      
#  type   0  conf  1.0000
  -0.4778303892  -2.6163501898  -3.8230924960
  -0.4719657593  -2.5842385327  -3.9600386389
      
      
#  type   0  conf  1.0000
  -0.4719657593  -2.5842385327  -3.9600386389
  -0.4351140442  -2.3824577462  -4.1176441734
      
      
#  type   0  conf  1.0000
  -0.4351140442  -2.3824577462  -4.1176441734
  -0.3908791270  -2.1402503925  -4.2744199300
      
      
#  type   0  conf  1.0000
  -0.3908791270  -2.1402503925  -4.2744199300
  -0.2727425669  -1.4933961561  -4.5860862631
      
      
#  24  norm     0.9822872507   -0.1873813146    0.0000000000
# nedges  18 
#  type   0  conf  1.0000
   0.3088632497   1.6191178565  -4.5886834343
   0.4347858882   2.2792274442  -4.2730739253
      
      
#  type   0  conf  1.0000
   0.4347858882   2.2792274442  -4.2730739253
   0.5241849428   2.7478737005  -3.9726068116
      
      
#  type   0  conf  1.0000
   0.5241849428   2.7478737005  -3.9726068116
   0.5233907370   2.7437103278  -3.8594829664
      
      
#  type   0  conf  1.0000
   0.5233907370   2.7437103278  -3.8594829664
   0.2888988924   1.5144610302  -2.0674810251
      
      
#  type   0  conf  1.0000
   0.2888988924   1.5144610302  -2.0674810251
   0.2388268678   1.2519742850  -1.7345018406
      
      
#  type   0  conf  1.0000
   0.2388268678   1.2519742850  -1.7345018406
   0.1640558596   0.8600109337  -1.3822496616
      
      
#  type   0  conf  1.0000
   0.1640558596   0.8600109337  -1.3822496616
   0.0787863890   0.4130127148  -1.0327536100
      
      
#  type   0  conf  1.0000
   0.0787863890   0.4130127148  -1.0327536100
   0.0174849510   0.0916593229  -0.8391257298
      
      
#  type   4  conf  0.0000
#  type   0  conf  1.0000
   0.0065196764   0.0341773405  -0.8383263926
  -0.0544653396  -0.2855173088  -1.0333612467
      
      
#  type   0  conf  1.0000
  -0.0544653396  -0.2855173088  -1.0333612467
  -0.1393044623  -0.7302595651  -1.3819849403
      
      
#  type   0  conf  1.0000
  -0.1393044623  -0.7302595651  -1.3819849403
  -0.2136075452  -1.1197699662  -1.7322932324
      
      
#  type   0  conf  1.0000
  -0.2136075452  -1.1197699662  -1.7322932324
  -0.2626158103  -1.3766802888  -2.0580628199
      
      
#  type   0  conf  1.0000
  -0.2626158103  -1.3766802888  -2.0580628199
  -0.4950615035  -2.5952032852  -3.8243538477
      
      
#  type   0  conf  1.0000
  -0.4950615035  -2.5952032852  -3.8243538477
  -0.4895106360  -2.5661046189  -3.9604572378
      
      
#  type   0  conf  1.0000
  -0.4895106360  -2.5661046189  -3.9604572378
  -0.4508474355  -2.3634250237  -4.1179157202
      
      
#  type   0  conf  1.0000
  -0.4508474355  -2.3634250237  -4.1179157202
  -0.4050444692  -2.1233174658  -4.2752433281
      
      
#  type   0  conf  1.0000
  -0.4050444692  -2.1233174658  -4.2752433281
  -0.2844811783  -1.4913025621  -4.5862127779
      
      
#  25  norm     0.9807852804   -0.1950903220   -0.0000000000
# nedges  18 
#  type   0  conf  1.0000
   0.3224521939   1.6210766488  -4.5863120012
   0.4501708630   2.2631617577  -4.2732882771
      
      
#  type   0  conf  1.0000
   0.4501708630   2.2631617577  -4.2732882771
   0.5420010529   2.7248232979  -3.9738638781
      
      
#  type   0  conf  1.0000
   0.5420010529   2.7248232979  -3.9738638781
   0.5417069917   2.7233449523  -3.8616713291
      
      
#  type   0  conf  1.0000
   0.5417069917   2.7233449523  -3.8616713291
   0.3014517734   1.5155004054  -2.0712391862
      
      
#  type   0  conf  1.0000
   0.3014517734   1.5155004054  -2.0712391862
   0.2488133800   1.2508693317  -1.7346474237
      
      
#  type   0  conf  1.0000
   0.2488133800   1.2508693317  -1.7346474237
   0.1703572704   0.8564438330  -1.3801102634
      
      
#  type   0  conf  1.0000
   0.1703572704   0.8564438330  -1.3801102634
   0.0818543616   0.4115096649  -1.0319113336
      
      
#  type   0  conf  1.0000
   0.0818543616   0.4115096649  -1.0319113336
   0.0173068767   0.0870075445  -0.8368028279
      
      
#  type   0  conf  1.0000
   0.0173068767   0.0870075445  -0.8368028279
   0.0065821877   0.0330908920  -0.8392308482
      
      
#  type   0  conf  1.0000
   0.0065821877   0.0330908920  -0.8392308482
  -0.0564342751  -0.2837142602  -1.0323281515
      
      
#  type   0  conf  1.0000
  -0.0564342751  -0.2837142602  -1.0323281515
  -0.1453757868  -0.7308534343  -1.3830560891
      
      
#  type   0  conf  1.0000
  -0.1453757868  -0.7308534343  -1.3830560891
  -0.2225773052  -1.1189716766  -1.7331884309
      
      
#  type   0  conf  1.0000
  -0.2225773052  -1.1189716766  -1.7331884309
  -0.2734124531  -1.3745372233  -2.0573166131
      
      
#  type   0  conf  1.0000
  -0.2734124531  -1.3745372233  -2.0573166131
  -0.5120367608  -2.5741826289  -3.8246692612
      
      
#  type   0  conf  1.0000
  -0.5120367608  -2.5741826289  -3.8246692612
  -0.5070818559  -2.5492726399  -3.9599853374
      
      
#  type   0  conf  1.0000
  -0.5070818559  -2.5492726399  -3.9599853374
  -0.4657462281  -2.3414644060  -4.1206750596
      
      
#  type   0  conf  1.0000
  -0.4657462281  -2.3414644060  -4.1206750596
  -0.4192981270  -2.1079540326  -4.2752171670
      
      
#  type   0  conf  1.0000
  -0.4192981270  -2.1079540326  -4.2752171670
  -0.2962690962  -1.4894453275  -4.5865160851
      
      
#  26  norm     0.9792228106   -0.2027872954    0.0000000000
# nedges  20 
#  type   0  conf  1.0000
   0.3339703380   1.6126817633  -4.5888895830
   0.4654212941   2.2474344208  -4.2732057118
      
      
#  type   0  conf  1.0000
   0.4654212941   2.2474344208  -4.2732057118
   0.5585973168   2.6973644162  -3.9776089603
      
      
#  type   0  conf  1.0000
   0.5585973168   2.6973644162  -3.9776089603
   0.5598628192   2.7034752960  -3.9449521366
      
      
#  type   0  conf  1.0000
   0.5598628192   2.7034752960  -3.9449521366
   0.5579236887   2.6941115892  -3.8544644209
      
      
#  type   0  conf  1.0000
   0.5579236887   2.6941115892  -3.8544644209
   0.3171622467   1.5315185601  -2.0964257748
      
      
#  type   0  conf  1.0000
   0.3171622467   1.5315185601  -2.0964257748
   0.3112569591   1.5030030049  -2.0574645711
      
      
#  type   0  conf  1.0000
   0.3112569591   1.5030030049  -2.0574645711
   0.2585041247   1.2482692030  -1.7337314985
      
      
#  type   0  conf  1.0000
   0.2585041247   1.2482692030  -1.7337314985
   0.1773484456   0.8563832513  -1.3807863007
      
      
#  type   0  conf  1.0000
   0.1773484456   0.8563832513  -1.3807863007
   0.0854794729   0.4127647622  -1.0332575616
      
      
#  type   0  conf  1.0000
   0.0854794729   0.4127647622  -1.0332575616
   0.0190254984   0.0918706566  -0.8391925235
      
      
#  type   4  conf  0.0000
#  type   0  conf  1.0000
   0.0070380300   0.0339853616  -0.8384598138
  -0.0589380853  -0.2846012490  -1.0332861356
      
      
#  type   0  conf  1.0000
  -0.0589380853  -0.2846012490  -1.0332861356
  -0.1509515799  -0.7289176083  -1.3822459868
      
      
#  type   0  conf  1.0000
  -0.1509515799  -0.7289176083  -1.3822459868
  -0.2314650040  -1.1177022279  -1.7335488025
      
      
#  type   0  conf  1.0000
  -0.2314650040  -1.1177022279  -1.7335488025
  -0.2840973005  -1.3718539746  -2.0561042931
      
      
#  type   0  conf  1.0000
  -0.2840973005  -1.3718539746  -2.0561042931
  -0.5286580603  -2.5527932149  -3.8250449930
      
      
#  type   0  conf  1.0000
  -0.5286580603  -2.5527932149  -3.8250449930
  -0.5243038596  -2.5317675753  -3.9593581505
      
      
#  type   0  conf  1.0000
  -0.5243038596  -2.5317675753  -3.9593581505
  -0.4818536132  -2.3267830884  -4.1176965497
      
      
#  type   0  conf  1.0000
  -0.4818536132  -2.3267830884  -4.1176965497
  -0.4330065759  -2.0909096676  -4.2763267804
      
      
#  type   0  conf  1.0000
  -0.4330065759  -2.0909096676  -4.2763267804
  -0.3081401651  -1.4879525763  -4.5859697081
      
      
#  27  norm     0.9775999378   -0.2104717598    0.0000000000
# nedges  18 
#  type   0  conf  1.0000
   0.3466310484   1.6100330594  -4.5889689765
   0.4803009689   2.2309035553  -4.2729046321
      
      
#  type   0  conf  1.0000
   0.4803009689   2.2309035553  -4.2729046321
   0.5770440063   2.6802559407  -3.9727305427
      
      
#  type   0  conf  1.0000
   0.5770440063   2.6802559407  -3.9727305427
   0.5764179085   2.6773478397  -3.8613759580
      
      
#  type   0  conf  1.0000
   0.5764179085   2.6773478397  -3.8613759580
   0.3252456079   1.5107018933  -2.0695524569
      
      
#  type   0  conf  1.0000
   0.3252456079   1.5107018933  -2.0695524569
   0.2683475142   1.2464214361  -1.7333988207
      
      
#  type   0  conf  1.0000
   0.2683475142   1.2464214361  -1.7333988207
   0.1835583655   0.8525925132  -1.3786031561
      
      
#  type   0  conf  1.0000
   0.1835583655   0.8525925132  -1.3786031561
   0.0883449194   0.4103447787  -1.0317446064
      
      
#  type   0  conf  1.0000
   0.0883449194   0.4103447787  -1.0317446064
   0.0185348274   0.0860906287  -0.8362501309
      
      
#  type   0  conf  1.0000
   0.0185348274   0.0860906287  -0.8362501309
   0.0069370597   0.0322212783  -0.8399120453
      
      
#  type   0  conf  1.0000
   0.0069370597   0.0322212783  -0.8399120453
  -0.0606991677  -0.2819356982  -1.0315516150
      
      
#  type   0  conf  1.0000
  -0.0606991677  -0.2819356982  -1.0315516150
  -0.1566202702  -0.7274703578  -1.3820727157
      
      
#  type   0  conf  1.0000
  -0.1566202702  -0.7274703578  -1.3820727157
  -0.2398591129  -1.1140984141  -1.7313547076
      
      
#  type   0  conf  1.0000
  -0.2398591129  -1.1140984141  -1.7313547076
  -0.2947925400  -1.3692533812  -2.0549690599
      
      
#  type   0  conf  1.0000
  -0.2947925400  -1.3692533812  -2.0549690599
  -0.5447394797  -2.5302077669  -3.8261896207
      
      
#  type   0  conf  1.0000
  -0.5447394797  -2.5302077669  -3.8261896207
  -0.5410965317  -2.5132869901  -3.9593279957
      
      
#  type   0  conf  1.0000
  -0.5410965317  -2.5132869901  -3.9593279957
  -0.4966629127  -2.3069015670  -4.1177680758
      
      
#  type   0  conf  1.0000
  -0.4966629127  -2.3069015670  -4.1177680758
  -0.4473995318  -2.0780828499  -4.2742304354
      
      
#  type   0  conf  1.0000
  -0.4473995318  -2.0780828499  -4.2742304354
  -0.3198421022  -1.4856036716  -4.5863101763
      
      
#  28  norm     0.9759167619   -0.2181432414    0.0000000000
# nedges  19 
#  type   0  conf  1.0000
   0.3590681048   1.6063783589  -4.5889151099
   0.4944486757   2.2120362175  -4.2736795158
      
      
#  type   0  conf  1.0000
   0.4944486757   2.2120362175  -4.2736795158
   0.5930536788   2.6531696428  -3.9754691895
      
      
#  type   0  conf  1.0000
   0.5930536788   2.6531696428  -3.9754691895
   0.5937293244   2.6561923077  -3.8666005222
      
      
#  type   0  conf  1.0000
   0.5937293244   2.6561923077  -3.8666005222
   0.3377504537   1.5110086705  -2.0730525012
      
      
#  type   3  conf  0.0000
#  type   0  conf  1.0000
   0.3351497211   1.4993736614  -2.0583973970
   0.2781771694   1.2444931170  -1.7333863968
      
      
#  type   0  conf  1.0000
   0.2781771694   1.2444931170  -1.7333863968
   0.1903843661   0.8517306925  -1.3789249865
      
      
#  type   0  conf  1.0000
   0.1903843661   0.8517306925  -1.3789249865
   0.0918112495   0.4107399191  -1.0326541410
      
      
#  type   0  conf  1.0000
   0.0918112495   0.4107399191  -1.0326541410
   0.0204076124   0.0912984095  -0.8389890970
      
      
#  type   4  conf  0.0000
#  type   0  conf  1.0000
   0.0075723677   0.0338768258  -0.8388058524
  -0.0630389422  -0.2820200157  -1.0319922261
      
      
#  type   0  conf  1.0000
  -0.0630389422  -0.2820200157  -1.0319922261
  -0.1626597659  -0.7276979611  -1.3832005603
      
      
#  type   0  conf  1.0000
  -0.1626597659  -0.7276979611  -1.3832005603
  -0.2487744163  -1.1129527608  -1.7318893250
      
      
#  type   0  conf  1.0000
  -0.2487744163  -1.1129527608  -1.7318893250
  -0.3056321486  -1.3673196331  -2.0552025270
      
      
#  type   0  conf  1.0000
  -0.3056321486  -1.3673196331  -2.0552025270
  -0.5603178317  -2.5067178814  -3.8258145257
      
      
#  type   0  conf  1.0000
  -0.5603178317  -2.5067178814  -3.8258145257
  -0.5575606730  -2.4943830625  -3.9583751897
      
      
#  type   0  conf  1.0000
  -0.5575606730  -2.4943830625  -3.9583751897
  -0.5136045650  -2.2977347397  -4.1099698810
      
      
#  type   0  conf  1.0000
  -0.5136045650  -2.2977347397  -4.1099698810
  -0.4600438649  -2.0581179417  -4.2764229096
      
      
#  type   0  conf  1.0000
  -0.4600438649  -2.0581179417  -4.2764229096
  -0.3316192148  -1.4835790841  -4.5859351721
      
      
#  29  norm     0.9741733870   -0.2258012669    0.0000000000
# nedges  17 
#  type   0  conf  1.0000
   0.3714766178   1.6026598962  -4.5894372842
   0.5087095148   2.1947231647  -4.2736402759
      
      
#  type   0  conf  1.0000
   0.5087095148   2.1947231647  -4.2736402759
   0.6100714399   2.6320284607  -3.9733872714
      
      
#  type   0  conf  1.0000
   0.6100714399   2.6320284607  -3.9733872714
   0.6093728429   2.6290145070  -3.8609720037
      
      
#  type   0  conf  1.0000
   0.6093728429   2.6290145070  -3.8609720037
   0.3491646012   1.5063992635  -2.0702042397
      
      
#  type   0  conf  1.0000
   0.3491646012   1.5063992635  -2.0702042397
   0.2882055878   1.2434040673  -1.7343961464
      
      
#  type   0  conf  1.0000
   0.2882055878   1.2434040673  -1.7343961464
   0.1974089465   0.8516805275  -1.3800746592
      
      
#  type   0  conf  1.0000
   0.1974089465   0.8516805275  -1.3800746592
   0.0951398473   0.4104614138  -1.0327839726
      
      
#  type   0  conf  1.0000
   0.0951398473   0.4104614138  -1.0327839726
   0.0213838769   0.0922563637  -0.8396788367
      
      
#  type   0  conf  1.0000
   0.0213838769   0.0922563637  -0.8396788367
   0.0083171503   0.0358826440  -0.8374852176
      
      
#  type   0  conf  1.0000
   0.0083171503   0.0358826440  -0.8374852176
  -0.0654186467  -0.2822353724  -1.0326557421
      
      
#  type   0  conf  1.0000
  -0.0654186467  -0.2822353724  -1.0326557421
  -0.1679149221  -0.7244345909  -1.3814129703
      
      
#  type   0  conf  1.0000
  -0.1679149221  -0.7244345909  -1.3814129703
  -0.2573945834  -1.1104762901  -1.7313205703
      
      
#  type   0  conf  1.0000
  -0.2573945834  -1.1104762901  -1.7313205703
  -0.3162256326  -1.3642908201  -2.0540981243
      
      
#  type   0  conf  1.0000
  -0.3162256326  -1.3642908201  -2.0540981243
  -0.5756544774  -2.4835435149  -3.8269485897
      
      
#  type   0  conf  1.0000
  -0.5756544774  -2.4835435149  -3.8269485897
  -0.5736661760  -2.4749653952  -3.9614999555
      
      
#  type   0  conf  1.0000
  -0.5736661760  -2.4749653952  -3.9614999555
  -0.4779920328  -2.0621988705  -4.2644204095
      
      
#  type   0  conf  1.0000
  -0.4779920328  -2.0621988705  -4.2644204095
  -0.3434506685  -1.4817476697  -4.5865484283
      
      
#  30  norm     0.9723699204   -0.2334453639    0.0000000000
# nedges  18 
#  type   0  conf  1.0000
   0.3840374959   1.5996312934  -4.5889230519
   0.5228640820   2.1778856405  -4.2731970617
      
      
#  type   0  conf  1.0000
   0.5228640820   2.1778856405  -4.2731970617
   0.6257477766   2.6064270699  -3.9738042403
      
      
#  type   0  conf  1.0000
   0.6257477766   2.6064270699  -3.9738042403
   0.6255358914   2.6055445045  -3.8633866968
      
      
#  type   0  conf  1.0000
   0.6255358914   2.6055445045  -3.8633866968
   0.3611591290   1.5043360370  -2.0707103806
      
      
#  type   0  conf  1.0000
   0.3611591290   1.5043360370  -2.0707103806
   0.2978037128   1.2404417366  -1.7335753733
      
      
#  type   0  conf  1.0000
   0.2978037128   1.2404417366  -1.7335753733
   0.2043963097   0.8513719019  -1.3809759282
      
      
#  type   0  conf  1.0000
   0.2043963097   0.8513719019  -1.3809759282
   0.0983467446   0.4096436725  -1.0325215006
      
      
#  type   0  conf  1.0000
   0.0983467446   0.4096436725  -1.0325215006
   0.0206883337   0.0861731116  -0.8365573848
      
      
#  type   0  conf  1.0000
   0.0206883337   0.0861731116  -0.8365573848
   0.0077612537   0.0323279483  -0.8396475791
      
      
#  type   0  conf  1.0000
   0.0077612537   0.0323279483  -0.8396475791
  -0.0675146057  -0.2812185715  -1.0321770216
      
      
#  type   0  conf  1.0000
  -0.0675146057  -0.2812185715  -1.0321770216
  -0.1736592335  -0.7233427653  -1.3818950013
      
      
#  type   0  conf  1.0000
  -0.1736592335  -0.7233427653  -1.3818950013
  -0.2660289628  -1.1080903777  -1.7306694272
      
      
#  type   0  conf  1.0000
  -0.2660289628  -1.1080903777  -1.7306694272
  -0.3181422778  -1.3251579567  -2.0074239576
      
      
#  type   0  conf  1.0000
  -0.3181422778  -1.3251579567  -2.0074239576
  -0.3278369328  -1.3655391007  -2.0594019329
      
      
#  type   0  conf  1.0000
  -0.3278369328  -1.3655391007  -2.0594019329
  -0.5907659686  -2.4607173530  -3.8296972674
      
      
#  type   0  conf  1.0000
  -0.5907659686  -2.4607173530  -3.8296972674
  -0.5893159908  -2.4546777609  -3.9611213789
      
      
#  type   0  conf  1.0000
  -0.5893159908  -2.4546777609  -3.9611213789
  -0.4900133866  -2.0410526463  -4.2668624265
      
      
#  type   0  conf  1.0000
  -0.4900133866  -2.0410526463  -4.2668624265
  -0.3552120616  -1.4795647184  -4.5870101643
      
      
#  31  norm     0.9705064735   -0.2410750608   -0.0000000000
# nedges  18 
#  type   0  conf  1.0000
   0.3964368869   1.5959534087  -4.5892762276
   0.5338790897   2.1492605281  -4.2802540131
      
      
#  type   0  conf  1.0000
   0.5338790897   2.1492605281  -4.2802540131
   0.5482493067   2.2071113426  -4.2411776424
      
      
#  type   0  conf  1.0000
   0.5482493067   2.2071113426  -4.2411776424
   0.6425433640   2.5867150756  -3.9705166985
      
      
#  type   0  conf  1.0000
   0.6425433640   2.5867150756  -3.9705166985
   0.6408945134   2.5800772254  -3.8587479410
      
      
#  type   0  conf  1.0000
   0.6408945134   2.5800772254  -3.8587479410
   0.3733900438   1.5031727190  -2.0727947286
      
      
#  type   0  conf  1.0000
   0.3733900438   1.5031727190  -2.0727947286
   0.3078392728   1.2392820976  -1.7347104788
      
      
#  type   0  conf  1.0000
   0.3078392728   1.2392820976  -1.7347104788
   0.2106045759   0.8478401023  -1.3793840592
      
      
#  type   0  conf  1.0000
   0.2106045759   0.8478401023  -1.3793840592
   0.1014649189   0.4084717857  -1.0322680732
      
      
#  type   0  conf  1.0000
   0.1014649189   0.4084717857  -1.0322680732
   0.0214278566   0.0862630645  -0.8364205013
      
      
#  type   0  conf  1.0000
   0.0214278566   0.0862630645  -0.8364205013
   0.0080132968   0.0322594812  -0.8395300727
      
      
#  type   0  conf  1.0000
   0.0080132968   0.0322594812  -0.8395300727
  -0.0697448197  -0.2807747876  -1.0325442368
      
      
#  type   0  conf  1.0000
  -0.0697448197  -0.2807747876  -1.0325442368
  -0.1792235449  -0.7215081060  -1.3812130793
      
      
#  type   0  conf  1.0000
  -0.1792235449  -0.7215081060  -1.3812130793
  -0.2748253324  -1.1063764259  -1.7313956036
      
      
#  type   0  conf  1.0000
  -0.2748253324  -1.1063764259  -1.7313956036
  -0.3383418441  -1.3620776399  -2.0578762264
      
      
#  type   0  conf  1.0000
  -0.3383418441  -1.3620776399  -2.0578762264
  -0.6061244872  -2.4401020020  -3.8325966815
      
      
#  type   0  conf  1.0000
  -0.6061244872  -2.4401020020  -3.8325966815
  -0.6046913393  -2.4343325156  -3.9634884285
      
      
#  type   0  conf  1.0000
  -0.6046913393  -2.4343325156  -3.9634884285
  -0.5011741155  -2.0175986757  -4.2721301848
      
      
#  type   0  conf  1.0000
  -0.5011741155  -2.0175986757  -4.2721301848
  -0.3671588563  -1.4780875533  -4.5866653518
      
      
#  32  norm     0.9685831611   -0.2486898872    0.0000000000
# nedges  19 
#  type   0  conf  1.0000
   0.4089663556   1.5928187915  -4.5895732211
   0.5493527007   2.1395875058  -4.2763528790
      
      
#  type   0  conf  1.0000
   0.5493527007   2.1395875058  -4.2763528790
   0.6566132837   2.5573398953  -3.9762508578
      
      
#  type   0  conf  1.0000
   0.6566132837   2.5573398953  -3.9762508578
   0.6585788970   2.5649954535  -3.8770905483
      
      
#  type   0  conf  1.0000
   0.6585788970   2.5649954535  -3.8770905483
   0.4044889945   1.5753806211  -2.1972180001
      
      
#  type   0  conf  1.0000
   0.4044889945   1.5753806211  -2.1972180001
   0.3851184207   1.4999372174  -2.0719904453
      
      
#  type   0  conf  1.0000
   0.3851184207   1.4999372174  -2.0719904453
   0.3169088049   1.2342783036  -1.7319998049
      
      
#  type   0  conf  1.0000
   0.3169088049   1.2342783036  -1.7319998049
   0.2171615398   0.8457883554  -1.3789476729
      
      
#  type   0  conf  1.0000
   0.2171615398   0.8457883554  -1.3789476729
   0.1047517482   0.4079811229  -1.0325114989
      
      
#  type   0  conf  1.0000
   0.1047517482   0.4079811229  -1.0325114989
   0.0229914436   0.0895457607  -0.8383154038
      
      
#  type   4  conf  0.0000
#  type   0  conf  1.0000
   0.0085730878   0.0333899724  -0.8388571920
  -0.0721401602  -0.2809673737  -1.0331798733
      
      
#  type   0  conf  1.0000
  -0.0721401602  -0.2809673737  -1.0331798733
  -0.1853508121  -0.7218937512  -1.3831424883
      
      
#  type   0  conf  1.0000
  -0.1853508121  -0.7218937512  -1.3831424883
  -0.2833314938  -1.1035033109  -1.7307335638
      
      
#  type   0  conf  1.0000
  -0.2833314938  -1.1035033109  -1.7307335638
  -0.3501606874  -1.3637858352  -2.0636146165
      
      
#  type   0  conf  1.0000
  -0.3501606874  -1.3637858352  -2.0636146165
  -0.6203184201  -2.4159807344  -3.8319088108
      
      
#  type   0  conf  1.0000
  -0.6203184201  -2.4159807344  -3.8319088108
  -0.6207565692  -2.4176872124  -3.9595427077
      
      
#  type   0  conf  1.0000
  -0.6207565692  -2.4176872124  -3.9595427077
  -0.5525846771  -2.1521752228  -4.1603105087
      
      
#  type   0  conf  1.0000
  -0.5525846771  -2.1521752228  -4.1603105087
  -0.5104268574  -1.9879813560  -4.2819960940
      
      
#  type   0  conf  1.0000
  -0.5104268574  -1.9879813560  -4.2819960940
  -0.3789146836  -1.4757752566  -4.5874077217
      
      
#  33  norm     0.9666001020   -0.2562893731    0.0000000000
# nedges  17 
#  type   0  conf  1.0000
   0.4240492062   1.5993094095  -4.5845313831
   0.5609731847   2.1157207218  -4.2817394345
      
      
#  type   0  conf  1.0000
   0.5609731847   2.1157207218  -4.2817394345
   0.6732997104   2.5393622874  -3.9734208636
      
      
#  type   0  conf  1.0000
   0.6732997104   2.5393622874  -3.9734208636
   0.6718527459   2.5339050338  -3.8536602205
      
      
#  type   0  conf  1.0000
   0.6718527459   2.5339050338  -3.8536602205
   0.4001184100   1.5090539697  -2.0881811119
      
      
#  type   0  conf  1.0000
   0.4001184100   1.5090539697  -2.0881811119
   0.3269218356   1.2329917380  -1.7335602368
      
      
#  type   0  conf  1.0000
   0.3269218356   1.2329917380  -1.7335602368
   0.2236360578   0.8434475205  -1.3784001519
      
      
#  type   0  conf  1.0000
   0.2236360578   0.8434475205  -1.3784001519
   0.1077804106   0.4064958081  -1.0319643266
      
      
#  type   0  conf  1.0000
   0.1077804106   0.4064958081  -1.0319643266
   0.0227976627   0.0859818057  -0.8365542099
      
      
#  type   0  conf  1.0000
   0.0227976627   0.0859818057  -0.8365542099
   0.0085389360   0.0322047547  -0.8396258940
      
      
#  type   0  conf  1.0000
   0.0085389360   0.0322047547  -0.8396258940
  -0.0742425543  -0.2800071640  -1.0328248394
      
      
#  type   0  conf  1.0000
  -0.0742425543  -0.2800071640  -1.0328248394
  -0.1904092165  -0.7181318749  -1.3812202084
      
      
#  type   0  conf  1.0000
  -0.1904092165  -0.7181318749  -1.3812202084
  -0.2920857375  -1.1016067510  -1.7314327381
      
      
#  type   0  conf  1.0000
  -0.2920857375  -1.1016067510  -1.7314327381
  -0.3629082067  -1.3687150012  -2.0736677009
      
      
#  type   0  conf  1.0000
  -0.3629082067  -1.3687150012  -2.0736677009
  -0.6357266410  -2.3976547625  -3.8303978695
      
      
#  type   0  conf  1.0000
  -0.6357266410  -2.3976547625  -3.8303978695
  -0.6368943268  -2.4020587109  -3.9651590899
      
      
#  type   0  conf  1.0000
  -0.6368943268  -2.4020587109  -3.9651590899
  -0.5248496699  -1.9794802189  -4.2828203455
      
      
#  type   0  conf  1.0000
  -0.5248496699  -1.9794802189  -4.2828203455
  -0.3906863362  -1.4734807292  -4.5880351209
      
      
#  34  norm     0.9645574185   -0.2638730500    0.0000000000
# nedges  17 
#  type   0  conf  1.0000
   0.4367682185   1.5965557126  -4.5842730712
   0.5741898948   2.0988847582  -4.2855369100
      
      
#  type   0  conf  1.0000
   0.5741898948   2.0988847582  -4.2855369100
   0.6904186766   2.5237456285  -3.9705131829
      
      
#  type   0  conf  1.0000
   0.6904186766   2.5237456285  -3.9705131829
   0.6902250281   2.5230377689  -3.8345427732
      
      
#  type   0  conf  1.0000
   0.6902250281   2.5230377689  -3.8345427732
   0.4109728065   1.5022635669  -2.0836056664
      
      
#  type   0  conf  1.0000
   0.4109728065   1.5022635669  -2.0836056664
   0.3365526540   1.2302293059  -1.7334702356
      
      
#  type   0  conf  1.0000
   0.3365526540   1.2302293059  -1.7334702356
   0.2307326924   0.8434166740  -1.3799968499
      
      
#  type   0  conf  1.0000
   0.2307326924   0.8434166740  -1.3799968499
   0.1110325156   0.4058665202  -1.0321897795
      
      
#  type   0  conf  1.0000
   0.1110325156   0.4058665202  -1.0321897795
   0.0233344649   0.0852964380  -0.8360479980
      
      
#  type   0  conf  1.0000
   0.0233344649   0.0852964380  -0.8360479980
   0.0087483842   0.0319787068  -0.8396572774
      
      
#  type   0  conf  1.0000
   0.0087483842   0.0319787068  -0.8396572774
  -0.0763627797  -0.2791353101  -1.0327491540
      
      
#  type   0  conf  1.0000
  -0.0763627797  -0.2791353101  -1.0327491540
  -0.1958400968  -0.7158708258  -1.3807561201
      
      
#  type   0  conf  1.0000
  -0.1958400968  -0.7158708258  -1.3807561201
  -0.3006799399  -1.0991007481  -1.7314421480
      
      
#  type   0  conf  1.0000
  -0.3006799399  -1.0991007481  -1.7314421480
  -0.3724608286  -1.3614874854  -2.0683405834
      
      
#  type   0  conf  1.0000
  -0.3724608286  -1.3614874854  -2.0683405834
  -0.6557727095  -2.3971013025  -3.8257404967
      
      
#  type   0  conf  1.0000
  -0.6557727095  -2.3971013025  -3.8257404967
  -0.6577476820  -2.4043205862  -3.9648483799
      
      
#  type   0  conf  1.0000
  -0.6577476820  -2.4043205862  -3.9648483799
  -0.5410157086  -1.9776203567  -4.2831205314
      
      
#  type   0  conf  1.0000
  -0.5410157086  -1.9776203567  -4.2831205314
  -0.4023814886  -1.4708589981  -4.5875785290
      
      
#  35  norm     0.9624552365   -0.2714404499    0.0000000000
# nedges  18 
#  type   0  conf  1.0000
   0.4494838727   1.5937495948  -4.5846323238
   0.5911284992   2.0959835564  -4.2841045179
      
      
#  type   0  conf  1.0000
   0.5911284992   2.0959835564  -4.2841045179
   0.7158084815   2.5380654270  -3.9549344885
      
      
#  type   0  conf  1.0000
   0.7158084815   2.5380654270  -3.9549344885
   0.7143416412   2.5328644036  -3.8282029682
      
      
#  type   0  conf  1.0000
   0.7143416412   2.5328644036  -3.8282029682
   0.4203516901   1.4904546669  -2.0725703096
      
      
#  type   0  conf  1.0000
   0.4203516901   1.4904546669  -2.0725703096
   0.3460269056   1.2269188598  -1.7331412887
      
      
#  type   0  conf  1.0000
   0.3460269056   1.2269188598  -1.7331412887
   0.2369747770   0.8402491786  -1.3789022457
      
      
#  type   0  conf  1.0000
   0.2369747770   0.8402491786  -1.3789022457
   0.1141540331   0.4047596702  -1.0320925888
      
      
#  type   0  conf  1.0000
   0.1141540331   0.4047596702  -1.0320925888
   0.0252750854   0.0896186928  -0.8385102488
      
      
#  type   4  conf  0.0000
#  type   0  conf  1.0000
   0.0095508180   0.0338646461  -0.8386405431
  -0.0783541447  -0.2778228409  -1.0322714847
      
      
#  type   0  conf  1.0000
  -0.0783541447  -0.2778228409  -1.0322714847
  -0.2018431073  -0.7156816740  -1.3823130623
      
      
#  type   0  conf  1.0000
  -0.2018431073  -0.7156816740  -1.3823130623
  -0.3090247208  -1.0957190091  -1.7308633240
      
      
#  type   0  conf  1.0000
  -0.3090247208  -1.0957190091  -1.7308633240
  -0.3808572660  -1.3504180020  -2.0583568125
      
      
#  type   0  conf  1.0000
  -0.3808572660  -1.3504180020  -2.0583568125
  -0.6798612006  -2.4106059834  -3.8252799828
      
      
#  type   0  conf  1.0000
  -0.6798612006  -2.4106059834  -3.8252799828
  -0.6821790829  -2.4188245742  -3.9605868770
      
      
#  type   0  conf  1.0000
  -0.6821790829  -2.4188245742  -3.9605868770
  -0.5886398414  -2.0871594414  -4.2069663345
      
      
#  type   0  conf  1.0000
  -0.5886398414  -2.0871594414  -4.2069663345
  -0.5595008107  -1.9838402320  -4.2816097027
      
      
#  type   0  conf  1.0000
  -0.5595008107  -1.9838402320  -4.2816097027
  -0.4140902693  -1.4682533435  -4.5872498105
      
      
#  36  norm     0.9602936857   -0.2789911060    0.0000000000
# nedges  18 
#  type   0  conf  1.0000
   0.4617871362   1.5894817483  -4.5840503794
   0.6116376023   2.1052704357  -4.2791145243
      
      
#  type   0  conf  1.0000
   0.6116376023   2.1052704357  -4.2791145243
   0.7410116071   2.5505786812  -3.9518165763
      
      
#  type   0  conf  1.0000
   0.7410116071   2.5505786812  -3.9518165763
   0.7398671157   2.5466393160  -3.8278939996
      
      
#  type   0  conf  1.0000
   0.7398671157   2.5466393160  -3.8278939996
   0.4315204810   1.4853032378  -2.0709676621
      
      
#  type   0  conf  1.0000
   0.4315204810   1.4853032378  -2.0709676621
   0.3557162942   1.2243835156  -1.7335095553
      
      
#  type   0  conf  1.0000
   0.3557162942   1.2243835156  -1.7335095553
   0.2433202702   0.8375138634  -1.3783661623
      
      
#  type   0  conf  1.0000
   0.2433202702   0.8375138634  -1.3783661623
   0.1172944284   0.4037300708  -1.0319131530
      
      
#  type   0  conf  1.0000
   0.1172944284   0.4037300708  -1.0319131530
   0.0246213082   0.0847470985  -0.8361176459
      
      
#  type   0  conf  1.0000
   0.0246213082   0.0847470985  -0.8361176459
   0.0092962807   0.0319980080  -0.8395802340
      
      
#  type   0  conf  1.0000
   0.0092962807   0.0319980080  -0.8395802340
  -0.0803860999  -0.2766907707  -1.0320603866
      
      
#  type   0  conf  1.0000
  -0.0803860999  -0.2766907707  -1.0320603866
  -0.2069254491  -0.7122420674  -1.3805407695
      
      
#  type   0  conf  1.0000
  -0.2069254491  -0.7122420674  -1.3805407695
  -0.3176319947  -1.0932964967  -1.7312214746
      
      
#  type   0  conf  1.0000
  -0.3176319947  -1.0932964967  -1.7312214746
  -0.3907084013  -1.3448271381  -2.0552575886
      
      
#  type   0  conf  1.0000
  -0.3907084013  -1.3448271381  -2.0552575886
  -0.7042862440  -2.4241691524  -3.8240933980
      
      
#  type   0  conf  1.0000
  -0.7042862440  -2.4241691524  -3.8240933980
  -0.7065244788  -2.4318732069  -3.9605662272
      
      
#  type   0  conf  1.0000
  -0.7065244788  -2.4318732069  -3.9605662272
  -0.5945412436  -2.0464243831  -4.2436332824
      
      
#  type   0  conf  1.0000
  -0.5945412436  -2.0464243831  -4.2436332824
  -0.5785333151  -1.9913247319  -4.2815608433
      
      
#  type   0  conf  1.0000
  -0.5785333151  -1.9913247319  -4.2815608433
  -0.4257520811  -1.4654482753  -4.5867564123
      
      
#  37  norm     0.9580728995   -0.2865245527   -0.0000000000
# nedges  18 
#  type   0  conf  1.0000
   0.4710270018   1.5750071018  -4.5895500285
   0.6328341139   2.1160532617  -4.2764347656
      
      
#  type   0  conf  1.0000
   0.6328341139   2.1160532617  -4.2764347656
   0.7668777076   2.5642645347  -3.9497822392
      
      
#  type   0  conf  1.0000
   0.7668777076   2.5642645347  -3.9497822392
   0.7660055812   2.5613483423  -3.8305593942
      
      
#  type   0  conf  1.0000
   0.7660055812   2.5613483423  -3.8305593942
   0.4430327693   1.4814007587  -2.0708122980
      
      
#  type   3  conf  0.0000
#  type   0  conf  1.0000
   0.4401132247   1.4716384661  -2.0583052991
   0.3648936122   1.2201211998  -1.7326187606
      
      
#  type   0  conf  1.0000
   0.3648936122   1.2201211998  -1.7326187606
   0.2507329591   0.8383939555  -1.3810170108
      
      
#  type   0  conf  1.0000
   0.2507329591   0.8383939555  -1.3810170108
   0.1204360776   0.4027108356  -1.0318648482
      
      
#  type   0  conf  1.0000
   0.1204360776   0.4027108356  -1.0318648482
   0.0253216127   0.0846697103  -0.8361081314
      
      
#  type   0  conf  1.0000
   0.0253216127   0.0846697103  -0.8361081314
   0.0095152882   0.0318169585  -0.8395893450
      
      
#  type   0  conf  1.0000
   0.0095152882   0.0318169585  -0.8395893450
  -0.0830378353  -0.2776596243  -1.0332321350
      
      
#  type   0  conf  1.0000
  -0.0830378353  -0.2776596243  -1.0332321350
  -0.2123416661  -0.7100222085  -1.3807423529
      
      
#  type   0  conf  1.0000
  -0.2123416661  -0.7100222085  -1.3807423529
  -0.3258502876  -1.0895692073  -1.7303473828
      
      
#  type   0  conf  1.0000
  -0.3258502876  -1.0895692073  -1.7303473828
  -0.4010154496  -1.3409044036  -2.0549832233
      
      
#  type   0  conf  1.0000
  -0.4010154496  -1.3409044036  -2.0549832233
  -0.7291816904  -2.4382176318  -3.8247657878
      
      
#  type   0  conf  1.0000
  -0.7291816904  -2.4382176318  -3.8247657878
  -0.7311113657  -2.4446700268  -3.9618934825
      
      
#  type   0  conf  1.0000
  -0.7311113657  -2.4446700268  -3.9618934825
  -0.6025635249  -2.0148353008  -4.2726411730
      
      
#  type   0  conf  1.0000
  -0.6025635249  -2.0148353008  -4.2726411730
  -0.4374123685  -1.4626074175  -4.5864346414
      
      
#  38  norm     0.9557930148   -0.2940403252    0.0000000000
# nedges  18 
#  type   0  conf  1.0000
   0.4832241841   1.5707447589  -4.5888175720
   0.6524482416   2.1208161546  -4.2781360826
      
      
#  type   0  conf  1.0000
   0.6524482416   2.1208161546  -4.2781360826
   0.7920379686   2.5745596533  -3.9518968116
      
      
#  type   0  conf  1.0000
   0.7920379686   2.5745596533  -3.9518968116
   0.7926352555   2.5765011648  -3.8349235768
      
      
#  type   0  conf  1.0000
   0.7926352555   2.5765011648  -3.8349235768
   0.4553819472   1.4802421535  -2.0748305780
      
      
#  type   0  conf  1.0000
   0.4553819472   1.4802421535  -2.0748305780
   0.4483907416   1.4575168844  -2.0452128570
      
      
#  type   0  conf  1.0000
   0.4483907416   1.4575168844  -2.0452128570
   0.3744195072   1.2170696290  -1.7329398847
      
      
#  type   0  conf  1.0000
   0.3744195072   1.2170696290  -1.7329398847
   0.2562743041   0.8330326445  -1.3784974595
      
      
#  type   0  conf  1.0000
   0.2562743041   0.8330326445  -1.3784974595
   0.1237262657   0.4021785120  -1.0323328413
      
      
#  type   0  conf  1.0000
   0.1237262657   0.4021785120  -1.0323328413
   0.0260378015   0.0846371966  -0.8361795684
      
      
#  type   0  conf  1.0000
   0.0260378015   0.0846371966  -0.8361795684
   0.0098221729   0.0319274719  -0.8395527511
      
      
#  type   0  conf  1.0000
   0.0098221729   0.0319274719  -0.8395527511
  -0.0851286933  -0.2767151423  -1.0331934956
      
      
#  type   0  conf  1.0000
  -0.0851286933  -0.2767151423  -1.0331934956
  -0.2183904612  -0.7098892887  -1.3821379968
      
      
#  type   0  conf  1.0000
  -0.2183904612  -0.7098892887  -1.3821379968
  -0.3344979638  -1.0873026242  -1.7314399234
      
      
#  type   0  conf  1.0000
  -0.3344979638  -1.0873026242  -1.7314399234
  -0.4111742878  -1.3365429108  -2.0540013909
      
      
#  type   0  conf  1.0000
  -0.4111742878  -1.3365429108  -2.0540013909
  -0.7543110937  -2.4519265300  -3.8258765434
      
      
#  type   0  conf  1.0000
  -0.7543110937  -2.4519265300  -3.8258765434
  -0.7558207134  -2.4568336255  -3.9638203210
      
      
#  type   0  conf  1.0000
  -0.7558207134  -2.4568336255  -3.9638203210
  -0.6207372524  -2.0177379730  -4.2760114259
      
      
#  type   0  conf  1.0000
  -0.6207372524  -2.0177379730  -4.2760114259
  -0.4491580445  -1.4600110414  -4.5865206896
      
      
#  39  norm     0.9534541723   -0.3015379599    0.0000000000
# nedges  18 
#  type   0  conf  1.0000
   0.4987782761   1.5771222584  -4.5827100243
   0.6726721635   2.1269696227  -4.2781130572
      
      
#  type   0  conf  1.0000
   0.6726721635   2.1269696227  -4.2781130572
   0.8182231984   2.5871977198  -3.9499549865
      
      
#  type   0  conf  1.0000
   0.8182231984   2.5871977198  -3.9499549865
   0.8174703081   2.5848171027  -3.8307868133
      
      
#  type   0  conf  1.0000
   0.8174703081   2.5848171027  -3.8307868133
   0.4660515971   1.4736414609  -2.0713439325
      
      
#  type   0  conf  1.0000
   0.4660515971   1.4736414609  -2.0713439325
   0.4630229213   1.4640648770  -2.0587055977
      
      
#  type   0  conf  1.0000
   0.4630229213   1.4640648770  -2.0587055977
   0.3835555488   1.2127913791  -1.7321157883
      
      
#  type   0  conf  1.0000
   0.3835555488   1.2127913791  -1.7321157883
   0.2628593258   0.8311534674  -1.3790054866
      
      
#  type   0  conf  1.0000
   0.2628593258   0.8311534674  -1.3790054866
   0.1267972729   0.4009292526  -1.0323727249
      
      
#  type   0  conf  1.0000
   0.1267972729   0.4009292526  -1.0323727249
   0.0266750950   0.0843458668  -0.8360807346
      
      
#  type   0  conf  1.0000
   0.0266750950   0.0843458668  -0.8360807346
   0.0100628026   0.0318182861  -0.8396043232
      
      
#  type   0  conf  1.0000
   0.0100628026   0.0318182861  -0.8396043232
  -0.0875126143  -0.2767123161  -1.0338715524
      
      
#  type   0  conf  1.0000
  -0.0875126143  -0.2767123161  -1.0338715524
  -0.2236705471  -0.7072397001  -1.3817908020
      
      
#  type   0  conf  1.0000
  -0.2236705471  -0.7072397001  -1.3817908020
  -0.3428519553  -1.0840878120  -1.7311356711
      
      
#  type   0  conf  1.0000
  -0.3428519553  -1.0840878120  -1.7311356711
  -0.4215751219  -1.3330081525  -2.0547520308
      
      
#  type   0  conf  1.0000
  -0.4215751219  -1.3330081525  -2.0547520308
  -0.7789461004  -2.4630046895  -3.8263667965
      
      
#  type   0  conf  1.0000
  -0.7789461004  -2.4630046895  -3.8263667965
  -0.7808858095  -2.4691379928  -3.9614737735
      
      
#  type   0  conf  1.0000
  -0.7808858095  -2.4691379928  -3.9614737735
  -0.6412397585  -2.0275812814  -4.2744230130
      
      
#  type   0  conf  1.0000
  -0.6412397585  -2.0275812814  -4.2744230130
  -0.4608043684  -1.4570498779  -4.5864616655
      
      
#  40  norm     0.9510565163   -0.3090169944    0.0000000000
# nedges  18 
#  type   0  conf  1.0000
   0.5077688522   1.5627518370  -4.5884163720
   0.6939513716   2.1357627120  -4.2770923281
      
      
#  type   0  conf  1.0000
   0.6939513716   2.1357627120  -4.2770923281
   0.8443335935   2.5985916006  -3.9497124200
      
      
#  type   0  conf  1.0000
   0.8443335935   2.5985916006  -3.9497124200
   0.8436454699   2.5964737739  -3.8304078431
      
      
#  type   0  conf  1.0000
   0.8436454699   2.5964737739  -3.8304078431
   0.4768213481   1.4675052131  -2.0686875991
      
      
#  type   0  conf  1.0000
   0.4768213481   1.4675052131  -2.0686875991
   0.3928385469   1.2090327285  -1.7318422016
      
      
#  type   0  conf  1.0000
   0.3928385469   1.2090327285  -1.7318422016
   0.2696972263   0.8300427133  -1.3800681450
      
      
#  type   0  conf  1.0000
   0.2696972263   0.8300427133  -1.3800681450
   0.1303030703   0.4010316143  -1.0332899893
      
      
#  type   0  conf  1.0000
   0.1303030703   0.4010316143  -1.0332899893
   0.0288007653   0.0886396411  -0.8386171164
      
      
#  type   4  conf  0.0000
#  type   0  conf  1.0000
   0.0107911708   0.0332118086  -0.8385027361
  -0.0892005939  -0.2745311994  -1.0330588337
      
      
#  type   0  conf  1.0000
  -0.0892005939  -0.2745311994  -1.0330588337
  -0.2296222233  -0.7067045365  -1.3831698532
      
      
#  type   0  conf  1.0000
  -0.2296222233  -0.7067045365  -1.3831698532
  -0.3510085180  -1.0802931372  -1.7312256597
      
      
#  type   0  conf  1.0000
  -0.3510085180  -1.0802931372  -1.7312256597
  -0.4319108969  -1.3292850569  -2.0550331173
      
      
#  type   0  conf  1.0000
  -0.4319108969  -1.3292850569  -2.0550331173
  -0.8041123589  -2.4748033691  -3.8272038196
      
      
#  type   0  conf  1.0000
  -0.8041123589  -2.4748033691  -3.8272038196
  -0.8058896708  -2.4802733727  -3.9610053655
      
      
#  type   0  conf  1.0000
  -0.8058896708  -2.4802733727  -3.9610053655
  -0.6702309548  -2.0627587756  -4.2552402589
      
      
#  type   0  conf  1.0000
  -0.6702309548  -2.0627587756  -4.2552402589
  -0.6570959969  -2.0223335319  -4.2816611689
      
      
#  type   0  conf  1.0000
  -0.6570959969  -2.0223335319  -4.2816611689
  -0.4724422358  -1.4540276913  -4.5859725714
      
      
#  41  norm     0.9486001946   -0.3164769672    0.0000000000
# nedges  19 
#  type   0  conf  1.0000
   0.5200111507   1.5586684970  -4.5883503284
   0.7132368826   2.1378385028  -4.2793056163
      
      
#  type   0  conf  1.0000
   0.7132368826   2.1378385028  -4.2793056163
   0.8696154682   2.6065637881  -3.9520101820
      
      
#  type   0  conf  1.0000
   0.8696154682   2.6065637881  -3.9520101820
   0.8709264949   2.6104934267  -3.8385023717
      
      
#  type   0  conf  1.0000
   0.8709264949   2.6104934267  -3.8385023717
   0.4941803051   1.4812437625  -2.0958817539
      
      
#  type   0  conf  1.0000
   0.4941803051   1.4812437625  -2.0958817539
   0.4856863586   1.4557842183  -2.0595497453
      
      
#  type   0  conf  1.0000
   0.4856863586   1.4557842183  -2.0595497453
   0.4021889473   1.2055111532  -1.7322430522
      
      
#  type   0  conf  1.0000
   0.4021889473   1.2055111532  -1.7322430522
   0.2761059195   0.8275930198  -1.3800839188
      
      
#  type   0  conf  1.0000
   0.2761059195   0.8275930198  -1.3800839188
   0.1321594286   0.3961313860  -1.0303582576
      
      
#  type   0  conf  1.0000
   0.1321594286   0.3961313860  -1.0303582576
   0.0325362511   0.0975233504  -0.8453631640
      
      
#  type   0  conf  1.0000
   0.0325362511   0.0975233504  -0.8453631640
   0.0152864730   0.0458192943  -0.8332528077
      
      
#  type   0  conf  1.0000
   0.0152864730   0.0458192943  -0.8332528077
  -0.0778783833  -0.2334307303  -1.0067260003
      
      
#  type   0  conf  1.0000
  -0.0778783833  -0.2334307303  -1.0067260003
  -0.0942949244  -0.2826372625  -1.0402970307
      
      
#  type   0  conf  1.0000
  -0.0942949244  -0.2826372625  -1.0402970307
  -0.2350650912  -0.7045782614  -1.3833057608
      
      
#  type   0  conf  1.0000
  -0.2350650912  -0.7045782614  -1.3833057608
  -0.3590957908  -1.0763447973  -1.7307115158
      
      
#  type   0  conf  1.0000
  -0.3590957908  -1.0763447973  -1.7307115158
  -0.4419237364  -1.3246112224  -2.0545917600
      
      
#  type   0  conf  1.0000
  -0.4419237364  -1.3246112224  -2.0545917600
  -0.8288526630  -2.4843823689  -3.8254102823
      
      
#  type   0  conf  1.0000
  -0.8288526630  -2.4843823689  -3.8254102823
  -0.8312902520  -2.4916887375  -3.9611164583
      
      
#  type   0  conf  1.0000
  -0.8312902520  -2.4916887375  -3.9611164583
  -0.6808922606  -2.0408895368  -4.2752731229
      
      
#  type   0  conf  1.0000
  -0.6808922606  -2.0408895368  -4.2752731229
  -0.4843261373  -1.4517071248  -4.5859175682
      
      
#  42  norm     0.9460853588   -0.3239174182    0.0000000000
# nedges  18 
#  type   0  conf  1.0000
   0.5358460197   1.5650781506  -4.5829515516
   0.7343876061   2.1449706710  -4.2784043818
      
      
#  type   0  conf  1.0000
   0.7343876061   2.1449706710  -4.2784043818
   0.8958700706   2.6166223538  -3.9520584828
      
      
#  type   0  conf  1.0000
   0.8958700706   2.6166223538  -3.9520584828
   0.8970046912   2.6199363092  -3.8368954510
      
      
#  type   0  conf  1.0000
   0.8970046912   2.6199363092  -3.8368954510
   0.5058290092   1.4774056374  -2.0972101750
      
      
#  type   0  conf  1.0000
   0.5058290092   1.4774056374  -2.0972101750
   0.4998455378   1.4599293475  -2.0713592405
      
      
#  type   0  conf  1.0000
   0.4998455378   1.4599293475  -2.0713592405
   0.4117886271   1.2027361578  -1.7334863436
      
      
#  type   0  conf  1.0000
   0.4117886271   1.2027361578  -1.7334863436
   0.2812530190   0.8214728460  -1.3771295371
      
      
#  type   0  conf  1.0000
   0.2812530190   0.8214728460  -1.3771295371
   0.1362919840   0.3980763101  -1.0328247646
      
      
#  type   0  conf  1.0000
   0.1362919840   0.3980763101  -1.0328247646
   0.0287196007   0.0838830892  -0.8362470482
      
      
#  type   0  conf  1.0000
   0.0287196007   0.0838830892  -0.8362470482
   0.0108513054   0.0316940696  -0.8397640091
      
      
#  type   0  conf  1.0000
   0.0108513054   0.0316940696  -0.8397640091
  -0.0932784538  -0.2724440691  -1.0328068603
      
      
#  type   0  conf  1.0000
  -0.0932784538  -0.2724440691  -1.0328068603
  -0.2406714418  -0.7029437586  -1.3841323192
      
      
#  type   0  conf  1.0000
  -0.2406714418  -0.7029437586  -1.3841323192
  -0.3674790498  -1.0733184731  -1.7312614297
      
      
#  type   0  conf  1.0000
  -0.3674790498  -1.0733184731  -1.7312614297
  -0.4523247892  -1.3211325989  -2.0558546037
      
      
#  type   0  conf  1.0000
  -0.4523247892  -1.3211325989  -2.0558546037
  -0.8545065491  -2.4958093938  -3.8275805518
      
      
#  type   0  conf  1.0000
  -0.8545065491  -2.4958093938  -3.8275805518
  -0.8563764447  -2.5012709119  -3.9620900276
      
      
#  type   0  conf  1.0000
  -0.8563764447  -2.5012709119  -3.9620900276
  -0.7009813659  -2.0473990278  -4.2750831797
      
      
#  type   0  conf  1.0000
  -0.7009813659  -2.0473990278  -4.2750831797
  -0.4961472606  -1.4491275637  -4.5859076945
      
      
#  43  norm     0.9435121640   -0.3313378885    0.0000000000
# nedges  18 
#  type   0  conf  1.0000
   0.5443185066   1.5499921679  -4.5889733954
   0.7547744892   2.1492830624  -4.2794959677
      
      
#  type   0  conf  1.0000
   0.7547744892   2.1492830624  -4.2794959677
   0.9224677262   2.6268034863  -3.9523317748
      
      
#  type   0  conf  1.0000
   0.9224677262   2.6268034863  -3.9523317748
   0.9250369096   2.6341194495  -3.8437250656
      
      
#  type   0  conf  1.0000
   0.9250369096   2.6341194495  -3.8437250656
   0.5262855474   1.4986418185  -2.1353006221
      
      
#  type   0  conf  1.0000
   0.5262855474   1.4986418185  -2.1353006221
   0.5074176579   1.4449139358  -2.0581205644
      
      
#  type   0  conf  1.0000
   0.5074176579   1.4449139358  -2.0581205644
   0.4209992510   1.1988303425  -1.7337318128
      
      
#  type   0  conf  1.0000
   0.4209992510   1.1988303425  -1.7337318128
   0.2888170197   0.8224304578  -1.3803589869
      
      
#  type   0  conf  1.0000
   0.2888170197   0.8224304578  -1.3803589869
   0.1392611563   0.3965577119  -1.0326385044
      
      
#  type   0  conf  1.0000
   0.1392611563   0.3965577119  -1.0326385044
   0.0291826759   0.0831000940  -0.8357828680
      
      
#  type   0  conf  1.0000
   0.0291826759   0.0831000940  -0.8357828680
   0.0111819400   0.0318415030  -0.8396708809
      
      
#  type   0  conf  1.0000
   0.0111819400   0.0318415030  -0.8396708809
  -0.0950717520  -0.2707247122  -1.0323029668
      
      
#  type   0  conf  1.0000
  -0.0950717520  -0.2707247122  -1.0323029668
  -0.2456928926  -0.6996309232  -1.3834432849
      
      
#  type   0  conf  1.0000
  -0.2456928926  -0.6996309232  -1.3834432849
  -0.3754585434  -1.0691493943  -1.7308759319
      
      
#  type   0  conf  1.0000
  -0.3754585434  -1.0691493943  -1.7308759319
  -0.4616202824  -1.3145021043  -2.0529599845
      
      
#  type   0  conf  1.0000
  -0.4616202824  -1.3145021043  -2.0529599845
  -0.8807287808  -2.5079483717  -3.8293622159
      
      
#  type   0  conf  1.0000
  -0.8807287808  -2.5079483717  -3.8293622159
  -0.8815942620  -2.5104129013  -3.9645757290
      
      
#  type   0  conf  1.0000
  -0.8815942620  -2.5104129013  -3.9645757290
  -0.7185395742  -2.0461011318  -4.2797997363
      
      
#  type   0  conf  1.0000
  -0.7185395742  -2.0461011318  -4.2797997363
  -0.5075857194  -1.4453925049  -4.5856160430
      
      
#  44  norm     0.9408807690   -0.3387379202    0.0000000000
# nedges  18 
#  type   0  conf  1.0000
   0.5564483255   1.5455946827  -4.5885137250
   0.7754957185   2.1540222230  -4.2802348495
      
      
#  type   0  conf  1.0000
   0.7754957185   2.1540222230  -4.2802348495
   0.9497553704   2.6380470265  -3.9519321055
      
      
#  type   0  conf  1.0000
   0.9497553704   2.6380470265  -3.9519321055
   0.9509083144   2.6412494514  -3.8377134159
      
      
#  type   0  conf  1.0000
   0.9509083144   2.6412494514  -3.8377134159
   0.5288198624   1.4688536743  -2.0985728116
      
      
#  type   0  conf  1.0000
   0.5288198624   1.4688536743  -2.0985728116
   0.5219308100   1.4497185952  -2.0712797290
      
      
#  type   0  conf  1.0000
   0.5219308100   1.4497185952  -2.0712797290
   0.4300662298   1.1945549075  -1.7340106760
      
      
#  type   0  conf  1.0000
   0.4300662298   1.1945549075  -1.7340106760
   0.2952025489   0.8199566232  -1.3806780370
      
      
#  type   0  conf  1.0000
   0.2952025489   0.8199566232  -1.3806780370
   0.1417380418   0.3936925564  -1.0316042118
      
      
#  type   0  conf  1.0000
   0.1417380418   0.3936925564  -1.0316042118
   0.0297372523   0.0825983957  -0.8358445802
      
      
#  type   0  conf  1.0000
   0.0297372523   0.0825983957  -0.8358445802
   0.0112284635   0.0311882571  -0.8398476667
      
      
#  type   0  conf  1.0000
   0.0112284635   0.0311882571  -0.8398476667
  -0.0971578332  -0.2698662635  -1.0324058647
      
      
#  type   0  conf  1.0000
  -0.0971578332  -0.2698662635  -1.0324058647
  -0.2514799860  -0.6985125328  -1.3846083922
      
      
#  type   0  conf  1.0000
  -0.2514799860  -0.6985125328  -1.3846083922
  -0.3837915048  -1.0660219142  -1.7316201019
      
      
#  type   0  conf  1.0000
  -0.3837915048  -1.0660219142  -1.7316201019
  -0.4724959915  -1.3124081044  -2.0567718478
      
      
#  type   0  conf  1.0000
  -0.4724959915  -1.3124081044  -2.0567718478
  -0.9061566281  -2.5169468609  -3.8269728208
      
      
#  type   0  conf  1.0000
  -0.9061566281  -2.5169468609  -3.8269728208
  -0.9082824909  -2.5228516719  -3.9623175533
      
      
#  type   0  conf  1.0000
  -0.9082824909  -2.5228516719  -3.9623175533
  -0.7416798826  -2.0600951254  -4.2755749956
      
      
#  type   0  conf  1.0000
  -0.7416798826  -2.0600951254  -4.2755749956
  -0.5195361519  -1.4430671763  -4.5858756067
      
      
#  45  norm     0.9381913359   -0.3461170571    0.0000000000
# nedges  18 
#  type   0  conf  1.0000
   0.5687750922   1.5417323493  -4.5882812917
   0.7980353844   2.1631695637  -4.2785697433
      
      
#  type   0  conf  1.0000
   0.7980353844   2.1631695637  -4.2785697433
   0.9781710578   2.6514486725  -3.9485942230
      
      
#  type   0  conf  1.0000
   0.9781710578   2.6514486725  -3.9485942230
   0.9761421273   2.6459490155  -3.8284353312
      
      
#  type   0  conf  1.0000
   0.9761421273   2.6459490155  -3.8284353312
   0.5332272491   1.4453757044  -2.0723834022
      
      
#  type   0  conf  1.0000
   0.5332272491   1.4453757044  -2.0723834022
   0.4392885878   1.1907438210  -1.7344419754
      
      
#  type   0  conf  1.0000
   0.4392885878   1.1907438210  -1.7344419754
   0.3012367610   0.8165379702  -1.3804096651
      
      
#  type   0  conf  1.0000
   0.3012367610   0.8165379702  -1.3804096651
   0.1457062489   0.3949540699  -1.0337477678
      
      
#  type   0  conf  1.0000
   0.1457062489   0.3949540699  -1.0337477678
   0.0329943795   0.0894351792  -0.8398835777
      
      
#  type   0  conf  1.0000
   0.0329943795   0.0894351792  -0.8398835777
   0.0138485568   0.0375381559  -0.8357652465
      
      
#  type   0  conf  1.0000
   0.0138485568   0.0375381559  -0.8357652465
  -0.0993726706  -0.2693614101  -1.0329639692
      
      
#  type   0  conf  1.0000
  -0.0993726706  -0.2693614101  -1.0329639692
  -0.2561270192  -0.6942626646  -1.3832654253
      
      
#  type   0  conf  1.0000
  -0.2561270192  -0.6942626646  -1.3832654253
  -0.3912486535  -1.0605258811  -1.7299669206
      
      
#  type   0  conf  1.0000
  -0.3912486535  -1.0605258811  -1.7299669206
  -0.4812943988  -1.3046055541  -2.0526080421
      
      
#  type   0  conf  1.0000
  -0.4812943988  -1.3046055541  -2.0526080421
  -0.9325984386  -2.5279186826  -3.8280664576
      
      
#  type   0  conf  1.0000
  -0.9325984386  -2.5279186826  -3.8280664576
  -0.9346276298  -2.5334190462  -3.9614413044
      
      
#  type   0  conf  1.0000
  -0.9346276298  -2.5334190462  -3.9614413044
  -0.7731628782  -2.0957496858  -4.2559840419
      
      
#  type   0  conf  1.0000
  -0.7731628782  -2.0957496858  -4.2559840419
  -0.7554365358  -2.0477003320  -4.2852822429
      
      
#  type   0  conf  1.0000
  -0.7554365358  -2.0477003320  -4.2852822429
  -0.5311887822  -1.4398501982  -4.5848990562
      
      
#  46  norm     0.9354440308   -0.3534748438   -0.0000000000
# nedges  19 
#  type   0  conf  1.0000
   0.5847265170   1.5474338264  -4.5828477100
   0.8180100321   2.1648007353  -4.2805450449
      
      
#  type   0  conf  1.0000
   0.8180100321   2.1648007353  -4.2805450449
   1.0050210991   2.6597111634  -3.9498949503
      
      
#  type   0  conf  1.0000
   1.0050210991   2.6597111634  -3.9498949503
   1.0042657739   2.6577122534  -3.8323898749
      
      
#  type   0  conf  1.0000
   1.0042657739   2.6577122534  -3.8323898749
   0.5708725875   1.5107704657  -2.1744491613
      
      
#  type   0  conf  1.0000
   0.5708725875   1.5107704657  -2.1744491613
   0.5424077559   1.4354404748  -2.0667079404
      
      
#  type   0  conf  1.0000
   0.5424077559   1.4354404748  -2.0667079404
   0.4485356082   1.1870150442  -1.7353079255
      
      
#  type   0  conf  1.0000
   0.4485356082   1.1870150442  -1.7353079255
   0.3076669628   0.8142169914  -1.3809855491
      
      
#  type   0  conf  1.0000
   0.3076669628   0.8142169914  -1.3809855491
   0.1475203075   0.3904011658  -1.0311803314
      
      
#  type   0  conf  1.0000
   0.1475203075   0.3904011658  -1.0311803314
   0.0361138923   0.0955726429  -0.8451037303
      
      
#  type   0  conf  1.0000
   0.0361138923   0.0955726429  -0.8451037303
   0.0170565811   0.0451389321  -0.8335564672
      
      
#  type   0  conf  1.0000
   0.0170565811   0.0451389321  -0.8335564672
  -0.0823992182  -0.2180632035  -0.9998885488
      
      
#  type   0  conf  1.0000
  -0.0823992182  -0.2180632035  -0.9998885488
  -0.1039893790  -0.2751999063  -1.0385021922
      
      
#  type   0  conf  1.0000
  -0.1039893790  -0.2751999063  -1.0385021922
  -0.2624095296  -0.6944466698  -1.3858690649
      
      
#  type   0  conf  1.0000
  -0.2624095296  -0.6944466698  -1.3858690649
  -0.4000208580  -1.0586244833  -1.7326305386
      
      
#  type   0  conf  1.0000
  -0.4000208580  -1.0586244833  -1.7326305386
  -0.4919831344  -1.3019955861  -2.0562262088
      
      
#  type   0  conf  1.0000
  -0.4919831344  -1.3019955861  -2.0562262088
  -0.9590857971  -2.5381469140  -3.8282312938
      
      
#  type   0  conf  1.0000
  -0.9590857971  -2.5381469140  -3.8282312938
  -0.9608432740  -2.5427979418  -3.9626340509
      
      
#  type   0  conf  1.0000
  -0.9608432740  -2.5427979418  -3.9626340509
  -0.7825359715  -2.0709213579  -4.2764154853
      
      
#  type   0  conf  1.0000
  -0.7825359715  -2.0709213579  -4.2764154853
  -0.5426058801  -1.4359647952  -4.5855992071
      
      
#  47  norm     0.9326390231   -0.3608108265    0.0000000000
# nedges  17 
#  type   0  conf  1.0000
   0.5963136631   1.5413766757  -4.5834985676
   0.8376714115   2.1652483505  -4.2826076762
      
      
#  type   0  conf  1.0000
   0.8376714115   2.1652483505  -4.2826076762
   1.0309327277   2.6647983418  -3.9517980281
      
      
#  type   0  conf  1.0000
   1.0309327277   2.6647983418  -3.9517980281
   1.0316318150   2.6666053721  -3.8338797262
      
      
#  type   0  conf  1.0000
   1.0316318150   2.6666053721  -3.8338797262
   0.5562536514   1.4378278698  -2.0770069949
      
      
#  type   0  conf  1.0000
   0.5562536514   1.4378278698  -2.0770069949
   0.4574174456   1.1823518818  -1.7350769162
      
      
#  type   0  conf  1.0000
   0.4574174456   1.1823518818  -1.7350769162
   0.3126435098   0.8081341140  -1.3785248214
      
      
#  type   0  conf  1.0000
   0.3126435098   0.8081341140  -1.3785248214
   0.1516520733   0.3919966672  -1.0338143538
      
      
#  type   0  conf  1.0000
   0.1516520733   0.3919966672  -1.0338143538
   0.0338052708   0.0873812879  -0.8390337658
      
      
#  type   4  conf  0.0000
#  type   0  conf  1.0000
   0.0131087011   0.0338839229  -0.8382280352
  -0.1032046115  -0.2667676272  -1.0325830062
      
      
#  type   0  conf  1.0000
  -0.1032046115  -0.2667676272  -1.0325830062
  -0.2659074440  -0.6873287624  -1.3819588955
      
      
#  type   0  conf  1.0000
  -0.2659074440  -0.6873287624  -1.3819588955
  -0.4081685278  -1.0550512045  -1.7331533945
      
      
#  type   0  conf  1.0000
  -0.4081685278  -1.0550512045  -1.7331533945
  -0.5028464870  -1.2997787815  -2.0600827882
      
      
#  type   0  conf  1.0000
  -0.5028464870  -1.2997787815  -2.0600827882
  -0.9848367647  -2.5456475548  -3.8279726300
      
      
#  type   0  conf  1.0000
  -0.9848367647  -2.5456475548  -3.8279726300
  -0.9865790855  -2.5501511789  -3.9631152187
      
      
#  type   0  conf  1.0000
  -0.9865790855  -2.5501511789  -3.9631152187
  -0.8020642989  -2.0732095861  -4.2779364311
      
      
#  type   0  conf  1.0000
  -0.8020642989  -2.0732095861  -4.2779364311
  -0.5541183037  -1.4323083332  -4.5848447065
      
      
#  48  norm     0.9297764859   -0.3681245527   -0.0000000000
# nedges  18 
#  type   0  conf  1.0000
   0.6084223261   1.5366993811  -4.5833633972
   0.8593404686   2.1704462667  -4.2821866139
      
      
#  type   0  conf  1.0000
   0.8593404686   2.1704462667  -4.2821866139
   1.0595138696   2.6760265656  -3.9495262018
      
      
#  type   0  conf  1.0000
   1.0595138696   2.6760265656  -3.9495262018
   1.0577602961   2.6715975446  -3.8265841521
      
      
#  type   0  conf  1.0000
   1.0577602961   2.6715975446  -3.8265841521
   0.5427173729   1.3707476127  -1.9942618764
      
      
#  type   0  conf  1.0000
   0.5427173729   1.3707476127  -1.9942618764
   0.4661456182   1.1773494368  -1.7349031514
      
      
#  type   0  conf  1.0000
   0.4661456182   1.1773494368  -1.7349031514
   0.3193450982   0.8065736474  -1.3799637012
      
      
#  type   0  conf  1.0000
   0.3193450982   0.8065736474  -1.3799637012
   0.1551592310   0.3918874835  -1.0347321458
      
      
#  type   0  conf  1.0000
   0.1551592310   0.3918874835  -1.0347321458
   0.0344809924   0.0870890455  -0.8389420328
      
      
#  type   4  conf  0.0000
#  type   0  conf  1.0000
   0.0134245896   0.0339066430  -0.8382540010
  -0.1053489522  -0.2660810802  -1.0329548063
      
      
#  type   0  conf  1.0000
  -0.1053489522  -0.2660810802  -1.0329548063
  -0.2702596090  -0.6825978537  -1.3805499447
      
      
#  type   0  conf  1.0000
  -0.2702596090  -0.6825978537  -1.3805499447
  -0.4132003805  -1.0436250311  -1.7261395992
      
      
#  type   0  conf  1.0000
  -0.4132003805  -1.0436250311  -1.7261395992
  -0.4781019140  -1.2075475931  -1.9414090774
      
      
#  type   0  conf  1.0000
  -0.4781019140  -1.2075475931  -1.9414090774
  -1.0114602568  -2.5546569939  -3.8272516621
      
      
#  type   0  conf  1.0000
  -1.0114602568  -2.5546569939  -3.8272516621
  -1.0131531922  -2.5589328607  -3.9638181957
      
      
#  type   0  conf  1.0000
  -1.0131531922  -2.5589328607  -3.9638181957
  -0.8274363110  -2.0898655629  -4.2696945832
      
      
#  type   0  conf  1.0000
  -0.8274363110  -2.0898655629  -4.2696945832
  -0.8131864968  -2.0538746406  -4.2897385302
      
      
#  type   0  conf  1.0000
  -0.8131864968  -2.0538746406  -4.2897385302
  -0.5637658499  -1.4239099971  -4.5868189847
      
      
#  49  norm     0.9268565956   -0.3754155712   -0.0000000000
# nedges  16 
#  type   0  conf  1.0000
   0.6211428529   1.5335281596  -4.5826491604
   0.8803444788   2.1734662842  -4.2824329721
      
      
#  type   0  conf  1.0000
   0.8803444788   2.1734662842  -4.2824329721
   1.0868522508   2.6833095224  -3.9491297586
      
      
#  type   0  conf  1.0000
   1.0868522508   2.6833095224  -3.9491297586
   1.0854256597   2.6797874380  -3.8293381695
      
      
#  type   0  conf  1.0000
   1.0854256597   2.6797874380  -3.8293381695
   0.5520842048   1.3630305340  -1.9905370159
      
      
#  type   0  conf  1.0000
   0.5520842048   1.3630305340  -1.9905370159
   0.4750219108   1.1727728546  -1.7349967386
      
      
#  type   0  conf  1.0000
   0.4750219108   1.1727728546  -1.7349967386
   0.3242162151   0.8004514475  -1.3774512372
      
      
#  type   0  conf  1.0000
   0.3242162151   0.8004514475  -1.3774512372
   0.1580006174   0.3900848170  -1.0344950790
      
      
#  type   0  conf  1.0000
   0.1580006174   0.3900848170  -1.0344950790
   0.0347263478   0.0857352411  -0.8382989875
      
      
#  type   4  conf  0.0000
#  type   0  conf  1.0000
   0.0130778847   0.0322877489  -0.8388007299
  -0.1079334111  -0.2664748126  -1.0343390131
      
      
#  type   0  conf  1.0000
  -0.1079334111  -0.2664748126  -1.0343390131
  -0.2756892095  -0.6806440162  -1.3812998528
      
      
#  type   0  conf  1.0000
  -0.2756892095  -0.6806440162  -1.3812998528
  -0.4315494715  -1.0654445492  -1.7513949112
      
      
#  type   0  conf  1.0000
  -0.4315494715  -1.0654445492  -1.7513949112
  -1.0371367893  -2.5605679343  -3.8250030542
      
      
#  type   0  conf  1.0000
  -1.0371367893  -2.5605679343  -3.8250030542
  -1.0396634493  -2.5668059587  -3.9624326622
      
      
#  type   0  conf  1.0000
  -1.0396634493  -2.5668059587  -3.9624326622
  -0.8432841785  -2.0819687907  -4.2781384060
      
      
#  type   0  conf  1.0000
  -0.8432841785  -2.0819687907  -4.2781384060
  -0.5766376624  -1.4236501138  -4.5853894099
      
      
#  50  norm     0.9238795325   -0.3826834324    0.0000000000
# nedges  15 
#  type   0  conf  1.0000
   0.6325562227   1.5271258118  -4.5830812337
   0.9010704825   2.1753765794  -4.2832908505
      
      
#  type   0  conf  1.0000
   0.9010704825   2.1753765794  -4.2832908505
   1.1142206890   2.6899666988  -3.9490670813
      
      
#  type   0  conf  1.0000
   1.1142206890   2.6899666988  -3.9490670813
   1.1124191726   2.6856174536  -3.8282748212
      
      
#  type   0  conf  1.0000
   1.1124191726   2.6856174536  -3.8282748212
   0.4913094709   1.1861259880  -1.7529879847
      
      
#  type   0  conf  1.0000
   0.4913094709   1.1861259880  -1.7529879847
   0.3316570187   0.8006908725  -1.3808238562
      
      
#  type   0  conf  1.0000
   0.3316570187   0.8006908725  -1.3808238562
   0.1603704274   0.3871684609  -1.0335935995
      
      
#  type   0  conf  1.0000
   0.1603704274   0.3871684609  -1.0335935995
   0.0358117848   0.0864572966  -0.8389903906
      
      
#  type   4  conf  0.0000
#  type   0  conf  1.0000
   0.0138965870   0.0335493289  -0.8382592443
  -0.1089231888  -0.2629638396  -1.0322996456
      
      
#  type   0  conf  1.0000
  -0.1089231888  -0.2629638396  -1.0322996456
  -0.2811338946  -0.6787172611  -1.3823231702
      
      
#  type   0  conf  1.0000
  -0.2811338946  -0.6787172611  -1.3823231702
  -0.4374225632  -1.0560314847  -1.7467306683
      
      
#  type   0  conf  1.0000
  -0.4374225632  -1.0560314847  -1.7467306683
  -1.0632498533  -2.5669122160  -3.8246596860
      
      
#  type   0  conf  1.0000
  -1.0632498533  -2.5669122160  -3.8246596860
  -1.0662652137  -2.5741919401  -3.9625308301
      
      
#  type   0  conf  1.0000
  -1.0662652137  -2.5741919401  -3.9625308301
  -0.8628948721  -2.0832125031  -4.2798282581
      
      
#  type   0  conf  1.0000
  -0.8628948721  -2.0832125031  -4.2798282581
  -0.5878374388  -1.4191651172  -4.5849253705
      
      
#  51  norm     0.9208454801   -0.3899276878    0.0000000000
# nedges  15 
#  type   0  conf  1.0000
   0.6395237247   1.5102865218  -4.5890742366
   0.9217552827   2.1767989615  -4.2842744330
      
      
#  type   0  conf  1.0000
   0.9217552827   2.1767989615  -4.2842744330
   1.1419572311   2.6968235079  -3.9494489847
      
      
#  type   0  conf  1.0000
   1.1419572311   2.6968235079  -3.9494489847
   1.1401743914   2.6926131890  -3.8280811791
      
      
#  type   0  conf  1.0000
   1.1401743914   2.6926131890  -3.8280811791
   0.4976451265   1.1752288432  -1.7472812352
      
      
#  type   0  conf  1.0000
   0.4976451265   1.1752288432  -1.7472812352
   0.3361210059   0.7937766893  -1.3777965907
      
      
#  type   0  conf  1.0000
   0.3361210059   0.7937766893  -1.3777965907
   0.1642651354   0.3879252801  -1.0355798908
      
      
#  type   0  conf  1.0000
   0.1642651354   0.3879252801  -1.0355798908
   0.0364918934   0.0861785304  -0.8389230081
      
      
#  type   4  conf  0.0000
#  type   0  conf  1.0000
   0.0144253233   0.0340665569  -0.8379951598
  -0.1103650901  -0.2606360040  -1.0315979954
      
      
#  type   0  conf  1.0000
  -0.1103650901  -0.2606360040  -1.0315979954
  -0.2856808652  -0.6746582551  -1.3814433390
      
      
#  type   0  conf  1.0000
  -0.2856808652  -0.6746582551  -1.3814433390
  -0.4435695973  -1.0475251478  -1.7434291823
      
      
#  type   0  conf  1.0000
  -0.4435695973  -1.0475251478  -1.7434291823
  -1.0908410669  -2.5761085900  -3.8273726647
      
      
#  type   0  conf  1.0000
  -1.0908410669  -2.5761085900  -3.8273726647
  -1.0929103071  -2.5809952666  -3.9632842535
      
      
#  type   0  conf  1.0000
  -1.0929103071  -2.5809952666  -3.9632842535
  -0.8830963426  -2.0855027768  -4.2808461356
      
      
#  type   0  conf  1.0000
  -0.8830963426  -2.0855027768  -4.2808461356
  -0.5988853068  -1.4143156415  -4.5849504715
      
      
#  52  norm     0.9177546257   -0.3971478906    0.0000000000
# nedges  16 
#  type   0  conf  1.0000
   0.6511499482   1.5047187486  -4.5884888406
   0.9418164193   2.1764093320  -4.2863282835
      
      
#  type   0  conf  1.0000
   0.9418164193   2.1764093320  -4.2863282835
   1.1690306655   2.7014704752  -3.9513312529
      
      
#  type   0  conf  1.0000
   1.1690306655   2.7014704752  -3.9513312529
   1.1690497580   2.7015145954  -3.8315775418
      
      
#  type   0  conf  1.0000
   1.1690497580   2.7015145954  -3.8315775418
   0.5045208244   1.1658788358  -1.7436605661
      
      
#  type   0  conf  1.0000
   0.5045208244   1.1658788358  -1.7436605661
   0.3413014369   0.7887010856  -1.3765029482
      
      
#  type   0  conf  1.0000
   0.3413014369   0.7887010856  -1.3765029482
   0.1662914253   0.3842768107  -1.0342833210
      
      
#  type   0  conf  1.0000
   0.1662914253   0.3842768107  -1.0342833210
   0.0374050995   0.0864380850  -0.8394357345
      
      
#  type   4  conf  0.0000
#  type   0  conf  1.0000
   0.0147197835   0.0340154126  -0.8376950985
  -0.1111306385  -0.2568077533  -1.0296544604
      
      
#  type   0  conf  1.0000
  -0.1111306385  -0.2568077533  -1.0296544604
  -0.2900390606  -0.6702407233  -1.3801679544
      
      
#  type   0  conf  1.0000
  -0.2900390606  -0.6702407233  -1.3801679544
  -0.4497333614  -1.0392724788  -1.7402376168
      
      
#  type   0  conf  1.0000
  -0.4497333614  -1.0392724788  -1.7402376168
  -1.1181588126  -2.5839125594  -3.8284549092
      
      
#  type   0  conf  1.0000
  -1.1181588126  -2.5839125594  -3.8284549092
  -1.1201478411  -2.5885089331  -3.9623523407
      
      
#  type   0  conf  1.0000
  -1.1201478411  -2.5885089331  -3.9623523407
  -0.9131000979  -2.1100498285  -4.2678988819
      
      
#  type   0  conf  1.0000
  -0.9131000979  -2.1100498285  -4.2678988819
  -0.8979225951  -2.0749766890  -4.2865265530
      
      
#  type   0  conf  1.0000
  -0.8979225951  -2.0749766890  -4.2865265530
  -0.6078021806  -1.4045479678  -4.5890856010
      
      
#  53  norm     0.9146071598   -0.4043435955    0.0000000000
# nedges  16 
#  type   0  conf  1.0000
   0.6684880308   1.5120900788  -4.5840122565
   0.9640546857   2.1806486557  -4.2857922394
      
      
#  type   0  conf  1.0000
   0.9640546857   2.1806486557  -4.2857922394
   1.1979788062   2.7097745718  -3.9496369948
      
      
#  type   0  conf  1.0000
   1.1979788062   2.7097745718  -3.9496369948
   1.1967950305   2.7070969241  -3.8310674054
      
      
#  type   0  conf  1.0000
   1.1967950305   2.7070969241  -3.8310674054
   0.5185255924   1.1728817388  -1.7616479782
      
      
#  type   0  conf  1.0000
   0.5185255924   1.1728817388  -1.7616479782
   0.5036761669   1.1392930012  -1.7231809119
      
      
#  type   0  conf  1.0000
   0.5036761669   1.1392930012  -1.7231809119
   0.3487552127   0.7888687198  -1.3799925508
      
      
#  type   0  conf  1.0000
   0.3487552127   0.7888687198  -1.3799925508
   0.1689283312   0.3821083427  -1.0338050700
      
      
#  type   0  conf  1.0000
   0.1689283312   0.3821083427  -1.0338050700
   0.0380876116   0.0861524768  -0.8394704044
      
      
#  type   4  conf  0.0000
#  type   0  conf  1.0000
   0.0149710577   0.0338638641  -0.8376736907
  -0.1142379904  -0.2584012336  -1.0318561663
      
      
#  type   0  conf  1.0000
  -0.1142379904  -0.2584012336  -1.0318561663
  -0.2964045188  -0.6704537875  -1.3836126942
      
      
#  type   0  conf  1.0000
  -0.2964045188  -0.6704537875  -1.3836126942
  -0.4557288496  -1.0308383103  -1.7370844506
      
      
#  type   0  conf  1.0000
  -0.4557288496  -1.0308383103  -1.7370844506
  -1.1453764444  -2.5907903781  -3.8287962544
      
      
#  type   0  conf  1.0000
  -1.1453764444  -2.5907903781  -3.8287962544
  -1.1472209059  -2.5949624676  -3.9635717960
      
      
#  type   0  conf  1.0000
  -1.1472209059  -2.5949624676  -3.9635717960
  -0.9237646098  -2.0895143027  -4.2829455402
      
      
#  type   0  conf  1.0000
  -0.9237646098  -2.0895143027  -4.2829455402
  -0.6211821611  -1.4050863137  -4.5848640911
      
      
#  54  norm     0.9114032766   -0.4115143586    0.0000000000
# nedges  15 
#  type   0  conf  1.0000
   0.6802855347   1.5066654477  -4.5842798238
   0.9843714801   2.1801411630  -4.2874775610
      
      
#  type   0  conf  1.0000
   0.9843714801   2.1801411630  -4.2874775610
   1.2266708746   2.7167748369  -3.9492333597
      
      
#  type   0  conf  1.0000
   1.2266708746   2.7167748369  -3.9492333597
   1.2244906703   2.7119462195  -3.8291807854
      
      
#  type   0  conf  1.0000
   1.2244906703   2.7119462195  -3.8291807854
   0.5185384103   1.1484352765  -1.7376983645
      
      
#  type   0  conf  1.0000
   0.5185384103   1.1484352765  -1.7376983645
   0.3543996331   0.7849081814  -1.3800412159
      
      
#  type   0  conf  1.0000
   0.3543996331   0.7849081814  -1.3800412159
   0.1720710372   0.3810951037  -1.0344894418
      
      
#  type   0  conf  1.0000
   0.1720710372   0.3810951037  -1.0344894418
   0.0386373169   0.0855721713  -0.8392185325
      
      
#  type   4  conf  0.0000
#  type   0  conf  1.0000
   0.0151892581   0.0336404777  -0.8378529732
  -0.1152647709  -0.2552831699  -1.0304674738
      
      
#  type   0  conf  1.0000
  -0.1152647709  -0.2552831699  -1.0304674738
  -0.3004029200  -0.6653187181  -1.3819882852
      
      
#  type   0  conf  1.0000
  -0.3004029200  -0.6653187181  -1.3819882852
  -0.4615034141  -1.0221167622  -1.7333055856
      
      
#  type   0  conf  1.0000
  -0.4615034141  -1.0221167622  -1.7333055856
  -1.1726469585  -2.5971251256  -3.8285948715
      
      
#  type   0  conf  1.0000
  -1.1726469585  -2.5971251256  -3.8285948715
  -1.1746839385  -2.6016365363  -3.9636092099
      
      
#  type   0  conf  1.0000
  -1.1746839385  -2.6016365363  -3.9636092099
  -0.9448588632  -2.0926304171  -4.2831169554
      
      
#  type   0  conf  1.0000
  -0.9448588632  -2.0926304171  -4.2831169554
  -0.6322158167  -1.4002028235  -4.5853254353
      
      
#  55  norm     0.9081431738   -0.4186597375    0.0000000000
# nedges  18 
#  type   0  conf  1.0000
   0.6865670693   1.4892791004  -4.5900145660
   1.0065992019   2.1834824608  -4.2863352686
      
      
#  type   0  conf  1.0000
   1.0065992019   2.1834824608  -4.2863352686
   1.2527193407   2.7173583127  -3.9517317207
      
      
#  type   0  conf  1.0000
   1.2527193407   2.7173583127  -3.9517317207
   1.2542606407   2.7207016508  -3.8368797487
      
      
#  type   0  conf  1.0000
   1.2542606407   2.7207016508  -3.8368797487
   0.5306847002   1.1511441028  -1.7489690596
      
      
#  type   0  conf  1.0000
   0.5306847002   1.1511441028  -1.7489690596
   0.5203083962   1.1286361594  -1.7236681229
      
      
#  type   0  conf  1.0000
   0.5203083962   1.1286361594  -1.7236681229
   0.3599696031   0.7808344307  -1.3799062301
      
      
#  type   0  conf  1.0000
   0.3599696031   0.7808344307  -1.3799062301
   0.1736948474   0.3767732501  -1.0323753814
      
      
#  type   0  conf  1.0000
   0.1736948474   0.3767732501  -1.0323753814
   0.0367957761   0.0798162085  -0.8363978117
      
      
#  type   0  conf  1.0000
   0.0367957761   0.0798162085  -0.8363978117
   0.0146209344   0.0317152584  -0.8389370571
      
      
#  type   0  conf  1.0000
   0.0146209344   0.0317152584  -0.8389370571
  -0.1184547396  -0.2569481933  -1.0329891843
      
      
#  type   0  conf  1.0000
  -0.1184547396  -0.2569481933  -1.0329891843
  -0.3059443089  -0.6636445084  -1.3833949548
      
      
#  type   0  conf  1.0000
  -0.3059443089  -0.6636445084  -1.3833949548
  -0.4633469148  -1.0050771548  -1.7217534817
      
      
#  type   0  conf  1.0000
  -0.4633469148  -1.0050771548  -1.7217534817
  -0.4754316120  -1.0312908894  -1.7519166378
      
      
#  type   0  conf  1.0000
  -0.4754316120  -1.0312908894  -1.7519166378
  -1.2020681361  -2.6074873565  -3.8388349533
      
      
#  type   0  conf  1.0000
  -1.2020681361  -2.6074873565  -3.8388349533
  -1.2001477234  -2.6033216592  -3.9662342452
      
      
#  type   0  conf  1.0000
  -1.2001477234  -2.6033216592  -3.9662342452
  -0.9735334187  -2.1117572324  -4.2721227583
      
      
#  type   0  conf  1.0000
  -0.9735334187  -2.1117572324  -4.2721227583
  -0.9520185647  -2.0650879064  -4.2960189476
      
      
#  type   0  conf  1.0000
  -0.9520185647  -2.0650879064  -4.2960189476
  -0.6411644582  -1.3907932236  -4.5872873622
      
      
#  56  norm     0.9048270525   -0.4257792916    0.0000000000
# nedges  17 
#  type   0  conf  1.0000
   0.7040242400   1.4961276664  -4.5861234125
   1.0265051632   2.1814345122  -4.2880589917
      
      
#  type   0  conf  1.0000
   1.0265051632   2.1814345122  -4.2880589917
   1.2820141694   2.7244187894  -3.9502533162
      
      
#  type   0  conf  1.0000
   1.2820141694   2.7244187894  -3.9502533162
   1.2815388049   2.7234085885  -3.8343793355
      
      
#  type   0  conf  1.0000
   1.2815388049   2.7234085885  -3.8343793355
   0.5387690879   1.1449425921  -1.7488044436
      
      
#  type   0  conf  1.0000
   0.5387690879   1.1449425921  -1.7488044436
   0.5283760860   1.1228563389  -1.7239123825
      
      
#  type   0  conf  1.0000
   0.5283760860   1.1228563389  -1.7239123825
   0.3654324766   0.7765835428  -1.3794736934
      
      
#  type   0  conf  1.0000
   0.3654324766   0.7765835428  -1.3794736934
   0.1778096093   0.3778646540  -1.0348914544
      
      
#  type   0  conf  1.0000
   0.1778096093   0.3778646540  -1.0348914544
   0.0399445661   0.0848865239  -0.8394597742
      
      
#  type   4  conf  0.0000
#  type   0  conf  1.0000
   0.0160897661   0.0341924935  -0.8375669643
  -0.1189584136  -0.2527994971  -1.0307294680
      
      
#  type   0  conf  1.0000
  -0.1189584136  -0.2527994971  -1.0307294680
  -0.3111342930  -0.6611940290  -1.3843560476
      
      
#  type   0  conf  1.0000
  -0.3111342930  -0.6611940290  -1.3843560476
  -0.4752492851  -1.0099561400  -1.7321455513
      
      
#  type   0  conf  1.0000
  -0.4752492851  -1.0099561400  -1.7321455513
  -1.2267965360  -2.6070753454  -3.8298892593
      
      
#  type   0  conf  1.0000
  -1.2267965360  -2.6070753454  -3.8298892593
  -1.2289271636  -2.6116031596  -3.9633943972
      
      
#  type   0  conf  1.0000
  -1.2289271636  -2.6116031596  -3.9633943972
  -0.9957237664  -2.1160207141  -4.2710953005
      
      
#  type   0  conf  1.0000
  -0.9957237664  -2.1160207141  -4.2710953005
  -0.9735579422  -2.0689159400  -4.2953169596
      
      
#  type   0  conf  1.0000
  -0.9735579422  -2.0689159400  -4.2953169596
  -0.6521843141  -1.3859622163  -4.5877913184
      
      
#  57  norm     0.9014551171   -0.4328725815    0.0000000000
# nedges  18 
#  type   0  conf  1.0000
   0.7215688573   1.5026637550  -4.5816105637
   1.0499588869   2.1865344487  -4.2858330871
      
      
#  type   0  conf  1.0000
   1.0499588869   2.1865344487  -4.2858330871
   1.3091578243   2.7263150179  -3.9511215416
      
      
#  type   0  conf  1.0000
   1.3091578243   2.7263150179  -3.9511215416
   1.3100509238   2.7281748934  -3.8365933584
      
      
#  type   0  conf  1.0000
   1.3100509238   2.7281748934  -3.8365933584
   0.5469697950   1.1390620281  -1.7488893885
      
      
#  type   0  conf  1.0000
   0.5469697950   1.1390620281  -1.7488893885
   0.5365788437   1.1174229208  -1.7244680496
      
      
#  type   0  conf  1.0000
   0.5365788437   1.1174229208  -1.7244680496
   0.3715754043   0.7738040335  -1.3807026535
      
      
#  type   0  conf  1.0000
   0.3715754043   0.7738040335  -1.3807026535
   0.1795710958   0.3739559632  -1.0333649525
      
      
#  type   0  conf  1.0000
   0.1795710958   0.3739559632  -1.0333649525
   0.0405063225   0.0843542263  -0.8394617399
      
      
#  type   4  conf  0.0000
#  type   0  conf  1.0000
   0.0163049816   0.0339550475  -0.8376856489
  -0.1208300735  -0.2516280603  -1.0308649586
      
      
#  type   0  conf  1.0000
  -0.1208300735  -0.2516280603  -1.0308649586
  -0.3155841404  -0.6572024895  -1.3838954877
      
      
#  type   0  conf  1.0000
  -0.3155841404  -0.6572024895  -1.3838954877
  -0.4748158066  -0.9888016863  -1.7162751328
      
      
#  type   0  conf  1.0000
  -0.4748158066  -0.9888016863  -1.7162751328
  -0.4884846533  -1.0172669952  -1.7477634786
      
      
#  type   0  conf  1.0000
  -0.4884846533  -1.0172669952  -1.7477634786
  -1.2565167697  -2.6166902690  -3.8397104352
      
      
#  type   0  conf  1.0000
  -1.2565167697  -2.6166902690  -3.8397104352
  -1.2544589743  -2.6124049198  -3.9656735215
      
      
#  type   0  conf  1.0000
  -1.2544589743  -2.6124049198  -3.9656735215
  -1.0123479819  -2.1082099157  -4.2768934316
      
      
#  type   0  conf  1.0000
  -1.0123479819  -2.1082099157  -4.2768934316
  -0.9786438150  -2.0380211464  -4.3092046413
      
      
#  type   0  conf  1.0000
  -0.9786438150  -2.0380211464  -4.3092046413
  -0.6631236437  -1.3809518723  -4.5879726693
      
      
#  58  norm     0.8980275758   -0.4399391699    0.0000000000
# nedges  18 
#  type   0  conf  1.0000
   0.7254561871   1.4808403198  -4.5897485917
   1.0477542433   2.1387325057  -4.3069831742
      
      
#  type   0  conf  1.0000
   1.0477542433   2.1387325057  -4.3069831742
   1.0855652011   2.2159142733  -4.2683000556
      
      
#  type   0  conf  1.0000
   1.0855652011   2.2159142733  -4.2683000556
   1.3381177877   2.7314382426  -3.9484850596
      
      
#  type   0  conf  1.0000
   1.3381177877   2.7314382426  -3.9484850596
   1.3369136301   2.7289802512  -3.8329333260
      
      
#  type   0  conf  1.0000
   1.3369136301   2.7289802512  -3.8329333260
   0.5561933771   1.1353319376  -1.7522805536
      
      
#  type   0  conf  1.0000
   0.5561933771   1.1353319376  -1.7522805536
   0.5447910284   1.1120568480  -1.7249276294
      
      
#  type   0  conf  1.0000
   0.5447910284   1.1120568480  -1.7249276294
   0.3766940838   0.7689282929  -1.3798731262
      
      
#  type   0  conf  1.0000
   0.3766940838   0.7689282929  -1.3798731262
   0.1827554136   0.3730502130  -1.0340986773
      
      
#  type   0  conf  1.0000
   0.1827554136   0.3730502130  -1.0340986773
   0.0402936780   0.0822496301  -0.8383722078
      
      
#  type   4  conf  0.0000
#  type   0  conf  1.0000
   0.0158942943   0.0324442912  -0.8385562639
  -0.1229450314  -0.2509620330  -1.0316002426
      
      
#  type   0  conf  1.0000
  -0.1229450314  -0.2509620330  -1.0316002426
  -0.3201017655  -0.6534089987  -1.3839542452
      
      
#  type   0  conf  1.0000
  -0.3201017655  -0.6534089987  -1.3839542452
  -0.4889995137  -0.9981721973  -1.7310857228
      
      
#  type   0  conf  1.0000
  -0.4889995137  -0.9981721973  -1.7310857228
  -1.2808226556  -2.6144843269  -3.8299157860
      
      
#  type   0  conf  1.0000
  -1.2808226556  -2.6144843269  -3.8299157860
  -1.2832487692  -2.6194366409  -3.9626608053
      
      
#  type   0  conf  1.0000
  -1.2832487692  -2.6194366409  -3.9626608053
  -1.0400358057  -2.1229772143  -4.2687343113
      
      
#  type   0  conf  1.0000
  -1.0400358057  -2.1229772143  -4.2687343113
  -1.0114296159  -2.0645847160  -4.2979389543
      
      
#  type   0  conf  1.0000
  -1.0114296159  -2.0645847160  -4.2979389543
  -0.6744840768  -1.3767932976  -4.5889717233
      
      
#  59  norm     0.8945446398   -0.4469786207    0.0000000000
# nedges  17 
#  type   0  conf  1.0000
   0.7449942839   1.4909676046  -4.5849980667
   1.0892647047   2.1799608703  -4.2895794012
      
      
#  type   0  conf  1.0000
   1.0892647047   2.1799608703  -4.2895794012
   1.3662046020   2.7342046065  -3.9509776466
      
      
#  type   0  conf  1.0000
   1.3662046020   2.7342046065  -3.9509776466
   1.3648693082   2.7315322642  -3.8308494999
      
      
#  type   0  conf  1.0000
   1.3648693082   2.7315322642  -3.8308494999
   0.5575120705   1.1157567975  -1.7351042982
      
      
#  type   0  conf  1.0000
   0.5575120705   1.1157567975  -1.7351042982
   0.3817751143   0.7640519398  -1.3793367336
      
      
#  type   0  conf  1.0000
   0.3817751143   0.7640519398  -1.3793367336
   0.1841656881   0.3685733982  -1.0320015335
      
      
#  type   0  conf  1.0000
   0.1841656881   0.3685733982  -1.0320015335
   0.0412742913   0.0826028233  -0.8396996839
      
      
#  type   4  conf  0.0000
#  type   0  conf  1.0000
   0.0175207908   0.0350646066  -0.8393181211
  -0.0921899699  -0.1845010915  -0.9864506131
      
      
#  type   0  conf  1.0000
  -0.0921899699  -0.1845010915  -0.9864506131
  -0.1267854820  -0.2537375796  -1.0352367091
      
      
#  type   0  conf  1.0000
  -0.1267854820  -0.2537375796  -1.0352367091
  -0.3249597264  -0.6503464997  -1.3846208514
      
      
#  type   0  conf  1.0000
  -0.3249597264  -0.6503464997  -1.3846208514
  -0.4960015977  -0.9926550175  -1.7311879731
      
      
#  type   0  conf  1.0000
  -0.4960015977  -0.9926550175  -1.7311879731
  -1.3094261324  -2.6205730517  -3.8327514224
      
      
#  type   0  conf  1.0000
  -1.3094261324  -2.6205730517  -3.8327514224
  -1.3101373708  -2.6219964632  -3.9647771929
      
      
#  type   0  conf  1.0000
  -1.3101373708  -2.6219964632  -3.9647771929
  -1.0628054819  -2.1270076534  -4.2670924067
      
      
#  type   0  conf  1.0000
  -1.0628054819  -2.1270076534  -4.2670924067
  -1.0376921248  -2.0767479364  -4.2935758326
      
      
#  type   0  conf  1.0000
  -1.0376921248  -2.0767479364  -4.2935758326
  -0.6851157439  -1.3711318351  -4.5897149169
      
      
#  60  norm     0.8910065242   -0.4539904997    0.0000000000
# nedges  17 
#  type   0  conf  1.0000
   0.7567332041   1.4851725362  -4.5867367505
   1.1134789084   2.1853254033  -4.2871939928
      
      
#  type   0  conf  1.0000
   1.1134789084   2.1853254033  -4.2871939928
   1.3954560283   2.7387366612  -3.9496012167
      
      
#  type   0  conf  1.0000
   1.3954560283   2.7387366612  -3.9496012167
   1.3933290243   2.7345621807  -3.8310721189
      
      
#  type   0  conf  1.0000
   1.3933290243   2.7345621807  -3.8310721189
   0.5651517916   1.1091728433  -1.7346975073
      
      
#  type   0  conf  1.0000
   0.5651517916   1.1091728433  -1.7346975073
   0.3867904447   0.7591189902  -1.3791579545
      
      
#  type   0  conf  1.0000
   0.3867904447   0.7591189902  -1.3791579545
   0.1886533320   0.3702530112  -1.0351679321
      
      
#  type   0  conf  1.0000
   0.1886533320   0.3702530112  -1.0351679321
   0.0424070864   0.0832285933  -0.8394834108
      
      
#  type   4  conf  0.0000
#  type   0  conf  1.0000
   0.0169003276   0.0331687605  -0.8376577633
  -0.1267612262  -0.2487829141  -1.0321208671
      
      
#  type   0  conf  1.0000
  -0.1267612262  -0.2487829141  -1.0321208671
  -0.3281368919  -0.6440049113  -1.3819286436
      
      
#  type   0  conf  1.0000
  -0.3281368919  -0.6440049113  -1.3819286436
  -0.5029696306  -0.9871334810  -1.7315498953
      
      
#  type   0  conf  1.0000
  -0.5029696306  -0.9871334810  -1.7315498953
  -1.3360395087  -2.6221251755  -3.8297773021
      
      
#  type   0  conf  1.0000
  -1.3360395087  -2.6221251755  -3.8297773021
  -1.3389662166  -2.6278691632  -3.9271924304
      
      
#  type   0  conf  1.0000
  -1.3389662166  -2.6278691632  -3.9271924304
  -1.3345893397  -2.6192790587  -3.9694303643
      
      
#  type   0  conf  1.0000
  -1.3345893397  -2.6192790587  -3.9694303643
  -1.0792135587  -2.1180758680  -4.2730707865
      
      
#  type   0  conf  1.0000
  -1.0792135587  -2.1180758680  -4.2730707865
  -1.0558067527  -2.0721374246  -4.2958992853
      
      
#  type   0  conf  1.0000
  -1.0558067527  -2.0721374246  -4.2958992853
  -0.6973617173  -1.3686494326  -4.5896522788
      
      
#  61  norm     0.8874134471   -0.4609743745    0.0000000000
# nedges  18 
#  type   0  conf  1.0000
   0.7684432233   1.4793161776  -4.5886563184
   1.1345807561   2.1841609324  -4.2875744746
      
      
#  type   0  conf  1.0000
   1.1345807561   2.1841609324  -4.2875744746
   1.4228235656   2.7390519617  -3.9515833199
      
      
#  type   0  conf  1.0000
   1.4228235656   2.7390519617  -3.9515833199
   1.4251115973   2.7434566102  -3.8405029492
      
      
#  type   0  conf  1.0000
   1.4251115973   2.7434566102  -3.8405029492
   0.5836749567   1.1236221229  -1.7607392357
      
      
#  type   0  conf  1.0000
   0.5836749567   1.1236221229  -1.7607392357
   0.5666678977   1.0908821405  -1.7226172540
      
      
#  type   0  conf  1.0000
   0.5666678977   1.0908821405  -1.7226172540
   0.3915133635   0.7536953085  -1.3781041423
      
      
#  type   0  conf  1.0000
   0.3915133635   0.7536953085  -1.3781041423
   0.1908110107   0.3673268322  -1.0344639520
      
      
#  type   0  conf  1.0000
   0.1908110107   0.3673268322  -1.0344639520
   0.0398444595   0.0767038497  -0.8358688858
      
      
#  type   4  conf  0.0000
#  type   0  conf  1.0000
   0.0160520214   0.0309014566  -0.8395851391
  -0.1278526066  -0.2461267451  -1.0311608472
      
      
#  type   0  conf  1.0000
  -0.1278526066  -0.2461267451  -1.0311608472
  -0.3331283809  -0.6412994325  -1.3831981903
      
      
#  type   0  conf  1.0000
  -0.3331283809  -0.6412994325  -1.3831981903
  -0.5002011524  -0.9629282091  -1.7127508784
      
      
#  type   0  conf  1.0000
  -0.5002011524  -0.9629282091  -1.7127508784
  -0.5172983638  -0.9958417420  -1.7491298207
      
      
#  type   0  conf  1.0000
  -0.5172983638  -0.9958417420  -1.7491298207
  -1.3673802079  -2.6323189547  -3.8407324355
      
      
#  type   0  conf  1.0000
  -1.3673802079  -2.6323189547  -3.8407324355
  -1.3648078889  -2.6273670299  -3.9659178837
      
      
#  type   0  conf  1.0000
  -1.3648078889  -2.6273670299  -3.9659178837
  -1.1074744096  -2.1319789941  -4.2654773465
      
      
#  type   0  conf  1.0000
  -1.1074744096  -2.1319789941  -4.2654773465
  -1.0776803078  -2.0746229066  -4.2953505349
      
      
#  type   0  conf  1.0000
  -1.0776803078  -2.0746229066  -4.2953505349
  -0.7091216622  -1.3651173110  -4.5901188612
      
      
#  62  norm     0.8837656301   -0.4679298143    0.0000000000
# nedges  18 
#  type   0  conf  1.0000
   0.7921016317   1.4960196515  -4.5811414972
   1.1570727945   2.1853302271  -4.2869226059
      
      
#  type   0  conf  1.0000
   1.1570727945   2.1853302271  -4.2869226059
   1.4511265579   2.7407011430  -3.9520296886
      
      
#  type   0  conf  1.0000
   1.4511265579   2.7407011430  -3.9520296886
   1.4541750240   2.7464586936  -3.8408392558
      
      
#  type   0  conf  1.0000
   1.4541750240   2.7464586936  -3.8408392558
   0.5860299413   1.1068179555  -1.7478979392
      
      
#  type   0  conf  1.0000
   0.5860299413   1.1068179555  -1.7478979392
   0.5740474596   1.0841869857  -1.7226471180
      
      
#  type   0  conf  1.0000
   0.5740474596   1.0841869857  -1.7226471180
   0.3965518077   0.7489560347  -1.3779143241
      
      
#  type   0  conf  1.0000
   0.3965518077   0.7489560347  -1.3779143241
   0.1931355764   0.3647696282  -1.0342507751
      
      
#  type   0  conf  1.0000
   0.1931355764   0.3647696282  -1.0342507751
   0.0403815440   0.0762674649  -0.8358857156
      
      
#  type   4  conf  0.0000
#  type   0  conf  1.0000
   0.0162262804   0.0306461108  -0.8395833188
  -0.1296587591  -0.2448827826  -1.0313941881
      
      
#  type   0  conf  1.0000
  -0.1296587591  -0.2448827826  -1.0313941881
  -0.3376421055  -0.6376949683  -1.3836735107
      
      
#  type   0  conf  1.0000
  -0.3376421055  -0.6376949683  -1.3836735107
  -0.5078406519  -0.9591440854  -1.7149865168
      
      
#  type   0  conf  1.0000
  -0.5078406519  -0.9591440854  -1.7149865168
  -0.5293995961  -0.9998618455  -1.7617655380
      
      
#  type   0  conf  1.0000
  -0.5293995961  -0.9998618455  -1.7617655380
  -1.3960766089  -2.6367298820  -3.8423404318
      
      
#  type   0  conf  1.0000
  -1.3960766089  -2.6367298820  -3.8423404318
  -1.3921042729  -2.6292274448  -3.9666666515
      
      
#  type   0  conf  1.0000
  -1.3921042729  -2.6292274448  -3.9666666515
  -1.1258756536  -2.1264090812  -4.2692531144
      
      
#  type   0  conf  1.0000
  -1.1258756536  -2.1264090812  -4.2692531144
  -1.1000850762  -2.0776991568  -4.2941182538
      
      
#  type   0  conf  1.0000
  -1.1000850762  -2.0776991568  -4.2941182538
  -0.7218426791  -1.3633235813  -4.5904869450
      
      
#  63  norm     0.8800632983   -0.4748563899   -0.0000000000
# nedges  16 
#  type   0  conf  1.0000
   0.7966271297   1.4764091087  -4.5891222179
   1.1807033723   2.1882272753  -4.2846002494
      
      
#  type   0  conf  1.0000
   1.1807033723   2.1882272753  -4.2846002494
   1.4810412339   2.7448509929  -3.9491239673
      
      
#  type   0  conf  1.0000
   1.4810412339   2.7448509929  -3.9491239673
   1.4794264639   2.7418582989  -3.8333903123
      
      
#  type   0  conf  1.0000
   1.4794264639   2.7418582989  -3.8333903123
   0.5884327149   1.0905571599  -1.7359240649
      
      
#  type   0  conf  1.0000
   0.5884327149   1.0905571599  -1.7359240649
   0.4021248362   0.7452680794  -1.3786561622
      
      
#  type   0  conf  1.0000
   0.4021248362   0.7452680794  -1.3786561622
   0.1955164736   0.3623556012  -1.0339501490
      
      
#  type   0  conf  1.0000
   0.1955164736   0.3623556012  -1.0339501490
   0.0414476461   0.0768159657  -0.8362965785
      
      
#  type   4  conf  0.0000
#  type   0  conf  1.0000
   0.0166349545   0.0308299799  -0.8394107691
  -0.1312915672  -0.2433259658  -1.0314086214
      
      
#  type   0  conf  1.0000
  -0.1312915672  -0.2433259658  -1.0314086214
  -0.3420235076  -0.6338807744  -1.3837968678
      
      
#  type   0  conf  1.0000
  -0.3420235076  -0.6338807744  -1.3837968678
  -0.5214857877  -0.9664827349  -1.7286411434
      
      
#  type   0  conf  1.0000
  -0.5214857877  -0.9664827349  -1.7286411434
  -0.5642611457  -1.0457593824  -1.8274027468
      
      
#  type   0  conf  1.0000
  -0.5642611457  -1.0457593824  -1.8274027468
  -1.4222748343  -2.6359377455  -3.8393538645
      
      
#  type   0  conf  1.0000
  -1.4222748343  -2.6359377455  -3.8393538645
  -1.4198500165  -2.6314437696  -3.9661296472
      
      
#  type   0  conf  1.0000
  -1.4198500165  -2.6314437696  -3.9661296472
  -1.1327204708  -2.0992993563  -4.2854053088
      
      
#  type   0  conf  1.0000
  -1.1327204708  -2.0992993563  -4.2854053088
  -0.7376918545  -1.3671828798  -4.5872223735
      
      
#  64  norm     0.8763066800   -0.4817536741    0.0000000000
# nedges  16 
#  type   0  conf  1.0000
   0.8123004425   1.4775690196  -4.5884345954
   1.2032263454   2.1886605972  -4.2838352560
      
      
#  type   0  conf  1.0000
   1.2032263454   2.1886605972  -4.2838352560
   1.5098977208   2.7464937582  -3.9488384812
      
      
#  type   0  conf  1.0000
   1.5098977208   2.7464937582  -3.9488384812
   1.5072973106   2.7417636297  -3.8315102357
      
      
#  type   0  conf  1.0000
   1.5072973106   2.7417636297  -3.8315102357
   0.5961169768   1.0843327554  -1.7368330382
      
      
#  type   0  conf  1.0000
   0.5961169768   1.0843327554  -1.7368330382
   0.4059435157   0.7384085139  -1.3764955827
      
      
#  type   0  conf  1.0000
   0.4059435157   0.7384085139  -1.3764955827
   0.1975055585   0.3592612772  -1.0333870314
      
      
#  type   0  conf  1.0000
   0.1975055585   0.3592612772  -1.0333870314
   0.0415453345   0.0755706830  -0.8359517956
      
      
#  type   4  conf  0.0000
#  type   0  conf  1.0000
   0.0167682619   0.0305013552  -0.8395683932
  -0.1331955626  -0.2422818289  -1.0317004871
      
      
#  type   0  conf  1.0000
  -0.1331955626  -0.2422818289  -1.0317004871
  -0.3485971514  -0.6340958644  -1.3880556020
      
      
#  type   0  conf  1.0000
  -0.3485971514  -0.6340958644  -1.3880556020
  -0.5301120471  -0.9642702339  -1.7329905621
      
      
#  type   0  conf  1.0000
  -0.5301120471  -0.9642702339  -1.7329905621
  -1.4466944364  -2.6315274106  -3.8302145694
      
      
#  type   0  conf  1.0000
  -1.4466944364  -2.6315274106  -3.8302145694
  -1.4495155310  -2.6366589627  -3.9236823439
      
      
#  type   0  conf  1.0000
  -1.4495155310  -2.6366589627  -3.9236823439
  -1.4447359999  -2.6279650280  -3.9698416738
      
      
#  type   0  conf  1.0000
  -1.4447359999  -2.6279650280  -3.9698416738
  -1.1529210774  -2.0971556544  -4.2859539812
      
      
#  type   0  conf  1.0000
  -1.1529210774  -2.0971556544  -4.2859539812
  -0.7510212120  -1.3661025133  -4.5871464884
      
      
#  65  norm     0.8724960071   -0.4886212415    0.0000000000
# nedges  16 
#  type   0  conf  1.0000
   0.8333103365   1.4879826734  -4.5833509841
   1.2237888089   2.1852321566  -4.2843974739
      
      
#  type   0  conf  1.0000
   1.2237888089   2.1852321566  -4.2843974739
   1.5379221564   2.7461576098  -3.9492478327
      
      
#  type   0  conf  1.0000
   1.5379221564   2.7461576098  -3.9492478327
   1.5356595108   2.7421173653  -3.8319592369
      
      
#  type   0  conf  1.0000
   1.5356595108   2.7421173653  -3.8319592369
   0.6040963614   1.0786916705  -1.7382080710
      
      
#  type   0  conf  1.0000
   0.6040963614   1.0786916705  -1.7382080710
   0.4131951033   0.7378129463  -1.3804216748
      
      
#  type   0  conf  1.0000
   0.4131951033   0.7378129463  -1.3804216748
   0.2016050510   0.3599917217  -1.0359613765
      
      
#  type   0  conf  1.0000
   0.2016050510   0.3599917217  -1.0359613765
   0.1573810487   0.2810240836  -0.9797917525
      
      
#  type   0  conf  1.0000
   0.1573810487   0.2810240836  -0.9797917525
   0.0438561496   0.0783107899  -0.8400928468
      
      
#  type   4  conf  0.0000
#  type   0  conf  1.0000
   0.0180504041   0.0322313157  -0.8393037680
  -0.1329587190  -0.2374148760  -1.0289070847
      
      
#  type   0  conf  1.0000
  -0.1329587190  -0.2374148760  -1.0289070847
  -0.3517125950  -0.6280280281  -1.3860960902
      
      
#  type   0  conf  1.0000
  -0.3517125950  -0.6280280281  -1.3860960902
  -0.5366508319  -0.9582590118  -1.7331596555
      
      
#  type   0  conf  1.0000
  -0.5366508319  -0.9582590118  -1.7331596555
  -1.4750870223  -2.6339574045  -3.8325678212
      
      
#  type   0  conf  1.0000
  -1.4750870223  -2.6339574045  -3.8325678212
  -1.4761288316  -2.6358176889  -3.9650838953
      
      
#  type   0  conf  1.0000
  -1.4761288316  -2.6358176889  -3.9650838953
  -1.1741488682  -2.0965936644  -4.2856843859
      
      
#  type   0  conf  1.0000
  -1.1741488682  -2.0965936644  -4.2856843859
  -0.7648005143  -1.3656495835  -4.5870351439
      
      
#  66  norm     0.8686315144   -0.4954586684    0.0000000000
# nedges  17 
#  type   0  conf  1.0000
   0.8448612436   1.4811994385  -4.5859652666
   1.2462319337   2.1848771672  -4.2833516674
      
      
#  type   0  conf  1.0000
   1.2462319337   2.1848771672  -4.2833516674
   1.5658082502   2.7451540933  -3.9493801595
      
      
#  type   0  conf  1.0000
   1.5658082502   2.7451540933  -3.9493801595
   1.5639643868   2.7419214566  -3.8320228619
      
      
#  type   0  conf  1.0000
   1.5639643868   2.7419214566  -3.8320228619
   0.6113421905   1.0717969563  -1.7383187197
      
      
#  type   0  conf  1.0000
   0.6113421905   1.0717969563  -1.7383187197
   0.4181845154   0.7331555023  -1.3804399746
      
      
#  type   0  conf  1.0000
   0.4181845154   0.7331555023  -1.3804399746
   0.2052295871   0.3598057687  -1.0377624515
      
      
#  type   0  conf  1.0000
   0.2052295871   0.3598057687  -1.0377624515
   0.1722480631   0.3019830017  -0.9955150265
      
      
#  type   0  conf  1.0000
   0.1722480631   0.3019830017  -0.9955150265
   0.0445214932   0.0780544867  -0.8399990172
      
      
#  type   4  conf  0.0000
#  type   0  conf  1.0000
   0.0183009433   0.0320849691  -0.8392294546
  -0.1347577550  -0.2362554946  -1.0293928343
      
      
#  type   0  conf  1.0000
  -0.1347577550  -0.2362554946  -1.0293928343
  -0.3557872382  -0.6237614300  -1.3860687474
      
      
#  type   0  conf  1.0000
  -0.3557872382  -0.6237614300  -1.3860687474
  -0.5374403278  -0.9422331984  -1.7228232224
      
      
#  type   0  conf  1.0000
  -0.5374403278  -0.9422331984  -1.7228232224
  -0.5444303012  -0.9544879263  -1.7361433777
      
      
#  type   0  conf  1.0000
  -0.5444303012  -0.9544879263  -1.7361433777
  -1.5047870713  -2.6381725781  -3.8379203934
      
      
#  type   0  conf  1.0000
  -1.5047870713  -2.6381725781  -3.8379203934
  -1.5016130914  -2.6326079989  -3.9679307555
      
      
#  type   0  conf  1.0000
  -1.5016130914  -2.6326079989  -3.9679307555
  -1.1955214167  -2.0959721666  -4.2848368921
      
      
#  type   0  conf  1.0000
  -1.1955214167  -2.0959721666  -4.2848368921
  -0.7787770298  -1.3653414783  -4.5869255775
      
      
#  67  norm     0.8647134405   -0.5022655331    0.0000000000
# nedges  19 
#  type   0  conf  1.0000
   0.8570859523   1.4755815276  -4.5882689667
   1.2678322829   2.1827331222  -4.2832528036
      
      
#  type   0  conf  1.0000
   1.2678322829   2.1827331222  -4.2832528036
   1.5943575491   2.7448875361  -3.9499878752
      
      
#  type   0  conf  1.0000
   1.5943575491   2.7448875361  -3.9499878752
   1.5931492728   2.7428073361  -3.8336548707
      
      
#  type   0  conf  1.0000
   1.5931492728   2.7428073361  -3.8336548707
   0.6220020674   1.0708549805  -1.7458733536
      
      
#  type   0  conf  1.0000
   0.6220020674   1.0708549805  -1.7458733536
   0.6155186018   1.0596928771  -1.7329659331
      
      
#  type   0  conf  1.0000
   0.6155186018   1.0596928771  -1.7329659331
   0.4217970046   0.7261767232  -1.3783500781
      
      
#  type   0  conf  1.0000
   0.4217970046   0.7261767232  -1.3783500781
   0.2035841101   0.3504957132  -1.0316498268
      
      
#  type   0  conf  1.0000
   0.2035841101   0.3504957132  -1.0316498268
   0.0514692554   0.0886108124  -0.8467398710
      
      
#  type   0  conf  1.0000
   0.0514692554   0.0886108124  -0.8467398710
   0.0242757084   0.0417936927  -0.8334262619
      
      
#  type   0  conf  1.0000
   0.0242757084   0.0417936927  -0.8334262619
  -0.1171723190  -0.2017269202  -1.0057001134
      
      
#  type   0  conf  1.0000
  -0.1171723190  -0.2017269202  -1.0057001134
  -0.1429209826  -0.2460564909  -1.0401397616
      
      
#  type   0  conf  1.0000
  -0.1429209826  -0.2460564909  -1.0401397616
  -0.3595782184  -0.6190592383  -1.3856481613
      
      
#  type   0  conf  1.0000
  -0.3595782184  -0.6190592383  -1.3856481613
  -0.5318572136  -0.9156592494  -1.7016866339
      
      
#  type   0  conf  1.0000
  -0.5318572136  -0.9156592494  -1.7016866339
  -0.5629689179  -0.9692219708  -1.7616102391
      
      
#  type   0  conf  1.0000
  -0.5629689179  -0.9692219708  -1.7616102391
  -1.5278977527  -2.6304686173  -3.8294857456
      
      
#  type   0  conf  1.0000
  -1.5278977527  -2.6304686173  -3.8294857456
  -1.5328230703  -2.6389481726  -3.9075238917
      
      
#  type   0  conf  1.0000
  -1.5328230703  -2.6389481726  -3.9075238917
  -1.5281992363  -2.6309876594  -3.9691713595
      
      
#  type   0  conf  1.0000
  -1.5281992363  -2.6309876594  -3.9691713595
  -1.2178078115  -2.0966096877  -4.2838789576
      
      
#  type   0  conf  1.0000
  -1.2178078115  -2.0966096877  -4.2838789576
  -0.7939346701  -1.3668586332  -4.5863470493
      
      
#  68  norm     0.8607420270   -0.5090414158    0.0000000000
# nedges  19 
#  type   0  conf  1.0000
   0.8719366246   1.4743643139  -4.5882654433
   1.2904980740   2.1821130732  -4.2822154078
      
      
#  type   0  conf  1.0000
   1.2904980740   2.1821130732  -4.2822154078
   1.6211737163   2.7412550482  -3.9520894424
      
      
#  type   0  conf  1.0000
   1.6211737163   2.7412550482  -3.9520894424
   1.6232960145   2.7448436585  -3.8931536238
      
      
#  type   0  conf  1.0000
   1.6232960145   2.7448436585  -3.8931536238
   1.6185756404   2.7368619419  -3.8273845302
      
      
#  type   0  conf  1.0000
   1.6185756404   2.7368619419  -3.8273845302
   0.6364031746   1.0760990001  -1.7614166271
      
      
#  type   0  conf  1.0000
   0.6364031746   1.0760990001  -1.7614166271
   0.6165156006   1.0424709489  -1.7222013105
      
      
#  type   0  conf  1.0000
   0.6165156006   1.0424709489  -1.7222013105
   0.4263002590   0.7208343717  -1.3783767590
      
      
#  type   0  conf  1.0000
   0.4263002590   0.7208343717  -1.3783767590
   0.2070551805   0.3501111899  -1.0331499373
      
      
#  type   0  conf  1.0000
   0.2070551805   0.3501111899  -1.0331499373
   0.0519758839   0.0878864200  -0.8468502189
      
      
#  type   0  conf  1.0000
   0.0519758839   0.0878864200  -0.8468502189
   0.0245754922   0.0415548880  -0.8334653385
      
      
#  type   0  conf  1.0000
   0.0245754922   0.0415548880  -0.8334653385
  -0.1246409577  -0.2107563496  -1.0127362982
      
      
#  type   0  conf  1.0000
  -0.1246409577  -0.2107563496  -1.0127362982
  -0.1442383661  -0.2438937575  -1.0396934264
      
      
#  type   0  conf  1.0000
  -0.1442383661  -0.2438937575  -1.0396934264
  -0.3632012549  -0.6141397826  -1.3850603101
      
      
#  type   0  conf  1.0000
  -0.3632012549  -0.6141397826  -1.3850603101
  -0.5498262351  -0.9297053903  -1.7233061812
      
      
#  type   0  conf  1.0000
  -0.5498262351  -0.9297053903  -1.7233061812
  -0.5982158125  -1.0115276971  -1.8227196578
      
      
#  type   0  conf  1.0000
  -0.5982158125  -1.0115276971  -1.8227196578
  -1.5623595839  -2.6418057814  -3.8417413887
      
      
#  type   0  conf  1.0000
  -1.5623595839  -2.6418057814  -3.8417413887
  -1.5570282545  -2.6327909958  -3.9685203243
      
      
#  type   0  conf  1.0000
  -1.5570282545  -2.6327909958  -3.9685203243
  -1.2385826992  -2.0943289685  -4.2840732539
      
      
#  type   0  conf  1.0000
  -1.2385826992  -2.0943289685  -4.2840732539
  -0.8083387672  -1.3668262100  -4.5863530123
      
      
#  69  norm     0.8567175189   -0.5157858983   -0.0000000000
# nedges  19 
#  type   0  conf  1.0000
   0.8929912167   1.4832534625  -4.5838710217
   1.3116361635   2.1786203992  -4.2826140826
      
      
#  type   0  conf  1.0000
   1.3116361635   2.1786203992  -4.2826140826
   1.6501816530   2.7409425813  -3.9520780510
      
      
#  type   0  conf  1.0000
   1.6501816530   2.7409425813  -3.9520780510
   1.6520883419   2.7441095809  -3.8932424830
      
      
#  type   0  conf  1.0000
   1.6520883419   2.7441095809  -3.8932424830
   1.6473944018   2.7363129724  -3.8276845890
      
      
#  type   0  conf  1.0000
   1.6473944018   2.7363129724  -3.8276845890
   0.7309682868   1.2141342738  -1.9414388735
      
      
#  type   0  conf  1.0000
   0.7309682868   1.2141342738  -1.9414388735
   0.6298495948   1.0461766867  -1.7347655433
      
      
#  type   0  conf  1.0000
   0.6298495948   1.0461766867  -1.7347655433
   0.4314553801   0.7166449955  -1.3789980673
      
      
#  type   0  conf  1.0000
   0.4314553801   0.7166449955  -1.3789980673
   0.2090235537   0.3471869645  -1.0330508710
      
      
#  type   0  conf  1.0000
   0.2090235537   0.3471869645  -1.0330508710
   0.0441863700   0.0733933156  -0.8359435156
      
      
#  type   4  conf  0.0000
#  type   0  conf  1.0000
   0.0180651708   0.0300061486  -0.8395622671
  -0.1398760899  -0.2323334103  -1.0305566209
      
      
#  type   0  conf  1.0000
  -0.1398760899  -0.2323334103  -1.0305566209
  -0.3675456564  -0.6104912985  -1.3859703142
      
      
#  type   0  conf  1.0000
  -0.3675456564  -0.6104912985  -1.3859703142
  -0.5529868389  -0.9185080751  -1.7184424532
      
      
#  type   0  conf  1.0000
  -0.5529868389  -0.9185080751  -1.7184424532
  -0.5757191696  -0.9562663505  -1.7623290608
      
      
#  type   0  conf  1.0000
  -0.5757191696  -0.9562663505  -1.7623290608
  -1.5838451068  -2.6307579457  -3.8288236669
      
      
#  type   0  conf  1.0000
  -1.5838451068  -2.6307579457  -3.8288236669
  -1.5885106292  -2.6385073526  -3.8945203063
      
      
#  type   0  conf  1.0000
  -1.5885106292  -2.6385073526  -3.8945203063
  -1.5844771449  -2.6318077575  -3.9691775168
      
      
#  type   0  conf  1.0000
  -1.5844771449  -2.6318077575  -3.9691775168
  -1.2609731031  -2.0944693366  -4.2829861201
      
      
#  type   0  conf  1.0000
  -1.2609731031  -2.0944693366  -4.2829861201
  -0.8229635699  -1.3669379292  -4.5860616099
      
      
#  70  norm     0.8526401644   -0.5224985647   -0.0000000000
# nedges  19 
#  type   0  conf  1.0000
   0.9045527090   1.4760958643  -4.5865214832
   1.3179999784   2.1507804884  -4.2932274874
      
      
#  type   0  conf  1.0000
   1.3179999784   2.1507804884  -4.2932274874
   1.3433807445   2.1921981343  -4.2734691858
      
      
#  type   0  conf  1.0000
   1.3433807445   2.1921981343  -4.2734691858
   1.6827478907   2.7459949845  -3.9469832566
      
      
#  type   0  conf  1.0000
   1.6827478907   2.7459949845  -3.9469832566
   1.6766009274   2.7359640521  -3.8272551066
      
      
#  type   0  conf  1.0000
   1.6766009274   2.7359640521  -3.8272551066
   0.6373150716   1.0400036748  -1.7359344096
      
      
#  type   0  conf  1.0000
   0.6373150716   1.0400036748  -1.7359344096
   0.4350876749   0.7099985563  -1.3776167147
      
      
#  type   0  conf  1.0000
   0.4350876749   0.7099985563  -1.3776167147
   0.2106456794   0.3437425074  -1.0321510459
      
      
#  type   0  conf  1.0000
   0.2106456794   0.3437425074  -1.0321510459
   0.0534701490   0.0872553528  -0.8471212706
      
      
#  type   0  conf  1.0000
   0.0534701490   0.0872553528  -0.8471212706
   0.0252070250   0.0411341263  -0.8335512721
      
      
#  type   0  conf  1.0000
   0.0252070250   0.0411341263  -0.8335512721
  -0.1286905690  -0.2100039221  -1.0146241533
      
      
#  type   0  conf  1.0000
  -0.1286905690  -0.2100039221  -1.0146241533
  -0.1467278007  -0.2394380092  -1.0389511335
      
      
#  type   0  conf  1.0000
  -0.1467278007  -0.2394380092  -1.0389511335
  -0.3691282208  -0.6023625098  -1.3821520599
      
      
#  type   0  conf  1.0000
  -0.3691282208  -0.6023625098  -1.3821520599
  -0.5535847679  -0.9033682375  -1.7093117993
      
      
#  type   0  conf  1.0000
  -0.5535847679  -0.9033682375  -1.7093117993
  -0.5820190854  -0.9497688264  -1.7622318854
      
      
#  type   0  conf  1.0000
  -0.5820190854  -0.9497688264  -1.7622318854
  -1.6180282031  -2.6403820531  -3.8417375963
      
      
#  type   0  conf  1.0000
  -1.6180282031  -2.6403820531  -3.8417375963
  -1.6141714518  -2.6340884070  -3.9663163517
      
      
#  type   0  conf  1.0000
  -1.6141714518  -2.6340884070  -3.9663163517
  -1.2958819983  -2.1146872253  -4.2706015987
      
      
#  type   0  conf  1.0000
  -1.2958819983  -2.1146872253  -4.2706015987
  -1.2620126524  -2.0594174760  -4.2968161301
      
      
#  type   0  conf  1.0000
  -1.2620126524  -2.0594174760  -4.2968161301
  -0.8379780439  -1.3674558848  -4.5858202645
      
      
#  71  norm     0.8485102150   -0.5291790010    0.0000000000
# nedges  17 
#  type   0  conf  1.0000
   0.9166755218   1.4698401536  -4.5882699483
   1.3552723515   2.1731067034  -4.2818134676
      
      
#  type   0  conf  1.0000
   1.3552723515   2.1731067034  -4.2818134676
   1.7071153056   2.7372680554  -3.9514521317
      
      
#  type   0  conf  1.0000
   1.7071153056   2.7372680554  -3.9514521317
   1.7095319782   2.7411430607  -3.8381055908
      
      
#  type   0  conf  1.0000
   1.7095319782   2.7411430607  -3.8381055908
   0.6567683673   1.0530929374  -1.7607020145
      
      
#  type   0  conf  1.0000
   0.6567683673   1.0530929374  -1.7607020145
   0.6434203894   1.0316901690  -1.7350810903
      
      
#  type   0  conf  1.0000
   0.6434203894   1.0316901690  -1.7350810903
   0.4389274086   0.7037966154  -1.3763255354
      
      
#  type   0  conf  1.0000
   0.4389274086   0.7037966154  -1.3763255354
   0.2130314753   0.3415845727  -1.0326376222
      
      
#  type   0  conf  1.0000
   0.2130314753   0.3415845727  -1.0326376222
   0.0453717038   0.0727510995  -0.8363242763
      
      
#  type   4  conf  0.0000
#  type   0  conf  1.0000
   0.0183849650   0.0294793077  -0.8393159085
  -0.1437541572  -0.2305020996  -1.0320884656
      
      
#  type   0  conf  1.0000
  -0.1437541572  -0.2305020996  -1.0320884656
  -0.3746802625  -0.6007797541  -1.3851314403
      
      
#  type   0  conf  1.0000
  -0.3746802625  -0.6007797541  -1.3851314403
  -0.5738663124  -0.9201639279  -1.7351931115
      
      
#  type   0  conf  1.0000
  -0.5738663124  -0.9201639279  -1.7351931115
  -1.6415315989  -2.6321080907  -3.8322883430
      
      
#  type   0  conf  1.0000
  -1.6415315989  -2.6321080907  -3.8322883430
  -1.6434350450  -2.6351601647  -3.9644061389
      
      
#  type   0  conf  1.0000
  -1.6434350450  -2.6351601647  -3.9644061389
  -1.3261649614  -2.1264345607  -4.2618704477
      
      
#  type   0  conf  1.0000
  -1.3261649614  -2.1264345607  -4.2618704477
  -1.2919410249  -2.0715583097  -4.2901131517
      
      
#  type   0  conf  1.0000
  -1.2919410249  -2.0715583097  -4.2901131517
  -0.8516422221  -1.3655627370  -4.5863316557
      
      
#  72  norm     0.8443279255   -0.5358267950    0.0000000000
# nedges  18 
#  type   0  conf  1.0000
   0.9320112178   1.4686146819  -4.5878535640
   1.3760999877   2.1683866107  -4.2821240306
      
      
#  type   0  conf  1.0000
   1.3760999877   2.1683866107  -4.2821240306
   1.7353104744   2.7344117665  -3.9518971456
      
      
#  type   0  conf  1.0000
   1.7353104744   2.7344117665  -3.9518971456
   1.7389324219   2.7401190425  -3.8403003608
      
      
#  type   0  conf  1.0000
   1.7389324219   2.7401190425  -3.8403003608
   0.6638678678   1.0460883719  -1.7612197494
      
      
#  type   0  conf  1.0000
   0.6638678678   1.0460883719  -1.7612197494
   0.6428158090   1.0129156353  -1.7231315846
      
      
#  type   0  conf  1.0000
   0.6428158090   1.0129156353  -1.7231315846
   0.4438067718   0.6993275709  -1.3770179180
      
      
#  type   0  conf  1.0000
   0.4438067718   0.6993275709  -1.3770179180
   0.2137310697   0.3367862757  -1.0303875404
      
      
#  type   0  conf  1.0000
   0.2137310697   0.3367862757  -1.0303875404
   0.0547645792   0.0862951685  -0.8473800502
      
      
#  type   0  conf  1.0000
   0.0547645792   0.0862951685  -0.8473800502
   0.0258351921   0.0407097486  -0.8335565875
      
      
#  type   0  conf  1.0000
   0.0258351921   0.0407097486  -0.8335565875
  -0.1185777878  -0.1868486954  -1.0000935529
      
      
#  type   0  conf  1.0000
  -0.1185777878  -0.1868486954  -1.0000935529
  -0.1501820826  -0.2366490952  -1.0397083819
      
      
#  type   0  conf  1.0000
  -0.1501820826  -0.2366490952  -1.0397083819
  -0.3797638977  -0.5984121491  -1.3873741915
      
      
#  type   0  conf  1.0000
  -0.3797638977  -0.5984121491  -1.3873741915
  -0.5785360281  -0.9116269082  -1.7335398407
      
      
#  type   0  conf  1.0000
  -0.5785360281  -0.9116269082  -1.7335398407
  -1.6693178445  -2.6304240211  -3.8322741023
      
      
#  type   0  conf  1.0000
  -1.6693178445  -2.6304240211  -3.8322741023
  -1.6709090094  -2.6329312958  -3.9644763223
      
      
#  type   0  conf  1.0000
  -1.6709090094  -2.6329312958  -3.9644763223
  -1.3824795688  -2.1784392220  -4.2300527749
      
      
#  type   0  conf  1.0000
  -1.3824795688  -2.1784392220  -4.2300527749
  -1.3219864799  -2.0831173666  -4.2838562358
      
      
#  type   0  conf  1.0000
  -1.3219864799  -2.0831173666  -4.2838562358
  -0.8666115157  -1.3655612413  -4.5859257558
      
      
#  73  norm     0.8400935539   -0.5424415367    0.0000000000
# nedges  19 
#  type   0  conf  1.0000
   0.9530105972   1.4759527164  -4.5838664947
   1.3971660450   2.1638280051  -4.2821026370
      
      
#  type   0  conf  1.0000
   1.3971660450   2.1638280051  -4.2821026370
   1.7620687023   2.7289624011  -3.9529799992
      
      
#  type   0  conf  1.0000
   1.7620687023   2.7289624011  -3.9529799992
   1.7658006360   2.7347421455  -3.9061761749
      
      
#  type   0  conf  1.0000
   1.7658006360   2.7347421455  -3.9061761749
   1.7600503162   2.7258364731  -3.8277116348
      
      
#  type   0  conf  1.0000
   1.7600503162   2.7258364731  -3.8277116348
   0.8821654613   1.3662329807  -2.1624325767
      
      
#  type   0  conf  1.0000
   0.8821654613   1.3662329807  -2.1624325767
   0.6560907915   1.0161051605  -1.7350166094
      
      
#  type   0  conf  1.0000
   0.6560907915   1.0161051605  -1.7350166094
   0.4496480949   0.6963818965  -1.3793923097
      
      
#  type   0  conf  1.0000
   0.4496480949   0.6963818965  -1.3793923097
   0.2175343755   0.3369012405  -1.0327809384
      
      
#  type   0  conf  1.0000
   0.2175343755   0.3369012405  -1.0327809384
   0.0465243857   0.0720535466  -0.8363491578
      
      
#  type   4  conf  0.0000
#  type   0  conf  1.0000
   0.0188908235   0.0292567179  -0.8394764830
  -0.1459371444  -0.2260167151  -1.0313058850
      
      
#  type   0  conf  1.0000
  -0.1459371444  -0.2260167151  -1.0313058850
  -0.3822749907  -0.5920393883  -1.3855373498
      
      
#  type   0  conf  1.0000
  -0.3822749907  -0.5920393883  -1.3855373498
  -0.5817778181  -0.9010146933  -1.7293890814
      
      
#  type   0  conf  1.0000
  -0.5817778181  -0.9010146933  -1.7293890814
  -0.7639797133  -1.1831955871  -2.0721615188
      
      
#  type   0  conf  1.0000
  -0.7639797133  -1.1831955871  -2.0721615188
  -1.7013026379  -2.6348523900  -3.8433255939
      
      
#  type   0  conf  1.0000
  -1.7013026379  -2.6348523900  -3.8433255939
  -1.6960446030  -2.6267091324  -3.9666555506
      
      
#  type   0  conf  1.0000
  -1.6960446030  -2.6267091324  -3.9666555506
  -1.3734128059  -2.1270407355  -4.2577804330
      
      
#  type   0  conf  1.0000
  -1.3734128059  -2.1270407355  -4.2577804330
  -1.3382927656  -2.0726494002  -4.2866254241
      
      
#  type   0  conf  1.0000
  -1.3382927656  -2.0726494002  -4.2866254241
  -0.8811367645  -1.3646398108  -4.5861311416
      
      
#  74  norm     0.8358073614   -0.5490228180    0.0000000000
# nedges  19 
#  type   0  conf  1.0000
   0.9646180782   1.4684906787  -4.5860040424
   1.4200918427   2.1618832170  -4.2805507898
      
      
#  type   0  conf  1.0000
   1.4200918427   2.1618832170  -4.2805507898
   1.7933740178   2.7301510185  -3.9499629579
      
      
#  type   0  conf  1.0000
   1.7933740178   2.7301510185  -3.9499629579
   1.7922788095   2.7284837233  -3.8342803882
      
      
#  type   0  conf  1.0000
   1.7922788095   2.7284837233  -3.8342803882
   0.6767760283   1.0302930369  -1.7610692020
      
      
#  type   0  conf  1.0000
   0.6767760283   1.0302930369  -1.7610692020
   0.6472199456   0.9852982011  -1.7091894064
      
      
#  type   0  conf  1.0000
   0.6472199456   0.9852982011  -1.7091894064
   0.4544332710   0.6918085382  -1.3801788623
      
      
#  type   0  conf  1.0000
   0.4544332710   0.6918085382  -1.3801788623
   0.2189553282   0.3333276307  -1.0315254001
      
      
#  type   0  conf  1.0000
   0.2189553282   0.3333276307  -1.0315254001
   0.0560326718   0.0853015905  -0.8475350869
      
      
#  type   0  conf  1.0000
   0.0560326718   0.0853015905  -0.8475350869
   0.0265623985   0.0404373871  -0.8333745491
      
      
#  type   0  conf  1.0000
   0.0265623985   0.0404373871  -0.8333745491
  -0.1139030449  -0.1734008138  -0.9922973485
      
      
#  type   0  conf  1.0000
  -0.1139030449  -0.1734008138  -0.9922973485
  -0.1493176392  -0.2273143810  -1.0343006520
      
      
#  type   0  conf  1.0000
  -0.1493176392  -0.2273143810  -1.0343006520
  -0.3854254619  -0.5867541890  -1.3848375744
      
      
#  type   0  conf  1.0000
  -0.3854254619  -0.5867541890  -1.3848375744
  -0.5457788379  -0.8308688736  -1.6586432641
      
      
#  type   0  conf  1.0000
  -0.5457788379  -0.8308688736  -1.6586432641
  -0.6029401280  -0.9178886212  -1.7570143729
      
      
#  type   0  conf  1.0000
  -0.6029401280  -0.9178886212  -1.7570143729
  -1.7213362672  -2.6204840242  -3.8295390436
      
      
#  type   0  conf  1.0000
  -1.7213362672  -2.6204840242  -3.8295390436
  -1.7265677756  -2.6284482346  -3.9077767925
      
      
#  type   0  conf  1.0000
  -1.7265677756  -2.6284482346  -3.9077767925
  -1.7212738630  -2.6203890229  -3.9697672878
      
      
#  type   0  conf  1.0000
  -1.7212738630  -2.6203890229  -3.9697672878
  -1.3686659922  -2.0835948417  -4.2801837647
      
      
#  type   0  conf  1.0000
  -1.3686659922  -2.0835948417  -4.2801837647
  -0.8956611721  -1.3635138220  -4.5857808258
      
      
#  75  norm     0.8314696123   -0.5555702330    0.0000000000
# nedges  19 
#  type   0  conf  1.0000
   0.9833963075   1.4717565807  -4.5832869607
   1.4405253495   2.1558985393  -4.2812848366
      
      
#  type   0  conf  1.0000
   1.4405253495   2.1558985393  -4.2812848366
   1.8193888951   2.7229079050  -3.9522305194
      
      
#  type   0  conf  1.0000
   1.8193888951   2.7229079050  -3.9522305194
   1.8219936433   2.7268061862  -3.8931637313
      
      
#  type   0  conf  1.0000
   1.8219936433   2.7268061862  -3.8931637313
   1.8167857833   2.7190120728  -3.8274345778
      
      
#  type   0  conf  1.0000
   1.8167857833   2.7190120728  -3.8274345778
   0.6806460953   1.0186588686  -1.7564794591
      
      
#  type   0  conf  1.0000
   0.6806460953   1.0186588686  -1.7564794591
   0.6519261100   0.9756763730  -1.7073490622
      
      
#  type   0  conf  1.0000
   0.6519261100   0.9756763730  -1.7073490622
   0.4576842833   0.6849729358  -1.3788415997
      
      
#  type   0  conf  1.0000
   0.4576842833   0.6849729358  -1.3788415997
   0.2205845219   0.3301280667  -1.0312354024
      
      
#  type   0  conf  1.0000
   0.2205845219   0.3301280667  -1.0312354024
   0.0566397490   0.0847673748  -0.8475047418
      
      
#  type   0  conf  1.0000
   0.0566397490   0.0847673748  -0.8475047418
   0.0267402874   0.0400196682  -0.8335541070
      
      
#  type   0  conf  1.0000
   0.0267402874   0.0400196682  -0.8335541070
  -0.1153926378  -0.1726972867  -0.9927797512
      
      
#  type   0  conf  1.0000
  -0.1153926378  -0.1726972867  -0.9927797512
  -0.1513277522  -0.2264779860  -1.0353722321
      
      
#  type   0  conf  1.0000
  -0.1513277522  -0.2264779860  -1.0353722321
  -0.3894157646  -0.5828018774  -1.3855879258
      
      
#  type   0  conf  1.0000
  -0.3894157646  -0.5828018774  -1.3855879258
  -0.5963795711  -0.8925451029  -1.7361711462
      
      
#  type   0  conf  1.0000
  -0.5963795711  -0.8925451029  -1.7361711462
  -1.7514793278  -2.6212740552  -3.8317786563
      
      
#  type   0  conf  1.0000
  -1.7514793278  -2.6212740552  -3.8317786563
  -1.7540453257  -2.6251143425  -3.9361285402
      
      
#  type   0  conf  1.0000
  -1.7540453257  -2.6251143425  -3.9361285402
  -1.7463319916  -2.6135705222  -3.9722013917
      
      
#  type   0  conf  1.0000
  -1.7463319916  -2.6135705222  -3.9722013917
  -1.3891862323  -2.0790641206  -4.2803250500
      
      
#  type   0  conf  1.0000
  -1.3891862323  -2.0790641206  -4.2803250500
  -0.9110330234  -1.3634572727  -4.5855570468
      
      
#  76  norm     0.8270805743   -0.5620833779    0.0000000000
# nedges  20 
#  type   0  conf  1.0000
   0.9949172759   1.4639763144  -4.5854542808
   1.4621036708   2.1514202187  -4.2809204430
      
      
#  type   0  conf  1.0000
   1.4621036708   2.1514202187  -4.2809204430
   1.8482720683   2.7196497599  -3.9515462365
      
      
#  type   0  conf  1.0000
   1.8482720683   2.7196497599  -3.9515462365
   1.8510818764   2.7237842671  -3.8376415980
      
      
#  type   0  conf  1.0000
   1.8510818764   2.7237842671  -3.8376415980
   0.6892008296   1.0141282244  -1.7612724995
      
      
#  type   0  conf  1.0000
   0.6892008296   1.0141282244  -1.7612724995
   0.6525571593   0.9602087009  -1.6990225772
      
      
#  type   0  conf  1.0000
   0.6525571593   0.9602087009  -1.6990225772
   0.4622066979   0.6801165026  -1.3794885619
      
      
#  type   0  conf  1.0000
   0.4622066979   0.6801165026  -1.3794885619
   0.2231322747   0.3283291717  -1.0321826135
      
      
#  type   0  conf  1.0000
   0.2231322747   0.3283291717  -1.0321826135
   0.0575494625   0.0846814625  -0.8479443067
      
      
#  type   4  conf  0.0000
#  type   0  conf  1.0000
   0.0270802854   0.0398474299  -0.8333323179
  -0.1310754457  -0.1928716614  -1.0090812054
      
      
#  type   0  conf  1.0000
  -0.1310754457  -0.1928716614  -1.0090812054
  -0.1553481315  -0.2285878339  -1.0393370404
      
      
#  type   0  conf  1.0000
  -0.1553481315  -0.2285878339  -1.0393370404
  -0.3949638537  -0.5811716622  -1.3888110191
      
      
#  type   0  conf  1.0000
  -0.3949638537  -0.5811716622  -1.3888110191
  -0.5735968980  -0.8440222046  -1.6893016796
      
      
#  type   0  conf  1.0000
  -0.5735968980  -0.8440222046  -1.6893016796
  -0.6167124355  -0.9074647915  -1.7619627997
      
      
#  type   0  conf  1.0000
  -0.6167124355  -0.9074647915  -1.7619627997
  -1.7766066718  -2.6141973313  -3.8292340946
      
      
#  type   0  conf  1.0000
  -1.7766066718  -2.6141973313  -3.8292340946
  -1.7815765278  -2.6215102524  -3.9075709681
      
      
#  type   0  conf  1.0000
  -1.7815765278  -2.6215102524  -3.9075709681
  -1.7789948178  -2.6177113815  -3.9664884340
      
      
#  type   0  conf  1.0000
  -1.7789948178  -2.6177113815  -3.9664884340
  -1.4230834937  -2.0940037716  -4.2700020387
      
      
#  type   0  conf  1.0000
  -1.4230834937  -2.0940037716  -4.2700020387
  -1.4012201533  -2.0618328433  -4.2859542360
      
      
#  type   0  conf  1.0000
  -1.4012201533  -2.0618328433  -4.2859542360
  -0.9252860656  -1.3615170999  -4.5855777394
      
      
#  77  norm     0.8226405180   -0.5685618507    0.0000000000
# nedges  19 
#  type   0  conf  1.0000
   1.0211664035   1.4775047923  -4.5783546393
   1.4845455859   2.1479586578  -4.2799323097
      
      
#  type   0  conf  1.0000
   1.4845455859   2.1479586578  -4.2799323097
   1.8788884557   2.7185252941  -3.9494438581
      
      
#  type   0  conf  1.0000
   1.8788884557   2.7185252941  -3.9494438581
   1.8766972029   2.7153548152  -3.8318152278
      
      
#  type   0  conf  1.0000
   1.8766972029   2.7153548152  -3.8318152278
   0.6966142241   1.0079168791  -1.7637546043
      
      
#  type   0  conf  1.0000
   0.6966142241   1.0079168791  -1.7637546043
   0.6529833948   0.9447883242  -1.6903965229
      
      
#  type   0  conf  1.0000
   0.6529833948   0.9447883242  -1.6903965229
   0.4665375962   0.6750237099  -1.3799682742
      
      
#  type   0  conf  1.0000
   0.4665375962   0.6750237099  -1.3799682742
   0.2245848482   0.3249472254  -1.0313476892
      
      
#  type   0  conf  1.0000
   0.2245848482   0.3249472254  -1.0313476892
   0.0579689935   0.0838741516  -0.8478572469
      
      
#  type   4  conf  0.0000
#  type   0  conf  1.0000
   0.0273381376   0.0395549924  -0.8332864124
  -0.1124148864  -0.1626508010  -0.9873774344
      
      
#  type   0  conf  1.0000
  -0.1124148864  -0.1626508010  -0.9873774344
  -0.1547347867  -0.2238825995  -1.0363226356
      
      
#  type   0  conf  1.0000
  -0.1547347867  -0.2238825995  -1.0363226356
  -0.3998164237  -0.5784862095  -1.3914097310
      
      
#  type   0  conf  1.0000
  -0.3998164237  -0.5784862095  -1.3914097310
  -0.5949601653  -0.8608356997  -1.7166755539
      
      
#  type   0  conf  1.0000
  -0.5949601653  -0.8608356997  -1.7166755539
  -0.7994792506  -1.1567501829  -2.0718972057
      
      
#  type   0  conf  1.0000
  -0.7994792506  -1.1567501829  -2.0718972057
  -1.8041674757  -2.6104130358  -3.8290678355
      
      
#  type   0  conf  1.0000
  -1.8041674757  -2.6104130358  -3.8290678355
  -1.8097913477  -2.6185501012  -3.9075996123
      
      
#  type   0  conf  1.0000
  -1.8097913477  -2.6185501012  -3.9075996123
  -1.8045113692  -2.6109106082  -3.9698958093
      
      
#  type   0  conf  1.0000
  -1.8045113692  -2.6109106082  -3.9698958093
  -1.4310733468  -2.0705907683  -4.2802212610
      
      
#  type   0  conf  1.0000
  -1.4310733468  -2.0705907683  -4.2802212610
  -0.9396901317  -1.3596184404  -4.5856498643
      
      
#  78  norm     0.8181497174   -0.5750052520    0.0000000000
# nedges  15 
#  type   0  conf  1.0000
   1.0252399551   1.4587689009  -4.5851912123
   1.5048667287   2.1412087707  -4.2804741716
      
      
#  type   0  conf  1.0000
   1.5048667287   2.1412087707  -4.2804741716
   1.9086575779   2.7157450345  -3.9481488162
      
      
#  type   0  conf  1.0000
   1.9086575779   2.7157450345  -3.9481488162
   1.9019431992   2.7061914399  -3.8240457300
      
      
#  type   0  conf  1.0000
   1.9019431992   2.7061914399  -3.8240457300
   0.5101743307   0.7259046470  -1.4371647901
      
      
#  type   0  conf  1.0000
   0.5101743307   0.7259046470  -1.4371647901
   0.2266018158   0.3224217707  -1.0315800254
      
      
#  type   0  conf  1.0000
   0.2266018158   0.3224217707  -1.0315800254
   0.0586721379   0.0834820080  -0.8480881369
      
      
#  type   0  conf  1.0000
   0.0586721379   0.0834820080  -0.8480881369
   0.0274983488   0.0391261927  -0.8333684445
      
      
#  type   0  conf  1.0000
   0.0274983488   0.0391261927  -0.8333684445
  -0.1250230129  -0.1778897538  -1.0001875892
      
      
#  type   0  conf  1.0000
  -0.1250230129  -0.1778897538  -1.0001875892
  -0.1564476253  -0.2226024544  -1.0367919937
      
      
#  type   0  conf  1.0000
  -0.1564476253  -0.2226024544  -1.0367919937
  -0.4007376930  -0.5701920619  -1.3880282813
      
      
#  type   0  conf  1.0000
  -0.4007376930  -0.5701920619  -1.3880282813
  -0.5579351649  -0.7938614403  -1.6462707935
      
      
#  type   0  conf  1.0000
  -0.5579351649  -0.7938614403  -1.6462707935
  -1.8370323055  -2.6138325803  -3.8341881434
      
      
#  type   0  conf  1.0000
  -1.8370323055  -2.6138325803  -3.8341881434
  -1.8353384916  -2.6114225269  -3.9666308287
      
      
#  type   0  conf  1.0000
  -1.8353384916  -2.6114225269  -3.9666308287
  -1.4542743130  -2.0692230445  -4.2787258896
      
      
#  type   0  conf  1.0000
  -1.4542743130  -2.0692230445  -4.2787258896
  -0.9543180939  -1.3578572997  -4.5857006956
      
      
#  79  norm     0.8136084495   -0.5814131843   -0.0000000000
# nedges  16 
#  type   0  conf  1.0000
   1.0366063414   1.4505891866  -4.5870617797
   1.5262493292   2.1357777632  -4.2797488678
      
      
#  type   0  conf  1.0000
   1.5262493292   2.1357777632  -4.2797488678
   1.9350303914   2.7078111040  -3.9491363518
      
      
#  type   0  conf  1.0000
   1.9350303914   2.7078111040  -3.9491363518
   1.9322325346   2.7038958850  -3.8295625812
      
      
#  type   0  conf  1.0000
   1.9322325346   2.7038958850  -3.8295625812
   0.6375960874   0.8922287593  -1.6461600553
      
      
#  type   0  conf  1.0000
   0.6375960874   0.8922287593  -1.6461600553
   0.4722571714   0.6608594978  -1.3770885676
      
      
#  type   0  conf  1.0000
   0.4722571714   0.6608594978  -1.3770885676
   0.2289922941   0.3204434821  -1.0324595080
      
      
#  type   0  conf  1.0000
   0.2289922941   0.3204434821  -1.0324595080
   0.0592830620   0.0829585593  -0.8482766014
      
      
#  type   0  conf  1.0000
   0.0592830620   0.0829585593  -0.8482766014
   0.0278913729   0.0390301721  -0.8333614617
      
      
#  type   0  conf  1.0000
   0.0278913729   0.0390301721  -0.8333614617
  -0.1357034539  -0.1898984744  -1.0107341827
      
      
#  type   0  conf  1.0000
  -0.1357034539  -0.1898984744  -1.0107341827
  -0.1579810461  -0.2210729261  -1.0378337306
      
      
#  type   0  conf  1.0000
  -0.1579810461  -0.2210729261  -1.0378337306
  -0.4059098651  -0.5680154921  -1.3905812678
      
      
#  type   0  conf  1.0000
  -0.4059098651  -0.5680154921  -1.3905812678
  -0.5625014677  -0.7871440816  -1.6457008958
      
      
#  type   0  conf  1.0000
  -0.5625014677  -0.7871440816  -1.6457008958
  -1.8647092191  -2.6094062148  -3.8362588130
      
      
#  type   0  conf  1.0000
  -1.8647092191  -2.6094062148  -3.8362588130
  -1.8620981752  -2.6057524150  -3.9666409404
      
      
#  type   0  conf  1.0000
  -1.8620981752  -2.6057524150  -3.9666409404
  -1.4753323365  -2.0645263767  -4.2781313737
      
      
#  type   0  conf  1.0000
  -1.4753323365  -2.0645263767  -4.2781313737
  -0.9683839028  -1.3551211890  -4.5858694296
      
      
#  80  norm     0.8090169944   -0.5877852523    0.0000000000
# nedges  17 
#  type   0  conf  1.0000
   1.0555190165   1.4527972910  -4.5846242473
   1.5415719680   2.1217917859  -4.2829872237
      
      
#  type   0  conf  1.0000
   1.5415719680   2.1217917859  -4.2829872237
   1.6251746560   2.2368610141  -4.2178671002
      
      
#  type   0  conf  1.0000
   1.6251746560   2.2368610141  -4.2178671002
   1.9633366718   2.7023010989  -3.9477220921
      
      
#  type   0  conf  1.0000
   1.9633366718   2.7023010989  -3.9477220921
   1.9603871426   2.6982414202  -3.8306160001
      
      
#  type   0  conf  1.0000
   1.9603871426   2.6982414202  -3.8306160001
   0.6498350366   0.8944211957  -1.6573711219
      
      
#  type   0  conf  1.0000
   0.6498350366   0.8944211957  -1.6573711219
   0.4820553151   0.6634922203  -1.3859959448
      
      
#  type   0  conf  1.0000
   0.4820553151   0.6634922203  -1.3859959448
   0.2308055192   0.3176765438  -1.0320914847
      
      
#  type   0  conf  1.0000
   0.2308055192   0.3176765438  -1.0320914847
   0.0599288224   0.0824849477  -0.8484479144
      
      
#  type   0  conf  1.0000
   0.0599288224   0.0824849477  -0.8484479144
   0.0281957868   0.0388081712  -0.8333824976
      
      
#  type   0  conf  1.0000
   0.0281957868   0.0388081712  -0.8333824976
  -0.1370404001  -0.1886199291  -1.0110441359
      
      
#  type   0  conf  1.0000
  -0.1370404001  -0.1886199291  -1.0110441359
  -0.1602833872  -0.2206111563  -1.0392193304
      
      
#  type   0  conf  1.0000
  -0.1602833872  -0.2206111563  -1.0392193304
  -0.4102355930  -0.5646408533  -1.3924963092
      
      
#  type   0  conf  1.0000
  -0.4102355930  -0.5646408533  -1.3924963092
  -0.5512878365  -0.7587826111  -1.6195769712
      
      
#  type   0  conf  1.0000
  -0.5512878365  -0.7587826111  -1.6195769712
  -1.8922253613  -2.6044247768  -3.8364983823
      
      
#  type   0  conf  1.0000
  -1.8922253613  -2.6044247768  -3.8364983823
  -1.8895003349  -2.6006740997  -3.9665499378
      
      
#  type   0  conf  1.0000
  -1.8895003349  -2.6006740997  -3.9665499378
  -1.4964142045  -2.0596374567  -4.2777233581
      
      
#  type   0  conf  1.0000
  -1.4964142045  -2.0596374567  -4.2777233581
  -0.9827735809  -1.3526717886  -4.5857183992
      
      
#  81  norm     0.8043756353   -0.5941210629    0.0000000000
# nedges  16 
#  type   0  conf  1.0000
   1.0637075836   1.4401449750  -4.5882387643
   1.5669890362   2.1215336069  -4.2799588621
      
      
#  type   0  conf  1.0000
   1.5669890362   2.1215336069  -4.2799588621
   1.9897375067   2.6938892945  -3.9499873067
      
      
#  type   0  conf  1.0000
   1.9897375067   2.6938892945  -3.9499873067
   1.9879137258   2.6914200925  -3.8305464177
      
      
#  type   0  conf  1.0000
   1.9879137258   2.6914200925  -3.8305464177
   0.6440905175   0.8720288701  -1.6393158945
      
      
#  type   0  conf  1.0000
   0.6440905175   0.8720288701  -1.6393158945
   0.4827486417   0.6535894275  -1.3815731611
      
      
#  type   0  conf  1.0000
   0.4827486417   0.6535894275  -1.3815731611
   0.2321406633   0.3142933405  -1.0315912389
      
      
#  type   0  conf  1.0000
   0.2321406633   0.3142933405  -1.0315912389
   0.0605407005   0.0819655580  -0.8483710378
      
      
#  type   4  conf  0.0000
#  type   0  conf  1.0000
   0.0284550135   0.0385250094  -0.8332690659
  -0.1386420555  -0.1877063421  -1.0116745849
      
      
#  type   0  conf  1.0000
  -0.1386420555  -0.1877063421  -1.0116745849
  -0.1612827413  -0.2183593809  -1.0388456755
      
      
#  type   0  conf  1.0000
  -0.1612827413  -0.2183593809  -1.0388456755
  -0.4147933603  -0.5615853292  -1.3946364881
      
      
#  type   0  conf  1.0000
  -0.4147933603  -0.5615853292  -1.3946364881
  -0.5402461312  -0.7314348070  -1.5941866786
      
      
#  type   0  conf  1.0000
  -0.5402461312  -0.7314348070  -1.5941866786
  -1.9186724872  -2.5976749473  -3.8360867361
      
      
#  type   0  conf  1.0000
  -1.9186724872  -2.5976749473  -3.8360867361
  -1.9159686901  -2.5940142986  -3.9667253325
      
      
#  type   0  conf  1.0000
  -1.9159686901  -2.5940142986  -3.9667253325
  -1.5163986260  -2.0530396652  -4.2779037608
      
      
#  type   0  conf  1.0000
  -1.5163986260  -2.0530396652  -4.2779037608
  -0.9967525034  -1.3494950410  -4.5857689012
      
      
#  82  norm     0.7996846585   -0.6004202253    0.0000000000
# nedges  17 
#  type   0  conf  1.0000
   1.0781809620   1.4360022164  -4.5882593355
   1.5747353925   2.0973506245  -4.2876514484
      
      
#  type   0  conf  1.0000
   1.5747353925   2.0973506245  -4.2876514484
   1.6291475234   2.1698207788  -4.2486114445
      
      
#  type   0  conf  1.0000
   1.6291475234   2.1698207788  -4.2486114445
   2.0187935270   2.6887805309  -3.9469642762
      
      
#  type   0  conf  1.0000
   2.0187935270   2.6887805309  -3.9469642762
   2.0148492208   2.6835272082  -3.8302658784
      
      
#  type   0  conf  1.0000
   2.0148492208   2.6835272082  -3.8302658784
   0.6584336265   0.8769512543  -1.6534600810
      
      
#  type   0  conf  1.0000
   0.6584336265   0.8769512543  -1.6534600810
   0.4894558514   0.6518939884  -1.3861543335
      
      
#  type   0  conf  1.0000
   0.4894558514   0.6518939884  -1.3861543335
   0.2350787958   0.3130955597  -1.0330151993
      
      
#  type   0  conf  1.0000
   0.2350787958   0.3130955597  -1.0330151993
   0.0613485665   0.0817086190  -0.8488315931
      
      
#  type   0  conf  1.0000
   0.0613485665   0.0817086190  -0.8488315931
   0.0288004555   0.0383586053  -0.8333182513
      
      
#  type   0  conf  1.0000
   0.0288004555   0.0383586053  -0.8333182513
  -0.1401324316  -0.1866388756  -1.0122400872
      
      
#  type   0  conf  1.0000
  -0.1401324316  -0.1866388756  -1.0122400872
  -0.1626417901  -0.2166185263  -1.0393985872
      
      
#  type   0  conf  1.0000
  -0.1626417901  -0.2166185263  -1.0393985872
  -0.4112264952  -0.5477022683  -1.3852798264
      
      
#  type   0  conf  1.0000
  -0.4112264952  -0.5477022683  -1.3852798264
  -0.5202632150  -0.6929255443  -1.5554562204
      
      
#  type   0  conf  1.0000
  -0.5202632150  -0.6929255443  -1.5554562204
  -1.9451763525  -2.5907316602  -3.8358081019
      
      
#  type   0  conf  1.0000
  -1.9451763525  -2.5907316602  -3.8358081019
  -1.9431611919  -2.5880477182  -3.9665105676
      
      
#  type   0  conf  1.0000
  -1.9431611919  -2.5880477182  -3.9665105676
  -1.5355433625  -2.0451517415  -4.2785019723
      
      
#  type   0  conf  1.0000
  -1.5355433625  -2.0451517415  -4.2785019723
  -1.0108802237  -1.3463660489  -4.5858211748
      
      
#  83  norm     0.7949443534   -0.6066823510    0.0000000000
# nedges  18 
#  type   0  conf  1.0000
   1.0967606686   1.4371008140  -4.5857109092
   1.5987422522   2.0948542904  -4.2854751203
      
      
#  type   0  conf  1.0000
   1.5987422522   2.0948542904  -4.2854751203
   1.6561779662   2.1701131082  -4.2437644554
      
      
#  type   0  conf  1.0000
   1.6561779662   2.1701131082  -4.2437644554
   2.0465777602   2.6816594080  -3.9478907340
      
      
#  type   0  conf  1.0000
   2.0465777602   2.6816594080  -3.9478907340
   2.0426098316   2.6764601757  -3.8306102971
      
      
#  type   0  conf  1.0000
   2.0426098316   2.6764601757  -3.8306102971
   0.7163776017   0.9386795716  -1.7365264383
      
      
#  type   0  conf  1.0000
   0.7163776017   0.9386795716  -1.7365264383
   0.4942159221   0.6475780217  -1.3877679724
      
      
#  type   0  conf  1.0000
   0.4942159221   0.6475780217  -1.3877679724
   0.2376831015   0.3114394858  -1.0344669662
      
      
#  type   0  conf  1.0000
   0.2376831015   0.3114394858  -1.0344669662
   0.0557260873   0.0730186700  -0.8422096205
      
      
#  type   4  conf  0.0000
#  type   0  conf  1.0000
   0.0239230700   0.0313467326  -0.8390149090
  -0.1292101830  -0.1693059065  -0.9995511211
      
      
#  type   0  conf  1.0000
  -0.1292101830  -0.1693059065  -0.9995511211
  -0.1632965155  -0.2139697038  -1.0386590510
      
      
#  type   0  conf  1.0000
  -0.1632965155  -0.2139697038  -1.0386590510
  -0.4142306526  -0.5427722065  -1.3857348248
      
      
#  type   0  conf  1.0000
  -0.4142306526  -0.5427722065  -1.3857348248
  -0.5241171490  -0.6867580166  -1.5554672176
      
      
#  type   0  conf  1.0000
  -0.5241171490  -0.6867580166  -1.5554672176
  -1.9729725231  -2.5852134384  -3.8373005264
      
      
#  type   0  conf  1.0000
  -1.9729725231  -2.5852134384  -3.8373005264
  -1.9700724405  -2.5814134196  -3.9662669205
      
      
#  type   0  conf  1.0000
  -1.9700724405  -2.5814134196  -3.9662669205
  -1.6068725200  -2.1055074938  -4.2402947038
      
      
#  type   0  conf  1.0000
  -1.6068725200  -2.1055074938  -4.2402947038
  -1.5506058109  -2.0317804394  -4.2809009305
      
      
#  type   0  conf  1.0000
  -1.5506058109  -2.0317804394  -4.2809009305
  -1.0221309330  -1.3393124297  -4.5885230925
      
      
#  84  norm     0.7901550124   -0.6129070537    0.0000000000
# nedges  18 
#  type   0  conf  1.0000
   1.1084052342   1.4289474176  -4.5872525283
   1.6290945817   2.1002160796  -4.2793880714
      
      
#  type   0  conf  1.0000
   1.6290945817   2.1002160796  -4.2793880714
   2.0725858530   2.6719615814  -3.9496724084
      
      
#  type   0  conf  1.0000
   2.0725858530   2.6719615814  -3.9496724084
   2.0712533024   2.6702436675  -3.8329095424
      
      
#  type   0  conf  1.0000
   2.0712533024   2.6702436675  -3.8329095424
   0.5387741146   0.6945834032  -1.4507282135
      
      
#  type   0  conf  1.0000
   0.5387741146   0.6945834032  -1.4507282135
   0.4818766497   0.6212316335  -1.3661173450
      
      
#  type   0  conf  1.0000
   0.4818766497   0.6212316335  -1.3661173450
   0.2385953948   0.3075953296  -1.0334654929
      
      
#  type   0  conf  1.0000
   0.2385953948   0.3075953296  -1.0334654929
   0.0625822293   0.0806805239  -0.8489574447
      
      
#  type   0  conf  1.0000
   0.0625822293   0.0806805239  -0.8489574447
   0.0293610314   0.0378520137  -0.8332264043
      
      
#  type   0  conf  1.0000
   0.0293610314   0.0378520137  -0.8332264043
  -0.1426870533  -0.1839510407  -1.0127189277
      
      
#  type   0  conf  1.0000
  -0.1426870533  -0.1839510407  -1.0127189277
  -0.1665969044  -0.2147754349  -1.0416132623
      
      
#  type   0  conf  1.0000
  -0.1665969044  -0.2147754349  -1.0416132623
  -0.4196530702  -0.5410134782  -1.3894915838
      
      
#  type   0  conf  1.0000
  -0.4196530702  -0.5410134782  -1.3894915838
  -0.6414593044  -0.8269643522  -1.7311265574
      
      
#  type   0  conf  1.0000
  -0.6414593044  -0.8269643522  -1.7311265574
  -1.9937248859  -2.5702946353  -3.8287748945
      
      
#  type   0  conf  1.0000
  -1.9937248859  -2.5702946353  -3.8287748945
  -1.9991524593  -2.5772918207  -3.9076962267
      
      
#  type   0  conf  1.0000
  -1.9991524593  -2.5772918207  -3.9076962267
  -1.9961525466  -2.5734243565  -3.9671505473
      
      
#  type   0  conf  1.0000
  -1.9961525466  -2.5734243565  -3.9671505473
  -1.6230396433  -2.0924101000  -4.2440218158
      
      
#  type   0  conf  1.0000
  -1.6230396433  -2.0924101000  -4.2440218158
  -1.5675216076  -2.0208366797  -4.2832127353
      
      
#  type   0  conf  1.0000
  -1.5675216076  -2.0208366797  -4.2832127353
  -1.0396926818  -1.3403637288  -4.5857918082
      
      
#  85  norm     0.7853169309   -0.6190939493    0.0000000000
# nedges  17 
#  type   0  conf  1.0000
   1.1362567701   1.4413348417  -4.5796631752
   1.6500351259   2.0930595791  -4.2787780351
      
      
#  type   0  conf  1.0000
   1.6500351259   2.0930595791  -4.2787780351
   2.1010583175   2.6651797701  -3.9490475146
      
      
#  type   0  conf  1.0000
   2.1010583175   2.6651797701  -3.9490475146
   2.0976784999   2.6608924919  -3.8309970537
      
      
#  type   0  conf  1.0000
   2.0976784999   2.6608924919  -3.8309970537
   0.5008241456   0.6352924000  -1.3876749697
      
      
#  type   0  conf  1.0000
   0.5008241456   0.6352924000  -1.3876749697
   0.2393022293   0.3035534307  -1.0324350140
      
      
#  type   0  conf  1.0000
   0.2393022293   0.3035534307  -1.0324350140
   0.0632326609   0.0802102480  -0.8492603544
      
      
#  type   4  conf  0.0000
#  type   0  conf  1.0000
   0.0297131141   0.0376909056  -0.8331822259
  -0.1314018753  -0.1666824842  -1.0002077869
      
      
#  type   0  conf  1.0000
  -0.1314018753  -0.1666824842  -1.0002077869
  -0.1654361518  -0.2098547582  -1.0387515611
      
      
#  type   0  conf  1.0000
  -0.1654361518  -0.2098547582  -1.0387515611
  -0.4114746325  -0.5219530830  -1.3747245448
      
      
#  type   0  conf  1.0000
  -0.4114746325  -0.5219530830  -1.3747245448
  -0.4562546668  -0.5787562857  -1.4396414131
      
      
#  type   0  conf  1.0000
  -0.4562546668  -0.5787562857  -1.4396414131
  -2.0205923261  -2.5631091466  -3.8291139935
      
      
#  type   0  conf  1.0000
  -2.0205923261  -2.5631091466  -3.8291139935
  -2.0263452757  -2.5704067284  -3.9076358247
      
      
#  type   0  conf  1.0000
  -2.0263452757  -2.5704067284  -3.9076358247
  -2.0232478741  -2.5664776932  -3.9666183313
      
      
#  type   0  conf  1.0000
  -2.0232478741  -2.5664776932  -3.9666183313
  -1.6449512897  -2.0866107636  -4.2432538078
      
      
#  type   0  conf  1.0000
  -1.6449512897  -2.0866107636  -4.2432538078
  -1.5889900399  -2.0156242566  -4.2823827462
      
      
#  type   0  conf  1.0000
  -1.5889900399  -2.0156242566  -4.2823827462
  -1.0539754625  -1.3369615006  -4.5858231258
      
      
#  86  norm     0.7804304073   -0.6252426563    0.0000000000
# nedges  17 
#  type   0  conf  1.0000
   1.1473215080   1.4320913373  -4.5811330336
   1.6477791233   2.0567645527  -4.2920479222
      
      
#  type   0  conf  1.0000
   1.6477791233   2.0567645527  -4.2920479222
   1.6866686605   2.1053066300  -4.2672879827
      
      
#  type   0  conf  1.0000
   1.6866686605   2.1053066300  -4.2672879827
   2.1285848326   2.6569081798  -3.9480321869
      
      
#  type   0  conf  1.0000
   2.1285848326   2.6569081798  -3.9480321869
   2.1254576554   2.6530048246  -3.8320419234
      
      
#  type   0  conf  1.0000
   2.1254576554   2.6530048246  -3.8320419234
   0.5029427062   0.6277751160  -1.3866370159
      
      
#  type   0  conf  1.0000
   0.5029427062   0.6277751160  -1.3866370159
   0.4941019187   0.6167400093  -1.3742056504
      
      
#  type   0  conf  1.0000
   0.4941019187   0.6167400093  -1.3742056504
   0.2392904227   0.2986832715  -1.0307629910
      
      
#  type   0  conf  1.0000
   0.2392904227   0.2986832715  -1.0307629910
   0.0637296235   0.0795475733  -0.8494393283
      
      
#  type   4  conf  0.0000
#  type   0  conf  1.0000
   0.0299306575   0.0373595675  -0.8331009655
  -0.1053176395  -0.1314579027  -0.9724319914
      
      
#  type   0  conf  1.0000
  -0.1053176395  -0.1314579027  -0.9724319914
  -0.1622300879  -0.2024962506  -1.0329030148
      
      
#  type   0  conf  1.0000
  -0.1622300879  -0.2024962506  -1.0329030148
  -0.4144072795  -0.5172648390  -1.3750464775
      
      
#  type   0  conf  1.0000
  -0.4144072795  -0.5172648390  -1.3750464775
  -0.4326315603  -0.5400124598  -1.4006968277
      
      
#  type   0  conf  1.0000
  -0.4326315603  -0.5400124598  -1.4006968277
  -2.0540150431  -2.5638298676  -3.8377152833
      
      
#  type   0  conf  1.0000
  -2.0540150431  -2.5638298676  -3.8377152833
  -2.0511736553  -2.5602832358  -3.9668215177
      
      
#  type   0  conf  1.0000
  -2.0511736553  -2.5602832358  -3.9668215177
  -1.6179175000  -2.0194911540  -4.2773311277
      
      
#  type   0  conf  1.0000
  -1.6179175000  -2.0194911540  -4.2773311277
  -1.0684676160  -1.3336655910  -4.5855809584
      
      
#  87  norm     0.7754957432   -0.6313527954    0.0000000000
# nedges  15 
#  type   0  conf  1.0000
   1.1499715101   1.4125193034  -4.5879569768
   1.6902963213   2.0762046375  -4.2784737290
      
      
#  type   0  conf  1.0000
   1.6902963213   2.0762046375  -4.2784737290
   2.1547858221   2.6467408469  -3.9493676480
      
      
#  type   0  conf  1.0000
   2.1547858221   2.6467408469  -3.9493676480
   2.1529925159   2.6445381144  -3.8342323858
      
      
#  type   0  conf  1.0000
   2.1529925159   2.6445381144  -3.8342323858
   0.5146401123   0.6321366108  -1.3991945967
      
      
#  type   0  conf  1.0000
   0.5146401123   0.6321366108  -1.3991945967
   0.4969800721   0.6104446407  -1.3740272078
      
      
#  type   0  conf  1.0000
   0.4969800721   0.6104446407  -1.3740272078
   0.2429002574   0.2983563501  -1.0330247660
      
      
#  type   0  conf  1.0000
   0.2429002574   0.2983563501  -1.0330247660
   0.0642894209   0.0789672154  -0.8495544064
      
      
#  type   4  conf  0.0000
#  type   0  conf  1.0000
   0.0302248525   0.0371254307  -0.8331820559
  -0.1308898848  -0.1607731037  -0.9980409153
      
      
#  type   0  conf  1.0000
  -0.1308898848  -0.1607731037  -0.9980409153
  -0.1634498423  -0.2007667628  -1.0336253919
      
      
#  type   0  conf  1.0000
  -0.1634498423  -0.2007667628  -1.0336253919
  -0.4237384865  -0.5204814089  -1.3839412554
      
      
#  type   0  conf  1.0000
  -0.4237384865  -0.5204814089  -1.3839412554
  -2.0790315084  -2.5536912109  -3.8359611076
      
      
#  type   0  conf  1.0000
  -2.0790315084  -2.5536912109  -3.8359611076
  -2.0773913938  -2.5516766448  -3.9665315490
      
      
#  type   0  conf  1.0000
  -2.0773913938  -2.5516766448  -3.9665315490
  -1.6371802531  -2.0109617416  -4.2774947019
      
      
#  type   0  conf  1.0000
  -1.6371802531  -2.0109617416  -4.2774947019
  -1.0820007054  -1.3290302145  -4.5857702141
      
      
#  88  norm     0.7705132428   -0.6374239897   -0.0000000000
# nedges  17 
#  type   0  conf  1.0000
   1.1775160880   1.4233724397  -4.5800442846
   1.7061418794   2.0623712525  -4.2809060702
      
      
#  type   0  conf  1.0000
   1.7061418794   2.0623712525  -4.2809060702
   2.1785145368   2.6333717074  -3.9520256041
      
      
#  type   0  conf  1.0000
   2.1785145368   2.6333717074  -3.9520256041
   2.1818554729   2.6374102053  -3.8933616961
      
      
#  type   0  conf  1.0000
   2.1818554729   2.6374102053  -3.8933616961
   2.1751895466   2.6293524846  -3.8273709906
      
      
#  type   0  conf  1.0000
   2.1751895466   2.6293524846  -3.8273709906
   0.5176333823   0.6257112728  -1.3991681920
      
      
#  type   0  conf  1.0000
   0.5176333823   0.6257112728  -1.3991681920
   0.4996951421   0.6040276653  -1.3740709851
      
      
#  type   0  conf  1.0000
   0.4996951421   0.6040276653  -1.3740709851
   0.2438575729   0.2947731687  -1.0321342791
      
      
#  type   0  conf  1.0000
   0.2438575729   0.2947731687  -1.0321342791
   0.0651192193   0.0787156141  -0.8498925243
      
      
#  type   4  conf  0.0000
#  type   0  conf  1.0000
   0.0306665029   0.0370694341  -0.8330100717
  -0.1322430206  -0.1598543517  -0.9986567651
      
      
#  type   0  conf  1.0000
  -0.1322430206  -0.1598543517  -0.9986567651
  -0.1650233538  -0.1994789678  -1.0344254259
      
      
#  type   0  conf  1.0000
  -0.1650233538  -0.1994789678  -1.0344254259
  -0.4199604592  -0.5076449906  -1.3758347856
      
      
#  type   0  conf  1.0000
  -0.4199604592  -0.5076449906  -1.3758347856
  -0.4553618798  -0.5504379570  -1.4267593719
      
      
#  type   0  conf  1.0000
  -0.4553618798  -0.5504379570  -1.4267593719
  -2.1060507014  -2.5457779775  -3.8372469883
      
      
#  type   0  conf  1.0000
  -2.1060507014  -2.5457779775  -3.8372469883
  -2.1035688090  -2.5427778849  -3.9665562968
      
      
#  type   0  conf  1.0000
  -2.1035688090  -2.5427778849  -3.9665562968
  -1.6567530835  -2.0026704539  -4.2775972552
      
      
#  type   0  conf  1.0000
  -1.6567530835  -2.0026704539  -4.2775972552
  -1.0957663044  -1.3245539266  -4.5856982440
      
      
#  89  norm     0.7654832135   -0.6434558647    0.0000000000
# nedges  16 
#  type   0  conf  1.0000
   1.1804273849   1.4042879977  -4.5862863434
   1.7302706015   2.0584055144  -4.2779981929
      
      
#  type   0  conf  1.0000
   1.7302706015   2.0584055144  -4.2779981929
   2.2087803078   2.6276615702  -3.9489398451
      
      
#  type   0  conf  1.0000
   2.2087803078   2.6276615702  -3.9489398451
   2.2055635023   2.6238347179  -3.8326976175
      
      
#  type   0  conf  1.0000
   2.2055635023   2.6238347179  -3.8326976175
   0.5223569895   0.6214186999  -1.4017776394
      
      
#  type   0  conf  1.0000
   0.5223569895   0.6214186999  -1.4017776394
   0.4977862083   0.5921882250  -1.3673022262
      
      
#  type   0  conf  1.0000
   0.4977862083   0.5921882250  -1.3673022262
   0.2454361808   0.2919816054  -1.0324396972
      
      
#  type   0  conf  1.0000
   0.2454361808   0.2919816054  -1.0324396972
   0.0655748160   0.0780106665  -0.8499874193
      
      
#  type   4  conf  0.0000
#  type   0  conf  1.0000
   0.0308015445   0.0366428633  -0.8328125285
  -0.1335816293  -0.1589145432  -0.9993600499
      
      
#  type   0  conf  1.0000
  -0.1335816293  -0.1589145432  -0.9993600499
  -0.1666459121  -0.1982492589  -1.0351800229
      
      
#  type   0  conf  1.0000
  -0.1666459121  -0.1982492589  -1.0351800229
  -0.4307321497  -0.5124177867  -1.3873930636
      
      
#  type   0  conf  1.0000
  -0.4307321497  -0.5124177867  -1.3873930636
  -2.1314229435  -2.5356338694  -3.8363274311
      
      
#  type   0  conf  1.0000
  -2.1314229435  -2.5356338694  -3.8363274311
  -2.1302928101  -2.5342894134  -3.9656039442
      
      
#  type   0  conf  1.0000
  -2.1302928101  -2.5342894134  -3.9656039442
  -1.6873862025  -2.0073883594  -4.2700268127
      
      
#  type   0  conf  1.0000
  -1.6873862025  -2.0073883594  -4.2700268127
  -1.6623289962  -1.9775792119  -4.2849200868
      
      
#  type   0  conf  1.0000
  -1.6623289962  -1.9775792119  -4.2849200868
  -1.1092269890  -1.3195848955  -4.5860449855
      
      
#  90  norm     0.7604059656   -0.6494480483   -0.0000000000
# nedges  16 
#  type   0  conf  1.0000
   1.1914323023   1.3949879942  -4.5876005589
   1.7465288715   2.0449225714  -4.2800319322
      
      
#  type   0  conf  1.0000
   1.7465288715   2.0449225714  -4.2800319322
   2.2331161052   2.6146430228  -3.9505924384
      
      
#  type   0  conf  1.0000
   2.2331161052   2.6146430228  -3.9505924384
   2.2342828939   2.6160091569  -3.8362905386
      
      
#  type   0  conf  1.0000
   2.2342828939   2.6160091569  -3.8362905386
   0.5527455079   0.6471818381  -1.4405629180
      
      
#  type   0  conf  1.0000
   0.5527455079   0.6471818381  -1.4405629180
   0.5026311049   0.5885054110  -1.3700628707
      
      
#  type   0  conf  1.0000
   0.5026311049   0.5885054110  -1.3700628707
   0.2481997190   0.2906045334  -1.0338586036
      
      
#  type   0  conf  1.0000
   0.2481997190   0.2906045334  -1.0338586036
   0.0607389157   0.0711161331  -0.8445714133
      
      
#  type   0  conf  1.0000
   0.0607389157   0.0711161331  -0.8445714133
   0.0310307276   0.0363323140  -0.8329461407
      
      
#  type   0  conf  1.0000
   0.0310307276   0.0363323140  -0.8329461407
  -0.1346890090  -0.1577005677  -0.9997230348
      
      
#  type   0  conf  1.0000
  -0.1346890090  -0.1577005677  -0.9997230348
  -0.1682323672  -0.1969747942  -1.0360222050
      
      
#  type   0  conf  1.0000
  -0.1682323672  -0.1969747942  -1.0360222050
  -0.4329162068  -0.5068797529  -1.3874609410
      
      
#  type   0  conf  1.0000
  -0.4329162068  -0.5068797529  -1.3874609410
  -0.4445543686  -0.5205062896  -1.4034552333
      
      
#  type   0  conf  1.0000
  -0.4445543686  -0.5205062896  -1.4034552333
  -2.1596418245  -2.5286156931  -3.8403454358
      
      
#  type   0  conf  1.0000
  -2.1596418245  -2.5286156931  -3.8403454358
  -2.1551078507  -2.5233070919  -3.9672369986
      
      
#  type   0  conf  1.0000
  -2.1551078507  -2.5233070919  -3.9672369986
  -1.6965641598  -1.9864214103  -4.2767286988
      
      
#  type   0  conf  1.0000
  -1.6965641598  -1.9864214103  -4.2767286988
  -1.1229180525  -1.3147681145  -4.5860400189
      
      
#  91  norm     0.7552818123   -0.6554001709    0.0000000000
# nedges  18 
#  type   0  conf  1.0000
   1.2102444432   1.3946832133  -4.5848816945
   1.7609316947   2.0292940721  -4.2826430053
      
      
#  type   0  conf  1.0000
   1.7609316947   2.0292940721  -4.2826430053
   1.8209096071   2.0984124953  -4.2434907425
      
      
#  type   0  conf  1.0000
   1.8209096071   2.0984124953  -4.2434907425
   2.2615078016   2.6061569507  -3.9485528985
      
      
#  type   0  conf  1.0000
   2.2615078016   2.6061569507  -3.9485528985
   2.2603390745   2.6048101119  -3.8819778682
      
      
#  type   0  conf  1.0000
   2.2603390745   2.6048101119  -3.8819778682
   2.2534895894   2.5969167794  -3.8259843908
      
      
#  type   0  conf  1.0000
   2.2534895894   2.5969167794  -3.8259843908
   0.5094130556   0.5870465602  -1.3751941906
      
      
#  type   0  conf  1.0000
   0.5094130556   0.5870465602  -1.3751941906
   0.2499310236   0.2880199989  -1.0343032425
      
      
#  type   0  conf  1.0000
   0.2499310236   0.2880199989  -1.0343032425
   0.0599967640   0.0691401477  -0.8434381287
      
      
#  type   4  conf  0.0000
#  type   0  conf  1.0000
   0.0257985157   0.0297301566  -0.8387590190
  -0.1341227617  -0.1545627955  -0.9985152261
      
      
#  type   0  conf  1.0000
  -0.1341227617  -0.1545627955  -0.9985152261
  -0.1708401121  -0.1968757947  -1.0382534668
      
      
#  type   0  conf  1.0000
  -0.1708401121  -0.1968757947  -1.0382534668
  -0.4384446224  -0.5052626833  -1.3920358701
      
      
#  type   0  conf  1.0000
  -0.4384446224  -0.5052626833  -1.3920358701
  -2.1831817043  -2.5158941168  -3.8359848471
      
      
#  type   0  conf  1.0000
  -2.1831817043  -2.5158941168  -3.8359848471
  -2.1824676772  -2.5150712735  -3.9448249097
      
      
#  type   0  conf  1.0000
  -2.1824676772  -2.5150712735  -3.9448249097
  -2.1679221842  -2.4983090772  -3.9757574577
      
      
#  type   0  conf  1.0000
  -2.1679221842  -2.4983090772  -3.9757574577
  -1.7444393070  -2.0102882783  -4.2575864793
      
      
#  type   0  conf  1.0000
  -1.7444393070  -2.0102882783  -4.2575864793
  -1.7018416042  -1.9611987731  -4.2839116757
      
      
#  type   0  conf  1.0000
  -1.7018416042  -1.9611987731  -4.2839116757
  -1.1341431995  -1.3069842962  -4.5879576135
      
      
#  92  norm     0.7501110696   -0.6613118653    0.0000000000
# nedges  17 
#  type   0  conf  1.0000
   1.2217318253   1.3857827362  -4.5860648466
   1.7852119637   2.0249254941  -4.2798170405
      
      
#  type   0  conf  1.0000
   1.7852119637   2.0249254941  -4.2798170405
   2.2870712091   2.5941730686  -3.9496976979
      
      
#  type   0  conf  1.0000
   2.2870712091   2.5941730686  -3.9496976979
   2.2857872906   2.5927167489  -3.8342336391
      
      
#  type   0  conf  1.0000
   2.2857872906   2.5927167489  -3.8342336391
   0.5572106665   0.6320314377  -1.4379789024
      
      
#  type   0  conf  1.0000
   0.5572106665   0.6320314377  -1.4379789024
   0.5102187081   0.5787295238  -1.3734839873
      
      
#  type   0  conf  1.0000
   0.5102187081   0.5787295238  -1.3734839873
   0.2511146173   0.2848336225  -1.0343158364
      
      
#  type   0  conf  1.0000
   0.2511146173   0.2848336225  -1.0343158364
   0.0593902578   0.0673650241  -0.8426124014
      
      
#  type   4  conf  0.0000
#  type   0  conf  1.0000
   0.0248436497   0.0281795891  -0.8394409047
  -0.1366103392  -0.1549540134  -1.0003481139
      
      
#  type   0  conf  1.0000
  -0.1366103392  -0.1549540134  -1.0003481139
  -0.1712782346  -0.1942770219  -1.0375339387
      
      
#  type   0  conf  1.0000
  -0.1712782346  -0.1942770219  -1.0375339387
  -0.4373749644  -0.4961045152  -1.3877460177
      
      
#  type   3  conf  0.0000
#  type   0  conf  1.0000
  -0.4442871789  -0.5039448836  -1.3966785460
  -2.2111040663  -2.5080052593  -3.8390950490
      
      
#  type   0  conf  1.0000
  -2.2111040663  -2.5080052593  -3.8390950490
  -2.2072105813  -2.5035889674  -3.9668097589
      
      
#  type   0  conf  1.0000
  -2.2072105813  -2.5035889674  -3.9668097589
  -1.8539807914  -2.1029284177  -4.1988425102
      
      
#  type   0  conf  1.0000
  -1.8539807914  -2.1029284177  -4.1988425102
  -1.7257135607  -1.9574378032  -4.2817572547
      
      
#  type   0  conf  1.0000
  -1.7257135607  -1.9574378032  -4.2817572547
  -1.1518343796  -1.3064996468  -4.5853733047
      
      
#  93  norm     0.7448940566   -0.6671827669    0.0000000000
# nedges  15 
#  type   0  conf  1.0000
   1.2500633640   1.3956666994  -4.5782547088
   1.8064245399   2.0168310247  -4.2785456894
      
      
#  type   0  conf  1.0000
   1.8064245399   2.0168310247  -4.2785456894
   2.3138427087   2.5833516198  -3.9490860377
      
      
#  type   0  conf  1.0000
   2.3138427087   2.5833516198  -3.9490860377
   2.3125229401   2.5818781288  -3.8673610471
      
      
#  type   0  conf  1.0000
   2.3125229401   2.5818781288  -3.8673610471
   2.3022778901   2.5704397686  -3.8189591165
      
      
#  type   0  conf  1.0000
   2.3022778901   2.5704397686  -3.8189591165
   0.4830368492   0.5392994183  -1.3356674573
      
      
#  type   0  conf  1.0000
   0.4830368492   0.5392994183  -1.3356674573
   0.2550337025   0.2847392029  -1.0371433815
      
      
#  type   0  conf  1.0000
   0.2550337025   0.2847392029  -1.0371433815
   0.0618576559   0.0690626355  -0.8447380716
      
      
#  type   0  conf  1.0000
   0.0618576559   0.0690626355  -0.8447380716
   0.0320294879   0.0357601790  -0.8326281891
      
      
#  type   0  conf  1.0000
   0.0320294879   0.0357601790  -0.8326281891
  -0.1623275155  -0.1812348993  -1.0254261944
      
      
#  type   0  conf  1.0000
  -0.1623275155  -0.1812348993  -1.0254261944
  -0.4051298609  -0.4523180761  -1.3434668780
      
      
#  type   0  conf  1.0000
  -0.4051298609  -0.4523180761  -1.3434668780
  -2.2355616711  -2.4959526603  -3.8354995978
      
      
#  type   0  conf  1.0000
  -2.2355616711  -2.4959526603  -3.8354995978
  -2.2349316678  -2.4952492762  -3.9430438193
      
      
#  type   0  conf  1.0000
  -2.2349316678  -2.4952492762  -3.9430438193
  -2.2209853698  -2.4796785586  -3.9757362961
      
      
#  type   0  conf  1.0000
  -2.2209853698  -2.4796785586  -3.9757362961
  -1.7495850226  -1.9533710244  -4.2791152849
      
      
#  type   0  conf  1.0000
  -1.7495850226  -1.9533710244  -4.2791152849
  -1.1649233311  -1.3006098310  -4.5857230038
      
      
#  94  norm     0.7396310950   -0.6730125135    0.0000000000
# nedges  14 
#  type   0  conf  1.0000
   1.2609702359   1.3857881950  -4.5796067749
   1.8171646597   1.9970378856  -4.2828119273
      
      
#  type   0  conf  1.0000
   1.8171646597   1.9970378856  -4.2828119273
   1.9389445518   2.1308722397  -4.2060146419
      
      
#  type   0  conf  1.0000
   1.9389445518   2.1308722397  -4.2060146419
   2.3406672455   2.5723597155  -3.9473901705
      
      
#  type   0  conf  1.0000
   2.3406672455   2.5723597155  -3.9473901705
   2.3375931724   2.5689813533  -3.8319032807
      
      
#  type   0  conf  1.0000
   2.3375931724   2.5689813533  -3.8319032807
   0.4558701491   0.5009947524  -1.2957693236
      
      
#  type   0  conf  1.0000
   0.4558701491   0.5009947524  -1.2957693236
   0.2513594522   0.2762404311  -1.0325447278
      
      
#  type   0  conf  1.0000
   0.2513594522   0.2762404311  -1.0325447278
   0.0687849202   0.0755936403  -0.8512371769
      
      
#  type   4  conf  0.0000
#  type   0  conf  1.0000
   0.0321139943   0.0352928189  -0.8326200189
  -0.1627934029  -0.1789076138  -1.0253030961
      
      
#  type   0  conf  1.0000
  -0.1627934029  -0.1789076138  -1.0253030961
  -0.3532223609  -0.3881863061  -1.2709487255
      
      
#  type   0  conf  1.0000
  -0.3532223609  -0.3881863061  -1.2709487255
  -2.2615224997  -2.4853807755  -3.8355355035
      
      
#  type   0  conf  1.0000
  -2.2615224997  -2.4853807755  -3.8355355035
  -2.2593677135  -2.4830126965  -3.9666604808
      
      
#  type   0  conf  1.0000
  -2.2593677135  -2.4830126965  -3.9666604808
  -1.7745116602  -1.9501628512  -4.2758856953
      
      
#  type   0  conf  1.0000
  -1.7745116602  -1.9501628512  -4.2758856953
  -1.1785637280  -1.2952246253  -4.5855524697
      
      
#  95  norm     0.7343225094   -0.6788007455   -0.0000000000
# nedges  13 
#  type   0  conf  1.0000
   1.2628786729   1.3661744515  -4.5856246663
   1.8429019264   1.9936400720  -4.2790072811
      
      
#  type   0  conf  1.0000
   1.8429019264   1.9936400720  -4.2790072811
   2.3660703598   2.5596004947  -3.9486500356
      
      
#  type   0  conf  1.0000
   2.3660703598   2.5596004947  -3.9486500356
   2.3607642879   2.5538604185  -3.8286829111
      
      
#  type   0  conf  1.0000
   2.3607642879   2.5538604185  -3.8286829111
   0.2816510788   0.3046884205  -1.0609751074
      
      
#  type   0  conf  1.0000
   0.2816510788   0.3046884205  -1.0609751074
   0.0624613776   0.0675703376  -0.8447741297
      
      
#  type   0  conf  1.0000
   0.0624613776   0.0675703376  -0.8447741297
   0.0325898512   0.0352555024  -0.8325914954
      
      
#  type   0  conf  1.0000
   0.0325898512   0.0352555024  -0.8325914954
  -0.1636025527  -0.1769842444  -1.0252264871
      
      
#  type   0  conf  1.0000
  -0.1636025527  -0.1769842444  -1.0252264871
  -0.3950417288  -0.4273537346  -1.3243075913
      
      
#  type   0  conf  1.0000
  -0.3950417288  -0.4273537346  -1.3243075913
  -2.2857019448  -2.4726584332  -3.8349183335
      
      
#  type   0  conf  1.0000
  -2.2857019448  -2.4726584332  -3.8349183335
  -2.2852253019  -2.4721428038  -3.9647380536
      
      
#  type   0  conf  1.0000
  -2.2852253019  -2.4721428038  -3.9647380536
  -1.8766949903  -2.0301972026  -4.2234775911
      
      
#  type   0  conf  1.0000
  -1.8766949903  -2.0301972026  -4.2234775911
  -1.7806737311  -1.9263219896  -4.2821952402
      
      
#  type   0  conf  1.0000
  -1.7806737311  -1.9263219896  -4.2821952402
  -1.1920253799  -1.2895257909  -4.5856267510
      
      
#  96  norm     0.7289686274   -0.6845471059    0.0000000000
# nedges  15 
#  type   0  conf  1.0000
   1.2735018352   1.3561417129  -4.5869287632
   1.8646645274   1.9856660402  -4.2773113504
      
      
#  type   0  conf  1.0000
   1.8646645274   1.9856660402  -4.2773113504
   2.3919226580   2.5471389212  -3.9481985729
      
      
#  type   0  conf  1.0000
   2.3919226580   2.5471389212  -3.9481985729
   2.3879871439   2.5429480244  -3.8314383656
      
      
#  type   0  conf  1.0000
   2.3879871439   2.5429480244  -3.8314383656
   0.4679381762   0.4983035456  -1.3058696908
      
      
#  type   0  conf  1.0000
   0.4679381762   0.4983035456  -1.3058696908
   0.2556426408   0.2722317622  -1.0343721525
      
      
#  type   0  conf  1.0000
   0.2556426408   0.2722317622  -1.0343721525
   0.0626172472   0.0666805956  -0.8444906424
      
      
#  type   0  conf  1.0000
   0.0626172472   0.0666805956  -0.8444906424
   0.0328767920   0.0350102276  -0.8326256045
      
      
#  type   0  conf  1.0000
   0.0328767920   0.0350102276  -0.8326256045
  -0.1639556529  -0.1745950369  -1.0251127569
      
      
#  type   0  conf  1.0000
  -0.1639556529  -0.1745950369  -1.0251127569
  -0.3983696258  -0.4242205640  -1.3259256089
      
      
#  type   0  conf  1.0000
  -0.3983696258  -0.4242205640  -1.3259256089
  -2.3100776049  -2.4599827920  -3.8340853221
      
      
#  type   0  conf  1.0000
  -2.3100776049  -2.4599827920  -3.8340853221
  -2.3106844317  -2.4606289969  -3.9440935604
      
      
#  type   0  conf  1.0000
  -2.3106844317  -2.4606289969  -3.9440935604
  -2.2956708661  -2.4446411734  -3.9743106046
      
      
#  type   0  conf  1.0000
  -2.2956708661  -2.4446411734  -3.9743106046
  -1.9367144459  -2.0623914105  -4.1981675393
      
      
#  type   0  conf  1.0000
  -1.9367144459  -2.0623914105  -4.1981675393
  -1.7995939151  -1.9163728760  -4.2821260654
      
      
#  type   0  conf  1.0000
  -1.7995939151  -1.9163728760  -4.2821260654
  -1.2044841977  -1.2826453939  -4.5856092045
      
      
#  97  norm     0.7235697792   -0.6902512402    0.0000000000
# nedges  14 
#  type   0  conf  1.0000
   1.3022754916   1.3651365401  -4.5787438344
   1.8774904636   1.9681172318  -4.2800071250
      
      
#  type   0  conf  1.0000
   1.8774904636   1.9681172318  -4.2800071250
   2.4107137875   2.5270793317  -3.9527800699
      
      
#  type   0  conf  1.0000
   2.4107137875   2.5270793317  -3.9527800699
   2.4162893977   2.5329240776  -3.9064596978
      
      
#  type   0  conf  1.0000
   2.4162893977   2.5329240776  -3.9064596978
   2.4089527180   2.5252332552  -3.8274713929
      
      
#  type   0  conf  1.0000
   2.4089527180   2.5252332552  -3.8274713929
   0.4894749834   0.5131020200  -1.3302895113
      
      
#  type   0  conf  1.0000
   0.4894749834   0.5131020200  -1.3302895113
   0.2578732273   0.2703208096  -1.0357125411
      
      
#  type   0  conf  1.0000
   0.2578732273   0.2703208096  -1.0357125411
   0.0625538182   0.0655733012  -0.8441339837
      
      
#  type   0  conf  1.0000
   0.0625538182   0.0655733012  -0.8441339837
   0.0328365346   0.0344215594  -0.8326388710
      
      
#  type   0  conf  1.0000
   0.0328365346   0.0344215594  -0.8326388710
  -0.1611729955  -0.1689528420  -1.0216867307
      
      
#  type   0  conf  1.0000
  -0.1611729955  -0.1689528420  -1.0216867307
  -0.3286211973  -0.3444837956  -1.2326578455
      
      
#  type   0  conf  1.0000
  -0.3286211973  -0.3444837956  -1.2326578455
  -2.3361611297  -2.4489280051  -3.8361287301
      
      
#  type   0  conf  1.0000
  -2.3361611297  -2.4489280051  -3.8361287301
  -2.3340278445  -2.4466917458  -3.9667436821
      
      
#  type   0  conf  1.0000
  -2.3340278445  -2.4466917458  -3.9667436821
  -1.8295340302  -1.9178459336  -4.2759102748
      
      
#  type   0  conf  1.0000
  -1.8295340302  -1.9178459336  -4.2759102748
  -1.2178463213  -1.2766319601  -4.5857537342
      
      
#  98  norm     0.7181262978   -0.6959127966    0.0000000000
# nedges  16 
#  type   0  conf  1.0000
   1.3036376148   1.3452496614  -4.5845830418
   1.8941273814   1.9545878314  -4.2807665345
      
      
#  type   0  conf  1.0000
   1.8941273814   1.9545878314  -4.2807665345
   2.4377915936   2.5156057777  -3.9516534470
      
      
#  type   0  conf  1.0000
   2.4377915936   2.5156057777  -3.9516534470
   2.4401994369   2.5180904792  -3.8675018238
      
      
#  type   0  conf  1.0000
   2.4401994369   2.5180904792  -3.8675018238
   2.4284745451   2.5059913294  -3.8198020793
      
      
#  type   0  conf  1.0000
   2.4284745451   2.5059913294  -3.8198020793
   0.4310769291   0.4448368828  -1.2520705623
      
      
#  type   0  conf  1.0000
   0.4310769291   0.4448368828  -1.2520705623
   0.2601404021   0.2684440706  -1.0370215152
      
      
#  type   0  conf  1.0000
   0.2601404021   0.2684440706  -1.0370215152
   0.0623859004   0.0643772552  -0.8436671490
      
      
#  type   4  conf  0.0000
#  type   0  conf  1.0000
   0.0260212522   0.0268518493  -0.8391935642
  -0.1657132827  -0.1710028423  -1.0259028532
      
      
#  type   0  conf  1.0000
  -0.1657132827  -0.1710028423  -1.0259028532
  -0.4008623459  -0.4136578516  -1.3230331118
      
      
#  type   0  conf  1.0000
  -0.4008623459  -0.4136578516  -1.3230331118
  -2.3540230716  -2.4291633687  -3.8291030320
      
      
#  type   0  conf  1.0000
  -2.3540230716  -2.4291633687  -3.8291030320
  -2.3606972319  -2.4360505678  -3.9078478487
      
      
#  type   0  conf  1.0000
  -2.3606972319  -2.4360505678  -3.9078478487
  -2.3569125708  -2.4321451006  -3.9673354280
      
      
#  type   0  conf  1.0000
  -2.3569125708  -2.4321451006  -3.9673354280
  -1.9238593516  -1.9852688445  -4.2297464517
      
      
#  type   0  conf  1.0000
  -1.9238593516  -1.9852688445  -4.2297464517
  -1.8338192338  -1.8923546507  -4.2827061229
      
      
#  type   0  conf  1.0000
  -1.8338192338  -1.8923546507  -4.2827061229
  -1.2302863284  -1.2695570056  -4.5860589914
      
      
#  99  norm     0.7126385189   -0.7015314258    0.0000000000
# nedges  15 
#  type   0  conf  1.0000
   1.3141431761   1.3349495293  -4.5859337500
   1.8879817362   1.9178734677  -4.2930121014
      
      
#  type   0  conf  1.0000
   1.8879817362   1.9178734677  -4.2930121014
   1.9305789258   1.9611450832  -4.2704341503
      
      
#  type   0  conf  1.0000
   1.9305789258   1.9611450832  -4.2704341503
   2.4672316047   2.5062943897  -3.9470325151
      
      
#  type   0  conf  1.0000
   2.4672316047   2.5062943897  -3.9470325151
   2.4623924181   2.5013785860  -3.8312538901
      
      
#  type   0  conf  1.0000
   2.4623924181   2.5013785860  -3.8312538901
   0.3347850932   0.3400856244  -1.1274029899
      
      
#  type   0  conf  1.0000
   0.3347850932   0.3400856244  -1.1274029899
   0.2532253928   0.2572346188  -1.0289649530
      
      
#  type   0  conf  1.0000
   0.2532253928   0.2572346188  -1.0289649530
   0.0550531804   0.0559248175  -0.8364692626
      
      
#  type   4  conf  0.0000
#  type   0  conf  1.0000
   0.0262826114   0.0266987345  -0.8392489474
  -0.1639004595  -0.1664954361  -1.0238551840
      
      
#  type   0  conf  1.0000
  -0.1639004595  -0.1664954361  -1.0238551840
  -0.2599496384  -0.2640653269  -1.1420407113
      
      
#  type   0  conf  1.0000
  -0.2599496384  -0.2640653269  -1.1420407113
  -2.3852535944  -2.4230184512  -3.8363797021
      
      
#  type   0  conf  1.0000
  -2.3852535944  -2.4230184512  -3.8363797021
  -2.3837507361  -2.4214917987  -3.9468230429
      
      
#  type   0  conf  1.0000
  -2.3837507361  -2.4214917987  -3.9468230429
  -2.3661569633  -2.4036194701  -3.9769516248
      
      
#  type   0  conf  1.0000
  -2.3661569633  -2.4036194701  -3.9769516248
  -1.8634616491  -1.8929651629  -4.2770117547
      
      
#  type   0  conf  1.0000
  -1.8634616491  -1.8929651629  -4.2770117547
  -1.2437291613  -1.2634206749  -4.5856738013
      
      
# 100  norm     0.7071067812   -0.7071067812    0.0000000000
# nedges  13 
#  type   0  conf  1.0000
   1.3246911615   1.3246911615  -4.5871299644
   1.9347120275   1.9347120275  -4.2780447630
      
      
#  type   0  conf  1.0000
   1.9347120275   1.9347120275  -4.2780447630
   2.4911637593   2.4911637593  -3.9488539372
      
      
#  type   0  conf  1.0000
   2.4911637593   2.4911637593  -3.9488539372
   2.4874680979   2.4874680979  -3.8319715411
      
      
#  type   0  conf  1.0000
   2.4874680979   2.4874680979  -3.8319715411
   0.3287532827   0.3287532827  -1.1187500657
      
      
#  type   0  conf  1.0000
   0.3287532827   0.3287532827  -1.1187500657
   0.2552870548   0.2552870548  -1.0305202358
      
      
#  type   0  conf  1.0000
   0.2552870548   0.2552870548  -1.0305202358
   0.0554909530   0.0554909530  -0.8365244844
      
      
#  type   4  conf  0.0000
#  type   0  conf  1.0000
   0.0265223744   0.0265223744  -0.8393895618
  -0.0918859163  -0.0918859163  -0.9534994726
      
      
#  type   0  conf  1.0000
  -0.0918859163  -0.0918859163  -0.9534994726
  -0.1786380247  -0.1786380247  -1.0388263130
      
      
#  type   0  conf  1.0000
  -0.1786380247  -0.1786380247  -1.0388263130
  -2.4112965480  -2.4112965480  -3.8389813784
      
      
#  type   0  conf  1.0000
  -2.4112965480  -2.4112965480  -3.8389813784
  -2.4070723535  -2.4070723535  -3.9669392583
      
      
#  type   0  conf  1.0000
  -2.4070723535  -2.4070723535  -3.9669392583
  -1.8851527258  -1.8851527258  -4.2750493696
      
      
#  type   0  conf  1.0000
  -1.8851527258  -1.8851527258  -4.2750493696
  -1.2566781259  -1.2566781259  -4.5857729478
      
      
# 101  norm     0.7015314258   -0.7126385189    0.0000000000
# nedges  15 
#  type   0  conf  1.0000
   1.3445102386   1.3235548734  -4.5833855687
   1.9512639251   1.9208517742  -4.2785367574
      
      
#  type   0  conf  1.0000
   1.9512639251   1.9208517742  -4.2785367574
   2.5138051321   2.4746252856  -3.9502280451
      
      
#  type   0  conf  1.0000
   2.5138051321   2.4746252856  -3.9502280451
   2.5151586201   2.4759576783  -3.8933167289
      
      
#  type   0  conf  1.0000
   2.5151586201   2.4759576783  -3.8933167289
   2.5070712373   2.4679963444  -3.8269648272
      
      
#  type   0  conf  1.0000
   2.5070712373   2.4679963444  -3.8269648272
   0.2940891308   0.2895054951  -1.0741024753
      
      
#  type   0  conf  1.0000
   0.2940891308   0.2895054951  -1.0741024753
   0.2503610800   0.2464589841  -1.0247924887
      
      
#  type   0  conf  1.0000
   0.2503610800   0.2464589841  -1.0247924887
   0.0558056897   0.0549359093  -0.8367038883
      
      
#  type   4  conf  0.0000
#  type   0  conf  1.0000
   0.0267469640   0.0263300892  -0.8394935739
  -0.0924810959  -0.0910396974  -0.9538759409
      
      
#  type   0  conf  1.0000
  -0.0924810959  -0.0910396974  -0.9538759409
  -0.1786161582  -0.1758322696  -1.0384527878
      
      
#  type   0  conf  1.0000
  -0.1786161582  -0.1758322696  -1.0384527878
  -2.4369320151  -2.3989503032  -3.8417680408
      
      
#  type   0  conf  1.0000
  -2.4369320151  -2.3989503032  -3.8417680408
  -2.4324441170  -2.3945323529  -3.9448765672
      
      
#  type   0  conf  1.0000
  -2.4324441170  -2.3945323529  -3.9448765672
  -2.4171015837  -2.3794289464  -3.9761533474
      
      
#  type   0  conf  1.0000
  -2.4171015837  -2.3794289464  -3.9761533474
  -1.8964848044  -1.8669264339  -4.2780705039
      
      
#  type   0  conf  1.0000
  -1.8964848044  -1.8669264339  -4.2780705039
  -1.2693575094  -1.2495734650  -4.5859986032
      
      
# 102  norm     0.6959127966   -0.7181262978    0.0000000000
# nedges  15 
#  type   0  conf  1.0000
   1.3546791774   1.3127754516  -4.5844482049
   1.9574742896   1.8969245540  -4.2842018177
      
      
#  type   0  conf  1.0000
   1.9574742896   1.8969245540  -4.2842018177
   2.0597803197   1.9960659944  -4.2261260441
      
      
#  type   0  conf  1.0000
   2.0597803197   1.9960659944  -4.2261260441
   2.5340581003   2.4556731383  -3.9516060649
      
      
#  type   0  conf  1.0000
   2.5340581003   2.4556731383  -3.9516060649
   2.5373739600   2.4588864299  -3.8360937822
      
      
#  type   0  conf  1.0000
   2.5373739600   2.4588864299  -3.8360937822
   0.2963222194   0.2871562078  -1.0755819173
      
      
#  type   0  conf  1.0000
   0.2963222194   0.2871562078  -1.0755819173
   0.2510245269   0.2432596899  -1.0249125026
      
      
#  type   0  conf  1.0000
   0.2510245269   0.2432596899  -1.0249125026
   0.0561633883   0.0544261097  -0.8367456010
      
      
#  type   4  conf  0.0000
#  type   0  conf  1.0000
   0.0268584756   0.0260276736  -0.8393115812
  -0.0933435615  -0.0904562041  -0.9544145038
      
      
#  type   0  conf  1.0000
  -0.0933435615  -0.0904562041  -0.9544145038
  -0.1792213814  -0.1736776012  -1.0388196634
      
      
#  type   0  conf  1.0000
  -0.1792213814  -0.1736776012  -1.0388196634
  -2.4510277392  -2.3752111207  -3.8301496074
      
      
#  type   0  conf  1.0000
  -2.4510277392  -2.3752111207  -3.8301496074
  -2.4581338245  -2.3820973964  -3.9212490246
      
      
#  type   0  conf  1.0000
  -2.4581338245  -2.3820973964  -3.9212490246
  -2.4523556376  -2.3764979437  -3.9688063337
      
      
#  type   0  conf  1.0000
  -2.4523556376  -2.3764979437  -3.9688063337
  -1.9219408530  -1.8624902584  -4.2741142105
      
      
#  type   0  conf  1.0000
  -1.9219408530  -1.8624902584  -4.2741142105
  -1.2820411183  -1.2423842752  -4.5859559758
      
      
# 103  norm     0.6902512402   -0.7235697792    0.0000000000
# nedges  16 
#  type   0  conf  1.0000
   1.3650924167   1.3022334000  -4.5853934424
   1.9723231310   1.8815026919  -4.2850653302
      
      
#  type   0  conf  1.0000
   1.9723231310   1.8815026919  -4.2850653302
   2.0290448386   1.9356125098  -4.2544148935
      
      
#  type   0  conf  1.0000
   2.0290448386   1.9356125098  -4.2544148935
   2.5523299942   2.4348017215  -3.9539709214
      
      
#  type   0  conf  1.0000
   2.5523299942   2.4348017215  -3.9539709214
   2.5636173705   2.4455693429  -3.9191800473
      
      
#  type   0  conf  1.0000
   2.5636173705   2.4455693429  -3.9191800473
   2.5598079864   2.4419353713  -3.8322324793
      
      
#  type   0  conf  1.0000
   2.5598079864   2.4419353713  -3.8322324793
   0.2652033945   0.2529914560  -1.0380342415
      
      
#  type   0  conf  1.0000
   0.2652033945   0.2529914560  -1.0380342415
   0.2254892364   0.2151060334  -0.9993737248
      
      
#  type   0  conf  1.0000
   0.2254892364   0.2151060334  -0.9993737248
   0.0565387993   0.0539353321  -0.8369557629
      
      
#  type   4  conf  0.0000
#  type   0  conf  1.0000
   0.0271148514   0.0258662818  -0.8393329732
  -0.1220640768  -0.1164433381  -0.9817270597
      
      
#  type   0  conf  1.0000
  -0.1220640768  -0.1164433381  -0.9817270597
  -0.1780292356  -0.1698314443  -1.0375957737
      
      
#  type   0  conf  1.0000
  -0.1780292356  -0.1698314443  -1.0375957737
  -2.4838207597  -2.3694471622  -3.8409570003
      
      
#  type   0  conf  1.0000
  -2.4838207597  -2.3694471622  -3.8409570003
  -2.4784585708  -2.3643318883  -3.9666079704
      
      
#  type   0  conf  1.0000
  -2.4784585708  -2.3643318883  -3.9666079704
  -2.0097802754  -1.9172350305  -4.2338446059
      
      
#  type   0  conf  1.0000
  -2.0097802754  -1.9172350305  -4.2338446059
  -1.9161449142  -1.8279113384  -4.2850904326
      
      
#  type   0  conf  1.0000
  -1.9161449142  -1.8279113384  -4.2850904326
  -1.2945963208  -1.2349834691  -4.5859060615
      
      
# 104  norm     0.6845471059   -0.7289686274    0.0000000000
# nedges  13 
#  type   0  conf  1.0000
   1.3750869705   1.2912926162  -4.5864683787
   2.0030330209   1.8809732078  -4.2782897109
      
      
#  type   0  conf  1.0000
   2.0030330209   1.8809732078  -4.2782897109
   2.5873786399   2.4297102691  -3.9488764853
      
      
#  type   0  conf  1.0000
   2.5873786399   2.4297102691  -3.9488764853
   2.5837258589   2.4262800794  -3.8326343706
      
      
#  type   0  conf  1.0000
   2.5837258589   2.4262800794  -3.8326343706
   0.2631905690   0.2471523952  -1.0350910659
      
      
#  type   0  conf  1.0000
   0.2631905690   0.2471523952  -1.0350910659
   0.0570364581   0.0535607993  -0.8372786536
      
      
#  type   4  conf  0.0000
#  type   0  conf  1.0000
   0.0272691632   0.0256074487  -0.8392016887
  -0.1420734495  -0.1334158495  -1.0005310886
      
      
#  type   0  conf  1.0000
  -0.1420734495  -0.1334158495  -1.0005310886
  -0.1799244449  -0.1689603001  -1.0390917298
      
      
#  type   0  conf  1.0000
  -0.1799244449  -0.1689603001  -1.0390917298
  -2.4972112175  -2.3450374235  -3.8299545222
      
      
#  type   0  conf  1.0000
  -2.4972112175  -2.3450374235  -3.8299545222
  -2.5049291239  -2.3522850199  -3.9207660624
      
      
#  type   0  conf  1.0000
  -2.5049291239  -2.3522850199  -3.9207660624
  -2.4983685608  -2.3461242412  -3.9692138730
      
      
#  type   0  conf  1.0000
  -2.4983685608  -2.3461242412  -3.9692138730
  -1.9550009227  -1.8358680653  -4.2745381530
      
      
#  type   0  conf  1.0000
  -1.9550009227  -1.8358680653  -4.2745381530
  -1.3070297538  -1.2273826358  -4.5860784967
      
      
# 105  norm     0.6788007455   -0.7343225094   -0.0000000000
# nedges  14 
#  type   0  conf  1.0000
   1.3948818871   1.2894155534  -4.5825923589
   2.0199196068   1.8671944784  -4.2780022796
      
      
#  type   0  conf  1.0000
   2.0199196068   1.8671944784  -4.2780022796
   2.6089341462   2.4116739181  -3.9499353254
      
      
#  type   0  conf  1.0000
   2.6089341462   2.4116739181  -3.9499353254
   2.6107347049   2.4133383375  -3.8383831544
      
      
#  type   0  conf  1.0000
   2.6107347049   2.4133383375  -3.8383831544
   0.2666667149   0.2465041757  -1.0381264405
      
      
#  type   0  conf  1.0000
   0.2666667149   0.2465041757  -1.0381264405
   0.2136936120   0.1975363430  -0.9869931859
      
      
#  type   0  conf  1.0000
   0.2136936120   0.1975363430  -0.9869931859
   0.0573293930   0.0529947458  -0.8373799426
      
      
#  type   4  conf  0.0000
#  type   0  conf  1.0000
   0.0274580918   0.0253819989  -0.8392122219
  -0.0856980383  -0.0792184517  -0.9467516482
      
      
#  type   0  conf  1.0000
  -0.0856980383  -0.0792184517  -0.9467516482
  -0.1800378145  -0.1664252439  -1.0392307881
      
      
#  type   0  conf  1.0000
  -0.1800378145  -0.1664252439  -1.0392307881
  -2.5304797871  -2.3391514545  -3.8414280363
      
      
#  type   0  conf  1.0000
  -2.5304797871  -2.3391514545  -3.8414280363
  -2.5249898337  -2.3340765938  -3.9665585655
      
      
#  type   0  conf  1.0000
  -2.5249898337  -2.3340765938  -3.9665585655
  -2.0018771152  -1.8505161707  -4.2579953249
      
      
#  type   0  conf  1.0000
  -2.0018771152  -1.8505161707  -4.2579953249
  -1.9541032472  -1.8063544614  -4.2829428327
      
      
#  type   0  conf  1.0000
  -1.9541032472  -1.8063544614  -4.2829428327
  -1.3198778707  -1.2200825538  -4.5855368233
      
      
# 106  norm     0.6730125135   -0.7396310950    0.0000000000
# nedges  15 
#  type   0  conf  1.0000
   1.4050022600   1.2784536898  -4.5835121155
   2.0285278783   1.8458183483  -4.2818177377
      
      
#  type   0  conf  1.0000
   2.0285278783   1.8458183483  -4.2818177377
   2.6292464839   2.3924302220  -3.9520561360
      
      
#  type   0  conf  1.0000
   2.6292464839   2.3924302220  -3.9520561360
   2.6323639820   2.3952669271  -3.8803839510
      
      
#  type   0  conf  1.0000
   2.6323639820   2.3952669271  -3.8803839510
   2.6246938469   2.3882876411  -3.8269099864
      
      
#  type   0  conf  1.0000
   2.6246938469   2.3882876411  -3.8269099864
   0.2665867142   0.2425752457  -1.0376020826
      
      
#  type   0  conf  1.0000
   0.2665867142   0.2425752457  -1.0376020826
   0.2268645939   0.2064308973  -0.9990829120
      
      
#  type   0  conf  1.0000
   0.2268645939   0.2064308973  -0.9990829120
   0.0578933129   0.0526788615  -0.8375084090
      
      
#  type   4  conf  0.0000
#  type   0  conf  1.0000
   0.0277361426   0.0252379479  -0.8394408302
  -0.1343221870  -0.1222237860  -0.9923553545
      
      
#  type   0  conf  1.0000
  -0.1343221870  -0.1222237860  -0.9923553545
  -0.1820358231  -0.1656398544  -1.0406636388
      
      
#  type   0  conf  1.0000
  -0.1820358231  -0.1656398544  -1.0406636388
  -2.5429623953  -2.3139177423  -3.8303750084
      
      
#  type   0  conf  1.0000
  -2.5429623953  -2.3139177423  -3.8303750084
  -2.5501864136  -2.3204910932  -3.9208960523
      
      
#  type   0  conf  1.0000
  -2.5501864136  -2.3204910932  -3.9208960523
  -2.5454831887  -2.3162114878  -3.9682309535
      
      
#  type   0  conf  1.0000
  -2.5454831887  -2.3162114878  -3.9682309535
  -1.9869336234  -1.8079704885  -4.2752934680
      
      
#  type   0  conf  1.0000
  -1.9869336234  -1.8079704885  -4.2752934680
  -1.3309421348  -1.2110641610  -4.5858855627
      
      
# 107  norm     0.6671827669   -0.7448940566    0.0000000000
# nedges  15 
#  type   0  conf  1.0000
   1.4240573842   1.2754921823  -4.5800091302
   2.0463249760   1.8328415261  -4.2811592244
      
      
#  type   0  conf  1.0000
   2.0463249760   1.8328415261  -4.2811592244
   2.6545595949   2.3776218911  -3.9502596091
      
      
#  type   0  conf  1.0000
   2.6545595949   2.3776218911  -3.9502596091
   2.6560482037   2.3789552003  -3.8951039983
      
      
#  type   0  conf  1.0000
   2.6560482037   2.3789552003  -3.8951039983
   2.6485276817   2.3722192589  -3.8286623876
      
      
#  type   0  conf  1.0000
   2.6485276817   2.3722192589  -3.8286623876
   0.2907312634   0.2604006395  -1.0651507498
      
      
#  type   0  conf  1.0000
   0.2907312634   0.2604006395  -1.0651507498
   0.2554156535   0.2287693409  -1.0261980256
      
      
#  type   0  conf  1.0000
   0.2554156535   0.2287693409  -1.0261980256
   0.0566936825   0.0507790976  -0.8360054271
      
      
#  type   0  conf  1.0000
   0.0566936825   0.0507790976  -0.8360054271
   0.0255882645   0.0229187613  -0.8388168930
      
      
#  type   0  conf  1.0000
   0.0255882645   0.0229187613  -0.8388168930
  -0.1707809286  -0.1529641584  -1.0280924159
      
      
#  type   0  conf  1.0000
  -0.1707809286  -0.1529641584  -1.0280924159
  -2.5730404096  -2.3046072185  -3.8371567579
      
      
#  type   0  conf  1.0000
  -2.5730404096  -2.3046072185  -3.8371567579
  -2.5722346032  -2.3038854781  -3.9448860832
      
      
#  type   0  conf  1.0000
  -2.5722346032  -2.3038854781  -3.9448860832
  -2.5506192333  -2.2845251380  -3.9772690225
      
      
#  type   0  conf  1.0000
  -2.5506192333  -2.2845251380  -3.9772690225
  -2.0402163417  -1.8273701769  -4.2554703463
      
      
#  type   0  conf  1.0000
  -2.0402163417  -1.8273701769  -4.2554703463
  -1.9825368711  -1.7757081338  -4.2847220350
      
      
#  type   0  conf  1.0000
  -1.9825368711  -1.7757081338  -4.2847220350
  -1.3405114821  -1.2006622308  -4.5876739940
      
      
# 108  norm     0.6613118653   -0.7501110696    0.0000000000
# nedges  14 
#  type   0  conf  1.0000
   1.4247452137   1.2560818698  -4.5853123591
   2.0622475461   1.8181157787  -4.2809080304
      
      
#  type   0  conf  1.0000
   2.0622475461   1.8181157787  -4.2809080304
   2.6756191846   2.3588756192  -3.9515602278
      
      
#  type   0  conf  1.0000
   2.6756191846   2.3588756192  -3.9515602278
   2.6795948775   2.3623806640  -3.8380048746
      
      
#  type   0  conf  1.0000
   2.6795948775   2.3623806640  -3.8380048746
   0.2677378426   0.2360426599  -1.0379281244
      
      
#  type   0  conf  1.0000
   0.2677378426   0.2360426599  -1.0379281244
   0.2513508125   0.2215955495  -1.0217490687
      
      
#  type   0  conf  1.0000
   0.2513508125   0.2215955495  -1.0217490687
   0.0585876909   0.0516519976  -0.8379711929
      
      
#  type   4  conf  0.0000
#  type   0  conf  1.0000
   0.0281330244   0.0248025974  -0.8392939917
  -0.1265923065  -0.1116061311  -0.9847786267
      
      
#  type   0  conf  1.0000
  -0.1265923065  -0.1116061311  -0.9847786267
  -0.1749237511  -0.1542160312  -1.0325854321
      
      
#  type   0  conf  1.0000
  -0.1749237511  -0.1542160312  -1.0325854321
  -2.5954547036  -2.2882011223  -3.8369622832
      
      
#  type   0  conf  1.0000
  -2.5954547036  -2.2882011223  -3.8369622832
  -2.5944169107  -2.2872861849  -3.9467605566
      
      
#  type   0  conf  1.0000
  -2.5944169107  -2.2872861849  -3.9467605566
  -2.5781634638  -2.2729568438  -3.9751110540
      
      
#  type   0  conf  1.0000
  -2.5781634638  -2.2729568438  -3.9751110540
  -2.0265799091  -1.7866705268  -4.2716633403
      
      
#  type   0  conf  1.0000
  -2.0265799091  -1.7866705268  -4.2716633403
  -1.3564785299  -1.1958966921  -4.5857194720
      
      
# 109  norm     0.6554001709   -0.7552818123    0.0000000000
# nedges  14 
#  type   0  conf  1.0000
   1.4343252252   1.2446440288  -4.5860862951
   2.0825310881   1.8071284240  -4.2788788001
      
      
#  type   0  conf  1.0000
   2.0825310881   1.8071284240  -4.2788788001
   2.6847154867   2.3296774267  -3.9581452069
      
      
#  type   0  conf  1.0000
   2.6847154867   2.3296774267  -3.9581452069
   2.7015880383   2.3443186811  -3.9319126877
      
      
#  type   0  conf  1.0000
   2.7015880383   2.3443186811  -3.9319126877
   2.6965925421   2.3399838103  -3.8312818032
      
      
#  type   0  conf  1.0000
   2.6965925421   2.3399838103  -3.8312818032
   0.2643644645   0.2294037966  -1.0338019433
      
      
#  type   0  conf  1.0000
   0.2643644645   0.2294037966  -1.0338019433
   0.0588785672   0.0510922180  -0.8381713118
      
      
#  type   4  conf  0.0000
#  type   0  conf  1.0000
   0.0282802659   0.0245403647  -0.8391737333
  -0.1564785177  -0.1357851408  -1.0126154432
      
      
#  type   0  conf  1.0000
  -0.1564785177  -0.1357851408  -1.0126154432
  -0.2345720182  -0.2035512286  -1.1004455223
      
      
#  type   0  conf  1.0000
  -0.2345720182  -0.2035512286  -1.1004455223
  -2.6192046345  -2.2728300049  -3.8397517710
      
      
#  type   0  conf  1.0000
  -2.6192046345  -2.2728300049  -3.8397517710
  -2.6173817082  -2.2712481501  -3.9432628167
      
      
#  type   0  conf  1.0000
  -2.6173817082  -2.2712481501  -3.9432628167
  -2.6006488078  -2.2567280787  -3.9758852417
      
      
#  type   0  conf  1.0000
  -2.6006488078  -2.2567280787  -3.9758852417
  -2.0300125234  -1.7615551350  -4.2777604942
      
      
#  type   0  conf  1.0000
  -2.0300125234  -1.7615551350  -4.2777604942
  -1.3680286124  -1.1871147587  -4.5854779753
      
      
# 110  norm     0.6494480483   -0.7604059656   -0.0000000000
# nedges  16 
#  type   0  conf  1.0000
   1.4628309176   1.2493756328  -4.5778882561
   2.0826915814   1.7787866534  -4.2860447503
      
      
#  type   0  conf  1.0000
   2.0826915814   1.7787866534  -4.2860447503
   2.1319132241   1.8208259078  -4.2614478253
      
      
#  type   0  conf  1.0000
   2.1319132241   1.8208259078  -4.2614478253
   2.7120786398   2.3163339837  -3.9540070312
      
      
#  type   0  conf  1.0000
   2.7120786398   2.3163339837  -3.9540070312
   2.7271411640   2.3291985947  -3.8437866358
      
      
#  type   0  conf  1.0000
   2.7271411640   2.3291985947  -3.8437866358
   0.3237482165   0.2765070986  -1.0998460911
      
      
#  type   0  conf  1.0000
   0.3237482165   0.2765070986  -1.0998460911
   0.2558575441   0.2185229867  -1.0254642523
      
      
#  type   0  conf  1.0000
   0.2558575441   0.2185229867  -1.0254642523
   0.0593113740   0.0506566990  -0.8384625272
      
      
#  type   4  conf  0.0000
#  type   0  conf  1.0000
   0.0284315238   0.0242828154  -0.8391254971
  -0.1294685046  -0.1105765492  -0.9873294937
      
      
#  type   0  conf  1.0000
  -0.1294685046  -0.1105765492  -0.9873294937
  -0.1773815193  -0.1514981296  -1.0348618614
      
      
#  type   0  conf  1.0000
  -0.1773815193  -0.1514981296  -1.0348618614
  -2.6398207604  -2.2546199245  -3.8370998550
      
      
#  type   0  conf  1.0000
  -2.6398207604  -2.2546199245  -3.8370998550
  -2.6389186663  -2.2538494634  -3.9466663598
      
      
#  type   0  conf  1.0000
  -2.6389186663  -2.2538494634  -3.9466663598
  -2.6216078522  -2.2390646314  -3.9753603544
      
      
#  type   0  conf  1.0000
  -2.6216078522  -2.2390646314  -3.9753603544
  -2.1414489362  -1.8289701754  -4.2279586031
      
      
#  type   0  conf  1.0000
  -2.1414489362  -1.8289701754  -4.2279586031
  -2.0363933817  -1.7392442553  -4.2819712776
      
      
#  type   0  conf  1.0000
  -2.0363933817  -1.7392442553  -4.2819712776
  -1.3797224449  -1.1783942915  -4.5855773912
      
      
# 111  norm     0.6434558647   -0.7654832135    0.0000000000
# nedges  15 
#  type   0  conf  1.0000
   1.4736513547   1.2387333779  -4.5780889172
   2.1127731389   1.7759713644  -4.2789263554
      
      
#  type   0  conf  1.0000
   2.1127731389   1.7759713644  -4.2789263554
   2.7410319724   2.3040780868  -3.9519019928
      
      
#  type   0  conf  1.0000
   2.7410319724   2.3040780868  -3.9519019928
   2.7448975999   2.3073274863  -3.8677693138
      
      
#  type   0  conf  1.0000
   2.7448975999   2.3073274863  -3.8677693138
   2.7361072574   2.2999384314  -3.8271324769
      
      
#  type   0  conf  1.0000
   2.7361072574   2.2999384314  -3.8271324769
   0.2688815838   0.2260185840  -1.0378423906
      
      
#  type   0  conf  1.0000
   0.2688815838   0.2260185840  -1.0378423906
   0.1883003559   0.1582829855  -0.9609976786
      
      
#  type   0  conf  1.0000
   0.1883003559   0.1582829855  -0.9609976786
   0.0588065414   0.0494320624  -0.8400609127
      
      
#  type   4  conf  0.0000
#  type   0  conf  1.0000
   0.0278446153   0.0234058444  -0.8369732021
  -0.1696950314  -0.1426435763  -1.0263944481
      
      
#  type   0  conf  1.0000
  -0.1696950314  -0.1426435763  -1.0263944481
  -0.1821533935  -0.1531159237  -1.0390064157
      
      
#  type   0  conf  1.0000
  -0.1821533935  -0.1531159237  -1.0390064157
  -2.6535164319  -2.2305135896  -3.8304825597
      
      
#  type   0  conf  1.0000
  -2.6535164319  -2.2305135896  -3.8304825597
  -2.6618746801  -2.2375394312  -3.9208220663
      
      
#  type   0  conf  1.0000
  -2.6618746801  -2.2375394312  -3.9208220663
  -2.6561514777  -2.2327285770  -3.9684584487
      
      
#  type   0  conf  1.0000
  -2.6561514777  -2.2327285770  -3.9684584487
  -2.0731063733  -1.7426279644  -4.2721082218
      
      
#  type   0  conf  1.0000
  -2.0731063733  -1.7426279644  -4.2721082218
  -1.3910460451  -1.1692963608  -4.5858152198
      
      
# 112  norm     0.6374239897   -0.7705132428   -0.0000000000
# nedges  15 
#  type   0  conf  1.0000
   1.4835249165   1.2272785445  -4.5788448958
   2.1346130030   1.7659054529  -4.2755784329
      
      
#  type   0  conf  1.0000
   2.1346130030   1.7659054529  -4.2755784329
   2.7654589852   2.2877866362  -3.9498858707
      
      
#  type   0  conf  1.0000
   2.7654589852   2.2877866362  -3.9498858707
   2.7664719533   2.2886246363  -3.8376838207
      
      
#  type   0  conf  1.0000
   2.7664719533   2.2886246363  -3.8376838207
   0.2781360610   0.2300941604  -1.0476141309
      
      
#  type   0  conf  1.0000
   0.2781360610   0.2300941604  -1.0476141309
   0.2562571428   0.2119943452  -1.0251073879
      
      
#  type   0  conf  1.0000
   0.2562571428   0.2119943452  -1.0251073879
   0.0559332425   0.0462720024  -0.8349925437
      
      
#  type   4  conf  0.0000
#  type   0  conf  1.0000
   0.0248687383   0.0205732095  -0.8393566140
  -0.1427880190  -0.1181245224  -1.0008274184
      
      
#  type   0  conf  1.0000
  -0.1427880190  -0.1181245224  -1.0008274184
  -0.1817012401  -0.1503163385  -1.0387853880
      
      
#  type   0  conf  1.0000
  -0.1817012401  -0.1503163385  -1.0387853880
  -2.6750322717  -2.2129791530  -3.8300196052
      
      
#  type   0  conf  1.0000
  -2.6750322717  -2.2129791530  -3.8300196052
  -2.6833419791  -2.2198535408  -3.9078677526
      
      
#  type   0  conf  1.0000
  -2.6833419791  -2.2198535408  -3.9078677526
  -2.6792282585  -2.2164503751  -3.9672806072
      
      
#  type   0  conf  1.0000
  -2.6792282585  -2.2164503751  -3.9672806072
  -2.1433594156  -1.7731411147  -4.2437846919
      
      
#  type   0  conf  1.0000
  -2.1433594156  -1.7731411147  -4.2437846919
  -2.0660589884  -1.7091926398  -4.2822587901
      
      
#  type   0  conf  1.0000
  -2.0660589884  -1.7091926398  -4.2822587901
  -1.4020853111  -1.1599058438  -4.5859547365
      
      
# 113  norm     0.6313527954   -0.7754957432    0.0000000000
# nedges  16 
#  type   0  conf  1.0000
   1.4820227964   1.2065562495  -4.5844414066
   2.1240017085   1.7292092549  -4.2874791355
      
      
#  type   0  conf  1.0000
   2.1240017085   1.7292092549  -4.2874791355
   2.2441883891   1.8270565963  -4.2273865613
      
      
#  type   0  conf  1.0000
   2.2441883891   1.8270565963  -4.2273865613
   2.7763671555   2.2603182290  -3.9538168946
      
      
#  type   0  conf  1.0000
   2.7763671555   2.2603182290  -3.9538168946
   2.7922024002   2.2732101451  -3.8448916917
      
      
#  type   0  conf  1.0000
   2.7922024002   2.2732101451  -3.8448916917
   1.1215791603   0.9131089944  -1.9851104975
      
      
#  type   0  conf  1.0000
   1.1215791603   0.9131089944  -1.9851104975
   0.2611322003   0.2125950350  -1.0290984079
      
      
#  type   0  conf  1.0000
   0.2611322003   0.2125950350  -1.0290984079
   0.0610765430   0.0497241236  -0.8404048300
      
      
#  type   4  conf  0.0000
#  type   0  conf  1.0000
   0.0298610181   0.0243106909  -0.8362497254
  -0.1699496033  -0.1383607300  -1.0263022804
      
      
#  type   0  conf  1.0000
  -0.1699496033  -0.1383607300  -1.0263022804
  -0.2743197918  -0.2233314224  -1.1410951198
      
      
#  type   0  conf  1.0000
  -0.2743197918  -0.2233314224  -1.1410951198
  -2.6949945001  -2.1940704721  -3.8295598912
      
      
#  type   0  conf  1.0000
  -2.6949945001  -2.1940704721  -3.8295598912
  -2.7038170594  -2.2012531647  -3.9191053086
      
      
#  type   0  conf  1.0000
  -2.7038170594  -2.2012531647  -3.9191053086
  -2.6979654178  -2.1964891794  -3.9687237117
      
      
#  type   0  conf  1.0000
  -2.6979654178  -2.1964891794  -3.9687237117
  -2.1943424552  -1.7864756260  -4.2255247077
      
      
#  type   0  conf  1.0000
  -2.1943424552  -1.7864756260  -4.2255247077
  -2.0737903526  -1.6883307843  -4.2857174916
      
      
#  type   0  conf  1.0000
  -2.0737903526  -1.6883307843  -4.2857174916
  -1.4102364800  -1.1481129996  -4.5866552940
      
      
# 114  norm     0.6252426563   -0.7804304073    0.0000000000
# nedges  15 
#  type   0  conf  1.0000
   1.4921720998   1.1954552752  -4.5845770120
   2.1376048779   1.7125444363  -4.2878164219
      
      
#  type   0  conf  1.0000
   2.1376048779   1.7125444363  -4.2878164219
   2.1879648065   1.7528903471  -4.2636431306
      
      
#  type   0  conf  1.0000
   2.1879648065   1.7528903471  -4.2636431306
   2.8040825012   2.2464936978  -3.9508167417
      
      
#  type   0  conf  1.0000
   2.8040825012   2.2464936978  -3.9508167417
   2.8065685002   2.2484853585  -3.8374733312
      
      
#  type   0  conf  1.0000
   2.8065685002   2.2484853585  -3.8374733312
   0.2823751036   0.2262251165  -1.0506137020
      
      
#  type   0  conf  1.0000
   0.2823751036   0.2262251165  -1.0506137020
   0.1709014668   0.1369178931  -0.9435971791
      
      
#  type   0  conf  1.0000
   0.1709014668   0.1369178931  -0.9435971791
   0.0566951962   0.0454214171  -0.8354831448
      
      
#  type   4  conf  0.0000
#  type   0  conf  1.0000
   0.0256714062   0.0205666745  -0.8390820242
  -0.1412324000  -0.1131484884  -0.9993232663
      
      
#  type   0  conf  1.0000
  -0.1412324000  -0.1131484884  -0.9993232663
  -0.2022445395  -0.1620284293  -1.0606843881
      
      
#  type   0  conf  1.0000
  -0.2022445395  -0.1620284293  -1.0606843881
  -2.7161964687  -2.1760837087  -3.8303620836
      
      
#  type   0  conf  1.0000
  -2.7161964687  -2.1760837087  -3.8303620836
  -2.7245512726  -2.1827771688  -3.9208883065
      
      
#  type   0  conf  1.0000
  -2.7245512726  -2.1827771688  -3.9208883065
  -2.7197814413  -2.1789558134  -3.9683441318
      
      
#  type   0  conf  1.0000
  -2.7197814413  -2.1789558134  -3.9683441318
  -2.1131254624  -1.6929327264  -4.2744131628
      
      
#  type   0  conf  1.0000
  -2.1131254624  -1.6929327264  -4.2744131628
  -1.4241317280  -1.1409446585  -4.5858734948
      
      
# 115  norm     0.6190939493   -0.7853169309    0.0000000000
# nedges  16 
#  type   0  conf  1.0000
   1.5015180966   1.1837014227  -4.5853092854
   2.1000677543   1.6555599258  -4.3113445291
      
      
#  type   0  conf  1.0000
   2.1000677543   1.6555599258  -4.3113445291
   2.1946564818   1.7301276660  -4.2676333330
      
      
#  type   0  conf  1.0000
   2.1946564818   1.7301276660  -4.2676333330
   2.8248693272   2.2269474136  -3.9509271993
      
      
#  type   0  conf  1.0000
   2.8248693272   2.2269474136  -3.9509271993
   2.8264964411   2.2282301268  -3.8365997682
      
      
#  type   0  conf  1.0000
   2.8264964411   2.2282301268  -3.8365997682
   0.3045429904   0.2400823352  -1.0746118145
      
      
#  type   0  conf  1.0000
   0.3045429904   0.2400823352  -1.0746118145
   0.2525499003   0.1990942880  -1.0210228328
      
      
#  type   0  conf  1.0000
   0.2525499003   0.1990942880  -1.0210228328
   0.0561169128   0.0442390069  -0.8350640197
      
      
#  type   4  conf  0.0000
#  type   0  conf  1.0000
   0.0258191404   0.0203541691  -0.8389859692
  -0.1558234199  -0.1228412793  -1.0132965033
      
      
#  type   0  conf  1.0000
  -0.1558234199  -0.1228412793  -1.0132965033
  -0.1828990870  -0.1441860141  -1.0401322922
      
      
#  type   0  conf  1.0000
  -0.1828990870  -0.1441860141  -1.0401322922
  -2.7459419409  -2.1647260793  -3.8389848055
      
      
#  type   0  conf  1.0000
  -2.7459419409  -2.1647260793  -3.8389848055
  -2.7441029932  -2.1632763698  -3.9337311136
      
      
#  type   0  conf  1.0000
  -2.7441029932  -2.1632763698  -3.9337311136
  -2.7308560172  -2.1528332959  -3.9717024172
      
      
#  type   0  conf  1.0000
  -2.7308560172  -2.1528332959  -3.9717024172
  -2.2723197488  -1.7913524490  -4.2024126593
      
      
#  type   0  conf  1.0000
  -2.2723197488  -1.7913524490  -4.2024126593
  -2.1099850249  -1.6633780716  -4.2823389722
      
      
#  type   0  conf  1.0000
  -2.1099850249  -1.6633780716  -4.2823389722
  -1.4355487077  -1.1316953499  -4.5857942110
      
      
# 116  norm     0.6129070537   -0.7901550124   -0.0000000000
# nedges  14 
#  type   0  conf  1.0000
   1.5212228534   1.1799813991  -4.5808587753
   2.1842868451   1.6943065520  -4.2791830261
      
      
#  type   0  conf  1.0000
   2.1842868451   1.6943065520  -4.2791830261
   2.8488569752   2.2097999856  -3.9499443255
      
      
#  type   0  conf  1.0000
   2.8488569752   2.2097999856  -3.9499443255
   2.8489970696   2.2099086539  -3.8371695505
      
      
#  type   0  conf  1.0000
   2.8489970696   2.2099086539  -3.8371695505
   0.2703753087   0.2097245872  -1.0381708031
      
      
#  type   0  conf  1.0000
   0.2703753087   0.2097245872  -1.0381708031
   0.2542905561   0.1972479742  -1.0222983288
      
      
#  type   0  conf  1.0000
   0.2542905561   0.1972479742  -1.0222983288
   0.0562635032   0.0436424466  -0.8350988184
      
      
#  type   4  conf  0.0000
#  type   0  conf  1.0000
   0.0256035966   0.0198601853  -0.8389968697
  -0.0820862063  -0.0636725883  -0.9425490818
      
      
#  type   0  conf  1.0000
  -0.0820862063  -0.0636725883  -0.9425490818
  -0.1824310093  -0.1415079961  -1.0388396184
      
      
#  type   0  conf  1.0000
  -0.1824310093  -0.1415079961  -1.0388396184
  -2.7571999124  -2.1387034799  -3.8304291966
      
      
#  type   0  conf  1.0000
  -2.7571999124  -2.1387034799  -3.8304291966
  -2.7652617004  -2.1449568437  -3.9208506128
      
      
#  type   0  conf  1.0000
  -2.7652617004  -2.1449568437  -3.9208506128
  -2.7602711605  -2.1410857841  -3.9684479756
      
      
#  type   0  conf  1.0000
  -2.7602711605  -2.1410857841  -3.9684479756
  -2.1452254263  -1.6640074098  -4.2729300539
      
      
#  type   0  conf  1.0000
  -2.1452254263  -1.6640074098  -4.2729300539
  -1.4463181416  -1.1218793489  -4.5859470697
      
      
# 117  norm     0.6066823510   -0.7949443534    0.0000000000
# nedges  13 
#  type   0  conf  1.0000
   1.5303949929   1.1679605350  -4.5814852564
   2.2024530327   1.6808590163  -4.2772534664
      
      
#  type   0  conf  1.0000
   2.2024530327   1.6808590163  -4.2772534664
   2.8707942085   2.1909208767  -3.9486596265
      
      
#  type   0  conf  1.0000
   2.8707942085   2.1909208767  -3.9486596265
   2.8666189161   2.1877343943  -3.8340986628
      
      
#  type   0  conf  1.0000
   2.8666189161   2.1877343943  -3.8340986628
   0.2704543943   0.2064042685  -1.0385097819
      
      
#  type   0  conf  1.0000
   0.2704543943   0.2064042685  -1.0385097819
   0.0563216766   0.0429833447  -0.8352337621
      
      
#  type   4  conf  0.0000
#  type   0  conf  1.0000
   0.0261776639   0.0199781615  -0.8386396962
  -0.1752987977  -0.1337838130  -1.0324261057
      
      
#  type   4  conf  0.0000
#  type   0  conf  1.0000
  -0.1823582387  -0.1391714081  -1.0387745282
  -2.7771296296  -2.1194383299  -3.8307116058
      
      
#  type   0  conf  1.0000
  -2.7771296296  -2.1194383299  -3.8307116058
  -2.7856977268  -2.1259772950  -3.9208339592
      
      
#  type   0  conf  1.0000
  -2.7856977268  -2.1259772950  -3.9208339592
  -2.7802064878  -2.1217865139  -3.9685605221
      
      
#  type   0  conf  1.0000
  -2.7802064878  -2.1217865139  -3.9685605221
  -2.1614955107  -1.6496012237  -4.2718401995
      
      
#  type   0  conf  1.0000
  -2.1614955107  -1.6496012237  -4.2718401995
  -1.4570526174  -1.1119874035  -4.5859534343
      
      
# 118  norm     0.6004202253   -0.7996846585    0.0000000000
# nedges  13 
#  type   0  conf  1.0000
   1.5468969005   1.1614430459  -4.5784975308
   2.2169493746   1.6645326741  -4.2766557579
      
      
#  type   0  conf  1.0000
   2.2169493746   1.6645326741  -4.2766557579
   2.8903951838   2.1701700903  -3.9488313146
      
      
#  type   0  conf  1.0000
   2.8903951838   2.1701700903  -3.9488313146
   2.8844513576   2.1657073394  -3.8318570667
      
      
#  type   0  conf  1.0000
   2.8844513576   2.1657073394  -3.8318570667
   0.2644265444   0.1985370655  -1.0323576275
      
      
#  type   0  conf  1.0000
   0.2644265444   0.1985370655  -1.0323576275
   0.0712611295   0.0535043695  -0.8500318222
      
      
#  type   4  conf  0.0000
#  type   0  conf  1.0000
   0.0118691071   0.0089115777  -0.8357752477
  -2.7979497110  -2.1007600660  -3.8286034077
      
      
#  type   0  conf  1.0000
  -2.7979497110  -2.1007600660  -3.8286034077
  -2.8044580514  -2.1056466662  -3.8691343864
      
      
#  type   0  conf  1.0000
  -2.8044580514  -2.1056466662  -3.8691343864
  -2.8050214436  -2.1060696730  -3.9339502296
      
      
#  type   0  conf  1.0000
  -2.8050214436  -2.1060696730  -3.9339502296
  -2.7846558446  -2.0907787487  -3.9746574145
      
      
#  type   0  conf  1.0000
  -2.7846558446  -2.0907787487  -3.9746574145
  -2.3347467248  -1.7529774264  -4.1946485052
      
      
#  type   0  conf  1.0000
  -2.3347467248  -1.7529774264  -4.1946485052
  -2.1526567828  -1.6162604308  -4.2819587423
      
      
#  type   0  conf  1.0000
  -2.1526567828  -1.6162604308  -4.2819587423
  -1.4712227984  -1.1046253229  -4.5843254542
      
      
# 119  norm     0.5941210629   -0.8043756353    0.0000000000
# nedges  15 
#  type   0  conf  1.0000
   1.5485895772   1.1438060096  -4.5821889380
   2.2312418872   1.6480208295  -4.2760481272
      
      
#  type   0  conf  1.0000
   2.2312418872   1.6480208295  -4.2760481272
   2.9026190101   2.1439076668  -3.9526106828
      
      
#  type   0  conf  1.0000
   2.9026190101   2.1439076668  -3.9526106828
   2.9094329181   2.1489404974  -3.9066063228
      
      
#  type   0  conf  1.0000
   2.9094329181   2.1489404974  -3.9066063228
   2.9002752623   2.1421765479  -3.8297535369
      
      
#  type   0  conf  1.0000
   2.9002752623   2.1421765479  -3.8297535369
   0.3735328863   0.2758956708  -1.1474368385
      
      
#  type   0  conf  1.0000
   0.3735328863   0.2758956708  -1.1474368385
   0.2692264118   0.1988537133  -1.0375066392
      
      
#  type   0  conf  1.0000
   0.2692264118   0.1988537133  -1.0375066392
   0.0718574728   0.0530747530  -0.8498331601
      
      
#  type   4  conf  0.0000
#  type   0  conf  1.0000
   0.0137220296   0.0101352483  -0.8355115972
  -2.8171808815  -2.0808020859  -3.8285855587
      
      
#  type   0  conf  1.0000
  -2.8171808815  -2.0808020859  -3.8285855587
  -2.8236091325  -2.0855500657  -3.8691470006
      
      
#  type   0  conf  1.0000
  -2.8236091325  -2.0855500657  -3.8691470006
  -2.8228102179  -2.0849599783  -3.9468485834
      
      
#  type   0  conf  1.0000
  -2.8228102179  -2.0849599783  -3.9468485834
  -2.7962117918  -2.0653140759  -3.9793925461
      
      
#  type   0  conf  1.0000
  -2.7962117918  -2.0653140759  -3.9793925461
  -2.1926408804  -1.6195096834  -4.2701902416
      
      
#  type   3  conf  0.0000
#  type   0  conf  1.0000
  -2.1659006867  -1.5997590699  -4.2819365046
  -1.4852696846  -1.0970372112  -4.5827402882
      
      
# 120  norm     0.5877852523   -0.8090169944    0.0000000000
# nedges  13 
#  type   0  conf  1.0000
   1.5576623058   1.1317079095  -4.5824291968
   2.2419696299   1.6288862826  -4.2770926662
      
      
#  type   0  conf  1.0000
   2.2419696299   1.6288862826  -4.2770926662
   2.9263142767   2.1260917723  -3.9500972982
      
      
#  type   0  conf  1.0000
   2.9263142767   2.1260917723  -3.9500972982
   2.9281424252   2.1274199999  -3.8389482821
      
      
#  type   0  conf  1.0000
   2.9281424252   2.1274199999  -3.8389482821
   0.2946497495   0.2140755739  -1.0636912562
      
      
#  type   0  conf  1.0000
   0.2946497495   0.2140755739  -1.0636912562
   0.2701914594   0.1963055860  -1.0381891142
      
      
#  type   0  conf  1.0000
   0.2701914594   0.1963055860  -1.0381891142
   0.1556946141   0.1131187585  -0.9298265783
      
      
#  type   0  conf  1.0000
   0.1556946141   0.1131187585  -0.9298265783
   0.0298133619   0.0216606753  -0.8191831614
      
      
#  type   0  conf  1.0000
   0.0298133619   0.0216606753  -0.8191831614
  -2.8355955595  -2.0601807662  -3.8293908053
      
      
#  type   0  conf  1.0000
  -2.8355955595  -2.0601807662  -3.8293908053
  -2.8438390871  -2.0661700396  -3.9080434906
      
      
#  type   0  conf  1.0000
  -2.8438390871  -2.0661700396  -3.9080434906
  -2.8394704305  -2.0629960248  -3.9679397365
      
      
#  type   0  conf  1.0000
  -2.8394704305  -2.0629960248  -3.9679397365
  -2.2883500376  -1.6625836213  -4.2308232528
      
      
#  type   0  conf  1.0000
  -2.2883500376  -1.6625836213  -4.2308232528
  -2.1790864818  -1.5831990012  -4.2820615108
      
      
#  type   0  conf  1.0000
  -2.1790864818  -1.5831990012  -4.2820615108
  -1.5015692356  -1.0909539084  -4.5795990303
      
      
# 121  norm     0.5814131843   -0.8136084495    0.0000000000
# nedges  12 
#  type   0  conf  1.0000
   1.5763896177   1.1265046570  -4.5783741350
   2.2585971625   1.6140173681  -4.2752617757
      
      
#  type   0  conf  1.0000
   2.2585971625   1.6140173681  -4.2752617757
   2.9449153596   2.1044675947  -3.9502241879
      
      
#  type   0  conf  1.0000
   2.9449153596   2.1044675947  -3.9502241879
   2.9451552738   2.1046390399  -3.8675972463
      
      
#  type   0  conf  1.0000
   2.9451552738   2.1046390399  -3.8675972463
   2.9329573786   2.0959222953  -3.8224451683
      
      
#  type   0  conf  1.0000
   2.9329573786   2.0959222953  -3.8224451683
   0.0697839147   0.0498683219  -0.8316127806
      
      
#  type   4  conf  0.0000
#  type   0  conf  1.0000
  -0.0050197208  -0.0035871454  -0.8579217394
  -2.8496690231  -2.0364035575  -3.8234124705
      
      
#  type   0  conf  1.0000
  -2.8496690231  -2.0364035575  -3.8234124705
  -2.8600778264  -2.0438417982  -3.8519564515
      
      
#  type   0  conf  1.0000
  -2.8600778264  -2.0438417982  -3.8519564515
  -2.8626097778  -2.0456511573  -3.9430146322
      
      
#  type   0  conf  1.0000
  -2.8626097778  -2.0456511573  -3.9430146322
  -2.8418487985  -2.0308151425  -3.9765724856
      
      
#  type   0  conf  1.0000
  -2.8418487985  -2.0308151425  -3.9765724856
  -2.2188388321  -1.5856056456  -4.2697839677
      
      
#  type   0  conf  1.0000
  -2.2188388321  -1.5856056456  -4.2697839677
  -1.5085301246  -1.0780115471  -4.5821958385
      
      
# 122  norm     0.5750052520   -0.8181497174    0.0000000000
# nedges  13 
#  type   0  conf  1.0000
   1.5852599459   1.1141393504  -4.5787222434
   2.2803780586   1.6026765425  -4.2710775248
      
      
#  type   0  conf  1.0000
   2.2803780586   1.6026765425  -4.2710775248
   2.9441028829   2.0691501618  -3.9588234093
      
      
#  type   0  conf  1.0000
   2.9441028829   2.0691501618  -3.9588234093
   2.9650508726   2.0838726556  -3.9318641028
      
      
#  type   0  conf  1.0000
   2.9650508726   2.0838726556  -3.9318641028
   2.9605416552   2.0807035245  -3.8547707836
      
      
#  type   0  conf  1.0000
   2.9605416552   2.0807035245  -3.8547707836
   2.9496668514   2.0730605844  -3.8203593794
      
      
#  type   0  conf  1.0000
   2.9496668514   2.0730605844  -3.8203593794
   0.1196995984   0.0841262868  -0.8853846693
      
      
#  type   4  conf  0.0000
#  type   0  conf  1.0000
   0.0240859334   0.0169278775  -0.8285378404
  -2.8724491799  -2.0187910959  -3.8287835040
      
      
#  type   0  conf  1.0000
  -2.8724491799  -2.0187910959  -3.8287835040
  -2.8791865047  -2.0235261671  -3.8561737216
      
      
#  type   0  conf  1.0000
  -2.8791865047  -2.0235261671  -3.8561737216
  -2.8797154593  -2.0238979226  -3.9453406981
      
      
#  type   0  conf  1.0000
  -2.8797154593  -2.0238979226  -3.9453406981
  -2.8586393745  -2.0090854021  -3.9770662092
      
      
#  type   0  conf  1.0000
  -2.8586393745  -2.0090854021  -3.9770662092
  -2.2302900736  -1.5674741170  -4.2704041977
      
      
#  type   0  conf  1.0000
  -2.2302900736  -1.5674741170  -4.2704041977
  -1.5096088071  -1.0609708396  -4.5858231826
      
      
# 123  norm     0.5685618507   -0.8226405180    0.0000000000
# nedges  13 
#  type   0  conf  1.0000
   1.5838511274   1.0946668789  -4.5832593949
   2.2864097624   1.5802350329  -4.2738497599
      
      
#  type   0  conf  1.0000
   2.2864097624   1.5802350329  -4.2738497599
   2.9823123828   2.0612029321  -3.9495334822
      
      
#  type   0  conf  1.0000
   2.9823123828   2.0612029321  -3.9495334822
   2.9806419863   2.0600484500  -3.8804417038
      
      
#  type   0  conf  1.0000
   2.9806419863   2.0600484500  -3.8804417038
   2.9732352362   2.0549293300  -3.8266599643
      
      
#  type   0  conf  1.0000
   2.9732352362   2.0549293300  -3.8266599643
   0.0603382667   0.0417023424  -0.8252233978
      
      
#  type   4  conf  0.0000
#  type   0  conf  1.0000
  -0.0250540965  -0.0173159517  -0.8806759467
  -2.8906859531  -1.9978760095  -3.8289272848
      
      
#  type   0  conf  1.0000
  -2.8906859531  -1.9978760095  -3.8289272848
  -2.8961602169  -2.0016595061  -3.8562292252
      
      
#  type   0  conf  1.0000
  -2.8961602169  -2.0016595061  -3.8562292252
  -2.8974012841  -2.0025172604  -3.9467668532
      
      
#  type   0  conf  1.0000
  -2.8974012841  -2.0025172604  -3.9467668532
  -2.8703254935  -1.9838040299  -3.9788960053
      
      
#  type   0  conf  1.0000
  -2.8703254935  -1.9838040299  -3.9788960053
  -2.2215081785  -1.5353787878  -4.2809043382
      
      
#  type   3  conf  0.0000
#  type   3  conf  0.0000
# 124  norm     0.5620833779   -0.8270805743    0.0000000000
# nedges  13 
#  type   0  conf  1.0000
   1.6031702418   1.0895133713  -4.5790037173
   2.3007637729   1.5635974454  -4.2726636422
      
      
#  type   0  conf  1.0000
   2.3007637729   1.5635974454  -4.2726636422
   2.9818936174   2.0264928097  -3.9580306502
      
      
#  type   0  conf  1.0000
   2.9818936174   2.0264928097  -3.9580306502
   3.0004154840   2.0390802573  -3.9319063149
      
      
#  type   0  conf  1.0000
   3.0004154840   2.0390802573  -3.9319063149
   2.9946395648   2.0351549466  -3.8415999070
      
      
#  type   0  conf  1.0000
   2.9946395648   2.0351549466  -3.8415999070
   2.9818556280   2.0264669922  -3.8171343321
      
      
#  type   0  conf  1.0000
   2.9818556280   2.0264669922  -3.8171343321
   0.0976974491   0.0663951178  -0.8652973808
      
      
#  type   4  conf  0.0000
#  type   0  conf  1.0000
   0.0252205337   0.0171398570  -0.8304301185
  -2.9076005958  -1.9760033245  -3.8281080372
      
      
#  type   0  conf  1.0000
  -2.9076005958  -1.9760033245  -3.8281080372
  -2.9151721025  -1.9811489150  -3.8691774817
      
      
#  type   0  conf  1.0000
  -2.9151721025  -1.9811489150  -3.8691774817
  -2.9143764700  -1.9806082038  -3.9470094025
      
      
#  type   0  conf  1.0000
  -2.9143764700  -1.9806082038  -3.9470094025
  -2.8945240685  -1.9671165256  -3.9761098061
      
      
#  type   0  conf  1.0000
  -2.8945240685  -1.9671165256  -3.9761098061
  -2.2776543004  -1.5478922641  -4.2607307361
      
      
#  type   0  conf  1.0000
  -2.2776543004  -1.5478922641  -4.2607307361
  -1.5278591391  -1.0383319987  -4.5860923691
      
      
# 125  norm     0.5555702330   -0.8314696123    0.0000000000
# nedges  13 
#  type   0  conf  1.0000
   1.6113957139   1.0767001933  -4.5791200041
   2.3194516952   1.5498080745  -4.2695547502
      
      
#  type   0  conf  1.0000
   2.3194516952   1.5498080745  -4.2695547502
   2.9967915673   2.0023921076  -3.9590950588
      
      
#  type   0  conf  1.0000
   2.9967915673   2.0023921076  -3.9590950588
   3.0176560126   2.0163332842  -3.9319014179
      
      
#  type   0  conf  1.0000
   3.0176560126   2.0163332842  -3.9319014179
   3.0125806565   2.0129420397  -3.8415851256
      
      
#  type   0  conf  1.0000
   3.0125806565   2.0129420397  -3.8415851256
   2.9963902965   2.0021239870  -3.8146127124
      
      
#  type   0  conf  1.0000
   2.9963902965   2.0021239870  -3.8146127124
   0.0974296973   0.0651004424  -0.8662602488
      
      
#  type   4  conf  0.0000
#  type   0  conf  1.0000
   0.0260993882   0.0174390536  -0.8310089250
  -2.9325004262  -1.9594341405  -3.8357870565
      
      
#  type   0  conf  1.0000
  -2.9325004262  -1.9594341405  -3.8357870565
  -2.9333747849  -1.9600183683  -3.9340018975
      
      
#  type   0  conf  1.0000
  -2.9333747849  -1.9600183683  -3.9340018975
  -2.9130411231  -1.9464318498  -3.9747499391
      
      
#  type   0  conf  1.0000
  -2.9130411231  -1.9464318498  -3.9747499391
  -2.2987386667  -1.5359680713  -4.2570218489
      
      
#  type   3  conf  0.0000
#  type   0  conf  1.0000
  -2.2451202662  -1.5001414014  -4.2800918634
  -1.5369872352  -1.0269820373  -4.5860870604
      
      
# 126  norm     0.5490228180   -0.8358073614    0.0000000000
# nedges  14 
#  type   0  conf  1.0000
   1.6189898198   1.0634775359  -4.5795000019
   2.3207448787   1.5244444498  -4.2740875388
      
      
#  type   0  conf  1.0000
   2.3207448787   1.5244444498  -4.2740875388
   3.0138192631   1.9797092263  -3.9592714338
      
      
#  type   0  conf  1.0000
   3.0138192631   1.9797092263  -3.9592714338
   3.0340561123   1.9930023517  -3.9339309029
      
      
#  type   0  conf  1.0000
   3.0340561123   1.9930023517  -3.9339309029
   3.0300127501   1.9903463592  -3.8433927242
      
      
#  type   0  conf  1.0000
   3.0300127501   1.9903463592  -3.8433927242
   3.0140780074   1.9798791896  -3.8154718320
      
      
#  type   0  conf  1.0000
   3.0140780074   1.9798791896  -3.8154718320
   0.0712782936   0.0468210875  -0.8414495973
      
      
#  type   4  conf  0.0000
#  type   0  conf  1.0000
   0.0188824771   0.0124034691  -0.8386535049
  -2.9490524128  -1.9371653576  -3.8364636659
      
      
#  type   0  conf  1.0000
  -2.9490524128  -1.9371653576  -3.8364636659
  -2.9510871054  -1.9385019009  -3.9062384271
      
      
#  type   0  conf  1.0000
  -2.9510871054  -1.9385019009  -3.9062384271
  -2.9486223408  -1.9368828531  -3.9449327830
      
      
#  type   0  conf  1.0000
  -2.9486223408  -1.9368828531  -3.9449327830
  -2.9267489868  -1.9225147451  -3.9763006480
      
      
#  type   0  conf  1.0000
  -2.9267489868  -1.9225147451  -3.9763006480
  -2.4079055697  -1.5816983224  -4.2128465768
      
      
#  type   0  conf  1.0000
  -2.4079055697  -1.5816983224  -4.2128465768
  -2.2572113410  -1.4827107160  -4.2797199010
      
      
#  type   0  conf  1.0000
  -2.2572113410  -1.4827107160  -4.2797199010
  -1.5432977636  -1.0137571483  -4.5879900062
      
      
# 127  norm     0.5424415367   -0.8400935539    0.0000000000
# nedges  12 
#  type   0  conf  1.0000
   1.6182066892   1.0448628240  -4.5865658086
   3.0383212797   1.9618192000  -3.9588576372
      
      
#  type   0  conf  1.0000
   3.0383212797   1.9618192000  -3.9588576372
   3.0516384274   1.9704179734  -3.9238665505
      
      
#  type   0  conf  1.0000
   3.0516384274   1.9704179734  -3.9238665505
   3.0492579981   1.9688809496  -3.8788506498
      
      
#  type   0  conf  1.0000
   3.0492579981   1.9688809496  -3.8788506498
   3.0400527968   1.9629372264  -3.8254634400
      
      
#  type   0  conf  1.0000
   3.0400527968   1.9629372264  -3.8254634400
   0.1225129368   0.0791056013  -0.8937245051
      
      
#  type   0  conf  1.0000
   0.1225129368   0.0791056013  -0.8937245051
   0.0347610285   0.0224449118  -0.8241912684
      
      
#  type   0  conf  1.0000
   0.0347610285   0.0224449118  -0.8241912684
  -2.9588855009  -1.9105281673  -3.8289097435
      
      
#  type   0  conf  1.0000
  -2.9588855009  -1.9105281673  -3.8289097435
  -2.9667702883  -1.9156193101  -3.8821187064
      
      
#  type   0  conf  1.0000
  -2.9667702883  -1.9156193101  -3.8821187064
  -2.9667875078  -1.9156304286  -3.9438538826
      
      
#  type   0  conf  1.0000
  -2.9667875078  -1.9156304286  -3.9438538826
  -2.9465747386  -1.9025792088  -3.9767119058
      
      
#  type   0  conf  1.0000
  -2.9465747386  -1.9025792088  -3.9767119058
  -2.2965823228  -1.4828844222  -4.2681382495
      
      
#  type   0  conf  1.0000
  -2.2965823228  -1.4828844222  -4.2681382495
  -1.5552507480  -1.0042126876  -4.5861648794
      
      
# 128  norm     0.5358267950   -0.8443279255    0.0000000000
# nedges  12 
#  type   0  conf  1.0000
   1.6263196803   1.0320938531  -4.5865242012
   3.0441347244   1.9318666404  -3.9628986542
      
      
#  type   0  conf  1.0000
   3.0441347244   1.9318666404  -3.9628986542
   3.0659240449   1.9456945637  -3.9321495578
      
      
#  type   0  conf  1.0000
   3.0659240449   1.9456945637  -3.9321495578
   3.0665286543   1.9460782605  -3.8363407753
      
      
#  type   0  conf  1.0000
   3.0665286543   1.9460782605  -3.8363407753
   0.1225516481   0.0777736408  -0.8943515933
      
      
#  type   0  conf  1.0000
   0.1225516481   0.0777736408  -0.8943515933
   0.0354433762   0.0224930505  -0.8244482049
      
      
#  type   0  conf  1.0000
   0.0354433762   0.0224930505  -0.8244482049
  -2.9752553033  -1.8881544306  -3.8287522967
      
      
#  type   0  conf  1.0000
  -2.9752553033  -1.8881544306  -3.8287522967
  -2.9825241407  -1.8927673751  -3.8691023286
      
      
#  type   0  conf  1.0000
  -2.9825241407  -1.8927673751  -3.8691023286
  -2.9828840930  -1.8929958078  -3.9443501636
      
      
#  type   0  conf  1.0000
  -2.9828840930  -1.8929958078  -3.9443501636
  -2.9607356383  -1.8789399710  -3.9774178444
      
      
#  type   0  conf  1.0000
  -2.9607356383  -1.8789399710  -3.9774178444
  -2.3125668326  -1.4675995388  -4.2662491481
      
      
#  type   3  conf  0.0000
#  type   0  conf  1.0000
  -2.2461148100  -1.4254278029  -4.2943277147
  -1.5607513486  -0.9904829245  -4.5885163712
      
      
# 129  norm     0.5291790010   -0.8485102150    0.0000000000
# nedges  11 
#  type   0  conf  1.0000
   1.6454781623   1.0262133262  -4.5814563610
   3.0594083573   1.9080202330  -3.9630047436
      
      
#  type   0  conf  1.0000
   3.0594083573   1.9080202330  -3.9630047436
   3.0810597086   1.9215232413  -3.9351782861
      
      
#  type   0  conf  1.0000
   3.0810597086   1.9215232413  -3.9351782861
   3.0827476970   1.9225759664  -3.8934267675
      
      
#  type   0  conf  1.0000
   3.0827476970   1.9225759664  -3.8934267675
   3.0723627379   1.9160993180  -3.8266295374
      
      
#  type   0  conf  1.0000
   3.0723627379   1.9160993180  -3.8266295374
   0.0777458410   0.0484867074  -0.8503412945
      
      
#  type   4  conf  0.0000
#  type   0  conf  1.0000
   0.0281182575   0.0175361371  -0.8320563941
  -2.9982449287  -1.8698752567  -3.8358866139
      
      
#  type   0  conf  1.0000
  -2.9982449287  -1.8698752567  -3.8358866139
  -2.9986225274  -1.8701107486  -3.9450594667
      
      
#  type   0  conf  1.0000
  -2.9986225274  -1.8701107486  -3.9450594667
  -2.9826750944  -1.8601650266  -3.9675870251
      
      
#  type   0  conf  1.0000
  -2.9826750944  -1.8601650266  -3.9675870251
  -2.9276873597  -1.8258715627  -4.0016053553
      
      
#  type   0  conf  1.0000
  -2.9276873597  -1.8258715627  -4.0016053553
  -1.5687081536  -0.9783352032  -4.5909619825
      
      
# 130  norm     0.5224985647   -0.8526401644    0.0000000000
# nedges  13 
#  type   0  conf  1.0000
   1.6534001059   1.0132048880  -4.5813212451
   3.0740576414   1.8837849454  -3.9630725781
      
      
#  type   0  conf  1.0000
   3.0740576414   1.8837849454  -3.9630725781
   3.0965090209   1.8975431685  -3.9354170142
      
      
#  type   0  conf  1.0000
   3.0965090209   1.8975431685  -3.9354170142
   3.0983132015   1.8986487718  -3.8934538611
      
      
#  type   0  conf  1.0000
   3.0983132015   1.8986487718  -3.8934538611
   3.0878539581   1.8922393392  -3.8267462810
      
      
#  type   0  conf  1.0000
   3.0878539581   1.8922393392  -3.8267462810
   0.1221694980   0.0748655647  -0.8947101493
      
      
#  type   0  conf  1.0000
   0.1221694980   0.0748655647  -0.8947101493
   0.0359829881   0.0220504034  -0.8246524622
      
      
#  type   0  conf  1.0000
   0.0359829881   0.0220504034  -0.8246524622
  -3.0065948249  -1.8424436783  -3.8287440979
      
      
#  type   0  conf  1.0000
  -3.0065948249  -1.8424436783  -3.8287440979
  -3.0136544684  -1.8467698334  -3.8691825827
      
      
#  type   0  conf  1.0000
  -3.0136544684  -1.8467698334  -3.8691825827
  -3.0134183509  -1.8466251404  -3.9468626596
      
      
#  type   0  conf  1.0000
  -3.0134183509  -1.8466251404  -3.9468626596
  -2.9862341916  -1.8299666662  -3.9787022951
      
      
#  type   0  conf  1.0000
  -2.9862341916  -1.8299666662  -3.9787022951
  -2.4452944872  -1.4984783890  -4.2181924902
      
      
#  type   0  conf  1.0000
  -2.4452944872  -1.4984783890  -4.2181924902
  -2.3132162658  -1.4175407508  -4.2750588701
      
      
#  type   0  conf  1.0000
  -2.3132162658  -1.4175407508  -4.2750588701
  -1.5765293081  -0.9660984025  -4.5891616572
      
      
# 131  norm     0.5157858983   -0.8567175189    0.0000000000
# nedges  11 
#  type   0  conf  1.0000
   1.6610162758   1.0000131350  -4.5812046864
   3.0887324564   1.8595681885  -3.9630657529
      
      
#  type   0  conf  1.0000
   3.0887324564   1.8595681885  -3.9630657529
   3.1109594814   1.8729499459  -3.9370129856
      
      
#  type   0  conf  1.0000
   3.1109594814   1.8729499459  -3.9370129856
   3.1136865396   1.8745917685  -3.9064803209
      
      
#  type   0  conf  1.0000
   3.1136865396   1.8745917685  -3.9064803209
   3.1029637647   1.8681361329  -3.8273008984
      
      
#  type   0  conf  1.0000
   3.1029637647   1.8681361329  -3.8273008984
   0.1334578894   0.0803481846  -0.9057514586
      
      
#  type   0  conf  1.0000
   0.1334578894   0.0803481846  -0.9057514586
   0.0361766282   0.0217801017  -0.8235573078
      
      
#  type   0  conf  1.0000
   0.0361766282   0.0217801017  -0.8235573078
  -3.0235667640  -1.8203352506  -3.8321369370
      
      
#  type   0  conf  1.0000
  -3.0235667640  -1.8203352506  -3.8321369370
  -3.0294702478  -1.8238894369  -3.9208666246
      
      
#  type   0  conf  1.0000
  -3.0294702478  -1.8238894369  -3.9208666246
  -3.0271223953  -1.8224759147  -3.9468068083
      
      
#  type   0  conf  1.0000
  -3.0271223953  -1.8224759147  -3.9468068083
  -3.0015132636  -1.8070579635  -3.9815541433
      
      
#  type   0  conf  1.0000
  -3.0015132636  -1.8070579635  -3.9815541433
  -1.5853098701  -0.9544341716  -4.5911854821
      
      
# 132  norm     0.5090414158   -0.8607420270    0.0000000000
# nedges  10 
#  type   0  conf  1.0000
   1.6685839769   0.9867978131  -4.5808139573
   3.1033170452   1.8352965844  -3.9631462006
      
      
#  type   0  conf  1.0000
   3.1033170452   1.8352965844  -3.9631462006
   3.1254735901   1.8483999285  -3.9361314992
      
      
#  type   0  conf  1.0000
   3.1254735901   1.8483999285  -3.9361314992
   3.1283214872   1.8500841702  -3.9064446989
      
      
#  type   0  conf  1.0000
   3.1283214872   1.8500841702  -3.9064446989
   3.1176123502   1.8437508042  -3.8272101894
      
      
#  type   0  conf  1.0000
   3.1176123502   1.8437508042  -3.8272101894
   0.0454356671   0.0268705786  -0.8198488630
      
      
#  type   0  conf  1.0000
   0.0454356671   0.0268705786  -0.8198488630
  -1.5008357274  -0.8875917749  -2.3268651506
      
      
#  type   0  conf  1.0000
  -1.5008357274  -0.8875917749  -2.3268651506
  -3.0420739094  -1.7990774949  -3.8339185532
      
      
#  type   0  conf  1.0000
  -3.0420739094  -1.7990774949  -3.8339185532
  -3.0436881767  -1.8000321699  -3.9468165141
      
      
#  type   0  conf  1.0000
  -3.0436881767  -1.8000321699  -3.9468165141
  -3.0153304613  -1.7832614637  -3.9819700888
      
      
#  type   0  conf  1.0000
  -3.0153304613  -1.7832614637  -3.9819700888
  -1.5936228828  -0.9424659457  -4.5908713965
      
      
# 133  norm     0.5022655331   -0.8647134405    0.0000000000
# nedges  10 
#  type   0  conf  1.0000
   1.6761924938   0.9736100737  -4.5808013539
   3.1175458084   1.8108146979  -3.9629082970
      
      
#  type   0  conf  1.0000
   3.1175458084   1.8108146979  -3.9629082970
   3.1398321983   1.8237596632  -3.9361633594
      
      
#  type   0  conf  1.0000
   3.1398321983   1.8237596632  -3.9361633594
   3.1426309820   1.8253853262  -3.9064785157
      
      
#  type   0  conf  1.0000
   3.1426309820   1.8253853262  -3.9064785157
   3.1318838048   1.8191428689  -3.8274168221
      
      
#  type   0  conf  1.0000
   3.1318838048   1.8191428689  -3.8274168221
   0.0517081068   0.0300344584  -0.8255840471
      
      
#  type   0  conf  1.0000
   0.0517081068   0.0300344584  -0.8255840471
  -0.0130770992  -0.0075957836  -0.8713099964
      
      
#  type   0  conf  1.0000
  -0.0130770992  -0.0075957836  -0.8713099964
  -3.0569459791  -1.7756155161  -3.8344373830
      
      
#  type   0  conf  1.0000
  -3.0569459791  -1.7756155161  -3.8344373830
  -3.0590851230  -1.7768580298  -3.9339112191
      
      
#  type   0  conf  1.0000
  -3.0590851230  -1.7768580298  -3.9339112191
  -3.0366599933  -1.7638324780  -3.9783084954
      
      
#  type   0  conf  1.0000
  -3.0366599933  -1.7638324780  -3.9783084954
  -1.6010946095  -0.9299897515  -4.5912633878
      
      
# 134  norm     0.4954586684   -0.8686315144    0.0000000000
# nedges  10 
#  type   0  conf  1.0000
   1.6830561596   0.9599982845  -4.5806643572
   3.1314096225   1.7861245144  -3.9627778351
      
      
#  type   0  conf  1.0000
   3.1314096225   1.7861245144  -3.9627778351
   3.1543004592   1.7991812171  -3.9337703072
      
      
#  type   0  conf  1.0000
   3.1543004592   1.7991812171  -3.9337703072
   3.1559005306   1.8000938817  -3.8806965940
      
      
#  type   0  conf  1.0000
   3.1559005306   1.8000938817  -3.8806965940
   3.1435292999   1.7930374563  -3.8245698937
      
      
#  type   0  conf  1.0000
   3.1435292999   1.7930374563  -3.8245698937
   0.0512607804   0.0292386329  -0.8255140687
      
      
#  type   0  conf  1.0000
   0.0512607804   0.0292386329  -0.8255140687
  -0.0258572650  -0.0147487236  -0.8824276511
      
      
#  type   0  conf  1.0000
  -0.0258572650  -0.0147487236  -0.8824276511
  -3.0705106756  -1.7513883683  -3.8339136288
      
      
#  type   0  conf  1.0000
  -3.0705106756  -1.7513883683  -3.8339136288
  -3.0737309728  -1.7532251934  -3.9338997102
      
      
#  type   0  conf  1.0000
  -3.0737309728  -1.7532251934  -3.9338997102
  -3.0504986808  -1.7399737280  -3.9783510879
      
      
#  type   0  conf  1.0000
  -3.0504986808  -1.7399737280  -3.9783510879
  -1.6090271087  -0.9177728594  -4.5911929174
      
      
# 135  norm     0.4886212415   -0.8724960071    0.0000000000
# nedges  10 
#  type   0  conf  1.0000
   1.6904754322   0.9467117302  -4.5804109778
   3.1456259934   1.7616352003  -3.9625028468
      
      
#  type   0  conf  1.0000
   3.1456259934   1.7616352003  -3.9625028468
   3.1682015360   1.7742781116  -3.9338151908
      
      
#  type   0  conf  1.0000
   3.1682015360   1.7742781116  -3.9338151908
   3.1691386225   1.7748029053  -3.8805662533
      
      
#  type   0  conf  1.0000
   3.1691386225   1.7748029053  -3.8805662533
   3.1577014298   1.7683977696  -3.8251751796
      
      
#  type   0  conf  1.0000
   3.1577014298   1.7683977696  -3.8251751796
   0.0458646142   0.0256854181  -0.8200208286
      
      
#  type   0  conf  1.0000
   0.0458646142   0.0256854181  -0.8200208286
  -0.4279199010  -0.2396466592  -1.2693367311
      
      
#  type   0  conf  1.0000
  -0.4279199010  -0.2396466592  -1.2693367311
  -3.0850952748  -1.7277363691  -3.8350054748
      
      
#  type   0  conf  1.0000
  -3.0850952748  -1.7277363691  -3.8350054748
  -3.0865279489  -1.7285387051  -3.9340640000
      
      
#  type   0  conf  1.0000
  -3.0865279489  -1.7285387051  -3.9340640000
  -3.0646695589  -1.7162974186  -3.9782291102
      
      
#  type   0  conf  1.0000
  -3.0646695589  -1.7162974186  -3.9782291102
  -1.6206046694  -0.9075822228  -4.5890350332
      
      
# 136  norm     0.4817536741   -0.8763066800   -0.0000000000
# nedges  10 
#  type   0  conf  1.0000
   1.6970231588   0.9329463764  -4.5804523038
   3.1593483016   1.7368664267  -3.9620703233
      
      
#  type   0  conf  1.0000
   3.1593483016   1.7368664267  -3.9620703233
   3.1813678817   1.7489717933  -3.9323122266
      
      
#  type   0  conf  1.0000
   3.1813678817   1.7489717933  -3.9323122266
   3.1828023756   1.7497604130  -3.8935769427
      
      
#  type   0  conf  1.0000
   3.1828023756   1.7497604130  -3.8935769427
   3.1719559884   1.7437975612  -3.8270109634
      
      
#  type   0  conf  1.0000
   3.1719559884   1.7437975612  -3.8270109634
   0.0522690380   0.0287351468  -0.8248236896
      
      
#  type   0  conf  1.0000
   0.0522690380   0.0287351468  -0.8248236896
  -0.0419179622  -0.0230445947  -0.8949725989
      
      
#  type   0  conf  1.0000
  -0.0419179622  -0.0230445947  -0.8949725989
  -3.0977190270  -1.7029854463  -3.8343438303
      
      
#  type   0  conf  1.0000
  -3.0977190270  -1.7029854463  -3.8343438303
  -3.0996105748  -1.7040253335  -3.9466741764
      
      
#  type   0  conf  1.0000
  -3.0996105748  -1.7040253335  -3.9466741764
  -3.0701738696  -1.6878423679  -3.9816897006
      
      
#  type   0  conf  1.0000
  -3.0701738696  -1.6878423679  -3.9816897006
  -1.6235474764  -0.8925527782  -4.5909228998
      
      
# 137  norm     0.4748563899   -0.8800632983    0.0000000000
# nedges  10 
#  type   0  conf  1.0000
   1.7036759049   0.9192536392  -4.5804219734
   3.1731734865   1.7121515113  -3.9616523139
      
      
#  type   0  conf  1.0000
   3.1731734865   1.7121515113  -3.9616523139
   3.1948432204   1.7238438653  -3.9321528204
      
      
#  type   0  conf  1.0000
   3.1948432204   1.7238438653  -3.9321528204
   3.1944646522   1.7236396010  -3.8894413154
      
      
#  type   0  conf  1.0000
   3.1944646522   1.7236396010  -3.8894413154
   3.1847765143   1.7184121654  -3.8262990664
      
      
#  type   0  conf  1.0000
   3.1847765143   1.7184121654  -3.8262990664
   0.0467110071   0.0252038918  -0.8194377585
      
      
#  type   0  conf  1.0000
   0.0467110071   0.0252038918  -0.8194377585
  -0.3300174404  -0.1780677488  -1.1691912353
      
      
#  type   0  conf  1.0000
  -0.3300174404  -0.1780677488  -1.1691912353
  -3.1121679744  -1.6792347231  -3.8360946239
      
      
#  type   0  conf  1.0000
  -3.1121679744  -1.6792347231  -3.8360946239
  -3.1118615827  -1.6790694031  -3.9467632206
      
      
#  type   0  conf  1.0000
  -3.1118615827  -1.6790694031  -3.9467632206
  -3.0831005047  -1.6635507675  -3.9815601998
      
      
#  type   0  conf  1.0000
  -3.0831005047  -1.6635507675  -3.9815601998
  -1.6308363158  -0.8799515295  -4.5909548145
      
      
# 138  norm     0.4679298143   -0.8837656301    0.0000000000
# nedges  10 
#  type   0  conf  1.0000
   1.7082126712   0.9044520524  -4.5812327553
   3.1827447942   1.6851766234  -3.9628308387
      
      
#  type   0  conf  1.0000
   3.1827447942   1.6851766234  -3.9628308387
   3.2074387403   1.6982513948  -3.9337624516
      
      
#  type   0  conf  1.0000
   3.2074387403   1.6982513948  -3.9337624516
   3.2030949039   1.6959514518  -3.8431599655
      
      
#  type   0  conf  1.0000
   3.2030949039   1.6959514518  -3.8431599655
   3.1864075727   1.6871159648  -3.8158247926
      
      
#  type   0  conf  1.0000
   3.1864075727   1.6871159648  -3.8158247926
   0.0721652947   0.0382095567  -0.8423899707
      
      
#  type   4  conf  0.0000
#  type   0  conf  1.0000
   0.0141165759   0.0074743422  -0.8378503363
  -3.1228191805  -1.6534476442  -3.8341475084
      
      
#  type   0  conf  1.0000
  -3.1228191805  -1.6534476442  -3.8341475084
  -3.1254554403  -1.6548434719  -3.9450174121
      
      
#  type   0  conf  1.0000
  -3.1254554403  -1.6548434719  -3.9450174121
  -3.0849877373  -1.6334169261  -3.9860129907
      
      
#  type   0  conf  1.0000
  -3.0849877373  -1.6334169261  -3.9860129907
  -1.6380223884  -0.8672882107  -4.5907273441
      
      
# 139  norm     0.4609743745   -0.8874134471    0.0000000000
# nedges  11 
#  type   0  conf  1.0000
   1.7092929833   0.8879066082  -4.5833141785
   3.1883014568   1.6561899921  -3.9654607128
      
      
#  type   0  conf  1.0000
   3.1883014568   1.6561899921  -3.9654607128
   3.2194771978   1.6723844929  -3.9321404136
      
      
#  type   0  conf  1.0000
   3.2194771978   1.6723844929  -3.9321404136
   3.2144747885   1.6697859493  -3.8417811467
      
      
#  type   0  conf  1.0000
   3.2144747885   1.6697859493  -3.8417811467
   3.1967407722   1.6605738654  -3.8146980942
      
      
#  type   0  conf  1.0000
   3.1967407722   1.6605738654  -3.8146980942
   0.0848687664   0.0440857941  -0.8525979652
      
      
#  type   4  conf  0.0000
#  type   0  conf  1.0000
   0.0162993716   0.0084668456  -0.8338789266
  -3.1287832421  -1.6252727552  -3.8285067975
      
      
#  type   0  conf  1.0000
  -3.1287832421  -1.6252727552  -3.8285067975
  -3.1366432738  -1.6293557147  -3.8689926164
      
      
#  type   0  conf  1.0000
  -3.1366432738  -1.6293557147  -3.8689926164
  -3.1374481913  -1.6297738359  -3.9077658777
      
      
#  type   0  conf  1.0000
  -3.1374481913  -1.6297738359  -3.9077658777
  -3.1320052576  -1.6269464582  -3.9710160505
      
      
#  type   0  conf  1.0000
  -3.1320052576  -1.6269464582  -3.9710160505
  -1.6445149763  -0.8542571280  -4.5911551445
      
      
# 140  norm     0.4539904997   -0.8910065242    0.0000000000
# nedges  11 
#  type   0  conf  1.0000
   1.7162187927   0.8744571518  -4.5827946003
   3.2009702158   1.6309757880  -3.9649579881
      
      
#  type   0  conf  1.0000
   3.2009702158   1.6309757880  -3.9649579881
   3.2310271876   1.6462905801  -3.9321506874
      
      
#  type   0  conf  1.0000
   3.2310271876   1.6462905801  -3.9321506874
   3.2277644528   1.6446281337  -3.8547724454
      
      
#  type   0  conf  1.0000
   3.2277644528   1.6446281337  -3.8547724454
   3.2122333737   1.6367146536  -3.8190600199
      
      
#  type   0  conf  1.0000
   3.2122333737   1.6367146536  -3.8190600199
   0.3441661103   0.1753613920  -1.0965836247
      
      
#  type   0  conf  1.0000
   0.3441661103   0.1753613920  -1.0965836247
   0.0316376340   0.0161201797  -0.8177743814
      
      
#  type   0  conf  1.0000
   0.0316376340   0.0161201797  -0.8177743814
  -3.1406664975  -1.6002495088  -3.8286329273
      
      
#  type   0  conf  1.0000
  -3.1406664975  -1.6002495088  -3.8286329273
  -3.1490826770  -1.6045377665  -3.8819761453
      
      
#  type   0  conf  1.0000
  -3.1490826770  -1.6045377665  -3.8819761453
  -3.1482906790  -1.6041342233  -3.9466115657
      
      
#  type   0  conf  1.0000
  -3.1482906790  -1.6041342233  -3.9466115657
  -3.1089575651  -1.5840930008  -3.9858730088
      
      
#  type   0  conf  1.0000
  -3.1089575651  -1.5840930008  -3.9858730088
  -1.6507987925  -0.8411239968  -4.5911050076
      
      
# 141  norm     0.4469786207   -0.8945446398    0.0000000000
# nedges  12 
#  type   0  conf  1.0000
   1.7267962777   0.8628311926  -4.5810040858
   3.2139077551   1.6058986789  -3.9641912287
      
      
#  type   0  conf  1.0000
   3.2139077551   1.6058986789  -3.9641912287
   3.2417615464   1.6198164295  -3.9321193746
      
      
#  type   0  conf  1.0000
   3.2417615464   1.6198164295  -3.9321193746
   3.2392522157   1.6185625880  -3.8547949992
      
      
#  type   0  conf  1.0000
   3.2392522157   1.6185625880  -3.8547949992
   3.2250254769   1.6114538896  -3.8205860694
      
      
#  type   0  conf  1.0000
   3.2250254769   1.6114538896  -3.8205860694
   0.0964004493   0.0481685742  -0.8601778266
      
      
#  type   4  conf  0.0000
#  type   0  conf  1.0000
   0.0151320684   0.0075610660  -0.8314831408
  -3.1521843920  -1.5750572625  -3.8287818206
      
      
#  type   0  conf  1.0000
  -3.1521843920  -1.5750572625  -3.8287818206
  -3.1599357176  -1.5789303804  -3.8690166164
      
      
#  type   0  conf  1.0000
  -3.1599357176  -1.5789303804  -3.8690166164
  -3.1609959279  -1.5794601375  -3.9447171404
      
      
#  type   0  conf  1.0000
  -3.1609959279  -1.5794601375  -3.9447171404
  -3.1447403864  -1.5713377038  -3.9676324612
      
      
#  type   0  conf  1.0000
  -3.1447403864  -1.5713377038  -3.9676324612
  -3.0893429890  -1.5436571933  -3.9994204100
      
      
#  type   0  conf  1.0000
  -3.0893429890  -1.5436571933  -3.9994204100
  -1.6572385456  -0.8280751639  -4.5906982089
      
      
# 142  norm     0.4399391699   -0.8980275758    0.0000000000
# nedges  12 
#  type   0  conf  1.0000
   1.7169620096   0.8411310093  -4.5870130625
   3.2150642205   1.5750437095  -3.9683954043
      
      
#  type   0  conf  1.0000
   3.2150642205   1.5750437095  -3.9683954043
   3.2513722569   1.5928308331  -3.9378437213
      
      
#  type   0  conf  1.0000
   3.2513722569   1.5928308331  -3.9378437213
   3.2503609047   1.5923353767  -3.8561534137
      
      
#  type   0  conf  1.0000
   3.2503609047   1.5923353767  -3.8561534137
   3.2393615088   1.5869468283  -3.8238638909
      
      
#  type   0  conf  1.0000
   3.2393615088   1.5869468283  -3.8238638909
   0.0880825451   0.0431511936  -0.8512828522
      
      
#  type   4  conf  0.0000
#  type   0  conf  1.0000
   0.0096803650   0.0047423619  -0.8346142767
  -3.1621465724  -1.5491196212  -3.8276796736
      
      
#  type   0  conf  1.0000
  -3.1621465724  -1.5491196212  -3.8276796736
  -3.1704855526  -1.5532048455  -3.8548253673
      
      
#  type   0  conf  1.0000
  -3.1704855526  -1.5532048455  -3.8548253673
  -3.1722929670  -1.5540902887  -3.9460897044
      
      
#  type   0  conf  1.0000
  -3.1722929670  -1.5540902887  -3.9460897044
  -3.1503441266  -1.5433376627  -3.9705807815
      
      
#  type   0  conf  1.0000
  -3.1503441266  -1.5433376627  -3.9705807815
  -3.0981628170  -1.5177743029  -4.0006429576
      
      
#  type   0  conf  1.0000
  -3.0981628170  -1.5177743029  -4.0006429576
  -1.6630222878  -0.8147062122  -4.5907633578
      
      
# 143  norm     0.4328725815   -0.9014551171    0.0000000000
# nedges  12 
#  type   0  conf  1.0000
   1.7348364410   0.8330565932  -4.5822356624
   3.2393938372   1.5555347640  -3.9622645419
      
      
#  type   0  conf  1.0000
   3.2393938372   1.5555347640  -3.9622645419
   3.2631045709   1.5669204962  -3.9257870084
      
      
#  type   0  conf  1.0000
   3.2631045709   1.5669204962  -3.9257870084
   3.2608823098   1.5658533816  -3.8691288081
      
      
#  type   0  conf  1.0000
   3.2608823098   1.5658533816  -3.8691288081
   3.2513211909   1.5612621977  -3.8257727106
      
      
#  type   0  conf  1.0000
   3.2513211909   1.5612621977  -3.8257727106
   0.0588240388   0.0282469011  -0.8217520119
      
      
#  type   4  conf  0.0000
#  type   0  conf  1.0000
  -0.0951657886  -0.0456979608  -0.9318691864
  -3.1681852720  -1.5213408981  -3.8232213095
      
      
#  type   0  conf  1.0000
  -3.1681852720  -1.5213408981  -3.8232213095
  -3.1813531270  -1.5276640120  -3.8547906008
      
      
#  type   0  conf  1.0000
  -3.1813531270  -1.5276640120  -3.8547906008
  -3.1833762968  -1.5286355243  -3.9414561195
      
      
#  type   0  conf  1.0000
  -3.1833762968  -1.5286355243  -3.9414561195
  -3.1679953311  -1.5212496897  -3.9660255662
      
      
#  type   0  conf  1.0000
  -3.1679953311  -1.5212496897  -3.9660255662
  -3.1137016698  -1.4951782449  -3.9983146347
      
      
#  type   0  conf  1.0000
  -3.1137016698  -1.4951782449  -3.9983146347
  -1.6697101468  -0.8017833921  -4.5907173014
      
      
# 144  norm     0.4257792916   -0.9048270525    0.0000000000
# nedges  15 
#  type   0  conf  1.0000
   1.7396119828   0.8185992623  -4.5792839666
   2.2208687091   1.0450614877  -4.3856113246
      
      
#  type   0  conf  1.0000
   2.2208687091   1.0450614877  -4.3856113246
   2.5368864993   1.1937681721  -4.2582490388
      
      
#  type   0  conf  1.0000
   2.5368864993   1.1937681721  -4.2582490388
   3.2506648070   1.5296467484  -3.9587449243
      
      
#  type   0  conf  1.0000
   3.2506648070   1.5296467484  -3.9587449243
   3.2729158739   1.5401173057  -3.9209290229
      
      
#  type   0  conf  1.0000
   3.2729158739   1.5401173057  -3.9209290229
   3.2712996010   1.5393567454  -3.8819379001
      
      
#  type   0  conf  1.0000
   3.2712996010   1.5393567454  -3.8819379001
   3.2629881037   1.5354456516  -3.8280660381
      
      
#  type   0  conf  1.0000
   3.2629881037   1.5354456516  -3.8280660381
   0.1898308621   0.0893276232  -0.9425892514
      
      
#  type   0  conf  1.0000
   0.1898308621   0.0893276232  -0.9425892514
   0.0474820895   0.0223433753  -0.8354715950
      
      
#  type   0  conf  1.0000
   0.0474820895   0.0223433753  -0.8354715950
   0.0241269577   0.0113532845  -0.8398846599
      
      
#  type   0  conf  1.0000
   0.0241269577   0.0113532845  -0.8398846599
  -0.1520275043  -0.0715387133  -0.9830645654
      
      
#  type   0  conf  1.0000
  -0.1520275043  -0.0715387133  -0.9830645654
  -3.1831694905  -1.4978858633  -3.8277430093
      
      
#  type   0  conf  1.0000
  -3.1831694905  -1.4978858633  -3.8277430093
  -3.1915718384  -1.5018397081  -3.8556324084
      
      
#  type   0  conf  1.0000
  -3.1915718384  -1.5018397081  -3.8556324084
  -3.1921479707  -1.5021108154  -3.9451015416
      
      
#  type   0  conf  1.0000
  -3.1921479707  -1.5021108154  -3.9451015416
  -3.1573031832  -1.4857141030  -3.9840682269
      
      
#  type   0  conf  1.0000
  -3.1573031832  -1.4857141030  -3.9840682269
  -1.6750878296  -0.7882365005  -4.5913408415
      
      
# 145  norm     0.4186597375   -0.9081431738    0.0000000000
# nedges  15 
#  type   0  conf  1.0000
   1.7469298989   0.8053457143  -4.5781753371
   2.5467656671   1.1740750539  -4.2576729580
      
      
#  type   0  conf  1.0000
   2.5467656671   1.1740750539  -4.2576729580
   3.2592783243   1.5025478880  -3.9594072962
      
      
#  type   0  conf  1.0000
   3.2592783243   1.5025478880  -3.9594072962
   3.2826251631   1.5133109281  -3.9318548370
      
      
#  type   0  conf  1.0000
   3.2826251631   1.5133109281  -3.9318548370
   3.2753555459   1.5099595887  -3.8344729409
      
      
#  type   0  conf  1.0000
   3.2753555459   1.5099595887  -3.8344729409
   2.8265532283   1.3030588863  -3.4099385804
      
      
#  type   0  conf  1.0000
   2.8265532283   1.3030588863  -3.4099385804
   0.2234593201   0.1030161576  -0.9726674312
      
      
#  type   0  conf  1.0000
   0.2234593201   0.1030161576  -0.9726674312
   0.0396626918   0.0182847514  -0.8269899098
      
      
#  type   0  conf  1.0000
   0.0396626918   0.0182847514  -0.8269899098
  -0.1263960437  -0.0582693743  -0.9620818933
      
      
#  type   0  conf  1.0000
  -0.1263960437  -0.0582693743  -0.9620818933
  -0.2172680880  -0.1001619605  -1.0385554026
      
      
#  type   0  conf  1.0000
  -0.2172680880  -0.1001619605  -1.0385554026
  -3.1926694101  -1.4718407579  -3.8306034187
      
      
#  type   0  conf  1.0000
  -3.1926694101  -1.4718407579  -3.8306034187
  -3.2029039459  -1.4765589436  -3.9208957834
      
      
#  type   0  conf  1.0000
  -3.2029039459  -1.4765589436  -3.9208957834
  -3.1970185754  -1.4738457506  -3.9687658758
      
      
#  type   0  conf  1.0000
  -3.1970185754  -1.4738457506  -3.9687658758
  -2.5342022457  -1.1682832373  -4.2456471614
      
      
#  type   0  conf  1.0000
  -2.5342022457  -1.1682832373  -4.2456471614
  -2.4129962602  -1.1124065126  -4.2943145272
      
      
#  type   0  conf  1.0000
  -2.4129962602  -1.1124065126  -4.2943145272
  -1.6804607139  -0.7747030003  -4.5890815713
      
      
# 146  norm     0.4115143586   -0.9114032766    0.0000000000
# nedges  15 
#  type   0  conf  1.0000
   1.7428177570   0.7869123908  -4.5816263405
   2.5548144119   1.1535429387  -4.2577931614
      
      
#  type   0  conf  1.0000
   2.5548144119   1.1535429387  -4.2577931614
   3.2686124713   1.4758351206  -3.9591299113
      
      
#  type   0  conf  1.0000
   3.2686124713   1.4758351206  -3.9591299113
   3.2915585817   1.4861956867  -3.9320430225
      
      
#  type   0  conf  1.0000
   3.2915585817   1.4861956867  -3.9320430225
   3.2894933010   1.4852631767  -3.8805666235
      
      
#  type   0  conf  1.0000
   3.2894933010   1.4852631767  -3.8805666235
   3.2806215325   1.4812574196  -3.8268912065
      
      
#  type   0  conf  1.0000
   3.2806215325   1.4812574196  -3.8268912065
   0.2530412422   0.1142525018  -0.9983973448
      
      
#  type   0  conf  1.0000
   0.2530412422   0.1142525018  -0.9983973448
   0.0397407113   0.0179436192  -0.8266305767
      
      
#  type   0  conf  1.0000
   0.0397407113   0.0179436192  -0.8266305767
  -0.1414623301  -0.0638726912  -0.9729579111
      
      
#  type   0  conf  1.0000
  -0.1414623301  -0.0638726912  -0.9729579111
  -0.2129105142  -0.0961327833  -1.0329629464
      
      
#  type   0  conf  1.0000
  -0.2129105142  -0.0961327833  -1.0329629464
  -3.2106274703  -1.4496538887  -3.8369268083
      
      
#  type   0  conf  1.0000
  -3.2106274703  -1.4496538887  -3.8369268083
  -3.2109471246  -1.4497982182  -3.9466901222
      
      
#  type   0  conf  1.0000
  -3.2109471246  -1.4497982182  -3.9466901222
  -3.1803759336  -1.4359947961  -3.9794493806
      
      
#  type   0  conf  1.0000
  -3.1803759336  -1.4359947961  -3.9794493806
  -2.5434277813  -1.1484016779  -4.2453303261
      
      
#  type   0  conf  1.0000
  -2.5434277813  -1.1484016779  -4.2453303261
  -2.4489540856  -1.1057451686  -4.2833390959
      
      
#  type   0  conf  1.0000
  -2.4489540856  -1.1057451686  -4.2833390959
  -1.6850715801  -0.7608389922  -4.5891851010
      
      
# 147  norm     0.4043435955   -0.9146071598    0.0000000000
# nedges  17 
#  type   0  conf  1.0000
   1.7371594679   0.7679901669  -4.5853610081
   2.4814788980   1.0970503446  -4.2900917789
      
      
#  type   0  conf  1.0000
   2.4814788980   1.0970503446  -4.2900917789
   2.6582975719   1.1752210626  -4.2177543526
      
      
#  type   0  conf  1.0000
   2.6582975719   1.1752210626  -4.2177543526
   3.2764331372   1.4484959373  -3.9591826427
      
      
#  type   0  conf  1.0000
   3.2764331372   1.4484959373  -3.9591826427
   3.2992733280   1.4585934800  -3.9321313225
      
      
#  type   0  conf  1.0000
   3.2992733280   1.4585934800  -3.9321313225
   3.2982809593   1.4581547584  -3.8374518925
      
      
#  type   0  conf  1.0000
   3.2982809593   1.4581547584  -3.8374518925
   0.4361085733   0.1928015834  -1.1641053120
      
      
#  type   0  conf  1.0000
   0.4361085733   0.1928015834  -1.1641053120
   0.2861633947   0.1265115134  -1.0256879636
      
      
#  type   0  conf  1.0000
   0.2861633947   0.1265115134  -1.0256879636
   0.0704962952   0.0311660861  -0.8468386049
      
      
#  type   4  conf  0.0000
#  type   0  conf  1.0000
   0.0321921062   0.0142319813  -0.8329660532
  -0.1422445493  -0.0628856574  -0.9717300958
      
      
#  type   0  conf  1.0000
  -0.1422445493  -0.0628856574  -0.9717300958
  -0.2081927515  -0.0920410526  -1.0260258446
      
      
#  type   0  conf  1.0000
  -0.2081927515  -0.0920410526  -1.0260258446
  -3.2191550729  -1.4231735700  -3.8368043788
      
      
#  type   0  conf  1.0000
  -3.2191550729  -1.4231735700  -3.8368043788
  -3.2205306466  -1.4237817047  -3.9426943108
      
      
#  type   0  conf  1.0000
  -3.2205306466  -1.4237817047  -3.9426943108
  -3.2043926685  -1.4166471793  -3.9738807085
      
      
#  type   0  conf  1.0000
  -3.2043926685  -1.4166471793  -3.9738807085
  -2.5052502431  -1.1075595463  -4.2642939515
      
      
#  type   3  conf  0.0000
#  type   0  conf  1.0000
  -2.4340010268  -1.0760605973  -4.2924529953
  -1.6901455259  -0.7472055205  -4.5892102763
      
      
# 148  norm     0.3971478906   -0.9177546257    0.0000000000
# nedges  14 
#  type   0  conf  1.0000
   1.7414738010   0.7536030081  -4.5851701377
   2.5377922072   1.0982007541  -4.2709557784
      
      
#  type   0  conf  1.0000
   2.5377922072   1.0982007541  -4.2709557784
   3.2815608175   1.4200581726  -3.9608433637
      
      
#  type   0  conf  1.0000
   3.2815608175   1.4200581726  -3.9608433637
   3.3071429140   1.4311285343  -3.9340720372
      
      
#  type   0  conf  1.0000
   3.3071429140   1.4311285343  -3.9340720372
   3.3026906121   1.4292018512  -3.8335184774
      
      
#  type   0  conf  1.0000
   3.3026906121   1.4292018512  -3.8335184774
   0.3032884575   0.1312446353  -1.0382232196
      
      
#  type   0  conf  1.0000
   0.3032884575   0.1312446353  -1.0382232196
   0.0556806874   0.0240951850  -0.8343714942
      
      
#  type   4  conf  0.0000
#  type   0  conf  1.0000
   0.0193575692   0.0083767682  -0.8398603993
  -0.2112267038  -0.0914059570  -1.0264424206
      
      
#  type   0  conf  1.0000
  -0.2112267038  -0.0914059570  -1.0264424206
  -3.2279113259  -1.3968419645  -3.8368510952
      
      
#  type   0  conf  1.0000
  -3.2279113259  -1.3968419645  -3.8368510952
  -3.2290764354  -1.3973461524  -3.9450640313
      
      
#  type   0  conf  1.0000
  -3.2290764354  -1.3973461524  -3.9450640313
  -3.2020752528  -1.3856616973  -3.9769592373
      
      
#  type   0  conf  1.0000
  -3.2020752528  -1.3856616973  -3.9769592373
  -2.6438584600  -1.1440997203  -4.2103065151
      
      
#  type   0  conf  1.0000
  -2.6438584600  -1.1440997203  -4.2103065151
  -2.4732374582  -1.0702654196  -4.2799457851
      
      
#  type   0  conf  1.0000
  -2.4732374582  -1.0702654196  -4.2799457851
  -1.6958301660  -0.7338512435  -4.5888525945
      
      
# 149  norm     0.3899276878   -0.9208454801    0.0000000000
# nedges  14 
#  type   0  conf  1.0000
   1.7476288717   0.7400252266  -4.5841709852
   2.5597978865   1.0839343762  -4.2651053166
      
      
#  type   0  conf  1.0000
   2.5597978865   1.0839343762  -4.2651053166
   3.2888709083   1.3926569184  -3.9606313001
      
      
#  type   0  conf  1.0000
   3.2888709083   1.3926569184  -3.9606313001
   3.3145445757   1.4035283121  -3.9339240402
      
      
#  type   0  conf  1.0000
   3.3145445757   1.4035283121  -3.9339240402
   3.3118733998   1.4023972153  -3.8351158581
      
      
#  type   0  conf  1.0000
   3.3118733998   1.4023972153  -3.8351158581
   0.3077317598   0.1303075664  -1.0401866926
      
      
#  type   0  conf  1.0000
   0.3077317598   0.1303075664  -1.0401866926
   0.0555682924   0.0235301321  -0.8342920713
      
      
#  type   4  conf  0.0000
#  type   0  conf  1.0000
   0.0174761953   0.0074002127  -0.8404214665
  -0.2151673081  -0.0911115847  -1.0279438014
      
      
#  type   0  conf  1.0000
  -0.2151673081  -0.0911115847  -1.0279438014
  -3.2351792548  -1.3699214403  -3.8358880493
      
      
#  type   0  conf  1.0000
  -3.2351792548  -1.3699214403  -3.8358880493
  -3.2380548289  -1.3711390886  -3.9422292300
      
      
#  type   0  conf  1.0000
  -3.2380548289  -1.3711390886  -3.9422292300
  -3.2176293994  -1.3624900365  -3.9752273881
      
      
#  type   0  conf  1.0000
  -3.2176293994  -1.3624900365  -3.9752273881
  -2.4830475094  -1.0514347900  -4.2799807109
      
      
#  type   3  conf  0.0000
#  type   0  conf  1.0000
  -2.4741993884  -1.0476880948  -4.2832723538
  -1.7004152470  -0.7200328392  -4.5878242753
      
      
# 150  norm     0.3826834324   -0.9238795325    0.0000000000
# nedges  16 
#  type   0  conf  1.0000
   1.7535733396   0.7263538599  -4.5829844495
   2.5616561794   1.0610727317  -4.2672179231
      
      
#  type   0  conf  1.0000
   2.5616561794   1.0610727317  -4.2672179231
   3.3192269159   1.3748688052  -3.9510808504
      
      
#  type   0  conf  1.0000
   3.3192269159   1.3748688052  -3.9510808504
   3.3221994151   1.3761000546  -3.8949517070
      
      
#  type   0  conf  1.0000
   3.3221994151   1.3761000546  -3.8949517070
   3.3110662517   1.3714885474  -3.8288174043
      
      
#  type   0  conf  1.0000
   3.3110662517   1.3714885474  -3.8288174043
   0.3369432532   0.1395664652  -1.0649586276
      
      
#  type   0  conf  1.0000
   0.3369432532   0.1395664652  -1.0649586276
   0.2870171809   0.1188864089  -1.0214163365
      
      
#  type   0  conf  1.0000
   0.2870171809   0.1188864089  -1.0214163365
   0.0561232186   0.0232469983  -0.8348250628
      
      
#  type   4  conf  0.0000
#  type   0  conf  1.0000
   0.0181652480   0.0075242921  -0.8396805984
  -0.2138246339  -0.0885690633  -1.0246345610
      
      
#  type   0  conf  1.0000
  -0.2138246339  -0.0885690633  -1.0246345610
  -0.2259990764  -0.0936118825  -1.0348469871
      
      
#  type   0  conf  1.0000
  -0.2259990764  -0.0936118825  -1.0348469871
  -3.2345338932  -1.3397878065  -3.8296119332
      
      
#  type   0  conf  1.0000
  -3.2345338932  -1.3397878065  -3.8296119332
  -3.2452915256  -1.3442437637  -3.9064147608
      
      
#  type   0  conf  1.0000
  -3.2452915256  -1.3442437637  -3.9064147608
  -3.2418734187  -1.3428279375  -3.9673127076
      
      
#  type   0  conf  1.0000
  -3.2418734187  -1.3428279375  -3.9673127076
  -2.4943303881  -1.0331854758  -4.2788763317
      
      
#  type   3  conf  0.0000
#  type   0  conf  1.0000
  -2.4703039244  -1.0232333887  -4.2873463582
  -1.7046985386  -0.7061092544  -4.5886896623
      
      
# 151  norm     0.3754155712   -0.9268565956    0.0000000000
# nedges  15 
#  type   0  conf  1.0000
   1.7597281905   0.7127632979  -4.5818126815
   2.5265826899   1.0233713481  -4.2836237573
      
      
#  type   0  conf  1.0000
   2.5265826899   1.0233713481  -4.2836237573
   2.5948314145   1.0510149275  -4.2565930672
      
      
#  type   0  conf  1.0000
   2.5948314145   1.0510149275  -4.2565930672
   3.3193810171   1.3444877304  -3.9531696647
      
      
#  type   0  conf  1.0000
   3.3193810171   1.3444877304  -3.9531696647
   3.3340638542   1.3504348917  -3.8452750121
      
      
#  type   0  conf  1.0000
   3.3340638542   1.3504348917  -3.8452750121
   0.3360785952   0.1361258456  -1.0613052941
      
      
#  type   0  conf  1.0000
   0.3360785952   0.1361258456  -1.0613052941
   0.1981888554   0.0802747509  -0.9488831455
      
      
#  type   0  conf  1.0000
   0.1981888554   0.0802747509  -0.9488831455
   0.0556383674   0.0225358589  -0.8345081304
      
      
#  type   4  conf  0.0000
#  type   0  conf  1.0000
   0.0176065563   0.0071313895  -0.8401282725
  -0.2175196466  -0.0881045274  -1.0254783067
      
      
#  type   0  conf  1.0000
  -0.2175196466  -0.0881045274  -1.0254783067
  -3.2495729280  -1.3162125433  -3.8353531729
      
      
#  type   0  conf  1.0000
  -3.2495729280  -1.3162125433  -3.8353531729
  -3.2522684309  -1.3173043343  -3.9321541744
      
      
#  type   0  conf  1.0000
  -3.2522684309  -1.3173043343  -3.9321541744
  -3.2344043438  -1.3100686341  -3.9722366317
      
      
#  type   0  conf  1.0000
  -3.2344043438  -1.3100686341  -3.9722366317
  -2.6528898629  -1.0745310202  -4.2162122965
      
      
#  type   0  conf  1.0000
  -2.6528898629  -1.0745310202  -4.2162122965
  -2.4903906494  -1.0087120625  -4.2827620578
      
      
#  type   0  conf  1.0000
  -2.4903906494  -1.0087120625  -4.2827620578
  -1.7100315585  -0.6926340897  -4.5874184336
      
      
# 152  norm     0.3681245527   -0.9297764859    0.0000000000
# nedges  14 
#  type   0  conf  1.0000
   1.7657224887   0.6990989890  -4.5806043577
   2.5459823079   1.0080257056  -4.2787242361
      
      
#  type   0  conf  1.0000
   2.5459823079   1.0080257056  -4.2787242361
   2.6068698753   1.0321327989  -4.2543731953
      
      
#  type   0  conf  1.0000
   2.6068698753   1.0321327989  -4.2543731953
   3.3287046429   1.3179274011  -3.9517158344
      
      
#  type   0  conf  1.0000
   3.3287046429   1.3179274011  -3.9517158344
   3.3320248054   1.3192419465  -3.8376014970
      
      
#  type   0  conf  1.0000
   3.3320248054   1.3192419465  -3.8376014970
   0.4100808421   0.1623624913  -1.1279388842
      
      
#  type   0  conf  1.0000
   0.4100808421   0.1623624913  -1.1279388842
   0.2994836231   0.1185739546  -1.0282347179
      
      
#  type   0  conf  1.0000
   0.2994836231   0.1185739546  -1.0282347179
   0.0554759216   0.0219644712  -0.8345015128
      
      
#  type   0  conf  1.0000
   0.0554759216   0.0219644712  -0.8345015128
   0.0173464415   0.0068679420  -0.8399180457
      
      
#  type   0  conf  1.0000
   0.0173464415   0.0068679420  -0.8399180457
  -0.2212704703  -0.0876071767  -1.0265391967
      
      
#  type   0  conf  1.0000
  -0.2212704703  -0.0876071767  -1.0265391967
  -3.2568187158  -1.2894657492  -3.8359486598
      
      
#  type   0  conf  1.0000
  -3.2568187158  -1.2894657492  -3.8359486598
  -3.2597380895  -1.2906216110  -3.9425650524
      
      
#  type   0  conf  1.0000
  -3.2597380895  -1.2906216110  -3.9425650524
  -3.2412912204  -1.2833179788  -3.9739376382
      
      
#  type   0  conf  1.0000
  -3.2412912204  -1.2833179788  -3.9739376382
  -2.5229609909  -0.9989109214  -4.2728113480
      
      
#  type   0  conf  1.0000
  -2.5229609909  -0.9989109214  -4.2728113480
  -1.7179848762  -0.6801983312  -4.5861130892
      
      
# 153  norm     0.3608108265   -0.9326390231    0.0000000000
# nedges  15 
#  type   0  conf  1.0000
   1.7592285395   0.6805941930  -4.5842124537
   2.5764609759   0.9967575783  -4.2693715684
      
      
#  type   0  conf  1.0000
   2.5764609759   0.9967575783  -4.2693715684
   3.3342851145   1.2899376265  -3.9526971031
      
      
#  type   0  conf  1.0000
   3.3342851145   1.2899376265  -3.9526971031
   3.3419333599   1.2928965095  -3.9194347146
      
      
#  type   0  conf  1.0000
   3.3419333599   1.2928965095  -3.9194347146
   3.3295825853   1.2881183552  -3.8290355342
      
      
#  type   0  conf  1.0000
   3.3295825853   1.2881183552  -3.8290355342
   0.3977460845   0.1538763551  -1.1148669489
      
      
#  type   0  conf  1.0000
   0.3977460845   0.1538763551  -1.1148669489
   0.3007015595   0.1163326598  -1.0278085437
      
      
#  type   0  conf  1.0000
   0.3007015595   0.1163326598  -1.0278085437
   0.0563201509   0.0217886231  -0.8352399825
      
      
#  type   0  conf  1.0000
   0.0563201509   0.0217886231  -0.8352399825
   0.0168781150   0.0065296503  -0.8400300491
      
      
#  type   0  conf  1.0000
   0.0168781150   0.0065296503  -0.8400300491
  -0.2243431847  -0.0867918325  -1.0271968198
      
      
#  type   0  conf  1.0000
  -0.2243431847  -0.0867918325  -1.0271968198
  -3.2648385608  -1.2630707811  -3.8373684833
      
      
#  type   0  conf  1.0000
  -3.2648385608  -1.2630707811  -3.8373684833
  -3.2648677055  -1.2630820563  -3.9467881547
      
      
#  type   0  conf  1.0000
  -3.2648677055  -1.2630820563  -3.9467881547
  -3.2414327051  -1.2540157385  -3.9758129770
      
      
#  type   0  conf  1.0000
  -3.2414327051  -1.2540157385  -3.9758129770
  -2.6149405058  -1.0116441857  -4.2375712179
      
      
#  type   0  conf  1.0000
  -2.6149405058  -1.0116441857  -4.2375712179
  -2.5067200872  -0.9697768633  -4.2814011875
      
      
#  type   0  conf  1.0000
  -2.5067200872  -0.9697768633  -4.2814011875
  -1.7176814654  -0.6645208422  -4.5885147254
      
      
# 154  norm     0.3534748438   -0.9354440308    0.0000000000
# nedges  15 
#  type   0  conf  1.0000
   1.7760573271   0.6711161390  -4.5787834900
   2.5019266359   0.9453992945  -4.3004260582
      
      
#  type   0  conf  1.0000
   2.5019266359   0.9453992945  -4.3004260582
   2.6230113946   0.9911534121  -4.2527876365
      
      
#  type   0  conf  1.0000
   2.6230113946   0.9911534121  -4.2527876365
   3.3376933505   1.2612092191  -3.9529199430
      
      
#  type   0  conf  1.0000
   3.3376933505   1.2612092191  -3.9529199430
   3.3521596162   1.2666755654  -3.8452072885
      
      
#  type   0  conf  1.0000
   3.3521596162   1.2666755654  -3.8452072885
   0.3389808740   0.1280901984  -1.0583296848
      
      
#  type   0  conf  1.0000
   0.3389808740   0.1280901984  -1.0583296848
   0.2513521811   0.0949780746  -0.9874831742
      
      
#  type   0  conf  1.0000
   0.2513521811   0.0949780746  -0.9874831742
   0.0559799364   0.0211530553  -0.8352758857
      
      
#  type   4  conf  0.0000
#  type   0  conf  1.0000
   0.0174252911   0.0065844688  -0.8393594888
  -0.2255806063  -0.0852398080  -1.0262574823
      
      
#  type   0  conf  1.0000
  -0.2255806063  -0.0852398080  -1.0262574823
  -3.2701403963  -1.2356830849  -3.8364762575
      
      
#  type   0  conf  1.0000
  -3.2701403963  -1.2356830849  -3.8364762575
  -3.2713401677  -1.2361364407  -3.9450288925
      
      
#  type   0  conf  1.0000
  -3.2713401677  -1.2361364407  -3.9450288925
  -3.2516016570  -1.2286778790  -3.9740042612
      
      
#  type   0  conf  1.0000
  -3.2516016570  -1.2286778790  -3.9740042612
  -2.5181560349  -0.9515318733  -4.2806530495
      
      
#  type   3  conf  0.0000
#  type   3  conf  0.0000
# 155  norm     0.3461170571   -0.9381913359    0.0000000000
# nedges  13 
#  type   0  conf  1.0000
   1.7700959212   0.6530228617  -4.5819598671
   2.5991457147   0.9588754780  -4.2650492312
      
      
#  type   0  conf  1.0000
   2.5991457147   0.9588754780  -4.2650492312
   3.3296483204   1.2283721173  -3.9586567575
      
      
#  type   0  conf  1.0000
   3.3296483204   1.2283721173  -3.9586567575
   3.3525812433   1.2368325192  -3.9319678729
      
      
#  type   0  conf  1.0000
   3.3525812433   1.2368325192  -3.9319678729
   3.3478653832   1.2350927466  -3.8343324506
      
      
#  type   0  conf  1.0000
   3.3478653832   1.2350927466  -3.8343324506
   0.3169002569   0.1169106771  -1.0372498386
      
      
#  type   0  conf  1.0000
   0.3169002569   0.1169106771  -1.0372498386
   0.0555466117   0.0204922269  -0.8346133701
      
      
#  type   4  conf  0.0000
#  type   0  conf  1.0000
   0.0162868834   0.0060085485  -0.8401181212
  -0.2252490115  -0.0830987475  -1.0237807385
      
      
#  type   0  conf  1.0000
  -0.2252490115  -0.0830987475  -1.0237807385
  -3.2739549899  -1.2078257630  -3.8348782020
      
      
#  type   0  conf  1.0000
  -3.2739549899  -1.2078257630  -3.8348782020
  -3.2780267626  -1.2093279192  -3.9412090741
      
      
#  type   0  conf  1.0000
  -3.2780267626  -1.2093279192  -3.9412090741
  -3.2607721497  -1.2029623565  -3.9732088896
      
      
#  type   0  conf  1.0000
  -3.2607721497  -1.2029623565  -3.9732088896
  -2.5401877154  -0.9371247237  -4.2738451820
      
      
#  type   0  conf  1.0000
  -2.5401877154  -0.9371247237  -4.2738451820
  -1.7293183766  -0.6379792313  -4.5858481625
      
      
# 156  norm     0.3387379202   -0.9408807690   -0.0000000000
# nedges  14 
#  type   0  conf  1.0000
   1.7748022487   0.6389681269  -4.5806331107
   2.5910126826   0.9328219647  -4.2704040301
      
      
#  type   0  conf  1.0000
   2.5910126826   0.9328219647  -4.2704040301
   3.3552867405   1.2079775566  -3.9500245765
      
      
#  type   0  conf  1.0000
   3.3552867405   1.2079775566  -3.9500245765
   3.3560376201   1.2082478898  -3.8383830620
      
      
#  type   0  conf  1.0000
   3.3560376201   1.2082478898  -3.8383830620
   0.3479696270   0.1252767743  -1.0637796125
      
      
#  type   0  conf  1.0000
   0.3479696270   0.1252767743  -1.0637796125
   0.3035589614   0.1092879509  -1.0254532144
      
      
#  type   0  conf  1.0000
   0.3035589614   0.1092879509  -1.0254532144
   0.0558056881   0.0200912840  -0.8351031585
      
      
#  type   4  conf  0.0000
#  type   0  conf  1.0000
   0.0159316760   0.0057357563  -0.8397336557
  -0.2285114981  -0.0822692015  -1.0244958897
      
      
#  type   0  conf  1.0000
  -0.2285114981  -0.0822692015  -1.0244958897
  -3.2818246604  -1.1815295803  -3.8374645372
      
      
#  type   0  conf  1.0000
  -3.2818246604  -1.1815295803  -3.8374645372
  -3.2811481800  -1.1812860324  -3.9467850376
      
      
#  type   0  conf  1.0000
  -3.2811481800  -1.1812860324  -3.9467850376
  -3.2572240275  -1.1726728075  -3.9759427507
      
      
#  type   0  conf  1.0000
  -3.2572240275  -1.1726728075  -3.9759427507
  -2.5284551840  -0.9102998793  -4.2814900063
      
      
#  type   3  conf  0.0000
#  type   0  conf  1.0000
  -2.5038968176  -0.9014583234  -4.2899123949
  -1.7263070784  -0.6215087913  -4.5888054668
      
      
# 157  norm     0.3313378885   -0.9435121640    0.0000000000
# nedges  14 
#  type   0  conf  1.0000
   1.7799593081   0.6250772181  -4.5795687881
   2.6021390124   0.9138061794  -4.2679935485
      
      
#  type   0  conf  1.0000
   2.6021390124   0.9138061794  -4.2679935485
   3.3378272478   1.1721614988  -3.9589684265
      
      
#  type   0  conf  1.0000
   3.3378272478   1.1721614988  -3.9589684265
   3.3610880750   1.1803301199  -3.9321099205
      
      
#  type   0  conf  1.0000
   3.3610880750   1.1803301199  -3.9321099205
   3.3553263502   1.1783067462  -3.8331502589
      
      
#  type   0  conf  1.0000
   3.3553263502   1.1783067462  -3.8331502589
   0.3192824408   0.1121240126  -1.0358381980
      
      
#  type   0  conf  1.0000
   0.3192824408   0.1121240126  -1.0358381980
   0.0556411658   0.0195397866  -0.8351360161
      
      
#  type   4  conf  0.0000
#  type   0  conf  1.0000
   0.0152775616   0.0053650978  -0.8398217284
  -0.2160977018  -0.0758881114  -1.0134737389
      
      
#  type   0  conf  1.0000
  -0.2160977018  -0.0758881114  -1.0134737389
  -0.2439800078  -0.0856796803  -1.0364222193
      
      
#  type   0  conf  1.0000
  -0.2439800078  -0.0856796803  -1.0364222193
  -3.2857831047  -1.1538848966  -3.8370653176
      
      
#  type   0  conf  1.0000
  -3.2857831047  -1.1538848966  -3.8370653176
  -3.2856907061  -1.1538524486  -3.9656256478
      
      
#  type   0  conf  1.0000
  -3.2856907061  -1.1538524486  -3.9656256478
  -2.5358501662  -0.8905271936  -4.2808770806
      
      
#  type   3  conf  0.0000
#  type   3  conf  0.0000
# 158  norm     0.3239174182   -0.9460853588    0.0000000000
# nedges  14 
#  type   0  conf  1.0000
   1.7846719183   0.6110297709  -4.5783416404
   2.5909235287   0.8870713962  -4.2739643315
      
      
#  type   3  conf  0.0000
#  type   0  conf  1.0000
   2.6031278904   0.8912498832  -4.2699717726
   3.3495799060   1.1468175309  -3.9543939578
      
      
#  type   0  conf  1.0000
   3.3495799060   1.1468175309  -3.9543939578
   3.3690526459   1.1534845399  -3.8452140419
      
      
#  type   0  conf  1.0000
   3.3690526459   1.1534845399  -3.8452140419
   0.3944953684   0.1350659537  -1.1021419718
      
      
#  type   0  conf  1.0000
   0.3944953684   0.1350659537  -1.1021419718
   0.3048308418   0.1043669245  -1.0233349856
      
      
#  type   0  conf  1.0000
   0.3048308418   0.1043669245  -1.0233349856
   0.0610445891   0.0209002343  -0.8392668098
      
      
#  type   4  conf  0.0000
#  type   0  conf  1.0000
   0.0186115848   0.0063721697  -0.8371205119
  -0.2337106678  -0.0800170465  -1.0248012909
      
      
#  type   0  conf  1.0000
  -0.2337106678  -0.0800170465  -1.0248012909
  -3.2897208020  -1.1263231788  -3.8363725166
      
      
#  type   0  conf  1.0000
  -3.2897208020  -1.1263231788  -3.8363725166
  -3.2903888993  -1.1265519196  -3.9470562145
      
      
#  type   0  conf  1.0000
  -3.2903888993  -1.1265519196  -3.9470562145
  -3.2652568163  -1.1179472844  -3.9763041697
      
      
#  type   0  conf  1.0000
  -3.2652568163  -1.1179472844  -3.9763041697
  -2.5605179347  -0.8766612346  -4.2726293107
      
      
#  type   0  conf  1.0000
  -2.5605179347  -0.8766612346  -4.2726293107
  -1.7364751642  -0.5945283337  -4.5864991000
      
      
# 159  norm     0.3164769672   -0.9486001946    0.0000000000
# nedges  13 
#  type   0  conf  1.0000
   1.7767181553   0.5927580202  -4.5820928506
   2.6064663134   0.8695829482  -4.2698330191
      
      
#  type   0  conf  1.0000
   2.6064663134   0.8695829482  -4.2698330191
   3.3451859525   1.1160384648  -3.9590349720
      
      
#  type   0  conf  1.0000
   3.3451859525   1.1160384648  -3.9590349720
   3.3681662160   1.1237052607  -3.9320432956
      
      
#  type   0  conf  1.0000
   3.3681662160   1.1237052607  -3.9320432956
   3.3624376145   1.1217940546  -3.8329032962
      
      
#  type   0  conf  1.0000
   3.3624376145   1.1217940546  -3.8329032962
   0.3212495780   0.1071769674  -1.0342609656
      
      
#  type   0  conf  1.0000
   0.3212495780   0.1071769674  -1.0342609656
   0.0554435423   0.0184973651  -0.8349683520
      
      
#  type   4  conf  0.0000
#  type   0  conf  1.0000
   0.0148273729   0.0049467858  -0.8397413979
  -0.2366884601  -0.0789652442  -1.0254120469
      
      
#  type   0  conf  1.0000
  -0.2366884601  -0.0789652442  -1.0254120469
  -3.2939747033  -1.0989530995  -3.8364586157
      
      
#  type   0  conf  1.0000
  -3.2939747033  -1.0989530995  -3.8364586157
  -3.2943784123  -1.0990877870  -3.9468783216
      
      
#  type   0  conf  1.0000
  -3.2943784123  -1.0990877870  -3.9468783216
  -3.2708342605  -1.0912328637  -3.9755138519
      
      
#  type   0  conf  1.0000
  -3.2708342605  -1.0912328637  -3.9755138519
  -2.5654515942  -0.8558994027  -4.2727003565
      
      
#  type   0  conf  1.0000
  -2.5654515942  -0.8558994027  -4.2727003565
  -1.7390757109  -0.5801995507  -4.5864762064
      
      
# 160  norm     0.3090169944   -0.9510565163    0.0000000000
# nedges  14 
#  type   0  conf  1.0000
   1.7880861107   0.5809843959  -4.5783607269
   2.6116883927   0.8485889992  -4.2692533482
      
      
#  type   0  conf  1.0000
   2.6116883927   0.8485889992  -4.2692533482
   3.3680973306   1.0943611615  -3.9507032919
      
      
#  type   0  conf  1.0000
   3.3680973306   1.0943611615  -3.9507032919
   3.3703971328   1.0951084126  -3.8381565129
      
      
#  type   0  conf  1.0000
   3.3703971328   1.0951084126  -3.8381565129
   0.3552268710   0.1154202070  -1.0633386996
      
      
#  type   0  conf  1.0000
   0.3552268710   0.1154202070  -1.0633386996
   0.3099184073   0.1006985948  -1.0243300789
      
      
#  type   0  conf  1.0000
   0.3099184073   0.1006985948  -1.0243300789
   0.0561007957   0.0182282535  -0.8357817332
      
      
#  type   4  conf  0.0000
#  type   0  conf  1.0000
   0.0157664423   0.0051228276  -0.8384702180
  -0.2426613727  -0.0788454595  -1.0282904253
      
      
#  type   0  conf  1.0000
  -0.2426613727  -0.0788454595  -1.0282904253
  -3.2968920438  -1.0712251614  -3.8362522066
      
      
#  type   0  conf  1.0000
  -3.2968920438  -1.0712251614  -3.8362522066
  -3.2978729423  -1.0715438746  -3.9468804344
      
      
#  type   0  conf  1.0000
  -3.2978729423  -1.0715438746  -3.9468804344
  -3.2697231492  -1.0623974524  -3.9770355945
      
      
#  type   0  conf  1.0000
  -3.2697231492  -1.0623974524  -3.9770355945
  -2.7404967891  -0.8904413842  -4.2007963606
      
      
#  type   0  conf  1.0000
  -2.7404967891  -0.8904413842  -4.2007963606
  -2.5444163667  -0.8267309930  -4.2824238054
      
      
#  type   0  conf  1.0000
  -2.5444163667  -0.8267309930  -4.2824238054
  -1.7407569900  -0.5656062324  -4.5863923223
      
      
# 161  norm     0.3015379599   -0.9534541723    0.0000000000
# nedges  14 
#  type   0  conf  1.0000
   1.7739899794   0.5610393608  -4.5838759981
   2.6183925660   0.8280888328  -4.2682212529
      
      
#  type   0  conf  1.0000
   2.6183925660   0.8280888328  -4.2682212529
   3.3727158323   1.0666499566  -3.9496106026
      
      
#  type   0  conf  1.0000
   3.3727158323   1.0666499566  -3.9496106026
   3.3709524745   1.0660922798  -3.8362727233
      
      
#  type   0  conf  1.0000
   3.3709524745   1.0660922798  -3.8362727233
   0.3579262116   0.1131971969  -1.0638993691
      
      
#  type   0  conf  1.0000
   0.3579262116   0.1131971969  -1.0638993691
   0.3118680165   0.0986309025  -1.0248473889
      
      
#  type   0  conf  1.0000
   0.3118680165   0.0986309025  -1.0248473889
   0.0613090370   0.0193895024  -0.8391635864
      
      
#  type   4  conf  0.0000
#  type   0  conf  1.0000
   0.0180519751   0.0057090901  -0.8364677024
  -0.2481036955  -0.0784648957  -1.0307989004
      
      
#  type   0  conf  1.0000
  -0.2481036955  -0.0784648957  -1.0307989004
  -3.2989883544  -1.0433330171  -3.8349758669
      
      
#  type   0  conf  1.0000
  -3.2989883544  -1.0433330171  -3.8349758669
  -3.3021715216  -1.0443397207  -3.9336924300
      
      
#  type   0  conf  1.0000
  -3.3021715216  -1.0443397207  -3.9336924300
  -3.2781656520  -1.0367476610  -3.9743361182
      
      
#  type   0  conf  1.0000
  -3.2781656520  -1.0367476610  -3.9743361182
  -2.7025741219  -0.8547119631  -4.2186451119
      
      
#  type   0  conf  1.0000
  -2.7025741219  -0.8547119631  -4.2186451119
  -2.5490463139  -0.8061574931  -4.2823001172
      
      
#  type   0  conf  1.0000
  -2.5490463139  -0.8061574931  -4.2823001172
  -1.7441074775  -0.5515887664  -4.5858512091
      
      
# 162  norm     0.2940403252   -0.9557930148    0.0000000000
# nedges  14 
#  type   0  conf  1.0000
   1.7782751312   0.5470688631  -4.5825167450
   2.6166624959   0.8049904942  -4.2701920374
      
      
#  type   0  conf  1.0000
   2.6166624959   0.8049904942  -4.2701920374
   3.3732586935   1.0377498768  -3.9505232383
      
      
#  type   0  conf  1.0000
   3.3732586935   1.0377498768  -3.9505232383
   3.3750045333   1.0382869672  -3.8375823637
      
      
#  type   0  conf  1.0000
   3.3750045333   1.0382869672  -3.8375823637
   0.3572943719   0.1099181012  -1.0613723654
      
      
#  type   0  conf  1.0000
   0.3572943719   0.1099181012  -1.0613723654
   0.3145882974   0.0967799972  -1.0253427235
      
      
#  type   0  conf  1.0000
   0.3145882974   0.0967799972  -1.0253427235
   0.0557214930   0.0171421695  -0.8356482771
      
      
#  type   4  conf  0.0000
#  type   0  conf  1.0000
   0.0142153409   0.0043732099  -0.8385090560
  -0.2442579377  -0.0751435534  -1.0264001822
      
      
#  type   0  conf  1.0000
  -0.2442579377  -0.0751435534  -1.0264001822
  -0.4013823212  -0.1234813254  -1.1685198488
      
      
#  type   0  conf  1.0000
  -0.4013823212  -0.1234813254  -1.1685198488
  -3.3081757017  -1.0177277341  -3.8420753073
      
      
#  type   0  conf  1.0000
  -3.3081757017  -1.0177277341  -3.8420753073
  -3.3011122826  -1.0155547427  -3.9662614304
      
      
#  type   0  conf  1.0000
  -3.3011122826  -1.0155547427  -3.9662614304
  -2.6796440865  -0.8243661614  -4.2298817858
      
      
#  type   0  conf  1.0000
  -2.6796440865  -0.8243661614  -4.2298817858
  -2.5435949531  -0.7825119829  -4.2859759441
      
      
#  type   0  conf  1.0000
  -2.5435949531  -0.7825119829  -4.2859759441
  -1.7461954806  -0.5371998739  -4.5858641714
      
      
# 163  norm     0.2865245527   -0.9580728995    0.0000000000
# nedges  15 
#  type   0  conf  1.0000
   1.7825000352   0.5330805470  -4.5810948831
   2.5928679692   0.7754319484  -4.2801420061
      
      
#  type   0  conf  1.0000
   2.5928679692   0.7754319484  -4.2801420061
   2.6577940790   0.7948489725  -4.2544271991
      
      
#  type   0  conf  1.0000
   2.6577940790   0.7948489725  -4.2544271991
   3.3704322763   1.0079729852  -3.9512152461
      
      
#  type   0  conf  1.0000
   3.3704322763   1.0079729852  -3.9512152461
   3.3736637374   1.0089393969  -3.8373263246
      
      
#  type   0  conf  1.0000
   3.3736637374   1.0089393969  -3.8373263246
   0.5564147173   0.1664032853  -1.2415014614
      
      
#  type   0  conf  1.0000
   0.5564147173   0.1664032853  -1.2415014614
   0.3213861625   0.0961148432  -1.0292628138
      
      
#  type   0  conf  1.0000
   0.3213861625   0.0961148432  -1.0292628138
   0.0615147517   0.0183968117  -0.8394145309
      
      
#  type   4  conf  0.0000
#  type   0  conf  1.0000
   0.0168011183   0.0050245998  -0.8364464656
  -0.2587773074  -0.0773908252  -1.0350418557
      
      
#  type   0  conf  1.0000
  -0.2587773074  -0.0773908252  -1.0350418557
  -3.3047019847  -0.9883154597  -3.8356615130
      
      
#  type   0  conf  1.0000
  -3.3047019847  -0.9883154597  -3.8356615130
  -3.3068255045  -0.9889505268  -3.9468629462
      
      
#  type   0  conf  1.0000
  -3.3068255045  -0.9889505268  -3.9468629462
  -3.2814467347  -0.9813606652  -3.9756940207
      
      
#  type   0  conf  1.0000
  -3.2814467347  -0.9813606652  -3.9756940207
  -2.7423795135  -0.8201453814  -4.2044696899
      
      
#  type   0  conf  1.0000
  -2.7423795135  -0.8201453814  -4.2044696899
  -2.5560282218  -0.7644145278  -4.2826768047
      
      
#  type   0  conf  1.0000
  -2.5560282218  -0.7644145278  -4.2826768047
  -1.7420958931  -0.5209971463  -4.5878960359
      
      
# 164  norm     0.2789911060   -0.9602936857    0.0000000000
# nedges  13 
#  type   0  conf  1.0000
   1.7869595603   0.5191597442  -4.5796375653
   2.6238418201   0.7622965166  -4.2695574058
      
      
#  type   0  conf  1.0000
   2.6238418201   0.7622965166  -4.2695574058
   3.3759115261   0.9807929643  -3.9500812450
      
      
#  type   0  conf  1.0000
   3.3759115261   0.9807929643  -3.9500812450
   3.3767071851   0.9810241246  -3.8369589106
      
      
#  type   0  conf  1.0000
   3.3767071851   0.9810241246  -3.8369589106
   0.3969939508   0.1153374047  -1.0933833827
      
      
#  type   0  conf  1.0000
   0.3969939508   0.1153374047  -1.0933833827
   0.3221133189   0.0935825701  -1.0284527894
      
      
#  type   0  conf  1.0000
   0.3221133189   0.0935825701  -1.0284527894
   0.0560430808   0.0162820201  -0.8359698986
      
      
#  type   4  conf  0.0000
#  type   0  conf  1.0000
   0.0133892998   0.0038899512  -0.8387691709
  -0.2364813904  -0.0687041950  -1.0170697608
      
      
#  type   0  conf  1.0000
  -0.2364813904  -0.0687041950  -1.0170697608
  -0.3358691300  -0.0975790026  -1.1022821813
      
      
#  type   0  conf  1.0000
  -0.3358691300  -0.0975790026  -1.1022821813
  -3.3114885008  -0.9620763453  -3.8417000119
      
      
#  type   0  conf  1.0000
  -3.3114885008  -0.9620763453  -3.8417000119
  -3.3051228659  -0.9602269574  -3.9660601928
      
      
#  type   0  conf  1.0000
  -3.3051228659  -0.9602269574  -3.9660601928
  -2.5809605523  -0.7498383566  -4.2745094291
      
      
#  type   0  conf  1.0000
  -2.5809605523  -0.7498383566  -4.2745094291
  -1.7481773405  -0.5078924678  -4.5860747061
      
      
# 165  norm     0.2714404499   -0.9624552365    0.0000000000
# nedges  13 
#  type   0  conf  1.0000
   1.7775330794   0.5013161760  -4.5831144384
   2.6276466068   0.7410729871  -4.2689302382
      
      
#  type   0  conf  1.0000
   2.6276466068   0.7410729871  -4.2689302382
   3.3764111817   0.9522464374  -3.9500514555
      
      
#  type   0  conf  1.0000
   3.3764111817   0.9522464374  -3.9500514555
   3.3781600412   0.9527396668  -3.8382139770
      
      
#  type   0  conf  1.0000
   3.3781600412   0.9527396668  -3.8382139770
   0.3852543037   0.1086529508  -1.0799792031
      
      
#  type   0  conf  1.0000
   0.3852543037   0.1086529508  -1.0799792031
   0.2978431383   0.0840004526  -1.0092396150
      
      
#  type   0  conf  1.0000
   0.2978431383   0.0840004526  -1.0092396150
   0.0616082419   0.0173753212  -0.8408597744
      
      
#  type   4  conf  0.0000
#  type   0  conf  1.0000
   0.0220556498   0.0062203366  -0.8348475818
  -0.2646821948  -0.0746480993  -1.0341781612
      
      
#  type   0  conf  1.0000
  -0.2646821948  -0.0746480993  -1.0341781612
  -3.3072091160  -0.9327294364  -3.8351635556
      
      
#  type   0  conf  1.0000
  -3.3072091160  -0.9327294364  -3.8351635556
  -3.3085653903  -0.9331119453  -3.9468521790
      
      
#  type   0  conf  1.0000
  -3.3085653903  -0.9331119453  -3.9468521790
  -3.2840533541  -0.9261988361  -3.9757541777
      
      
#  type   0  conf  1.0000
  -3.2840533541  -0.9261988361  -3.9757541777
  -2.5817301809  -0.7281232157  -4.2753287206
      
      
#  type   0  conf  1.0000
  -2.5817301809  -0.7281232157  -4.2753287206
  -1.7490807287  -0.4932917832  -4.5860868844
      
      
# 166  norm     0.2638730500   -0.9645574185    0.0000000000
# nedges  14 
#  type   0  conf  1.0000
   1.7812781779   0.4873025666  -4.5814388948
   2.5949443423   0.7098964406  -4.2818154225
      
      
#  type   0  conf  1.0000
   2.5949443423   0.7098964406  -4.2818154225
   2.7166018978   0.7431781816  -4.2319768834
      
      
#  type   0  conf  1.0000
   2.7166018978   0.7431781816  -4.2319768834
   3.3528602926   0.9172387818  -3.9594958730
      
      
#  type   0  conf  1.0000
   3.3528602926   0.9172387818  -3.9594958730
   3.3794678464   0.9245177849  -3.9210535801
      
      
#  type   0  conf  1.0000
   3.3794678464   0.9245177849  -3.9210535801
   3.3711041726   0.9222297426  -3.8307718600
      
      
#  type   0  conf  1.0000
   3.3711041726   0.9222297426  -3.8307718600
   0.3539878565   0.0968401192  -1.0489519575
      
      
#  type   0  conf  1.0000
   0.3539878565   0.0968401192  -1.0489519575
   0.0634746689   0.0173647044  -0.8418532777
      
      
#  type   4  conf  0.0000
#  type   0  conf  1.0000
   0.0235416486   0.0064402663  -0.8339137756
  -0.2702785381  -0.0739398410  -1.0359177077
      
      
#  type   0  conf  1.0000
  -0.2702785381  -0.0739398410  -1.0359177077
  -3.3063342573  -0.9045106989  -3.8335037071
      
      
#  type   0  conf  1.0000
  -3.3063342573  -0.9045106989  -3.8335037071
  -3.3099898328  -0.9055107512  -3.9645869153
      
      
#  type   0  conf  1.0000
  -3.3099898328  -0.9055107512  -3.9645869153
  -2.5917622487  -0.7090259183  -4.2721921575
      
      
#  type   3  conf  0.0000
#  type   0  conf  1.0000
  -2.5667786808  -0.7021911875  -4.2814727720
  -1.7466667647  -0.4778339554  -4.5883557340
      
      
# 167  norm     0.2562893731   -0.9666001020    0.0000000000
# nedges  15 
#  type   0  conf  1.0000
   1.7860058901   0.4735508811  -4.5796095103
   2.6011250244   0.6896758034  -4.2802676277
      
      
#  type   0  conf  1.0000
   2.6011250244   0.6896758034  -4.2802676277
   2.7253136297   0.7226038155  -4.2289870937
      
      
#  type   0  conf  1.0000
   2.7253136297   0.7226038155  -4.2289870937
   3.3591511152   0.8906627796  -3.9566472070
      
      
#  type   0  conf  1.0000
   3.3591511152   0.8906627796  -3.9566472070
   3.3783155265   0.8957441311  -3.9192875800
      
      
#  type   0  conf  1.0000
   3.3783155265   0.8957441311  -3.9192875800
   3.3734377947   0.8944508240  -3.8329252709
      
      
#  type   0  conf  1.0000
   3.3734377947   0.8944508240  -3.8329252709
   0.3633885962   0.0963507404  -1.0548287839
      
      
#  type   0  conf  1.0000
   0.3633885962   0.0963507404  -1.0548287839
   0.0568024479   0.0150608962  -0.8365474585
      
      
#  type   4  conf  0.0000
#  type   0  conf  1.0000
   0.0142957766   0.0037904565  -0.8380811221
  -0.2836580590  -0.0752105715  -1.0449644265
      
      
#  type   0  conf  1.0000
  -0.2836580590  -0.0752105715  -1.0449644265
  -3.3086363821  -0.8772690408  -3.8349752879
      
      
#  type   0  conf  1.0000
  -3.3086363821  -0.8772690408  -3.8349752879
  -3.3103813968  -0.8777317230  -3.9472647794
      
      
#  type   0  conf  1.0000
  -3.3103813968  -0.8777317230  -3.9472647794
  -3.2857823056  -0.8712093922  -3.9756498554
      
      
#  type   0  conf  1.0000
  -3.2857823056  -0.8712093922  -3.9756498554
  -2.7225726478  -0.7218770573  -4.2171755867
      
      
#  type   0  conf  1.0000
  -2.7225726478  -0.7218770573  -4.2171755867
  -2.5727543207  -0.6821534476  -4.2805884519
      
      
#  type   0  conf  1.0000
  -2.5727543207  -0.6821534476  -4.2805884519
  -1.7465496637  -0.4630892522  -4.5877915260
      
      
# 168  norm     0.2486898872   -0.9685831611    0.0000000000
# nedges  17 
#  type   0  conf  1.0000
   1.7756058129   0.4558980860  -4.5832064132
   2.5902963166   0.6650750545  -4.2845852480
      
      
#  type   0  conf  1.0000
   2.5902963166   0.6650750545  -4.2845852480
   2.6609937104   0.6832270600  -4.2570390728
      
      
#  type   0  conf  1.0000
   2.6609937104   0.6832270600  -4.2570390728
   3.3543660919   0.8612548291  -3.9585205605
      
      
#  type   0  conf  1.0000
   3.3543660919   0.8612548291  -3.9585205605
   3.3770619152   0.8670821261  -3.9208582324
      
      
#  type   0  conf  1.0000
   3.3770619152   0.8670821261  -3.9208582324
   3.3731900581   0.8660880021  -3.8335611220
      
      
#  type   0  conf  1.0000
   3.3731900581   0.8660880021  -3.8335611220
   0.6509344411   0.1671315579  -1.3175974064
      
      
#  type   0  conf  1.0000
   0.6509344411   0.1671315579  -1.3175974064
   0.3385407362   0.0869224873  -1.0357351864
      
      
#  type   0  conf  1.0000
   0.3385407362   0.0869224873  -1.0357351864
   0.0687732855   0.0176579785  -0.8457250061
      
      
#  type   4  conf  0.0000
#  type   0  conf  1.0000
   0.0236061805   0.0060610370  -0.8335184020
  -0.2499738005  -0.0641823632  -1.0193279679
      
      
#  type   0  conf  1.0000
  -0.2499738005  -0.0641823632  -1.0193279679
  -0.5877000493  -0.1508957256  -1.3221102642
      
      
#  type   0  conf  1.0000
  -0.5877000493  -0.1508957256  -1.3221102642
  -3.3066426716  -0.8490015374  -3.8330779397
      
      
#  type   0  conf  1.0000
  -3.3066426716  -0.8490015374  -3.8330779397
  -3.3102647020  -0.8499315167  -3.9449710113
      
      
#  type   0  conf  1.0000
  -3.3102647020  -0.8499315167  -3.9449710113
  -3.2790075160  -0.8419060354  -3.9779846070
      
      
#  type   0  conf  1.0000
  -3.2790075160  -0.8419060354  -3.9779846070
  -2.6071367485  -0.6693989425  -4.2674803567
      
      
#  type   0  conf  1.0000
  -2.6071367485  -0.6693989425  -4.2674803567
  -2.5649182216  -0.6585590672  -4.2841480808
      
      
#  type   0  conf  1.0000
  -2.5649182216  -0.6585590672  -4.2841480808
  -1.7474455469  -0.4486677586  -4.5876748027
      
      
# 169  norm     0.2410750608   -0.9705064735    0.0000000000
# nedges  14 
#  type   0  conf  1.0000
   1.7808037934   0.4423539611  -4.5810802606
   2.6317846243   0.6537386980  -4.2696700484
      
      
#  type   0  conf  1.0000
   2.6317846243   0.6537386980  -4.2696700484
   3.3744563392   0.8382193107  -3.9503973124
      
      
#  type   0  conf  1.0000
   3.3744563392   0.8382193107  -3.9503973124
   3.3758123974   0.8385561573  -3.8366881019
      
      
#  type   0  conf  1.0000
   3.3758123974   0.8385561573  -3.8366881019
   0.6584860754   0.1635687912  -1.3220684484
      
      
#  type   0  conf  1.0000
   0.6584860754   0.1635687912  -1.3220684484
   0.3379809576   0.0839549062  -1.0340457694
      
      
#  type   0  conf  1.0000
   0.3379809576   0.0839549062  -1.0340457694
   0.0666019523   0.0165440109  -0.8444314407
      
      
#  type   4  conf  0.0000
#  type   0  conf  1.0000
   0.0218253682   0.0054214496  -0.8342544513
  -0.2520494355  -0.0626094052  -1.0195946875
      
      
#  type   0  conf  1.0000
  -0.2520494355  -0.0626094052  -1.0195946875
  -0.6072485053  -0.1508413126  -1.3364246851
      
      
#  type   0  conf  1.0000
  -0.6072485053  -0.1508413126  -1.3364246851
  -3.3131817207  -0.8229986164  -3.8405894763
      
      
#  type   0  conf  1.0000
  -3.3131817207  -0.8229986164  -3.8405894763
  -3.3075242666  -0.8215932975  -3.9659436235
      
      
#  type   0  conf  1.0000
  -3.3075242666  -0.8215932975  -3.9659436235
  -2.5958161854  -0.6448040914  -4.2729516569
      
      
#  type   3  conf  0.0000
#  type   0  conf  1.0000
  -2.5724512161  -0.6390002029  -4.2814466878
  -1.7482358542  -0.4342640430  -4.5885003588
      
      
# 170  norm     0.2334453639   -0.9723699204    0.0000000000
# nedges  13 
#  type   0  conf  1.0000
   1.7843282938   0.4283793226  -4.5794550192
   2.6338395842   0.6323289390  -4.2692556549
      
      
#  type   0  conf  1.0000
   2.6338395842   0.6323289390  -4.2692556549
   3.3533003922   0.8050561970  -3.9588001811
      
      
#  type   0  conf  1.0000
   3.3533003922   0.8050561970  -3.9588001811
   3.3749311060   0.8102492719  -3.9320739689
      
      
#  type   0  conf  1.0000
   3.3749311060   0.8102492719  -3.9320739689
   3.3696245866   0.8089752893  -3.8316234517
      
      
#  type   0  conf  1.0000
   3.3696245866   0.8089752893  -3.8316234517
   0.3828196624   0.0919068695  -1.0642139851
      
      
#  type   0  conf  1.0000
   0.3828196624   0.0919068695  -1.0642139851
   0.0662218747   0.0158984655  -0.8441521682
      
      
#  type   4  conf  0.0000
#  type   0  conf  1.0000
   0.0218879133   0.0052548231  -0.8340779820
  -0.3054443855  -0.0733307090  -1.0540787622
      
      
#  type   0  conf  1.0000
  -0.3054443855  -0.0733307090  -1.0540787622
  -3.3065191576  -0.7938250162  -3.8334574880
      
      
#  type   0  conf  1.0000
  -3.3065191576  -0.7938250162  -3.8334574880
  -3.3093466514  -0.7945038374  -3.9643570361
      
      
#  type   0  conf  1.0000
  -3.3093466514  -0.7945038374  -3.9643570361
  -2.6651723160  -0.6398512624  -4.2438054667
      
      
#  type   0  conf  1.0000
  -2.6651723160  -0.6398512624  -4.2438054667
  -2.5737068309  -0.6178923422  -4.2817065135
      
      
#  type   0  conf  1.0000
  -2.5737068309  -0.6178923422  -4.2817065135
  -1.7463477525  -0.4192610013  -4.5891200479
      
      
# 171  norm     0.2258012669   -0.9741733870    0.0000000000
# nedges  18 
#  type   0  conf  1.0000
   1.7732367701   0.4110142142  -4.5828996295
   2.5927066285   0.6009571285  -4.2844273030
      
      
#  type   0  conf  1.0000
   2.5927066285   0.6009571285  -4.2844273030
   2.6556812560   0.6155538634  -4.2601544065
      
      
#  type   0  conf  1.0000
   2.6556812560   0.6155538634  -4.2601544065
   3.3489389023   0.7762423578  -3.9590148220
      
      
#  type   0  conf  1.0000
   3.3489389023   0.7762423578  -3.9590148220
   3.3730108305   0.7818219312  -3.9205570330
      
      
#  type   0  conf  1.0000
   3.3730108305   0.7818219312  -3.9205570330
   3.3681343620   0.7806916265  -3.8326389299
      
      
#  type   0  conf  1.0000
   3.3681343620   0.7806916265  -3.8326389299
   0.6669719638   0.1545958003  -1.3245845894
      
      
#  type   0  conf  1.0000
   0.6669719638   0.1545958003  -1.3245845894
   0.3405752947   0.0789411146  -1.0337804184
      
      
#  type   0  conf  1.0000
   0.3405752947   0.0789411146  -1.0337804184
   0.0529582556   0.0122750645  -0.8348903595
      
      
#  type   4  conf  0.0000
#  type   0  conf  1.0000
   0.0125478103   0.0029084263  -0.8402348746
  -0.2261967121  -0.0524295827  -0.9993322103
      
      
#  type   0  conf  1.0000
  -0.2261967121  -0.0524295827  -0.9993322103
  -0.2764191800  -0.0640705257  -1.0366819122
      
      
#  type   0  conf  1.0000
  -0.2764191800  -0.0640705257  -1.0366819122
  -0.4775190672  -0.1106829767  -1.2145443199
      
      
#  type   0  conf  1.0000
  -0.4775190672  -0.1106829767  -1.2145443199
  -0.7001668295  -0.1622899570  -1.4117914924
      
      
#  type   0  conf  1.0000
  -0.7001668295  -0.1622899570  -1.4117914924
  -3.3084737443  -0.7668630378  -3.8402662074
      
      
#  type   0  conf  1.0000
  -3.3084737443  -0.7668630378  -3.8402662074
  -3.3056834689  -0.7662162867  -3.9654853709
      
      
#  type   0  conf  1.0000
  -3.3056834689  -0.7662162867  -3.9654853709
  -2.6427814434  -0.6125638474  -4.2534965585
      
      
#  type   0  conf  1.0000
  -2.6427814434  -0.6125638474  -4.2534965585
  -2.5670455453  -0.5950092088  -4.2849471770
      
      
#  type   0  conf  1.0000
  -2.5670455453  -0.5950092088  -4.2849471770
  -1.7460219726  -0.4047061628  -4.5882374940
      
      
# 172  norm     0.2181432414   -0.9759167619    0.0000000000
# nedges  15 
#  type   0  conf  1.0000
   1.7781298853   0.3974591194  -4.5805107800
   2.6264547929   0.5870822023  -4.2720758202
      
      
#  type   0  conf  1.0000
   2.6264547929   0.5870822023  -4.2720758202
   3.3678023309   0.7527930101  -3.9504331193
      
      
#  type   0  conf  1.0000
   3.3678023309   0.7527930101  -3.9504331193
   3.3695194376   0.7531768289  -3.8385316677
      
      
#  type   0  conf  1.0000
   3.3695194376   0.7531768289  -3.8385316677
   0.7808481056   0.1745402307  -1.4240457760
      
      
#  type   0  conf  1.0000
   0.7808481056   0.1745402307  -1.4240457760
   0.7175893788   0.1604002300  -1.3655577101
      
      
#  type   0  conf  1.0000
   0.7175893788   0.1604002300  -1.3655577101
   0.3399494974   0.0759877155  -1.0324768443
      
      
#  type   0  conf  1.0000
   0.3399494974   0.0759877155  -1.0324768443
   0.0663294716   0.0148263935  -0.8444303829
      
      
#  type   4  conf  0.0000
#  type   0  conf  1.0000
   0.0219961344   0.0049167186  -0.8333828599
  -0.2610481827  -0.0583511821  -1.0214444702
      
      
#  type   0  conf  1.0000
  -0.2610481827  -0.0583511821  -1.0214444702
  -0.6815385599  -0.1523419173  -1.3911481677
      
      
#  type   0  conf  1.0000
  -0.6815385599  -0.1523419173  -1.3911481677
  -3.3040789701  -0.7385491514  -3.8366516899
      
      
#  type   0  conf  1.0000
  -3.3040789701  -0.7385491514  -3.8366516899
  -3.3049113547  -0.7387352114  -3.9651031986
      
      
#  type   0  conf  1.0000
  -3.3049113547  -0.7387352114  -3.9651031986
  -2.6103684612  -0.5834864812  -4.2678295421
      
      
#  type   0  conf  1.0000
  -2.6103684612  -0.5834864812  -4.2678295421
  -2.5759169715  -0.5757856609  -4.2814398670
      
      
#  type   0  conf  1.0000
  -2.5759169715  -0.5757856609  -4.2814398670
  -1.7456717734  -0.3902038718  -4.5892672500
      
      
# 173  norm     0.2104717598   -0.9775999378    0.0000000000
# nedges  17 
#  type   0  conf  1.0000
   1.7679395514   0.3806274267  -4.5836370347
   2.6140188728   0.5627835387  -4.2763529988
      
      
#  type   0  conf  1.0000
   2.6140188728   0.5627835387  -4.2763529988
   2.7780318610   0.5980946111  -4.2062840682
      
      
#  type   0  conf  1.0000
   2.7780318610   0.5980946111  -4.2062840682
   3.3618480803   0.7237869545  -3.9505280768
      
      
#  type   0  conf  1.0000
   3.3618480803   0.7237869545  -3.9505280768
   3.3629004466   0.7240135231  -3.8378959912
      
      
#  type   0  conf  1.0000
   3.3629004466   0.7240135231  -3.8378959912
   0.7195482967   0.1549146951  -1.3622469289
      
      
#  type   3  conf  0.0000
#  type   3  conf  0.0000
#  type   0  conf  1.0000
   0.3396520911   0.0731251820  -1.0314084674
   0.0663809116   0.0142914363  -0.8444678804
      
      
#  type   4  conf  0.0000
#  type   0  conf  1.0000
   0.0217336303   0.0046791282  -0.8334516044
  -0.2282107666  -0.0491324926  -0.9984249963
      
      
#  type   0  conf  1.0000
  -0.2282107666  -0.0491324926  -0.9984249963
  -0.2776832297  -0.0597836352  -1.0345495308
      
      
#  type   0  conf  1.0000
  -0.2776832297  -0.0597836352  -1.0345495308
  -0.6820837260  -0.1468487841  -1.3876390098
      
      
#  type   0  conf  1.0000
  -0.6820837260  -0.1468487841  -1.3876390098
  -3.3006699914  -0.7106156566  -3.8358891069
      
      
#  type   0  conf  1.0000
  -3.3006699914  -0.7106156566  -3.8358891069
  -3.3039512909  -0.7113221019  -3.9630408338
      
      
#  type   0  conf  1.0000
  -3.3039512909  -0.7113221019  -3.9630408338
  -2.6780273773  -0.5765642091  -4.2386178964
      
      
#  type   0  conf  1.0000
  -2.6780273773  -0.5765642091  -4.2386178964
  -2.5765383492  -0.5547141931  -4.2812111315
      
      
#  type   0  conf  1.0000
  -2.5765383492  -0.5547141931  -4.2812111315
  -1.7447702527  -0.3756392072  -4.5891720413
      
      
# 174  norm     0.2027872954   -0.9792228106    0.0000000000
# nedges  18 
#  type   0  conf  1.0000
   1.7711034385   0.3667778898  -4.5815413350
   2.6181627440   0.5421954390  -4.2743976688
      
      
#  type   0  conf  1.0000
   2.6181627440   0.5421954390  -4.2743976688
   2.6941425725   0.5579301050  -4.2424220802
      
      
#  type   0  conf  1.0000
   2.6941425725   0.5579301050  -4.2424220802
   3.3573307315   0.6952697703  -3.9511444307
      
      
#  type   0  conf  1.0000
   3.3573307315   0.6952697703  -3.9511444307
   3.3592125952   0.6956594856  -3.8379204265
      
      
#  type   0  conf  1.0000
   3.3592125952   0.6956594856  -3.8379204265
   0.7329176284   0.1517799442  -1.3716215931
      
      
#  type   3  conf  0.0000
#  type   0  conf  1.0000
   0.6001438274   0.1242838119  -1.2570021054
   0.3405579079   0.0705261523  -1.0311519821
      
      
#  type   0  conf  1.0000
   0.3405579079   0.0705261523  -1.0311519821
   0.0658140003   0.0136294243  -0.8442721101
      
      
#  type   4  conf  0.0000
#  type   0  conf  1.0000
   0.0219325407   0.0045420108  -0.8330740685
  -0.1776004480  -0.0367792847  -0.9637956869
      
      
#  type   0  conf  1.0000
  -0.1776004480  -0.0367792847  -0.9637956869
  -0.2701191377  -0.0559389842  -1.0262850933
      
      
#  type   0  conf  1.0000
  -0.2701191377  -0.0559389842  -1.0262850933
  -0.6856414801  -0.1419895246  -1.3868567678
      
      
#  type   0  conf  1.0000
  -0.6856414801  -0.1419895246  -1.3868567678
  -3.2972777315  -0.6828333919  -3.8351862860
      
      
#  type   0  conf  1.0000
  -3.2972777315  -0.6828333919  -3.8351862860
  -3.3004056985  -0.6834811627  -3.9465693320
      
      
#  type   0  conf  1.0000
  -3.3004056985  -0.6834811627  -3.9465693320
  -3.2773293684  -0.6787022845  -3.9747058155
      
      
#  type   0  conf  1.0000
  -3.2773293684  -0.6787022845  -3.9747058155
  -2.6071905173  -0.5399232001  -4.2694635975
      
      
#  type   0  conf  1.0000
  -2.6071905173  -0.5399232001  -4.2694635975
  -2.5302627483  -0.5239922250  -4.2988356755
      
      
#  type   0  conf  1.0000
  -2.5302627483  -0.5239922250  -4.2988356755
  -1.7435064676  -0.3610628318  -4.5883114004
      
      
# 175  norm     0.1950903220   -0.9807852804    0.0000000000
# nedges  18 
#  type   0  conf  1.0000
   1.7609235025   0.3502694626  -4.5845633788
   2.6100893248   0.5191790467  -4.2771766185
      
      
#  type   0  conf  1.0000
   2.6100893248   0.5191790467  -4.2771766185
   2.6639855104   0.5298996645  -4.2555210037
      
      
#  type   0  conf  1.0000
   2.6639855104   0.5298996645  -4.2555210037
   3.3455643787   0.6654741308  -3.9543406179
      
      
#  type   0  conf  1.0000
   3.3455643787   0.6654741308  -3.9543406179
   3.3597612710   0.6682980682  -3.9194248155
      
      
#  type   0  conf  1.0000
   3.3597612710   0.6682980682  -3.9194248155
   3.3569328871   0.6677354677  -3.8367552008
      
      
#  type   0  conf  1.0000
   3.3569328871   0.6677354677  -3.8367552008
   2.0503321053   0.4078364130  -2.6082390618
      
      
#  type   0  conf  1.0000
   2.0503321053   0.4078364130  -2.6082390618
   0.7236175271   0.1439364754  -1.3616430447
      
      
#  type   0  conf  1.0000
   0.7236175271   0.1439364754  -1.3616430447
   0.3447147492   0.0685680268  -1.0334868786
      
      
#  type   0  conf  1.0000
   0.3447147492   0.0685680268  -1.0334868786
   0.0515311636   0.0102501858  -0.8345185322
      
      
#  type   0  conf  1.0000
   0.0515311636   0.0102501858  -0.8345185322
   0.0110186831   0.0021917523  -0.8402414857
      
      
#  type   0  conf  1.0000
   0.0110186831   0.0021917523  -0.8402414857
  -0.2155602431  -0.0428775983  -0.9874859126
      
      
#  type   0  conf  1.0000
  -0.2155602431  -0.0428775983  -0.9874859126
  -0.2718931592  -0.0540829120  -1.0264969320
      
      
#  type   0  conf  1.0000
  -0.2718931592  -0.0540829120  -1.0264969320
  -0.6868048689  -0.1366139824  -1.3841415979
      
      
#  type   0  conf  1.0000
  -0.6868048689  -0.1366139824  -1.3841415979
  -3.2956158450  -0.6555387497  -3.8362137998
      
      
#  type   0  conf  1.0000
  -3.2956158450  -0.6555387497  -3.8362137998
  -3.2972536560  -0.6558645306  -3.9649102022
      
      
#  type   0  conf  1.0000
  -3.2972536560  -0.6558645306  -3.9649102022
  -2.5978702010  -0.5167485118  -4.2733911161
      
      
#  type   0  conf  1.0000
  -2.5978702010  -0.5167485118  -4.2733911161
  -2.5754584839  -0.5122905441  -4.2817080627
      
      
#  type   0  conf  1.0000
  -2.5754584839  -0.5122905441  -4.2817080627
  -1.7431091828  -0.3467259742  -4.5890975287
      
      
# 176  norm     0.1873813146   -0.9822872507   -0.0000000000
# nedges  19 
#  type   0  conf  1.0000
   1.7640457635   0.3365097266  -4.5823412243
   2.6142226779   0.4986896467  -4.2749694482
      
      
#  type   0  conf  1.0000
   2.6142226779   0.4986896467  -4.2749694482
   2.7409901858   0.5228718421  -4.2204661541
      
      
#  type   0  conf  1.0000
   2.7409901858   0.5228718421  -4.2204661541
   3.3377099008   0.6367022156  -3.9560581177
      
      
#  type   0  conf  1.0000
   3.3377099008   0.6367022156  -3.9560581177
   3.3549078833   0.6399829062  -3.9193691762
      
      
#  type   0  conf  1.0000
   3.3549078833   0.6399829062  -3.9193691762
   3.3518549719   0.6394005323  -3.8358646396
      
      
#  type   0  conf  1.0000
   3.3518549719   0.6394005323  -3.8358646396
   0.7984422574   0.1523110065  -1.4283161527
      
      
#  type   0  conf  1.0000
   0.7984422574   0.1523110065  -1.4283161527
   0.7269115724   0.1386657985  -1.3616530193
      
      
#  type   0  conf  1.0000
   0.7269115724   0.1386657985  -1.3616530193
   0.3430190278   0.0654343791  -1.0312586002
      
      
#  type   0  conf  1.0000
   0.3430190278   0.0654343791  -1.0312586002
   0.0659272043   0.0125762868  -0.8444932828
      
      
#  type   4  conf  0.0000
#  type   0  conf  1.0000
   0.0221493618   0.0042252167  -0.8325051780
  -0.1785665331  -0.0340633880  -0.9625812228
      
      
#  type   0  conf  1.0000
  -0.1785665331  -0.0340633880  -0.9625812228
  -0.2734863415  -0.0521703098  -1.0259847005
      
      
#  type   0  conf  1.0000
  -0.2734863415  -0.0521703098  -1.0259847005
  -0.6648739956  -0.1268314978  -1.3617579036
      
      
#  type   0  conf  1.0000
  -0.6648739956  -0.1268314978  -1.3617579036
  -0.7229264118  -0.1379055885  -1.4133105860
      
      
#  type   0  conf  1.0000
  -0.7229264118  -0.1379055885  -1.4133105860
  -3.2970138174  -0.6289390225  -3.8426056321
      
      
#  type   0  conf  1.0000
  -3.2970138174  -0.6289390225  -3.8426056321
  -3.2913031822  -0.6278496606  -3.9654094653
      
      
#  type   0  conf  1.0000
  -3.2913031822  -0.6278496606  -3.9654094653
  -2.6924189766  -0.5136063884  -4.2310542866
      
      
#  type   0  conf  1.0000
  -2.6924189766  -0.5136063884  -4.2310542866
  -2.5731615383  -0.4908568154  -4.2822809855
      
      
#  type   0  conf  1.0000
  -2.5731615383  -0.4908568154  -4.2822809855
  -1.7412270079  -0.3321568161  -4.5892694637
      
      
# 177  norm     0.1796607486   -0.9837286289    0.0000000000
# nedges  16 
#  type   0  conf  1.0000
   1.7663618514   0.3225949547  -4.5804212828
   2.6258348053   0.4795625876  -4.2703131979
      
      
#  type   0  conf  1.0000
   2.6258348053   0.4795625876  -4.2703131979
   3.3290718642   0.6079964796  -3.9589939480
      
      
#  type   0  conf  1.0000
   3.3290718642   0.6079964796  -3.9589939480
   3.3510464687   0.6120097549  -3.9319101111
      
      
#  type   0  conf  1.0000
   3.3510464687   0.6120097549  -3.9319101111
   3.3437243951   0.6106725069  -3.8317642220
      
      
#  type   0  conf  1.0000
   3.3437243951   0.6106725069  -3.8317642220
   0.7398543346   0.1351213940  -1.3701276486
      
      
#  type   0  conf  1.0000
   0.7398543346   0.1351213940  -1.3701276486
   0.3451598594   0.0630373834  -1.0317513032
      
      
#  type   0  conf  1.0000
   0.3451598594   0.0630373834  -1.0317513032
   0.0516601992   0.0094348276  -0.8352817838
      
      
#  type   4  conf  0.0000
#  type   0  conf  1.0000
   0.0107924746   0.0019710558  -0.8398766974
  -0.1783431528  -0.0325712431  -0.9614547965
      
      
#  type   0  conf  1.0000
  -0.1783431528  -0.0325712431  -0.9614547965
  -0.2754243452  -0.0503014171  -1.0261826587
      
      
#  type   0  conf  1.0000
  -0.2754243452  -0.0503014171  -1.0261826587
  -0.7024836830  -0.1282963011  -1.3907639416
      
      
#  type   0  conf  1.0000
  -0.7024836830  -0.1282963011  -1.3907639416
  -3.2879529619  -0.6004868346  -3.8356434228
      
      
#  type   0  conf  1.0000
  -3.2879529619  -0.6004868346  -3.8356434228
  -3.2899190480  -0.6008459056  -3.9646786981
      
      
#  type   0  conf  1.0000
  -3.2899190480  -0.6008459056  -3.9646786981
  -2.6041895604  -0.4756094640  -4.2697385259
      
      
#  type   0  conf  1.0000
  -2.6041895604  -0.4756094640  -4.2697385259
  -2.5735947471  -0.4700218589  -4.2816993599
      
      
#  type   0  conf  1.0000
  -2.5735947471  -0.4700218589  -4.2816993599
  -1.7409881053  -0.3179608858  -4.5889227964
      
      
# 178  norm     0.1719291003   -0.9851093262    0.0000000000
# nedges  17 
#  type   0  conf  1.0000
   1.7546164937   0.3062296002  -4.5837220961
   2.6091381236   0.4553674990  -4.2758422466
      
      
#  type   0  conf  1.0000
   2.6091381236   0.4553674990  -4.2758422466
   2.7141412535   0.4736934788  -4.2304712458
      
      
#  type   0  conf  1.0000
   2.7141412535   0.4736934788  -4.2304712458
   3.3229551797   0.5799485185  -3.9591164717
      
      
#  type   0  conf  1.0000
   3.3229551797   0.5799485185  -3.9591164717
   3.3471854342   0.5841773749  -3.9206656244
      
      
#  type   0  conf  1.0000
   3.3471854342   0.5841773749  -3.9206656244
   3.3400764583   0.5829366600  -3.8327641809
      
      
#  type   0  conf  1.0000
   3.3400764583   0.5829366600  -3.8327641809
   0.7455010565   0.1301107628  -1.3722423560
      
      
#  type   0  conf  1.0000
   0.7455010565   0.1301107628  -1.3722423560
   0.3466056373   0.0604923675  -1.0320511675
      
      
#  type   0  conf  1.0000
   0.3466056373   0.0604923675  -1.0320511675
   0.0492762559   0.0086000834  -0.8335662150
      
      
#  type   0  conf  1.0000
   0.0492762559   0.0086000834  -0.8335662150
   0.0023626634   0.0004123508  -0.8413785033
      
      
#  type   0  conf  1.0000
   0.0023626634   0.0004123508  -0.8413785033
  -0.2751447003  -0.0480204374  -1.0243855310
      
      
#  type   0  conf  1.0000
  -0.2751447003  -0.0480204374  -1.0243855310
  -0.7111725206  -0.1241194742  -1.3950396996
      
      
#  type   0  conf  1.0000
  -0.7111725206  -0.1241194742  -1.3950396996
  -3.2835070562  -0.5730637189  -3.8350840098
      
      
#  type   0  conf  1.0000
  -3.2835070562  -0.5730637189  -3.8350840098
  -3.2866154641  -0.5736062229  -3.9402717345
      
      
#  type   0  conf  1.0000
  -3.2866154641  -0.5736062229  -3.9402717345
  -3.2754084600  -0.5716502876  -3.9697452137
      
      
#  type   0  conf  1.0000
  -3.2754084600  -0.5716502876  -3.9697452137
  -2.5960888270  -0.4530900322  -4.2726084553
      
      
#  type   0  conf  1.0000
  -2.5960888270  -0.4530900322  -4.2726084553
  -2.5449477646  -0.4441644880  -4.2922322221
      
      
#  type   0  conf  1.0000
  -2.5449477646  -0.4441644880  -4.2922322221
  -1.7387829447  -0.3034662035  -4.5883364427
      
      
# 179  norm     0.1641868466   -0.9864292572    0.0000000000
# nedges  17 
#  type   0  conf  1.0000
   1.7572764236   0.2924909946  -4.5814444362
   2.5886505428   0.4308695899  -4.2822131153
      
      
#  type   0  conf  1.0000
   2.5886505428   0.4308695899  -4.2822131153
   2.6763968259   0.4454745759  -4.2460357339
      
      
#  type   0  conf  1.0000
   2.6763968259   0.4454745759  -4.2460357339
   3.3155149115   0.5518529931  -3.9597086366
      
      
#  type   0  conf  1.0000
   3.3155149115   0.5518529931  -3.9597086366
   3.3399634528   0.5559223462  -3.9208830268
      
      
#  type   0  conf  1.0000
   3.3399634528   0.5559223462  -3.9208830268
   3.3376646330   0.5555397176  -3.8364393301
      
      
#  type   0  conf  1.0000
   3.3376646330   0.5555397176  -3.8364393301
   0.8201096470   0.1365036730  -1.4395786551
      
      
#  type   0  conf  1.0000
   0.8201096470   0.1365036730  -1.4395786551
   0.7390481380   0.1230113385  -1.3636407602
      
      
#  type   0  conf  1.0000
   0.7390481380   0.1230113385  -1.3636407602
   0.3494264785   0.0581605130  -1.0337776479
      
      
#  type   0  conf  1.0000
   0.3494264785   0.0581605130  -1.0337776479
   0.0495073119   0.0082402761  -0.8336218407
      
      
#  type   0  conf  1.0000
   0.0495073119   0.0082402761  -0.8336218407
   0.0030696407   0.0005109283  -0.8406037428
      
      
#  type   0  conf  1.0000
   0.0030696407   0.0005109283  -0.8406037428
  -0.2775966195  -0.0462047463  -1.0247329697
      
      
#  type   0  conf  1.0000
  -0.2775966195  -0.0462047463  -1.0247329697
  -0.7205524632  -0.1199328141  -1.3994035189
      
      
#  type   0  conf  1.0000
  -0.7205524632  -0.1199328141  -1.3994035189
  -3.2779938092  -0.5456077693  -3.8346745523
      
      
#  type   0  conf  1.0000
  -3.2779938092  -0.5456077693  -3.8346745523
  -3.2821239079  -0.5462952062  -3.9626884021
      
      
#  type   0  conf  1.0000
  -3.2821239079  -0.5462952062  -3.9626884021
  -2.5997417657  -0.4327156755  -4.2705170308
      
      
#  type   0  conf  1.0000
  -2.5997417657  -0.4327156755  -4.2705170308
  -2.5230967655  -0.4199584496  -4.2991801891
      
      
#  type   0  conf  1.0000
  -2.5230967655  -0.4199584496  -4.2991801891
  -1.7366091781  -0.2890510218  -4.5890390199
      
      
# 180  norm     0.1564344650   -0.9876883406    0.0000000000
# nedges  16 
#  type   0  conf  1.0000
   1.7479061930   0.2768411441  -4.5835221405
   2.6147754916   0.4141397528  -4.2717515491
      
      
#  type   0  conf  1.0000
   2.6147754916   0.4141397528  -4.2717515491
   3.3324198076   0.5278034462  -3.9502028320
      
      
#  type   0  conf  1.0000
   3.3324198076   0.5278034462  -3.9502028320
   3.3307550939   0.5275397814  -3.8352127770
      
      
#  type   0  conf  1.0000
   3.3307550939   0.5275397814  -3.8352127770
   0.7600716426   0.1203835217  -1.3790665635
      
      
#  type   0  conf  1.0000
   0.7600716426   0.1203835217  -1.3790665635
   0.3458717904   0.0547807099  -1.0298856490
      
      
#  type   0  conf  1.0000
   0.3458717904   0.0547807099  -1.0298856490
   0.0517514304   0.0081966213  -0.8357765225
      
      
#  type   4  conf  0.0000
#  type   0  conf  1.0000
   0.0107832178   0.0017078939  -0.8388859533
  -0.2430667178  -0.0384979861  -0.9995745298
      
      
#  type   0  conf  1.0000
  -0.2430667178  -0.0384979861  -0.9995745298
  -0.2969720603  -0.0470357536  -1.0393338911
      
      
#  type   0  conf  1.0000
  -0.2969720603  -0.0470357536  -1.0393338911
  -0.7144101815  -0.1131514568  -1.3911369139
      
      
#  type   0  conf  1.0000
  -0.7144101815  -0.1131514568  -1.3911369139
  -0.9443227661  -0.1495660328  -1.6085345148
      
      
#  type   0  conf  1.0000
  -0.9443227661  -0.1495660328  -1.6085345148
  -3.2734675457  -0.5184663251  -3.8357148720
      
      
#  type   0  conf  1.0000
  -3.2734675457  -0.5184663251  -3.8357148720
  -3.2747980953  -0.5186770635  -3.9646838284
      
      
#  type   0  conf  1.0000
  -3.2747980953  -0.5186770635  -3.9646838284
  -2.6859551311  -0.4254135002  -4.2302243530
      
      
#  type   0  conf  1.0000
  -2.6859551311  -0.4254135002  -4.2302243530
  -2.5685741820  -0.4068221842  -4.2815944497
      
      
#  type   0  conf  1.0000
  -2.5685741820  -0.4068221842  -4.2815944497
  -1.7336361231  -0.2745809871  -4.5892589869
      
      
# 181  norm     0.1486724339   -0.9888864987    0.0000000000
# nedges  17 
#  type   0  conf  1.0000
   1.7499792119   0.2630976043  -4.5813926060
   2.4909792021   0.3745019689  -4.3150839555
      
      
#  type   0  conf  1.0000
   2.4909792021   0.3745019689  -4.3150839555
   2.6185846427   0.3936865886  -4.2690604234
      
      
#  type   0  conf  1.0000
   2.6185846427   0.3936865886  -4.2690604234
   3.3259180941   0.5000294155  -3.9496685845
      
      
#  type   0  conf  1.0000
   3.3259180941   0.5000294155  -3.9496685845
   3.3257020654   0.4999969371  -3.8372131352
      
      
#  type   0  conf  1.0000
   3.3257020654   0.4999969371  -3.8372131352
   0.9956880784   0.1496950056  -1.6011472845
      
      
#  type   0  conf  1.0000
   0.9956880784   0.1496950056  -1.6011472845
   0.7529291857   0.1131978389  -1.3707259197
      
      
#  type   0  conf  1.0000
   0.7529291857   0.1131978389  -1.3707259197
   0.3504737409   0.0526913697  -1.0324892346
      
      
#  type   0  conf  1.0000
   0.3504737409   0.0526913697  -1.0324892346
   0.0517699397   0.0077832622  -0.8358713896
      
      
#  type   4  conf  0.0000
#  type   0  conf  1.0000
   0.0107072353   0.0016097608  -0.8387099473
  -0.2045491767  -0.0307525929  -0.9744951957
      
      
#  type   0  conf  1.0000
  -0.2045491767  -0.0307525929  -0.9744951957
  -0.2832673981  -0.0425873481  -1.0262104576
      
      
#  type   0  conf  1.0000
  -0.2832673981  -0.0425873481  -1.0262104576
  -0.7460813877  -0.1121683185  -1.4145770954
      
      
#  type   0  conf  1.0000
  -0.7460813877  -0.1121683185  -1.4145770954
  -3.2662894835  -0.4910646550  -3.8338803822
      
      
#  type   0  conf  1.0000
  -3.2662894835  -0.4910646550  -3.8338803822
  -3.2710667440  -0.4917828840  -3.9627725146
      
      
#  type   0  conf  1.0000
  -3.2710667440  -0.4917828840  -3.9627725146
  -2.5941133672  -0.3900074969  -4.2710536218
      
      
#  type   0  conf  1.0000
  -2.5941133672  -0.3900074969  -4.2710536218
  -2.5302738748  -0.3804096586  -4.2946636040
      
      
#  type   0  conf  1.0000
  -2.5302738748  -0.3804096586  -4.2946636040
  -1.7311490876  -0.2602666217  -4.5898671396
      
      
# 182  norm     0.1409012319   -0.9900236577    0.0000000000
# nedges  14 
#  type   0  conf  1.0000
   1.7521887195   0.2493733834  -4.5792190742
   2.6128498703   0.3718636042  -4.2698301593
      
      
#  type   0  conf  1.0000
   2.6128498703   0.3718636042  -4.2698301593
   3.3193827339   0.4724181214  -3.9493206164
      
      
#  type   0  conf  1.0000
   3.3193827339   0.4724181214  -3.9493206164
   3.3164905437   0.4720065017  -3.8344617972
      
      
#  type   0  conf  1.0000
   3.3164905437   0.4720065017  -3.8344617972
   0.7819223892   0.1112840355  -1.3925831461
      
      
#  type   0  conf  1.0000
   0.7819223892   0.1112840355  -1.3925831461
   0.3476340728   0.0494756552  -1.0296575538
      
      
#  type   0  conf  1.0000
   0.3476340728   0.0494756552  -1.0296575538
   0.0471171547   0.0067057641  -0.8330712172
      
      
#  type   0  conf  1.0000
   0.0471171547   0.0067057641  -0.8330712172
  -0.0011878476  -0.0001690557  -0.8423204805
      
      
#  type   0  conf  1.0000
  -0.0011878476  -0.0001690557  -0.8423204805
  -0.2790722214  -0.0397178587  -1.0220791818
      
      
#  type   0  conf  1.0000
  -0.2790722214  -0.0397178587  -1.0220791818
  -0.7555451318  -0.1075299959  -1.4187634854
      
      
#  type   0  conf  1.0000
  -0.7555451318  -0.1075299959  -1.4187634854
  -3.2603817171  -0.4640210332  -3.8343018341
      
      
#  type   0  conf  1.0000
  -3.2603817171  -0.4640210332  -3.8343018341
  -3.2644460999  -0.4645994805  -3.9630053913
      
      
#  type   0  conf  1.0000
  -3.2644460999  -0.4645994805  -3.9630053913
  -2.6863311508  -0.3823215391  -4.2274003031
      
      
#  type   0  conf  1.0000
  -2.6863311508  -0.3823215391  -4.2274003031
  -2.5636428685  -0.3648604108  -4.2816263599
      
      
#  type   0  conf  1.0000
  -2.5636428685  -0.3648604108  -4.2816263599
  -1.7279062484  -0.2459174760  -4.5895446191
      
      
# 183  norm     0.1331213385   -0.9910997474    0.0000000000
# nedges  15 
#  type   0  conf  1.0000
   1.7399486287   0.2337043179  -4.5823663382
   2.6064582654   0.3500911125  -4.2709851962
      
      
#  type   0  conf  1.0000
   2.6064582654   0.3500911125  -4.2709851962
   3.2890965241   0.4417808934  -3.9603843014
      
      
#  type   0  conf  1.0000
   3.2890965241   0.4417808934  -3.9603843014
   3.3125864595   0.4449359862  -3.9334921099
      
      
#  type   0  conf  1.0000
   3.3125864595   0.4449359862  -3.9334921099
   3.3071230763   0.4442021621  -3.8316269555
      
      
#  type   0  conf  1.0000
   3.3071230763   0.4442021621  -3.8316269555
   0.7904886767   0.1061759031  -1.3971755459
      
      
#  type   0  conf  1.0000
   0.7904886767   0.1061759031  -1.3971755459
   0.3498814661   0.0469949561  -1.0308457095
      
      
#  type   0  conf  1.0000
   0.3498814661   0.0469949561  -1.0308457095
   0.0493553137   0.0066292474  -0.8344728080
      
      
#  type   0  conf  1.0000
   0.0493553137   0.0066292474  -0.8344728080
   0.0016794581   0.0002255794  -0.8403045520
      
      
#  type   0  conf  1.0000
   0.0016794581   0.0002255794  -0.8403045520
  -0.2838146420  -0.0381210722  -1.0242408201
      
      
#  type   0  conf  1.0000
  -0.2838146420  -0.0381210722  -1.0242408201
  -0.7665814388  -0.1029647596  -1.4250477735
      
      
#  type   0  conf  1.0000
  -0.7665814388  -0.1029647596  -1.4250477735
  -3.2546675541  -0.4371565046  -3.8342172987
      
      
#  type   0  conf  1.0000
  -3.2546675541  -0.4371565046  -3.8342172987
  -3.2575417959  -0.4375425635  -3.9639396572
      
      
#  type   0  conf  1.0000
  -3.2575417959  -0.4375425635  -3.9639396572
  -2.7270295926  -0.3662858663  -4.2071082474
      
      
#  type   0  conf  1.0000
  -2.7270295926  -0.3662858663  -4.2071082474
  -2.5604147825  -0.3439066995  -4.2822928854
      
      
#  type   0  conf  1.0000
  -2.5604147825  -0.3439066995  -4.2822928854
  -1.7260118820  -0.2318323788  -4.5881805293
      
      
# 184  norm     0.1253332336   -0.9921147013    0.0000000000
# nedges  15 
#  type   0  conf  1.0000
   1.7434707052   0.2202515705  -4.5793921455
   2.6020512752   0.3287155203  -4.2709330559
      
      
#  type   0  conf  1.0000
   2.6020512752   0.3287155203  -4.2709330559
   3.3035142262   0.4173308989  -3.9503552223
      
      
#  type   0  conf  1.0000
   3.3035142262   0.4173308989  -3.9503552223
   3.3028325812   0.4172447871  -3.8356408428
      
      
#  type   0  conf  1.0000
   3.3028325812   0.4172447871  -3.8356408428
   1.0356315079   0.1308306847  -1.6311664988
      
      
#  type   0  conf  1.0000
   1.0356315079   0.1308306847  -1.6311664988
   0.7550323620   0.0953827690  -1.3653713554
      
      
#  type   0  conf  1.0000
   0.7550323620   0.0953827690  -1.3653713554
   0.3503490045   0.0442593720  -1.0304891558
      
      
#  type   0  conf  1.0000
   0.3503490045   0.0442593720  -1.0304891558
   0.0471449684   0.0059557946  -0.8333494168
      
      
#  type   0  conf  1.0000
   0.0471449684   0.0059557946  -0.8333494168
  -0.0008780507  -0.0001109236  -0.8416102561
      
      
#  type   0  conf  1.0000
  -0.0008780507  -0.0001109236  -0.8416102561
  -0.2862399155  -0.0361605106  -1.0247910803
      
      
#  type   0  conf  1.0000
  -0.2862399155  -0.0361605106  -1.0247910803
  -0.7828936383  -0.0989024667  -1.4356908891
      
      
#  type   0  conf  1.0000
  -0.7828936383  -0.0989024667  -1.4356908891
  -3.2467900117  -0.4101649641  -3.8335048391
      
      
#  type   0  conf  1.0000
  -3.2467900117  -0.4101649641  -3.8335048391
  -3.2509950349  -0.4106961821  -3.9636369083
      
      
#  type   0  conf  1.0000
  -3.2509950349  -0.4106961821  -3.9636369083
  -2.6147906089  -0.3303248724  -4.2569823632
      
      
#  type   0  conf  1.0000
  -2.6147906089  -0.3303248724  -4.2569823632
  -2.5563335709  -0.3229400311  -4.2820880929
      
      
#  type   0  conf  1.0000
  -2.5563335709  -0.3229400311  -4.2820880929
  -1.7232057366  -0.2176915096  -4.5891079842
      
      
# 185  norm     0.1175373975   -0.9930684570    0.0000000000
# nedges  17 
#  type   0  conf  1.0000
   1.7310247552   0.2048802812  -4.5820843855
   2.5788565772   0.3052277901  -4.2780075200
      
      
#  type   0  conf  1.0000
   2.5788565772   0.3052277901  -4.2780075200
   2.6818469228   0.3174175008  -4.2325678354
      
      
#  type   0  conf  1.0000
   2.6818469228   0.3174175008  -4.2325678354
   3.2731324750   0.3874007577  -3.9599733784
      
      
#  type   0  conf  1.0000
   3.2731324750   0.3874007577  -3.9599733784
   3.2969626411   0.3902212437  -3.9204420834
      
      
#  type   0  conf  1.0000
   3.2969626411   0.3902212437  -3.9204420834
   3.2939830650   0.3898685876  -3.8343224917
      
      
#  type   0  conf  1.0000
   3.2939830650   0.3898685876  -3.8343224917
   1.0400773704   0.1231012690  -1.6326487377
      
      
#  type   0  conf  1.0000
   1.0400773704   0.1231012690  -1.6326487377
   0.7564473664   0.0895314458  -1.3648046772
      
      
#  type   0  conf  1.0000
   0.7564473664   0.0895314458  -1.3648046772
   0.3511254416   0.0415584347  -1.0305012838
      
      
#  type   0  conf  1.0000
   0.3511254416   0.0415584347  -1.0305012838
   0.0484651696   0.0057362308  -0.8344217517
      
      
#  type   4  conf  0.0000
#  type   0  conf  1.0000
   0.0025779417   0.0003051195  -0.8400949367
  -0.2862599910  -0.0338811027  -1.0232420060
      
      
#  type   0  conf  1.0000
  -0.2862599910  -0.0338811027  -1.0232420060
  -0.7951733957  -0.0941149734  -1.4428182654
      
      
#  type   0  conf  1.0000
  -0.7951733957  -0.0941149734  -1.4428182654
  -3.2403274139  -0.3835180228  -3.8336587713
      
      
#  type   0  conf  1.0000
  -3.2403274139  -0.3835180228  -3.8336587713
  -3.2428839029  -0.3838206032  -3.9641787018
      
      
#  type   0  conf  1.0000
  -3.2428839029  -0.3838206032  -3.9641787018
  -2.6040875591  -0.3082140736  -4.2602676646
      
      
#  type   0  conf  1.0000
  -2.6040875591  -0.3082140736  -4.2602676646
  -2.5583068045  -0.3027955642  -4.2800708065
      
      
#  type   0  conf  1.0000
  -2.5583068045  -0.3027955642  -4.2800708065
  -1.7194027988  -0.2035047320  -4.5893756054
      
      
# 186  norm     0.1097343111   -0.9939609555    0.0000000000
# nedges  16 
#  type   0  conf  1.0000
   1.7336210943   0.1913935507  -4.5795433292
   2.5903735254   0.2859798996  -4.2722707134
      
      
#  type   0  conf  1.0000
   2.5903735254   0.2859798996  -4.2722707134
   3.2873255051   0.3629241145  -3.9504537125
      
      
#  type   0  conf  1.0000
   3.2873255051   0.3629241145  -3.9504537125
   3.2879137355   0.3629890558  -3.8363540454
      
      
#  type   0  conf  1.0000
   3.2879137355   0.3629890558  -3.8363540454
   1.0555741175   0.1165364675  -1.6447155594
      
      
#  type   0  conf  1.0000
   1.0555741175   0.1165364675  -1.6447155594
   0.7547327679   0.0833232733  -1.3611854108
      
      
#  type   0  conf  1.0000
   0.7547327679   0.0833232733  -1.3611854108
   0.3512909272   0.0387828794  -1.0300777270
      
      
#  type   0  conf  1.0000
   0.3512909272   0.0387828794  -1.0300777270
   0.0472956697   0.0052214905  -0.8338865000
      
      
#  type   0  conf  1.0000
   0.0472956697   0.0052214905  -0.8338865000
  -0.0016558235  -0.0001828046  -0.8413369398
      
      
#  type   0  conf  1.0000
  -0.0016558235  -0.0001828046  -0.8413369398
  -0.2928984237  -0.0323362870  -1.0273426448
      
      
#  type   0  conf  1.0000
  -0.2928984237  -0.0323362870  -1.0273426448
  -0.7331021172  -0.0809352272  -1.3891835837
      
      
#  type   0  conf  1.0000
  -0.7331021172  -0.0809352272  -1.3891835837
  -1.1223047822  -0.1239036015  -1.7558082030
      
      
#  type   0  conf  1.0000
  -1.1223047822  -0.1239036015  -1.7558082030
  -3.2315846340  -0.3567702651  -3.8340274786
      
      
#  type   0  conf  1.0000
  -3.2315846340  -0.3567702651  -3.8340274786
  -3.2361217605  -0.3572711685  -3.9640173079
      
      
#  type   0  conf  1.0000
  -3.2361217605  -0.3572711685  -3.9640173079
  -2.5560304417  -0.2821883879  -4.2805101960
      
      
#  type   3  conf  0.0000
#  type   0  conf  1.0000
  -2.5297860685  -0.2792909821  -4.2892181058
  -1.7155373985  -0.1893970921  -4.5896658363
      
      
# 187  norm     0.1019244558   -0.9947921418    0.0000000000
# nedges  18 
#  type   0  conf  1.0000
   1.7288043304   0.1771299080  -4.5793476513
   2.5702322938   0.2633409703  -4.2774783496
      
      
#  type   0  conf  1.0000
   2.5702322938   0.2633409703  -4.2774783496
   2.6343280115   0.2699080920  -4.2496726340
      
      
#  type   0  conf  1.0000
   2.6343280115   0.2699080920  -4.2496726340
   3.2780804980   0.3358657118  -3.9494993322
      
      
#  type   0  conf  1.0000
   3.2780804980   0.3358657118  -3.9494993322
   3.2786025800   0.3359192033  -3.8385766015
      
      
#  type   0  conf  1.0000
   3.2786025800   0.3359192033  -3.8385766015
   1.1674392959   0.1196135453  -1.7478059372
      
      
#  type   3  conf  0.0000
#  type   0  conf  1.0000
   1.1551770287   0.1183571774  -1.7368096385
   0.7632146481   0.0781974790  -1.3659065297
      
      
#  type   0  conf  1.0000
   0.7632146481   0.0781974790  -1.3659065297
   0.3512563233   0.0359890354  -1.0296519011
      
      
#  type   0  conf  1.0000
   0.3512563233   0.0359890354  -1.0296519011
   0.0531837010   0.0054490979  -0.8374597859
      
      
#  type   4  conf  0.0000
#  type   0  conf  1.0000
   0.0038926647   0.0003988348  -0.8375842186
  -0.2940737390  -0.0301302197  -1.0268914713
      
      
#  type   0  conf  1.0000
  -0.2940737390  -0.0301302197  -1.0268914713
  -0.7330795615  -0.0751098971  -1.3864612756
      
      
#  type   0  conf  1.0000
  -0.7330795615  -0.0751098971  -1.3864612756
  -1.1228553793  -0.1150455645  -1.7520194683
      
      
#  type   0  conf  1.0000
  -1.1228553793  -0.1150455645  -1.7520194683
  -3.2250561265  -0.3304329385  -3.8364225086
      
      
#  type   0  conf  1.0000
  -3.2250561265  -0.3304329385  -3.8364225086
  -3.2272286443  -0.3306555304  -3.9630839940
      
      
#  type   0  conf  1.0000
  -3.2272286443  -0.3306555304  -3.9630839940
  -2.5837847756  -0.2647295310  -4.2660954234
      
      
#  type   0  conf  1.0000
  -2.5837847756  -0.2647295310  -4.2660954234
  -2.5444236036  -0.2606966624  -4.2822473121
      
      
#  type   0  conf  1.0000
  -2.5444236036  -0.2606966624  -4.2822473121
  -1.7113662243  -0.1753432338  -4.5895109437
      
      
# 188  norm     0.0941083133   -0.9955619646    0.0000000000
# nedges  18 
#  type   0  conf  1.0000
   1.7240648104   0.1629721073  -4.5791264973
   2.5723296007   0.2431567382  -4.2746486612
      
      
#  type   0  conf  1.0000
   2.5723296007   0.2431567382  -4.2746486612
   2.6362728192   0.2492011520  -4.2463764084
      
      
#  type   0  conf  1.0000
   2.6362728192   0.2492011520  -4.2463764084
   3.2698091152   0.3090879640  -3.9478578751
      
      
#  type   0  conf  1.0000
   3.2698091152   0.3090879640  -3.9478578751
   3.2670623228   0.3088283157  -3.8371082342
      
      
#  type   0  conf  1.0000
   3.2670623228   0.3088283157  -3.8371082342
   1.1840980441   0.1119302200  -1.7609902607
      
      
#  type   0  conf  1.0000
   1.1840980441   0.1119302200  -1.7609902607
   1.1438294882   0.1081237208  -1.7224861885
      
      
#  type   0  conf  1.0000
   1.1438294882   0.1081237208  -1.7224861885
   0.7637568275   0.0721962765  -1.3644630772
      
      
#  type   0  conf  1.0000
   0.7637568275   0.0721962765  -1.3644630772
   0.3523067032   0.0333027886  -1.0297063296
      
      
#  type   0  conf  1.0000
   0.3523067032   0.0333027886  -1.0297063296
   0.0474450457   0.0044848773  -0.8343088227
      
      
#  type   0  conf  1.0000
   0.0474450457   0.0044848773  -0.8343088227
  -0.0005941083  -0.0000561598  -0.8401054721
      
      
#  type   0  conf  1.0000
  -0.0005941083  -0.0000561598  -0.8401054721
  -0.2909760577  -0.0275053357  -1.0234281250
      
      
#  type   0  conf  1.0000
  -0.2909760577  -0.0275053357  -1.0234281250
  -0.7316516922  -0.0691614476  -1.3822434383
      
      
#  type   0  conf  1.0000
  -0.7316516922  -0.0691614476  -1.3822434383
  -1.1289603984  -0.1067181780  -1.7535861924
      
      
#  type   0  conf  1.0000
  -1.1289603984  -0.1067181780  -1.7535861924
  -3.2158994479  -0.3039920001  -3.8364724154
      
      
#  type   0  conf  1.0000
  -3.2158994479  -0.3039920001  -3.8364724154
  -3.2179454199  -0.3041854014  -3.9642021859
      
      
#  type   0  conf  1.0000
  -3.2179454199  -0.3041854014  -3.9642021859
  -2.5856282259  -0.2444138284  -4.2623312258
      
      
#  type   0  conf  1.0000
  -2.5856282259  -0.2444138284  -4.2623312258
  -2.5465942722  -0.2407240334  -4.2793204974
      
      
#  type   0  conf  1.0000
  -2.5465942722  -0.2407240334  -4.2793204974
  -1.7076648548  -0.1614218551  -4.5899070422
      
      
# 189  norm     0.0862863658   -0.9962703765   -0.0000000000
# nedges  16 
#  type   0  conf  1.0000
   1.7203554252   0.1489989274  -4.5785499898
   2.5756895302   0.2230788893  -4.2712049530
      
      
#  type   0  conf  1.0000
   2.5756895302   0.2230788893  -4.2712049530
   3.2578825664   0.2821632094  -3.9506100186
      
      
#  type   0  conf  1.0000
   3.2578825664   0.2821632094  -3.9506100186
   3.2561788479   0.2820156514  -3.8356815197
      
      
#  type   0  conf  1.0000
   3.2561788479   0.2820156514  -3.8356815197
   1.1691766761   0.1012616743  -1.7430726806
      
      
#  type   0  conf  1.0000
   1.1691766761   0.1012616743  -1.7430726806
   0.7652951712   0.0662817450  -1.3641826776
      
      
#  type   0  conf  1.0000
   0.7652951712   0.0662817450  -1.3641826776
   0.3520909780   0.0304943835  -1.0289824105
      
      
#  type   0  conf  1.0000
   0.3520909780   0.0304943835  -1.0289824105
   0.0470318935   0.0040734034  -0.8343421177
      
      
#  type   0  conf  1.0000
   0.0470318935   0.0040734034  -0.8343421177
   0.0009444837   0.0000818012  -0.8399614477
      
      
#  type   0  conf  1.0000
   0.0009444837   0.0000818012  -0.8399614477
  -0.2911121069  -0.0252130409  -1.0221828868
      
      
#  type   0  conf  1.0000
  -0.2911121069  -0.0252130409  -1.0221828868
  -0.7361765981  -0.0637598033  -1.3836926058
      
      
#  type   0  conf  1.0000
  -0.7361765981  -0.0637598033  -1.3836926058
  -1.1325381986  -0.0980884382  -1.7526603321
      
      
#  type   0  conf  1.0000
  -1.1325381986  -0.0980884382  -1.7526603321
  -3.2057379643  -0.2776469974  -3.8357932049
      
      
#  type   0  conf  1.0000
  -3.2057379643  -0.2776469974  -3.8357932049
  -3.2098850925  -0.2780061776  -3.9619661268
      
      
#  type   0  conf  1.0000
  -3.2098850925  -0.2780061776  -3.9619661268
  -2.6476742045  -0.2293134377  -4.2306359481
      
      
#  type   0  conf  1.0000
  -2.6476742045  -0.2293134377  -4.2306359481
  -2.5353412500  -0.2195843495  -4.2819844846
      
      
#  type   0  conf  1.0000
  -2.5353412500  -0.2195843495  -4.2819844846
  -1.7030840515  -0.1475030644  -4.5894917121
      
      
# 190  norm     0.0784590957   -0.9969173337    0.0000000000
# nedges  18 
#  type   0  conf  1.0000
   1.6997651239   0.1337744165  -4.5836213769
   2.5659858011   0.2019474622  -4.2725998486
      
      
#  type   0  conf  1.0000
   2.5659858011   0.2019474622  -4.2725998486
   3.2381549983   0.2548483253  -3.9553382266
      
      
#  type   0  conf  1.0000
   3.2381549983   0.2548483253  -3.9553382266
   3.2490080931   0.2557024824  -3.9194836182
      
      
#  type   0  conf  1.0000
   3.2490080931   0.2557024824  -3.9194836182
   3.2359861354   0.2546776321  -3.8290355656
      
      
#  type   0  conf  1.0000
   3.2359861354   0.2546776321  -3.8290355656
   1.6854194137   0.1326453846  -2.2604049897
      
      
#  type   0  conf  1.0000
   1.6854194137   0.1326453846  -2.2604049897
   1.1635557293   0.0915738219  -1.7347232933
      
      
#  type   0  conf  1.0000
   1.1635557293   0.0915738219  -1.7347232933
   0.7668049358   0.0603488572  -1.3635704986
      
      
#  type   0  conf  1.0000
   0.7668049358   0.0603488572  -1.3635704986
   0.3525250265   0.0277443213  -1.0290930234
      
      
#  type   0  conf  1.0000
   0.3525250265   0.0277443213  -1.0290930234
   0.0470694390   0.0037044452  -0.8343362452
      
      
#  type   0  conf  1.0000
   0.0470694390   0.0037044452  -0.8343362452
  -0.0001038691  -0.0000081747  -0.8400995731
      
      
#  type   0  conf  1.0000
  -0.0001038691  -0.0000081747  -0.8400995731
  -0.2947588925  -0.0231980279  -1.0237593762
      
      
#  type   0  conf  1.0000
  -0.2947588925  -0.0231980279  -1.0237593762
  -0.7404171130  -0.0582720906  -1.3846953803
      
      
#  type   0  conf  1.0000
  -0.7404171130  -0.0582720906  -1.3846953803
  -1.1391093450  -0.0896498497  -1.7548614068
      
      
#  type   0  conf  1.0000
  -1.1391093450  -0.0896498497  -1.7548614068
  -3.1948694626  -0.2514416798  -3.8346943547
      
      
#  type   0  conf  1.0000
  -3.1948694626  -0.2514416798  -3.8346943547
  -3.2006499507  -0.2518966141  -3.9618995091
      
      
#  type   0  conf  1.0000
  -3.2006499507  -0.2518966141  -3.9618995091
  -2.6920643437  -0.2118700587  -4.2063929848
      
      
#  type   0  conf  1.0000
  -2.6920643437  -0.2118700587  -4.2063929848
  -2.5301834090  -0.1991297529  -4.2822640929
      
      
#  type   0  conf  1.0000
  -2.5301834090  -0.1991297529  -4.2822640929
  -1.6989349814  -0.1337090828  -4.5885685208
      
      
# 191  norm     0.0706269859   -0.9975027964    0.0000000000
# nedges  16 
#  type   0  conf  1.0000
   1.6999605149   0.1203636599  -4.5816650695
   2.5612969214   0.1813495484  -4.2722187320
      
      
#  type   0  conf  1.0000
   2.5612969214   0.1813495484  -4.2722187320
   3.2360813430   0.2291268479  -3.9510963973
      
      
#  type   0  conf  1.0000
   3.2360813430   0.2291268479  -3.9510963973
   3.2383172121   0.2292851559  -3.8397096232
      
      
#  type   0  conf  1.0000
   3.2383172121   0.2292851559  -3.8397096232
   1.1953975495   0.0846386859  -1.7624924806
      
      
#  type   0  conf  1.0000
   1.1953975495   0.0846386859  -1.7624924806
   1.1684647713   0.0827317430  -1.7362683067
      
      
#  type   0  conf  1.0000
   1.1684647713   0.0827317430  -1.7362683067
   0.7689794812   0.0544466674  -1.3639995343
      
      
#  type   0  conf  1.0000
   0.7689794812   0.0544466674  -1.3639995343
   0.3563375260   0.0252300500  -1.0313484720
      
      
#  type   0  conf  1.0000
   0.3563375260   0.0252300500  -1.0313484720
   0.0479715796   0.0033965700  -0.8349508291
      
      
#  type   0  conf  1.0000
   0.0479715796   0.0033965700  -0.8349508291
   0.0010933140   0.0000774108  -0.8392219102
      
      
#  type   0  conf  1.0000
   0.0010933140   0.0000774108  -0.8392219102
  -0.2947004627  -0.0208659119  -1.0226810055
      
      
#  type   0  conf  1.0000
  -0.2947004627  -0.0208659119  -1.0226810055
  -0.7425306506  -0.0525739898  -1.3843040201
      
      
#  type   0  conf  1.0000
  -0.7425306506  -0.0525739898  -1.3843040201
  -1.1395061487  -0.0806813625  -1.7514143778
      
      
#  type   0  conf  1.0000
  -1.1395061487  -0.0806813625  -1.7514143778
  -3.1862161315  -0.2255962015  -3.8354114605
      
      
#  type   0  conf  1.0000
  -3.1862161315  -0.2255962015  -3.8354114605
  -3.1909701145  -0.2259328016  -3.9632730907
      
      
#  type   0  conf  1.0000
  -3.1909701145  -0.2259328016  -3.9632730907
  -2.5358377035  -0.1795469391  -4.2783927995
      
      
#  type   0  conf  1.0000
  -2.5358377035  -0.1795469391  -4.2783927995
  -1.7000356701  -0.1203689812  -4.5864599617
      
      
# 192  norm     0.0627905195   -0.9980267284    0.0000000000
# nedges  16 
#  type   0  conf  1.0000
   1.6889103207   0.1062572308  -4.5833976860
   2.5537614255   0.1606690503  -4.2724391025
      
      
#  type   0  conf  1.0000
   2.5537614255   0.1606690503  -4.2724391025
   3.2257036722   0.2029440732  -3.9506830267
      
      
#  type   0  conf  1.0000
   3.2257036722   0.2029440732  -3.9506830267
   3.2234927438   0.2028049734  -3.8354242153
      
      
#  type   0  conf  1.0000
   3.2234927438   0.2028049734  -3.8354242153
   1.1778453647   0.0741037492  -1.7418548649
      
      
#  type   0  conf  1.0000
   1.1778453647   0.0741037492  -1.7418548649
   0.7700483831   0.0484473378  -1.3633035255
      
      
#  type   0  conf  1.0000
   0.7700483831   0.0484473378  -1.3633035255
   0.3539442199   0.0222682828  -1.0291783920
      
      
#  type   0  conf  1.0000
   0.3539442199   0.0222682828  -1.0291783920
   0.0451563065   0.0028409940  -0.8338450879
      
      
#  type   4  conf  0.0000
#  type   0  conf  1.0000
  -0.0070447981  -0.0004432211  -0.8428573977
  -0.2956774548  -0.0186024487  -1.0227238214
      
      
#  type   0  conf  1.0000
  -0.2956774548  -0.0186024487  -1.0227238214
  -0.7411559689  -0.0466295812  -1.3806382017
      
      
#  type   0  conf  1.0000
  -0.7411559689  -0.0466295812  -1.3806382017
  -1.1404575479  -0.0717515071  -1.7483115898
      
      
#  type   0  conf  1.0000
  -1.1404575479  -0.0717515071  -1.7483115898
  -3.1759122526  -0.1998114626  -3.8357245829
      
      
#  type   0  conf  1.0000
  -3.1759122526  -0.1998114626  -3.8357245829
  -3.1795720620  -0.2000417183  -3.9635832685
      
      
#  type   0  conf  1.0000
  -3.1795720620  -0.2000417183  -3.9635832685
  -2.5920005288  -0.1630748508  -4.2483739823
      
      
#  type   0  conf  1.0000
  -2.5920005288  -0.1630748508  -4.2483739823
  -2.5199508120  -0.1585418668  -4.2816787970
      
      
#  type   0  conf  1.0000
  -2.5199508120  -0.1585418668  -4.2816787970
  -1.6892119943  -0.1062762105  -4.5893871869
      
      
# 193  norm     0.0549501799   -0.9984890975    0.0000000000
# nedges  19 
#  type   0  conf  1.0000
   1.6899542735   0.0930038111  -4.5806533757
   2.5150168282   0.1384097508  -4.2841318873
      
      
#  type   0  conf  1.0000
   2.5150168282   0.1384097508  -4.2841318873
   2.5797461965   0.1419720235  -4.2573344578
      
      
#  type   0  conf  1.0000
   2.5797461965   0.1419720235  -4.2573344578
   3.1988600205   0.1760439188  -3.9567506788
      
      
#  type   0  conf  1.0000
   3.1988600205   0.1760439188  -3.9567506788
   3.2158398226   0.1769783739  -3.9192682901
      
      
#  type   0  conf  1.0000
   3.2158398226   0.1769783739  -3.9192682901
   3.2119876630   0.1767663767  -3.8354250418
      
      
#  type   0  conf  1.0000
   3.2119876630   0.1767663767  -3.8354250418
   1.1980123622   0.0659306096  -1.7593858811
      
      
#  type   0  conf  1.0000
   1.1980123622   0.0659306096  -1.7593858811
   1.1723725509   0.0645195654  -1.7341429136
      
      
#  type   0  conf  1.0000
   1.1723725509   0.0645195654  -1.7341429136
   0.7702373749   0.0423887276  -1.3619382217
      
      
#  type   0  conf  1.0000
   0.7702373749   0.0423887276  -1.3619382217
   0.3542180907   0.0194938010  -1.0290717168
      
      
#  type   0  conf  1.0000
   0.3542180907   0.0194938010  -1.0290717168
   0.0476222758   0.0026208124  -0.8356044811
      
      
#  type   0  conf  1.0000
   0.0476222758   0.0026208124  -0.8356044811
   0.0012723516   0.0000700217  -0.8385088479
      
      
#  type   0  conf  1.0000
   0.0012723516   0.0000700217  -0.8385088479
  -0.2974850711  -0.0163715941  -1.0227027434
      
      
#  type   0  conf  1.0000
  -0.2974850711  -0.0163715941  -1.0227027434
  -0.7462137506  -0.0410666275  -1.3829842205
      
      
#  type   0  conf  1.0000
  -0.7462137506  -0.0410666275  -1.3829842205
  -1.1482016728  -0.0631893615  -1.7524475632
      
      
#  type   0  conf  1.0000
  -1.1482016728  -0.0631893615  -1.7524475632
  -3.1660059338  -0.1742358491  -3.8361589290
      
      
#  type   0  conf  1.0000
  -3.1660059338  -0.1742358491  -3.8361589290
  -3.1687455291  -0.1743866181  -3.9639082752
      
      
#  type   0  conf  1.0000
  -3.1687455291  -0.1743866181  -3.9639082752
  -2.6187678334  -0.1441195141  -4.2319796413
      
      
#  type   0  conf  1.0000
  -2.6187678334  -0.1441195141  -4.2319796413
  -2.5137550730  -0.1383403122  -4.2817399323
      
      
#  type   0  conf  1.0000
  -2.5137550730  -0.1383403122  -4.2817399323
  -1.6842900405  -0.0926920895  -4.5896086649
      
      
# 194  norm     0.0471064507   -0.9988898750    0.0000000000
# nedges  19 
#  type   0  conf  1.0000
   1.6782624499   0.0791448481  -4.5827250291
   2.5159421656   0.1186488206  -4.2811503710
      
      
#  type   0  conf  1.0000
   2.5159421656   0.1186488206  -4.2811503710
   2.5676539024   0.1210874842  -4.2595941985
      
      
#  type   0  conf  1.0000
   2.5676539024   0.1210874842  -4.2595941985
   3.2047019538   0.1511299077  -3.9485517542
      
      
#  type   0  conf  1.0000
   3.2047019538   0.1511299077  -3.9485517542
   3.2013213387   0.1509704820  -3.8362359184
      
      
#  type   0  conf  1.0000
   3.2013213387   0.1509704820  -3.8362359184
   1.2023726651   0.0567024555  -1.7611586998
      
      
#  type   0  conf  1.0000
   1.2023726651   0.0567024555  -1.7611586998
   1.1760128581   0.0554593586  -1.7351079021
      
      
#  type   0  conf  1.0000
   1.1760128581   0.0554593586  -1.7351079021
   0.7722532911   0.0364185407  -1.3620977336
      
      
#  type   0  conf  1.0000
   0.7722532911   0.0364185407  -1.3620977336
   0.3534293658   0.0166673058  -1.0281907960
      
      
#  type   0  conf  1.0000
   0.3534293658   0.0166673058  -1.0281907960
   0.0456056720   0.0021507089  -0.8345312372
      
      
#  type   0  conf  1.0000
   0.0456056720   0.0021507089  -0.8345312372
  -0.0022126481  -0.0001043458  -0.8403441433
      
      
#  type   0  conf  1.0000
  -0.0022126481  -0.0001043458  -0.8403441433
  -0.2963765638  -0.0139767640  -1.0211338932
      
      
#  type   0  conf  1.0000
  -0.2963765638  -0.0139767640  -1.0211338932
  -0.7462509817  -0.0351923029  -1.3808419071
      
      
#  type   0  conf  1.0000
  -0.7462509817  -0.0351923029  -1.3808419071
  -1.1353038827  -0.0535395720  -1.7371517720
      
      
#  type   0  conf  1.0000
  -1.1353038827  -0.0535395720  -1.7371517720
  -1.1614621148  -0.0547731629  -1.7625637572
      
      
#  type   0  conf  1.0000
  -1.1614621148  -0.0547731629  -1.7625637572
  -3.1559892605  -0.1488326754  -3.8371107073
      
      
#  type   0  conf  1.0000
  -3.1559892605  -0.1488326754  -3.8371107073
  -3.1576744474  -0.1489121468  -3.9641235225
      
      
#  type   0  conf  1.0000
  -3.1576744474  -0.1489121468  -3.9641235225
  -2.5354548992  -0.1195690178  -4.2696092472
      
      
#  type   0  conf  1.0000
  -2.5354548992  -0.1195690178  -4.2696092472
  -2.5069708075  -0.1182257421  -4.2820003168
      
      
#  type   0  conf  1.0000
  -2.5069708075  -0.1182257421  -4.2820003168
  -1.6787766830  -0.0791690987  -4.5895747639
      
      
# 195  norm     0.0392598158   -0.9992290362    0.0000000000
# nedges  19 
#  type   0  conf  1.0000
   1.6784460336   0.0659463243  -4.5799198366
   2.5104729263   0.0986367499  -4.2804444208
      
      
#  type   0  conf  1.0000
   2.5104729263   0.0986367499  -4.2804444208
   2.5683239097   0.1009097212  -4.2552032412
      
      
#  type   0  conf  1.0000
   2.5683239097   0.1009097212  -4.2552032412
   3.1922163404   0.1254225216  -3.9482446500
      
      
#  type   0  conf  1.0000
   3.1922163404   0.1254225216  -3.9482446500
   3.1884935478   0.1252762527  -3.8362776908
      
      
#  type   0  conf  1.0000
   3.1884935478   0.1252762527  -3.8362776908
   1.1920978079   0.0468376504  -1.7476752676
      
      
#  type   0  conf  1.0000
   1.1920978079   0.0468376504  -1.7476752676
   1.1373290692   0.0446857808  -1.6967938936
      
      
#  type   0  conf  1.0000
   1.1373290692   0.0446857808  -1.6967938936
   0.7727060149   0.0303597020  -1.3611822595
      
      
#  type   0  conf  1.0000
   0.7727060149   0.0303597020  -1.3611822595
   0.3565470993   0.0140087737  -1.0300623051
      
      
#  type   0  conf  1.0000
   0.3565470993   0.0140087737  -1.0300623051
   0.0463751215   0.0018220835  -0.8352191930
      
      
#  type   0  conf  1.0000
   0.0463751215   0.0018220835  -0.8352191930
  -0.0001751693  -0.0000068824  -0.8388419322
      
      
#  type   0  conf  1.0000
  -0.0001751693  -0.0000068824  -0.8388419322
  -0.2984791373  -0.0117272772  -1.0216239129
      
      
#  type   0  conf  1.0000
  -0.2984791373  -0.0117272772  -1.0216239129
  -0.7516419903  -0.0295320942  -1.3831905250
      
      
#  type   0  conf  1.0000
  -0.7516419903  -0.0295320942  -1.3831905250
  -1.1522633979  -0.0452725522  -1.7495617191
      
      
#  type   0  conf  1.0000
  -1.1522633979  -0.0452725522  -1.7495617191
  -1.1650023740  -0.0457730679  -1.7625585872
      
      
#  type   0  conf  1.0000
  -1.1650023740  -0.0457730679  -1.7625585872
  -3.1440541951  -0.1235302258  -3.8371605048
      
      
#  type   0  conf  1.0000
  -3.1440541951  -0.1235302258  -3.8371605048
  -3.1458215711  -0.1235996662  -3.9639845199
      
      
#  type   0  conf  1.0000
  -3.1458215711  -0.1235996662  -3.9639845199
  -2.5692849001  -0.1009474787  -4.2493336449
      
      
#  type   0  conf  1.0000
  -2.5692849001  -0.1009474787  -4.2493336449
  -2.4995592351  -0.0982079498  -4.2819205452
      
      
#  type   0  conf  1.0000
  -2.4995592351  -0.0982079498  -4.2819205452
  -1.6737162252  -0.0657604896  -4.5899089114
      
      
# 196  norm     0.0314107591   -0.9995065604    0.0000000000
# nedges  18 
#  type   0  conf  1.0000
   1.6641444760   0.0522978470  -4.5826234264
   2.5190909898   0.0791656236  -4.2743382479
      
      
#  type   0  conf  1.0000
   2.5190909898   0.0791656236  -4.2743382479
   3.1674868684   0.0995422850  -3.9559535039
      
      
#  type   0  conf  1.0000
   3.1674868684   0.0995422850  -3.9559535039
   3.1781509949   0.0998774187  -3.9208993185
      
      
#  type   0  conf  1.0000
   3.1781509949   0.0998774187  -3.9208993185
   3.1668564345   0.0995224728  -3.8296435990
      
      
#  type   0  conf  1.0000
   3.1668564345   0.0995224728  -3.8296435990
   1.8208616078   0.0572228813  -2.4079509775
      
      
#  type   0  conf  1.0000
   1.8208616078   0.0572228813  -2.4079509775
   1.1874957693   0.0373185580  -1.7407322020
      
      
#  type   0  conf  1.0000
   1.1874957693   0.0373185580  -1.7407322020
   0.7763845934   0.0243988688  -1.3632416200
      
      
#  type   0  conf  1.0000
   0.7763845934   0.0243988688  -1.3632416200
   0.3558330037   0.0111825026  -1.0291686907
      
      
#  type   0  conf  1.0000
   0.3558330037   0.0111825026  -1.0291686907
   0.0473971804   0.0014895164  -0.8360383966
      
      
#  type   0  conf  1.0000
   0.0473971804   0.0014895164  -0.8360383966
   0.0011396108   0.0000358137  -0.8378072112
      
      
#  type   0  conf  1.0000
   0.0011396108   0.0000358137  -0.8378072112
  -0.3014009024  -0.0094719049  -1.0224883731
      
      
#  type   0  conf  1.0000
  -0.3014009024  -0.0094719049  -1.0224883731
  -0.7570166279  -0.0237902059  -1.3858574072
      
      
#  type   0  conf  1.0000
  -0.7570166279  -0.0237902059  -1.3858574072
  -1.1555347603  -0.0363141428  -1.7492164184
      
      
#  type   0  conf  1.0000
  -1.1555347603  -0.0363141428  -1.7492164184
  -3.1307988939  -0.0983893190  -3.8358837958
      
      
#  type   0  conf  1.0000
  -3.1307988939  -0.0983893190  -3.8358837958
  -3.1342363351  -0.0984973449  -3.9634739078
      
      
#  type   0  conf  1.0000
  -3.1342363351  -0.0984973449  -3.9634739078
  -2.5691804486  -0.0807397483  -4.2452880451
      
      
#  type   0  conf  1.0000
  -2.5691804486  -0.0807397483  -4.2452880451
  -2.4918137448  -0.0783084017  -4.2822874930
      
      
#  type   0  conf  1.0000
  -2.4918137448  -0.0783084017  -4.2822874930
  -1.6677752209  -0.0524119478  -4.5894679113
      
      
# 197  norm     0.0235597648   -0.9997224302    0.0000000000
# nedges  17 
#  type   0  conf  1.0000
   1.6654397862   0.0392482638  -4.5795684453
   2.4902409495   0.0586857805  -4.2816834561
      
      
#  type   0  conf  1.0000
   2.4902409495   0.0586857805  -4.2816834561
   2.5447474928   0.0599702984  -4.2581443082
      
      
#  type   0  conf  1.0000
   2.5447474928   0.0599702984  -4.2581443082
   3.1652343826   0.0745928824  -3.9488021943
      
      
#  type   0  conf  1.0000
   3.1652343826   0.0745928824  -3.9488021943
   3.1622261523   0.0745219896  -3.8368453741
      
      
#  type   0  conf  1.0000
   3.1622261523   0.0745219896  -3.8368453741
   1.3080042629   0.0308248289  -1.8655676742
      
      
#  type   0  conf  1.0000
   1.3080042629   0.0308248289  -1.8655676742
   1.1854894014   0.0279376061  -1.7365291235
      
      
#  type   0  conf  1.0000
   1.1854894014   0.0279376061  -1.7365291235
   0.7766340372   0.0183023955  -1.3620547400
      
      
#  type   0  conf  1.0000
   0.7766340372   0.0183023955  -1.3620547400
   0.3573948395   0.0084224762  -1.0301668541
      
      
#  type   0  conf  1.0000
   0.3573948395   0.0084224762  -1.0301668541
   0.0476570987   0.0011231018  -0.8363832925
      
      
#  type   0  conf  1.0000
   0.0476570987   0.0011231018  -0.8363832925
   0.0012453716   0.0000293488  -0.8376432799
      
      
#  type   0  conf  1.0000
   0.0012453716   0.0000293488  -0.8376432799
  -0.3020958368  -0.0071192830  -1.0221021116
      
      
#  type   0  conf  1.0000
  -0.3020958368  -0.0071192830  -1.0221021116
  -0.7547045426  -0.0177855983  -1.3818895327
      
      
#  type   0  conf  1.0000
  -0.7547045426  -0.0177855983  -1.3818895327
  -1.1569544649  -0.0272651431  -1.7474377557
      
      
#  type   0  conf  1.0000
  -1.1569544649  -0.0272651431  -1.7474377557
  -3.1182535601  -0.0734857180  -3.8359126815
      
      
#  type   0  conf  1.0000
  -3.1182535601  -0.0734857180  -3.8359126815
  -3.1215866357  -0.0735642663  -3.9633402804
      
      
#  type   0  conf  1.0000
  -3.1215866357  -0.0735642663  -3.9633402804
  -2.4917314914  -0.0587209071  -4.2799843024
      
      
#  type   0  conf  1.0000
  -2.4917314914  -0.0587209071  -4.2799843024
  -1.6668747749  -0.0392820812  -4.5863722335
      
      
# 198  norm     0.0157073173   -0.9998766325   -0.0000000000
# nedges  18 
#  type   0  conf  1.0000
   1.6519354256   0.0259506754  -4.5815333243
   2.4995614251   0.0392662486  -4.2752955586
      
      
#  type   0  conf  1.0000
   2.4995614251   0.0392662486  -4.2752955586
   3.1408423381   0.0493402942  -3.9555385830
      
      
#  type   0  conf  1.0000
   3.1408423381   0.0493402942  -3.9555385830
   3.1502482013   0.0494880533  -3.9203211211
      
      
#  type   0  conf  1.0000
   3.1502482013   0.0494880533  -3.9203211211
   3.1407212106   0.0493383914  -3.8310931819
      
      
#  type   0  conf  1.0000
   3.1407212106   0.0493383914  -3.8310931819
   1.7435604784   0.0273900367  -2.3308750676
      
      
#  type   0  conf  1.0000
   1.7435604784   0.0273900367  -2.3308750676
   1.1872992497   0.0186515871  -1.7360929417
      
      
#  type   0  conf  1.0000
   1.1872992497   0.0186515871  -1.7360929417
   0.7762604631   0.0121944738  -1.3606634728
      
      
#  type   0  conf  1.0000
   0.7762604631   0.0121944738  -1.3606634728
   0.3572400863   0.0056119757  -1.0298666115
      
      
#  type   0  conf  1.0000
   0.3572400863   0.0056119757  -1.0298666115
   0.0474361611   0.0007451868  -0.8365855148
      
      
#  type   0  conf  1.0000
   0.0474361611   0.0007451868  -0.8365855148
   0.0014994465   0.0000235552  -0.8370810347
      
      
#  type   0  conf  1.0000
   0.0014994465   0.0000235552  -0.8370810347
  -0.3027750001  -0.0047563698  -1.0218989863
      
      
#  type   0  conf  1.0000
  -0.3027750001  -0.0047563698  -1.0218989863
  -0.7574996378  -0.0118997552  -1.3821886495
      
      
#  type   0  conf  1.0000
  -0.7574996378  -0.0118997552  -1.3821886495
  -1.1627280744  -0.0182655922  -1.7500939005
      
      
#  type   0  conf  1.0000
  -1.1627280744  -0.0182655922  -1.7500939005
  -3.1042890562  -0.0487660694  -3.8347105216
      
      
#  type   0  conf  1.0000
  -3.1042890562  -0.0487660694  -3.8347105216
  -3.1092755890  -0.0488444041  -3.9630731947
      
      
#  type   0  conf  1.0000
  -3.1092755890  -0.0488444041  -3.9630731947
  -2.5602031520  -0.0402188850  -4.2414721460
      
      
#  type   0  conf  1.0000
  -2.5602031520  -0.0402188850  -4.2414721460
  -2.4795728363  -0.0389522428  -4.2810502517
      
      
#  type   0  conf  1.0000
  -2.4795728363  -0.0389522428  -4.2810502517
  -1.6544620589  -0.0259903669  -4.5897530121
      
      
# 199  norm     0.0078539009   -0.9999691576    0.0000000000
# nedges  18 
#  type   0  conf  1.0000
   1.6401394558   0.0128818900  -4.5833225864
   2.4942778647   0.0195904154  -4.2743915669
      
      
#  type   0  conf  1.0000
   2.4942778647   0.0195904154  -4.2743915669
   3.1371604935   0.0246397075  -3.9502487805
      
      
#  type   0  conf  1.0000
   3.1371604935   0.0246397075  -3.9502487805
   3.1341978266   0.0246164383  -3.8354989502
      
      
#  type   0  conf  1.0000
   3.1341978266   0.0246164383  -3.8354989502
   1.1998416487   0.0094237280  -1.7463241366
      
      
#  type   0  conf  1.0000
   1.1998416487   0.0094237280  -1.7463241366
   1.1870519192   0.0093232757  -1.7340219858
      
      
#  type   0  conf  1.0000
   1.1870519192   0.0093232757  -1.7340219858
   0.7796326187   0.0061233462  -1.3624799468
      
      
#  type   0  conf  1.0000
   0.7796326187   0.0061233462  -1.3624799468
   0.3561728625   0.0027974326  -1.0287557341
      
      
#  type   0  conf  1.0000
   0.3561728625   0.0027974326  -1.0287557341
   0.0461469471   0.0003624447  -0.8360863234
      
      
#  type   4  conf  0.0000
#  type   0  conf  1.0000
  -0.0015010500  -0.0000117895  -0.8384477031
  -0.3041197057  -0.0023885997  -1.0221879926
      
      
#  type   0  conf  1.0000
  -0.3041197057  -0.0023885997  -1.0221879926
  -0.7570007897  -0.0059455926  -1.3802753438
      
      
#  type   0  conf  1.0000
  -0.7570007897  -0.0059455926  -1.3802753438
  -1.1622124677  -0.0091281831  -1.7470306703
      
      
#  type   0  conf  1.0000
  -1.1622124677  -0.0091281831  -1.7470306703
  -1.1747938472  -0.0092269990  -1.7602716057
      
      
#  type   0  conf  1.0000
  -1.1747938472  -0.0092269990  -1.7602716057
  -3.0934547296  -0.0242964362  -3.8366380055
      
      
#  type   0  conf  1.0000
  -3.0934547296  -0.0242964362  -3.8366380055
  -3.0960631441  -0.0243169231  -3.9636012709
      
      
#  type   0  conf  1.0000
  -3.0960631441  -0.0243169231  -3.9636012709
  -2.5841613058  -0.0202963728  -4.2250806859
      
      
#  type   0  conf  1.0000
  -2.5841613058  -0.0202963728  -4.2250806859
  -2.4686759214  -0.0193893340  -4.2825219759
      
      
#  type   0  conf  1.0000
  -2.4686759214  -0.0193893340  -4.2825219759
  -1.6469862367  -0.0129356656  -4.5905457434
      
      
# 200  norm     0.0000000000   -1.0000000000    0.0000000000
# nedges  16 
#  type   0  conf  1.0000
   1.6407966112   0.0000000000  -4.5803038788
   2.4830181585   0.0000000000  -4.2751228479
      
      
#  type   0  conf  1.0000
   2.4830181585   0.0000000000  -4.2751228479
   3.1240745702   0.0000000000  -3.9493928735
      
      
#  type   0  conf  1.0000
   3.1240745702   0.0000000000  -3.9493928735
   3.1176951273   0.0000000000  -3.8333457612
      
      
#  type   0  conf  1.0000
   3.1176951273   0.0000000000  -3.8333457612
   1.1971312441   0.0000000000  -1.7414069853
      
      
#  type   0  conf  1.0000
   1.1971312441   0.0000000000  -1.7414069853
   0.7801502798   0.0000000000  -1.3620517186
      
      
#  type   0  conf  1.0000
   0.7801502798   0.0000000000  -1.3620517186
   0.3570918553   0.0000000000  -1.0293891814
      
      
#  type   0  conf  1.0000
   0.3570918553   0.0000000000  -1.0293891814
   0.0452796824   0.0000000000  -0.8357759226
      
      
#  type   0  conf  1.0000
   0.0452796824   0.0000000000  -0.8357759226
  -0.0024727912  -0.0000000000  -0.8386689109
      
      
#  type   0  conf  1.0000
  -0.0024727912  -0.0000000000  -0.8386689109
  -0.3044104495  -0.0000000000  -1.0214053558
      
      
#  type   0  conf  1.0000
  -0.3044104495  -0.0000000000  -1.0214053558
  -0.7579400189  -0.0000000000  -1.3792282718
      
      
#  type   0  conf  1.0000
  -0.7579400189  -0.0000000000  -1.3792282718
  -1.1656638937  -0.0000000000  -1.7472586159
      
      
#  type   0  conf  1.0000
  -1.1656638937  -0.0000000000  -1.7472586159
  -3.0798115495  -0.0000000000  -3.8365176909
      
      
#  type   0  conf  1.0000
  -3.0798115495  -0.0000000000  -3.8365176909
  -3.0820292667  -0.0000000000  -3.9636608065
      
      
#  type   0  conf  1.0000
  -3.0820292667  -0.0000000000  -3.9636608065
  -2.5066438263  -0.0000000000  -4.2602811001
      
      
#  type   0  conf  1.0000
  -2.5066438263  -0.0000000000  -4.2602811001
  -2.4547608080  -0.0000000000  -4.2850824495
      
      
#  type   0  conf  1.0000
  -2.4547608080  -0.0000000000  -4.2850824495
  -1.6412562792  -0.0000000000  -4.5891272308
      
      
# 201  norm    -0.0078539009   -0.9999691576   -0.0000000000
# nedges  18 
#  type   0  conf  1.0000
   1.6263193781  -0.0127733452  -4.5829033981
   2.4418396634  -0.0191785582  -4.2870328563
      
      
#  type   0  conf  1.0000
   2.4418396634  -0.0191785582  -4.2870328563
   2.5064861296  -0.0196863008  -4.2586773182
      
      
#  type   0  conf  1.0000
   2.5064861296  -0.0196863008  -4.2586773182
   3.1094308845  -0.0244219152  -3.9488387118
      
      
#  type   0  conf  1.0000
   3.1094308845  -0.0244219152  -3.9488387118
   3.1038634938  -0.0243781881  -3.8339060473
      
      
#  type   0  conf  1.0000
   3.1038634938  -0.0243781881  -3.8339060473
   1.1991944520  -0.0094186449  -1.7417186776
      
      
#  type   0  conf  1.0000
   1.1991944520  -0.0094186449  -1.7417186776
   0.7816904474  -0.0061395087  -1.3626006676
      
      
#  type   0  conf  1.0000
   0.7816904474  -0.0061395087  -1.3626006676
   0.3571964667  -0.0028054722  -1.0292422204
      
      
#  type   0  conf  1.0000
   0.3571964667  -0.0028054722  -1.0292422204
   0.0454258391  -0.0003567810  -0.8363364052
      
      
#  type   4  conf  0.0000
#  type   0  conf  1.0000
  -0.0006612917   0.0000051939  -0.8375316150
  -0.3052398834   0.0023973977  -1.0213669089
      
      
#  type   0  conf  1.0000
  -0.3052398834   0.0023973977  -1.0213669089
  -0.7597725371   0.0059673623  -1.3791315674
      
      
#  type   0  conf  1.0000
  -0.7597725371   0.0059673623  -1.3791315674
  -1.1610456722   0.0091190189  -1.7407841772
      
      
#  type   0  conf  1.0000
  -1.1610456722   0.0091190189  -1.7407841772
  -1.1804948249   0.0092717753  -1.7608237267
      
      
#  type   0  conf  1.0000
  -1.1804948249   0.0092717753  -1.7608237267
  -3.0667693730   0.0240868456  -3.8370680581
      
      
#  type   0  conf  1.0000
  -3.0667693730   0.0240868456  -3.8370680581
  -3.0688594801   0.0241032616  -3.9634568689
      
      
#  type   0  conf  1.0000
  -3.0688594801   0.0241032616  -3.9634568689
  -2.4797427155   0.0194762542  -4.2695495110
      
      
#  type   0  conf  1.0000
  -2.4797427155   0.0194762542  -4.2695495110
  -2.4413161008   0.0191744461  -4.2871936731
      
      
#  type   0  conf  1.0000
  -2.4413161008   0.0191744461  -4.2871936731
  -1.6362422432   0.0128512808  -4.5886548892
      
      
# 202  norm    -0.0157073173   -0.9998766325    0.0000000000
# nedges  18 
#  type   0  conf  1.0000
   1.6159231644  -0.0253849496  -4.5842098003
   2.4611911202  -0.0386634797  -4.2767108063
      
      
#  type   0  conf  1.0000
   2.4611911202  -0.0386634797  -4.2767108063
   3.0940316347  -0.0486049329  -3.9500205925
      
      
#  type   0  conf  1.0000
   3.0940316347  -0.0486049329  -3.9500205925
   3.0902322405  -0.0485452473  -3.8348509773
      
      
#  type   0  conf  1.0000
   3.0902322405  -0.0485452473  -3.8348509773
   1.1995679164  -0.0188443187  -1.7403414366
      
      
#  type   0  conf  1.0000
   1.1995679164  -0.0188443187  -1.7403414366
   0.7841725220  -0.0123187664  -1.3639136728
      
      
#  type   0  conf  1.0000
   0.7841725220  -0.0123187664  -1.3639136728
   0.3565340617  -0.0056008846  -1.0283975179
      
      
#  type   0  conf  1.0000
   0.3565340617  -0.0056008846  -1.0283975179
   0.0510985461  -0.0008027201  -0.8405847054
      
      
#  type   4  conf  0.0000
#  type   0  conf  1.0000
  -0.0020286484   0.0000318686  -0.8397722274
  -0.2201276123   0.0034580409  -0.9693820903
      
      
#  type   0  conf  1.0000
  -0.2201276123   0.0034580409  -0.9693820903
  -0.3128364790   0.0049144281  -1.0265623511
      
      
#  type   0  conf  1.0000
  -0.3128364790   0.0049144281  -1.0265623511
  -0.7627302374   0.0119819240  -1.3802126097
      
      
#  type   0  conf  1.0000
  -0.7627302374   0.0119819240  -1.3802126097
  -1.1582144102   0.0181946859  -1.7363784389
      
      
#  type   0  conf  1.0000
  -1.1582144102   0.0181946859  -1.7363784389
  -1.1844220490   0.0186063884  -1.7625236059
      
      
#  type   0  conf  1.0000
  -1.1844220490   0.0186063884  -1.7625236059
  -3.0527571746   0.0479565419  -3.8368217627
      
      
#  type   0  conf  1.0000
  -3.0527571746   0.0479565419  -3.8368217627
  -3.0551194194   0.0479936510  -3.9633702902
      
      
#  type   0  conf  1.0000
  -3.0551194194   0.0479936510  -3.9633702902
  -2.4710910055   0.0388189995  -4.2694370033
      
      
#  type   0  conf  1.0000
  -2.4710910055   0.0388189995  -4.2694370033
  -2.4288772966   0.0381558536  -4.2887229933
      
      
#  type   0  conf  1.0000
  -2.4288772966   0.0381558536  -4.2887229933
  -1.6281108432   0.0255764089  -4.5892573637
      
      
# 203  norm    -0.0235597648   -0.9997224302    0.0000000000
# nedges  17 
#  type   0  conf  1.0000
   1.6192833472  -0.0381605271  -4.5805631754
   2.4474944583  -0.0576784037  -4.2780159953
      
      
#  type   0  conf  1.0000
   2.4474944583  -0.0576784037  -4.2780159953
   3.0737210063  -0.0724362502  -3.9530418720
      
      
#  type   0  conf  1.0000
   3.0737210063  -0.0724362502  -3.9530418720
   3.0779707186  -0.0725364002  -3.8393708556
      
      
#  type   0  conf  1.0000
   3.0779707186  -0.0725364002  -3.8393708556
   1.2193087395  -0.0287346030  -1.7606019535
      
      
#  type   0  conf  1.0000
   1.2193087395  -0.0287346030  -1.7606019535
   1.1810222932  -0.0278323329  -1.7221477287
      
      
#  type   0  conf  1.0000
   1.1810222932  -0.0278323329  -1.7221477287
   0.7827798733  -0.0184472301  -1.3620122570
      
      
#  type   0  conf  1.0000
   0.7827798733  -0.0184472301  -1.3620122570
   0.3580787912  -0.0084385944  -1.0296786394
      
      
#  type   0  conf  1.0000
   0.3580787912  -0.0084385944  -1.0296786394
   0.0442299397  -0.0010423363  -0.8359219400
      
      
#  type   4  conf  0.0000
#  type   0  conf  1.0000
  -0.0025676027   0.0000605089  -0.8378242440
  -0.3087658543   0.0072764706  -1.0223563142
      
      
#  type   0  conf  1.0000
  -0.3087658543   0.0072764706  -1.0223563142
  -0.7633476699   0.0179892849  -1.3793128535
      
      
#  type   0  conf  1.0000
  -0.7633476699   0.0179892849  -1.3793128535
  -1.1731023148   0.0276456883  -1.7474868320
      
      
#  type   0  conf  1.0000
  -1.1731023148   0.0276456883  -1.7474868320
  -3.0368716069   0.0715678460  -3.8357624460
      
      
#  type   0  conf  1.0000
  -3.0368716069   0.0715678460  -3.8357624460
  -3.0409985576   0.0716651029  -3.9626781478
      
      
#  type   0  conf  1.0000
  -3.0409985576   0.0716651029  -3.9626781478
  -2.4541258708   0.0578346815  -4.2730354758
      
      
#  type   0  conf  1.0000
  -2.4541258708   0.0578346815  -4.2730354758
  -2.4282041587   0.0572238025  -4.2851471515
      
      
#  type   0  conf  1.0000
  -2.4282041587   0.0572238025  -4.2851471515
  -1.6203213935   0.0381849900  -4.5904240516
      
      
# 204  norm    -0.0314107591   -0.9995065604    0.0000000000
# nedges  18 
#  type   0  conf  1.0000
   1.6000263192  -0.0502828528  -4.5849303916
   2.4351272317  -0.0765269562  -4.2788986484
      
      
#  type   0  conf  1.0000
   2.4351272317  -0.0765269562  -4.2788986484
   3.0542976998  -0.0959851721  -3.9546856634
      
      
#  type   0  conf  1.0000
   3.0542976998  -0.0959851721  -3.9546856634
   3.0618231392  -0.0962216686  -3.9071725026
      
      
#  type   0  conf  1.0000
   3.0618231392  -0.0962216686  -3.9071725026
   3.0511910230  -0.0958875408  -3.8290842780
      
      
#  type   0  conf  1.0000
   3.0511910230  -0.0958875408  -3.8290842780
   1.2224795939  -0.0384179689  -1.7620642944
      
      
#  type   0  conf  1.0000
   1.2224795939  -0.0384179689  -1.7620642944
   1.1839732637  -0.0372078588  -1.7237202435
      
      
#  type   0  conf  1.0000
   1.1839732637  -0.0372078588  -1.7237202435
   0.7851559528  -0.0246745199  -1.3634644672
      
      
#  type   0  conf  1.0000
   0.7851559528  -0.0246745199  -1.3634644672
   0.3581288718  -0.0112546532  -1.0297061807
      
      
#  type   0  conf  1.0000
   0.3581288718  -0.0112546532  -1.0297061807
   0.0460005325  -0.0014456250  -0.8372021439
      
      
#  type   0  conf  1.0000
   0.0460005325  -0.0014456250  -0.8372021439
  -0.0000617151   0.0000019395  -0.8363519489
      
      
#  type   0  conf  1.0000
  -0.0000617151   0.0000019395  -0.8363519489
  -0.3093476074   0.0097216402  -1.0221126865
      
      
#  type   0  conf  1.0000
  -0.3093476074   0.0097216402  -1.0221126865
  -0.7662591961   0.0240806654  -1.3803489998
      
      
#  type   0  conf  1.0000
  -0.7662591961   0.0240806654  -1.3803489998
  -1.1754726134   0.0369407151  -1.7475875439
      
      
#  type   0  conf  1.0000
  -1.1754726134   0.0369407151  -1.7475875439
  -3.0223388832   0.0949808258  -3.8367336817
      
      
#  type   0  conf  1.0000
  -3.0223388832   0.0949808258  -3.8367336817
  -3.0258864999   0.0950923142  -3.9626506072
      
      
#  type   0  conf  1.0000
  -3.0258864999   0.0950923142  -3.9626506072
  -2.4538777582   0.0771162153  -4.2678530927
      
      
#  type   0  conf  1.0000
  -2.4538777582   0.0771162153  -4.2678530927
  -2.4143695689   0.0758746204  -4.2871731584
      
      
#  type   0  conf  1.0000
  -2.4143695689   0.0758746204  -4.2871731584
  -1.6129026896   0.0506875090  -4.5903416533
      
      
# 205  norm    -0.0392598158   -0.9992290362    0.0000000000
# nedges  18 
#  type   0  conf  1.0000
   1.6052777385  -0.0630715341  -4.5804787333
   2.4258447222  -0.0953116987  -4.2781982401
      
      
#  type   0  conf  1.0000
   2.4258447222  -0.0953116987  -4.2781982401
   3.0396926644  -0.1194298501  -3.9536360358
      
      
#  type   0  conf  1.0000
   3.0396926644  -0.1194298501  -3.9536360358
   3.0450229616  -0.1196392780  -3.8931417783
      
      
#  type   0  conf  1.0000
   3.0450229616  -0.1196392780  -3.8931417783
   3.0346282219  -0.1192308676  -3.8283004063
      
      
#  type   0  conf  1.0000
   3.0346282219  -0.1192308676  -3.8283004063
   1.2221629478  -0.0480189130  -1.7607502607
      
      
#  type   0  conf  1.0000
   1.2221629478  -0.0480189130  -1.7607502607
   1.1858837478  -0.0465934994  -1.7243504167
      
      
#  type   0  conf  1.0000
   1.1858837478  -0.0465934994  -1.7243504167
   0.7861200683  -0.0308867416  -1.3635323517
      
      
#  type   0  conf  1.0000
   0.7861200683  -0.0308867416  -1.3635323517
   0.3576356803  -0.0140515441  -1.0292583313
      
      
#  type   0  conf  1.0000
   0.3576356803  -0.0140515441  -1.0292583313
   0.0449159754  -0.0017647535  -0.8368066010
      
      
#  type   4  conf  0.0000
#  type   0  conf  1.0000
  -0.0032738139   0.0001286285  -0.8375741495
  -0.3124068986   0.0122745005  -1.0235890020
      
      
#  type   0  conf  1.0000
  -0.3124068986   0.0122745005  -1.0235890020
  -0.7710222455   0.0302935465  -1.3831289626
      
      
#  type   0  conf  1.0000
  -0.7710222455   0.0302935465  -1.3831289626
  -1.1772837477   0.0462556044  -1.7474628871
      
      
#  type   0  conf  1.0000
  -1.1772837477   0.0462556044  -1.7474628871
  -3.0059789017   0.1181052327  -3.8355315664
      
      
#  type   0  conf  1.0000
  -3.0059789017   0.1181052327  -3.8355315664
  -3.0109382591   0.1183000864  -3.9608735419
      
      
#  type   0  conf  1.0000
  -3.0109382591   0.1183000864  -3.9608735419
  -2.4646409383   0.0968360062  -4.2570189503
      
      
#  type   0  conf  1.0000
  -2.4646409383   0.0968360062  -4.2570189503
  -2.4015159815   0.0943558199  -4.2882658521
      
      
#  type   0  conf  1.0000
  -2.4015159815   0.0943558199  -4.2882658521
  -1.6058137463   0.0630925939  -4.5908597912
      
      
# 206  norm    -0.0471064507   -0.9988898750    0.0000000000
# nedges  17 
#  type   0  conf  1.0000
   1.5887824155  -0.0749250767  -4.5843373564
   2.3353443755  -0.1101320451  -4.3076533914
      
      
#  type   0  conf  1.0000
   2.3353443755  -0.1101320451  -4.3076533914
   2.4385911642  -0.1150010400  -4.2661351110
      
      
#  type   0  conf  1.0000
   2.4385911642  -0.1150010400  -4.2661351110
   3.0294089005  -0.1428632972  -3.9481854164
      
      
#  type   0  conf  1.0000
   3.0294089005  -0.1428632972  -3.9481854164
   3.0225311631  -0.1425389513  -3.8325991691
      
      
#  type   0  conf  1.0000
   3.0225311631  -0.1425389513  -3.8325991691
   1.2048261697  -0.0568181598  -1.7405115946
      
      
#  type   0  conf  1.0000
   1.2048261697  -0.0568181598  -1.7405115946
   0.7844002315  -0.0369913759  -1.3618336069
      
      
#  type   0  conf  1.0000
   0.7844002315  -0.0369913759  -1.3618336069
   0.3562723136  -0.0168013758  -1.0283825890
      
      
#  type   0  conf  1.0000
   0.3562723136  -0.0168013758  -1.0283825890
   0.0353677625  -0.0016679013  -0.8317763646
      
      
#  type   0  conf  1.0000
   0.0353677625  -0.0016679013  -0.8317763646
  -0.0253059807   0.0011933998  -0.8489405092
      
      
#  type   0  conf  1.0000
  -0.0253059807   0.0011933998  -0.8489405092
  -0.3173661184   0.0149666062  -1.0267706723
      
      
#  type   0  conf  1.0000
  -0.3173661184   0.0149666062  -1.0267706723
  -0.7698846933   0.0363068405  -1.3808057966
      
      
#  type   0  conf  1.0000
  -0.7698846933   0.0363068405  -1.3808057966
  -1.1800237629   0.0556485080  -1.7481131932
      
      
#  type   0  conf  1.0000
  -1.1800237629   0.0556485080  -1.7481131932
  -2.9909021445   0.1410473647  -3.8369656674
      
      
#  type   0  conf  1.0000
  -2.9909021445   0.1410473647  -3.8369656674
  -2.9936189568   0.1411754863  -3.9630382258
      
      
#  type   0  conf  1.0000
  -2.9936189568   0.1411754863  -3.9630382258
  -2.4261855529   0.1144160062  -4.2713566040
      
      
#  type   0  conf  1.0000
  -2.4261855529   0.1144160062  -4.2713566040
  -2.3759794791   0.1120483479  -4.2943239659
      
      
#  type   0  conf  1.0000
  -2.3759794791   0.1120483479  -4.2943239659
  -1.5996143397   0.0754358973  -4.5907219515
      
      
# 207  norm    -0.0549501799   -0.9984890975   -0.0000000000
# nedges  17 
#  type   0  conf  1.0000
   1.5879694896  -0.0873912488  -4.5828263741
   2.4036958055  -0.1322833843  -4.2783600240
      
      
#  type   0  conf  1.0000
   2.4036958055  -0.1322833843  -4.2783600240
   3.0093703941  -0.1656156737  -3.9520263901
      
      
#  type   0  conf  1.0000
   3.0093703941  -0.1656156737  -3.9520263901
   3.0098375067  -0.1656413805  -3.8365231097
      
      
#  type   0  conf  1.0000
   3.0098375067  -0.1656413805  -3.8365231097
   1.2061799773  -0.0663801006  -1.7408743319
      
      
#  type   0  conf  1.0000
   1.2061799773  -0.0663801006  -1.7408743319
   0.7850770200  -0.0432054026  -1.3620147099
      
      
#  type   0  conf  1.0000
   0.7850770200  -0.0432054026  -1.3620147099
   0.3531919796  -0.0194373307  -1.0259318435
      
      
#  type   0  conf  1.0000
   0.3531919796  -0.0194373307  -1.0259318435
   0.0387814879  -0.0021342744  -0.8352391123
      
      
#  type   4  conf  0.0000
#  type   0  conf  1.0000
  -0.0138691246   0.0007632641  -0.8445347755
  -0.3087054309   0.0169890878  -1.0195865378
      
      
#  type   0  conf  1.0000
  -0.3087054309   0.0169890878  -1.0195865378
  -0.7700648629   0.0423792337  -1.3800172209
      
      
#  type   0  conf  1.0000
  -0.7700648629   0.0423792337  -1.3800172209
  -1.1734865623   0.0645808731  -1.7405477254
      
      
#  type   0  conf  1.0000
  -1.1734865623   0.0645808731  -1.7405477254
  -1.1940736547   0.0657138494  -1.7626502671
      
      
#  type   0  conf  1.0000
  -1.1940736547   0.0657138494  -1.7626502671
  -2.9755251402   0.1637530567  -3.8367396439
      
      
#  type   0  conf  1.0000
  -2.9755251402   0.1637530567  -3.8367396439
  -2.9785962484   0.1639220700  -3.9631807156
      
      
#  type   0  conf  1.0000
  -2.9785962484   0.1639220700  -3.9631807156
  -2.4129213732   0.1327910980  -4.2730932909
      
      
#  type   0  conf  1.0000
  -2.4129213732   0.1327910980  -4.2730932909
  -2.3627987150   0.1300326812  -4.2957368691
      
      
#  type   0  conf  1.0000
  -2.3627987150   0.1300326812  -4.2957368691
  -1.5908532829   0.0875499536  -4.5922214594
      
      
# 208  norm    -0.0627905195   -0.9980267284   -0.0000000000
# nedges  18 
#  type   0  conf  1.0000
   1.5866066729  -0.0998208309  -4.5815984014
   2.3723058684  -0.1492528343  -4.2858536916
      
      
#  type   0  conf  1.0000
   2.3723058684  -0.1492528343  -4.2858536916
   2.4498746238  -0.1541330468  -4.2474732189
      
      
#  type   0  conf  1.0000
   2.4498746238  -0.1541330468  -4.2474732189
   2.9949491340  -0.1884262282  -3.9483863804
      
      
#  type   0  conf  1.0000
   2.9949491340  -0.1884262282  -3.9483863804
   2.9909354527  -0.1881737088  -3.8354838179
      
      
#  type   0  conf  1.0000
   2.9909354527  -0.1881737088  -3.8354838179
   1.2124691473  -0.0762820930  -1.7473533316
      
      
#  type   0  conf  1.0000
   1.2124691473  -0.0762820930  -1.7473533316
   1.1845923696  -0.0745282348  -1.7211414384
      
      
#  type   0  conf  1.0000
   1.1845923696  -0.0745282348  -1.7211414384
   0.7846658759  -0.0493669925  -1.3612242505
      
      
#  type   0  conf  1.0000
   0.7846658759  -0.0493669925  -1.3612242505
   0.3566610569  -0.0224392117  -1.0289139409
      
      
#  type   0  conf  1.0000
   0.3566610569  -0.0224392117  -1.0289139409
   0.0438979408  -0.0027618243  -0.8369824030
      
      
#  type   0  conf  1.0000
   0.0438979408  -0.0027618243  -0.8369824030
  -0.0031278819   0.0001967896  -0.8369401895
      
      
#  type   0  conf  1.0000
  -0.0031278819   0.0001967896  -0.8369401895
  -0.3114265608   0.0195932984  -1.0211593963
      
      
#  type   0  conf  1.0000
  -0.3114265608   0.0195932984  -1.0211593963
  -0.7692324855   0.0483960059  -1.3783134544
      
      
#  type   0  conf  1.0000
  -0.7692324855   0.0483960059  -1.3783134544
  -1.1812043047   0.0743150758  -1.7459065184
      
      
#  type   0  conf  1.0000
  -1.1812043047   0.0743150758  -1.7459065184
  -2.9569532276   0.1860357284  -3.8340813273
      
      
#  type   0  conf  1.0000
  -2.9569532276   0.1860357284  -3.8340813273
  -2.9627275140   0.1863990157  -3.9622813940
      
      
#  type   0  conf  1.0000
  -2.9627275140   0.1863990157  -3.9622813940
  -2.4115174636   0.1517198188  -4.2679539054
      
      
#  type   0  conf  1.0000
  -2.4115174636   0.1517198188  -4.2679539054
  -2.3602122858   0.1484919706  -4.2927714553
      
      
#  type   0  conf  1.0000
  -2.3602122858   0.1484919706  -4.2927714553
  -1.5851081483   0.0997265517  -4.5924885182
      
      
# 209  norm    -0.0706269859   -0.9975027964   -0.0000000000
# nedges  17 
#  type   0  conf  1.0000
   1.5849712000  -0.1122219798  -4.5808119437
   2.3805416676  -0.1685513900  -4.2783985693
      
      
#  type   0  conf  1.0000
   2.3805416676  -0.1685513900  -4.2783985693
   2.9771915238  -0.2107964656  -3.9503247097
      
      
#  type   0  conf  1.0000
   2.9771915238  -0.2107964656  -3.9503247097
   2.9736233586  -0.2105438259  -3.8349507177
      
      
#  type   0  conf  1.0000
   2.9736233586  -0.2105438259  -3.8349507177
   1.2148122212  -0.0860133184  -1.7497266515
      
      
#  type   0  conf  1.0000
   1.2148122212  -0.0860133184  -1.7497266515
   1.1884194049  -0.0841446068  -1.7236925140
      
      
#  type   0  conf  1.0000
   1.1884194049  -0.0841446068  -1.7236925140
   0.7832553022  -0.0554574498  -1.3600569171
      
      
#  type   0  conf  1.0000
   0.7832553022  -0.0554574498  -1.3600569171
   0.3561534425  -0.0252170162  -1.0286546251
      
      
#  type   0  conf  1.0000
   0.3561534425  -0.0252170162  -1.0286546251
   0.0376339658  -0.0026646277  -0.8338422918
      
      
#  type   0  conf  1.0000
   0.0376339658  -0.0026646277  -0.8338422918
  -0.0120867735   0.0008557895  -0.8415395207
      
      
#  type   0  conf  1.0000
  -0.0120867735   0.0008557895  -0.8415395207
  -0.3144708118   0.0222657277  -1.0226152118
      
      
#  type   0  conf  1.0000
  -0.3144708118   0.0222657277  -1.0226152118
  -0.7761071719   0.0549513350  -1.3830013031
      
      
#  type   0  conf  1.0000
  -0.7761071719   0.0549513350  -1.3830013031
  -1.1840629894   0.0838361560  -1.7475759696
      
      
#  type   0  conf  1.0000
  -1.1840629894   0.0838361560  -1.7475759696
  -2.9406739911   0.2082108856  -3.8340011095
      
      
#  type   0  conf  1.0000
  -2.9406739911   0.2082108856  -3.8340011095
  -2.9461860504   0.2086011603  -3.9624862108
      
      
#  type   0  conf  1.0000
  -2.9461860504   0.2086011603  -3.9624862108
  -2.3773078440   0.1683224230  -4.2807622203
      
      
#  type   0  conf  1.0000
  -2.3773078440   0.1683224230  -4.2807622203
  -2.2541536019   0.1596026350  -4.3299724930
      
      
#  type   0  conf  1.0000
  -2.2541536019   0.1596026350  -4.3299724930
  -1.5794112110   0.1118283114  -4.5933723455
      
      
# 210  norm    -0.0784590957   -0.9969173337   -0.0000000000
# nedges  18 
#  type   0  conf  1.0000
   1.5843217202  -0.1246888235  -4.5795969300
   2.3690857853  -0.1864510949  -4.2782059314
      
      
#  type   0  conf  1.0000
   2.3690857853  -0.1864510949  -4.2782059314
   2.9526474423  -0.2323783934  -3.9546121322
      
      
#  type   0  conf  1.0000
   2.9526474423  -0.2323783934  -3.9546121322
   2.9591981680  -0.2328939467  -3.9190755335
      
      
#  type   0  conf  1.0000
   2.9591981680  -0.2328939467  -3.9190755335
   2.9494994001  -0.2321306371  -3.8291821290
      
      
#  type   0  conf  1.0000
   2.9494994001  -0.2321306371  -3.8291821290
   1.2215641183  -0.0961391811  -1.7562565471
      
      
#  type   0  conf  1.0000
   1.2215641183  -0.0961391811  -1.7562565471
   1.1831839274  -0.0931185946  -1.7188577095
      
      
#  type   0  conf  1.0000
   1.1831839274  -0.0931185946  -1.7188577095
   0.7848499641  -0.0617690318  -1.3609806522
      
      
#  type   0  conf  1.0000
   0.7848499641  -0.0617690318  -1.3609806522
   0.3549744141  -0.0279370923  -1.0278759447
      
      
#  type   0  conf  1.0000
   0.3549744141  -0.0279370923  -1.0278759447
   0.0367859781  -0.0028951193  -0.8336573784
      
      
#  type   0  conf  1.0000
   0.0367859781  -0.0028951193  -0.8336573784
  -0.0143990647   0.0011332310  -0.8423733771
      
      
#  type   0  conf  1.0000
  -0.0143990647   0.0011332310  -0.8423733771
  -0.3170162257   0.0249497181  -1.0240755679
      
      
#  type   0  conf  1.0000
  -0.3170162257   0.0249497181  -1.0240755679
  -0.7732449525   0.0608556976  -1.3798271347
      
      
#  type   0  conf  1.0000
  -0.7732449525   0.0608556976  -1.3798271347
  -1.1852737309   0.0932830657  -1.7473184967
      
      
#  type   0  conf  1.0000
  -1.1852737309   0.0932830657  -1.7473184967
  -2.9251301911   0.2302127387  -3.8351052711
      
      
#  type   0  conf  1.0000
  -2.9251301911   0.2302127387  -3.8351052711
  -2.9295628779   0.2305615987  -3.9624539052
      
      
#  type   0  conf  1.0000
  -2.9295628779   0.2305615987  -3.9624539052
  -2.3870178909   0.1878623822  -4.2692310643
      
      
#  type   0  conf  1.0000
  -2.3870178909   0.1878623822  -4.2692310643
  -2.3313765194   0.1834833113  -4.2958822443
      
      
#  type   0  conf  1.0000
  -2.3313765194   0.1834833113  -4.2958822443
  -1.5751931780   0.1239703917  -4.5933070920
      
      
# 211  norm    -0.0862863658   -0.9962703765    0.0000000000
# nedges  16 
#  type   0  conf  1.0000
   1.5705126538  -0.1360211370  -4.5835635002
   2.3545857525  -0.2039292268  -4.2788737145
      
      
#  type   0  conf  1.0000
   2.3545857525  -0.2039292268  -4.2788737145
   2.9382034230  -0.2544759950  -3.9520108285
      
      
#  type   0  conf  1.0000
   2.9382034230  -0.2544759950  -3.9520108285
   2.9380599023  -0.2544635648  -3.8352318029
      
      
#  type   0  conf  1.0000
   2.9380599023  -0.2544635648  -3.8352318029
   1.2076683986  -0.1045954187  -1.7402763419
      
      
#  type   0  conf  1.0000
   1.2076683986  -0.1045954187  -1.7402763419
   0.7836103454  -0.0678680110  -1.3599833325
      
      
#  type   0  conf  1.0000
   0.7836103454  -0.0678680110  -1.3599833325
   0.3534920291  -0.0306157277  -1.0269985894
      
      
#  type   0  conf  1.0000
   0.3534920291  -0.0306157277  -1.0269985894
   0.0354014629  -0.0030660990  -0.8332788784
      
      
#  type   0  conf  1.0000
   0.0354014629  -0.0030660990  -0.8332788784
  -0.0150151520   0.0013004531  -0.8425451156
      
      
#  type   0  conf  1.0000
  -0.0150151520   0.0013004531  -0.8425451156
  -0.3165260245   0.0274141247  -1.0231957268
      
      
#  type   0  conf  1.0000
  -0.3165260245   0.0274141247  -1.0231957268
  -0.7726591089   0.0669195312  -1.3784205533
      
      
#  type   0  conf  1.0000
  -0.7726591089   0.0669195312  -1.3784205533
  -1.1874839932   0.1028472598  -1.7481231122
      
      
#  type   0  conf  1.0000
  -1.1874839932   0.1028472598  -1.7481231122
  -2.9086144435   0.2519133116  -3.8366096091
      
      
#  type   0  conf  1.0000
  -2.9086144435   0.2519133116  -3.8366096091
  -2.9108378893   0.2521058829  -3.9631984567
      
      
#  type   0  conf  1.0000
  -2.9108378893   0.2521058829  -3.9631984567
  -2.3562997439   0.2040776745  -4.2797410613
      
      
#  type   0  conf  1.0000
  -2.3562997439   0.2040776745  -4.2797410613
  -2.2395409404   0.1939652662  -4.3277608337
      
      
#  type   0  conf  1.0000
  -2.2395409404   0.1939652662  -4.3277608337
  -1.5725319712   0.1361960288  -4.5933964290
      
      
# 212  norm    -0.0941083133   -0.9955619646   -0.0000000000
# nedges  18 
#  type   0  conf  1.0000
   1.5698759824  -0.1483969718  -4.5831614276
   2.3446724047  -0.2216367972  -4.2773046296
      
      
#  type   0  conf  1.0000
   2.3446724047  -0.2216367972  -4.2773046296
   2.9188644416  -0.2759139252  -3.9520727636
      
      
#  type   0  conf  1.0000
   2.9188644416  -0.2759139252  -3.9520727636
   2.9230206692  -0.2763068044  -3.8415726763
      
      
#  type   0  conf  1.0000
   2.9230206692  -0.2763068044  -3.8415726763
   1.2358181073  -0.1168192054  -1.7733911632
      
      
#  type   0  conf  1.0000
   1.2358181073  -0.1168192054  -1.7733911632
   1.1945463415  -0.1129178749  -1.7283767184
      
      
#  type   0  conf  1.0000
   1.1945463415  -0.1129178749  -1.7283767184
   0.7838849804  -0.0740989471  -1.3603480303
      
      
#  type   0  conf  1.0000
   0.7838849804  -0.0740989471  -1.3603480303
   0.3544839756  -0.0335086014  -1.0279003706
      
      
#  type   0  conf  1.0000
   0.3544839756  -0.0335086014  -1.0279003706
   0.0324312389  -0.0030656547  -0.8316640923
      
      
#  type   0  conf  1.0000
   0.0324312389  -0.0030656547  -0.8316640923
  -0.0311043543   0.0029402272  -0.8509135905
      
      
#  type   0  conf  1.0000
  -0.0311043543   0.0029402272  -0.8509135905
  -0.3190861102   0.0301625180  -1.0246335843
      
      
#  type   0  conf  1.0000
  -0.3190861102   0.0301625180  -1.0246335843
  -0.7712975941   0.0729090888  -1.3767176712
      
      
#  type   0  conf  1.0000
  -0.7712975941   0.0729090888  -1.3767176712
  -1.1756649798   0.1111330607  -1.7366234578
      
      
#  type   0  conf  1.0000
  -1.1756649798   0.1111330607  -1.7366234578
  -1.2006820587   0.1134978709  -1.7621947534
      
      
#  type   0  conf  1.0000
  -1.2006820587   0.1134978709  -1.7621947534
  -2.8890457580   0.2730952297  -3.8348825471
      
      
#  type   0  conf  1.0000
  -2.8890457580   0.2730952297  -3.8348825471
  -2.8941945643   0.2735819352  -3.9612370921
      
      
#  type   0  conf  1.0000
  -2.8941945643   0.2735819352  -3.9612370921
  -2.3852866384   0.2254759727  -4.2562260553
      
      
#  type   0  conf  1.0000
  -2.3852866384   0.2254759727  -4.2562260553
  -2.3152920445   0.2188595355  -4.2927880493
      
      
#  type   0  conf  1.0000
  -2.3152920445   0.2188595355  -4.2927880493
  -1.5715471550   0.1485549442  -4.5929212259
      
      
# 213  norm    -0.1019244558   -0.9947921418    0.0000000000
# nedges  18 
#  type   0  conf  1.0000
   1.5666828100  -0.1605192543  -4.5833452961
   2.3349692821  -0.2392363825  -4.2756037062
      
      
#  type   0  conf  1.0000
   2.3349692821  -0.2392363825  -4.2756037062
   2.9008957389  -0.2972200997  -3.9511393124
      
      
#  type   0  conf  1.0000
   2.9008957389  -0.2972200997  -3.9511393124
   2.8985167241  -0.2969763504  -3.8338483210
      
      
#  type   0  conf  1.0000
   2.8985167241  -0.2969763504  -3.8338483210
   1.2265304029  -0.1256679045  -1.7619860318
      
      
#  type   0  conf  1.0000
   1.2265304029  -0.1256679045  -1.7619860318
   1.1951594098  -0.1224536939  -1.7289499607
      
      
#  type   0  conf  1.0000
   1.1951594098  -0.1224536939  -1.7289499607
   0.7826316856  -0.0801869107  -1.3593879080
      
      
#  type   0  conf  1.0000
   0.7826316856  -0.0801869107  -1.3593879080
   0.3545887470  -0.0363304690  -1.0283684465
      
      
#  type   0  conf  1.0000
   0.3545887470  -0.0363304690  -1.0283684465
   0.0368855957  -0.0037792259  -0.8345474177
      
      
#  type   4  conf  0.0000
#  type   0  conf  1.0000
  -0.0117311585   0.0012019515  -0.8403471233
  -0.3175605386   0.0325366312  -1.0227500642
      
      
#  type   0  conf  1.0000
  -0.3175605386   0.0325366312  -1.0227500642
  -0.7770331083   0.0796132914  -1.3807371360
      
      
#  type   0  conf  1.0000
  -0.7770331083   0.0796132914  -1.3807371360
  -1.1811103305   0.1210142527  -1.7408964816
      
      
#  type   0  conf  1.0000
  -1.1811103305   0.1210142527  -1.7408964816
  -1.2217867754   0.1251818817  -1.7865623867
      
      
#  type   0  conf  1.0000
  -1.2217867754   0.1251818817  -1.7865623867
  -2.8708108481   0.2941376606  -3.8348835941
      
      
#  type   0  conf  1.0000
  -2.8708108481   0.2941376606  -3.8348835941
  -2.8746506806   0.2945310823  -3.9623862593
      
      
#  type   0  conf  1.0000
  -2.8746506806   0.2945310823  -3.9623862593
  -2.3386723269   0.2396157893  -4.2757481152
      
      
#  type   0  conf  1.0000
  -2.3386723269   0.2396157893  -4.2757481152
  -2.2612655610   0.2316848435  -4.3096989241
      
      
#  type   0  conf  1.0000
  -2.2612655610   0.2316848435  -4.3096989241
  -1.5702094695   0.1608805890  -4.5926630062
      
      
# 214  norm    -0.1097343111   -0.9939609555    0.0000000000
# nedges  16 
#  type   0  conf  1.0000
   1.5667426029  -0.1729699937  -4.5824960268
   2.2980225167  -0.2537040478  -4.2849785540
      
      
#  type   0  conf  1.0000
   2.2980225167  -0.2537040478  -4.2849785540
   2.3575772032  -0.2602789464  -4.2547924276
      
      
#  type   0  conf  1.0000
   2.3575772032  -0.2602789464  -4.2547924276
   2.8824829148  -0.3182290765  -3.9491232719
      
      
#  type   0  conf  1.0000
   2.8824829148  -0.3182290765  -3.9491232719
   2.8774974581  -0.3176786769  -3.8320657685
      
      
#  type   0  conf  1.0000
   2.8774974581  -0.3176786769  -3.8320657685
   1.2152307756  -0.1341627267  -1.7472703170
      
      
#  type   0  conf  1.0000
   1.2152307756  -0.1341627267  -1.7472703170
   0.7843839217  -0.0865967912  -1.3610489675
      
      
#  type   0  conf  1.0000
   0.7843839217  -0.0865967912  -1.3610489675
   0.3526708864  -0.0389352283  -1.0272436335
      
      
#  type   0  conf  1.0000
   0.3526708864  -0.0389352283  -1.0272436335
   0.0348512822  -0.0038476174  -0.8337995780
      
      
#  type   0  conf  1.0000
   0.0348512822  -0.0038476174  -0.8337995780
  -0.0151935392   0.0016773823  -0.8417946054
      
      
#  type   0  conf  1.0000
  -0.0151935392   0.0016773823  -0.8417946054
  -0.3188303643   0.0351991999  -1.0233210724
      
      
#  type   0  conf  1.0000
  -0.3188303643   0.0351991999  -1.0233210724
  -0.7769247562   0.0857732916  -1.3798616846
      
      
#  type   0  conf  1.0000
  -0.7769247562   0.0857732916  -1.3798616846
  -1.1991779868   0.1323904823  -1.7562214010
      
      
#  type   0  conf  1.0000
  -1.1991779868   0.1323904823  -1.7562214010
  -2.8514924420   0.3148076964  -3.8338091045
      
      
#  type   0  conf  1.0000
  -2.8514924420   0.3148076964  -3.8338091045
  -2.8564569788   0.3153557864  -3.9617219195
      
      
#  type   0  conf  1.0000
  -2.8564569788   0.3153557864  -3.9617219195
  -2.3126668766   0.2553208002  -4.2835927310
      
      
#  type   0  conf  1.0000
  -2.3126668766   0.2553208002  -4.2835927310
  -1.5768375529   0.1740844865  -4.5889212780
      
      
# 215  norm    -0.1175373975   -0.9930684570    0.0000000000
# nedges  16 
#  type   0  conf  1.0000
   1.5653676953  -0.1852734760  -4.5825560025
   2.3068980674  -0.2730393793  -4.2760225149
      
      
#  type   0  conf  1.0000
   2.3068980674  -0.2730393793  -4.2760225149
   2.8602427691  -0.3385320406  -3.9530536887
      
      
#  type   0  conf  1.0000
   2.8602427691  -0.3385320406  -3.9530536887
   2.8641117059  -0.3389899594  -3.8388511216
      
      
#  type   0  conf  1.0000
   2.8641117059  -0.3389899594  -3.8388511216
   1.3591030792  -0.1608604499  -1.9285502033
      
      
#  type   0  conf  1.0000
   1.3591030792  -0.1608604499  -1.9285502033
   1.2047878796  -0.1425960425  -1.7383403979
      
      
#  type   0  conf  1.0000
   1.2047878796  -0.1425960425  -1.7383403979
   0.7849387321  -0.0929036212  -1.3616828566
      
      
#  type   0  conf  1.0000
   0.7849387321  -0.0929036212  -1.3616828566
   0.3536434710  -0.0418564631  -1.0282397318
      
      
#  type   0  conf  1.0000
   0.3536434710  -0.0418564631  -1.0282397318
   0.0325617937  -0.0038539423  -0.8323382374
      
      
#  type   0  conf  1.0000
   0.0325617937  -0.0038539423  -0.8323382374
  -0.0268945711   0.0031831823  -0.8478742408
      
      
#  type   0  conf  1.0000
  -0.0268945711   0.0031831823  -0.8478742408
  -0.3194047209   0.0378040400  -1.0237399815
      
      
#  type   0  conf  1.0000
  -0.3194047209   0.0378040400  -1.0237399815
  -0.7770088910   0.0919650626  -1.3797448432
      
      
#  type   0  conf  1.0000
  -0.7770088910   0.0919650626  -1.3797448432
  -1.2028705332   0.1423691096  -1.7589906581
      
      
#  type   0  conf  1.0000
  -1.2028705332   0.1423691096  -1.7589906581
  -2.8346972515   0.3355085293  -3.8346499877
      
      
#  type   0  conf  1.0000
  -2.8346972515   0.3355085293  -3.8346499877
  -2.8379637266   0.3358951421  -3.9627233873
      
      
#  type   0  conf  1.0000
  -2.8379637266   0.3358951421  -3.9627233873
  -2.2999552210   0.2722176392  -4.2836509884
      
      
#  type   0  conf  1.0000
  -2.2999552210   0.2722176392  -4.2836509884
  -1.5769620242   0.1866457553  -4.5884281162
      
      
# 216  norm    -0.1253332336   -0.9921147013    0.0000000000
# nedges  16 
#  type   0  conf  1.0000
   1.5735124351  -0.1987808479  -4.5781825544
   2.2945015097  -0.2898629496  -4.2751699451
      
      
#  type   0  conf  1.0000
   2.2945015097  -0.2898629496  -4.2751699451
   2.8398168278  -0.3587522948  -3.9531436216
      
      
#  type   0  conf  1.0000
   2.8398168278  -0.3587522948  -3.9531436216
   2.8421661902  -0.3590490883  -3.8363012973
      
      
#  type   0  conf  1.0000
   2.8421661902  -0.3590490883  -3.8363012973
   1.3882471790  -0.1753764032  -1.9672870101
      
      
#  type   0  conf  1.0000
   1.3882471790  -0.1753764032  -1.9672870101
   1.2040505295  -0.1521069550  -1.7379733516
      
      
#  type   0  conf  1.0000
   1.2040505295  -0.1521069550  -1.7379733516
   0.7825661404  -0.0988610941  -1.3604228841
      
      
#  type   0  conf  1.0000
   0.7825661404  -0.0988610941  -1.3604228841
   0.3552815490  -0.0448824973  -1.0297487818
      
      
#  type   0  conf  1.0000
   0.3552815490  -0.0448824973  -1.0297487818
   0.0355690596  -0.0044934172  -0.8343766753
      
      
#  type   0  conf  1.0000
   0.0355690596  -0.0044934172  -0.8343766753
  -0.0139719625   0.0017650693  -0.8407343523
      
      
#  type   0  conf  1.0000
  -0.0139719625   0.0017650693  -0.8407343523
  -0.3184171657   0.0402254426  -1.0223678484
      
      
#  type   0  conf  1.0000
  -0.3184171657   0.0402254426  -1.0223678484
  -0.7805691393   0.0986088142  -1.3820891675
      
      
#  type   0  conf  1.0000
  -0.7805691393   0.0986088142  -1.3820891675
  -1.2088602592   0.1527145652  -1.7641601704
      
      
#  type   0  conf  1.0000
  -1.2088602592   0.1527145652  -1.7641601704
  -2.8139342227   0.3554825613  -3.8322797122
      
      
#  type   0  conf  1.0000
  -2.8139342227   0.3554825613  -3.8322797122
  -2.8199622328   0.3562440761  -3.9617641219
      
      
#  type   0  conf  1.0000
  -2.8199622328   0.3562440761  -3.9617641219
  -2.2904752795   0.2893543184  -4.2818596274
      
      
#  type   0  conf  1.0000
  -2.2904752795   0.2893543184  -4.2818596274
  -1.5767976792   0.1991958707  -4.5884209238
      
      
# 217  norm    -0.1331213385   -0.9910997474   -0.0000000000
# nedges  16 
#  type   0  conf  1.0000
   1.5618667775  -0.2097849349  -4.5824532017
   2.2820753538  -0.3065210404  -4.2745180210
      
      
#  type   0  conf  1.0000
   2.2820753538  -0.3065210404  -4.2745180210
   2.8186401969  -0.3785907088  -3.9534782253
      
      
#  type   0  conf  1.0000
   2.8186401969  -0.3785907088  -3.9534782253
   2.8230916657  -0.3791886158  -3.9001295241
      
      
#  type   0  conf  1.0000
   2.8230916657  -0.3791886158  -3.9001295241
   2.8151483073  -0.3781216894  -3.8254361025
      
      
#  type   0  conf  1.0000
   2.8151483073  -0.3781216894  -3.8254361025
   1.2257277847  -0.1646358238  -1.7576880552
      
      
#  type   0  conf  1.0000
   1.2257277847  -0.1646358238  -1.7576880552
   0.7836442353  -0.1052565797  -1.3617008416
      
      
#  type   0  conf  1.0000
   0.7836442353  -0.1052565797  -1.3617008416
   0.3548430878  -0.0476613852  -1.0298919979
      
      
#  type   0  conf  1.0000
   0.3548430878  -0.0476613852  -1.0298919979
   0.0347976923  -0.0046739144  -0.8344368418
      
      
#  type   0  conf  1.0000
   0.0347976923  -0.0046739144  -0.8344368418
  -0.0147088394   0.0019756441  -0.8409079984
      
      
#  type   0  conf  1.0000
  -0.0147088394   0.0019756441  -0.8409079984
  -0.3191073540   0.0428614761  -1.0226401270
      
      
#  type   0  conf  1.0000
  -0.3191073540   0.0428614761  -1.0226401270
  -0.7749977195   0.1040952074  -1.3774825035
      
      
#  type   0  conf  1.0000
  -0.7749977195   0.1040952074  -1.3774825035
  -1.2124820491   0.1628566991  -1.7667602630
      
      
#  type   0  conf  1.0000
  -1.2124820491   0.1628566991  -1.7667602630
  -2.7951749176   0.3754389278  -3.8320322861
      
      
#  type   0  conf  1.0000
  -2.7951749176   0.3754389278  -3.8320322861
  -2.7998103052   0.3760615381  -3.9622779590
      
      
#  type   0  conf  1.0000
  -2.7998103052   0.3760615381  -3.9622779590
  -2.2791118025   0.3061229857  -4.2810004221
      
      
#  type   0  conf  1.0000
  -2.2791118025   0.3061229857  -4.2810004221
  -1.5767319538   0.2117815777  -4.5883169374
      
      
# 218  norm    -0.1409012319   -0.9900236577    0.0000000000
# nedges  19 
#  type   0  conf  1.0000
   1.5695937594  -0.2233862723  -4.5785727000
   2.2711784490  -0.3232365600  -4.2726090913
      
      
#  type   0  conf  1.0000
   2.2711784490  -0.3232365600  -4.2726090913
   2.7990740732  -0.3983672331  -3.9538371078
      
      
#  type   0  conf  1.0000
   2.7990740732  -0.3983672331  -3.9538371078
   2.8028123583  -0.3988992698  -3.8932160913
      
      
#  type   0  conf  1.0000
   2.8028123583  -0.3988992698  -3.8932160913
   2.7939509390  -0.3976381031  -3.8281249139
      
      
#  type   0  conf  1.0000
   2.7939509390  -0.3976381031  -3.8281249139
   1.6243192297  -0.2311748601  -2.2779259819
      
      
#  type   0  conf  1.0000
   1.6243192297  -0.2311748601  -2.2779259819
   1.4556071561  -0.2071635763  -2.0577203718
      
      
#  type   0  conf  1.0000
   1.4556071561  -0.2071635763  -2.0577203718
   1.2070134242  -0.1717834489  -1.7416601419
      
      
#  type   0  conf  1.0000
   1.2070134242  -0.1717834489  -1.7416601419
   0.7837973652  -0.1115508841  -1.3622315497
      
      
#  type   0  conf  1.0000
   0.7837973652  -0.1115508841  -1.3622315497
   0.3545270020  -0.0504566643  -1.0299899070
      
      
#  type   0  conf  1.0000
   0.3545270020  -0.0504566643  -1.0299899070
   0.0341611132  -0.0048618464  -0.8341519768
      
      
#  type   0  conf  1.0000
   0.0341611132  -0.0048618464  -0.8341519768
  -0.0152280002   0.0021672654  -0.8411738650
      
      
#  type   0  conf  1.0000
  -0.0152280002   0.0021672654  -0.8411738650
  -0.3192757222   0.0454396642  -1.0223755068
      
      
#  type   0  conf  1.0000
  -0.3192757222   0.0454396642  -1.0223755068
  -0.7779681857   0.1107212691  -1.3796880230
      
      
#  type   0  conf  1.0000
  -0.7779681857   0.1107212691  -1.3796880230
  -1.2180223532   0.1733502515  -1.7716138861
      
      
#  type   0  conf  1.0000
  -1.2180223532   0.1733502515  -1.7716138861
  -2.7757363080   0.3950457772  -3.8314722104
      
      
#  type   0  conf  1.0000
  -2.7757363080   0.3950457772  -3.8314722104
  -2.7813345826   0.3958425297  -3.9618220133
      
      
#  type   0  conf  1.0000
  -2.7813345826   0.3958425297  -3.9618220133
  -2.4049060430   0.3422688150  -4.1948257630
      
      
#  type   0  conf  1.0000
  -2.4049060430   0.3422688150  -4.1948257630
  -2.2611439677   0.3218084418  -4.2826205082
      
      
#  type   0  conf  1.0000
  -2.2611439677   0.3218084418  -4.2826205082
  -1.5698463321   0.2234222187  -4.5917329513
      
      
# 219  norm    -0.1486724339   -0.9888864987    0.0000000000
# nedges  19 
#  type   0  conf  1.0000
   1.5671086532  -0.2356042457  -4.5786513956
   2.2580768438  -0.3394866658  -4.2716589808
      
      
#  type   0  conf  1.0000
   2.2580768438  -0.3394866658  -4.2716589808
   2.7790340711  -0.4178090810  -3.9526266758
      
      
#  type   0  conf  1.0000
   2.7790340711  -0.4178090810  -3.9526266758
   2.7803779584  -0.4180111254  -3.8376933115
      
      
#  type   0  conf  1.0000
   2.7803779584  -0.4180111254  -3.8376933115
   1.4952556828  -0.2248016349  -2.1095167661
      
      
#  type   3  conf  0.0000
#  type   0  conf  1.0000
   1.4847576563  -0.2232233272  -2.0967289916
   1.2054931589  -0.1812377884  -1.7410824943
      
      
#  type   0  conf  1.0000
   1.2054931589  -0.1812377884  -1.7410824943
   0.7799123788  -0.1172545805  -1.3596871474
      
      
#  type   0  conf  1.0000
   0.7799123788  -0.1172545805  -1.3596871474
   0.3539440201  -0.0532131028  -1.0300349112
      
      
#  type   0  conf  1.0000
   0.3539440201  -0.0532131028  -1.0300349112
   0.0337895455  -0.0050800309  -0.8341884585
      
      
#  type   0  conf  1.0000
   0.0337895455  -0.0050800309  -0.8341884585
  -0.0156840307   0.0023579885  -0.8412599323
      
      
#  type   0  conf  1.0000
  -0.0156840307   0.0023579885  -0.8412599323
  -0.3183456268   0.0478611238  -1.0213870004
      
      
#  type   0  conf  1.0000
  -0.3183456268   0.0478611238  -1.0213870004
  -0.7811754704   0.1174444778  -1.3820252752
      
      
#  type   0  conf  1.0000
  -0.7811754704   0.1174444778  -1.3820252752
  -1.1907039088   0.1790143241  -1.7475202435
      
      
#  type   0  conf  1.0000
  -1.1907039088   0.1790143241  -1.7475202435
  -1.4638696526   0.2200829564  -2.0933861324
      
      
#  type   0  conf  1.0000
  -1.4638696526   0.2200829564  -2.0933861324
  -2.7563982132   0.4144059320  -3.8356752206
      
      
#  type   0  conf  1.0000
  -2.7563982132   0.4144059320  -3.8356752206
  -2.7603372333   0.4149981372  -3.9623984121
      
      
#  type   0  conf  1.0000
  -2.7603372333   0.4149981372  -3.9623984121
  -2.2703170048   0.3413268917  -4.2690478233
      
      
#  type   0  conf  1.0000
  -2.2703170048   0.3413268917  -4.2690478233
  -2.2358640097   0.3361471156  -4.2876592790
      
      
#  type   0  conf  1.0000
  -2.2358640097   0.3361471156  -4.2876592790
  -1.5697485681   0.2360011392  -4.5916237541
      
      
# 220  norm    -0.1564344650   -0.9876883406    0.0000000000
# nedges  18 
#  type   0  conf  1.0000
   1.5568287747  -0.2465774542  -4.5823470184
   2.2400498125  -0.3547890358  -4.2729898125
      
      
#  type   0  conf  1.0000
   2.2400498125  -0.3547890358  -4.2729898125
   2.7570142662  -0.4366681615  -3.9530386581
      
      
#  type   0  conf  1.0000
   2.7570142662  -0.4366681615  -3.9530386581
   2.7582217720  -0.4368594116  -3.8367144915
      
      
#  type   0  conf  1.0000
   2.7582217720  -0.4368594116  -3.8367144915
   1.4902038522  -0.2360251031  -2.1052676126
      
      
#  type   0  conf  1.0000
   1.4902038522  -0.2360251031  -2.1052676126
   1.2029347958  -0.1905261544  -1.7397073202
      
      
#  type   0  conf  1.0000
   1.2029347958  -0.1905261544  -1.7397073202
   0.7806378912  -0.1236408955  -1.3607883124
      
      
#  type   0  conf  1.0000
   0.7806378912  -0.1236408955  -1.3607883124
   0.3515824086  -0.0556851830  -1.0288479065
      
      
#  type   0  conf  1.0000
   0.3515824086  -0.0556851830  -1.0288479065
   0.0333145795  -0.0052765110  -0.8343024997
      
      
#  type   0  conf  1.0000
   0.0333145795  -0.0052765110  -0.8343024997
  -0.0137223273   0.0021734031  -0.8396969746
      
      
#  type   0  conf  1.0000
  -0.0137223273   0.0021734031  -0.8396969746
  -0.3191906263   0.0505548287  -1.0217336380
      
      
#  type   0  conf  1.0000
  -0.3191906263   0.0505548287  -1.0217336380
  -0.7808857803   0.1236801573  -1.3817844483
      
      
#  type   0  conf  1.0000
  -0.7808857803   0.1236801573  -1.3817844483
  -1.1905185835   0.1885596195  -1.7476471372
      
      
#  type   0  conf  1.0000
  -1.1905185835   0.1885596195  -1.7476471372
  -1.4617167901   0.2315131957  -2.0912718363
      
      
#  type   0  conf  1.0000
  -1.4617167901   0.2315131957  -2.0912718363
  -2.7348644203   0.4331599706  -3.8348023727
      
      
#  type   0  conf  1.0000
  -2.7348644203   0.4331599706  -3.8348023727
  -2.7396144022   0.4339122938  -3.9618887181
      
      
#  type   0  conf  1.0000
  -2.7396144022   0.4339122938  -3.9618887181
  -2.2716157905   0.3597885956  -4.2593803400
      
      
#  type   0  conf  1.0000
  -2.2716157905   0.3597885956  -4.2593803400
  -2.2328516176   0.3536489538  -4.2823573113
      
      
#  type   0  conf  1.0000
  -2.2328516176   0.3536489538  -4.2823573113
  -1.5694982920   0.2485841086  -4.5916785712
      
      
# 221  norm    -0.1641868466   -0.9864292572    0.0000000000
# nedges  18 
#  type   0  conf  1.0000
   1.5631126095  -0.2601732748  -4.5785991440
   2.2290966950  -0.3710234205  -4.2708059631
      
      
#  type   0  conf  1.0000
   2.2290966950  -0.3710234205  -4.2708059631
   2.7381392395  -0.4557513313  -3.9502042320
      
      
#  type   0  conf  1.0000
   2.7381392395  -0.4557513313  -3.9502042320
   2.7332201043  -0.4549325627  -3.8324997019
      
      
#  type   0  conf  1.0000
   2.7332201043  -0.4549325627  -3.8324997019
   1.4882808716  -0.2477178585  -2.1047411951
      
      
#  type   0  conf  1.0000
   1.4882808716  -0.2477178585  -2.1047411951
   1.2018259278  -0.2000386827  -1.7397006646
      
      
#  type   0  conf  1.0000
   1.2018259278  -0.2000386827  -1.7397006646
   0.7796733228  -0.1297732233  -1.3608393365
      
      
#  type   0  conf  1.0000
   0.7796733228  -0.1297732233  -1.3608393365
   0.3508254803  -0.0583933707  -1.0287753614
      
      
#  type   0  conf  1.0000
   0.3508254803  -0.0583933707  -1.0287753614
   0.0332785897  -0.0055390761  -0.8344303747
      
      
#  type   0  conf  1.0000
   0.0332785897  -0.0055390761  -0.8344303747
  -0.0158306884   0.0026349490  -0.8407187975
      
      
#  type   0  conf  1.0000
  -0.0158306884   0.0026349490  -0.8407187975
  -0.3194896612   0.0531776603  -1.0217970079
      
      
#  type   0  conf  1.0000
  -0.3194896612   0.0531776603  -1.0217970079
  -0.7782455484   0.1295355764  -1.3796223647
      
      
#  type   0  conf  1.0000
  -0.7782455484   0.1295355764  -1.3796223647
  -1.1881753040   0.1977665959  -1.7458707089
      
      
#  type   0  conf  1.0000
  -1.1881753040   0.1977665959  -1.7458707089
  -1.4588478484   0.2428188602  -2.0879880997
      
      
#  type   0  conf  1.0000
  -1.4588478484   0.2428188602  -2.0879880997
  -2.7162088411   0.4521011122  -3.8384884442
      
      
#  type   0  conf  1.0000
  -2.7162088411   0.4521011122  -3.8384884442
  -2.7160323147   0.4520717301  -3.9642359610
      
      
#  type   0  conf  1.0000
  -2.7160323147   0.4520717301  -3.9642359610
  -2.2565362838   0.3755906203  -4.2592075536
      
      
#  type   0  conf  1.0000
  -2.2565362838   0.3755906203  -4.2592075536
  -2.2192232816   0.3693800339  -4.2818167053
      
      
#  type   0  conf  1.0000
  -2.2192232816   0.3693800339  -4.2818167053
  -1.5692671736   0.2611976751  -4.5914372457
      
      
# 222  norm    -0.1719291003   -0.9851093262   -0.0000000000
# nedges  20 
#  type   0  conf  1.0000
   1.5602558897  -0.2723082446  -4.5786638556
   2.1937111502  -0.3828638856  -4.2798128466
      
      
#  type   0  conf  1.0000
   2.1937111502  -0.3828638856  -4.2798128466
   2.2518665639  -0.3930136301  -4.2463026369
      
      
#  type   0  conf  1.0000
   2.2518665639  -0.3930136301  -4.2463026369
   2.7160934581  -0.4740341931  -3.9489961423
      
      
#  type   0  conf  1.0000
   2.7160934581  -0.4740341931  -3.9489961423
   2.7107931896  -0.4731091482  -3.8332665875
      
      
#  type   0  conf  1.0000
   2.7107931896  -0.4731091482  -3.8332665875
   1.4903328628  -0.2601047228  -2.1095410197
      
      
#  type   0  conf  1.0000
   1.4903328628  -0.2601047228  -2.1095410197
   1.4803121667  -0.2583558314  -2.0963719203
      
      
#  type   0  conf  1.0000
   1.4803121667  -0.2583558314  -2.0963719203
   1.1989646254  -0.2092528249  -1.7381691192
      
      
#  type   0  conf  1.0000
   1.1989646254  -0.2092528249  -1.7381691192
   0.7768327422  -0.1355790174  -1.3595777505
      
      
#  type   0  conf  1.0000
   0.7768327422  -0.1355790174  -1.3595777505
   0.3523951432  -0.0615027980  -1.0306995836
      
      
#  type   0  conf  1.0000
   0.3523951432  -0.0615027980  -1.0306995836
   0.0390280192  -0.0068114797  -0.8380923614
      
      
#  type   4  conf  0.0000
#  type   0  conf  1.0000
  -0.0105573163   0.0018425467  -0.8371783940
  -0.3210828678   0.0560379311  -1.0228029811
      
      
#  type   0  conf  1.0000
  -0.3210828678   0.0560379311  -1.0228029811
  -0.7745018516   0.1351722118  -1.3764755353
      
      
#  type   0  conf  1.0000
  -0.7745018516   0.1351722118  -1.3764755353
  -1.1889591298   0.2075065863  -1.7468805147
      
      
#  type   0  conf  1.0000
  -1.1889591298   0.2075065863  -1.7468805147
  -1.4590867323   0.2546514000  -2.0891036024
      
      
#  type   0  conf  1.0000
  -1.4590867323   0.2546514000  -2.0891036024
  -2.6935274997   0.4700958029  -3.8368986548
      
      
#  type   0  conf  1.0000
  -2.6935274997   0.4700958029  -3.8368986548
  -2.6963134343   0.4705820263  -3.9625528473
      
      
#  type   0  conf  1.0000
  -2.6963134343   0.4705820263  -3.9625528473
  -2.2401664807   0.3909716387  -4.2599480562
      
      
#  type   0  conf  1.0000
  -2.2401664807   0.3909716387  -4.2599480562
  -2.2021301193   0.3843332309  -4.2829334873
      
      
#  type   0  conf  1.0000
  -2.2021301193   0.3843332309  -4.2829334873
  -1.5678880627   0.2736402720  -4.5915164283
      
      
# 223  norm    -0.1796607486   -0.9837286289    0.0000000000
# nedges  18 
#  type   0  conf  1.0000
   1.5577741316  -0.2845000729  -4.5785603527
   2.1982015424  -0.4014628863  -4.2707447189
      
      
#  type   0  conf  1.0000
   2.1982015424  -0.4014628863  -4.2707447189
   2.6923700603  -0.4917140828  -3.9527270432
      
      
#  type   0  conf  1.0000
   2.6923700603  -0.4917140828  -3.9527270432
   2.6903177073  -0.4913392566  -3.8329400020
      
      
#  type   0  conf  1.0000
   2.6903177073  -0.4913392566  -3.8329400020
   1.4814999252  -0.2705699293  -2.0995562052
      
      
#  type   0  conf  1.0000
   1.4814999252  -0.2705699293  -2.0995562052
   1.1967535876  -0.2185660141  -1.7375930813
      
      
#  type   0  conf  1.0000
   1.1967535876  -0.2185660141  -1.7375930813
   0.7783828483  -0.1421579500  -1.3617896130
      
      
#  type   0  conf  1.0000
   0.7783828483  -0.1421579500  -1.3617896130
   0.3512452649  -0.0641487758  -1.0300743264
      
      
#  type   0  conf  1.0000
   0.3512452649  -0.0641487758  -1.0300743264
   0.0343024576  -0.0062647411  -0.8357234401
      
      
#  type   4  conf  0.0000
#  type   0  conf  1.0000
  -0.0124721629   0.0022778214  -0.8382083721
  -0.3206571329   0.0585623909  -1.0223228654
      
      
#  type   0  conf  1.0000
  -0.3206571329   0.0585623909  -1.0223228654
  -0.7765876621   0.1418300908  -1.3786804062
      
      
#  type   0  conf  1.0000
  -0.7765876621   0.1418300908  -1.3786804062
  -1.1874066723   0.2168589643  -1.7461005570
      
      
#  type   0  conf  1.0000
  -1.1874066723   0.2168589643  -1.7461005570
  -1.4593407017   0.2665229365  -2.0907968233
      
      
#  type   0  conf  1.0000
  -1.4593407017   0.2665229365  -2.0907968233
  -2.6736356093   0.4882925645  -3.8373739695
      
      
#  type   0  conf  1.0000
  -2.6736356093   0.4882925645  -3.8373739695
  -2.6768186951   0.4888738992  -3.9622151166
      
      
#  type   0  conf  1.0000
  -2.6768186951   0.4888738992  -3.9622151166
  -2.2108224302   0.4037678696  -4.2699823949
      
      
#  type   0  conf  1.0000
  -2.2108224302   0.4037678696  -4.2699823949
  -2.1849606003   0.3990446608  -4.2844622948
      
      
#  type   0  conf  1.0000
  -2.1849606003   0.3990446608  -4.2844622948
  -1.5674258648   0.2862627924  -4.5912345820
      
      
# 224  norm    -0.1873813146   -0.9822872507    0.0000000000
# nedges  18 
#  type   0  conf  1.0000
   1.5485821416  -0.2954078425  -4.5816143916
   2.1795334503  -0.4157682417  -4.2721578141
      
      
#  type   0  conf  1.0000
   2.1795334503  -0.4157682417  -4.2721578141
   2.6704537235  -0.5094162923  -3.9521881190
      
      
#  type   0  conf  1.0000
   2.6704537235  -0.5094162923  -3.9521881190
   2.6673417506  -0.5088226517  -3.8328072273
      
      
#  type   0  conf  1.0000
   2.6673417506  -0.5088226517  -3.8328072273
   1.4805439388  -0.2824288612  -2.1008322960
      
      
#  type   0  conf  1.0000
   1.4805439388  -0.2824288612  -2.1008322960
   1.1956934699  -0.2280907281  -1.7382938637
      
      
#  type   0  conf  1.0000
   1.1956934699  -0.2280907281  -1.7382938637
   0.7760265167  -0.1480349753  -1.3607171270
      
      
#  type   0  conf  1.0000
   0.7760265167  -0.1480349753  -1.3607171270
   0.3507963393  -0.0669179806  -1.0305385574
      
      
#  type   0  conf  1.0000
   0.3507963393  -0.0669179806  -1.0305385574
   0.0322387605  -0.0061498725  -0.8347719467
      
      
#  type   0  conf  1.0000
   0.0322387605  -0.0061498725  -0.8347719467
  -0.0152398183   0.0029071508  -0.8393831075
      
      
#  type   0  conf  1.0000
  -0.0152398183   0.0029071508  -0.8393831075
  -0.3235729275   0.0617248371  -1.0241501315
      
      
#  type   0  conf  1.0000
  -0.3235729275   0.0617248371  -1.0241501315
  -0.7770586720   0.1482318694  -1.3790325858
      
      
#  type   0  conf  1.0000
  -0.7770586720   0.1482318694  -1.3790325858
  -1.1859534302   0.2262327162  -1.7454854128
      
      
#  type   0  conf  1.0000
  -1.1859534302   0.2262327162  -1.7454854128
  -1.4553741531   0.2776274678  -2.0867518901
      
      
#  type   0  conf  1.0000
  -1.4553741531   0.2776274678  -2.0867518901
  -2.6514642180   0.5057938504  -3.8362125427
      
      
#  type   0  conf  1.0000
  -2.6514642180   0.5057938504  -3.8362125427
  -2.6562432713   0.5067055036  -3.9598032555
      
      
#  type   0  conf  1.0000
  -2.6562432713   0.5067055036  -3.9598032555
  -2.2161775307   0.4227584739  -4.2571263196
      
      
#  type   0  conf  1.0000
  -2.2161775307   0.4227584739  -4.2571263196
  -2.1750863624   0.4149199143  -4.2818812220
      
      
#  type   0  conf  1.0000
  -2.1750863624   0.4149199143  -4.2818812220
  -1.5649420542   0.2985286627  -4.5919119855
      
      
# 225  norm    -0.1950903220   -0.9807852804   -0.0000000000
# nedges  19 
#  type   0  conf  1.0000
   1.5510424459  -0.3085215248  -4.5786079143
   2.1673820531  -0.4311190952  -4.2703804910
      
      
#  type   0  conf  1.0000
   2.1673820531  -0.4311190952  -4.2703804910
   2.6495717464  -0.5270325886  -3.9504293011
      
      
#  type   0  conf  1.0000
   2.6495717464  -0.5270325886  -3.9504293011
   2.6459140927  -0.5263050361  -3.8355885771
      
      
#  type   0  conf  1.0000
   2.6459140927  -0.5263050361  -3.8355885771
   1.4932404238  -0.2970239878  -2.1217479746
      
      
#  type   0  conf  1.0000
   1.4932404238  -0.2970239878  -2.1217479746
   1.4751672486  -0.2934290097  -2.0965982378
      
      
#  type   0  conf  1.0000
   1.4751672486  -0.2934290097  -2.0965982378
   1.1924277960  -0.2371886358  -1.7366855695
      
      
#  type   0  conf  1.0000
   1.1924277960  -0.2371886358  -1.7366855695
   0.7750497447  -0.1541669796  -1.3610623454
      
      
#  type   0  conf  1.0000
   0.7750497447  -0.1541669796  -1.3610623454
   0.3492028931  -0.0694607742  -1.0300212816
      
      
#  type   0  conf  1.0000
   0.3492028931  -0.0694607742  -1.0300212816
   0.0375651575  -0.0074721744  -0.8382379937
      
      
#  type   4  conf  0.0000
#  type   0  conf  1.0000
  -0.0112306821   0.0022339216  -0.8368994442
  -0.3192143117   0.0634956744  -1.0209825110
      
      
#  type   0  conf  1.0000
  -0.3192143117   0.0634956744  -1.0209825110
  -0.7725866701   0.1536770436  -1.3756555604
      
      
#  type   0  conf  1.0000
  -0.7725866701   0.1536770436  -1.3756555604
  -1.1844498227   0.2356017183  -1.7447499131
      
      
#  type   0  conf  1.0000
  -1.1844498227   0.2356017183  -1.7447499131
  -1.4546663266   0.2893511228  -2.0874161776
      
      
#  type   0  conf  1.0000
  -1.4546663266   0.2893511228  -2.0874161776
  -2.6286018525   0.5228614174  -3.8340200759
      
      
#  type   0  conf  1.0000
  -2.6286018525   0.5228614174  -3.8340200759
  -2.6362844057   0.5243895722  -3.9595150103
      
      
#  type   0  conf  1.0000
  -2.6362844057   0.5243895722  -3.9595150103
  -2.2392011348   0.4454047988  -4.2303540611
      
      
#  type   0  conf  1.0000
  -2.2392011348   0.4454047988  -4.2303540611
  -2.1607075760   0.4297914592  -4.2818136154
      
      
#  type   0  conf  1.0000
  -2.1607075760   0.4297914592  -4.2818136154
  -1.5633187967   0.3109634428  -4.5921029447
      
      
# 226  norm    -0.2027872954   -0.9792228106    0.0000000000
# nedges  19 
#  type   0  conf  1.0000
   1.5434032872  -0.3196234553  -4.5811618207
   2.1502070632  -0.4452864763  -4.2706763076
      
      
#  type   0  conf  1.0000
   2.1502070632  -0.4452864763  -4.2706763076
   2.6247219856  -0.5435537926  -3.9533896089
      
      
#  type   0  conf  1.0000
   2.6247219856  -0.5435537926  -3.9533896089
   2.6261653607  -0.5438527012  -3.8397201604
      
      
#  type   0  conf  1.0000
   2.6261653607  -0.5438527012  -3.8397201604
   1.5253992915  -0.3158950071  -2.1740416666
      
      
#  type   0  conf  1.0000
   1.5253992915  -0.3158950071  -2.1740416666
   1.4732286674  -0.3050909902  -2.0964750316
      
      
#  type   0  conf  1.0000
   1.4732286674  -0.3050909902  -2.0964750316
   1.1914403864  -0.2467354426  -1.7377184040
      
      
#  type   0  conf  1.0000
   1.1914403864  -0.2467354426  -1.7377184040
   0.7736014521  -0.1602051591  -1.3610120250
      
      
#  type   0  conf  1.0000
   0.7736014521  -0.1602051591  -1.3610120250
   0.3495349807  -0.0723852147  -1.0308505791
      
      
#  type   0  conf  1.0000
   0.3495349807  -0.0723852147  -1.0308505791
   0.0326011899  -0.0067513819  -0.8354551468
      
      
#  type   4  conf  0.0000
#  type   0  conf  1.0000
  -0.0141022290   0.0029204312  -0.8385886213
  -0.3186162385   0.0659822510  -1.0205394092
      
      
#  type   0  conf  1.0000
  -0.3186162385   0.0659822510  -1.0205394092
  -0.7734678976   0.1601775013  -1.3769320770
      
      
#  type   0  conf  1.0000
  -0.7734678976   0.1601775013  -1.3769320770
  -1.1814168316   0.2446596641  -1.7429125682
      
      
#  type   0  conf  1.0000
  -1.1814168316   0.2446596641  -1.7429125682
  -1.4515217079   0.3005956950  -2.0849826037
      
      
#  type   0  conf  1.0000
  -1.4515217079   0.3005956950  -2.0849826037
  -2.6076295611   0.5400141217  -3.8347876331
      
      
#  type   0  conf  1.0000
  -2.6076295611   0.5400141217  -3.8347876331
  -2.6130415679   0.5411348944  -3.9614643030
      
      
#  type   0  conf  1.0000
  -2.6130415679   0.5411348944  -3.9614643030
  -2.1642105544   0.4481864599  -4.2709078061
      
      
#  type   0  conf  1.0000
  -2.1642105544   0.4481864599  -4.2709078061
  -2.1460675367   0.4444292215  -4.2816487651
      
      
#  type   0  conf  1.0000
  -2.1460675367   0.4444292215  -4.2816487651
  -1.5615161308   0.3233744449  -4.5921365831
      
      
# 227  norm    -0.2104717598   -0.9775999378    0.0000000000
# nedges  19 
#  type   0  conf  1.0000
   1.5410899625  -0.3317879880  -4.5805936038
   2.1355149452  -0.4597643384  -4.2694693510
      
      
#  type   0  conf  1.0000
   2.1355149452  -0.4597643384  -4.2694693510
   2.6019820762  -0.5601920841  -3.9519951537
      
      
#  type   0  conf  1.0000
   2.6019820762  -0.5601920841  -3.9519951537
   2.6004884863  -0.5598705227  -3.8360497225
      
      
#  type   0  conf  1.0000
   2.6004884863  -0.5598705227  -3.8360497225
   1.4762337001  -0.3178248001  -2.1037762451
      
      
#  type   0  conf  1.0000
   1.4762337001  -0.3178248001  -2.1037762451
   1.4630375543  -0.3149837442  -2.0864420574
      
      
#  type   0  conf  1.0000
   1.4630375543  -0.3149837442  -2.0864420574
   1.1892888449  -0.2560471891  -1.7376849351
      
      
#  type   0  conf  1.0000
   1.1892888449  -0.2560471891  -1.7376849351
   0.7718232551  -0.1661691992  -1.3606010293
      
      
#  type   0  conf  1.0000
   0.7718232551  -0.1661691992  -1.3606010293
   0.3472568096  -0.0747624350  -1.0299449182
      
      
#  type   0  conf  1.0000
   0.3472568096  -0.0747624350  -1.0299449182
   0.0320536870  -0.0069009782  -0.8356092176
      
      
#  type   0  conf  1.0000
   0.0320536870  -0.0069009782  -0.8356092176
  -0.0155017124   0.0033374314  -0.8388553827
      
      
#  type   0  conf  1.0000
  -0.0155017124   0.0033374314  -0.8388553827
  -0.3218874708   0.0693005593  -1.0228070844
      
      
#  type   0  conf  1.0000
  -0.3218874708   0.0693005593  -1.0228070844
  -0.7712709910   0.1660502998  -1.3755711793
      
      
#  type   0  conf  1.0000
  -0.7712709910   0.1660502998  -1.3755711793
  -1.1814148524   0.2543519629  -1.7441883334
      
      
#  type   0  conf  1.0000
  -1.1814148524   0.2543519629  -1.7441883334
  -1.4505856377   0.3123029167  -2.0857521764
      
      
#  type   0  conf  1.0000
  -1.4505856377   0.3123029167  -2.0857521764
  -2.5847187661   0.5564753907  -3.8347825336
      
      
#  type   0  conf  1.0000
  -2.5847187661   0.5564753907  -3.8347825336
  -2.5916250434   0.5579622733  -3.9595538507
      
      
#  type   0  conf  1.0000
  -2.5916250434   0.5579622733  -3.9595538507
  -2.1855735751   0.4705416795  -4.2449546572
      
      
#  type   0  conf  1.0000
  -2.1855735751   0.4705416795  -4.2449546572
  -2.1294206932   0.4584522803  -4.2824194734
      
      
#  type   0  conf  1.0000
  -2.1294206932   0.4584522803  -4.2824194734
  -1.5662408805   0.3372028390  -4.5879467944
      
      
# 228  norm    -0.2181432414   -0.9759167619    0.0000000000
# nedges  18 
#  type   0  conf  1.0000
   1.5377541895  -0.3437287855  -4.5806598754
   2.1207605367  -0.4740461438  -4.2680574574
      
      
#  type   0  conf  1.0000
   2.1207605367  -0.4740461438  -4.2680574574
   2.5785941647  -0.5763840845  -3.9516545638
      
      
#  type   0  conf  1.0000
   2.5785941647  -0.5763840845  -3.9516545638
   2.5753589594  -0.5756609304  -3.8334784303
      
      
#  type   0  conf  1.0000
   2.5753589594  -0.5756609304  -3.8334784303
   1.4714795985  -0.3289146593  -2.1006910907
      
      
#  type   0  conf  1.0000
   1.4714795985  -0.3289146593  -2.1006910907
   1.1866607064  -0.2652500941  -1.7371613179
      
      
#  type   0  conf  1.0000
   1.1866607064  -0.2652500941  -1.7371613179
   0.7685060404  -0.1717814523  -1.3592745439
      
      
#  type   0  conf  1.0000
   0.7685060404  -0.1717814523  -1.3592745439
   0.3468790889  -0.0775366627  -1.0304292089
      
      
#  type   0  conf  1.0000
   0.3468790889  -0.0775366627  -1.0304292089
   0.0331785809  -0.0074162915  -0.8364623038
      
      
#  type   4  conf  0.0000
#  type   0  conf  1.0000
  -0.0139024852   0.0031075736  -0.8376651917
  -0.3219747068   0.0719698738  -1.0228914764
      
      
#  type   0  conf  1.0000
  -0.3219747068   0.0719698738  -1.0228914764
  -0.7713921304   0.1724265698  -1.3761664498
      
      
#  type   0  conf  1.0000
  -0.7713921304   0.1724265698  -1.3761664498
  -1.1798609805   0.2637301753  -1.7440355505
      
      
#  type   0  conf  1.0000
  -1.1798609805   0.2637301753  -1.7440355505
  -1.4485989836   0.3238002359  -2.0855231903
      
      
#  type   0  conf  1.0000
  -1.4485989836   0.3238002359  -2.0855231903
  -2.5633242589   0.5729708561  -3.8372312941
      
      
#  type   0  conf  1.0000
  -2.5633242589   0.5729708561  -3.8372312941
  -2.5663233406   0.5736412303  -3.9629097109
      
      
#  type   0  conf  1.0000
  -2.5663233406   0.5736412303  -3.9629097109
  -2.1297106894   0.4760467400  -4.2716434279
      
      
#  type   0  conf  1.0000
  -2.1297106894   0.4760467400  -4.2716434279
  -2.1043950903   0.4703880332  -4.2876499826
      
      
#  type   0  conf  1.0000
  -2.1043950903   0.4703880332  -4.2876499826
  -1.5571674873   0.3480681717  -4.5917514874
      
      
# 229  norm    -0.2258012669   -0.9741733870   -0.0000000000
# nedges  18 
#  type   0  conf  1.0000
   1.5358304946  -0.3559863942  -4.5801067498
   2.1040878077  -0.4877013671  -4.2679082045
      
      
#  type   0  conf  1.0000
   2.1040878077  -0.4877013671  -4.2679082045
   2.5555339327  -0.5923409603  -3.9506052413
      
      
#  type   0  conf  1.0000
   2.5555339327  -0.5923409603  -3.9506052413
   2.5498713518  -0.5910284445  -3.8317834579
      
      
#  type   0  conf  1.0000
   2.5498713518  -0.5910284445  -3.8317834579
   1.4667158560  -0.3399664812  -2.0974606010
      
      
#  type   0  conf  1.0000
   1.4667158560  -0.3399664812  -2.0974606010
   1.1835896816  -0.2743413576  -1.7365404981
      
      
#  type   0  conf  1.0000
   1.1835896816  -0.2743413576  -1.7365404981
   0.7654051931  -0.1774113978  -1.3578677911
      
      
#  type   0  conf  1.0000
   0.7654051931  -0.1774113978  -1.3578677911
   0.3451363135  -0.0799983020  -1.0299750112
      
      
#  type   0  conf  1.0000
   0.3451363135  -0.0799983020  -1.0299750112
   0.0310681539  -0.0072012114  -0.8356703321
      
      
#  type   0  conf  1.0000
   0.0310681539  -0.0072012114  -0.8356703321
  -0.0161326797   0.0037393544  -0.8388691333
      
      
#  type   0  conf  1.0000
  -0.0161326797   0.0037393544  -0.8388691333
  -0.3211204428   0.0744317221  -1.0222107081
      
      
#  type   0  conf  1.0000
  -0.3211204428   0.0744317221  -1.0222107081
  -0.7718084009   0.1788955817  -1.3771573184
      
      
#  type   0  conf  1.0000
  -0.7718084009   0.1788955817  -1.3771573184
  -1.1784854012   0.2731582490  -1.7440983924
      
      
#  type   0  conf  1.0000
  -1.1784854012   0.2731582490  -1.7440983924
  -1.4477059817   0.3355602289  -2.0870208194
      
      
#  type   0  conf  1.0000
  -1.4477059817   0.3355602289  -2.0870208194
  -2.5410159503   0.5889758727  -3.8393861909
      
      
#  type   0  conf  1.0000
  -2.5410159503   0.5889758727  -3.8393861909
  -2.5420761192   0.5892216066  -3.9638019263
      
      
#  type   0  conf  1.0000
  -2.5420761192   0.5892216066  -3.9638019263
  -2.1029205347   0.4874308077  -4.2793503099
      
      
#  type   0  conf  1.0000
  -2.1029205347   0.4874308077  -4.2793503099
  -2.0776305016   0.4815688928  -4.2941591529
      
      
#  type   0  conf  1.0000
  -2.0776305016   0.4815688928  -4.2941591529
  -1.5560509116   0.3606732352  -4.5917314978
      
      
# 230  norm    -0.2334453639   -0.9723699204   -0.0000000000
# nedges  18 
#  type   0  conf  1.0000
   1.5327167445  -0.3679727340  -4.5803373154
   2.0845444650  -0.5004548484  -4.2692057777
      
      
#  type   0  conf  1.0000
   2.0845444650  -0.5004548484  -4.2692057777
   2.5308967864  -0.6076145598  -3.9519478171
      
      
#  type   0  conf  1.0000
   2.5308967864  -0.6076145598  -3.9519478171
   2.5243727148  -0.6060482688  -3.8304090218
      
      
#  type   0  conf  1.0000
   2.5243727148  -0.6060482688  -3.8304090218
   1.4660700032  -0.3519722671  -2.1010182503
      
      
#  type   0  conf  1.0000
   1.4660700032  -0.3519722671  -2.1010182503
   1.1819351651  -0.2837575278  -1.7374436372
      
      
#  type   0  conf  1.0000
   1.1819351651  -0.2837575278  -1.7374436372
   0.7653757991  -0.1837504721  -1.3596966239
      
      
#  type   0  conf  1.0000
   0.7653757991  -0.1837504721  -1.3596966239
   0.3448527320  -0.0827918160  -1.0304021926
      
      
#  type   0  conf  1.0000
   0.3448527320  -0.0827918160  -1.0304021926
   0.0304737974  -0.0073161115  -0.8357260413
      
      
#  type   0  conf  1.0000
   0.0304737974  -0.0073161115  -0.8357260413
  -0.0170368216   0.0040901790  -0.8388943155
      
      
#  type   0  conf  1.0000
  -0.0170368216   0.0040901790  -0.8388943155
  -0.3215229613   0.0771908336  -1.0227641911
      
      
#  type   0  conf  1.0000
  -0.3215229613   0.0771908336  -1.0227641911
  -0.7705211879   0.1849857706  -1.3767278557
      
      
#  type   0  conf  1.0000
  -0.7705211879   0.1849857706  -1.3767278557
  -1.1768910326   0.2825465387  -1.7441925188
      
      
#  type   0  conf  1.0000
  -1.1768910326   0.2825465387  -1.7441925188
  -1.4447745893   0.3468596906  -2.0857351697
      
      
#  type   0  conf  1.0000
  -1.4447745893   0.3468596906  -2.0857351697
  -2.5161301020   0.6040693926  -3.8375828973
      
      
#  type   0  conf  1.0000
  -2.5161301020   0.6040693926  -3.8375828973
  -2.5195806924   0.6048978060  -3.9627840151
      
      
#  type   0  conf  1.0000
  -2.5195806924   0.6048978060  -3.9627840151
  -2.1013626137   0.5044925287  -4.2694392338
      
      
#  type   0  conf  1.0000
  -2.1013626137   0.5044925287  -4.2694392338
  -2.0737554896   0.4978646446  -4.2878381576
      
      
#  type   0  conf  1.0000
  -2.0737554896   0.4978646446  -4.2878381576
  -1.5543653240   0.3731700981  -4.5928512241
      
      
# 231  norm    -0.2410750608   -0.9705064735    0.0000000000
# nedges  19 
#  type   0  conf  1.0000
   1.5294797015  -0.3799247323  -4.5810433771
   2.0669015802  -0.5134210207  -4.2712287412
      
      
#  type   0  conf  1.0000
   2.0669015802  -0.5134210207  -4.2712287412
   2.5066786423  -0.6226622106  -3.9545008366
      
      
#  type   0  conf  1.0000
   2.5066786423  -0.6226622106  -3.9545008366
   2.5055623562  -0.6223849237  -3.8385409714
      
      
#  type   0  conf  1.0000
   2.5055623562  -0.6223849237  -3.8385409714
   1.4854556716  -0.3689891064  -2.1368862409
      
      
#  type   0  conf  1.0000
   1.4854556716  -0.3689891064  -2.1368862409
   1.4607280065  -0.3628467225  -2.0979182396
      
      
#  type   0  conf  1.0000
   1.4607280065  -0.3628467225  -2.0979182396
   1.1792946011  -0.2929383013  -1.7375303570
      
      
#  type   0  conf  1.0000
   1.1792946011  -0.2929383013  -1.7375303570
   0.7645609379  -0.1899179239  -1.3604292113
      
      
#  type   0  conf  1.0000
   0.7645609379  -0.1899179239  -1.3604292113
   0.3443282662  -0.0855315858  -1.0308055997
      
      
#  type   0  conf  1.0000
   0.3443282662  -0.0855315858  -1.0308055997
   0.0283450642  -0.0070409505  -0.8346346816
      
      
#  type   4  conf  0.0000
#  type   0  conf  1.0000
  -0.0334811404   0.0083167585  -0.8466303503
  -0.3277516366   0.0814139296  -1.0275342718
      
      
#  type   0  conf  1.0000
  -0.3277516366   0.0814139296  -1.0275342718
  -0.7695202385   0.1911498206  -1.3769648971
      
      
#  type   0  conf  1.0000
  -0.7695202385   0.1911498206  -1.3769648971
  -1.1737995605   0.2915733261  -1.7428352388
      
      
#  type   0  conf  1.0000
  -1.1737995605   0.2915733261  -1.7428352388
  -1.4451732902   0.3589829109  -2.0894709024
      
      
#  type   0  conf  1.0000
  -1.4451732902   0.3589829109  -2.0894709024
  -2.4947033926   0.6196875431  -3.8390863014
      
      
#  type   0  conf  1.0000
  -2.4947033926   0.6196875431  -3.8390863014
  -2.4994076888   0.6208560964  -3.9628322699
      
      
#  type   0  conf  1.0000
  -2.4994076888   0.6208560964  -3.9628322699
  -2.0926922248   0.5198274501  -4.2662227938
      
      
#  type   0  conf  1.0000
  -2.0926922248   0.5198274501  -4.2662227938
  -2.0531871392   0.5100143358  -4.2934583140
      
      
#  type   0  conf  1.0000
  -2.0531871392   0.5100143358  -4.2934583140
  -1.5527259162   0.3856991220  -4.5939037668
      
      
# 232  norm    -0.2486898872   -0.9685831611    0.0000000000
# nedges  19 
#  type   0  conf  1.0000
   1.5271705941  -0.3921107634  -4.5812629997
   2.0461061362  -0.5253507645  -4.2767058466
      
      
#  type   0  conf  1.0000
   2.0461061362  -0.5253507645  -4.2767058466
   2.4840600735  -0.6377982234  -3.9566510107
      
      
#  type   0  conf  1.0000
   2.4840600735  -0.6377982234  -3.9566510107
   2.4791409631  -0.6365352105  -3.8341154642
      
      
#  type   0  conf  1.0000
   2.4791409631  -0.6365352105  -3.8341154642
   1.4683008691  -0.3769955871  -2.1118032452
      
      
#  type   0  conf  1.0000
   1.4683008691  -0.3769955871  -2.1118032452
   1.1763159450  -0.3020266007  -1.7372555295
      
      
#  type   0  conf  1.0000
   1.1763159450  -0.3020266007  -1.7372555295
   0.7616818780  -0.1955666668  -1.3598547731
      
      
#  type   0  conf  1.0000
   0.7616818780  -0.1955666668  -1.3598547731
   0.3431057112  -0.0880945736  -1.0306719561
      
      
#  type   0  conf  1.0000
   0.3431057112  -0.0880945736  -1.0306719561
   0.0307839406  -0.0079039726  -0.8364228243
      
      
#  type   4  conf  0.0000
#  type   0  conf  1.0000
  -0.0145400705   0.0037332556  -0.8369075506
  -0.3219292071   0.0826573715  -1.0231356153
      
      
#  type   0  conf  1.0000
  -0.3219292071   0.0826573715  -1.0231356153
  -0.7695594663   0.1975892876  -1.3778112661
      
      
#  type   0  conf  1.0000
  -0.7695594663   0.1975892876  -1.3778112661
  -1.1722642821   0.3009863105  -1.7433292756
      
      
#  type   0  conf  1.0000
  -1.1722642821   0.3009863105  -1.7433292756
  -1.4474621791   0.3716451209  -2.0953694941
      
      
#  type   0  conf  1.0000
  -1.4474621791   0.3716451209  -2.0953694941
  -2.4710374330   0.6344545776  -3.8384481678
      
      
#  type   0  conf  1.0000
  -2.4710374330   0.6344545776  -3.8384481678
  -2.4772673773   0.6360541554  -3.9445278714
      
      
#  type   0  conf  1.0000
  -2.4772673773   0.6360541554  -3.9445278714
  -2.4667700271   0.6333588940  -3.9772537252
      
      
#  type   0  conf  1.0000
  -2.4667700271   0.6333588940  -3.9772537252
  -2.1026773091   0.5398757729  -4.2527132592
      
      
#  type   0  conf  1.0000
  -2.1026773091   0.5398757729  -4.2527132592
  -2.0400941337   0.5238071446  -4.2979358064
      
      
#  type   0  conf  1.0000
  -2.0400941337   0.5238071446  -4.2979358064
  -1.5510164121   0.3982333288  -4.5941197808
      
      
# 233  norm    -0.2562893731   -0.9666001020    0.0000000000
# nedges  19 
#  type   0  conf  1.0000
   1.5246934785  -0.4042651506  -4.5811536386
   2.0386119127  -0.5405281544  -4.2777545352
      
      
#  type   0  conf  1.0000
   2.0386119127  -0.5405281544  -4.2777545352
   2.4683734620  -0.6544773644  -3.9632578539
      
      
#  type   0  conf  1.0000
   2.4683734620  -0.6544773644  -3.9632578539
   2.4681962864  -0.6544303872  -3.8397061292
      
      
#  type   0  conf  1.0000
   2.4681962864  -0.6544303872  -3.8397061292
   1.5345347963  -0.4068745287  -2.2296559554
      
      
#  type   0  conf  1.0000
   1.5345347963  -0.4068745287  -2.2296559554
   1.4536654305  -0.3854324049  -2.0969933155
      
      
#  type   0  conf  1.0000
   1.4536654305  -0.3854324049  -2.0969933155
   1.1730184771  -0.3110202136  -1.7370570303
      
      
#  type   0  conf  1.0000
   1.1730184771  -0.3110202136  -1.7370570303
   0.7628807960  -0.2022741779  -1.3626910380
      
      
#  type   0  conf  1.0000
   0.7628807960  -0.2022741779  -1.3626910380
   0.3411882675  -0.0904644299  -1.0300564615
      
      
#  type   0  conf  1.0000
   0.3411882675  -0.0904644299  -1.0300564615
   0.0307778671  -0.0081606036  -0.8369142157
      
      
#  type   4  conf  0.0000
#  type   0  conf  1.0000
  -0.0150303524   0.0039852257  -0.8371825908
  -0.3217331255   0.0853059925  -1.0231872564
      
      
#  type   0  conf  1.0000
  -0.3217331255   0.0853059925  -1.0231872564
  -0.7658565948   0.2030631967  -1.3757085069
      
      
#  type   0  conf  1.0000
  -0.7658565948   0.2030631967  -1.3757085069
  -1.1702784643   0.3102937123  -1.7433521560
      
      
#  type   0  conf  1.0000
  -1.1702784643   0.3102937123  -1.7433521560
  -1.4516211275   0.3848903678  -2.1044943610
      
      
#  type   0  conf  1.0000
  -1.4516211275   0.3848903678  -2.1044943610
  -2.4658375624   0.6538049828  -3.8552118941
      
      
#  type   0  conf  1.0000
  -2.4658375624   0.6538049828  -3.8552118941
  -2.4704632265   0.6550314554  -3.9772016602
      
      
#  type   0  conf  1.0000
  -2.4704632265   0.6550314554  -3.9772016602
  -2.0606725526   0.5463774271  -4.2841837889
      
      
#  type   0  conf  1.0000
  -2.0606725526   0.5463774271  -4.2841837889
  -2.0350629704   0.5395871694  -4.3012124152
      
      
#  type   0  conf  1.0000
  -2.0350629704   0.5395871694  -4.3012124152
  -1.5492985787   0.4107890747  -4.5935952554
      
      
# 234  norm    -0.2638730500   -0.9645574185    0.0000000000
# nedges  18 
#  type   0  conf  1.0000
   1.5216065135  -0.4162644379  -4.5802929780
   2.0426522862  -0.5588064313  -4.2754932110
      
      
#  type   0  conf  1.0000
   2.0426522862  -0.5588064313  -4.2754932110
   2.4762860413  -0.6774352027  -3.9614109148
      
      
#  type   0  conf  1.0000
   2.4762860413  -0.6774352027  -3.9614109148
   2.4745765201  -0.6769675306  -3.8389153578
      
      
#  type   0  conf  1.0000
   2.4745765201  -0.6769675306  -3.8389153578
   1.4582562263  -0.3989337604  -2.1078050261
      
      
#  type   0  conf  1.0000
   1.4582562263  -0.3989337604  -2.1078050261
   1.1694675337  -0.3199301141  -1.7365346100
      
      
#  type   0  conf  1.0000
   1.1694675337  -0.3199301141  -1.7365346100
   0.7583979178  -0.2074741926  -1.3606732680
      
      
#  type   0  conf  1.0000
   0.7583979178  -0.2074741926  -1.3606732680
   0.3392080326  -0.0927968169  -1.0295242825
      
      
#  type   0  conf  1.0000
   0.3392080326  -0.0927968169  -1.0295242825
   0.0217002197  -0.0059365083  -0.8319106659
      
      
#  type   0  conf  1.0000
   0.0217002197  -0.0059365083  -0.8319106659
  -0.0399660761   0.0109334812  -0.8503595545
      
      
#  type   0  conf  1.0000
  -0.0399660761   0.0109334812  -0.8503595545
  -0.3244956981   0.0887719776  -1.0255534795
      
      
#  type   0  conf  1.0000
  -0.3244956981   0.0887719776  -1.0255534795
  -0.7678431715   0.2100581217  -1.3784652109
      
      
#  type   0  conf  1.0000
  -0.7678431715   0.2100581217  -1.3784652109
  -1.1682745837   0.3196037599  -1.7437553554
      
      
#  type   0  conf  1.0000
  -1.1682745837   0.3196037599  -1.7437553554
  -1.4427037705   0.3946790899  -2.0968285198
      
      
#  type   0  conf  1.0000
  -1.4427037705   0.3946790899  -2.0968285198
  -2.4783506031   0.6780000029  -3.8661869832
      
      
#  type   0  conf  1.0000
  -2.4783506031   0.6780000029  -3.8661869832
  -2.4826889481   0.6791868398  -3.9756724777
      
      
#  type   0  conf  1.0000
  -2.4826889481   0.6791868398  -3.9756724777
  -2.1175682194   0.5793011115  -4.2469410538
      
      
#  type   0  conf  1.0000
  -2.1175682194   0.5793011115  -4.2469410538
  -2.0554072991   0.5622958080  -4.2915672961
      
      
#  type   0  conf  1.0000
  -2.0554072991   0.5622958080  -4.2915672961
  -1.5477931947   0.4234283032  -4.5928234985
      
      
# 235  norm    -0.2714404499   -0.9624552365    0.0000000000
# nedges  17 
#  type   0  conf  1.0000
   1.5182818218  -0.4281997595  -4.5793533149
   2.0548229837  -0.5795200171  -4.2715611303
      
      
#  type   0  conf  1.0000
   2.0548229837  -0.5795200171  -4.2715611303
   2.4890227494  -0.7019770159  -3.9604786283
      
      
#  type   0  conf  1.0000
   2.4890227494  -0.7019770159  -3.9604786283
   2.4877433082  -0.7016161762  -3.8379003433
      
      
#  type   0  conf  1.0000
   2.4877433082  -0.7016161762  -3.8379003433
   1.4485057446  -0.4085208704  -2.0998422466
      
      
#  type   0  conf  1.0000
   1.4485057446  -0.4085208704  -2.0998422466
   1.1657240861  -0.3287681945  -1.7360016661
      
      
#  type   0  conf  1.0000
   1.1657240861  -0.3287681945  -1.7360016661
   0.7586960134  -0.2139744057  -1.3630870043
      
      
#  type   0  conf  1.0000
   0.7586960134  -0.2139744057  -1.3630870043
   0.3388542948  -0.0955667949  -1.0300606721
      
      
#  type   0  conf  1.0000
   0.3388542948  -0.0955667949  -1.0300606721
   0.0186360332  -0.0052559050  -0.8302176279
      
      
#  type   0  conf  1.0000
   0.0186360332  -0.0052559050  -0.8302176279
  -0.0553190984   0.0156015993  -0.8588494630
      
      
#  type   0  conf  1.0000
  -0.0553190984   0.0156015993  -0.8588494630
  -0.3258097045   0.0918878400  -1.0269270297
      
      
#  type   0  conf  1.0000
  -0.3258097045   0.0918878400  -1.0269270297
  -0.7609265504   0.2146034822  -1.3737880719
      
      
#  type   0  conf  1.0000
  -0.7609265504   0.2146034822  -1.3737880719
  -1.1647091875   0.3284819635  -1.7424553126
      
      
#  type   0  conf  1.0000
  -1.1647091875   0.3284819635  -1.7424553126
  -1.4333954553   0.4042593281  -2.0885650572
      
      
#  type   0  conf  1.0000
  -1.4333954553   0.4042593281  -2.0885650572
  -2.4928054564   0.7030438496  -3.8654287400
      
      
#  type   0  conf  1.0000
  -2.4928054564   0.7030438496  -3.8654287400
  -2.4952207018   0.7037250193  -3.9779162857
      
      
#  type   0  conf  1.0000
  -2.4952207018   0.7037250193  -3.9779162857
  -2.0679021519   0.5832087240  -4.2897343673
      
      
#  type   0  conf  1.0000
  -2.0679021519   0.5832087240  -4.2897343673
  -1.5513606532   0.4375289548  -4.5880264983
      
      
# 236  norm    -0.2789911060   -0.9602936857    0.0000000000
# nedges  18 
#  type   0  conf  1.0000
   1.5142522156  -0.4399309365  -4.5793029936
   2.0640930398  -0.5996744629  -4.2703471090
      
      
#  type   0  conf  1.0000
   2.0640930398  -0.5996744629  -4.2703471090
   2.5006836304  -0.7265157548  -3.9605864432
      
      
#  type   0  conf  1.0000
   2.5006836304  -0.7265157548  -3.9605864432
   2.4999519550  -0.7263031835  -3.8358439720
      
      
#  type   0  conf  1.0000
   2.4999519550  -0.7263031835  -3.8358439720
   1.4421288976  -0.4189771756  -2.0965772138
      
      
#  type   0  conf  1.0000
   1.4421288976  -0.4189771756  -2.0965772138
   1.1624662484  -0.3377276652  -1.7360352337
      
      
#  type   0  conf  1.0000
   1.1624662484  -0.3377276652  -1.7360352337
   0.7547586641  -0.2192776623  -1.3615386306
      
      
#  type   0  conf  1.0000
   0.7547586641  -0.2192776623  -1.3615386306
   0.3355269900  -0.0974796018  -1.0286617617
      
      
#  type   0  conf  1.0000
   0.3355269900  -0.0974796018  -1.0286617617
   0.0229764585  -0.0066752783  -0.8332131843
      
      
#  type   0  conf  1.0000
   0.0229764585  -0.0066752783  -0.8332131843
  -0.0275251016   0.0079967812  -0.8433587282
      
      
#  type   0  conf  1.0000
  -0.0275251016   0.0079967812  -0.8433587282
  -0.3209227260   0.0932366708  -1.0231445210
      
      
#  type   0  conf  1.0000
  -0.3209227260   0.0932366708  -1.0231445210
  -0.7614809154   0.2212306568  -1.3754654049
      
      
#  type   0  conf  1.0000
  -0.7614809154   0.2212306568  -1.3754654049
  -1.1627639686   0.3378141609  -1.7430890186
      
      
#  type   0  conf  1.0000
  -1.1627639686   0.3378141609  -1.7430890186
  -1.4294458654   0.4152924141  -2.0876077503
      
      
#  type   0  conf  1.0000
  -1.4294458654   0.4152924141  -2.0876077503
  -2.5079806472   0.7286357342  -3.8665622127
      
      
#  type   0  conf  1.0000
  -2.5079806472   0.7286357342  -3.8665622127
  -2.5104921265   0.7293653864  -3.9757112805
      
      
#  type   0  conf  1.0000
  -2.5104921265   0.7293653864  -3.9757112805
  -2.0834954689   0.6053113896  -4.2855531799
      
      
#  type   3  conf  0.0000
#  type   0  conf  1.0000
  -2.0714801683   0.6018206221  -4.2922491741
  -1.5424611776   0.4481263976  -4.5923275494
      
      
# 237  norm    -0.2865245527   -0.9580728995    0.0000000000
# nedges  18 
#  type   0  conf  1.0000
   1.5104285364  -0.4517139156  -4.5794936399
   2.0707631540  -0.6192894996  -4.2710609291
      
      
#  type   0  conf  1.0000
   2.0707631540  -0.6192894996  -4.2710609291
   2.5134098141  -0.7516689212  -3.9602512800
      
      
#  type   0  conf  1.0000
   2.5134098141  -0.7516689212  -3.9602512800
   2.5135727079  -0.7517176368  -3.8380692599
      
      
#  type   0  conf  1.0000
   2.5135727079  -0.7517176368  -3.8380692599
   1.4470348815  -0.4327551927  -2.1105192482
      
      
#  type   0  conf  1.0000
   1.4470348815  -0.4327551927  -2.1105192482
   1.4382158156  -0.4301177327  -2.0971365081
      
      
#  type   0  conf  1.0000
   1.4382158156  -0.4301177327  -2.0971365081
   1.1580273436  -0.3463236115  -1.7351251948
      
      
#  type   0  conf  1.0000
   1.1580273436  -0.3463236115  -1.7351251948
   0.7526089208  -0.2250777937  -1.3617714050
      
      
#  type   0  conf  1.0000
   0.7526089208  -0.2250777937  -1.3617714050
   0.3362748958  -0.1005675186  -1.0303058063
      
      
#  type   0  conf  1.0000
   0.3362748958  -0.1005675186  -1.0303058063
   0.0210982995  -0.0063097295  -0.8322707413
      
      
#  type   0  conf  1.0000
   0.0210982995  -0.0063097295  -0.8322707413
  -0.0387916063   0.0116011502  -0.8492964515
      
      
#  type   0  conf  1.0000
  -0.0387916063   0.0116011502  -0.8492964515
  -0.3221627824   0.0963471017  -1.0246206077
      
      
#  type   0  conf  1.0000
  -0.3221627824   0.0963471017  -1.0246206077
  -0.7604139953   0.2274120059  -1.3757430759
      
      
#  type   0  conf  1.0000
  -0.7604139953   0.2274120059  -1.3757430759
  -1.1601246569   0.3469508412  -1.7431413558
      
      
#  type   0  conf  1.0000
  -1.1601246569   0.3469508412  -1.7431413558
  -1.4264391745   0.4265957702  -2.0883281242
      
      
#  type   0  conf  1.0000
  -1.4264391745   0.4265957702  -2.0883281242
  -2.5227142349   0.7544515331  -3.8674448836
      
      
#  type   0  conf  1.0000
  -2.5227142349   0.7544515331  -3.8674448836
  -2.5219083362   0.7542105183  -3.9779243931
      
      
#  type   0  conf  1.0000
  -2.5219083362   0.7542105183  -3.9779243931
  -2.0863173045   0.6239411770  -4.2895004772
      
      
#  type   0  conf  1.0000
  -2.0863173045   0.6239411770  -4.2895004772
  -1.5459344210   0.4623324266  -4.5874992754
      
      
# 238  norm    -0.2940403252   -0.9557930148   -0.0000000000
# nedges  18 
#  type   0  conf  1.0000
   1.5069822059  -0.4636082615  -4.5794694230
   2.0747475685  -0.6382756940  -4.2727695344
      
      
#  type   0  conf  1.0000
   2.0747475685  -0.6382756940  -4.2727695344
   2.1400735282  -0.6583725833  -4.2288082779
      
      
#  type   0  conf  1.0000
   2.1400735282  -0.6583725833  -4.2288082779
   2.5257548232  -0.7770236423  -3.9584415697
      
      
#  type   0  conf  1.0000
   2.5257548232  -0.7770236423  -3.9584415697
   2.5239664091  -0.7764734543  -3.8340534394
      
      
#  type   0  conf  1.0000
   2.5239664091  -0.7764734543  -3.8340534394
   1.4345988570  -0.4413402358  -2.0979368556
      
      
#  type   0  conf  1.0000
   1.4345988570  -0.4413402358  -2.0979368556
   1.1547764924  -0.3552556360  -1.7356664422
      
      
#  type   0  conf  1.0000
   1.1547764924  -0.3552556360  -1.7356664422
   0.7491028859  -0.2304541389  -1.3611848597
      
      
#  type   0  conf  1.0000
   0.7491028859  -0.2304541389  -1.3611848597
   0.3346572495  -0.1029540130  -1.0300920007
      
      
#  type   0  conf  1.0000
   0.3346572495  -0.1029540130  -1.0300920007
   0.0219419128  -0.0067502138  -0.8334125079
      
      
#  type   0  conf  1.0000
   0.0219419128  -0.0067502138  -0.8334125079
  -0.0285021228   0.0087683979  -0.8435473165
      
      
#  type   0  conf  1.0000
  -0.0285021228   0.0087683979  -0.8435473165
  -0.3205159900   0.0986035935  -1.0233961840
      
      
#  type   0  conf  1.0000
  -0.3205159900   0.0986035935  -1.0233961840
  -0.7599516264   0.2337916473  -1.3768102738
      
      
#  type   0  conf  1.0000
  -0.7599516264   0.2337916473  -1.3768102738
  -1.1573264208   0.3560400965  -1.7431161635
      
      
#  type   0  conf  1.0000
  -1.1573264208   0.3560400965  -1.7431161635
  -1.4214897191   0.4373073383  -2.0860828439
      
      
#  type   0  conf  1.0000
  -1.4214897191   0.4373073383  -2.0860828439
  -2.5365432590   0.7803425985  -3.8678643264
      
      
#  type   0  conf  1.0000
  -2.5365432590   0.7803425985  -3.8678643264
  -2.5354813920   0.7800159256  -3.9775608645
      
      
#  type   0  conf  1.0000
  -2.5354813920   0.7800159256  -3.9775608645
  -2.0960255373   0.6448216519  -4.2891056130
      
      
#  type   0  conf  1.0000
  -2.0960255373   0.6448216519  -4.2891056130
  -1.5433847110   0.4748071344  -4.5875319499
      
      
# 239  norm    -0.3015379599   -0.9534541723    0.0000000000
# nedges  18 
#  type   0  conf  1.0000
   1.5023860824  -0.4751423272  -4.5801543087
   2.0880561947  -0.6603654622  -4.2691038814
      
      
#  type   0  conf  1.0000
   2.0880561947  -0.6603654622  -4.2691038814
   2.5339629604  -0.8013872547  -3.9606885895
      
      
#  type   0  conf  1.0000
   2.5339629604  -0.8013872547  -3.9606885895
   2.5334321524  -0.8012193822  -3.8335313875
      
      
#  type   0  conf  1.0000
   2.5334321524  -0.8012193822  -3.8335313875
   1.4311145618  -0.4526021050  -2.0993258595
      
      
#  type   0  conf  1.0000
   1.4311145618  -0.4526021050  -2.0993258595
   1.1518527987  -0.3642832064  -1.7364048702
      
      
#  type   0  conf  1.0000
   1.1518527987  -0.3642832064  -1.7364048702
   0.7482571723  -0.2366426702  -1.3625923926
      
      
#  type   0  conf  1.0000
   0.7482571723  -0.2366426702  -1.3625923926
   0.3335370960  -0.1054839324  -1.0302092160
      
      
#  type   0  conf  1.0000
   0.3335370960  -0.1054839324  -1.0302092160
   0.0208997288  -0.0066097163  -0.8327300331
      
      
#  type   0  conf  1.0000
   0.0208997288  -0.0066097163  -0.8327300331
  -0.0372871181   0.0117923670  -0.8478181886
      
      
#  type   0  conf  1.0000
  -0.0372871181   0.0117923670  -0.8478181886
  -0.3221518701   0.1018832583  -1.0253657832
      
      
#  type   0  conf  1.0000
  -0.3221518701   0.1018832583  -1.0253657832
  -0.7553047040   0.2388715118  -1.3742075985
      
      
#  type   0  conf  1.0000
  -0.7553047040   0.2388715118  -1.3742075985
  -1.1535532728   0.3648209958  -1.7422943276
      
      
#  type   0  conf  1.0000
  -1.1535532728   0.3648209958  -1.7422943276
  -1.4185987094   0.4486438607  -2.0873775110
      
      
#  type   0  conf  1.0000
  -1.4185987094   0.4486438607  -2.0873775110
  -2.5488398469   0.8060921961  -3.8700018926
      
      
#  type   0  conf  1.0000
  -2.5488398469   0.8060921961  -3.8700018926
  -2.5456261809   0.8050758470  -3.9782934855
      
      
#  type   0  conf  1.0000
  -2.5456261809   0.8050758470  -3.9782934855
  -2.1306389517   0.6738326199  -4.2694618530
      
      
#  type   0  conf  1.0000
  -2.1306389517   0.6738326199  -4.2694618530
  -2.0947499099   0.6624824064  -4.2931364261
      
      
#  type   0  conf  1.0000
  -2.0947499099   0.6624824064  -4.2931364261
  -1.5345120236   0.4853024283  -4.5918183987
      
      
# 240  norm    -0.3090169944   -0.9510565163    0.0000000000
# nedges  18 
#  type   0  conf  1.0000
   1.4978387033  -0.4866772965  -4.5806838028
   2.0944475633  -0.6805272660  -4.2692773746
      
      
#  type   0  conf  1.0000
   2.0944475633  -0.6805272660  -4.2692773746
   2.5441858214  -0.8266560843  -3.9611596280
      
      
#  type   0  conf  1.0000
   2.5441858214  -0.8266560843  -3.9611596280
   2.5449706545  -0.8269110920  -3.8347357266
      
      
#  type   0  conf  1.0000
   2.5449706545  -0.8269110920  -3.8347357266
   1.4278242811  -0.4639282317  -2.1012429240
      
      
#  type   0  conf  1.0000
   1.4278242811  -0.4639282317  -2.1012429240
   1.1481138201  -0.3730447937  -1.7366545899
      
      
#  type   0  conf  1.0000
   1.1481138201  -0.3730447937  -1.7366545899
   0.7452350506  -0.2421415463  -1.3622654834
      
      
#  type   0  conf  1.0000
   0.7452350506  -0.2421415463  -1.3622654834
   0.3301488569  -0.1072718663  -1.0288261162
      
      
#  type   0  conf  1.0000
   0.3301488569  -0.1072718663  -1.0288261162
   0.0214262539  -0.0069618119  -0.8336745887
      
      
#  type   0  conf  1.0000
   0.0214262539  -0.0069618119  -0.8336745887
  -0.0272117037   0.0088416185  -0.8423787580
      
      
#  type   0  conf  1.0000
  -0.0272117037   0.0088416185  -0.8423787580
  -0.3194111889   0.1037829865  -1.0232273564
      
      
#  type   0  conf  1.0000
  -0.3194111889   0.1037829865  -1.0232273564
  -0.7557488130   0.2455576748  -1.3761100471
      
      
#  type   0  conf  1.0000
  -0.7557488130   0.2455576748  -1.3761100471
  -1.1510368474   0.3739945428  -1.7429726153
      
      
#  type   0  conf  1.0000
  -1.1510368474   0.3739945428  -1.7429726153
  -1.4140024434   0.4594372444  -2.0863750976
      
      
#  type   0  conf  1.0000
  -1.4140024434   0.4594372444  -2.0863750976
  -2.5587948267   0.8314028378  -3.8659539922
      
      
#  type   0  conf  1.0000
  -2.5587948267   0.8314028378  -3.8659539922
  -2.5611828723   0.8321787609  -3.9749676421
      
      
#  type   0  conf  1.0000
  -2.5611828723   0.8321787609  -3.9749676421
  -2.1504030404   0.6987083027  -4.2618448064
      
      
#  type   0  conf  1.0000
  -2.1504030404   0.6987083027  -4.2618448064
  -2.0886715392   0.6786505220  -4.3009029781
      
      
#  type   0  conf  1.0000
  -2.0886715392   0.6786505220  -4.3009029781
  -1.5306938116   0.4973525683  -4.5912686070
      
      
# 241  norm    -0.3164769672   -0.9486001946   -0.0000000000
# nedges  18 
#  type   0  conf  1.0000
   1.4959721759  -0.4990940756  -4.5797944780
   2.0789545026  -0.6935916940  -4.2805697343
      
      
#  type   0  conf  1.0000
   2.0789545026  -0.6935916940  -4.2805697343
   2.1202813462  -0.7073793721  -4.2564654358
      
      
#  type   0  conf  1.0000
   2.1202813462  -0.7073793721  -4.2564654358
   2.5543550527  -0.8521973164  -3.9595260853
      
      
#  type   0  conf  1.0000
   2.5543550527  -0.8521973164  -3.9595260853
   2.5534309403  -0.8518890092  -3.8317998457
      
      
#  type   0  conf  1.0000
   2.5534309403  -0.8518890092  -3.8317998457
   1.4217041471  -0.4743163867  -2.0993190641
      
      
#  type   0  conf  1.0000
   1.4217041471  -0.4743163867  -2.0993190641
   1.1439218542  -0.3816412026  -1.7363759428
      
      
#  type   0  conf  1.0000
   1.1439218542  -0.3816412026  -1.7363759428
   0.7428409890  -0.2478305029  -1.3625903825
      
      
#  type   0  conf  1.0000
   0.7428409890  -0.2478305029  -1.3625903825
   0.3278118573  -0.1093663094  -1.0282405389
      
      
#  type   0  conf  1.0000
   0.3278118573  -0.1093663094  -1.0282405389
   0.0191199307  -0.0063788915  -0.8325136130
      
      
#  type   0  conf  1.0000
   0.0191199307  -0.0063788915  -0.8325136130
  -0.0407955924   0.0136104393  -0.8495764605
      
      
#  type   0  conf  1.0000
  -0.0407955924   0.0136104393  -0.8495764605
  -0.3213554152   0.1072122774  -1.0254200590
      
      
#  type   0  conf  1.0000
  -0.3213554152   0.1072122774  -1.0254200590
  -0.7500303002   0.2502290386  -1.3730072470
      
      
#  type   0  conf  1.0000
  -0.7500303002   0.2502290386  -1.3730072470
  -1.1466073674   0.3825371576  -1.7416251540
      
      
#  type   0  conf  1.0000
  -1.1466073674   0.3825371576  -1.7416251540
  -1.4097266417   0.4703203885  -2.0861929520
      
      
#  type   0  conf  1.0000
  -1.4097266417   0.4703203885  -2.0861929520
  -2.5697172287   0.8573225260  -3.8651077553
      
      
#  type   0  conf  1.0000
  -2.5697172287   0.8573225260  -3.8651077553
  -2.5714800457   0.8579106463  -3.9759034575
      
      
#  type   0  conf  1.0000
  -2.5714800457   0.8579106463  -3.9759034575
  -2.1165891689   0.7061475685  -4.2901827902
      
      
#  type   0  conf  1.0000
  -2.1165891689   0.7061475685  -4.2901827902
  -1.5351176756   0.5121540023  -4.5876157504
      
      
# 242  norm    -0.3239174182   -0.9460853588    0.0000000000
# nedges  18 
#  type   0  conf  1.0000
   1.4920466708  -0.5108417554  -4.5801117702
   2.1066855984  -0.7212796960  -4.2691053789
      
      
#  type   0  conf  1.0000
   2.1066855984  -0.7212796960  -4.2691053789
   2.5620561163  -0.8771878718  -3.9620806322
      
      
#  type   0  conf  1.0000
   2.5620561163  -0.8771878718  -3.9620806322
   2.5637909459  -0.8777818368  -3.8339601154
      
      
#  type   0  conf  1.0000
   2.5637909459  -0.8777818368  -3.8339601154
   1.4413306692  -0.4934777869  -2.1356938765
      
      
#  type   0  conf  1.0000
   1.4413306692  -0.4934777869  -2.1356938765
   1.4147682823  -0.4843834492  -2.0968195434
      
      
#  type   0  conf  1.0000
   1.4147682823  -0.4843834492  -2.0968195434
   1.1392716730  -0.3900598773  -1.7359356425
      
      
#  type   0  conf  1.0000
   1.1392716730  -0.3900598773  -1.7359356425
   0.7396041880  -0.2532231123  -1.3622131475
      
      
#  type   0  conf  1.0000
   0.7396041880  -0.2532231123  -1.3622131475
   0.3297218582  -0.1128890243  -1.0307308870
      
      
#  type   0  conf  1.0000
   0.3297218582  -0.1128890243  -1.0307308870
   0.0209690840  -0.0071793221  -0.8339046485
      
      
#  type   0  conf  1.0000
   0.0209690840  -0.0071793221  -0.8339046485
  -0.0297518792   0.0101863450  -0.8434229896
      
      
#  type   0  conf  1.0000
  -0.0297518792   0.0101863450  -0.8434229896
  -0.3174867235   0.1087000014  -1.0227391065
      
      
#  type   0  conf  1.0000
  -0.3174867235   0.1087000014  -1.0227391065
  -0.7513697632   0.2572513691  -1.3758771590
      
      
#  type   0  conf  1.0000
  -0.7513697632   0.2572513691  -1.3758771590
  -1.1437080968   0.3915788046  -1.7422705137
      
      
#  type   0  conf  1.0000
  -1.1437080968   0.3915788046  -1.7422705137
  -1.4065416223   0.4815668339  -2.0875664134
      
      
#  type   0  conf  1.0000
  -1.4065416223   0.4815668339  -2.0875664134
  -2.5812618416   0.8837634613  -3.8664668350
      
      
#  type   0  conf  1.0000
  -2.5812618416   0.8837634613  -3.8664668350
  -2.5827976225   0.8842892766  -3.9747508596
      
      
#  type   0  conf  1.0000
  -2.5827976225   0.8842892766  -3.9747508596
  -2.1262630821   0.7279825668  -4.2885651071
      
      
#  type   0  conf  1.0000
  -2.1262630821   0.7279825668  -4.2885651071
  -1.5319622738   0.5245079208  -4.5878356730
      
      
# 243  norm    -0.3313378885   -0.9435121640   -0.0000000000
# nedges  18 
#  type   0  conf  1.0000
   1.4877854914  -0.5224730767  -4.5802299547
   2.1134616442  -0.7421949025  -4.2689338507
      
      
#  type   0  conf  1.0000
   2.1134616442  -0.7421949025  -4.2689338507
   2.5717864231  -0.9031471087  -3.9623874983
      
      
#  type   0  conf  1.0000
   2.5717864231  -0.9031471087  -3.9623874983
   2.5740791112  -0.9039522435  -3.8330105055
      
      
#  type   0  conf  1.0000
   2.5740791112  -0.9039522435  -3.8330105055
   1.4246586129  -0.5003044948  -2.1185879476
      
      
#  type   0  conf  1.0000
   1.4246586129  -0.5003044948  -2.1185879476
   1.4002971712  -0.4917493654  -2.0846716430
      
      
#  type   0  conf  1.0000
   1.4002971712  -0.4917493654  -2.0846716430
   1.1356253217  -0.3988032275  -1.7366081873
      
      
#  type   0  conf  1.0000
   1.1356253217  -0.3988032275  -1.7366081873
   0.7355931081  -0.2583219131  -1.3612309500
      
      
#  type   0  conf  1.0000
   0.7355931081  -0.2583219131  -1.3612309500
   0.3241044719  -0.1138173894  -1.0277683938
      
      
#  type   0  conf  1.0000
   0.3241044719  -0.1138173894  -1.0277683938
   0.0206284077  -0.0072441812  -0.8342278980
      
      
#  type   0  conf  1.0000
   0.0206284077  -0.0072441812  -0.8342278980
  -0.0273072426   0.0095896210  -0.8417251665
      
      
#  type   0  conf  1.0000
  -0.0273072426   0.0095896210  -0.8417251665
  -0.3173582391   0.1114482810  -1.0231473232
      
      
#  type   0  conf  1.0000
  -0.3173582391   0.1114482810  -1.0231473232
  -0.7476473743   0.2625550701  -1.3744464799
      
      
#  type   0  conf  1.0000
  -0.7476473743   0.2625550701  -1.3744464799
  -1.1416154840   0.4009068228  -1.7436966074
      
      
#  type   0  conf  1.0000
  -1.1416154840   0.4009068228  -1.7436966074
  -1.4026985123   0.4925926564  -2.0885964696
      
      
#  type   0  conf  1.0000
  -1.4026985123   0.4925926564  -2.0885964696
  -2.5926015715   0.9104568686  -3.8657916389
      
      
#  type   0  conf  1.0000
  -2.5926015715   0.9104568686  -3.8657916389
  -2.5942112272   0.9110221394  -3.9754412498
      
      
#  type   0  conf  1.0000
  -2.5942112272   0.9110221394  -3.9754412498
  -2.1305002701   0.7481784420  -4.2901997531
      
      
#  type   0  conf  1.0000
  -2.1305002701   0.7481784420  -4.2901997531
  -1.5292950816   0.5370502072  -4.5877089943
      
      
# 244  norm    -0.3387379202   -0.9408807690    0.0000000000
# nedges  19 
#  type   0  conf  1.0000
   1.4840609275  -0.5342948105  -4.5801292708
   2.1173417686  -0.7622899424  -4.2698744744
      
      
#  type   0  conf  1.0000
   2.1173417686  -0.7622899424  -4.2698744744
   2.5737980351  -0.9266243102  -3.9678166614
      
      
#  type   0  conf  1.0000
   2.5737980351  -0.9266243102  -3.9678166614
   2.5823252139  -0.9296942835  -3.9298274629
      
      
#  type   0  conf  1.0000
   2.5823252139  -0.9296942835  -3.9298274629
   2.5809350893  -0.9291938078  -3.8282760573
      
      
#  type   0  conf  1.0000
   2.5809350893  -0.9291938078  -3.8282760573
   1.4081831768  -0.5069771393  -2.1021232135
      
      
#  type   0  conf  1.0000
   1.4081831768  -0.5069771393  -2.1021232135
   1.1308459160  -0.4071295815  -1.7363780438
      
      
#  type   0  conf  1.0000
   1.1308459160  -0.4071295815  -1.7363780438
   0.7317465319  -0.2634449619  -1.3605929596
      
      
#  type   0  conf  1.0000
   0.7317465319  -0.2634449619  -1.3605929596
   0.3275415422  -0.1179222112  -1.0317153720
      
      
#  type   0  conf  1.0000
   0.3275415422  -0.1179222112  -1.0317153720
   0.2177477962  -0.0783940304  -0.9606846449
      
      
#  type   0  conf  1.0000
   0.2177477962  -0.0783940304  -0.9606846449
   0.0237412919  -0.0085473910  -0.8384873406
      
      
#  type   4  conf  0.0000
#  type   0  conf  1.0000
  -0.0265769975   0.0095683079  -0.8417146830
  -0.3148230014   0.1133432548  -1.0216282280
      
      
#  type   0  conf  1.0000
  -0.3148230014   0.1133432548  -1.0216282280
  -0.7443036530   0.2679658037  -1.3734104983
      
      
#  type   0  conf  1.0000
  -0.7443036530   0.2679658037  -1.3734104983
  -1.1373161345   0.4094590035  -1.7430509391
      
      
#  type   0  conf  1.0000
  -1.1373161345   0.4094590035  -1.7430509391
  -1.3985785037   0.5035192442  -2.0894817954
      
      
#  type   0  conf  1.0000
  -1.3985785037   0.5035192442  -2.0894817954
  -2.6040669271   0.9375217819  -3.8666078529
      
      
#  type   0  conf  1.0000
  -2.6040669271   0.9375217819  -3.8666078529
  -2.6052639667   0.9379527427  -3.9750427632
      
      
#  type   0  conf  1.0000
  -2.6052639667   0.9379527427  -3.9750427632
  -2.1393074719   0.7701980822  -4.2890358807
      
      
#  type   0  conf  1.0000
  -2.1393074719   0.7701980822  -4.2890358807
  -1.5258931901   0.5493553517  -4.5879017495
      
      
# 245  norm    -0.3461170571   -0.9381913359    0.0000000000
# nedges  17 
#  type   0  conf  1.0000
   1.4793387233  -0.5457568683  -4.5801489235
   2.1244255698  -0.7837419704  -4.2692631020
      
      
#  type   0  conf  1.0000
   2.1244255698  -0.7837419704  -4.2692631020
   2.5904286851  -0.9556595960  -3.9618988258
      
      
#  type   0  conf  1.0000
   2.5904286851  -0.9556595960  -3.9618988258
   2.5886221754  -0.9549931394  -3.8258785306
      
      
#  type   0  conf  1.0000
   2.5886221754  -0.9549931394  -3.8258785306
   1.4054964799  -0.5185150265  -2.1062042985
      
      
#  type   0  conf  1.0000
   1.4054964799  -0.5185150265  -2.1062042985
   1.1273388745  -0.4158972681  -1.7374457832
      
      
#  type   0  conf  1.0000
   1.1273388745  -0.4158972681  -1.7374457832
   0.7284463001  -0.2687380282  -1.3603505020
      
      
#  type   0  conf  1.0000
   0.7284463001  -0.2687380282  -1.3603505020
   0.3201220432  -0.1180992568  -1.0271135477
      
      
#  type   0  conf  1.0000
   0.3201220432  -0.1180992568  -1.0271135477
   0.0241761278  -0.0089190444  -0.8375640730
      
      
#  type   4  conf  0.0000
#  type   0  conf  1.0000
  -0.0261624659   0.0096518432  -0.8422855388
  -0.3125618416   0.1153101512  -1.0200032026
      
      
#  type   0  conf  1.0000
  -0.3125618416   0.1153101512  -1.0200032026
  -0.7452953378   0.2749539663  -1.3763623441
      
      
#  type   0  conf  1.0000
  -0.7452953378   0.2749539663  -1.3763623441
  -1.1341785517   0.4184205582  -1.7438097501
      
      
#  type   0  conf  1.0000
  -1.1341785517   0.4184205582  -1.7438097501
  -1.3989697066   0.5161071727  -2.0968252068
      
      
#  type   0  conf  1.0000
  -1.3989697066   0.5161071727  -2.0968252068
  -2.6152614416   0.9648208836  -3.8674884256
      
      
#  type   0  conf  1.0000
  -2.6152614416   0.9648208836  -3.8674884256
  -2.6147904889   0.9646471399  -3.9757183902
      
      
#  type   0  conf  1.0000
  -2.6147904889   0.9646471399  -3.9757183902
  -2.1451113456   0.7913733560  -4.2894177999
      
      
#  type   0  conf  1.0000
  -2.1451113456   0.7913733560  -4.2894177999
  -1.5226499929   0.5617352392  -4.5877610291
      
      
# 246  norm    -0.3534748438   -0.9354440308   -0.0000000000
# nedges  19 
#  type   0  conf  1.0000
   1.4753725405  -0.5574968262  -4.5799602986
   2.1295469251  -0.8046887273  -4.2693056544
      
      
#  type   0  conf  1.0000
   2.1295469251  -0.8046887273  -4.2693056544
   2.5976631262  -0.9815750996  -3.9631693491
      
      
#  type   0  conf  1.0000
   2.5976631262  -0.9815750996  -3.9631693491
   2.6000837853  -0.9824897904  -3.8300395911
      
      
#  type   0  conf  1.0000
   2.6000837853  -0.9824897904  -3.8300395911
   1.3998615155  -0.5289635875  -2.1060406603
      
      
#  type   3  conf  0.0000
#  type   0  conf  1.0000
   1.3830158371  -0.5225981361  -2.0838210283
   1.1218585496  -0.4239150205  -1.7367924421
      
      
#  type   0  conf  1.0000
   1.1218585496  -0.4239150205  -1.7367924421
   0.7239685612  -0.2735649228  -1.3592788815
      
      
#  type   0  conf  1.0000
   0.7239685612  -0.2735649228  -1.3592788815
   0.3207948658  -0.1212182785  -1.0290891010
      
      
#  type   0  conf  1.0000
   0.3207948658  -0.1212182785  -1.0290891010
   0.0204542461  -0.0077290155  -0.8349689107
      
      
#  type   4  conf  0.0000
#  type   0  conf  1.0000
  -0.0272738708   0.0103059370  -0.8410753917
  -0.3149043695   0.1189924454  -1.0227684366
      
      
#  type   0  conf  1.0000
  -0.3149043695   0.1189924454  -1.0227684366
  -0.7419509576   0.2803599042  -1.3754713457
      
      
#  type   0  conf  1.0000
  -0.7419509576   0.2803599042  -1.3754713457
  -1.1307338221   0.4272687066  -1.7443193575
      
      
#  type   0  conf  1.0000
  -1.1307338221   0.4272687066  -1.7443193575
  -1.3937696573   0.5266616662  -2.0963569184
      
      
#  type   0  conf  1.0000
  -1.3937696573   0.5266616662  -2.0963569184
  -2.6245809289   0.9917464897  -3.8658678425
      
      
#  type   0  conf  1.0000
  -2.6245809289   0.9917464897  -3.8658678425
  -2.6260469363   0.9923004477  -3.9746516909
      
      
#  type   0  conf  1.0000
  -2.6260469363   0.9923004477  -3.9746516909
  -2.1622086330   0.8170305583  -4.2820939544
      
      
#  type   0  conf  1.0000
  -2.1622086330   0.8170305583  -4.2820939544
  -2.1384530208   0.8080540605  -4.2953241127
      
      
#  type   0  conf  1.0000
  -2.1384530208   0.8080540605  -4.2953241127
  -1.5134824021   0.5718973429  -4.5911321235
      
      
# 247  norm    -0.3608108265   -0.9326390231    0.0000000000
# nedges  19 
#  type   0  conf  1.0000
   1.4710207379  -0.5690950036  -4.5800355415
   2.1329918853  -0.8251923262  -4.2694369940
      
      
#  type   0  conf  1.0000
   2.1329918853  -0.8251923262  -4.2694369940
   2.6039667369  -1.0073987547  -3.9634979946
      
      
#  type   0  conf  1.0000
   2.6039667369  -1.0073987547  -3.9634979946
   2.6045237109  -1.0076142317  -3.8258279309
      
      
#  type   0  conf  1.0000
   2.6045237109  -1.0076142317  -3.8258279309
   1.3922417614  -0.5386177161  -2.1031583428
      
      
#  type   0  conf  1.0000
   1.3922417614  -0.5386177161  -2.1031583428
   1.1176142245  -0.4323723349  -1.7370633087
      
      
#  type   0  conf  1.0000
   1.1176142245  -0.4323723349  -1.7370633087
   0.7210750612  -0.2789629024  -1.3595696787
      
      
#  type   0  conf  1.0000
   0.7210750612  -0.2789629024  -1.3595696787
   0.3180755472  -0.1230541487  -1.0283225507
      
      
#  type   0  conf  1.0000
   0.3180755472  -0.1230541487  -1.0283225507
   0.0194977680  -0.0075431175  -0.8345954884
      
      
#  type   0  conf  1.0000
   0.0194977680  -0.0075431175  -0.8345954884
  -0.0283441077   0.0109655083  -0.8416007057
      
      
#  type   0  conf  1.0000
  -0.0283441077   0.0109655083  -0.8416007057
  -0.3136878277   0.1213566681  -1.0224785377
      
      
#  type   0  conf  1.0000
  -0.3136878277   0.1213566681  -1.0224785377
  -0.7390959383   0.2859346539  -1.3751966981
      
      
#  type   0  conf  1.0000
  -0.7390959383   0.2859346539  -1.3751966981
  -1.1264956461   0.4358082978  -1.7441558387
      
      
#  type   0  conf  1.0000
  -1.1264956461   0.4358082978  -1.7441558387
  -1.3707296669   0.5302953144  -2.0718053270
      
      
#  type   0  conf  1.0000
  -1.3707296669   0.5302953144  -2.0718053270
  -1.4091177636   0.5451465490  -2.1243674845
      
      
#  type   0  conf  1.0000
  -1.4091177636   0.5451465490  -2.1243674845
  -2.6370811576   1.0202097579  -3.8734907288
      
      
#  type   0  conf  1.0000
  -2.6370811576   1.0202097579  -3.8734907288
  -2.6306620471   1.0177263913  -3.9771584304
      
      
#  type   0  conf  1.0000
  -2.6306620471   1.0177263913  -3.9771584304
  -2.1806492910   0.8436295860  -4.2726427181
      
      
#  type   0  conf  1.0000
  -2.1806492910   0.8436295860  -4.2726427181
  -2.1318668713   0.8247570911  -4.3006293263
      
      
#  type   0  conf  1.0000
  -2.1318668713   0.8247570911  -4.3006293263
  -1.5090873641   0.5838218706  -4.5912203074
      
      
# 248  norm    -0.3681245527   -0.9297764859    0.0000000000
# nedges  19 
#  type   0  conf  1.0000
   1.4663955257  -0.5805870606  -4.5798695616
   2.1336977808  -0.8447907137  -4.2713355173
      
      
#  type   0  conf  1.0000
   2.1336977808  -0.8447907137  -4.2713355173
   2.6084152624  -1.0327446610  -3.9662710006
      
      
#  type   0  conf  1.0000
   2.6084152624  -1.0327446610  -3.9662710006
   2.6133962147  -1.0347167595  -3.8274910212
      
      
#  type   0  conf  1.0000
   2.6133962147  -1.0347167595  -3.8274910212
   1.3923946288  -0.5512880328  -2.1112509398
      
      
#  type   0  conf  1.0000
   1.3923946288  -0.5512880328  -2.1112509398
   1.1129283587  -0.4406395090  -1.7374127990
      
      
#  type   0  conf  1.0000
   1.1129283587  -0.4406395090  -1.7374127990
   0.7153832164  -0.2832402524  -1.3576071586
      
      
#  type   0  conf  1.0000
   0.7153832164  -0.2832402524  -1.3576071586
   0.3236553951  -0.1281442361  -1.0340725159
      
      
#  type   0  conf  1.0000
   0.3236553951  -0.1281442361  -1.0340725159
   0.2636811097  -0.1043987367  -0.9935781085
      
      
#  type   0  conf  1.0000
   0.2636811097  -0.1043987367  -0.9935781085
   0.0234156840  -0.0092709252  -0.8393133541
      
      
#  type   4  conf  0.0000
#  type   0  conf  1.0000
  -0.0263629743   0.0104378399  -0.8407339404
  -0.3110938948   0.1231707863  -1.0210748444
      
      
#  type   0  conf  1.0000
  -0.3110938948   0.1231707863  -1.0210748444
  -0.7311844240   0.2894963931  -1.3702492045
      
      
#  type   0  conf  1.0000
  -0.7311844240   0.2894963931  -1.3702492045
  -1.1170406018   0.4422676612  -1.7389243623
      
      
#  type   0  conf  1.0000
  -1.1170406018   0.4422676612  -1.7389243623
  -1.2854654085   0.5089517596  -1.9615444776
      
      
#  type   0  conf  1.0000
  -1.2854654085   0.5089517596  -1.9615444776
  -2.6424639455   1.0462254883  -3.8647922375
      
      
#  type   0  conf  1.0000
  -2.6424639455   1.0462254883  -3.8647922375
  -2.6419948287   1.0460397518  -3.9756502666
      
      
#  type   0  conf  1.0000
  -2.6419948287   1.0460397518  -3.9756502666
  -2.1720795238   0.8599871208  -4.2816592090
      
      
#  type   0  conf  1.0000
  -2.1720795238   0.8599871208  -4.2816592090
  -2.1373922976   0.8462534764  -4.3006135010
      
      
#  type   0  conf  1.0000
  -2.1373922976   0.8462534764  -4.3006135010
  -1.5045415726   0.5956901490  -4.5912414986
      
      
# 249  norm    -0.3754155712   -0.9268565956    0.0000000000
# nedges  17 
#  type   0  conf  1.0000
   1.4620964225  -0.5922100207  -4.5799117198
   2.1402101115  -0.8668743421  -4.2701439251
      
      
#  type   0  conf  1.0000
   2.1402101115  -0.8668743421  -4.2701439251
   2.6160680529  -1.0596166517  -3.9645118096
      
      
#  type   0  conf  1.0000
   2.6160680529  -1.0596166517  -3.9645118096
   2.6196318996  -1.0610601582  -3.8247321135
      
      
#  type   0  conf  1.0000
   2.6196318996  -1.0610601582  -3.8247321135
   1.3281210948  -0.5379444262  -2.0331937001
      
      
#  type   0  conf  1.0000
   1.3281210948  -0.5379444262  -2.0331937001
   1.1043207340  -0.4472959475  -1.7340396010
      
      
#  type   0  conf  1.0000
   1.1043207340  -0.4472959475  -1.7340396010
   0.7146479403  -0.2894622167  -1.3599318807
      
      
#  type   0  conf  1.0000
   0.7146479403  -0.2894622167  -1.3599318807
   0.3155574946  -0.1278139441  -1.0288745540
      
      
#  type   0  conf  1.0000
   0.3155574946  -0.1278139441  -1.0288745540
   0.0183314489  -0.0074250012  -0.8346275410
      
      
#  type   4  conf  0.0000
#  type   0  conf  1.0000
  -0.0286235143   0.0115937169  -0.8414655516
  -0.3122768499   0.1264851462  -1.0225120641
      
      
#  type   0  conf  1.0000
  -0.3122768499   0.1264851462  -1.0225120641
  -0.7316202225   0.2963366987  -1.3729589213
      
      
#  type   0  conf  1.0000
  -0.7316202225   0.2963366987  -1.3729589213
  -1.1376814255   0.4608084187  -1.7629614557
      
      
#  type   0  conf  1.0000
  -1.1376814255   0.4608084187  -1.7629614557
  -2.6495494486   1.0731780131  -3.8637962258
      
      
#  type   0  conf  1.0000
  -2.6495494486   1.0731780131  -3.8637962258
  -2.6501952236   1.0734395789  -3.9747940480
      
      
#  type   0  conf  1.0000
  -2.6501952236   1.0734395789  -3.9747940480
  -2.1762325389   0.8814649273  -4.2823853645
      
      
#  type   0  conf  1.0000
  -2.1762325389   0.8814649273  -4.2823853645
  -2.1427832356   0.8679165647  -4.3001342962
      
      
#  type   0  conf  1.0000
  -2.1427832356   0.8679165647  -4.3001342962
  -1.5000727127   0.6075920018  -4.5915694103
      
      
# 250  norm    -0.3826834324   -0.9238795325    0.0000000000
# nedges  18 
#  type   0  conf  1.0000
   1.4573168968  -0.6036404233  -4.5797458306
   2.1396782114  -0.8862837343  -4.2720060100
      
      
#  type   0  conf  1.0000
   2.1396782114  -0.8862837343  -4.2720060100
   2.6198603901  -1.0851817051  -3.9669525537
      
      
#  type   0  conf  1.0000
   2.6198603901  -1.0851817051  -3.9669525537
   2.6275651688  -1.0883731289  -3.8271558374
      
      
#  type   0  conf  1.0000
   2.6275651688  -1.0883731289  -3.8271558374
   1.2877219521  -0.5333918971  -1.9845265351
      
      
#  type   0  conf  1.0000
   1.2877219521  -0.5333918971  -1.9845265351
   1.0995146592  -0.4554338839  -1.7345727113
      
      
#  type   0  conf  1.0000
   1.0995146592  -0.4554338839  -1.7345727113
   0.7110662444  -0.2945332822  -1.3599574069
      
      
#  type   0  conf  1.0000
   0.7110662444  -0.2945332822  -1.3599574069
   0.3150024069  -0.1304782691  -1.0298603884
      
      
#  type   0  conf  1.0000
   0.3150024069  -0.1304782691  -1.0298603884
   0.0181984348  -0.0075380385  -0.8349898813
      
      
#  type   0  conf  1.0000
   0.0181984348  -0.0075380385  -0.8349898813
  -0.0279991463   0.0115976262  -0.8408731341
      
      
#  type   0  conf  1.0000
  -0.0279991463   0.0115976262  -0.8408731341
  -0.3114256605   0.1289967322  -1.0226869402
      
      
#  type   0  conf  1.0000
  -0.3114256605   0.1289967322  -1.0226869402
  -0.7259432055   0.3006955212  -1.3704270012
      
      
#  type   0  conf  1.0000
  -0.7259432055   0.3006955212  -1.3704270012
  -1.1099911720   0.4597733976  -1.7404896679
      
      
#  type   0  conf  1.0000
  -1.1099911720   0.4597733976  -1.7404896679
  -1.2524956812   0.5188006980  -1.9292454585
      
      
#  type   0  conf  1.0000
  -1.2524956812   0.5188006980  -1.9292454585
  -2.6582955481   1.1011020688  -3.8659763312
      
      
#  type   0  conf  1.0000
  -2.6582955481   1.1011020688  -3.8659763312
  -2.6564978403   1.1003574338  -3.9760005036
      
      
#  type   0  conf  1.0000
  -2.6564978403   1.1003574338  -3.9760005036
  -2.1957730931   0.9095189950  -4.2723199325
      
      
#  type   0  conf  1.0000
  -2.1957730931   0.9095189950  -4.2723199325
  -2.1479330184   0.8897029873  -4.2997429120
      
      
#  type   0  conf  1.0000
  -2.1479330184   0.8897029873  -4.2997429120
  -1.4967651456   0.6199804230  -4.5914866196
      
      
# 251  norm    -0.3899276878   -0.9208454801   -0.0000000000
# nedges  18 
#  type   0  conf  1.0000
   1.4519313790  -0.6148135140  -4.5800850623
   2.1416903133  -0.9068886907  -4.2731118873
      
      
#  type   0  conf  1.0000
   2.1416903133  -0.9068886907  -4.2731118873
   2.6259746015  -1.1119565949  -3.9674198385
      
      
#  type   0  conf  1.0000
   2.6259746015  -1.1119565949  -3.9674198385
   2.6343659371  -1.1155098665  -3.8276301728
      
      
#  type   0  conf  1.0000
   2.6343659371  -1.1155098665  -3.8276301728
   1.2605032902  -0.5337541900  -1.9547242740
      
      
#  type   0  conf  1.0000
   1.2605032902  -0.5337541900  -1.9547242740
   1.0943971460  -0.4634173245  -1.7348146709
      
      
#  type   0  conf  1.0000
   1.0943971460  -0.4634173245  -1.7348146709
   0.7074807595  -0.2995794003  -1.3600724400
      
      
#  type   0  conf  1.0000
   0.7074807595  -0.2995794003  -1.3600724400
   0.3132101148  -0.1326273501  -1.0297800245
      
      
#  type   0  conf  1.0000
   0.3132101148  -0.1326273501  -1.0297800245
   0.0190651299  -0.0080730396  -0.8358142605
      
      
#  type   4  conf  0.0000
#  type   0  conf  1.0000
  -0.0259344968   0.0109818407  -0.8393484677
  -0.3100964613   0.1313088882  -1.0221158340
      
      
#  type   0  conf  1.0000
  -0.3100964613   0.1313088882  -1.0221158340
  -0.7229439497   0.3061272155  -1.3704210793
      
      
#  type   0  conf  1.0000
  -0.7229439497   0.3061272155  -1.3704210793
  -1.1190241307   0.4738455053  -1.7538670367
      
      
#  type   0  conf  1.0000
  -1.1190241307   0.4738455053  -1.7538670367
  -2.6636852700   1.1279250002  -3.8622429889
      
      
#  type   0  conf  1.0000
  -2.6636852700   1.1279250002  -3.8622429889
  -2.6677290044   1.1296373005  -3.9526996821
      
      
#  type   0  conf  1.0000
  -2.6677290044   1.1296373005  -3.9526996821
  -2.6463692589   1.1205926167  -3.9890167309
      
      
#  type   0  conf  1.0000
  -2.6463692589   1.1205926167  -3.9890167309
  -2.1884734130   0.9266987742  -4.2793804359
      
      
#  type   0  conf  1.0000
  -2.1884734130   0.9266987742  -4.2793804359
  -2.1526574200   0.9115326604  -4.2995868677
      
      
#  type   0  conf  1.0000
  -2.1526574200   0.9115326604  -4.2995868677
  -1.4928817833   0.6321537700  -4.5919314855
      
      
# 252  norm    -0.3971478906   -0.9177546257    0.0000000000
# nedges  19 
#  type   0  conf  1.0000
   1.4465191887  -0.6259647497  -4.5805936160
   2.1461809739  -0.9287354406  -4.2722719818
      
      
#  type   0  conf  1.0000
   2.1461809739  -0.9287354406  -4.2722719818
   2.5465606025  -1.1019951775  -4.0212116858
      
      
#  type   0  conf  1.0000
   2.5465606025  -1.1019951775  -4.0212116858
   2.6329223529  -1.1393672441  -3.9576969910
      
      
#  type   0  conf  1.0000
   2.6329223529  -1.1393672441  -3.9576969910
   2.6391364867  -1.1420563400  -3.8259514316
      
      
#  type   0  conf  1.0000
   2.6391364867  -1.1420563400  -3.8259514316
   1.1878237362  -0.5140172308  -1.8639724946
      
      
#  type   0  conf  1.0000
   1.1878237362  -0.5140172308  -1.8639724946
   1.0890132620  -0.4712581204  -1.7350426746
      
      
#  type   0  conf  1.0000
   1.0890132620  -0.4712581204  -1.7350426746
   0.7054174535  -0.3052613911  -1.3614436829
      
      
#  type   0  conf  1.0000
   0.7054174535  -0.3052613911  -1.3614436829
   0.3140323614  -0.1358939377  -1.0319432153
      
      
#  type   0  conf  1.0000
   0.3140323614  -0.1358939377  -1.0319432153
   0.0182499166  -0.0078974441  -0.8354657321
      
      
#  type   4  conf  0.0000
#  type   0  conf  1.0000
  -0.0265936136   0.0115080842  -0.8396681097
  -0.3093623853   0.1338730586  -1.0223904802
      
      
#  type   0  conf  1.0000
  -0.3093623853   0.1338730586  -1.0223904802
  -0.7208300455   0.3119310152  -1.3710056951
      
      
#  type   0  conf  1.0000
  -0.7208300455   0.3119310152  -1.3710056951
  -1.1103165082   0.4804768582  -1.7500464818
      
      
#  type   0  conf  1.0000
  -1.1103165082   0.4804768582  -1.7500464818
  -2.6712945129   1.1559723606  -3.8628318769
      
      
#  type   0  conf  1.0000
  -2.6712945129   1.1559723606  -3.8628318769
  -2.6750251503   1.1575867515  -3.9458187410
      
      
#  type   0  conf  1.0000
  -2.6750251503   1.1575867515  -3.9458187410
  -2.6563014215   1.1494842705  -3.9849757122
      
      
#  type   0  conf  1.0000
  -2.6563014215   1.1494842705  -3.9849757122
  -2.2286771312   0.9644347157  -4.2572208265
      
      
#  type   0  conf  1.0000
  -2.2286771312   0.9644347157  -4.2572208265
  -2.1574269541   0.9336020109  -4.2992214135
      
      
#  type   0  conf  1.0000
  -2.1574269541   0.9336020109  -4.2992214135
  -1.4980048483   0.6482445841  -4.5884838326
      
      
# 253  norm    -0.4043435955   -0.9146071598    0.0000000000
# nedges  16 
#  type   0  conf  1.0000
   1.4434770350  -0.6381545215  -4.5796269531
   2.1456008039  -0.9485601926  -4.2741751477
      
      
#  type   0  conf  1.0000
   2.1456008039  -0.9485601926  -4.2741751477
   2.6360814017  -1.1653993965  -3.9689074745
      
      
#  type   0  conf  1.0000
   2.6360814017  -1.1653993965  -3.9689074745
   2.6451889307  -1.1694257930  -3.8263132500
      
      
#  type   0  conf  1.0000
   2.6451889307  -1.1694257930  -3.8263132500
   1.1050999840  -0.4885595921  -1.7610000879
      
      
#  type   0  conf  1.0000
   1.1050999840  -0.4885595921  -1.7610000879
   1.0703484304  -0.4731960910  -1.7222172534
      
      
#  type   0  conf  1.0000
   1.0703484304  -0.4731960910  -1.7222172534
   0.6985419869  -0.3088221818  -1.3586613598
      
      
#  type   0  conf  1.0000
   0.6985419869  -0.3088221818  -1.3586613598
   0.3096863674  -0.1369109108  -1.0300188645
      
      
#  type   0  conf  1.0000
   0.3096863674  -0.1369109108  -1.0300188645
   0.0176971766  -0.0078238399  -0.8354372265
      
      
#  type   4  conf  0.0000
#  type   0  conf  1.0000
  -0.0275191576   0.0121660923  -0.8398533597
  -0.3084605331   0.1363689751  -1.0224211635
      
      
#  type   0  conf  1.0000
  -0.3084605331   0.1363689751  -1.0224211635
  -0.7198744756   0.3182531765  -1.3728506320
      
      
#  type   0  conf  1.0000
  -0.7198744756   0.3182531765  -1.3728506320
  -1.1030316920   0.4876452098  -1.7482393157
      
      
#  type   0  conf  1.0000
  -1.1030316920   0.4876452098  -1.7482393157
  -2.6793353787   1.1845217797  -3.8643497053
      
      
#  type   0  conf  1.0000
  -2.6793353787   1.1845217797  -3.8643497053
  -2.6799529030   1.1847947843  -3.9754659006
      
      
#  type   0  conf  1.0000
  -2.6799529030   1.1847947843  -3.9754659006
  -2.1726155318   0.9605032788  -4.2946846621
      
      
#  type   0  conf  1.0000
  -2.1726155318   0.9605032788  -4.2946846621
  -1.5011367202   0.6636456017  -4.5848819563
      
      
# 254  norm    -0.4115143586   -0.9114032766   -0.0000000000
# nedges  19 
#  type   0  conf  1.0000
   1.4371660322  -0.6489053453  -4.5810755591
   2.1499333830  -0.9707321444  -4.2730333063
      
      
#  type   0  conf  1.0000
   2.1499333830  -0.9707321444  -4.2730333063
   2.6426092725  -1.1931838383  -3.9676699060
      
      
#  type   0  conf  1.0000
   2.6426092725  -1.1931838383  -3.9676699060
   2.6495142986  -1.1963015771  -3.8255418985
      
      
#  type   0  conf  1.0000
   2.6495142986  -1.1963015771  -3.8255418985
   1.0934650968  -0.4937184225  -1.7540642764
      
      
#  type   0  conf  1.0000
   1.0934650968  -0.4937184225  -1.7540642764
   1.0699319585  -0.4830928031  -1.7274220484
      
      
#  type   0  conf  1.0000
   1.0699319585  -0.4830928031  -1.7274220484
   0.6973217706  -0.3148528522  -1.3612908308
      
      
#  type   0  conf  1.0000
   0.6973217706  -0.3148528522  -1.3612908308
   0.3081988020  -0.1391570950  -1.0304791950
      
      
#  type   0  conf  1.0000
   0.3081988020  -0.1391570950  -1.0304791950
   0.0179099348  -0.0080866457  -0.8359977605
      
      
#  type   4  conf  0.0000
#  type   0  conf  1.0000
  -0.0264833413   0.0119576871  -0.8389817827
  -0.3073985554   0.1387957698  -1.0224495874
      
      
#  type   0  conf  1.0000
  -0.3073985554   0.1387957698  -1.0224495874
  -0.7151426930   0.3228993072  -1.3712457202
      
      
#  type   0  conf  1.0000
  -0.7151426930   0.3228993072  -1.3712457202
  -1.0827110840   0.4888627995  -1.7330410381
      
      
#  type   0  conf  1.0000
  -1.0827110840   0.4888627995  -1.7330410381
  -1.1085907158   0.5005479013  -1.7619782603
      
      
#  type   0  conf  1.0000
  -1.1085907158   0.5005479013  -1.7619782603
  -2.6775015907   1.2089383240  -3.8552451866
      
      
#  type   0  conf  1.0000
  -2.6775015907   1.2089383240  -3.8552451866
  -2.6880097872   1.2136829567  -3.9331315387
      
      
#  type   0  conf  1.0000
  -2.6880097872   1.2136829567  -3.9331315387
  -2.6827710577   1.2113175796  -3.9769916588
      
      
#  type   0  conf  1.0000
  -2.6827710577   1.2113175796  -3.9769916588
  -2.3309681114   1.0524724586  -4.1978625062
      
      
#  type   0  conf  1.0000
  -2.3309681114   1.0524724586  -4.1978625062
  -2.1661111101   0.9780366683  -4.2989356526
      
      
#  type   0  conf  1.0000
  -2.1661111101   0.9780366683  -4.2989356526
  -1.4871383684   0.6714687203  -4.5900866006
      
      
# 255  norm    -0.4186597375   -0.9081431738    0.0000000000
# nedges  19 
#  type   0  conf  1.0000
   1.4325000603  -0.6603915732  -4.5808948672
   2.1408829875  -0.9869605757  -4.2777483391
      
      
#  type   0  conf  1.0000
   2.1408829875  -0.9869605757  -4.2777483391
   2.5482368371  -1.1747532726  -4.0310635555
      
      
#  type   0  conf  1.0000
   2.5482368371  -1.1747532726  -4.0310635555
   2.6476741831  -1.2205945170  -3.9580167132
      
      
#  type   0  conf  1.0000
   2.6476741831  -1.2205945170  -3.9580167132
   2.6493955896  -1.2213880962  -3.8199408204
      
      
#  type   0  conf  1.0000
   2.6493955896  -1.2213880962  -3.8199408204
   1.0739818531  -0.4951124158  -1.7368333288
      
      
#  type   0  conf  1.0000
   1.0739818531  -0.4951124158  -1.7368333288
   0.6907100261  -0.3184216835  -1.3586250545
      
      
#  type   0  conf  1.0000
   0.6907100261  -0.3184216835  -1.3586250545
   0.3046027712  -0.1404238009  -1.0292757270
      
      
#  type   0  conf  1.0000
   0.3046027712  -0.1404238009  -1.0292757270
   0.0181189545  -0.0083529524  -0.8366703747
      
      
#  type   4  conf  0.0000
#  type   0  conf  1.0000
  -0.0251100204   0.0115758779  -0.8379455759
  -0.3062355730   0.1411765329  -1.0224419446
      
      
#  type   0  conf  1.0000
  -0.3062355730   0.1411765329  -1.0224419446
  -0.7110499280   0.3277985067  -1.3704842363
      
      
#  type   0  conf  1.0000
  -0.7110499280   0.3277985067  -1.3704842363
  -1.0683564154   0.4925190536  -1.7236826336
      
      
#  type   0  conf  1.0000
  -1.0683564154   0.4925190536  -1.7236826336
  -1.0930142159   0.5038864553  -1.7490033409
      
      
#  type   0  conf  1.0000
  -1.0930142159   0.5038864553  -1.7490033409
  -2.6819118659   1.2363783049  -3.8546791772
      
      
#  type   0  conf  1.0000
  -2.6819118659   1.2363783049  -3.8546791772
  -2.6929183691   1.2414523724  -3.9200522501
      
      
#  type   0  conf  1.0000
  -2.6929183691   1.2414523724  -3.9200522501
  -2.6881827396   1.2392692173  -3.9766949890
      
      
#  type   0  conf  1.0000
  -2.6881827396   1.2392692173  -3.9766949890
  -2.1981329221   1.0133531571  -4.2821270317
      
      
#  type   0  conf  1.0000
  -2.1981329221   1.0133531571  -4.2821270317
  -2.1472957310   0.9899168909  -4.3079563662
      
      
#  type   0  conf  1.0000
  -2.1472957310   0.9899168909  -4.3079563662
  -1.4789985817   0.6818276852  -4.5921348074
      
      
# 256  norm    -0.4257792916   -0.9048270525    0.0000000000
# nedges  20 
#  type   0  conf  1.0000
   1.4294812907  -0.6726628361  -4.5807207830
   2.1404244787  -1.0072073063  -4.2787089339
      
      
#  type   0  conf  1.0000
   2.1404244787  -1.0072073063  -4.2787089339
   2.5473963301  -1.1987137230  -4.0339808121
      
      
#  type   0  conf  1.0000
   2.5473963301  -1.1987137230  -4.0339808121
   2.6495174002  -1.2467682510  -3.9592224665
      
      
#  type   0  conf  1.0000
   2.6495174002  -1.2467682510  -3.9592224665
   2.6568593739  -1.2502231216  -3.8253938035
      
      
#  type   0  conf  1.0000
   2.6568593739  -1.2502231216  -3.8253938035
   1.0764588108  -0.5065430666  -1.7479798575
      
      
#  type   0  conf  1.0000
   1.0764588108  -0.5065430666  -1.7479798575
   1.0626253980  -0.5000335566  -1.7316766890
      
      
#  type   0  conf  1.0000
   1.0626253980  -0.5000335566  -1.7316766890
   0.6900409013  -0.3247086007  -1.3617907404
      
      
#  type   0  conf  1.0000
   0.6900409013  -0.3247086007  -1.3617907404
   0.3038170308  -0.1429654427  -1.0301280320
      
      
#  type   0  conf  1.0000
   0.3038170308  -0.1429654427  -1.0301280320
   0.0167899705  -0.0079007604  -0.8361255152
      
      
#  type   4  conf  0.0000
#  type   0  conf  1.0000
  -0.0267078270   0.0125677494  -0.8388536047
  -0.3074973901   0.1446972883  -1.0241120152
      
      
#  type   0  conf  1.0000
  -0.3074973901   0.1446972883  -1.0241120152
  -0.7087504166   0.3335126304  -1.3712810341
      
      
#  type   0  conf  1.0000
  -0.7087504166   0.3335126304  -1.3712810341
  -1.0751823512   0.5059424103  -1.7352361351
      
      
#  type   0  conf  1.0000
  -1.0751823512   0.5059424103  -1.7352361351
  -1.0983433204   0.5168411351  -1.7628103249
      
      
#  type   0  conf  1.0000
  -1.0983433204   0.5168411351  -1.7628103249
  -2.6880340834   1.2648928263  -3.8563624456
      
      
#  type   0  conf  1.0000
  -2.6880340834   1.2648928263  -3.8563624456
  -2.6973346116   1.2692693227  -3.9330889434
      
      
#  type   0  conf  1.0000
  -2.6973346116   1.2692693227  -3.9330889434
  -2.6919126684   1.2667179499  -3.9781859801
      
      
#  type   0  conf  1.0000
  -2.6919126684   1.2667179499  -3.9781859801
  -2.1861815293   1.0287389399  -4.2909970467
      
      
#  type   0  conf  1.0000
  -2.1861815293   1.0287389399  -4.2909970467
  -2.0687939300   0.9735005287  -4.3420260989
      
      
#  type   0  conf  1.0000
  -2.0687939300   0.9735005287  -4.3420260989
  -1.4759987236   0.6945522784  -4.5925316337
      
      
# 257  norm    -0.4328725815   -0.9014551171    0.0000000000
# nedges  19 
#  type   0  conf  1.0000
   1.4274130782  -0.6854339970  -4.5802681916
   2.1397670323  -1.0275014935  -4.2794835461
      
      
#  type   0  conf  1.0000
   2.1397670323  -1.0275014935  -4.2794835461
   2.5503781845  -1.2246741603  -4.0340664387
      
      
#  type   0  conf  1.0000
   2.5503781845  -1.2246741603  -4.0340664387
   2.6525125273  -1.2737183731  -3.9590710027
      
      
#  type   0  conf  1.0000
   2.6525125273  -1.2737183731  -3.9590710027
   2.6600420345  -1.2773339910  -3.8254274499
      
      
#  type   0  conf  1.0000
   2.6600420345  -1.2773339910  -3.8254274499
   1.0807265999  -0.5189575214  -1.7613118433
      
      
#  type   0  conf  1.0000
   1.0807265999  -0.5189575214  -1.7613118433
   1.0584919404  -0.5082805900  -1.7335235773
      
      
#  type   0  conf  1.0000
   1.0584919404  -0.5082805900  -1.7335235773
   0.6842971029  -0.3285947884  -1.3600942943
      
      
#  type   0  conf  1.0000
   0.6842971029  -0.3285947884  -1.3600942943
   0.3012563351  -0.1446612316  -1.0299318293
      
      
#  type   0  conf  1.0000
   0.3012563351  -0.1446612316  -1.0299318293
   0.0163975923  -0.0078740117  -0.8361492261
      
      
#  type   4  conf  0.0000
#  type   0  conf  1.0000
  -0.0271176801   0.0130217245  -0.8388781609
  -0.3049545008   0.1464370655  -1.0232210727
      
      
#  type   0  conf  1.0000
  -0.3049545008   0.1464370655  -1.0232210727
  -0.7031155257   0.3376312663  -1.3690520941
      
      
#  type   0  conf  1.0000
  -0.7031155257   0.3376312663  -1.3690520941
  -1.0578284017   0.5079619632  -1.7234472076
      
      
#  type   0  conf  1.0000
  -1.0578284017   0.5079619632  -1.7234472076
  -1.0829683019   0.5200339714  -1.7504691975
      
      
#  type   0  conf  1.0000
  -1.0829683019   0.5200339714  -1.7504691975
  -2.7026284154   1.2977836798  -3.8680336319
      
      
#  type   0  conf  1.0000
  -2.7026284154   1.2977836798  -3.8680336319
  -2.7006236775   1.2968210184  -3.9754865528
      
      
#  type   0  conf  1.0000
  -2.7006236775   1.2968210184  -3.9754865528
  -2.2008485847   1.0568324372  -4.2829478023
      
      
#  type   0  conf  1.0000
  -2.2008485847   1.0568324372  -4.2829478023
  -2.1543493891   1.0345038414  -4.3064643364
      
      
#  type   0  conf  1.0000
  -2.1543493891   1.0345038414  -4.3064643364
  -1.4742729529   0.7079357884  -4.5928431941
      
      
# 258  norm    -0.4399391699   -0.8980275758    0.0000000000
# nedges  19 
#  type   0  conf  1.0000
   1.4266749991  -0.6989208702  -4.5795797210
   2.1402467707  -1.0484960741  -4.2793895192
      
      
#  type   0  conf  1.0000
   2.1402467707  -1.0484960741  -4.2793895192
   2.5558472930  -1.2520966691  -4.0324299287
      
      
#  type   0  conf  1.0000
   2.5558472930  -1.2520966691  -4.0324299287
   2.6542063297  -1.3002822640  -3.9604894650
      
      
#  type   0  conf  1.0000
   2.6542063297  -1.3002822640  -3.9604894650
   2.6620548164  -1.3041271979  -3.8233123388
      
      
#  type   0  conf  1.0000
   2.6620548164  -1.3041271979  -3.8233123388
   1.0547968677  -0.5167396535  -1.7359082191
      
      
#  type   0  conf  1.0000
   1.0547968677  -0.5167396535  -1.7359082191
   0.6804058917  -0.3333274069  -1.3604974378
      
      
#  type   0  conf  1.0000
   0.6804058917  -0.3333274069  -1.3604974378
   0.2957204522  -0.1448719547  -1.0266117672
      
      
#  type   0  conf  1.0000
   0.2957204522  -0.1448719547  -1.0266117672
   0.0122209961  -0.0059870042  -0.8352642879
      
      
#  type   4  conf  0.0000
#  type   0  conf  1.0000
  -0.0363532206   0.0178092590  -0.8454780928
  -0.3014955102   0.1477011264  -1.0211385997
      
      
#  type   0  conf  1.0000
  -0.3014955102   0.1477011264  -1.0211385997
  -0.7008556637   0.3433456469  -1.3700850342
      
      
#  type   0  conf  1.0000
  -0.7008556637   0.3433456469  -1.3700850342
  -1.0550915722   0.5168840277  -1.7260574459
      
      
#  type   0  conf  1.0000
  -1.0550915722   0.5168840277  -1.7260574459
  -1.0871934716   0.5326105860  -1.7621106467
      
      
#  type   0  conf  1.0000
  -1.0871934716   0.5326105860  -1.7621106467
  -2.6960244806   1.3207687647  -3.8557290628
      
      
#  type   0  conf  1.0000
  -2.6960244806   1.3207687647  -3.8557290628
  -2.7069676059   1.3261297465  -3.9332046852
      
      
#  type   0  conf  1.0000
  -2.7069676059   1.3261297465  -3.9332046852
  -2.7009221658   1.3231681159  -3.9771239311
      
      
#  type   0  conf  1.0000
  -2.7009221658   1.3231681159  -3.9771239311
  -2.2967910336   1.1251863171  -4.2254672152
      
      
#  type   0  conf  1.0000
  -2.2967910336   1.1251863171  -4.2254672152
  -2.1691534691   1.0626573195  -4.3007338155
      
      
#  type   0  conf  1.0000
  -2.1691534691   1.0626573195  -4.3007338155
  -1.4730533353   0.7216413827  -4.5927763358
      
      
# 259  norm    -0.4469786207   -0.8945446398    0.0000000000
# nedges  19 
#  type   0  conf  1.0000
   1.4107097816  -0.7048917229  -4.5862082909
   2.1445596891  -1.0715757371  -4.2776350200
      
      
#  type   0  conf  1.0000
   2.1445596891  -1.0715757371  -4.2776350200
   2.5561687802  -1.2772451420  -4.0337285607
      
      
#  type   0  conf  1.0000
   2.5561687802  -1.2772451420  -4.0337285607
   2.6579588219  -1.3281067429  -3.9602805345
      
      
#  type   0  conf  1.0000
   2.6579588219  -1.3281067429  -3.9602805345
   2.6628913932  -1.3305714091  -3.8200780304
      
      
#  type   0  conf  1.0000
   2.6628913932  -1.3305714091  -3.8200780304
   1.0488689238  -0.5240900945  -1.7364491979
      
      
#  type   0  conf  1.0000
   1.0488689238  -0.5240900945  -1.7364491979
   0.6779900411  -0.3387724211  -1.3621005614
      
      
#  type   0  conf  1.0000
   0.6779900411  -0.3387724211  -1.3621005614
   0.2962134364  -0.1480094646  -1.0288959670
      
      
#  type   0  conf  1.0000
   0.2962134364  -0.1480094646  -1.0288959670
   0.0062883535  -0.0031421122  -0.8303720763
      
      
#  type   0  conf  1.0000
   0.0062883535  -0.0031421122  -0.8303720763
  -0.0633528648   0.0316556322  -0.8605034334
      
      
#  type   0  conf  1.0000
  -0.0633528648   0.0316556322  -0.8605034334
  -0.3096515966   0.1547241327  -1.0291169784
      
      
#  type   0  conf  1.0000
  -0.3096515966   0.1547241327  -1.0291169784
  -0.6997066082   0.3496235746  -1.3723629735
      
      
#  type   0  conf  1.0000
  -0.6997066082   0.3496235746  -1.3723629735
  -1.0513785155   0.5253440664  -1.7279574504
      
      
#  type   0  conf  1.0000
  -1.0513785155   0.5253440664  -1.7279574504
  -1.0811756022   0.5402328267  -1.7617301877
      
      
#  type   0  conf  1.0000
  -1.0811756022   0.5402328267  -1.7617301877
  -2.7059018865   1.3520625344  -3.8618365955
      
      
#  type   0  conf  1.0000
  -2.7059018865   1.3520625344  -3.8618365955
  -2.7114758412   1.3548476817  -3.9202376079
      
      
#  type   0  conf  1.0000
  -2.7114758412   1.3548476817  -3.9202376079
  -2.7064008033   1.3523118290  -3.9771920656
      
      
#  type   0  conf  1.0000
  -2.7064008033   1.3523118290  -3.9771920656
  -2.2049829547   1.1017675315  -4.2825191412
      
      
#  type   0  conf  1.0000
  -2.2049829547   1.1017675315  -4.2825191412
  -2.1534486266   1.0760172874  -4.3078335798
      
      
#  type   0  conf  1.0000
  -2.1534486266   1.0760172874  -4.3078335798
  -1.4713187304   0.7351762979  -4.5933367862
      
      
# 260  norm    -0.4539904997   -0.8910065242    0.0000000000
# nedges  18 
#  type   0  conf  1.0000
   1.4241678013  -0.7256497391  -4.5795755020
   2.1366371163  -1.0886709871  -4.2813449532
      
      
#  type   0  conf  1.0000
   2.1366371163  -1.0886709871  -4.2813449532
   2.5641135548  -1.3064811116  -4.0310376229
      
      
#  type   0  conf  1.0000
   2.5641135548  -1.3064811116  -4.0310376229
   2.6616558185  -1.3561813773  -3.9562143688
      
      
#  type   0  conf  1.0000
   2.6616558185  -1.3561813773  -3.9562143688
   2.6647288651  -1.3577471727  -3.8188710988
      
      
#  type   0  conf  1.0000
   2.6647288651  -1.3577471727  -3.8188710988
   1.0423824026  -0.5311203622  -1.7365187295
      
      
#  type   0  conf  1.0000
   1.0423824026  -0.5311203622  -1.7365187295
   0.6722478397  -0.3425273827  -1.3607173903
      
      
#  type   0  conf  1.0000
   0.6722478397  -0.3425273827  -1.3607173903
   0.2919206099  -0.1487409800  -1.0271068116
      
      
#  type   0  conf  1.0000
   0.2919206099  -0.1487409800  -1.0271068116
   0.0121103014  -0.0061705068  -0.8354603721
      
      
#  type   4  conf  0.0000
#  type   0  conf  1.0000
  -0.0362004266   0.0184450386  -0.8451508242
  -0.3011045296   0.1534204208  -1.0226371920
      
      
#  type   0  conf  1.0000
  -0.3011045296   0.1534204208  -1.0226371920
  -0.6963083719   0.3547868362  -1.3724226131
      
      
#  type   0  conf  1.0000
  -0.6963083719   0.3547868362  -1.3724226131
  -1.0540299345   0.5370550761  -1.7364770045
      
      
#  type   0  conf  1.0000
  -1.0540299345   0.5370550761  -1.7364770045
  -1.0759686512   0.5482334106  -1.7619030880
      
      
#  type   0  conf  1.0000
  -1.0759686512   0.5482334106  -1.7619030880
  -2.7124181398   1.3820460719  -3.8659584280
      
      
#  type   0  conf  1.0000
  -2.7124181398   1.3820460719  -3.8659584280
  -2.7142337402   1.3829711665  -3.9331409082
      
      
#  type   0  conf  1.0000
  -2.7142337402   1.3829711665  -3.9331409082
  -2.7087912344   1.3801980713  -3.9780036587
      
      
#  type   0  conf  1.0000
  -2.7087912344   1.3801980713  -3.9780036587
  -2.1843655667   1.1129898472  -4.2958040927
      
      
#  type   0  conf  1.0000
  -2.1843655667   1.1129898472  -4.2958040927
  -1.4778665764   0.7530106316  -4.5895497553
      
      
# 261  norm    -0.4609743745   -0.8874134471   -0.0000000000
# nedges  17 
#  type   0  conf  1.0000
   1.4100850956  -0.7324805559  -4.5844008687
   2.1426330802  -1.1130087641  -4.2786508230
      
      
#  type   0  conf  1.0000
   2.1426330802  -1.1130087641  -4.2786508230
   2.5699325827  -1.3349730825  -4.0284312487
      
      
#  type   0  conf  1.0000
   2.5699325827  -1.3349730825  -4.0284312487
   2.6633165555  -1.3834821722  -3.9570897103
      
      
#  type   0  conf  1.0000
   2.6633165555  -1.3834821722  -3.9570897103
   2.6664628012  -1.3851165160  -3.8177252976
      
      
#  type   0  conf  1.0000
   2.6664628012  -1.3851165160  -3.8177252976
   1.0351437873  -0.5377141416  -1.7356498016
      
      
#  type   0  conf  1.0000
   1.0351437873  -0.5377141416  -1.7356498016
   0.6633848374  -0.3446008301  -1.3563946765
      
      
#  type   0  conf  1.0000
   0.6633848374  -0.3446008301  -1.3563946765
   0.2886538357  -0.1499436613  -1.0261035510
      
      
#  type   0  conf  1.0000
   0.2886538357  -0.1499436613  -1.0261035510
   0.0117521829  -0.0061047702  -0.8358116674
      
      
#  type   4  conf  0.0000
#  type   0  conf  1.0000
  -0.0362129264   0.0188111090  -0.8450761112
  -0.2990530713   0.1553456317  -1.0220546856
      
      
#  type   0  conf  1.0000
  -0.2990530713   0.1553456317  -1.0220546856
  -0.6889949286   0.3579042072  -1.3690139025
      
      
#  type   0  conf  1.0000
  -0.6889949286   0.3579042072  -1.3690139025
  -1.0537330480   0.5473704893  -1.7418417107
      
      
#  type   0  conf  1.0000
  -1.0537330480   0.5473704893  -1.7418417107
  -2.7178453546   1.4118076152  -3.8666381470
      
      
#  type   0  conf  1.0000
  -2.7178453546   1.4118076152  -3.8666381470
  -2.7166989497   1.4112121056  -3.9477501388
      
      
#  type   0  conf  1.0000
  -2.7166989497   1.4112121056  -3.9477501388
  -2.6960242351   1.4004724513  -3.9878618482
      
      
#  type   0  conf  1.0000
  -2.6960242351   1.4004724513  -3.9878618482
  -2.1887454320   1.1369622129  -4.2936951528
      
      
#  type   0  conf  1.0000
  -2.1887454320   1.1369622129  -4.2936951528
  -1.4807187240   0.7691717879  -4.5888678669
      
      
# 262  norm    -0.4679298143   -0.8837656301    0.0000000000
# nedges  19 
#  type   0  conf  1.0000
   1.4242621922  -0.7541080128  -4.5783721491
   2.1391836707  -1.1326394506  -4.2797268994
      
      
#  type   0  conf  1.0000
   2.1391836707  -1.1326394506  -4.2797268994
   2.5576893391  -1.3542267957  -4.0367376840
      
      
#  type   0  conf  1.0000
   2.5576893391  -1.3542267957  -4.0367376840
   2.6605844063  -1.4087069294  -3.9624812060
      
      
#  type   0  conf  1.0000
   2.6605844063  -1.4087069294  -3.9624812060
   2.6730840983  -1.4153251756  -3.8254636354
      
      
#  type   0  conf  1.0000
   2.6730840983  -1.4153251756  -3.8254636354
   1.0389623999  -0.5501022740  -1.7481619545
      
      
#  type   0  conf  1.0000
   1.0389623999  -0.5501022740  -1.7481619545
   1.0144332342  -0.5371147493  -1.7210695743
      
      
#  type   0  conf  1.0000
   1.0144332342  -0.5371147493  -1.7210695743
   0.6617830651  -0.3503960962  -1.3594511745
      
      
#  type   0  conf  1.0000
   0.6617830651  -0.3503960962  -1.3594511745
   0.2899917746  -0.1535427410  -1.0290702426
      
      
#  type   0  conf  1.0000
   0.2899917746  -0.1535427410  -1.0290702426
   0.0044225004  -0.0023415934  -0.8301046168
      
      
#  type   0  conf  1.0000
   0.0044225004  -0.0023415934  -0.8301046168
  -0.0650435609   0.0344387927  -0.8613987984
      
      
#  type   0  conf  1.0000
  -0.0650435609   0.0344387927  -0.8613987984
  -0.3061426955   0.1620942134  -1.0295195459
      
      
#  type   0  conf  1.0000
  -0.3061426955   0.1620942134  -1.0295195459
  -0.6848967389   0.3626341565  -1.3688160239
      
      
#  type   0  conf  1.0000
  -0.6848967389   0.3626341565  -1.3688160239
  -1.0385023977   0.5498587154  -1.7324244883
      
      
#  type   0  conf  1.0000
  -1.0385023977   0.5498587154  -1.7324244883
  -1.0646241788   0.5636894865  -1.7618104280
      
      
#  type   0  conf  1.0000
  -1.0646241788   0.5636894865  -1.7618104280
  -2.7185744209   1.4394110616  -3.8662905441
      
      
#  type   0  conf  1.0000
  -2.7185744209   1.4394110616  -3.8662905441
  -2.7206696851   1.4405204469  -3.9466539287
      
      
#  type   0  conf  1.0000
  -2.7206696851   1.4405204469  -3.9466539287
  -2.7083552102   1.4340002681  -3.9827783401
      
      
#  type   0  conf  1.0000
  -2.7083552102   1.4340002681  -3.9827783401
  -2.1857012188   1.1572692245  -4.2952883663
      
      
#  type   0  conf  1.0000
  -2.1857012188   1.1572692245  -4.2952883663
  -1.4810759954   0.7841893731  -4.5886178929
      
      
# 263  norm    -0.4748563899   -0.8800632983    0.0000000000
# nedges  19 
#  type   0  conf  1.0000
   1.4216945086  -0.7671047334  -4.5787405362
   2.1426149250  -1.1560922835  -4.2775535327
      
      
#  type   0  conf  1.0000
   2.1426149250  -1.1560922835  -4.2775535327
   2.5622165280  -1.3824970237  -4.0337516243
      
      
#  type   0  conf  1.0000
   2.5622165280  -1.3824970237  -4.0337516243
   2.6601201422  -1.4353229475  -3.9625184242
      
      
#  type   0  conf  1.0000
   2.6601201422  -1.4353229475  -3.9625184242
   2.6736316036  -1.4426133365  -3.8266951773
      
      
#  type   0  conf  1.0000
   2.6736316036  -1.4426133365  -3.8266951773
   1.0431363526  -0.5628458356  -1.7610673507
      
      
#  type   0  conf  1.0000
   1.0431363526  -0.5628458356  -1.7610673507
   1.0088938344  -0.5443695753  -1.7224602236
      
      
#  type   0  conf  1.0000
   1.0088938344  -0.5443695753  -1.7224602236
   0.6591307752  -0.3556476687  -1.3607810777
      
      
#  type   0  conf  1.0000
   0.6591307752  -0.3556476687  -1.3607810777
   0.2869825233  -0.1548473675  -1.0284981730
      
      
#  type   0  conf  1.0000
   0.2869825233  -0.1548473675  -1.0284981730
   0.0065461216  -0.0035320956  -0.8316747841
      
      
#  type   0  conf  1.0000
   0.0065461216  -0.0035320956  -0.8316747841
  -0.0544531164   0.0293813074  -0.8543628169
      
      
#  type   0  conf  1.0000
  -0.0544531164   0.0293813074  -0.8543628169
  -0.3032006911   0.1635982160  -1.0283687223
      
      
#  type   0  conf  1.0000
  -0.3032006911   0.1635982160  -1.0283687223
  -0.6810871335   0.3674946769  -1.3686210543
      
      
#  type   0  conf  1.0000
  -0.6810871335   0.3674946769  -1.3686210543
  -1.0368005711   0.5594272334  -1.7367228379
      
      
#  type   0  conf  1.0000
  -1.0368005711   0.5594272334  -1.7367228379
  -1.0583715342   0.5710662936  -1.7621698903
      
      
#  type   0  conf  1.0000
  -1.0583715342   0.5710662936  -1.7621698903
  -2.7238063258   1.4696861477  -3.8700596265
      
      
#  type   0  conf  1.0000
  -2.7238063258   1.4696861477  -3.8700596265
  -2.7210349257   1.4681907813  -3.9553007274
      
      
#  type   0  conf  1.0000
  -2.7210349257   1.4681907813  -3.9553007274
  -2.6982742505   1.4559097874  -3.9898866182
      
      
#  type   0  conf  1.0000
  -2.6982742505   1.4559097874  -3.9898866182
  -2.1859908869   1.1794966826  -4.2944802904
      
      
#  type   0  conf  1.0000
  -2.1859908869   1.1794966826  -4.2944802904
  -1.4811467137   0.7991834027  -4.5886007557
      
      
# 264  norm    -0.4817536741   -0.8763066800    0.0000000000
# nedges  18 
#  type   0  conf  1.0000
   1.4207628990  -0.7810710134  -4.5787859173
   2.1419019587  -1.1775205663  -4.2770667330
      
      
#  type   0  conf  1.0000
   2.1419019587  -1.1775205663  -4.2770667330
   2.5586096213  -1.4066075425  -4.0363685794
      
      
#  type   0  conf  1.0000
   2.5586096213  -1.4066075425  -4.0363685794
   2.6619204666  -1.4634031603  -3.9615526501
      
      
#  type   0  conf  1.0000
   2.6619204666  -1.4634031603  -3.9615526501
   2.6696980370  -1.4676789158  -3.8183368402
      
      
#  type   0  conf  1.0000
   2.6696980370  -1.4676789158  -3.8183368402
   1.0164580092  -0.5588025193  -1.7372422084
      
      
#  type   0  conf  1.0000
   1.0164580092  -0.5588025193  -1.7372422084
   0.6546406787  -0.3598917586  -1.3613716914
      
      
#  type   0  conf  1.0000
   0.6546406787  -0.3598917586  -1.3613716914
   0.2869458048  -0.1577497911  -1.0301826511
      
      
#  type   0  conf  1.0000
   0.2869458048  -0.1577497911  -1.0301826511
   0.0068120647  -0.0037449642  -0.8323378265
      
      
#  type   0  conf  1.0000
   0.0068120647  -0.0037449642  -0.8323378265
  -0.0491347206   0.0270120412  -0.8509547569
      
      
#  type   0  conf  1.0000
  -0.0491347206   0.0270120412  -0.8509547569
  -0.3011404226   0.1655533483  -1.0277094045
      
      
#  type   0  conf  1.0000
  -0.3011404226   0.1655533483  -1.0277094045
  -0.6778746042   0.3726647172  -1.3692218501
      
      
#  type   0  conf  1.0000
  -0.6778746042   0.3726647172  -1.3692218501
  -1.0296644988   0.5660628484  -1.7357623780
      
      
#  type   0  conf  1.0000
  -1.0296644988   0.5660628484  -1.7357623780
  -1.0523842223   0.5785531221  -1.7616028431
      
      
#  type   0  conf  1.0000
  -1.0523842223   0.5785531221  -1.7616028431
  -2.7215939358   1.4962089276  -3.8662234276
      
      
#  type   0  conf  1.0000
  -2.7215939358   1.4962089276  -3.8662234276
  -2.7230843085   1.4970282669  -3.9460945955
      
      
#  type   0  conf  1.0000
  -2.7230843085   1.4970282669  -3.9460945955
  -2.7138681234   1.4919616263  -3.9807943635
      
      
#  type   0  conf  1.0000
  -2.7138681234   1.4919616263  -3.9807943635
  -2.1892480619   1.2035493069  -4.2925609193
      
      
#  type   0  conf  1.0000
  -2.1892480619   1.2035493069  -4.2925609193
  -1.4829320444   0.8152487903  -4.5881447116
      
      
# 265  norm    -0.4886212415   -0.8724960071   -0.0000000000
# nedges  19 
#  type   0  conf  1.0000
   1.4195638069  -0.7949939301  -4.5790056462
   2.1443061215  -1.2008691281  -4.2749581570
      
      
#  type   0  conf  1.0000
   2.1443061215  -1.2008691281  -4.2749581570
   2.5653556778  -1.4366682094  -4.0317887443
      
      
#  type   0  conf  1.0000
   2.5653556778  -1.4366682094  -4.0317887443
   2.6613848642  -1.4904471378  -3.9611575079
      
      
#  type   0  conf  1.0000
   2.6613848642  -1.4904471378  -3.9611575079
   2.6682183871  -1.4942740945  -3.8414042925
      
      
#  type   0  conf  1.0000
   2.6682183871  -1.4942740945  -3.8414042925
   2.6563935382  -1.4876518609  -3.8015423013
      
      
#  type   0  conf  1.0000
   2.6563935382  -1.4876518609  -3.8015423013
   1.0094019861  -0.5652922737  -1.7369615426
      
      
#  type   0  conf  1.0000
   1.0094019861  -0.5652922737  -1.7369615426
   0.6506854734  -0.3644013740  -1.3618073780
      
      
#  type   0  conf  1.0000
   0.6506854734  -0.3644013740  -1.3618073780
   0.2849705469  -0.1595911744  -1.0304038165
      
      
#  type   0  conf  1.0000
   0.2849705469  -0.1595911744  -1.0304038165
   0.0047060055  -0.0026354897  -0.8310587688
      
      
#  type   0  conf  1.0000
   0.0047060055  -0.0026354897  -0.8310587688
  -0.0623287121   0.0349057559  -0.8594537185
      
      
#  type   0  conf  1.0000
  -0.0623287121   0.0349057559  -0.8594537185
  -0.3013298878   0.1687528455  -1.0292319125
      
      
#  type   0  conf  1.0000
  -0.3013298878   0.1687528455  -1.0292319125
  -0.6735855856   0.3772260531  -1.3688038430
      
      
#  type   0  conf  1.0000
  -0.6735855856   0.3772260531  -1.3688038430
  -1.0140239421   0.5678806934  -1.7259611889
      
      
#  type   0  conf  1.0000
  -1.0140239421   0.5678806934  -1.7259611889
  -1.0463945593   0.5860091101  -1.7622912725
      
      
#  type   0  conf  1.0000
  -1.0463945593   0.5860091101  -1.7622912725
  -2.7165123841   1.5213200323  -3.8577917207
      
      
#  type   0  conf  1.0000
  -2.7165123841   1.5213200323  -3.8577917207
  -2.7246994146   1.5259049897  -3.9332744064
      
      
#  type   0  conf  1.0000
  -2.7246994146   1.5259049897  -3.9332744064
  -2.7194988471   1.5229925319  -3.9775907140
      
      
#  type   0  conf  1.0000
  -2.7194988471   1.5229925319  -3.9775907140
  -2.1889534290   1.2258728217  -4.2923723121
      
      
#  type   0  conf  1.0000
  -2.1889534290   1.2258728217  -4.2923723121
  -1.4834960490   0.8307977061  -4.5875643632
      
      
# 266  norm    -0.4954586684   -0.8686315144    0.0000000000
# nedges  21 
#  type   0  conf  1.0000
   1.4141782075  -0.8066330083  -4.5807118957
   2.1409042816  -1.2211502426  -4.2756248819
      
      
#  type   0  conf  1.0000
   2.1409042816  -1.2211502426  -4.2756248819
   2.5667261921  -1.4640347722  -4.0314665583
      
      
#  type   0  conf  1.0000
   2.5667261921  -1.4640347722  -4.0314665583
   2.6608978987  -1.5177493653  -3.9589491133
      
      
#  type   0  conf  1.0000
   2.6608978987  -1.5177493653  -3.9589491133
   2.6679459453  -1.5217695001  -3.8556976226
      
      
#  type   0  conf  1.0000
   2.6679459453  -1.5217695001  -3.8556976226
   2.6566499102  -1.5153263554  -3.8029404692
      
      
#  type   0  conf  1.0000
   2.6566499102  -1.5153263554  -3.8029404692
   1.0228440710  -0.5834199577  -1.7622408342
      
      
#  type   0  conf  1.0000
   1.0228440710  -0.5834199577  -1.7622408342
   0.9898238099  -0.5645855333  -1.7236492990
      
      
#  type   0  conf  1.0000
   0.9898238099  -0.5645855333  -1.7236492990
   0.6436024429  -0.3671043522  -1.3592525241
      
      
#  type   0  conf  1.0000
   0.6436024429  -0.3671043522  -1.3592525241
   0.2789479384  -0.1591090949  -1.0273590787
      
      
#  type   0  conf  1.0000
   0.2789479384  -0.1591090949  -1.0273590787
   0.0015238386  -0.0008691822  -0.8298714208
      
      
#  type   0  conf  1.0000
   0.0015238386  -0.0008691822  -0.8298714208
  -0.0630388061   0.0359567002  -0.8603355746
      
      
#  type   0  conf  1.0000
  -0.0630388061   0.0359567002  -0.8603355746
  -0.2979677079   0.1699577800  -1.0275364441
      
      
#  type   0  conf  1.0000
  -0.2979677079   0.1699577800  -1.0275364441
  -0.6694479040   0.3818463429  -1.3688246438
      
      
#  type   0  conf  1.0000
  -0.6694479040   0.3818463429  -1.3688246438
  -1.0164081228   0.5797489577  -1.7350060898
      
      
#  type   0  conf  1.0000
  -1.0164081228   0.5797489577  -1.7350060898
  -1.0903013023   0.6218968831  -1.8250877280
      
      
#  type   0  conf  1.0000
  -1.0903013023   0.6218968831  -1.8250877280
  -2.7227631574   1.5530366858  -3.8647323639
      
      
#  type   0  conf  1.0000
  -2.7227631574   1.5530366858  -3.8647323639
  -2.7260350654   1.5549029492  -3.9318829609
      
      
#  type   0  conf  1.0000
  -2.7260350654   1.5549029492  -3.9318829609
  -2.7181902155   1.5504283259  -3.9787872448
      
      
#  type   0  conf  1.0000
  -2.7181902155   1.5504283259  -3.9787872448
  -2.1998799495   1.2547893697  -4.2851877358
      
      
#  type   0  conf  1.0000
  -2.1998799495   1.2547893697  -4.2851877358
  -2.1543294396   1.2288078175  -4.3058676910
      
      
#  type   0  conf  1.0000
  -2.1543294396   1.2288078175  -4.3058676910
  -1.4783872882   0.8432572214  -4.5903087530
      
      
# 267  norm    -0.5022655331   -0.8647134405    0.0000000000
# nedges  18 
#  type   0  conf  1.0000
   1.4075529821  -0.8175718288  -4.5832026821
   2.1396142179  -1.2427868303  -4.2751137122
      
      
#  type   0  conf  1.0000
   2.1396142179  -1.2427868303  -4.2751137122
   2.5626408134  -1.4885002292  -4.0331311455
      
      
#  type   0  conf  1.0000
   2.5626408134  -1.4885002292  -4.0331311455
   2.6600958823  -1.5451066376  -3.9609645457
      
      
#  type   0  conf  1.0000
   2.6600958823  -1.5451066376  -3.9609645457
   2.6679214378  -1.5496520819  -3.8166984734
      
      
#  type   0  conf  1.0000
   2.6679214378  -1.5496520819  -3.8166984734
   0.9957626082  -0.5783849468  -1.7376961188
      
      
#  type   0  conf  1.0000
   0.9957626082  -0.5783849468  -1.7376961188
   0.6393695195  -0.3713753685  -1.3599270976
      
      
#  type   0  conf  1.0000
   0.6393695195  -0.3713753685  -1.3599270976
   0.2794877326  -0.1623393929  -1.0298959628
      
      
#  type   0  conf  1.0000
   0.2794877326  -0.1623393929  -1.0298959628
   0.0076419476  -0.0044387964  -0.8338374562
      
      
#  type   0  conf  1.0000
   0.0076419476  -0.0044387964  -0.8338374562
  -0.0370979206   0.0215481870  -0.8433966749
      
      
#  type   0  conf  1.0000
  -0.0370979206   0.0215481870  -0.8433966749
  -0.2946197522   0.1711287693  -1.0255680732
      
      
#  type   0  conf  1.0000
  -0.2946197522   0.1711287693  -1.0255680732
  -0.6695654330   0.3889145507  -1.3730392272
      
      
#  type   0  conf  1.0000
  -0.6695654330   0.3889145507  -1.3730392272
  -1.0046588669   0.5835523051  -1.7295677677
      
      
#  type   0  conf  1.0000
  -1.0046588669   0.5835523051  -1.7295677677
  -1.0332879696   0.6001814111  -1.7625592293
      
      
#  type   0  conf  1.0000
  -1.0332879696   0.6001814111  -1.7625592293
  -2.7276967815   1.5843723643  -3.8681877697
      
      
#  type   0  conf  1.0000
  -2.7276967815   1.5843723643  -3.8681877697
  -2.7245177098   1.5825258125  -3.9593045623
      
      
#  type   0  conf  1.0000
  -2.7245177098   1.5825258125  -3.9593045623
  -2.7037966119   1.5704900411  -3.9876911204
      
      
#  type   0  conf  1.0000
  -2.7037966119   1.5704900411  -3.9876911204
  -2.1897634832   1.2719158415  -4.2905559990
      
      
#  type   0  conf  1.0000
  -2.1897634832   1.2719158415  -4.2905559990
  -1.4851267430   0.8626302546  -4.5871692650
      
      
# 268  norm    -0.5090414158   -0.8607420270   -0.0000000000
# nedges  20 
#  type   0  conf  1.0000
   1.4196998765  -0.8396081665  -4.5777966952
   2.1374373722  -1.2640769381  -4.2749380632
      
      
#  type   0  conf  1.0000
   2.1374373722  -1.2640769381  -4.2749380632
   2.5618397325  -1.5150677943  -4.0329352321
      
      
#  type   0  conf  1.0000
   2.5618397325  -1.5150677943  -4.0329352321
   2.6573174982  -1.5715331876  -3.9623832350
      
      
#  type   0  conf  1.0000
   2.6573174982  -1.5715331876  -3.9623832350
   2.6660318510  -1.5766868415  -3.8672119096
      
      
#  type   0  conf  1.0000
   2.6660318510  -1.5766868415  -3.8672119096
   2.6542164389  -1.5696992262  -3.8014985291
      
      
#  type   0  conf  1.0000
   2.6542164389  -1.5696992262  -3.8014985291
   1.0107569585  -0.5977599989  -1.7648480710
      
      
#  type   0  conf  1.0000
   1.0107569585  -0.5977599989  -1.7648480710
   0.9739042137  -0.5759653464  -1.7220518611
      
      
#  type   0  conf  1.0000
   0.9739042137  -0.5759653464  -1.7220518611
   0.6315391136  -0.3734911906  -1.3569865795
      
      
#  type   0  conf  1.0000
   0.6315391136  -0.3734911906  -1.3569865795
   0.2753558733  -0.1628450095  -1.0283359530
      
      
#  type   0  conf  1.0000
   0.2753558733  -0.1628450095  -1.0283359530
   0.0070085777  -0.0041448613  -0.8339758720
      
      
#  type   0  conf  1.0000
   0.0070085777  -0.0041448613  -0.8339758720
  -0.0372752894   0.0220445447  -0.8434529418
      
      
#  type   0  conf  1.0000
  -0.0372752894   0.0220445447  -0.8434529418
  -0.2917640476   0.1725487767  -1.0246249806
      
      
#  type   0  conf  1.0000
  -0.2917640476   0.1725487767  -1.0246249806
  -0.6634976452   0.3923914135  -1.3709636361
      
      
#  type   0  conf  1.0000
  -0.6634976452   0.3923914135  -1.3709636361
  -1.0040363874   0.5937854643  -1.7361433757
      
      
#  type   0  conf  1.0000
  -1.0040363874   0.5937854643  -1.7361433757
  -1.0783873382   0.6377564940  -1.8256922845
      
      
#  type   0  conf  1.0000
  -1.0783873382   0.6377564940  -1.8256922845
  -2.7165470387   1.6065614402  -3.8556912797
      
      
#  type   0  conf  1.0000
  -2.7165470387   1.6065614402  -3.8556912797
  -2.7277227175   1.6131707182  -3.9334325200
      
      
#  type   0  conf  1.0000
  -2.7277227175   1.6131707182  -3.9334325200
  -2.7189179888   1.6079636161  -3.9790239312
      
      
#  type   0  conf  1.0000
  -2.7189179888   1.6079636161  -3.9790239312
  -2.1895886118   1.2949190952  -4.2898014127
      
      
#  type   0  conf  1.0000
  -2.1895886118   1.2949190952  -4.2898014127
  -1.4843918319   0.8778668822  -4.5875246122
      
      
# 269  norm    -0.5157858983   -0.8567175189    0.0000000000
# nedges  20 
#  type   0  conf  1.0000
   1.4168522458  -0.8530144327  -4.5783157747
   2.1349813312  -1.2853633076  -4.2747909033
      
      
#  type   0  conf  1.0000
   2.1349813312  -1.2853633076  -4.2747909033
   2.5675505471  -1.5457911577  -4.0290771533
      
      
#  type   0  conf  1.0000
   2.5675505471  -1.5457911577  -4.0290771533
   2.6577177652  -1.6000762383  -3.9583060751
      
      
#  type   0  conf  1.0000
   2.6577177652  -1.6000762383  -3.9583060751
   2.6647178261  -1.6042906178  -3.8540817222
      
      
#  type   0  conf  1.0000
   2.6647178261  -1.6042906178  -3.8540817222
   2.6530955973  -1.5972934669  -3.8010536878
      
      
#  type   0  conf  1.0000
   2.6530955973  -1.5972934669  -3.8010536878
   1.0058916371  -0.6055960222  -1.7680666632
      
      
#  type   0  conf  1.0000
   1.0058916371  -0.6055960222  -1.7680666632
   0.9787752095  -0.5892706050  -1.7351545450
      
      
#  type   0  conf  1.0000
   0.9787752095  -0.5892706050  -1.7351545450
   0.6271240114  -0.3775593640  -1.3572339401
      
      
#  type   0  conf  1.0000
   0.6271240114  -0.3775593640  -1.3572339401
   0.2729569962  -0.1643334780  -1.0283344754
      
      
#  type   0  conf  1.0000
   0.2729569962  -0.1643334780  -1.0283344754
   0.0073924251  -0.0044506019  -0.8345701068
      
      
#  type   0  conf  1.0000
   0.0073924251  -0.0044506019  -0.8345701068
  -0.0373020464   0.0224576585  -0.8430355694
      
      
#  type   0  conf  1.0000
  -0.0373020464   0.0224576585  -0.8430355694
  -0.2901700119   0.1746965563  -1.0247055018
      
      
#  type   0  conf  1.0000
  -0.2901700119   0.1746965563  -1.0247055018
  -0.6564536605   0.3952172490  -1.3682897865
      
      
#  type   0  conf  1.0000
  -0.6564536605   0.3952172490  -1.3682897865
  -0.9974680407   0.6005246047  -1.7361092530
      
      
#  type   3  conf  0.0000
#  type   0  conf  1.0000
  -1.0097505340   0.6079192672  -1.7492109698
  -2.7165270092   1.6354822830  -3.8556982555
      
      
#  type   0  conf  1.0000
  -2.7165270092   1.6354822830  -3.8556982555
  -2.7271246432   1.6418625776  -3.9335835655
      
      
#  type   0  conf  1.0000
  -2.7271246432   1.6418625776  -3.9335835655
  -2.7178024244   1.6362501454  -3.9796510686
      
      
#  type   0  conf  1.0000
  -2.7178024244   1.6362501454  -3.9796510686
  -2.1862689269   1.3162409517  -4.2902297384
      
      
#  type   0  conf  1.0000
  -2.1862689269   1.3162409517  -4.2902297384
  -1.4831004567   0.8928990997  -4.5878732914
      
      
# 270  norm    -0.5224985647   -0.8526401644    0.0000000000
# nedges  18 
#  type   0  conf  1.0000
   1.4098761831  -0.8639732362  -4.5809695382
   2.1337848472  -1.3075850361  -4.2737655328
      
      
#  type   0  conf  1.0000
   2.1337848472  -1.3075850361  -4.2737655328
   2.5613837068  -1.5696179543  -4.0314273123
      
      
#  type   0  conf  1.0000
   2.5613837068  -1.5696179543  -4.0314273123
   2.6558824269  -1.6275268444  -3.9590191194
      
      
#  type   0  conf  1.0000
   2.6558824269  -1.6275268444  -3.9590191194
   2.6631189432  -1.6319613873  -3.8148877864
      
      
#  type   0  conf  1.0000
   2.6631189432  -1.6319613873  -3.8148877864
   0.9751537136  -0.5975749642  -1.7396606335
      
      
#  type   0  conf  1.0000
   0.9751537136  -0.5975749642  -1.7396606335
   0.6277918019  -0.3847113110  -1.3629558620
      
      
#  type   0  conf  1.0000
   0.6277918019  -0.3847113110  -1.3629558620
   0.2720045977  -0.1666846319  -1.0296057890
      
      
#  type   0  conf  1.0000
   0.2720045977  -0.1666846319  -1.0296057890
   0.0070826038  -0.0043402252  -0.8344755926
      
      
#  type   0  conf  1.0000
   0.0070826038  -0.0043402252  -0.8344755926
  -0.0366046318   0.0224313472  -0.8427957291
      
      
#  type   0  conf  1.0000
  -0.0366046318   0.0224313472  -0.8427957291
  -0.2888193074   0.1769886992  -1.0249331056
      
      
#  type   0  conf  1.0000
  -0.2888193074   0.1769886992  -1.0249331056
  -0.6525629478   0.3998910887  -1.3685143154
      
      
#  type   0  conf  1.0000
  -0.6525629478   0.3998910887  -1.3685143154
  -0.9913236621   0.6074839214  -1.7369009079
      
      
#  type   0  conf  1.0000
  -0.9913236621   0.6074839214  -1.7369009079
  -1.0027087206   0.6144606943  -1.7493687517
      
      
#  type   0  conf  1.0000
  -1.0027087206   0.6144606943  -1.7493687517
  -2.7292925607   1.6725126323  -3.8712981081
      
      
#  type   0  conf  1.0000
  -2.7292925607   1.6725126323  -3.8712981081
  -2.7243508603   1.6694843544  -3.9570415464
      
      
#  type   0  conf  1.0000
  -2.7243508603   1.6694843544  -3.9570415464
  -2.7024683817   1.6560747543  -3.9891971683
      
      
#  type   0  conf  1.0000
  -2.7024683817   1.6560747543  -3.9891971683
  -2.1821090958   1.3371981737  -4.2909565827
      
      
#  type   0  conf  1.0000
  -2.1821090958   1.3371981737  -4.2909565827
  -1.4835068345   0.9090941574  -4.5874521499
      
      
# 271  norm    -0.5291790010   -0.8485102150   -0.0000000000
# nedges  18 
#  type   0  conf  1.0000
   1.4142491522  -0.8820058265  -4.5780478325
   2.1298112750  -1.3282708715  -4.2737326937
      
      
#  type   0  conf  1.0000
   2.1298112750  -1.3282708715  -4.2737326937
   2.5552575226  -1.5936032344  -4.0330378623
      
      
#  type   0  conf  1.0000
   2.5552575226  -1.5936032344  -4.0330378623
   2.6515686049  -1.6536682772  -3.9608572065
      
      
#  type   0  conf  1.0000
   2.6515686049  -1.6536682772  -3.9608572065
   2.6604639034  -1.6592158888  -3.8154925350
      
      
#  type   0  conf  1.0000
   2.6604639034  -1.6592158888  -3.8154925350
   0.9679498190  -0.6036682990  -1.7397061017
      
      
#  type   0  conf  1.0000
   0.9679498190  -0.6036682990  -1.7397061017
   0.6211551071  -0.3873874860  -1.3613872004
      
      
#  type   0  conf  1.0000
   0.6211551071  -0.3873874860  -1.3613872004
   0.2699676395  -0.1683671018  -1.0298166943
      
      
#  type   0  conf  1.0000
   0.2699676395  -0.1683671018  -1.0298166943
   0.0053210715  -0.0033185214  -0.8330963516
      
      
#  type   0  conf  1.0000
   0.0053210715  -0.0033185214  -0.8330963516
  -0.0493191201   0.0307581951  -0.8506650878
      
      
#  type   0  conf  1.0000
  -0.0493191201   0.0307581951  -0.8506650878
  -0.2908584423   0.1813957890  -1.0283759598
      
      
#  type   0  conf  1.0000
  -0.2908584423   0.1813957890  -1.0283759598
  -0.6483932017   0.4043747036  -1.3684780146
      
      
#  type   0  conf  1.0000
  -0.6483932017   0.4043747036  -1.3684780146
  -0.9864263214   0.6151912918  -1.7394224404
      
      
#  type   0  conf  1.0000
  -0.9864263214   0.6151912918  -1.7394224404
  -1.1437489937   0.7133066157  -1.9300210826
      
      
#  type   0  conf  1.0000
  -1.1437489937   0.7133066157  -1.9300210826
  -2.7209668701   1.6969489637  -3.8654128282
      
      
#  type   0  conf  1.0000
  -2.7209668701   1.6969489637  -3.8654128282
  -2.7238445788   1.6987436657  -3.9474111782
      
      
#  type   0  conf  1.0000
  -2.7238445788   1.6987436657  -3.9474111782
  -2.7052633511   1.6871553603  -3.9860734155
      
      
#  type   0  conf  1.0000
  -2.7052633511   1.6871553603  -3.9860734155
  -2.1789849326   1.3589383480  -4.2906303345
      
      
#  type   0  conf  1.0000
  -2.1789849326   1.3589383480  -4.2906303345
  -1.4829156913   0.9248301673  -4.5872882704
      
      
# 272  norm    -0.5358267950   -0.8443279255    0.0000000000
# nedges  19 
#  type   0  conf  1.0000
   1.4068504239  -0.8928144278  -4.5806045590
   2.1259546616  -1.3491718539  -4.2736607286
      
      
#  type   0  conf  1.0000
   2.1259546616  -1.3491718539  -4.2736607286
   2.5500094181  -1.6182851857  -4.0346041093
      
      
#  type   0  conf  1.0000
   2.5500094181  -1.6182851857  -4.0346041093
   2.6479477776  -1.6804387585  -3.9613909800
      
      
#  type   0  conf  1.0000
   2.6479477776  -1.6804387585  -3.9613909800
   2.6577921578  -1.6866861922  -3.8155096610
      
      
#  type   0  conf  1.0000
   2.6577921578  -1.6866861922  -3.8155096610
   0.9622106600  -0.6106374532  -1.7421022026
      
      
#  type   0  conf  1.0000
   0.9622106600  -0.6106374532  -1.7421022026
   0.6159984006  -0.3909244723  -1.3613066094
      
      
#  type   0  conf  1.0000
   0.6159984006  -0.3909244723  -1.3613066094
   0.2698101320  -0.1712267164  -1.0317401408
      
      
#  type   0  conf  1.0000
   0.2698101320  -0.1712267164  -1.0317401408
   0.0074999951  -0.0047596416  -0.8353597712
      
      
#  type   0  conf  1.0000
   0.0074999951  -0.0047596416  -0.8353597712
  -0.0343036417   0.0217697530  -0.8408787447
      
      
#  type   0  conf  1.0000
  -0.0343036417   0.0217697530  -0.8408787447
  -0.2849988722   0.1808657841  -1.0244857325
      
      
#  type   0  conf  1.0000
  -0.2849988722   0.1808657841  -1.0244857325
  -0.6436275723   0.4084584778  -1.3681751737
      
      
#  type   0  conf  1.0000
  -0.6436275723   0.4084584778  -1.3681751737
  -0.9368743199   0.5945585228  -1.6921404003
      
      
#  type   0  conf  1.0000
  -0.9368743199   0.5945585228  -1.6921404003
  -0.9981872270   0.6334688768  -1.7607762709
      
      
#  type   0  conf  1.0000
  -0.9981872270   0.6334688768  -1.7607762709
  -2.7176775074   1.7246905907  -3.8619624821
      
      
#  type   0  conf  1.0000
  -2.7176775074   1.7246905907  -3.8619624821
  -2.7222759079   1.7276088244  -3.9190456841
      
      
#  type   0  conf  1.0000
  -2.7222759079   1.7276088244  -3.9190456841
  -2.7171089541   1.7243297758  -3.9765350276
      
      
#  type   0  conf  1.0000
  -2.7171089541   1.7243297758  -3.9765350276
  -2.1706756766   1.3775526731  -4.2944572976
      
      
#  type   3  conf  0.0000
#  type   3  conf  0.0000
# 273  norm    -0.5424415367   -0.8400935539    0.0000000000
# nedges  20 
#  type   0  conf  1.0000
   1.4105668207  -0.9107914592  -4.5779087451
   2.1218176046  -1.3700402730  -4.2735551496
      
      
#  type   0  conf  1.0000
   2.1218176046  -1.3700402730  -4.2735551496
   2.5477362300  -1.6450524459  -4.0338820413
      
      
#  type   0  conf  1.0000
   2.5477362300  -1.6450524459  -4.0338820413
   2.6443807815  -1.7074550423  -3.9612684985
      
      
#  type   0  conf  1.0000
   2.6443807815  -1.7074550423  -3.9612684985
   2.6520341900  -1.7123967856  -3.8413539184
      
      
#  type   0  conf  1.0000
   2.6520341900  -1.7123967856  -3.8413539184
   2.6377862666  -1.7031970180  -3.7952700338
      
      
#  type   0  conf  1.0000
   2.6377862666  -1.7031970180  -3.7952700338
   0.9700470933  -0.6263514742  -1.7608739792
      
      
#  type   0  conf  1.0000
   0.9700470933  -0.6263514742  -1.7608739792
   0.9423798145  -0.6084869385  -1.7284492966
      
      
#  type   0  conf  1.0000
   0.9423798145  -0.6084869385  -1.7284492966
   0.6109761397  -0.3945022963  -1.3612627858
      
      
#  type   0  conf  1.0000
   0.6109761397  -0.3945022963  -1.3612627858
   0.2653288670  -0.1713206793  -1.0299879411
      
      
#  type   0  conf  1.0000
   0.2653288670  -0.1713206793  -1.0299879411
   0.0056120204  -0.0036236357  -0.8345024245
      
      
#  type   0  conf  1.0000
   0.0056120204  -0.0036236357  -0.8345024245
  -0.0361792842   0.0233606679  -0.8423429523
      
      
#  type   0  conf  1.0000
  -0.0361792842   0.0233606679  -0.8423429523
  -0.2846939832   0.1838245764  -1.0254323775
      
      
#  type   0  conf  1.0000
  -0.2846939832   0.1838245764  -1.0254323775
  -0.6398866352   0.4131695667  -1.3689440161
      
      
#  type   0  conf  1.0000
  -0.6398866352   0.4131695667  -1.3689440161
  -0.8573712133   0.5535975800  -1.6110894587
      
      
#  type   0  conf  1.0000
  -0.8573712133   0.5535975800  -1.6110894587
  -0.9878554588   0.6378501901  -1.7567700662
      
      
#  type   0  conf  1.0000
  -0.9878554588   0.6378501901  -1.7567700662
  -2.7219851909   1.7575635747  -3.8702689571
      
      
#  type   0  conf  1.0000
  -2.7219851909   1.7575635747  -3.8702689571
  -2.7172874274   1.7545302673  -3.9560993121
      
      
#  type   0  conf  1.0000
  -2.7172874274   1.7545302673  -3.9560993121
  -2.6950443667   1.7401681049  -3.9893540833
      
      
#  type   0  conf  1.0000
  -2.6950443667   1.7401681049  -3.9893540833
  -2.1712066344   1.4019303656  -4.2911660853
      
      
#  type   0  conf  1.0000
  -2.1712066344   1.4019303656  -4.2911660853
  -1.4784359701   0.9546140138  -4.5875567446
      
      
# 274  norm    -0.5490228180   -0.8358073614    0.0000000000
# nedges  19 
#  type   0  conf  1.0000
   1.4036389363  -0.9220184457  -4.5798309606
   2.1166258270  -1.3903632941  -4.2737732589
      
      
#  type   0  conf  1.0000
   2.1166258270  -1.3903632941  -4.2737732589
   2.5444562432  -1.6713953495  -4.0335661473
      
      
#  type   0  conf  1.0000
   2.5444562432  -1.6713953495  -4.0335661473
   2.6402237331  -1.7343028323  -3.9606792104
      
      
#  type   0  conf  1.0000
   2.6402237331  -1.7343028323  -3.9606792104
   2.6499299872  -1.7406786496  -3.8145793040
      
      
#  type   0  conf  1.0000
   2.6499299872  -1.7406786496  -3.8145793040
   0.9486887989  -0.6231720631  -1.7442220903
      
      
#  type   0  conf  1.0000
   0.9486887989  -0.6231720631  -1.7442220903
   0.9411203303  -0.6182005085  -1.7355372639
      
      
#  type   0  conf  1.0000
   0.9411203303  -0.6182005085  -1.7355372639
   0.6060241738  -0.3980834760  -1.3613921289
      
      
#  type   0  conf  1.0000
   0.6060241738  -0.3980834760  -1.3613921289
   0.2599543643  -0.1707581007  -1.0271888920
      
      
#  type   0  conf  1.0000
   0.2599543643  -0.1707581007  -1.0271888920
  -0.0012249455   0.0008046388  -0.8303825475
      
      
#  type   0  conf  1.0000
  -0.0012249455   0.0008046388  -0.8303825475
  -0.0638543925   0.0419444960  -0.8609155175
      
      
#  type   0  conf  1.0000
  -0.0638543925   0.0419444960  -0.8609155175
  -0.2877568254   0.1890209042  -1.0302117070
      
      
#  type   0  conf  1.0000
  -0.2877568254   0.1890209042  -1.0302117070
  -0.6362365635   0.4179293066  -1.3699576832
      
      
#  type   0  conf  1.0000
  -0.6362365635   0.4179293066  -1.3699576832
  -0.9627195144   0.6323885206  -1.7364289203
      
      
#  type   0  conf  1.0000
  -0.9627195144   0.6323885206  -1.7364289203
  -0.9849462958   0.6469887870  -1.7622533077
      
      
#  type   0  conf  1.0000
  -0.9849462958   0.6469887870  -1.7622533077
  -2.7171274055   1.7848191030  -3.8673881133
      
      
#  type   0  conf  1.0000
  -2.7171274055   1.7848191030  -3.8673881133
  -2.7149773171   1.7834067589  -3.9548530962
      
      
#  type   0  conf  1.0000
  -2.7149773171   1.7834067589  -3.9548530962
  -2.6943994706   1.7698896403  -3.9880084268
      
      
#  type   0  conf  1.0000
  -2.6943994706   1.7698896403  -3.9880084268
  -2.1675733163   1.4238295394  -4.2909527089
      
      
#  type   0  conf  1.0000
  -2.1675733163   1.4238295394  -4.2909527089
  -1.4778208766   0.9707468726  -4.5872644329
      
      
# 275  norm    -0.5555702330   -0.8314696123    0.0000000000
# nedges  21 
#  type   0  conf  1.0000
   1.3962379819  -0.9329363930  -4.5821853927
   2.1119056385  -1.4111302329  -4.2736896276
      
      
#  type   0  conf  1.0000
   2.1119056385  -1.4111302329  -4.2736896276
   2.5416192609  -1.6982556958  -4.0330773774
      
      
#  type   0  conf  1.0000
   2.5416192609  -1.6982556958  -4.0330773774
   2.6344570165  -1.7602879009  -3.9620947087
      
      
#  type   0  conf  1.0000
   2.6344570165  -1.7602879009  -3.9620947087
   2.6450827833  -1.7673878113  -3.8543313198
      
      
#  type   0  conf  1.0000
   2.6450827833  -1.7673878113  -3.8543313198
   2.6344502289  -1.7602833656  -3.8007528457
      
      
#  type   0  conf  1.0000
   2.6344502289  -1.7602833656  -3.8007528457
   0.9435956150  -0.6304904328  -1.7476788594
      
      
#  type   0  conf  1.0000
   0.9435956150  -0.6304904328  -1.7476788594
   0.9211267307  -0.6154772043  -1.7222573593
      
      
#  type   0  conf  1.0000
   0.9211267307  -0.6154772043  -1.7222573593
   0.6004403506  -0.4012014156  -1.3611740485
      
      
#  type   0  conf  1.0000
   0.6004403506  -0.4012014156  -1.3611740485
   0.2589481959  -0.1730236528  -1.0285188630
      
      
#  type   0  conf  1.0000
   0.2589481959  -0.1730236528  -1.0285188630
  -0.0007871587   0.0005259626  -0.8309041768
      
      
#  type   0  conf  1.0000
  -0.0007871587   0.0005259626  -0.8309041768
  -0.0592912045   0.0396171163  -0.8574908282
      
      
#  type   0  conf  1.0000
  -0.0592912045   0.0396171163  -0.8574908282
  -0.2847228633   0.1902457350  -1.0292632195
      
      
#  type   0  conf  1.0000
  -0.2847228633   0.1902457350  -1.0292632195
  -0.6324962396   0.4226204758  -1.3705135338
      
      
#  type   0  conf  1.0000
  -0.6324962396   0.4226204758  -1.3705135338
  -0.9446580693   0.6312003420  -1.7246841835
      
      
#  type   0  conf  1.0000
  -0.9446580693   0.6312003420  -1.7246841835
  -0.9769680319   0.6527891688  -1.7616121811
      
      
#  type   0  conf  1.0000
  -0.9769680319   0.6527891688  -1.7616121811
  -2.7147631397   1.8139467370  -3.8674728519
      
      
#  type   0  conf  1.0000
  -2.7147631397   1.8139467370  -3.8674728519
  -2.7120214796   1.8121148183  -3.9558049414
      
      
#  type   0  conf  1.0000
  -2.7120214796   1.8121148183  -3.9558049414
  -2.6897024727   1.7972017346  -3.9889514375
      
      
#  type   0  conf  1.0000
  -2.6897024727   1.7972017346  -3.9889514375
  -2.1803576744   1.4568684210  -4.2813242186
      
      
#  type   0  conf  1.0000
  -2.1803576744   1.4568684210  -4.2813242186
  -2.1540080129   1.4392621401  -4.2946523449
      
      
#  type   0  conf  1.0000
  -2.1540080129   1.4392621401  -4.2946523449
  -1.4711871711   0.9830158401  -4.5899175182
      
      
# 276  norm    -0.5620833779   -0.8270805743    0.0000000000
# nedges  21 
#  type   0  conf  1.0000
   1.4004211652  -0.9517252411  -4.5793605086
   2.1090964866  -1.4333404921  -4.2725931926
      
      
#  type   0  conf  1.0000
   2.1090964866  -1.4333404921  -4.2725931926
   2.5365611298  -1.7238451637  -4.0335250999
      
      
#  type   0  conf  1.0000
   2.5365611298  -1.7238451637  -4.0335250999
   2.6291155472  -1.7867450808  -3.9623086702
      
      
#  type   0  conf  1.0000
   2.6291155472  -1.7867450808  -3.9623086702
   2.6403457250  -1.7943771018  -3.8558998280
      
      
#  type   0  conf  1.0000
   2.6403457250  -1.7943771018  -3.8558998280
   2.6313760291  -1.7882813027  -3.8022185935
      
      
#  type   0  conf  1.0000
   2.6313760291  -1.7882813027  -3.8022185935
   0.9477657495  -0.6441009382  -1.7624418583
      
      
#  type   0  conf  1.0000
   0.9477657495  -0.6441009382  -1.7624418583
   0.9185143451  -0.6242217044  -1.7284746845
      
      
#  type   0  conf  1.0000
   0.9185143451  -0.6242217044  -1.7284746845
   0.5976699134  -0.4061760537  -1.3634138682
      
      
#  type   0  conf  1.0000
   0.5976699134  -0.4061760537  -1.3634138682
   0.2566757163  -0.1744366367  -1.0291324129
      
      
#  type   0  conf  1.0000
   0.2566757163  -0.1744366367  -1.0291324129
   0.0062991853  -0.0042809219  -0.8359244520
      
      
#  type   4  conf  0.0000
#  type   0  conf  1.0000
  -0.0338864720   0.0230292226  -0.8400621638
  -0.2781385010   0.1890227301  -1.0245018533
      
      
#  type   0  conf  1.0000
  -0.2781385010   0.1890227301  -1.0245018533
  -0.6279278224   0.4267393074  -1.3705961996
      
      
#  type   0  conf  1.0000
  -0.6279278224   0.4267393074  -1.3705961996
  -0.9467314826   0.6433980512  -1.7354677608
      
      
#  type   0  conf  1.0000
  -0.9467314826   0.6433980512  -1.7354677608
  -0.9710191713   0.6599039474  -1.7634905018
      
      
#  type   0  conf  1.0000
  -0.9710191713   0.6599039474  -1.7634905018
  -2.7108382407   1.8422837660  -3.8666617750
      
      
#  type   0  conf  1.0000
  -2.7108382407   1.8422837660  -3.8666617750
  -2.7089125037   1.8409750364  -3.9521259478
      
      
#  type   0  conf  1.0000
  -2.7089125037   1.8409750364  -3.9521259478
  -2.6938459899   1.8307358442  -3.9846139266
      
      
#  type   0  conf  1.0000
  -2.6938459899   1.8307358442  -3.9846139266
  -2.1904599406   1.4886350384  -4.2731295296
      
      
#  type   0  conf  1.0000
  -2.1904599406   1.4886350384  -4.2731295296
  -2.1530280980   1.4631963844  -4.2930709602
      
      
#  type   0  conf  1.0000
  -2.1530280980   1.4631963844  -4.2930709602
  -1.4667125904   0.9967768471  -4.5909179626
      
      
# 277  norm    -0.5685618507   -0.8226405180   -0.0000000000
# nedges  21 
#  type   0  conf  1.0000
   1.3914155602  -0.9616664737  -4.5817763252
   2.1047444737  -1.4546784252  -4.2722102223
      
      
#  type   0  conf  1.0000
   2.1047444737  -1.4546784252  -4.2722102223
   2.5316860955  -1.7497559388  -4.0334755041
      
      
#  type   0  conf  1.0000
   2.5316860955  -1.7497559388  -4.0334755041
   2.6246758379  -1.8140251048  -3.9622334414
      
      
#  type   0  conf  1.0000
   2.6246758379  -1.8140251048  -3.9622334414
   2.6350555971  -1.8211989979  -3.8561902977
      
      
#  type   0  conf  1.0000
   2.6350555971  -1.8211989979  -3.8561902977
   2.6266969801  -1.8154220022  -3.8014132354
      
      
#  type   0  conf  1.0000
   2.6266969801  -1.8154220022  -3.8014132354
   0.9398011309  -0.6495365334  -1.7626753153
      
      
#  type   0  conf  1.0000
   0.9398011309  -0.6495365334  -1.7626753153
   0.8951778164  -0.6186954628  -1.7105033517
      
      
#  type   0  conf  1.0000
   0.8951778164  -0.6186954628  -1.7105033517
   0.5911721291  -0.4085842023  -1.3625104541
      
      
#  type   0  conf  1.0000
   0.5911721291  -0.4085842023  -1.3625104541
   0.2539379147  -0.1755072934  -1.0288045286
      
      
#  type   0  conf  1.0000
   0.2539379147  -0.1755072934  -1.0288045286
   0.0054213166  -0.0037469025  -0.8356767581
      
      
#  type   0  conf  1.0000
   0.0054213166  -0.0037469025  -0.8356767581
  -0.0337226094   0.0233071296  -0.8399204246
      
      
#  type   0  conf  1.0000
  -0.0337226094   0.0233071296  -0.8399204246
  -0.2759106016   0.1906935518  -1.0241305529
      
      
#  type   0  conf  1.0000
  -0.2759106016   0.1906935518  -1.0241305529
  -0.6237259960   0.4310835643  -1.3713378052
      
      
#  type   0  conf  1.0000
  -0.6237259960   0.4310835643  -1.3713378052
  -0.9229190509   0.6378686099  -1.7162111388
      
      
#  type   0  conf  1.0000
  -0.9229190509   0.6378686099  -1.7162111388
  -1.0510864153   0.7264505267  -1.8686683743
      
      
#  type   0  conf  1.0000
  -1.0510864153   0.7264505267  -1.8686683743
  -2.6959431584   1.8632809813  -3.8536372396
      
      
#  type   0  conf  1.0000
  -2.6959431584   1.8632809813  -3.8536372396
  -2.7068004497   1.8707849170  -3.9190623687
      
      
#  type   0  conf  1.0000
  -2.7068004497   1.8707849170  -3.9190623687
  -2.7009550999   1.8667449472  -3.9769761044
      
      
#  type   0  conf  1.0000
  -2.7009550999   1.8667449472  -3.9769761044
  -2.2410986949   1.5489186270  -4.2415745862
      
      
#  type   0  conf  1.0000
  -2.2410986949   1.5489186270  -4.2415745862
  -2.1467662961   1.4837214939  -4.2938523925
      
      
#  type   0  conf  1.0000
  -2.1467662961   1.4837214939  -4.2938523925
  -1.4659725394   1.0131959730  -4.5901207580
      
      
# 278  norm    -0.5750052520   -0.8181497174    0.0000000000
# nedges  20 
#  type   0  conf  1.0000
   1.3945155536  -0.9800819462  -4.5793143487
   2.0978889879  -1.4744210755  -4.2726402782
      
      
#  type   0  conf  1.0000
   2.0978889879  -1.4744210755  -4.2726402782
   2.5283424902  -1.7769488638  -4.0325900465
      
      
#  type   0  conf  1.0000
   2.5283424902  -1.7769488638  -4.0325900465
   2.6206152855  -1.8417992705  -3.9603291536
      
      
#  type   0  conf  1.0000
   2.6206152855  -1.8417992705  -3.9603291536
   2.6290169239  -1.8477040409  -3.8558459262
      
      
#  type   0  conf  1.0000
   2.6290169239  -1.8477040409  -3.8558459262
   2.6218091730  -1.8426383487  -3.8016076125
      
      
#  type   0  conf  1.0000
   2.6218091730  -1.8426383487  -3.8016076125
   0.9100742950  -0.6396109272  -1.7363254077
      
      
#  type   3  conf  0.0000
#  type   0  conf  1.0000
   0.8986734332  -0.6315982674  -1.7236298877
   0.5881622332  -0.4133673409  -1.3648554513
      
      
#  type   0  conf  1.0000
   0.5881622332  -0.4133673409  -1.3648554513
   0.2526943775  -0.1775965830  -1.0299647758
      
      
#  type   0  conf  1.0000
   0.2526943775  -0.1775965830  -1.0299647758
   0.0055434021  -0.0038959683  -0.8362203101
      
      
#  type   4  conf  0.0000
#  type   0  conf  1.0000
  -0.0332315447   0.0233555208  -0.8394050258
  -0.2756981083   0.1937638758  -1.0257321607
      
      
#  type   0  conf  1.0000
  -0.2756981083   0.1937638758  -1.0257321607
  -0.6118492274   0.4300148393  -1.3641775588
      
      
#  type   0  conf  1.0000
  -0.6118492274   0.4300148393  -1.3641775588
  -0.8546809608   0.6006798399  -1.6442204370
      
      
#  type   0  conf  1.0000
  -0.8546809608   0.6006798399  -1.6442204370
  -2.6926710141   1.8924408848  -3.8525500280
      
      
#  type   0  conf  1.0000
  -2.6926710141   1.8924408848  -3.8525500280
  -2.7025155361   1.8993597307  -3.9190972776
      
      
#  type   0  conf  1.0000
  -2.7025155361   1.8993597307  -3.9190972776
  -2.6967572284   1.8953127243  -3.9771795938
      
      
#  type   0  conf  1.0000
  -2.6967572284   1.8953127243  -3.9771795938
  -2.1452349000   1.5076963398  -4.2938742782
      
      
#  type   3  conf  0.0000
#  type   3  conf  0.0000
# 279  norm    -0.5814131843   -0.8136084495    0.0000000000
# nedges  19 
#  type   0  conf  1.0000
   1.3869792436  -0.9911500048  -4.5808868864
   2.0907501280  -1.4940721059  -4.2730351307
      
      
#  type   0  conf  1.0000
   2.0907501280  -1.4940721059  -4.2730351307
   2.5200852273  -1.8008794988  -4.0336451149
      
      
#  type   0  conf  1.0000
   2.5200852273  -1.8008794988  -4.0336451149
   2.6131647004  -1.8673950726  -3.9615637326
      
      
#  type   0  conf  1.0000
   2.6131647004  -1.8673950726  -3.9615637326
   2.6225860173  -1.8741276451  -3.8429599590
      
      
#  type   0  conf  1.0000
   2.6225860173  -1.8741276451  -3.8429599590
   2.6079101344  -1.8636401043  -3.7902620017
      
      
#  type   0  conf  1.0000
   2.6079101344  -1.8636401043  -3.7902620017
   0.8248219019  -0.5894264357  -1.6461195547
      
      
#  type   0  conf  1.0000
   0.8248219019  -0.5894264357  -1.6461195547
   0.5804281586  -0.4147800876  -1.3624500789
      
      
#  type   0  conf  1.0000
   0.5804281586  -0.4147800876  -1.3624500789
   0.2498325097  -0.1785329480  -1.0297909317
      
      
#  type   0  conf  1.0000
   0.2498325097  -0.1785329480  -1.0297909317
   0.0056357872  -0.0040273930  -0.8364900095
      
      
#  type   0  conf  1.0000
   0.0056357872  -0.0040273930  -0.8364900095
  -0.0325200074   0.0232391405  -0.8389839596
      
      
#  type   0  conf  1.0000
  -0.0325200074   0.0232391405  -0.8389839596
  -0.2737988257   0.1956595304  -1.0255984327
      
      
#  type   0  conf  1.0000
  -0.2737988257   0.1956595304  -1.0255984327
  -0.6192390100   0.4425147316  -1.3767277777
      
      
#  type   0  conf  1.0000
  -0.6192390100   0.4425147316  -1.3767277777
  -0.9138634871   0.6530564922  -1.7230160669
      
      
#  type   0  conf  1.0000
  -0.9138634871   0.6530564922  -1.7230160669
  -2.6963229080   1.9268208053  -3.8639522224
      
      
#  type   0  conf  1.0000
  -2.6963229080   1.9268208053  -3.8639522224
  -2.6953028775   1.9260918808  -3.9543401462
      
      
#  type   0  conf  1.0000
  -2.6953028775   1.9260918808  -3.9543401462
  -2.6746137526   1.9113072138  -3.9876194286
      
      
#  type   0  conf  1.0000
  -2.6746137526   1.9113072138  -3.9876194286
  -2.1547332921   1.5397951503  -4.2842332251
      
      
#  type   0  conf  1.0000
  -2.1547332921   1.5397951503  -4.2842332251
  -2.1334760670   1.5246045128  -4.2946618141
      
      
#  type   0  conf  1.0000
  -2.1334760670   1.5246045128  -4.2946618141
  -1.4599681247   1.0433086295  -4.5901208226
      
      
# 280  norm    -0.5877852523   -0.8090169944    0.0000000000
# nedges  18 
#  type   0  conf  1.0000
   1.3904892111  -1.0102495466  -4.5777394683
   2.0864850832  -1.5159201470  -4.2719751844
      
      
#  type   0  conf  1.0000
   2.0864850832  -1.5159201470  -4.2719751844
   2.5159873299  -1.8279717951  -4.0323253688
      
      
#  type   0  conf  1.0000
   2.5159873299  -1.8279717951  -4.0323253688
   2.6048735499  -1.8925514141  -3.9631166114
      
      
#  type   0  conf  1.0000
   2.6048735499  -1.8925514141  -3.9631166114
   2.6168159095  -1.9012280462  -3.8559017199
      
      
#  type   0  conf  1.0000
   2.6168159095  -1.9012280462  -3.8559017199
   2.6037690431  -1.8917489429  -3.7935414142
      
      
#  type   0  conf  1.0000
   2.6037690431  -1.8917489429  -3.7935414142
   0.8153356628  -0.5923760336  -1.6431843958
      
      
#  type   0  conf  1.0000
   0.8153356628  -0.5923760336  -1.6431843958
   0.5750905542  -0.4178277451  -1.3626594478
      
      
#  type   0  conf  1.0000
   0.5750905542  -0.4178277451  -1.3626594478
   0.2474603611  -0.1797904763  -1.0300488231
      
      
#  type   0  conf  1.0000
   0.2474603611  -0.1797904763  -1.0300488231
   0.0052135635  -0.0037878756  -0.8367346934
      
      
#  type   4  conf  0.0000
#  type   0  conf  1.0000
  -0.0324851669   0.0236018552  -0.8386362757
  -0.2717922153   0.1974686032  -1.0253701483
      
      
#  type   0  conf  1.0000
  -0.2717922153   0.1974686032  -1.0253701483
  -0.6106711375   0.4436785520  -1.3731168623
      
      
#  type   0  conf  1.0000
  -0.6106711375   0.4436785520  -1.3731168623
  -0.8768500778   0.6370688722  -1.6856600270
      
      
#  type   0  conf  1.0000
  -0.8768500778   0.6370688722  -1.6856600270
  -2.6887819845   1.9535144603  -3.8630265194
      
      
#  type   0  conf  1.0000
  -2.6887819845   1.9535144603  -3.8630265194
  -2.6903634511   1.9546634630  -3.9451958541
      
      
#  type   0  conf  1.0000
  -2.6903634511   1.9546634630  -3.9451958541
  -2.6775023414   1.9453193198  -3.9825422768
      
      
#  type   0  conf  1.0000
  -2.6775023414   1.9453193198  -3.9825422768
  -2.1329190663   1.5496564105  -4.2935590133
      
      
#  type   0  conf  1.0000
  -2.1329190663   1.5496564105  -4.2935590133
  -1.4558899943   1.0577659969  -4.5910115208
      
      
# 281  norm    -0.5941210629   -0.8043756353    0.0000000000
# nedges  19 
#  type   0  conf  1.0000
   1.3838097143  -1.0220977144  -4.5788352379
   2.0778478832  -1.5347222601  -4.2727147478
      
      
#  type   0  conf  1.0000
   2.0778478832  -1.5347222601  -4.2727147478
   2.5078463465  -1.8523240532  -4.0332602401
      
      
#  type   0  conf  1.0000
   2.5078463465  -1.8523240532  -4.0332602401
   2.5983653504  -1.9191824269  -3.9622056309
      
      
#  type   0  conf  1.0000
   2.5983653504  -1.9191824269  -3.9622056309
   2.6093181552  -1.9272722940  -3.8559692606
      
      
#  type   0  conf  1.0000
   2.6093181552  -1.9272722940  -3.8559692606
   2.5996925539  -1.9201627146  -3.7971227292
      
      
#  type   0  conf  1.0000
   2.5996925539  -1.9201627146  -3.7971227292
   0.8208114165  -0.6062607193  -1.6580722172
      
      
#  type   0  conf  1.0000
   0.8208114165  -0.6062607193  -1.6580722172
   0.5717561852  -0.4223056711  -1.3649867780
      
      
#  type   0  conf  1.0000
   0.5717561852  -0.4223056711  -1.3649867780
   0.2443951073  -0.1805130272  -1.0294735982
      
      
#  type   0  conf  1.0000
   0.2443951073  -0.1805130272  -1.0294735982
  -0.0024953318   0.0018430807  -0.8309646091
      
      
#  type   0  conf  1.0000
  -0.0024953318   0.0018430807  -0.8309646091
  -0.0612204197   0.0452181036  -0.8591559869
      
      
#  type   0  conf  1.0000
  -0.0612204197   0.0452181036  -0.8591559869
  -0.2754640918   0.2034609352  -1.0312611949
      
      
#  type   0  conf  1.0000
  -0.2754640918   0.2034609352  -1.0312611949
  -0.6058372829   0.4474783604  -1.3732480289
      
      
#  type   0  conf  1.0000
  -0.6058372829   0.4474783604  -1.3732480289
  -0.8790901531   0.6493060621  -1.6959366832
      
      
#  type   0  conf  1.0000
  -0.8790901531   0.6493060621  -1.6959366832
  -2.6744701202   1.9753942820  -3.8535210464
      
      
#  type   0  conf  1.0000
  -2.6744701202   1.9753942820  -3.8535210464
  -2.6848563707   1.9830656856  -3.9456574031
      
      
#  type   0  conf  1.0000
  -2.6848563707   1.9830656856  -3.9456574031
  -2.6682194013   1.9707774294  -3.9847141132
      
      
#  type   0  conf  1.0000
  -2.6682194013   1.9707774294  -3.9847141132
  -2.1497136143   1.5878031127  -4.2802434769
      
      
#  type   0  conf  1.0000
  -2.1497136143   1.5878031127  -4.2802434769
  -2.1250497793   1.5695861215  -4.2929996516
      
      
#  type   0  conf  1.0000
  -2.1250497793   1.5695861215  -4.2929996516
  -1.4526426702   1.0729385245  -4.5905264341
      
      
# 282  norm    -0.6004202253   -0.7996846585    0.0000000000
# nedges  19 
#  type   0  conf  1.0000
   1.3785981524  -1.0350807715  -4.5795838653
   2.0692803537  -1.5536596370  -4.2733646175
      
      
#  type   0  conf  1.0000
   2.0692803537  -1.5536596370  -4.2733646175
   2.5017416694  -1.8783607775  -4.0326898162
      
      
#  type   0  conf  1.0000
   2.5017416694  -1.8783607775  -4.0326898162
   2.5923378115  -1.9463822851  -3.9602737265
      
      
#  type   0  conf  1.0000
   2.5923378115  -1.9463822851  -3.9602737265
   2.6013655986  -1.9531605393  -3.8560332186
      
      
#  type   0  conf  1.0000
   2.6013655986  -1.9531605393  -3.8560332186
   2.5868871049  -1.9422897787  -3.7902639117
      
      
#  type   0  conf  1.0000
   2.5868871049  -1.9422897787  -3.7902639117
   0.7820672538  -0.5871927037  -1.6198741696
      
      
#  type   0  conf  1.0000
   0.7820672538  -0.5871927037  -1.6198741696
   0.5687880084  -0.4270581166  -1.3677545766
      
      
#  type   0  conf  1.0000
   0.5687880084  -0.4270581166  -1.3677545766
   0.2433385256  -0.1827037331  -1.0307426522
      
      
#  type   0  conf  1.0000
   0.2433385256  -0.1827037331  -1.0307426522
   0.0053902035  -0.0040470793  -0.8376235314
      
      
#  type   4  conf  0.0000
#  type   0  conf  1.0000
  -0.0315404751   0.0236812586  -0.8380059801
  -0.2664221733   0.2000354260  -1.0242270214
      
      
#  type   0  conf  1.0000
  -0.2664221733   0.2000354260  -1.0242270214
  -0.6014078790   0.4515498083  -1.3735028875
      
      
#  type   0  conf  1.0000
  -0.6014078790   0.4515498083  -1.3735028875
  -0.8835225160   0.6633674693  -1.7089744158
      
      
#  type   0  conf  1.0000
  -0.8835225160   0.6633674693  -1.7089744158
  -2.6681274700   2.0032867702  -3.8531806737
      
      
#  type   0  conf  1.0000
  -2.6681274700   2.0032867702  -3.8531806737
  -2.6783966062   2.0109970558  -3.9318560282
      
      
#  type   0  conf  1.0000
  -2.6783966062   2.0109970558  -3.9318560282
  -2.6714054382   2.0057479384  -3.9781665376
      
      
#  type   0  conf  1.0000
  -2.6714054382   2.0057479384  -3.9781665376
  -2.1697174594   1.6290699490  -4.2652892961
      
      
#  type   0  conf  1.0000
  -2.1697174594   1.6290699490  -4.2652892961
  -2.1185023385   1.5906165486  -4.2928163226
      
      
#  type   0  conf  1.0000
  -2.1185023385   1.5906165486  -4.2928163226
  -1.4494974900   1.0883135000  -4.5904182824
      
      
# 283  norm    -0.6066823510   -0.7949443534    0.0000000000
# nedges  19 
#  type   0  conf  1.0000
   1.3752957449  -1.0495925309  -4.5791047645
   2.0627847019  -1.5742675160  -4.2729628518
      
      
#  type   0  conf  1.0000
   2.0627847019  -1.5742675160  -4.2729628518
   2.4933261096  -1.9028463307  -4.0336407161
      
      
#  type   0  conf  1.0000
   2.4933261096  -1.9028463307  -4.0336407161
   2.5829081205  -1.9712131601  -3.9627623724
      
      
#  type   0  conf  1.0000
   2.5829081205  -1.9712131601  -3.9627623724
   2.5933457376  -1.9791788977  -3.8689307090
      
      
#  type   0  conf  1.0000
   2.5933457376  -1.9791788977  -3.8689307090
   2.5880554062  -1.9751414444  -3.8009004600
      
      
#  type   0  conf  1.0000
   2.5880554062  -1.9751414444  -3.8009004600
   0.7806718232  -0.5957899003  -1.6262797396
      
      
#  type   0  conf  1.0000
   0.7806718232  -0.5957899003  -1.6262797396
   0.5580580893  -0.4258964696  -1.3626001543
      
      
#  type   0  conf  1.0000
   0.5580580893  -0.4258964696  -1.3626001543
   0.2409211978  -0.1838652455  -1.0312021050
      
      
#  type   0  conf  1.0000
   0.2409211978  -0.1838652455  -1.0312021050
   0.0041664128  -0.0031797057  -0.8368290888
      
      
#  type   4  conf  0.0000
#  type   0  conf  1.0000
  -0.0326135600   0.0248898822  -0.8386353983
  -0.2658733426   0.2029081203  -1.0254956717
      
      
#  type   0  conf  1.0000
  -0.2658733426   0.2029081203  -1.0254956717
  -0.5964317401   0.4551823140  -1.3737782650
      
      
#  type   0  conf  1.0000
  -0.5964317401   0.4551823140  -1.3737782650
  -0.8720023117   0.6654911256  -1.7023937962
      
      
#  type   0  conf  1.0000
  -0.8720023117   0.6654911256  -1.7023937962
  -2.6696750944   2.0374316212  -3.8635031576
      
      
#  type   0  conf  1.0000
  -2.6696750944   2.0374316212  -3.8635031576
  -2.6710239682   2.0384610492  -3.9448632382
      
      
#  type   0  conf  1.0000
  -2.6710239682   2.0384610492  -3.9448632382
  -2.6623323423   2.0318278099  -3.9796730617
      
      
#  type   0  conf  1.0000
  -2.6623323423   2.0318278099  -3.9796730617
  -2.1671072190   1.6538839441  -4.2629319892
      
      
#  type   0  conf  1.0000
  -2.1671072190   1.6538839441  -4.2629319892
  -2.1106099726   1.6107666087  -4.2935321218
      
      
#  type   0  conf  1.0000
  -2.1106099726   1.6107666087  -4.2935321218
  -1.4453187966   1.1030324346  -4.5904047722
      
      
# 284  norm    -0.6129070537   -0.7901550124    0.0000000000
# nedges  19 
#  type   0  conf  1.0000
   1.3674448933  -1.0606989862  -4.5806789487
   2.0590432426  -1.5971576557  -4.2710086483
      
      
#  type   0  conf  1.0000
   2.0590432426  -1.5971576557  -4.2710086483
   2.4874489148  -1.9294631580  -4.0323530657
      
      
#  type   0  conf  1.0000
   2.4874489148  -1.9294631580  -4.0323530657
   2.5750974896  -1.9974503617  -3.9629259588
      
      
#  type   0  conf  1.0000
   2.5750974896  -1.9974503617  -3.9629259588
   2.5866670678  -2.0064246464  -3.8431853983
      
      
#  type   0  conf  1.0000
   2.5866670678  -2.0064246464  -3.8431853983
   2.5731600565  -1.9959475345  -3.7911628709
      
      
#  type   0  conf  1.0000
   2.5731600565  -1.9959475345  -3.7911628709
   0.8009238312  -0.6212602058  -1.6592711854
      
      
#  type   0  conf  1.0000
   0.8009238312  -0.6212602058  -1.6592711854
   0.5526670694  -0.4286925222  -1.3627485233
      
      
#  type   0  conf  1.0000
   0.5526670694  -0.4286925222  -1.3627485233
   0.2389429824  -0.1853431758  -1.0318318995
      
      
#  type   0  conf  1.0000
   0.2389429824  -0.1853431758  -1.0318318995
   0.0049123320  -0.0038103953  -0.8378690307
      
      
#  type   0  conf  1.0000
   0.0049123320  -0.0038103953  -0.8378690307
  -0.0317840404   0.0246542289  -0.8376913240
      
      
#  type   0  conf  1.0000
  -0.0317840404   0.0246542289  -0.8376913240
  -0.2640261477   0.2047996731  -1.0256917215
      
      
#  type   0  conf  1.0000
  -0.2640261477   0.2047996731  -1.0256917215
  -0.5706099363   0.4426104364  -1.3518243514
      
      
#  type   0  conf  1.0000
  -0.5706099363   0.4426104364  -1.3518243514
  -0.6214233207   0.4820253375  -1.4094072942
      
      
#  type   0  conf  1.0000
  -0.6214233207   0.4820253375  -1.4094072942
  -2.6659566638   2.0679279614  -3.8654791049
      
      
#  type   0  conf  1.0000
  -2.6659566638   2.0679279614  -3.8654791049
  -2.6624109814   2.0651776483  -3.9577206775
      
      
#  type   0  conf  1.0000
  -2.6624109814   2.0651776483  -3.9577206775
  -2.6343981084   2.0434486367  -3.9914920553
      
      
#  type   0  conf  1.0000
  -2.6343981084   2.0434486367  -3.9914920553
  -2.1297231375   1.6519826019  -4.2804108558
      
      
#  type   0  conf  1.0000
  -2.1297231375   1.6519826019  -4.2804108558
  -2.1028276733   1.6311203415  -4.2937546615
      
      
#  type   0  conf  1.0000
  -2.1028276733   1.6311203415  -4.2937546615
  -1.4406084476   1.1174504562  -4.5907179271
      
      
# 285  norm    -0.6190939493   -0.7853169309   -0.0000000000
# nedges  18 
#  type   0  conf  1.0000
   1.3591905338  -1.0714994193  -4.5822616284
   2.0496009741  -1.6157751243  -4.2718298182
      
      
#  type   0  conf  1.0000
   2.0496009741  -1.6157751243  -4.2718298182
   2.4794067394  -1.9546066688  -4.0325079333
      
      
#  type   0  conf  1.0000
   2.4794067394  -1.9546066688  -4.0325079333
   2.5678100997  -2.0242982587  -3.9615980781
      
      
#  type   0  conf  1.0000
   2.5678100997  -2.0242982587  -3.9615980781
   2.5787662477  -2.0329353894  -3.8288349492
      
      
#  type   0  conf  1.0000
   2.5787662477  -2.0329353894  -3.8288349492
   2.5633237593  -2.0207615131  -3.7888359796
      
      
#  type   0  conf  1.0000
   2.5633237593  -2.0207615131  -3.7888359796
   0.5976404867  -0.4711417704  -1.4226496729
      
      
#  type   0  conf  1.0000
   0.5976404867  -0.4711417704  -1.4226496729
   0.5468292546  -0.4310854249  -1.3625624418
      
      
#  type   0  conf  1.0000
   0.5468292546  -0.4310854249  -1.3625624418
   0.2340582987  -0.1845166847  -1.0297448104
      
      
#  type   0  conf  1.0000
   0.2340582987  -0.1845166847  -1.0297448104
   0.0033329211  -0.0026274632  -0.8369660641
      
      
#  type   4  conf  0.0000
#  type   0  conf  1.0000
  -0.0337141041   0.0265780566  -0.8388195307
  -0.2627875591   0.2071650074  -1.0265651944
      
      
#  type   0  conf  1.0000
  -0.2627875591   0.2071650074  -1.0265651944
  -0.5785288916   0.4560754037  -1.3658847346
      
      
#  type   0  conf  1.0000
  -0.5785288916   0.4560754037  -1.3658847346
  -0.6189931930   0.4879748868  -1.4127495862
      
      
#  type   0  conf  1.0000
  -0.6189931930   0.4879748868  -1.4127495862
  -2.6494380286   2.0886485292  -3.8561349828
      
      
#  type   0  conf  1.0000
  -2.6494380286   2.0886485292  -3.8561349828
  -2.6572619971   2.0948164485  -3.9338169293
      
      
#  type   0  conf  1.0000
  -2.6572619971   2.0948164485  -3.9338169293
  -2.6492039157   2.0884639694  -3.9790489611
      
      
#  type   0  conf  1.0000
  -2.6492039157   2.0884639694  -3.9790489611
  -2.1092963497   1.6628351638  -4.2876142833
      
      
#  type   0  conf  1.0000
  -2.1092963497   1.6628351638  -4.2876142833
  -1.4413608682   1.1362772878  -4.5881540654
      
      
# 286  norm    -0.6252426563   -0.7804304073    0.0000000000
# nedges  19 
#  type   0  conf  1.0000
   1.3616667022  -1.0909007362  -4.5791271919
   2.0393735299  -1.6338462868  -4.2726690248
      
      
#  type   0  conf  1.0000
   2.0393735299  -1.6338462868  -4.2726690248
   2.4681245430  -1.9773406199  -4.0343731737
      
      
#  type   0  conf  1.0000
   2.4681245430  -1.9773406199  -4.0343731737
   2.5571120207  -2.0486330330  -3.9635680022
      
      
#  type   0  conf  1.0000
   2.5571120207  -2.0486330330  -3.9635680022
   2.5693289713  -2.0584206560  -3.8560620799
      
      
#  type   0  conf  1.0000
   2.5693289713  -2.0584206560  -3.8560620799
   2.5557482059  -2.0475404112  -3.7907023781
      
      
#  type   0  conf  1.0000
   2.5557482059  -2.0475404112  -3.7907023781
   0.6055146107  -0.4851086786  -1.4396242431
      
      
#  type   0  conf  1.0000
   0.6055146107  -0.4851086786  -1.4396242431
   0.5409625501  -0.4333927262  -1.3625413307
      
      
#  type   0  conf  1.0000
   0.5409625501  -0.4333927262  -1.3625413307
   0.2331006204  -0.1867488116  -1.0315942294
      
      
#  type   0  conf  1.0000
   0.2331006204  -0.1867488116  -1.0315942294
   0.1816239463  -0.1455082190  -0.9871672821
      
      
#  type   0  conf  1.0000
   0.1816239463  -0.1455082190  -0.9871672821
   0.0008817315  -0.0007064001  -0.8382002420
      
      
#  type   4  conf  0.0000
#  type   0  conf  1.0000
  -0.0357792607   0.0286645930  -0.8407482692
  -0.2600035461   0.2083021193  -1.0258782049
      
      
#  type   0  conf  1.0000
  -0.2600035461   0.2083021193  -1.0258782049
  -0.5682914244   0.4552872831  -1.3603357487
      
      
#  type   0  conf  1.0000
  -0.5682914244   0.4552872831  -1.3603357487
  -0.6746806094   0.5405210925  -1.4861151297
      
      
#  type   0  conf  1.0000
  -0.6746806094   0.5405210925  -1.4861151297
  -2.6422663948   2.1168545509  -3.8582309557
      
      
#  type   0  conf  1.0000
  -2.6422663948   2.1168545509  -3.8582309557
  -2.6508969435   2.1237689242  -3.9724954357
      
      
#  type   0  conf  1.0000
  -2.6508969435   2.1237689242  -3.9724954357
  -2.1363850547   1.7115671737  -4.2681062663
      
      
#  type   0  conf  1.0000
  -2.1363850547   1.7115671737  -4.2681062663
  -2.0866156723   1.6716943797  -4.2943094851
      
      
#  type   0  conf  1.0000
  -2.0866156723   1.6716943797  -4.2943094851
  -1.4321761165   1.1473894290  -4.5906501070
      
      
# 287  norm    -0.6313527954   -0.7754957432    0.0000000000
# nedges  19 
#  type   0  conf  1.0000
   1.3524762628  -1.1010887897  -4.5806779746
   2.0292459818  -1.6520659649  -4.2733210058
      
      
#  type   0  conf  1.0000
   2.0292459818  -1.6520659649  -4.2733210058
   2.4614394104  -2.0039267350  -4.0329655861
      
      
#  type   0  conf  1.0000
   2.4614394104  -2.0039267350  -4.0329655861
   2.5496550709  -2.0757455739  -3.9601883037
      
      
#  type   0  conf  1.0000
   2.5496550709  -2.0757455739  -3.9601883037
   2.5596290428  -2.0838656636  -3.8432050579
      
      
#  type   0  conf  1.0000
   2.5596290428  -2.0838656636  -3.8432050579
   2.5463897357  -2.0730871731  -3.7907816361
      
      
#  type   0  conf  1.0000
   2.5463897357  -2.0730871731  -3.7907816361
   0.7815096106  -0.6362488533  -1.6594858852
      
      
#  type   0  conf  1.0000
   0.7815096106  -0.6362488533  -1.6594858852
   0.5354657395  -0.4359376495  -1.3628447361
      
      
#  type   0  conf  1.0000
   0.5354657395  -0.4359376495  -1.3628447361
   0.2296917640  -0.1869984956  -1.0305616967
      
      
#  type   0  conf  1.0000
   0.2296917640  -0.1869984956  -1.0305616967
  -0.0050326890   0.0040972530  -0.8305815854
      
      
#  type   0  conf  1.0000
  -0.0050326890   0.0040972530  -0.8305815854
  -0.0617827506   0.0502990669  -0.8601699105
      
      
#  type   0  conf  1.0000
  -0.0617827506   0.0502990669  -0.8601699105
  -0.2635497502   0.2145632300  -1.0320308819
      
      
#  type   0  conf  1.0000
  -0.2635497502   0.2145632300  -1.0320308819
  -0.5525340555   0.4498334434  -1.3486655634
      
      
#  type   0  conf  1.0000
  -0.5525340555   0.4498334434  -1.3486655634
  -0.5968566460   0.4859177052  -1.3995584513
      
      
#  type   0  conf  1.0000
  -0.5968566460   0.4859177052  -1.3995584513
  -2.6303213822   2.1414182763  -3.8536976158
      
      
#  type   0  conf  1.0000
  -2.6303213822   2.1414182763  -3.8536976158
  -2.6404504471   2.1496646316  -3.9319709752
      
      
#  type   0  conf  1.0000
  -2.6404504471   2.1496646316  -3.9319709752
  -2.6344476392   2.1447775776  -3.9772518803
      
      
#  type   0  conf  1.0000
  -2.6344476392   2.1447775776  -3.9772518803
  -2.1040165231   1.7129387560  -4.2813636287
      
      
#  type   0  conf  1.0000
  -2.1040165231   1.7129387560  -4.2813636287
  -2.0638638020   1.6802493016  -4.3004965582
      
      
#  type   0  conf  1.0000
  -2.0638638020   1.6802493016  -4.3004965582
  -1.4275553136   1.1622127469  -4.5909423137
      
      
# 288  norm    -0.6374239897   -0.7705132428    0.0000000000
# nedges  19 
#  type   0  conf  1.0000
   1.3432373410  -1.1112225690  -4.5826073215
   2.0211609599  -1.6720497604  -4.2728728027
      
      
#  type   0  conf  1.0000
   2.0211609599  -1.6720497604  -4.2728728027
   2.4525991307  -2.0289664556  -4.0324102031
      
      
#  type   0  conf  1.0000
   2.4525991307  -2.0289664556  -4.0324102031
   2.5383642959  -2.0999175706  -3.9622184535
      
      
#  type   0  conf  1.0000
   2.5383642959  -2.0999175706  -3.9622184535
   2.5496156961  -2.1092255384  -3.8560782433
      
      
#  type   0  conf  1.0000
   2.5496156961  -2.1092255384  -3.8560782433
   2.5396910484  -2.1010151558  -3.7945975940
      
      
#  type   0  conf  1.0000
   2.5396910484  -2.1010151558  -3.7945975940
   0.5297481941  -0.4382458194  -1.3625443622
      
      
#  type   0  conf  1.0000
   0.5297481941  -0.4382458194  -1.3625443622
   0.3887930751  -0.3216376038  -1.2082515749
      
      
#  type   0  conf  1.0000
   0.3887930751  -0.3216376038  -1.2082515749
   0.2241406008  -0.1854252310  -1.0273830481
      
      
#  type   0  conf  1.0000
   0.2241406008  -0.1854252310  -1.0273830481
   0.0015155155  -0.0012537434  -0.8377358272
      
      
#  type   4  conf  0.0000
#  type   0  conf  1.0000
  -0.0364251891   0.0301335371  -0.8424395305
  -0.2558660561   0.2116708102  -1.0254310667
      
      
#  type   0  conf  1.0000
  -0.2558660561   0.2116708102  -1.0254310667
  -0.5582101204   0.4617915725  -1.3608452150
      
      
#  type   0  conf  1.0000
  -0.5582101204   0.4617915725  -1.3608452150
  -0.6023049781   0.4982700113  -1.4125057279
      
      
#  type   0  conf  1.0000
  -0.6023049781   0.4982700113  -1.4125057279
  -2.6294336688   2.1752567080  -3.8638629817
      
      
#  type   0  conf  1.0000
  -2.6294336688   2.1752567080  -3.8638629817
  -2.6320558956   2.1774260026  -3.9457440120
      
      
#  type   0  conf  1.0000
  -2.6320558956   2.1774260026  -3.9457440120
  -2.6160187870   2.1641589526  -3.9841174578
      
      
#  type   0  conf  1.0000
  -2.6160187870   2.1641589526  -3.9841174578
  -2.1302008029   1.7622553635  -4.2610598731
      
      
#  type   0  conf  1.0000
  -2.1302008029   1.7622553635  -4.2610598731
  -2.0717258940   1.7138807119  -4.2932845638
      
      
#  type   0  conf  1.0000
  -2.0717258940   1.7138807119  -4.2932845638
  -1.4225882154   1.1768673212  -4.5903932798
      
      
# 289  norm    -0.6434558647   -0.7654832135    0.0000000000
# nedges  19 
#  type   0  conf  1.0000
   1.3443804950  -1.1300698679  -4.5794282024
   2.0116767551  -1.6909909757  -4.2729926518
      
      
#  type   0  conf  1.0000
   2.0116767551  -1.6909909757  -4.2729926518
   2.4398609456  -2.0509173903  -4.0341409122
      
      
#  type   0  conf  1.0000
   2.4398609456  -2.0509173903  -4.0341409122
   2.5280436112  -2.1250426649  -3.9621423299
      
      
#  type   0  conf  1.0000
   2.5280436112  -2.1250426649  -3.9621423299
   2.5392126783  -2.1344312466  -3.8560605769
      
      
#  type   0  conf  1.0000
   2.5392126783  -2.1344312466  -3.8560605769
   2.5262888561  -2.1235676392  -3.7903610671
      
      
#  type   0  conf  1.0000
   2.5262888561  -2.1235676392  -3.7903610671
   0.5234809983  -0.4400317505  -1.3621534286
      
      
#  type   0  conf  1.0000
   0.5234809983  -0.4400317505  -1.3621534286
   0.3664261973  -0.3080133980  -1.1880891947
      
      
#  type   0  conf  1.0000
   0.3664261973  -0.3080133980  -1.1880891947
   0.2242760654  -0.1885237286  -1.0301623775
      
      
#  type   0  conf  1.0000
   0.2242760654  -0.1885237286  -1.0301623775
  -0.0017482301   0.0014695409  -0.8342516960
      
      
#  type   0  conf  1.0000
  -0.0017482301   0.0014695409  -0.8342516960
  -0.0398724317   0.0335162804  -0.8434857137
      
      
#  type   0  conf  1.0000
  -0.0398724317   0.0335162804  -0.8434857137
  -0.2569631791   0.2160001182  -1.0292832225
      
      
#  type   0  conf  1.0000
  -0.2569631791   0.2160001182  -1.0292832225
  -0.5530474870   0.4648849808  -1.3610336231
      
      
#  type   0  conf  1.0000
  -0.5530474870   0.4648849808  -1.3610336231
  -0.5826266900   0.4897488985  -1.3951270041
      
      
#  type   0  conf  1.0000
  -0.5826266900   0.4897488985  -1.3951270041
  -2.6194485148   2.2018765135  -3.8636581953
      
      
#  type   0  conf  1.0000
  -2.6194485148   2.2018765135  -3.8636581953
  -2.6209135494   2.2031080037  -3.9447391609
      
      
#  type   0  conf  1.0000
  -2.6209135494   2.2031080037  -3.9447391609
  -2.6111977680   2.1949410362  -3.9805959203
      
      
#  type   0  conf  1.0000
  -2.6111977680   2.1949410362  -3.9805959203
  -2.1062501969   1.7704882588  -4.2699124993
      
      
#  type   0  conf  1.0000
  -2.1062501969   1.7704882588  -4.2699124993
  -2.0636545775   1.7346829000  -4.2927474288
      
      
#  type   0  conf  1.0000
  -2.0636545775   1.7346829000  -4.2927474288
  -1.4160745851   1.1903350467  -4.5909750302
      
      
# 290  norm    -0.6494480483   -0.7604059656   -0.0000000000
# nedges  20 
#  type   0  conf  1.0000
   1.3356813628  -1.1407796539  -4.5808220459
   2.0059469261  -1.7132405256  -4.2709553046
      
      
#  type   0  conf  1.0000
   2.0059469261  -1.7132405256  -4.2709553046
   2.4332138859  -2.0781609836  -4.0320657166
      
      
#  type   0  conf  1.0000
   2.4332138859  -2.0781609836  -4.0320657166
   2.5180850096  -2.1506477711  -3.9609455357
      
      
#  type   0  conf  1.0000
   2.5180850096  -2.1506477711  -3.9609455357
   2.5284922428  -2.1595363879  -3.8414972723
      
      
#  type   0  conf  1.0000
   2.5284922428  -2.1595363879  -3.8414972723
   2.5156093254  -2.1485333370  -3.7893542279
      
      
#  type   0  conf  1.0000
   2.5156093254  -2.1485333370  -3.7893542279
   0.5172862816  -0.4418042220  -1.3619769080
      
      
#  type   0  conf  1.0000
   0.5172862816  -0.4418042220  -1.3619769080
   0.3622701776  -0.3094079616  -1.1880331260
      
      
#  type   0  conf  1.0000
   0.3622701776  -0.3094079616  -1.1880331260
   0.2249410040  -0.1921177669  -1.0338844795
      
      
#  type   0  conf  1.0000
   0.2249410040  -0.1921177669  -1.0338844795
   0.1563810445  -0.1335620296  -0.9729741057
      
      
#  type   0  conf  1.0000
   0.1563810445  -0.1335620296  -0.9729741057
  -0.0006380534   0.0005449491  -0.8383367455
      
      
#  type   4  conf  0.0000
#  type   0  conf  1.0000
  -0.0383260622   0.0327335495  -0.8426433644
  -0.2538312407   0.2167923601  -1.0282362413
      
      
#  type   0  conf  1.0000
  -0.2538312407   0.2167923601  -1.0282362413
  -0.5500347905   0.4697740909  -1.3637159849
      
      
#  type   3  conf  0.0000
#  type   0  conf  1.0000
  -0.5598096760   0.4781226318  -1.3743171201
  -2.6042794267   2.2242647579  -3.8565062588
      
      
#  type   0  conf  1.0000
  -2.6042794267   2.2242647579  -3.8565062588
  -2.6118049996   2.2306922044  -3.9337294544
      
      
#  type   0  conf  1.0000
  -2.6118049996   2.2306922044  -3.9337294544
  -2.6045150078   2.2244659631  -3.9786670755
      
      
#  type   0  conf  1.0000
  -2.6045150078   2.2244659631  -3.9786670755
  -2.0531936769   1.7535930629  -4.2947416376
      
      
#  type   3  conf  0.0000
#  type   3  conf  0.0000
# 291  norm    -0.6554001709   -0.7552818123    0.0000000000
# nedges  19 
#  type   0  conf  1.0000
   1.3359052608  -1.1592395342  -4.5778679181
   1.9919132875  -1.7284943021  -4.2731417983
      
      
#  type   0  conf  1.0000
   1.9919132875  -1.7284943021  -4.2731417983
   2.4218472021  -2.1015719489  -4.0327057393
      
      
#  type   0  conf  1.0000
   2.4218472021  -2.1015719489  -4.0327057393
   2.5063180376  -2.1748720060  -3.9623866122
      
      
#  type   0  conf  1.0000
   2.5063180376  -2.1748720060  -3.9623866122
   2.5180064589  -2.1850147014  -3.8543310383
      
      
#  type   0  conf  1.0000
   2.5180064589  -2.1850147014  -3.8543310383
   2.5084423087  -2.1767153546  -3.7939195766
      
      
#  type   0  conf  1.0000
   2.5084423087  -2.1767153546  -3.7939195766
   0.5114077774  -0.4437770635  -1.3617330380
      
      
#  type   3  conf  0.0000
#  type   0  conf  1.0000
   0.4769950066  -0.4139151821  -1.3232157988
   0.2182027049  -0.1893466620  -1.0293048080
      
      
#  type   0  conf  1.0000
   0.2182027049  -0.1893466620  -1.0293048080
  -0.0089491806   0.0077657034  -0.8295606903
      
      
#  type   0  conf  1.0000
  -0.0089491806   0.0077657034  -0.8295606903
  -0.0654517474   0.0567961332  -0.8636990054
      
      
#  type   0  conf  1.0000
  -0.0654517474   0.0567961332  -0.8636990054
  -0.2576957705   0.2236169987  -1.0349468764
      
      
#  type   0  conf  1.0000
  -0.2576957705   0.2236169987  -1.0349468764
  -0.5465174409   0.4742436774  -1.3659089767
      
      
#  type   0  conf  1.0000
  -0.5465174409   0.4742436774  -1.3659089767
  -0.5559813658   0.4824560531  -1.3768753515
      
      
#  type   0  conf  1.0000
  -0.5559813658   0.4824560531  -1.3768753515
  -2.6029814654   2.2587522558  -3.8657449551
      
      
#  type   0  conf  1.0000
  -2.6029814654   2.2587522558  -3.8657449551
  -2.6012075690   2.2572129470  -3.9467096090
      
      
#  type   0  conf  1.0000
  -2.6012075690   2.2572129470  -3.9467096090
  -2.5869943486   2.2448793425  -3.9819731615
      
      
#  type   0  conf  1.0000
  -2.5869943486   2.2448793425  -3.9819731615
  -2.1113190915   1.8321093808  -4.2567679121
      
      
#  type   0  conf  1.0000
  -2.1113190915   1.8321093808  -4.2567679121
  -2.0390591661   1.7694054116  -4.2955555419
      
      
#  type   0  conf  1.0000
  -2.0390591661   1.7694054116  -4.2955555419
  -1.4041835736   1.2184884359  -4.5914946296
      
      
# 292  norm    -0.6613118653   -0.7501110696   -0.0000000000
# nedges  19 
#  type   0  conf  1.0000
   1.3270599085  -1.1699606885  -4.5792173553
   1.9821592413  -1.7475084401  -4.2730256832
      
      
#  type   0  conf  1.0000
   1.9821592413  -1.7475084401  -4.2730256832
   2.4087382353  -2.1235884123  -4.0343073036
      
      
#  type   0  conf  1.0000
   2.4087382353  -2.1235884123  -4.0343073036
   2.4938809917  -2.1986518494  -3.9636584056
      
      
#  type   0  conf  1.0000
   2.4938809917  -2.1986518494  -3.9636584056
   2.5066395777  -2.2099000561  -3.8561507490
      
      
#  type   0  conf  1.0000
   2.5066395777  -2.2099000561  -3.8561507490
   2.4953066542  -2.1999087400  -3.7906656301
      
      
#  type   0  conf  1.0000
   2.4953066542  -2.1999087400  -3.7906656301
   0.5138727436  -0.4530397648  -1.3721802143
      
      
#  type   0  conf  1.0000
   0.5138727436  -0.4530397648  -1.3721802143
   0.3585930667  -0.3161423147  -1.1937184666
      
      
#  type   0  conf  1.0000
   0.3585930667  -0.3161423147  -1.1937184666
   0.2190906547  -0.1931543946  -1.0331513757
      
      
#  type   0  conf  1.0000
   0.2190906547  -0.1931543946  -1.0331513757
  -0.0020118878   0.0017737177  -0.8351438855
      
      
#  type   0  conf  1.0000
  -0.0020118878   0.0017737177  -0.8351438855
  -0.0381329206   0.0336186918  -0.8417755486
      
      
#  type   0  conf  1.0000
  -0.0381329206   0.0336186918  -0.8417755486
  -0.2523022012   0.2224343115  -1.0313939111
      
      
#  type   0  conf  1.0000
  -0.2523022012   0.2224343115  -1.0313939111
  -0.5316770050   0.4687363327  -1.3547762330
      
      
#  type   0  conf  1.0000
  -0.5316770050   0.4687363327  -1.3547762330
  -1.0743582408   0.9471742000  -2.0150164284
      
      
#  type   0  conf  1.0000
  -1.0743582408   0.9471742000  -2.0150164284
  -2.5897956762   2.2832120186  -3.8644460170
      
      
#  type   0  conf  1.0000
  -2.5897956762   2.2832120186  -3.8644460170
  -2.5880467210   2.2816701072  -3.9577937648
      
      
#  type   0  conf  1.0000
  -2.5880467210   2.2816701072  -3.9577937648
  -2.5734812284   2.2688288981  -3.9856709084
      
      
#  type   0  conf  1.0000
  -2.5734812284   2.2688288981  -3.9856709084
  -2.0542943808   1.8111041203  -4.2829298022
      
      
#  type   0  conf  1.0000
  -2.0542943808   1.8111041203  -4.2829298022
  -2.0351639163   1.7942383471  -4.2926299400
      
      
#  type   0  conf  1.0000
  -2.0351639163   1.7942383471  -4.2926299400
  -1.3997082111   1.2340087828  -4.5910954306
      
      
# 293  norm    -0.6671827669   -0.7448940566    0.0000000000
# nedges  18 
#  type   0  conf  1.0000
   1.3178084386  -1.1803276890  -4.5806415854
   1.9712238281  -1.7655753274  -4.2732247920
      
      
#  type   0  conf  1.0000
   1.9712238281  -1.7655753274  -4.2732247920
   2.3989285529  -2.1486596320  -4.0335044205
      
      
#  type   0  conf  1.0000
   2.3989285529  -2.1486596320  -4.0335044205
   2.4835480579  -2.2244511825  -3.9618736831
      
      
#  type   0  conf  1.0000
   2.4835480579  -2.2244511825  -3.9618736831
   2.4953410195  -2.2350138399  -3.8432617360
      
      
#  type   0  conf  1.0000
   2.4953410195  -2.2350138399  -3.8432617360
   2.4843496384  -2.2251691379  -3.7903435314
      
      
#  type   0  conf  1.0000
   2.4843496384  -2.2251691379  -3.7903435314
   1.5002029996  -1.3436938842  -2.5863287406
      
      
#  type   0  conf  1.0000
   1.5002029996  -1.3436938842  -2.5863287406
   0.5001463520  -0.4479684380  -1.3635150667
      
      
#  type   0  conf  1.0000
   0.5001463520  -0.4479684380  -1.3635150667
   0.2163867340  -0.1938121249  -1.0332494456
      
      
#  type   0  conf  1.0000
   0.2163867340  -0.1938121249  -1.0332494456
  -0.0081137404   0.0072672720  -0.8299135146
      
      
#  type   0  conf  1.0000
  -0.0081137404   0.0072672720  -0.8299135146
  -0.0624423004   0.0559279892  -0.8616530124
      
      
#  type   0  conf  1.0000
  -0.0624423004   0.0559279892  -0.8616530124
  -0.2495778384   0.2235405577  -1.0321089079
      
      
#  type   0  conf  1.0000
  -0.2495778384   0.2235405577  -1.0321089079
  -0.4709534919   0.4218211315  -1.2891732184
      
      
#  type   0  conf  1.0000
  -0.4709534919   0.4218211315  -1.2891732184
  -2.5720520016   2.3037219264  -3.8521875096
      
      
#  type   0  conf  1.0000
  -2.5720520016   2.3037219264  -3.8521875096
  -2.5818554631   2.3125026390  -3.9062250941
      
      
#  type   0  conf  1.0000
  -2.5818554631   2.3125026390  -3.9062250941
  -2.5767617709   2.3079403477  -3.9768458917
      
      
#  type   0  conf  1.0000
  -2.5767617709   2.3079403477  -3.9768458917
  -2.0686742157   1.8528591749  -4.2690711024
      
      
#  type   0  conf  1.0000
  -2.0686742157   1.8528591749  -4.2690711024
  -2.0207569271   1.8099408713  -4.2949094231
      
      
#  type   0  conf  1.0000
  -2.0207569271   1.8099408713  -4.2949094231
  -1.3939439222   1.2485203160  -4.5903721445
      
      
# 294  norm    -0.6730125135   -0.7396310950    0.0000000000
# nedges  17 
#  type   0  conf  1.0000
   1.3149152082  -1.1964807799  -4.5788419173
   1.9634476747  -1.7865999194  -4.2718681283
      
      
#  type   0  conf  1.0000
   1.9634476747  -1.7865999194  -4.2718681283
   2.3869109390  -2.1719218425  -4.0339178502
      
      
#  type   0  conf  1.0000
   2.3869109390  -2.1719218425  -4.0339178502
   2.4713165334  -2.2487250241  -3.9622159191
      
      
#  type   0  conf  1.0000
   2.4713165334  -2.2487250241  -3.9622159191
   2.4828978722  -2.2592632315  -3.8562036800
      
      
#  type   0  conf  1.0000
   2.4828978722  -2.2592632315  -3.8562036800
   2.4729191302  -2.2501832749  -3.7891812710
      
      
#  type   0  conf  1.0000
   2.4729191302  -2.2501832749  -3.7891812710
   0.4276059509  -0.3890914778  -1.2839162566
      
      
#  type   0  conf  1.0000
   0.4276059509  -0.3890914778  -1.2839162566
   0.2109390866  -0.1919398006  -1.0307820707
      
      
#  type   0  conf  1.0000
   0.2109390866  -0.1919398006  -1.0307820707
  -0.0067238440   0.0061182273  -0.8315129550
      
      
#  type   0  conf  1.0000
  -0.0067238440   0.0061182273  -0.8315129550
  -0.0591091443   0.0537851830  -0.8589164622
      
      
#  type   0  conf  1.0000
  -0.0591091443   0.0537851830  -0.8589164622
  -0.2479969591   0.2256598700  -1.0325703204
      
      
#  type   0  conf  1.0000
  -0.2479969591   0.2256598700  -1.0325703204
  -0.4958970171   0.4512315669  -1.3252793999
      
      
#  type   0  conf  1.0000
  -0.4958970171   0.4512315669  -1.3252793999
  -2.5629043642   2.3320635378  -3.8555826307
      
      
#  type   0  conf  1.0000
  -2.5629043642   2.3320635378  -3.8555826307
  -2.5695861395   2.3381434856  -3.9319913377
      
      
#  type   0  conf  1.0000
  -2.5695861395   2.3381434856  -3.9319913377
  -2.5622003632   2.3314229462  -3.9784508057
      
      
#  type   0  conf  1.0000
  -2.5622003632   2.3314229462  -3.9784508057
  -2.1212747072   1.9302114692  -4.2328580889
      
      
#  type   0  conf  1.0000
  -2.1212747072   1.9302114692  -4.2328580889
  -2.0138113663   1.8324273527  -4.2934216889
      
      
#  type   0  conf  1.0000
  -2.0138113663   1.8324273527  -4.2934216889
  -1.3871987480   1.2622537403  -4.5908670478
      
      
# 295  norm    -0.6788007455   -0.7343225094    0.0000000000
# nedges  17 
#  type   0  conf  1.0000
   1.3079722939  -1.2090771518  -4.5789046494
   1.9528018172  -1.8051514319  -4.2716462996
      
      
#  type   0  conf  1.0000
   1.9528018172  -1.8051514319  -4.2716462996
   2.3768967773  -2.1971807806  -4.0323776674
      
      
#  type   0  conf  1.0000
   2.3768967773  -2.1971807806  -4.0323776674
   2.4588640394  -2.2729505383  -3.9610888637
      
      
#  type   0  conf  1.0000
   2.4588640394  -2.2729505383  -3.9610888637
   2.4698274314  -2.2830849936  -3.8559377045
      
      
#  type   0  conf  1.0000
   2.4698274314  -2.2830849936  -3.8559377045
   2.4603645177  -2.2743375661  -3.7894316785
      
      
#  type   0  conf  1.0000
   2.4603645177  -2.2743375661  -3.7894316785
   0.4180561137  -0.3864470964  -1.2781379519
      
      
#  type   0  conf  1.0000
   0.4180561137  -0.3864470964  -1.2781379519
   0.2091865030  -0.1933700144  -1.0318678398
      
      
#  type   0  conf  1.0000
   0.2091865030  -0.1933700144  -1.0318678398
  -0.0025878983   0.0023922286  -0.8353780922
      
      
#  type   4  conf  0.0000
#  type   0  conf  1.0000
  -0.0372930144   0.0344733079  -0.8410558718
  -0.2462249359   0.2276079895  -1.0326459904
      
      
#  type   0  conf  1.0000
  -0.2462249359   0.2276079895  -1.0326459904
  -0.5114278151   0.4727590095  -1.3502876611
      
      
#  type   0  conf  1.0000
  -0.5114278151   0.4727590095  -1.3502876611
  -2.5582924800   2.3648612434  -3.8645170248
      
      
#  type   0  conf  1.0000
  -2.5582924800   2.3648612434  -3.8645170248
  -2.5561401452   2.3628716455  -3.9450265954
      
      
#  type   0  conf  1.0000
  -2.5561401452   2.3628716455  -3.9450265954
  -2.5431877386   2.3508985641  -3.9812361629
      
      
#  type   0  conf  1.0000
  -2.5431877386   2.3508985641  -3.9812361629
  -2.0683951971   1.9120048532  -4.2573014415
      
      
#  type   0  conf  1.0000
  -2.0683951971   1.9120048532  -4.2573014415
  -2.0015387335   1.8502033739  -4.2937664722
      
      
#  type   0  conf  1.0000
  -2.0015387335   1.8502033739  -4.2937664722
  -1.3802757140   1.2759137459  -4.5912761321
      
      
# 296  norm    -0.6845471059   -0.7289686274    0.0000000000
# nedges  17 
#  type   0  conf  1.0000
   1.2993132948  -1.2201363984  -4.5797658976
   1.9387074560  -1.8205674817  -4.2730037083
      
      
#  type   0  conf  1.0000
   1.9387074560  -1.8205674817  -4.2730037083
   2.3668814248  -2.2226496017  -4.0311160939
      
      
#  type   0  conf  1.0000
   2.3668814248  -2.2226496017  -4.0311160939
   2.4444251757  -2.2954680308  -3.9629739614
      
      
#  type   0  conf  1.0000
   2.4444251757  -2.2954680308  -3.9629739614
   2.4573966948  -2.3076490980  -3.8561092016
      
      
#  type   0  conf  1.0000
   2.4573966948  -2.3076490980  -3.8561092016
   2.4511787746  -2.3018100822  -3.7935070384
      
      
#  type   0  conf  1.0000
   2.4511787746  -2.3018100822  -3.7935070384
   0.4242705297  -0.3984165468  -1.2920884932
      
      
#  type   0  conf  1.0000
   0.4242705297  -0.3984165468  -1.2920884932
   0.2077497652  -0.1950900151  -1.0333933810
      
      
#  type   0  conf  1.0000
   0.2077497652  -0.1950900151  -1.0333933810
  -0.0027287440   0.0025624612  -0.8355709626
      
      
#  type   0  conf  1.0000
  -0.0027287440   0.0025624612  -0.8355709626
  -0.0370860595   0.0348261280  -0.8411703145
      
      
#  type   0  conf  1.0000
  -0.0370860595   0.0348261280  -0.8411703145
  -0.2360063051   0.2216246722  -1.0248882760
      
      
#  type   0  conf  1.0000
  -0.2360063051   0.2216246722  -1.0248882760
  -0.4605612682   0.4324958186  -1.2930068678
      
      
#  type   0  conf  1.0000
  -0.4605612682   0.4324958186  -1.2930068678
  -2.5360317053   2.3814922880  -3.8530421594
      
      
#  type   0  conf  1.0000
  -2.5360317053   2.3814922880  -3.8530421594
  -2.5456226851   2.3904988176  -3.9321913960
      
      
#  type   0  conf  1.0000
  -2.5456226851   2.3904988176  -3.9321913960
  -2.5373027519   2.3826858802  -3.9787617268
      
      
#  type   0  conf  1.0000
  -2.5373027519   2.3826858802  -3.9787617268
  -2.0246119808   1.9012372000  -4.2759370572
      
      
#  type   0  conf  1.0000
  -2.0246119808   1.9012372000  -4.2759370572
  -1.9923139965   1.8709073739  -4.2930618976
      
      
#  type   0  conf  1.0000
  -1.9923139965   1.8709073739  -4.2930618976
  -1.3732092509   1.2895293202  -4.5910847685
      
      
# 297  norm    -0.6902512402   -0.7235697792    0.0000000000
# nedges  17 
#  type   0  conf  1.0000
   1.2900426117  -1.2306394467  -4.5807242134
   1.9267184809  -1.8379980193  -4.2729307311
      
      
#  type   0  conf  1.0000
   1.9267184809  -1.8379980193  -4.2729307311
   2.3517468685  -2.2434549361  -4.0325337059
      
      
#  type   0  conf  1.0000
   2.3517468685  -2.2434549361  -4.0325337059
   2.4316047419  -2.3196355585  -3.9626180116
      
      
#  type   0  conf  1.0000
   2.4316047419  -2.3196355585  -3.9626180116
   2.4442282058  -2.3316777442  -3.8415737197
      
      
#  type   0  conf  1.0000
   2.4442282058  -2.3316777442  -3.8415737197
   2.4338468883  -2.3217744598  -3.7877717107
      
      
#  type   0  conf  1.0000
   2.4338468883  -2.3217744598  -3.7877717107
   0.4328628410  -0.4129306135  -1.3088212038
      
      
#  type   0  conf  1.0000
   0.4328628410  -0.4129306135  -1.3088212038
   0.2054683846  -0.1960070906  -1.0336275726
      
      
#  type   0  conf  1.0000
   0.2054683846  -0.1960070906  -1.0336275726
  -0.0038564515   0.0036788718  -0.8348620411
      
      
#  type   0  conf  1.0000
  -0.0038564515   0.0036788718  -0.8348620411
  -0.0391162835   0.0373150786  -0.8426695188
      
      
#  type   0  conf  1.0000
  -0.0391162835   0.0373150786  -0.8426695188
  -0.2347010654   0.2238936812  -1.0262906299
      
      
#  type   0  conf  1.0000
  -0.2347010654   0.2238936812  -1.0262906299
  -0.3933518551   0.3752390075  -1.2151741755
      
      
#  type   0  conf  1.0000
  -0.3933518551   0.3752390075  -1.2151741755
  -2.5256944153   2.4093926429  -3.8563334000
      
      
#  type   0  conf  1.0000
  -2.5256944153   2.4093926429  -3.8563334000
  -2.5316688956   2.4150920137  -3.9337911973
      
      
#  type   0  conf  1.0000
  -2.5316688956   2.4150920137  -3.9337911973
  -2.5251789072   2.4089008726  -3.9782982606
      
      
#  type   0  conf  1.0000
  -2.5251789072   2.4089008726  -3.9782982606
  -2.0379030157   1.9440627906  -4.2615117183
      
      
#  type   0  conf  1.0000
  -2.0379030157   1.9440627906  -4.2615117183
  -1.9819276111   1.8906649102  -4.2925090512
      
      
#  type   0  conf  1.0000
  -1.9819276111   1.8906649102  -4.2925090512
  -1.3664069535   1.3034874057  -4.5910183003
      
      
# 298  norm    -0.6959127966   -0.7181262978    0.0000000000
# nedges  17 
#  type   0  conf  1.0000
   1.2876796401  -1.2478483830  -4.5784426104
   1.9164733419  -1.8571918715  -4.2720954698
      
      
#  type   0  conf  1.0000
   1.9164733419  -1.8571918715  -4.2720954698
   2.3362365156  -2.2639706861  -4.0338982186
      
      
#  type   0  conf  1.0000
   2.3362365156  -2.2639706861  -4.0338982186
   2.4186666151  -2.3438510097  -3.9617626929
      
      
#  type   0  conf  1.0000
   2.4186666151  -2.3438510097  -3.9617626929
   2.4298820137  -2.3547194871  -3.8543586355
      
      
#  type   0  conf  1.0000
   2.4298820137  -2.3547194871  -3.8543586355
   2.4230897667  -2.3481373419  -3.7916372739
      
      
#  type   0  conf  1.0000
   2.4230897667  -2.3481373419  -3.7916372739
   0.4393373432  -0.4257475044  -1.3227003695
      
      
#  type   0  conf  1.0000
   0.4393373432  -0.4257475044  -1.3227003695
   0.2038484139  -0.1975428560  -1.0346449195
      
      
#  type   0  conf  1.0000
   0.2038484139  -0.1975428560  -1.0346449195
  -0.0043598190   0.0042249586  -0.8349384651
      
      
#  type   0  conf  1.0000
  -0.0043598190   0.0042249586  -0.8349384651
  -0.0383206111   0.0371352556  -0.8419845493
      
      
#  type   0  conf  1.0000
  -0.0383206111   0.0371352556  -0.8419845493
  -0.2319526797   0.2247777842  -1.0259516873
      
      
#  type   0  conf  1.0000
  -0.2319526797   0.2247777842  -1.0259516873
  -0.3303854002   0.3201657265  -1.1422200876
      
      
#  type   0  conf  1.0000
  -0.3303854002   0.3201657265  -1.1422200876
  -2.5197125721   2.4417713543  -3.8645645707
      
      
#  type   0  conf  1.0000
  -2.5197125721   2.4417713543  -3.8645645707
  -2.5177358853   2.4398558115  -3.9468712004
      
      
#  type   0  conf  1.0000
  -2.5177358853   2.4398558115  -3.9468712004
  -2.5061189772   2.4285982445  -3.9805318467
      
      
#  type   0  conf  1.0000
  -2.5061189772   2.4285982445  -3.9805318467
  -2.0877060369   2.0231278970  -4.2258254959
      
      
#  type   0  conf  1.0000
  -2.0877060369   2.0231278970  -4.2258254959
  -1.9668032087   1.9059649055  -4.2942285902
      
      
#  type   0  conf  1.0000
  -1.9668032087   1.9059649055  -4.2942285902
  -1.3581325225   1.3161219758  -4.5914793803
      
      
# 299  norm    -0.7015314258   -0.7126385189    0.0000000000
# nedges  17 
#  type   0  conf  1.0000
   1.2780517464  -1.2581321948  -4.5793256848
   1.9055580510  -1.8758582661  -4.2715888343
      
      
#  type   0  conf  1.0000
   1.9055580510  -1.8758582661  -4.2715888343
   2.3240160569  -2.2877942387  -4.0333461333
      
      
#  type   0  conf  1.0000
   2.3240160569  -2.2877942387  -4.0333461333
   2.4050234410  -2.3675390521  -3.9610344966
      
      
#  type   0  conf  1.0000
   2.4050234410  -2.3675390521  -3.9610344966
   2.4169215017  -2.3792516712  -3.8433868759
      
      
#  type   0  conf  1.0000
   2.4169215017  -2.3792516712  -3.8433868759
   2.4079031172  -2.3703738460  -3.7893585251
      
      
#  type   0  conf  1.0000
   2.4079031172  -2.3703738460  -3.7893585251
   0.3102833195  -0.3054472832  -1.1676161128
      
      
#  type   0  conf  1.0000
   0.3102833195  -0.3054472832  -1.1676161128
   0.1938064816  -0.1907858384  -1.0278247373
      
      
#  type   0  conf  1.0000
   0.1938064816  -0.1907858384  -1.0278247373
  -0.0026580020   0.0026165748  -0.8368250810
      
      
#  type   4  conf  0.0000
#  type   0  conf  1.0000
  -0.0353626410   0.0348114833  -0.8393854480
  -0.2284665060   0.2249056561  -1.0247803093
      
      
#  type   0  conf  1.0000
  -0.2284665060   0.2249056561  -1.0247803093
  -0.3254031847   0.3203314922  -1.1404166201
      
      
#  type   0  conf  1.0000
  -0.3254031847   0.3203314922  -1.1404166201
  -2.4971401671   2.4582200586  -3.8537008574
      
      
#  type   0  conf  1.0000
  -2.4971401671   2.4582200586  -3.8537008574
  -2.5060208966   2.4669623742  -3.9320325784
      
      
#  type   0  conf  1.0000
  -2.5060208966   2.4669623742  -3.9320325784
  -2.4999514703   2.4609875453  -3.9778153144
      
      
#  type   0  conf  1.0000
  -2.4999514703   2.4609875453  -3.9778153144
  -2.0071676254   1.9758841665  -4.2653691765
      
      
#  type   0  conf  1.0000
  -2.0071676254   1.9758841665  -4.2653691765
  -1.9516908249   1.9212720204  -4.2960039030
      
      
#  type   0  conf  1.0000
  -1.9516908249   1.9212720204  -4.2960039030
  -1.3506600806   1.3296088647  -4.5915755338
      
      
# 300  norm    -0.7071067812   -0.7071067812    0.0000000000
# nedges  16 
#  type   0  conf  1.0000
   1.2696746370  -1.2696746370  -4.5796510790
   1.8941845243  -1.8941845243  -4.2711726822
      
      
#  type   0  conf  1.0000
   1.8941845243  -1.8941845243  -4.2711726822
   2.3113999480  -2.3113999480  -4.0325752538
      
      
#  type   0  conf  1.0000
   2.3113999480  -2.3113999480  -4.0325752538
   2.3891601569  -2.3891601569  -3.9629591679
      
      
#  type   0  conf  1.0000
   2.3891601569  -2.3891601569  -3.9629591679
   2.4020285960  -2.4020285960  -3.8561392254
      
      
#  type   0  conf  1.0000
   2.4020285960  -2.4020285960  -3.8561392254
   2.3937320169  -2.3937320169  -3.7892815355
      
      
#  type   0  conf  1.0000
   2.3937320169  -2.3937320169  -3.7892815355
   0.3019401415  -0.3019401415  -1.1623687941
      
      
#  type   0  conf  1.0000
   0.3019401415  -0.3019401415  -1.1623687941
   0.1923540977  -0.1923540977  -1.0293275850
      
      
#  type   0  conf  1.0000
   0.1923540977  -0.1923540977  -1.0293275850
  -0.0033783215   0.0033783215  -0.8363266982
      
      
#  type   4  conf  0.0000
#  type   0  conf  1.0000
  -0.0358312572   0.0358312572  -0.8397862854
  -0.2261260758   0.2261260758  -1.0248132180
      
      
#  type   0  conf  1.0000
  -0.2261260758   0.2261260758  -1.0248132180
  -0.3192900186   0.3192900186  -1.1367689502
      
      
#  type   0  conf  1.0000
  -0.3192900186   0.3192900186  -1.1367689502
  -2.4859844674   2.4859844674  -3.8582605944
      
      
#  type   0  conf  1.0000
  -2.4859844674   2.4859844674  -3.8582605944
  -2.4925530666   2.4925530666  -3.9729445410
      
      
#  type   0  conf  1.0000
  -2.4925530666   2.4925530666  -3.9729445410
  -2.0100105327   2.0100105327  -4.2570370143
      
      
#  type   0  conf  1.0000
  -2.0100105327   2.0100105327  -4.2570370143
  -1.9458826234   1.9458826234  -4.2926687435
      
      
#  type   0  conf  1.0000
  -1.9458826234   1.9458826234  -4.2926687435
  -1.3444944868   1.3444944868  -4.5909483967
      
      
# 301  norm    -0.7126385189   -0.7015314258    0.0000000000
# nedges  17 
#  type   0  conf  1.0000
   1.2595499904  -1.2794919895  -4.5806672043
   1.8785426983  -1.9082849849  -4.2727452643
      
      
#  type   0  conf  1.0000
   1.8785426983  -1.9082849849  -4.2727452643
   2.2971556167  -2.3335256502  -4.0328071445
      
      
#  type   0  conf  1.0000
   2.2971556167  -2.3335256502  -4.0328071445
   2.3751792884  -2.4127846424  -3.9624732222
      
      
#  type   0  conf  1.0000
   2.3751792884  -2.4127846424  -3.9624732222
   2.3873272494  -2.4251249377  -3.8561703447
      
      
#  type   0  conf  1.0000
   2.3873272494  -2.4251249377  -3.8561703447
   2.3793978415  -2.4170699863  -3.7894510285
      
      
#  type   0  conf  1.0000
   2.3793978415  -2.4170699863  -3.7894510285
   0.1996499806  -0.2028109665  -1.0382760740
      
      
#  type   4  conf  0.0000
#  type   0  conf  1.0000
   0.1910285538  -0.1940530398  -1.0306185639
  -0.0031710604   0.0032212667  -0.8368875735
      
      
#  type   4  conf  0.0000
#  type   0  conf  1.0000
  -0.0353864351   0.0359466957  -0.8392804373
  -0.2233010952   0.2268365406  -1.0246405177
      
      
#  type   0  conf  1.0000
  -0.2233010952   0.2268365406  -1.0246405177
  -0.2800922618   0.2845268612  -1.0923226286
      
      
#  type   0  conf  1.0000
  -0.2800922618   0.2845268612  -1.0923226286
  -2.4690596603   2.5081513883  -3.8535876731
      
      
#  type   0  conf  1.0000
  -2.4690596603   2.5081513883  -3.8535876731
  -2.4794822158   2.5187389603  -3.9329858490
      
      
#  type   0  conf  1.0000
  -2.4794822158   2.5187389603  -3.9329858490
  -2.4650721526   2.5041007478  -3.9825835576
      
      
#  type   0  conf  1.0000
  -2.4650721526   2.5041007478  -3.9825835576
  -1.9576439604   1.9886386287  -4.2795701850
      
      
#  type   0  conf  1.0000
  -1.9576439604   1.9886386287  -4.2795701850
  -1.9302757449   1.9608371021  -4.2943404107
      
      
#  type   0  conf  1.0000
  -1.9302757449   1.9608371021  -4.2943404107
  -1.3357292888   1.3568774072  -4.5914319741
      
      
# 302  norm    -0.7181262978   -0.6959127966    0.0000000000
# nedges  16 
#  type   0  conf  1.0000
   1.2572281332  -1.2973587914  -4.5779952437
   1.8681458473  -1.9277769680  -4.2713647795
      
      
#  type   0  conf  1.0000
   1.8681458473  -1.9277769680  -4.2713647795
   2.2819967814  -2.3548380029  -4.0333449577
      
      
#  type   0  conf  1.0000
   2.2819967814  -2.3548380029  -4.0333449577
   2.3610021504  -2.4363652193  -3.9620441037
      
      
#  type   0  conf  1.0000
   2.3610021504  -2.4363652193  -3.9620441037
   2.3719122910  -2.4476236110  -3.8543077040
      
      
#  type   0  conf  1.0000
   2.3719122910  -2.4476236110  -3.8543077040
   2.3651076012  -2.4406017159  -3.7897253512
      
      
#  type   0  conf  1.0000
   2.3651076012  -2.4406017159  -3.7897253512
   0.2332414416  -0.2406864966  -1.0853419950
      
      
#  type   0  conf  1.0000
   0.2332414416  -0.2406864966  -1.0853419950
   0.1829226846  -0.1887615674  -1.0253911332
      
      
#  type   0  conf  1.0000
   0.1829226846  -0.1887615674  -1.0253911332
  -0.0049084494   0.0050651269  -0.8356420256
      
      
#  type   0  conf  1.0000
  -0.0049084494   0.0050651269  -0.8356420256
  -0.0371299971   0.0383151847  -0.8410874974
      
      
#  type   0  conf  1.0000
  -0.0371299971   0.0383151847  -0.8410874974
  -0.2162896216   0.2231935753  -1.0198293824
      
      
#  type   0  conf  1.0000
  -0.2162896216   0.2231935753  -1.0198293824
  -0.2702642990   0.2788911217  -1.0833880809
      
      
#  type   0  conf  1.0000
  -0.2702642990   0.2788911217  -1.0833880809
  -2.4557434298   2.5341306355  -3.8564806608
      
      
#  type   0  conf  1.0000
  -2.4557434298   2.5341306355  -3.8564806608
  -2.4628395711   2.5414532853  -3.9738564240
      
      
#  type   0  conf  1.0000
  -2.4628395711   2.5414532853  -3.9738564240
  -2.0057320635   2.0697549292  -4.2443194110
      
      
#  type   0  conf  1.0000
  -2.0057320635   2.0697549292  -4.2443194110
  -1.9165984134   1.9777761376  -4.2947850038
      
      
#  type   0  conf  1.0000
  -1.9165984134   1.9777761376  -4.2947850038
  -1.3267714851   1.3691219636  -4.5919930933
      
      
# 303  norm    -0.7235697792   -0.6902512402    0.0000000000
# nedges  16 
#  type   0  conf  1.0000
   1.2467530916  -1.3069340649  -4.5790252909
   1.8543504587  -1.9438602551  -4.2715527813
      
      
#  type   0  conf  1.0000
   1.8543504587  -1.9438602551  -4.2715527813
   2.2689674037  -2.3784908271  -4.0320653849
      
      
#  type   0  conf  1.0000
   2.2689674037  -2.3784908271  -4.0320653849
   2.3449944024  -2.4581876613  -3.9618914515
      
      
#  type   0  conf  1.0000
   2.3449944024  -2.4581876613  -3.9618914515
   2.3574797354  -2.4712756633  -3.8433532910
      
      
#  type   0  conf  1.0000
   2.3574797354  -2.4712756633  -3.8433532910
   2.3492822565  -2.4626824908  -3.7891473485
      
      
#  type   0  conf  1.0000
   2.3492822565  -2.4626824908  -3.7891473485
   0.2592033151  -0.2717151010  -1.1227390637
      
      
#  type   0  conf  1.0000
   0.2592033151  -0.2717151010  -1.1227390637
   0.1879418159  -0.1970137977  -1.0331289819
      
      
#  type   0  conf  1.0000
   0.1879418159  -0.1970137977  -1.0331289819
  -0.0086461209   0.0090634705  -0.8320227542
      
      
#  type   0  conf  1.0000
  -0.0086461209   0.0090634705  -0.8320227542
  -0.0565167367   0.0592448087  -0.8589039603
      
      
#  type   0  conf  1.0000
  -0.0565167367   0.0592448087  -0.8589039603
  -0.2131567443   0.2234458548  -1.0197091803
      
      
#  type   0  conf  1.0000
  -0.2131567443   0.2234458548  -1.0197091803
  -0.2518115668   0.2639665519  -1.0638287313
      
      
#  type   0  conf  1.0000
  -0.2518115668   0.2639665519  -1.0638287313
  -2.4385156691   2.5562232147  -3.8542005259
      
      
#  type   0  conf  1.0000
  -2.4385156691   2.5562232147  -3.8542005259
  -2.4483674189   2.5665505100  -3.9727463853
      
      
#  type   0  conf  1.0000
  -2.4483674189   2.5665505100  -3.9727463853
  -1.9975319410   2.0939531308  -4.2410755295
      
      
#  type   0  conf  1.0000
  -1.9975319410   2.0939531308  -4.2410755295
  -1.8993292211   1.9910101497  -4.2970968274
      
      
#  type   0  conf  1.0000
  -1.8993292211   1.9910101497  -4.2970968274
  -1.3187921443   1.3824504543  -4.5912609055
      
      
# 304  norm    -0.7289686274   -0.6845471059   -0.0000000000
# nedges  17 
#  type   0  conf  1.0000
   1.2380329751  -1.3183712133  -4.5789658802
   1.8408390231  -1.9602944550  -4.2716382543
      
      
#  type   0  conf  1.0000
   1.8408390231  -1.9602944550  -4.2716382543
   2.2526945610  -2.3988760568  -4.0327467455
      
      
#  type   0  conf  1.0000
   2.2526945610  -2.3988760568  -4.0327467455
   2.3288542032  -2.4799778383  -3.9622200395
      
      
#  type   0  conf  1.0000
   2.3288542032  -2.4799778383  -3.9622200395
   2.3405086607  -2.4923885750  -3.8543435409
      
      
#  type   0  conf  1.0000
   2.3405086607  -2.4923885750  -3.8543435409
   2.3328057729  -2.4841858326  -3.7880313456
      
      
#  type   0  conf  1.0000
   2.3328057729  -2.4841858326  -3.7880313456
   0.1894889073  -0.2017851913  -1.0379613230
      
      
#  type   0  conf  1.0000
   0.1894889073  -0.2017851913  -1.0379613230
   0.1495368490  -0.1592405704  -0.9963438935
      
      
#  type   0  conf  1.0000
   0.1495368490  -0.1592405704  -0.9963438935
  -0.0049609965   0.0052829247  -0.8364189325
      
      
#  type   0  conf  1.0000
  -0.0049609965   0.0052829247  -0.8364189325
  -0.0355170686   0.0378218365  -0.8396624721
      
      
#  type   0  conf  1.0000
  -0.0355170686   0.0378218365  -0.8396624721
  -0.2047241275   0.2180090529  -1.0128581782
      
      
#  type   0  conf  1.0000
  -0.2047241275   0.2180090529  -1.0128581782
  -0.2478380847   0.2639207541  -1.0629079542
      
      
#  type   0  conf  1.0000
  -0.2478380847   0.2639207541  -1.0629079542
  -2.4247135039   2.5820576254  -3.8550233818
      
      
#  type   0  conf  1.0000
  -2.4247135039   2.5820576254  -3.8550233818
  -2.4324988737   2.5903482022  -3.9341792748
      
      
#  type   0  conf  1.0000
  -2.4324988737   2.5903482022  -3.9341792748
  -2.4245272724   2.5818593090  -3.9790895725
      
      
#  type   0  conf  1.0000
  -2.4245272724   2.5818593090  -3.9790895725
  -1.9358229732   2.0614420885  -4.2694792962
      
      
#  type   0  conf  1.0000
  -1.9358229732   2.0614420885  -4.2694792962
  -1.8903449112   2.0130128713  -4.2948453339
      
      
#  type   0  conf  1.0000
  -1.8903449112   2.0130128713  -4.2948453339
  -1.3104658415   1.3955043816  -4.5915237585
      
      
# 305  norm    -0.7343225094   -0.6788007455   -0.0000000000
# nedges  16 
#  type   0  conf  1.0000
   1.2294060211  -1.3299639407  -4.5790249400
   1.8268073813  -1.9762290913  -4.2716934870
      
      
#  type   0  conf  1.0000
   1.8268073813  -1.9762290913  -4.2716934870
   2.2358178971  -2.4186941744  -4.0336145298
      
      
#  type   0  conf  1.0000
   2.2358178971  -2.4186941744  -4.0336145298
   2.3134210019  -2.5026447403  -3.9616099649
      
      
#  type   0  conf  1.0000
   2.3134210019  -2.5026447403  -3.9616099649
   2.3255039942  -2.5157160477  -3.8433121966
      
      
#  type   0  conf  1.0000
   2.3255039942  -2.5157160477  -3.8433121966
   2.3180310594  -2.5076318724  -3.7894999718
      
      
#  type   0  conf  1.0000
   2.3180310594  -2.5076318724  -3.7894999718
   0.1870956513  -0.2023989353  -1.0386718639
      
      
#  type   0  conf  1.0000
   0.1870956513  -0.2023989353  -1.0386718639
   0.1493529605  -0.1615691224  -0.9986123336
      
      
#  type   0  conf  1.0000
   0.1493529605  -0.1615691224  -0.9986123336
  -0.0104102169   0.0112617092  -0.8307142903
      
      
#  type   0  conf  1.0000
  -0.0104102169   0.0112617092  -0.8307142903
  -0.0541609579   0.0585909941  -0.8569451962
      
      
#  type   0  conf  1.0000
  -0.0541609579   0.0585909941  -0.8569451962
  -0.2135637390   0.2310319513  -1.0252576516
      
      
#  type   0  conf  1.0000
  -0.2135637390   0.2310319513  -1.0252576516
  -0.2533954332   0.2741216353  -1.0730870327
      
      
#  type   0  conf  1.0000
  -0.2533954332   0.2741216353  -1.0730870327
  -2.4073049472   2.6042078201  -3.8543474482
      
      
#  type   0  conf  1.0000
  -2.4073049472   2.6042078201  -3.8543474482
  -2.4166173010   2.6142818677  -3.9729233438
      
      
#  type   0  conf  1.0000
  -2.4166173010   2.6142818677  -3.9729233438
  -1.9029268772   2.0585746980  -4.2813868856
      
      
#  type   3  conf  0.0000
#  type   0  conf  1.0000
  -1.8802563722   2.0340498838  -4.2927567399
  -1.3022584908   1.4087752985  -4.5915955419
      
      
# 306  norm    -0.7396310950   -0.6730125135   -0.0000000000
# nedges  16 
#  type   0  conf  1.0000
   1.2223436803  -1.3433381647  -4.5779999197
   1.8087708840  -1.9878132466  -4.2738988962
      
      
#  type   0  conf  1.0000
   1.8087708840  -1.9878132466  -4.2738988962
   2.2217849444  -2.4417097724  -4.0326210619
      
      
#  type   0  conf  1.0000
   2.2217849444  -2.4417097724  -4.0326210619
   2.2961444485  -2.5234298004  -3.9619619990
      
      
#  type   0  conf  1.0000
   2.2961444485  -2.5234298004  -3.9619619990
   2.3078593620  -2.5363043223  -3.8543881245
      
      
#  type   0  conf  1.0000
   2.3078593620  -2.5363043223  -3.8543881245
   2.3005620011  -2.5282846273  -3.7881171115
      
      
#  type   0  conf  1.0000
   2.3005620011  -2.5282846273  -3.7881171115
   0.1839845321  -0.2021963607  -1.0382642901
      
      
#  type   0  conf  1.0000
   0.1839845321  -0.2021963607  -1.0382642901
  -0.0051262335   0.0056336571  -0.8364861853
      
      
#  type   0  conf  1.0000
  -0.0051262335   0.0056336571  -0.8364861853
  -0.0355817400   0.0391038216  -0.8396289854
      
      
#  type   0  conf  1.0000
  -0.0355817400   0.0391038216  -0.8396289854
  -0.2091194661   0.2298192925  -1.0223205525
      
      
#  type   0  conf  1.0000
  -0.2091194661   0.2298192925  -1.0223205525
  -0.2441694314   0.2683387015  -1.0653938156
      
      
#  type   0  conf  1.0000
  -0.2441694314   0.2683387015  -1.0653938156
  -2.3925878450   2.6294197093  -3.8552135719
      
      
#  type   0  conf  1.0000
  -2.3925878450   2.6294197093  -3.8552135719
  -2.3999653973   2.6375275334  -3.9339965597
      
      
#  type   0  conf  1.0000
  -2.3999653973   2.6375275334  -3.9339965597
  -2.3922323392   2.6290290136  -3.9790444987
      
      
#  type   0  conf  1.0000
  -2.3922323392   2.6290290136  -3.9790444987
  -1.8955559587   2.0831887984  -4.2767303836
      
      
#  type   0  conf  1.0000
  -1.8955559587   2.0831887984  -4.2767303836
  -1.8606532551   2.0448312280  -4.2957353886
      
      
#  type   0  conf  1.0000
  -1.8606532551   2.0448312280  -4.2957353886
  -1.2928606318   1.4208352824  -4.5918406707
      
      
# 307  norm    -0.7448940566   -0.6671827669   -0.0000000000
# nedges  16 
#  type   0  conf  1.0000
   1.2063867164  -1.3469027373  -4.5813965825
   1.7936819774  -2.0026042498  -4.2745185437
      
      
#  type   0  conf  1.0000
   1.7936819774  -2.0026042498  -4.2745185437
   2.2050687228  -2.4619079920  -4.0329898265
      
      
#  type   0  conf  1.0000
   2.2050687228  -2.4619079920  -4.0329898265
   2.2793069535  -2.5447932516  -3.9616897129
      
      
#  type   0  conf  1.0000
   2.2793069535  -2.5447932516  -3.9616897129
   2.2909602319  -2.5578038662  -3.8543670111
      
      
#  type   0  conf  1.0000
   2.2909602319  -2.5578038662  -3.8543670111
   2.2848188665  -2.5509471744  -3.7890031411
      
      
#  type   0  conf  1.0000
   2.2848188665  -2.5509471744  -3.7890031411
   0.1803130718  -0.2013153549  -1.0374115489
      
      
#  type   3  conf  0.0000
#  type   0  conf  1.0000
   0.1717880195  -0.1917973321  -1.0283265537
  -0.0052765627   0.0058911597  -0.8368407700
      
      
#  type   0  conf  1.0000
  -0.0052765627   0.0058911597  -0.8368407700
  -0.0353210644   0.0394351477  -0.8394184718
      
      
#  type   0  conf  1.0000
  -0.0353210644   0.0394351477  -0.8394184718
  -0.1991025522   0.2222933732  -1.0141650450
      
      
#  type   0  conf  1.0000
  -0.1991025522   0.2222933732  -1.0141650450
  -0.2505532191   0.2797368473  -1.0767255201
      
      
#  type   0  conf  1.0000
  -0.2505532191   0.2797368473  -1.0767255201
  -2.3757126048   2.6524279212  -3.8558842028
      
      
#  type   0  conf  1.0000
  -2.3757126048   2.6524279212  -3.8558842028
  -2.3835754916   2.6612066516  -3.9733523008
      
      
#  type   0  conf  1.0000
  -2.3835754916   2.6612066516  -3.9733523008
  -1.9309129555   2.1558194481  -4.2472165533
      
      
#  type   0  conf  1.0000
  -1.9309129555   2.1558194481  -4.2472165533
  -1.8482748651   2.0635559404  -4.2951533608
      
      
#  type   0  conf  1.0000
  -1.8482748651   2.0635559404  -4.2951533608
  -1.2837461746   1.4332727748  -4.5914623816
      
      
# 308  norm    -0.7501110696   -0.6613118653    0.0000000000
# nedges  17 
#  type   0  conf  1.0000
   1.2037888116  -1.3654303823  -4.5779799943
   1.7810568296  -2.0202124196  -4.2735379913
      
      
#  type   0  conf  1.0000
   1.7810568296  -2.0202124196  -4.2735379913
   2.1887411614  -2.4826395228  -4.0329775250
      
      
#  type   0  conf  1.0000
   2.1887411614  -2.4826395228  -4.0329775250
   2.2629952947  -2.5668643043  -3.9604583144
      
      
#  type   0  conf  1.0000
   2.2629952947  -2.5668643043  -3.9604583144
   2.2739520340  -2.5792922854  -3.8543681297
      
      
#  type   0  conf  1.0000
   2.2739520340  -2.5792922854  -3.8543681297
   2.2674288861  -2.5718932265  -3.7882074165
      
      
#  type   0  conf  1.0000
   2.2674288861  -2.5718932265  -3.7882074165
   0.1781458843  -0.2020668415  -1.0383331917
      
      
#  type   0  conf  1.0000
   0.1781458843  -0.2020668415  -1.0383331917
   0.1529069971  -0.1734389433  -1.0103775184
      
      
#  type   0  conf  1.0000
   0.1529069971  -0.1734389433  -1.0103775184
  -0.0051967464   0.0058945517  -0.8373047152
      
      
#  type   4  conf  0.0000
#  type   0  conf  1.0000
  -0.0346851801   0.0393426141  -0.8390926336
  -0.2055540775   0.2331553342  -1.0236573914
      
      
#  type   0  conf  1.0000
  -0.2055540775   0.2331553342  -1.0236573914
  -0.2823372694   0.3202487695  -1.1229141578
      
      
#  type   0  conf  1.0000
  -0.2823372694   0.3202487695  -1.1229141578
  -2.3595083129   2.6763368347  -3.8552528229
      
      
#  type   0  conf  1.0000
  -2.3595083129   2.6763368347  -3.8552528229
  -2.3667050136   2.6844998893  -3.9341335188
      
      
#  type   0  conf  1.0000
  -2.3667050136   2.6844998893  -3.9341335188
  -2.3597831620   2.6766485898  -3.9788479765
      
      
#  type   0  conf  1.0000
  -2.3597831620   2.6766485898  -3.9788479765
  -1.9209051927   2.1788392502  -4.2440269822
      
      
#  type   0  conf  1.0000
  -1.9209051927   2.1788392502  -4.2440269822
  -1.8337184568   2.0799453105  -4.2953183447
      
      
#  type   0  conf  1.0000
  -1.8337184568   2.0799453105  -4.2953183447
  -1.2745553138   1.4456992228  -4.5915784958
      
      
# 309  norm    -0.7552818123   -0.6554001709    0.0000000000
# nedges  16 
#  type   0  conf  1.0000
   1.1933427630  -1.3752057518  -4.5787549770
   1.7664846348  -2.0356932689  -4.2733938436
      
      
#  type   0  conf  1.0000
   1.7664846348  -2.0356932689  -4.2733938436
   2.1706218538  -2.5014201709  -4.0337951566
      
      
#  type   0  conf  1.0000
   2.1706218538  -2.5014201709  -4.0337951566
   2.2442241130  -2.5862392633  -3.9631554089
      
      
#  type   0  conf  1.0000
   2.2442241130  -2.5862392633  -3.9631554089
   2.2564934496  -2.6003784217  -3.8561216013
      
      
#  type   0  conf  1.0000
   2.2564934496  -2.6003784217  -3.8561216013
   2.2508910390  -2.5939222152  -3.7889205100
      
      
#  type   0  conf  1.0000
   2.2508910390  -2.5939222152  -3.7889205100
   0.1757585224  -0.2025437607  -1.0389946252
      
      
#  type   0  conf  1.0000
   0.1757585224  -0.2025437607  -1.0389946252
   0.1525480879  -0.1757961035  -1.0130154275
      
      
#  type   0  conf  1.0000
   0.1525480879  -0.1757961035  -1.0130154275
  -0.0060538177   0.0069764071  -0.8365180409
      
      
#  type   4  conf  0.0000
#  type   0  conf  1.0000
  -0.0398007306   0.0458662803  -0.8437833380
  -0.2024352780   0.2332859991  -1.0235995848
      
      
#  type   0  conf  1.0000
  -0.2024352780   0.2332859991  -1.0235995848
  -0.2445291676   0.2817949111  -1.0763925980
      
      
#  type   0  conf  1.0000
  -0.2445291676   0.2817949111  -1.0763925980
  -2.3407167117   2.6974371362  -3.8543377042
      
      
#  type   0  conf  1.0000
  -2.3407167117   2.6974371362  -3.8543377042
  -2.3498735740   2.7079894855  -3.9730015375
      
      
#  type   0  conf  1.0000
  -2.3498735740   2.7079894855  -3.9730015375
  -1.9221444240   2.2150752906  -4.2344746243
      
      
#  type   0  conf  1.0000
  -1.9221444240   2.2150752906  -4.2344746243
  -1.8200237921   2.0973916839  -4.2947847401
      
      
#  type   0  conf  1.0000
  -1.8200237921   2.0973916839  -4.2947847401
  -1.2648083572   1.4575625559  -4.5918391700
      
      
# 310  norm    -0.7604059656   -0.6494480483    0.0000000000
# nedges  16 
#  type   0  conf  1.0000
   1.1828130375  -1.3848961318  -4.5792598326
   1.7515955299  -2.0508548662  -4.2733313547
      
      
#  type   0  conf  1.0000
   1.7515955299  -2.0508548662  -4.2733313547
   2.1542460178  -2.5222980152  -4.0334847589
      
      
#  type   0  conf  1.0000
   2.1542460178  -2.5222980152  -4.0334847589
   2.2269821550  -2.6074610900  -3.9624354326
      
      
#  type   0  conf  1.0000
   2.2269821550  -2.6074610900  -3.9624354326
   2.2386092272  -2.6210746424  -3.8543812744
      
      
#  type   0  conf  1.0000
   2.2386092272  -2.6210746424  -3.8543812744
   2.2329423969  -2.6144396365  -3.7880670376
      
      
#  type   0  conf  1.0000
   2.2329423969  -2.6144396365  -3.7880670376
   0.1722746744  -0.2017077277  -1.0382843959
      
      
#  type   0  conf  1.0000
   0.1722746744  -0.2017077277  -1.0382843959
   0.1586805914  -0.1857911016  -1.0228236294
      
      
#  type   0  conf  1.0000
   0.1586805914  -0.1857911016  -1.0228236294
  -0.0055321332   0.0064772957  -0.8375047638
      
      
#  type   0  conf  1.0000
  -0.0055321332   0.0064772957  -0.8375047638
  -0.0339959883   0.0398041881  -0.8384612645
      
      
#  type   0  conf  1.0000
  -0.0339959883   0.0398041881  -0.8384612645
  -0.2019176468   0.2364151891  -1.0252372920
      
      
#  type   0  conf  1.0000
  -0.2019176468   0.2364151891  -1.0252372920
  -0.7379283030   0.8640030334  -1.7386488624
      
      
#  type   0  conf  1.0000
  -0.7379283030   0.8640030334  -1.7386488624
  -2.3254388321   2.7227390476  -3.8573284110
      
      
#  type   0  conf  1.0000
  -2.3254388321   2.7227390476  -3.8573284110
  -2.3314342367   2.7297587644  -3.9740313287
      
      
#  type   0  conf  1.0000
  -2.3314342367   2.7297587644  -3.9740313287
  -1.8461625865   2.1615786634  -4.2716410039
      
      
#  type   0  conf  1.0000
  -1.8461625865   2.1615786634  -4.2716410039
  -1.8045673273   2.1128768722  -4.2951187000
      
      
#  type   0  conf  1.0000
  -1.8045673273   2.1128768722  -4.2951187000
  -1.2549218135   1.4693246609  -4.5920254140
      
      
# 311  norm    -0.7654832135   -0.6434558647   -0.0000000000
# nedges  17 
#  type   0  conf  1.0000
   1.1717786689  -1.3939991072  -4.5799871265
   1.7361199622  -2.0653641694  -4.2734724084
      
      
#  type   0  conf  1.0000
   1.7361199622  -2.0653641694  -4.2734724084
   2.1364575385  -2.5416232436  -4.0336287160
      
      
#  type   0  conf  1.0000
   2.1364575385  -2.5416232436  -4.0336287160
   2.2092414789  -2.6282101995  -3.9621103307
      
      
#  type   0  conf  1.0000
   2.2092414789  -2.6282101995  -3.9621103307
   2.2204225755  -2.6415117207  -3.8560673729
      
      
#  type   0  conf  1.0000
   2.2204225755  -2.6415117207  -3.8560673729
   2.2155269263  -2.6356876424  -3.7891707488
      
      
#  type   0  conf  1.0000
   2.2155269263  -2.6356876424  -3.7891707488
   0.1993784823  -0.2371893547  -1.0781016566
      
      
#  type   0  conf  1.0000
   0.1993784823  -0.2371893547  -1.0781016566
   0.1597174412  -0.1900068471  -1.0269617181
      
      
#  type   0  conf  1.0000
   0.1597174412  -0.1900068471  -1.0269617181
  -0.0038870760   0.0046242355  -0.8396170861
      
      
#  type   4  conf  0.0000
#  type   0  conf  1.0000
  -0.0312560898   0.0371836102  -0.8359968307
  -0.1880128256   0.2236682729  -1.0119427804
      
      
#  type   0  conf  1.0000
  -0.1880128256   0.2236682729  -1.0119427804
  -0.2289575565   0.2723779139  -1.0637940846
      
      
#  type   0  conf  1.0000
  -0.2289575565   0.2723779139  -1.0637940846
  -2.3055501150   2.7427831615  -3.8538557929
      
      
#  type   0  conf  1.0000
  -2.3055501150   2.7427831615  -3.8538557929
  -2.3137761450   2.7525692061  -3.9321017760
      
      
#  type   0  conf  1.0000
  -2.3137761450   2.7525692061  -3.9321017760
  -2.3080269470   2.7457297089  -3.9773606965
      
      
#  type   0  conf  1.0000
  -2.3080269470   2.7457297089  -3.9773606965
  -1.8123093746   2.1560024238  -4.2827502998
      
      
#  type   0  conf  1.0000
  -1.8123093746   2.1560024238  -4.2827502998
  -1.7460261987   2.0771490613  -4.3187847517
      
      
#  type   0  conf  1.0000
  -1.7460261987   2.0771490613  -4.3187847517
  -1.2448648676   1.4809456429  -4.5915980729
      
      
# 312  norm    -0.7705132428   -0.6374239897    0.0000000000
# nedges  16 
#  type   0  conf  1.0000
   1.1609730011  -1.4033752828  -4.5804812141
   1.7212431571  -2.0806255614  -4.2731967005
      
      
#  type   0  conf  1.0000
   1.7212431571  -2.0806255614  -4.2731967005
   2.1192746370  -2.5617629697  -4.0332505497
      
      
#  type   0  conf  1.0000
   2.1192746370  -2.5617629697  -4.0332505497
   2.1904817509  -2.6478375841  -3.9619059309
      
      
#  type   0  conf  1.0000
   2.1904817509  -2.6478375841  -3.9619059309
   2.2018973935  -2.6616367256  -3.8542397029
      
      
#  type   0  conf  1.0000
   2.2018973935  -2.6616367256  -3.8542397029
   2.1967836100  -2.6554552233  -3.7880196944
      
      
#  type   0  conf  1.0000
   2.1967836100  -2.6554552233  -3.7880196944
   0.1665853795  -0.2013671324  -1.0381654325
      
      
#  type   0  conf  1.0000
   0.1665853795  -0.2013671324  -1.0381654325
   0.1223766702  -0.1479279828  -0.9866503763
      
      
#  type   0  conf  1.0000
   0.1223766702  -0.1479279828  -0.9866503763
  -0.0101683852   0.0122914662  -0.8334507381
      
      
#  type   0  conf  1.0000
  -0.0101683852   0.0122914662  -0.8334507381
  -0.0396219078   0.0478946591  -0.8449414512
      
      
#  type   0  conf  1.0000
  -0.0396219078   0.0478946591  -0.8449414512
  -0.1972796245   0.2384701009  -1.0258763010
      
      
#  type   0  conf  1.0000
  -0.1972796245   0.2384701009  -1.0258763010
  -0.7711405724   0.9321488250  -1.8014111481
      
      
#  type   0  conf  1.0000
  -0.7711405724   0.9321488250  -1.8014111481
  -2.2876939145   2.7653469040  -3.8554837672
      
      
#  type   0  conf  1.0000
  -2.2876939145   2.7653469040  -3.8554837672
  -2.2950631891   2.7742548267  -3.9738754487
      
      
#  type   0  conf  1.0000
  -2.2950631891   2.7742548267  -3.9738754487
  -1.8175915022   2.1970907040  -4.2699845743
      
      
#  type   0  conf  1.0000
  -1.8175915022   2.1970907040  -4.2699845743
  -1.7746610265   2.1451966733  -4.2947914696
      
      
#  type   0  conf  1.0000
  -1.7746610265   2.1451966733  -4.2947914696
  -1.2355832200   1.4935635447  -4.5914785849
      
      
# 313  norm    -0.7754957432   -0.6313527954    0.0000000000
# nedges  17 
#  type   0  conf  1.0000
   1.1498226758  -1.4123364891  -4.5810181746
   1.7046704342  -2.0938604767  -4.2737176767
      
      
#  type   0  conf  1.0000
   1.7046704342  -2.0938604767  -4.2737176767
   2.1019426698  -2.5818331757  -4.0327911952
      
      
#  type   0  conf  1.0000
   2.1019426698  -2.5818331757  -4.0327911952
   2.1711627091  -2.6668567095  -3.9619449938
      
      
#  type   0  conf  1.0000
   2.1711627091  -2.6668567095  -3.9619449938
   2.1829591934  -2.6813464266  -3.8543402865
      
      
#  type   0  conf  1.0000
   2.1829591934  -2.6813464266  -3.8543402865
   2.1789269445  -2.6763935826  -3.7889535881
      
      
#  type   0  conf  1.0000
   2.1789269445  -2.6763935826  -3.7889535881
   0.1635807067  -0.2009275046  -1.0378242130
      
      
#  type   0  conf  1.0000
   0.1635807067  -0.2009275046  -1.0378242130
   0.1416736216  -0.1740188549  -1.0119750938
      
      
#  type   0  conf  1.0000
   0.1416736216  -0.1740188549  -1.0119750938
  -0.0060874398   0.0074772515  -0.8379246828
      
      
#  type   0  conf  1.0000
  -0.0060874398   0.0074772515  -0.8379246828
  -0.0331582892   0.0407285947  -0.8377821637
      
      
#  type   0  conf  1.0000
  -0.0331582892   0.0407285947  -0.8377821637
  -0.1728330557   0.2122922397  -1.0003257878
      
      
#  type   0  conf  1.0000
  -0.1728330557   0.2122922397  -1.0003257878
  -0.2206677531   0.2710479852  -1.0600376411
      
      
#  type   0  conf  1.0000
  -0.2206677531   0.2710479852  -1.0600376411
  -2.2692232426   2.7873052557  -3.8550732497
      
      
#  type   0  conf  1.0000
  -2.2692232426   2.7873052557  -3.8550732497
  -2.2767648019   2.7965686139  -3.9291596820
      
      
#  type   0  conf  1.0000
  -2.2767648019   2.7965686139  -3.9291596820
  -2.2700912708   2.7883714617  -3.9785622812
      
      
#  type   0  conf  1.0000
  -2.2700912708   2.7883714617  -3.9785622812
  -1.7808786876   2.1874676905  -4.2825961995
      
      
#  type   0  conf  1.0000
  -1.7808786876   2.1874676905  -4.2825961995
  -1.7619697735   2.1642417184  -4.2931527795
      
      
#  type   0  conf  1.0000
  -1.7619697735   2.1642417184  -4.2931527795
  -1.2253364357   1.5050906509  -4.5914889771
      
      
# 314  norm    -0.7804304073   -0.6252426563    0.0000000000
# nedges  16 
#  type   0  conf  1.0000
   1.1443084758  -1.4283304583  -4.5786291296
   1.6952650693  -2.1160367022  -4.2699482824
      
      
#  type   0  conf  1.0000
   1.6952650693  -2.1160367022  -4.2699482824
   2.0843787277  -2.6017299412  -4.0322391389
      
      
#  type   0  conf  1.0000
   2.0843787277  -2.6017299412  -4.0322391389
   2.1527241332  -2.6870389522  -3.9608596902
      
      
#  type   0  conf  1.0000
   2.1527241332  -2.6870389522  -3.9608596902
   2.1632386213  -2.7001631787  -3.8561763842
      
      
#  type   0  conf  1.0000
   2.1632386213  -2.7001631787  -3.8561763842
   2.1602527700  -2.6964362270  -3.7890870585
      
      
#  type   0  conf  1.0000
   2.1602527700  -2.6964362270  -3.7890870585
   0.1806103784  -0.2254386033  -1.0650748350
      
      
#  type   0  conf  1.0000
   0.1806103784  -0.2254386033  -1.0650748350
   0.1509478766  -0.1884137489  -1.0261593069
      
      
#  type   0  conf  1.0000
   0.1509478766  -0.1884137489  -1.0261593069
  -0.0060193961   0.0075134345  -0.8382960944
      
      
#  type   4  conf  0.0000
#  type   0  conf  1.0000
  -0.0354202081   0.0442116467  -0.8402548569
  -0.1695020689   0.2115731666  -0.9992888748
      
      
#  type   0  conf  1.0000
  -0.1695020689   0.2115731666  -0.9992888748
  -0.2206631113   0.2754325862  -1.0635095298
      
      
#  type   0  conf  1.0000
  -0.2206631113   0.2754325862  -1.0635095298
  -2.2491447690   2.8073915790  -3.8544377000
      
      
#  type   0  conf  1.0000
  -2.2491447690   2.8073915790  -3.8544377000
  -2.2580849955   2.8185508058  -3.9730431329
      
      
#  type   0  conf  1.0000
  -2.2580849955   2.8185508058  -3.9730431329
  -1.7610465837   2.1981454540  -4.2852024692
      
      
#  type   3  conf  0.0000
#  type   0  conf  1.0000
  -1.7364579123   2.1674537750  -4.2982554078
  -1.2147397515   1.5162430609  -4.5918963728
      
      
# 315  norm    -0.7853169309   -0.6190939493    0.0000000000
# nedges  17 
#  type   0  conf  1.0000
   1.1340302201  -1.4385104764  -4.5785214165
   1.6740348616  -2.1235030986  -4.2728913876
      
      
#  type   0  conf  1.0000
   1.6740348616  -2.1235030986  -4.2728913876
   2.0643023176  -2.6185550065  -4.0334394271
      
      
#  type   0  conf  1.0000
   2.0643023176  -2.6185550065  -4.0334394271
   2.1340849470  -2.7070738499  -3.9602921893
      
      
#  type   0  conf  1.0000
   2.1340849470  -2.7070738499  -3.9602921893
   2.1441292568  -2.7198149961  -3.8561656309
      
      
#  type   0  conf  1.0000
   2.1441292568  -2.7198149961  -3.8561656309
   2.1411214261  -2.7159995811  -3.7891562289
      
      
#  type   0  conf  1.0000
   2.1411214261  -2.7159995811  -3.7891562289
   0.3042464590  -0.3859347934  -1.2408284711
      
      
#  type   0  conf  1.0000
   0.3042464590  -0.3859347934  -1.2408284711
   0.1479825173  -0.1877149284  -1.0260923026
      
      
#  type   0  conf  1.0000
   0.1479825173  -0.1877149284  -1.0260923026
  -0.0064080053   0.0081285160  -0.8384148091
      
      
#  type   4  conf  0.0000
#  type   0  conf  1.0000
  -0.0349392166   0.0443201849  -0.8396795376
  -0.1835107710   0.2327823032  -1.0191224674
      
      
#  type   0  conf  1.0000
  -0.1835107710   0.2327823032  -1.0191224674
  -0.2314063729   0.2935375847  -1.0830233955
      
      
#  type   0  conf  1.0000
  -0.2314063729   0.2935375847  -1.0830233955
  -2.2325009266   2.8319139249  -3.8566266433
      
      
#  type   0  conf  1.0000
  -2.2325009266   2.8319139249  -3.8566266433
  -2.2384572752   2.8394695171  -3.9321903817
      
      
#  type   0  conf  1.0000
  -2.2384572752   2.8394695171  -3.9321903817
  -2.2324375168   2.8318334899  -3.9781805781
      
      
#  type   0  conf  1.0000
  -2.2324375168   2.8318334899  -3.9781805781
  -1.7436641142   2.2118273845  -4.2857257671
      
      
#  type   3  conf  0.0000
#  type   0  conf  1.0000
  -1.7299887277   2.1944802394  -4.2931253255
  -1.2049959517   1.5285300778  -4.5909206372
      
      
# 316  norm    -0.7901550124   -0.6129070537   -0.0000000000
# nedges  17 
#  type   0  conf  1.0000
   1.1236427183  -1.4485914637  -4.5783513209
   1.6569665440  -2.1361483969  -4.2734605025
      
      
#  type   0  conf  1.0000
   1.6569665440  -2.1361483969  -4.2734605025
   2.0455432433  -2.6370984590  -4.0332414925
      
      
#  type   0  conf  1.0000
   2.0455432433  -2.6370984590  -4.0332414925
   2.1135923580  -2.7248268491  -3.9619805529
      
      
#  type   0  conf  1.0000
   2.1135923580  -2.7248268491  -3.9619805529
   2.1258625614  -2.7406455001  -3.8433454811
      
      
#  type   0  conf  1.0000
   2.1258625614  -2.7406455001  -3.8433454811
   2.1218555761  -2.7354797257  -3.7886274750
      
      
#  type   0  conf  1.0000
   2.1218555761  -2.7354797257  -3.7886274750
   0.1557869562  -0.2008393338  -1.0391650593
      
      
#  type   0  conf  1.0000
   0.1557869562  -0.2008393338  -1.0391650593
   0.1352850087  -0.1744083823  -1.0137148453
      
      
#  type   0  conf  1.0000
   0.1352850087  -0.1744083823  -1.0137148453
  -0.0093126502   0.0120057962  -0.8352739960
      
      
#  type   0  conf  1.0000
  -0.0093126502   0.0120057962  -0.8352739960
  -0.0365760502   0.0471535598  -0.8417088103
      
      
#  type   0  conf  1.0000
  -0.0365760502   0.0471535598  -0.8417088103
  -0.1737616131   0.2240121218  -1.0101405574
      
      
#  type   0  conf  1.0000
  -0.1737616131   0.2240121218  -1.0101405574
  -0.2213028966   0.2853019751  -1.0731393476
      
      
#  type   0  conf  1.0000
  -0.2213028966   0.2853019751  -1.0731393476
  -2.2108965397   2.8502706443  -3.8539382866
      
      
#  type   0  conf  1.0000
  -2.2108965397   2.8502706443  -3.8539382866
  -2.2191537768   2.8609158102  -3.9322744175
      
      
#  type   0  conf  1.0000
  -2.2191537768   2.8609158102  -3.9322744175
  -2.2125273248   2.8523730398  -3.9786733858
      
      
#  type   0  conf  1.0000
  -2.2125273248   2.8523730398  -3.9786733858
  -1.7142976615   2.2100592281  -4.2937626739
      
      
#  type   3  conf  0.0000
#  type   0  conf  1.0000
  -1.6944934808   2.1845278322  -4.3042146098
  -1.1935679242   1.5387384960  -4.5913509009
      
      
# 317  norm    -0.7949443534   -0.6066823510    0.0000000000
# nedges  16 
#  type   0  conf  1.0000
   1.1127184789  -1.4580105557  -4.5785636779
   1.6419020450  -2.1514071695  -4.2724686612
      
      
#  type   0  conf  1.0000
   1.6419020450  -2.1514071695  -4.2724686612
   2.0268185885  -2.6557686894  -4.0330832040
      
      
#  type   0  conf  1.0000
   2.0268185885  -2.6557686894  -4.0330832040
   2.0937749322  -2.7435025213  -3.9613826236
      
      
#  type   0  conf  1.0000
   2.0937749322  -2.7435025213  -3.9613826236
   2.1046227189  -2.7577165277  -3.8543336665
      
      
#  type   0  conf  1.0000
   2.1046227189  -2.7577165277  -3.8543336665
   2.1016155187  -2.7537761513  -3.7879743474
      
      
#  type   0  conf  1.0000
   2.1016155187  -2.7537761513  -3.7879743474
   0.1519456231  -0.1990964711  -1.0375777489
      
      
#  type   0  conf  1.0000
   0.1519456231  -0.1990964711  -1.0375777489
   0.1325322490  -0.1736588559  -1.0132338414
      
      
#  type   0  conf  1.0000
   0.1325322490  -0.1736588559  -1.0132338414
  -0.0081269607   0.0106488700  -0.8378483265
      
      
#  type   4  conf  0.0000
#  type   0  conf  1.0000
  -0.0331384512   0.0434217752  -0.8391641359
  -0.1574167817   0.2062654065  -0.9928317686
      
      
#  type   0  conf  1.0000
  -0.1574167817   0.2062654065  -0.9928317686
  -0.2200714057   0.2883626350  -1.0750214864
      
      
#  type   0  conf  1.0000
  -0.2200714057   0.2883626350  -1.0750214864
  -2.1912153692   2.8711800861  -3.8553790208
      
      
#  type   0  conf  1.0000
  -2.1912153692   2.8711800861  -3.8553790208
  -2.1988104770   2.8811320619  -3.9735263779
      
      
#  type   0  conf  1.0000
  -2.1988104770   2.8811320619  -3.9735263779
  -1.8029502350   2.3624308609  -4.2270241739
      
      
#  type   0  conf  1.0000
  -1.8029502350   2.3624308609  -4.2270241739
  -1.6930007333   2.2183624939  -4.2955751455
      
      
#  type   0  conf  1.0000
  -1.6930007333   2.2183624939  -4.2955751455
  -1.1824389344   1.5493662418  -4.5916100923
      
      
# 318  norm    -0.7996846585   -0.6004202253    0.0000000000
# nedges  17 
#  type   0  conf  1.0000
   1.1015876742  -1.4671770302  -4.5787979942
   1.6234104434  -2.1621797055  -4.2735626023
      
      
#  type   0  conf  1.0000
   1.6234104434  -2.1621797055  -4.2735626023
   2.0065318620  -2.6724495264  -4.0336600689
      
      
#  type   0  conf  1.0000
   2.0065318620  -2.6724495264  -4.0336600689
   2.0729007226  -2.7608445494  -3.9618771770
      
      
#  type   0  conf  1.0000
   2.0729007226  -2.7608445494  -3.9618771770
   2.0846167357  -2.7764488138  -3.8544089623
      
      
#  type   0  conf  1.0000
   2.0846167357  -2.7764488138  -3.8544089623
   2.0815448253  -2.7723574133  -3.7877855123
      
      
#  type   0  conf  1.0000
   2.0815448253  -2.7723574133  -3.7877855123
   0.1547985907  -0.2061723654  -1.0457147628
      
      
#  type   0  conf  1.0000
   0.1547985907  -0.2061723654  -1.0457147628
   0.0926623567  -0.1234146718  -0.9660304273
      
      
#  type   0  conf  1.0000
   0.0926623567  -0.1234146718  -0.9660304273
  -0.0080449360   0.0107148487  -0.8385646759
      
      
#  type   4  conf  0.0000
#  type   0  conf  1.0000
  -0.0326049972   0.0434257791  -0.8389278996
  -0.1710798309   0.2278569415  -1.0127484131
      
      
#  type   0  conf  1.0000
  -0.1710798309   0.2278569415  -1.0127484131
  -0.3002087762   0.3998405493  -1.1935966035
      
      
#  type   0  conf  1.0000
  -0.3002087762   0.3998405493  -1.1935966035
  -2.1734571620   2.8947731522  -3.8582026844
      
      
#  type   0  conf  1.0000
  -2.1734571620   2.8947731522  -3.8582026844
  -2.1770223735   2.8995215681  -3.9469685420
      
      
#  type   0  conf  1.0000
  -2.1770223735   2.8995215681  -3.9469685420
  -2.1697119852   2.8897850451  -3.9806513402
      
      
#  type   0  conf  1.0000
  -2.1697119852   2.8897850451  -3.9806513402
  -1.6990168235   2.2628779493  -4.2819610017
      
      
#  type   0  conf  1.0000
  -1.6990168235   2.2628779493  -4.2819610017
  -1.6774738113   2.2341853510  -4.2948570434
      
      
#  type   0  conf  1.0000
  -1.6774738113   2.2341853510  -4.2948570434
  -1.1712067052   1.5599008736  -4.5917387664
      
      
# 319  norm    -0.8043756353   -0.5941210629    0.0000000000
# nedges  16 
#  type   0  conf  1.0000
   1.0898405149  -1.4755261364  -4.5793104841
   1.6017223377  -2.1685587389  -4.2764641191
      
      
#  type   0  conf  1.0000
   1.6017223377  -2.1685587389  -4.2764641191
   1.9870524284  -2.6902539889  -4.0335104588
      
      
#  type   0  conf  1.0000
   1.9870524284  -2.6902539889  -4.0335104588
   2.0529644964  -2.7794917974  -3.9616340483
      
      
#  type   0  conf  1.0000
   2.0529644964  -2.7794917974  -3.9616340483
   2.0647720517  -2.7954779496  -3.8303560524
      
      
#  type   0  conf  1.0000
   2.0647720517  -2.7954779496  -3.8303560524
   2.0586216487  -2.7871509695  -3.7817820068
      
      
#  type   0  conf  1.0000
   2.0586216487  -2.7871509695  -3.7817820068
   0.0862477108  -0.1167700684  -0.9544753260
      
      
#  type   0  conf  1.0000
   0.0862477108  -0.1167700684  -0.9544753260
  -0.0146284788   0.0198053775  -0.8365936478
      
      
#  type   0  conf  1.0000
  -0.0146284788   0.0198053775  -0.8365936478
  -0.0361311955   0.0489177293  -0.8413662993
      
      
#  type   0  conf  1.0000
  -0.0361311955   0.0489177293  -0.8413662993
  -0.1778521302   0.2407925407  -1.0251103747
      
      
#  type   0  conf  1.0000
  -0.1778521302   0.2407925407  -1.0251103747
  -0.5058414068   0.6848545328  -1.4941963373
      
      
#  type   0  conf  1.0000
  -0.5058414068   0.6848545328  -1.4941963373
  -2.1498303357   2.9106376629  -3.8541809707
      
      
#  type   0  conf  1.0000
  -2.1498303357   2.9106376629  -3.8541809707
  -2.1564775221   2.9196372340  -3.9441654965
      
      
#  type   0  conf  1.0000
  -2.1564775221   2.9196372340  -3.9441654965
  -2.1498616598   2.9106800723  -3.9797350283
      
      
#  type   0  conf  1.0000
  -2.1498616598   2.9106800723  -3.9797350283
  -1.6635790957   2.2523060963  -4.2936695887
      
      
#  type   3  conf  0.0000
#  type   0  conf  1.0000
  -1.6424121543   2.2236483479  -4.3054532629
  -1.1603563418   1.5709969362  -4.5915139394
      
      
# 320  norm    -0.8090169944   -0.5877852523    0.0000000000
# nedges  14 
#  type   0  conf  1.0000
   1.0811540781  -1.4880809264  -4.5779058882
   1.5879629006  -2.1856434268  -4.2744119915
      
      
#  type   0  conf  1.0000
   1.5879629006  -2.1856434268  -4.2744119915
   1.9663230089  -2.7064114393  -4.0340533103
      
      
#  type   0  conf  1.0000
   1.9663230089  -2.7064114393  -4.0340533103
   2.0328145105  -2.7979291399  -3.9609455870
      
      
#  type   0  conf  1.0000
   2.0328145105  -2.7979291399  -3.9609455870
   2.0449069777  -2.8145729931  -3.8291573764
      
      
#  type   0  conf  1.0000
   2.0449069777  -2.8145729931  -3.8291573764
   2.0351639141  -2.8011628165  -3.7778804738
      
      
#  type   0  conf  1.0000
   2.0351639141  -2.8011628165  -3.7778804738
  -0.0027580421   0.0037961193  -0.8287735929
      
      
#  type   4  conf  0.0000
#  type   0  conf  1.0000
  -0.0717472160   0.0987515710  -0.8778184005
  -2.1275915348   2.9283785226  -3.8486442487
      
      
#  type   0  conf  1.0000
  -2.1275915348   2.9283785226  -3.8486442487
  -2.1348392564   2.9383541556  -3.8820454844
      
      
#  type   0  conf  1.0000
  -2.1348392564   2.9383541556  -3.8820454844
  -2.1372082027   2.9416147305  -3.9384165941
      
      
#  type   0  conf  1.0000
  -2.1372082027   2.9416147305  -3.9384165941
  -2.1283701876   2.9294502463  -3.9801977427
      
      
#  type   0  conf  1.0000
  -2.1283701876   2.9294502463  -3.9801977427
  -1.6556161219   2.2787600975  -4.2879137104
      
      
#  type   3  conf  0.0000
#  type   0  conf  1.0000
  -1.6432050276   2.2616776916  -4.2948406233
  -1.1484753767   1.5807407446  -4.5918596690
      
      
# 321  norm    -0.8136084495   -0.5814131843    0.0000000000
# nedges  13 
#  type   0  conf  1.0000
   1.0699436492  -1.4972402019  -4.5778634579
   1.5740474398  -2.2026646996  -4.2723241060
      
      
#  type   0  conf  1.0000
   1.5740474398  -2.2026646996  -4.2723241060
   1.9485030551  -2.7266642592  -4.0323452342
      
      
#  type   0  conf  1.0000
   1.9485030551  -2.7266642592  -4.0323452342
   2.0108424615  -2.8138997556  -3.9613198545
      
      
#  type   0  conf  1.0000
   2.0108424615  -2.8138997556  -3.9613198545
   2.0210710390  -2.8282132547  -3.8672267226
      
      
#  type   0  conf  1.0000
   2.0210710390  -2.8282132547  -3.8672267226
   2.0200257751  -2.8267505505  -3.7865659786
      
      
#  type   0  conf  1.0000
   2.0200257751  -2.8267505505  -3.7865659786
  -0.0127597708   0.0178555589  -0.8163570318
      
      
#  type   0  conf  1.0000
  -0.0127597708   0.0178555589  -0.8163570318
  -0.2179444724   0.3049835626  -1.0921369873
      
      
#  type   0  conf  1.0000
  -0.2179444724   0.3049835626  -1.0921369873
  -2.1146857155   2.9592142260  -3.8631492890
      
      
#  type   0  conf  1.0000
  -2.1146857155   2.9592142260  -3.8631492890
  -2.1111411071   2.9542540299  -3.9591613197
      
      
#  type   0  conf  1.0000
  -2.1111411071   2.9542540299  -3.9591613197
  -2.1026200315   2.9423299469  -3.9840598195
      
      
#  type   0  conf  1.0000
  -2.1026200315   2.9423299469  -3.9840598195
  -1.6377257702   2.2917738375  -4.2876637852
      
      
#  type   3  conf  0.0000
#  type   0  conf  1.0000
  -1.6258095566   2.2750987219  -4.2948158813
  -1.1366974709   1.5906530704  -4.5921763671
      
      
# 322  norm    -0.8181497174   -0.5750052520    0.0000000000
# nedges  13 
#  type   0  conf  1.0000
   1.0582406436  -1.5057241312  -4.5782701865
   1.5563305636  -2.2144344009  -4.2724714098
      
      
#  type   0  conf  1.0000
   1.5563305636  -2.2144344009  -4.2724714098
   1.9264876586  -2.7411146731  -4.0332320192
      
      
#  type   0  conf  1.0000
   1.9264876586  -2.7411146731  -4.0332320192
   1.9896033411  -2.8309192055  -3.9608635381
      
      
#  type   0  conf  1.0000
   1.9896033411  -2.8309192055  -3.9608635381
   2.0005443646  -2.8464867073  -3.8544694862
      
      
#  type   0  conf  1.0000
   2.0005443646  -2.8464867073  -3.8544694862
   1.9987741402  -2.8439679327  -3.7863975323
      
      
#  type   0  conf  1.0000
   1.9987741402  -2.8439679327  -3.7863975323
  -0.0131861784   0.0187620340  -0.8173783930
      
      
#  type   0  conf  1.0000
  -0.0131861784   0.0187620340  -0.8173783930
  -0.1879159567   0.2673773610  -1.0522540653
      
      
#  type   0  conf  1.0000
  -0.1879159567   0.2673773610  -1.0522540653
  -2.0896924370   2.9733315840  -3.8582200750
      
      
#  type   0  conf  1.0000
  -2.0896924370   2.9733315840  -3.8582200750
  -2.0920820751   2.9767316951  -3.9470187203
      
      
#  type   0  conf  1.0000
  -2.0920820751   2.9767316951  -3.9470187203
  -2.0855860078   2.9674887263  -3.9805441822
      
      
#  type   0  conf  1.0000
  -2.0855860078   2.9674887263  -3.9805441822
  -1.6084776398   2.2886321851  -4.2953739773
      
      
#  type   3  conf  0.0000
#  type   0  conf  1.0000
  -1.5899438720   2.2622613011  -4.3059461395
  -1.1245552443   1.6000802638  -4.5923371290
      
      
# 323  norm    -0.8226405180   -0.5685618507   -0.0000000000
# nedges  11 
#  type   0  conf  1.0000
   1.0434768919  -1.5097853818  -4.5828223591
   1.8986554137  -2.7471257015  -4.0415793976
      
      
#  type   0  conf  1.0000
   1.8986554137  -2.7471257015  -4.0415793976
   1.9675143221  -2.8467562483  -3.9615885190
      
      
#  type   0  conf  1.0000
   1.9675143221  -2.8467562483  -3.9615885190
   1.9788094360  -2.8630989178  -3.8543810809
      
      
#  type   0  conf  1.0000
   1.9788094360  -2.8630989178  -3.8543810809
   1.9768533403  -2.8602686828  -3.7854779386
      
      
#  type   0  conf  1.0000
   1.9768533403  -2.8602686828  -3.7854779386
  -0.0137040969   0.0198281776  -0.8183962726
      
      
#  type   0  conf  1.0000
  -0.0137040969   0.0198281776  -0.8183962726
  -0.1774195820   0.2567047660  -1.0405086847
      
      
#  type   0  conf  1.0000
  -0.1774195820   0.2567047660  -1.0405086847
  -2.0707974817   2.9961945404  -3.8630495355
      
      
#  type   0  conf  1.0000
  -2.0707974817   2.9961945404  -3.8630495355
  -2.0713542525   2.9970001207  -3.9743855916
      
      
#  type   0  conf  1.0000
  -2.0713542525   2.9970001207  -3.9743855916
  -1.6749473644   2.4234470986  -4.2397719189
      
      
#  type   0  conf  1.0000
  -1.6749473644   2.4234470986  -4.2397719189
  -1.5939395687   2.3062385751  -4.2921761327
      
      
#  type   0  conf  1.0000
  -1.5939395687   2.3062385751  -4.2921761327
  -1.1132494801   1.6107379133  -4.5925846030
      
      
# 324  norm    -0.8270805743   -0.5620833779   -0.0000000000
# nedges  12 
#  type   0  conf  1.0000
   1.0357668204  -1.5240845938  -4.5801475141
   1.8734766289  -2.7567371447  -4.0441903872
      
      
#  type   0  conf  1.0000
   1.8734766289  -2.7567371447  -4.0441903872
   1.9458191165  -2.8631858826  -3.9627011437
      
      
#  type   0  conf  1.0000
   1.9458191165  -2.8631858826  -3.9627011437
   1.9565495398  -2.8789752210  -3.8543193170
      
      
#  type   0  conf  1.0000
   1.9565495398  -2.8789752210  -3.8543193170
   1.9546611113  -2.8761964828  -3.7842758997
      
      
#  type   0  conf  1.0000
   1.9546611113  -2.8761964828  -3.7842758997
  -0.0141468546   0.0208164643  -0.8196475091
      
      
#  type   0  conf  1.0000
  -0.0141468546   0.0208164643  -0.8196475091
  -0.1473616371   0.2168360643  -0.9997643539
      
      
#  type   0  conf  1.0000
  -0.1473616371   0.2168360643  -0.9997643539
  -2.0432008849   3.0064788034  -3.8537282693
      
      
#  type   0  conf  1.0000
  -2.0432008849   3.0064788034  -3.8537282693
  -2.0497967381   3.0161843067  -3.9340509315
      
      
#  type   0  conf  1.0000
  -2.0497967381   3.0161843067  -3.9340509315
  -2.0432902566   3.0066103098  -3.9793521880
      
      
#  type   0  conf  1.0000
  -2.0432902566   3.0066103098  -3.9793521880
  -1.5760254485   2.3190510240  -4.2931399330
      
      
#  type   3  conf  0.0000
#  type   3  conf  0.0000
# 325  norm    -0.8314696123   -0.5555702330    0.0000000000
# nedges  12 
#  type   0  conf  1.0000
   1.0237484955  -1.5321478979  -4.5801382787
   1.8573095422  -2.7796601639  -4.0405865237
      
      
#  type   0  conf  1.0000
   1.8573095422  -2.7796601639  -4.0405865237
   1.9231939540  -2.8782631543  -3.9619728386
      
      
#  type   0  conf  1.0000
   1.9231939540  -2.8782631543  -3.9619728386
   1.9345303608  -2.8952292860  -3.8544433160
      
      
#  type   0  conf  1.0000
   1.9345303608  -2.8952292860  -3.8544433160
   1.9318422310  -2.8912062154  -3.7831536194
      
      
#  type   0  conf  1.0000
   1.9318422310  -2.8912062154  -3.7831536194
  -0.0144786066   0.0216687660  -0.8205271829
      
      
#  type   0  conf  1.0000
  -0.0144786066   0.0216687660  -0.8205271829
  -0.1301025830   0.1947122754  -0.9768551153
      
      
#  type   0  conf  1.0000
  -0.1301025830   0.1947122754  -0.9768551153
  -2.0264681464   3.0328239057  -3.8626551992
      
      
#  type   0  conf  1.0000
  -2.0264681464   3.0328239057  -3.8626551992
  -2.0247042680   3.0301840752  -3.9532708920
      
      
#  type   0  conf  1.0000
  -2.0247042680   3.0301840752  -3.9532708920
  -2.0156119229   3.0165764191  -3.9841064609
      
      
#  type   0  conf  1.0000
  -2.0156119229   3.0165764191  -3.9841064609
  -1.5646964990   2.3417337973  -4.2880685931
      
      
#  type   3  conf  0.0000
#  type   0  conf  1.0000
  -1.5575512353   2.3310401544  -4.2922628014
  -1.0893433102   1.6303174756  -4.5924158971
      
      
# 326  norm    -0.8358073614   -0.5490228180    0.0000000000
# nedges  11 
#  type   0  conf  1.0000
   1.0074708152  -1.5337277361  -4.5828501406
   1.8327097251  -2.7900339098  -4.0425108288
      
      
#  type   0  conf  1.0000
   1.8327097251  -2.7900339098  -4.0425108288
   1.9008499216  -2.8937674451  -3.9629952504
      
      
#  type   0  conf  1.0000
   1.9008499216  -2.8937674451  -3.9629952504
   1.9108219184  -2.9089483594  -3.8672128148
      
      
#  type   0  conf  1.0000
   1.9108219184  -2.9089483594  -3.8672128148
   1.9116657453  -2.9102329630  -3.7861580523
      
      
#  type   0  conf  1.0000
   1.9116657453  -2.9102329630  -3.7861580523
  -0.0147905388   0.0225164434  -0.8215905706
      
      
#  type   0  conf  1.0000
  -0.0147905388   0.0225164434  -0.8215905706
  -0.1083913392   0.1650100438  -0.9464787739
      
      
#  type   0  conf  1.0000
  -0.1083913392   0.1650100438  -0.9464787739
  -2.0029574586   3.0492113142  -3.8618731185
      
      
#  type   0  conf  1.0000
  -2.0029574586   3.0492113142  -3.8618731185
  -2.0040605808   3.0508906572  -3.9743300494
      
      
#  type   0  conf  1.0000
  -2.0040605808   3.0508906572  -3.9743300494
  -1.5678967762   2.3868947236  -4.2742030759
      
      
#  type   3  conf  0.0000
#  type   0  conf  1.0000
  -1.4825282411   2.2569335495  -4.3288805865
  -1.0770681432   1.6396795420  -4.5930743992
      
      
# 327  norm    -0.8400935539   -0.5424415367    0.0000000000
# nedges  11 
#  type   0  conf  1.0000
   0.9955320762  -1.5418068555  -4.5826918215
   1.8145284238  -2.8102081592  -4.0400833512
      
      
#  type   0  conf  1.0000
   1.8145284238  -2.8102081592  -4.0400833512
   1.8793327527  -2.9105723372  -3.9604709614
      
      
#  type   0  conf  1.0000
   1.8793327527  -2.9105723372  -3.9604709614
   1.8904938939  -2.9278578918  -3.8289116665
      
      
#  type   0  conf  1.0000
   1.8904938939  -2.9278578918  -3.8289116665
   1.8858267756  -2.9206298022  -3.7797557756
      
      
#  type   0  conf  1.0000
   1.8858267756  -2.9206298022  -3.7797557756
  -0.0109330717   0.0169323373  -0.8292812626
      
      
#  type   0  conf  1.0000
  -0.0109330717   0.0169323373  -0.8292812626
  -0.0511347475   0.0791937358  -0.8599098975
      
      
#  type   0  conf  1.0000
  -0.0511347475   0.0791937358  -0.8599098975
  -1.9786758235   3.0644275783  -3.8599686541
      
      
#  type   0  conf  1.0000
  -1.9786758235   3.0644275783  -3.8599686541
  -1.9794899437   3.0656884279  -3.9754041854
      
      
#  type   0  conf  1.0000
  -1.9794899437   3.0656884279  -3.9754041854
  -1.5632146246   2.4209918318  -4.2643591670
      
      
#  type   0  conf  1.0000
  -1.5632146246   2.4209918318  -4.2643591670
  -1.4926742105   2.3117440269  -4.3106695981
      
      
#  type   0  conf  1.0000
  -1.4926742105   2.3117440269  -4.3106695981
  -1.0804377893   1.6733025789  -4.5820654519
      
      
# 328  norm    -0.8443279255   -0.5358267950   -0.0000000000
# nedges  11 
#  type   0  conf  1.0000
   0.9828349612  -1.5487000869  -4.5830208933
   1.7933067028  -2.8257991991  -4.0393442196
      
      
#  type   0  conf  1.0000
   1.7933067028  -2.8257991991  -4.0393442196
   1.8554557415  -2.9237304139  -3.9616688382
      
      
#  type   0  conf  1.0000
   1.8554557415  -2.9237304139  -3.9616688382
   1.8649307873  -2.9386606970  -3.8689885521
      
      
#  type   0  conf  1.0000
   1.8649307873  -2.9386606970  -3.8689885521
   1.8669145713  -2.9417866404  -3.7867028885
      
      
#  type   0  conf  1.0000
   1.8669145713  -2.9417866404  -3.7867028885
  -0.0028933955   0.0045592617  -0.8426006171
      
      
#  type   4  conf  0.0000
#  type   0  conf  1.0000
  -0.0374436436   0.0590017413  -0.8399376376
  -1.9529703507   3.0773888508  -3.8558219878
      
      
#  type   0  conf  1.0000
  -1.9529703507   3.0773888508  -3.8558219878
  -1.9584768226   3.0860656620  -3.9740277235
      
      
#  type   0  conf  1.0000
  -1.9584768226   3.0860656620  -3.9740277235
  -1.5159301677   2.3887237176  -4.2839830567
      
      
#  type   3  conf  0.0000
#  type   0  conf  1.0000
  -1.5011391936   2.3654168718  -4.2933111899
  -1.0627765784   1.6746679191  -4.5843715821
      
      
# 329  norm    -0.8485102150   -0.5291790010   -0.0000000000
# nedges  11 
#  type   0  conf  1.0000
   0.9710331229  -1.5569996585  -4.5826887134
   1.7707085781  -2.8392364654  -4.0396553698
      
      
#  type   0  conf  1.0000
   1.7707085781  -2.8392364654  -4.0396553698
   1.8334859572  -2.9398966339  -3.9603902798
      
      
#  type   0  conf  1.0000
   1.8334859572  -2.9398966339  -3.9603902798
   1.8442975707  -2.9572324778  -3.8289418489
      
      
#  type   0  conf  1.0000
   1.8442975707  -2.9572324778  -3.8289418489
   1.8395847375  -2.9496757019  -3.7784298025
      
      
#  type   0  conf  1.0000
   1.8395847375  -2.9496757019  -3.7784298025
  -0.0061338256   0.0098352612  -0.8391055051
      
      
#  type   4  conf  0.0000
#  type   0  conf  1.0000
  -0.0376267285   0.0603324459  -0.8417597264
  -1.9298479689   3.0944079640  -3.8553470410
      
      
#  type   0  conf  1.0000
  -1.9298479689   3.0944079640  -3.8553470410
  -1.9345591469   3.1019620858  -3.9340982750
      
      
#  type   0  conf  1.0000
  -1.9345591469   3.1019620858  -3.9340982750
  -1.9288815396   3.0928583463  -3.9792431989
      
      
#  type   0  conf  1.0000
  -1.9288815396   3.0928583463  -3.9792431989
  -1.5095649347   2.4205066053  -4.2748554238
      
      
#  type   0  conf  1.0000
  -1.5095649347   2.4205066053  -4.2748554238
  -1.0481752939   1.6806930025  -4.5858269287
      
      
# 330  norm    -0.8526401644   -0.5224985647    0.0000000000
# nedges  12 
#  type   0  conf  1.0000
   0.9630926303  -1.5716243336  -4.5796262189
   1.7488889569  -2.8539273950  -4.0391928135
      
      
#  type   0  conf  1.0000
   1.7488889569  -2.8539273950  -4.0391928135
   1.8095758049  -2.9529593301  -3.9609821941
      
      
#  type   0  conf  1.0000
   1.8095758049  -2.9529593301  -3.9609821941
   1.8209308730  -2.9714891172  -3.8418823949
      
      
#  type   0  conf  1.0000
   1.8209308730  -2.9714891172  -3.8418823949
   1.8165550757  -2.9643484650  -3.7789800868
      
      
#  type   0  conf  1.0000
   1.8165550757  -2.9643484650  -3.7789800868
  -0.0060266043   0.0098345244  -0.8396558718
      
      
#  type   4  conf  0.0000
#  type   0  conf  1.0000
  -0.0376777570   0.0614845114  -0.8425237282
  -1.9053701426   3.1092814818  -3.8541106739
      
      
#  type   0  conf  1.0000
  -1.9053701426   3.1092814818  -3.8541106739
  -1.9107756612   3.1181024864  -3.9339455840
      
      
#  type   0  conf  1.0000
  -1.9107756612   3.1181024864  -3.9339455840
  -1.9053272218   3.1092114415  -3.9792748336
      
      
#  type   0  conf  1.0000
  -1.9053272218   3.1092114415  -3.9792748336
  -1.4789999668   2.4135085911  -4.2827880229
      
      
#  type   3  conf  0.0000
#  type   0  conf  1.0000
  -1.4610161986   2.3841617486  -4.2944644078
  -1.0289514288   1.6790961251  -4.5908648918
      
      
# 331  norm    -0.8567175189   -0.5157858983    0.0000000000
# nedges  11 
#  type   0  conf  1.0000
   0.9507098977  -1.5791238718  -4.5794686179
   1.7242410186  -2.8639547771  -4.0406209097
      
      
#  type   0  conf  1.0000
   1.7242410186  -2.8639547771  -4.0406209097
   1.7856903038  -2.9660216994  -3.9624215380
      
      
#  type   0  conf  1.0000
   1.7856903038  -2.9660216994  -3.9624215380
   1.7952129591  -2.9818387770  -3.8672552190
      
      
#  type   0  conf  1.0000
   1.7952129591  -2.9818387770  -3.8672552190
   1.7970842512  -2.9849469828  -3.7855803824
      
      
#  type   0  conf  1.0000
   1.7970842512  -2.9849469828  -3.7855803824
  -0.0044865432   0.0074521234  -0.8425782198
      
      
#  type   4  conf  0.0000
#  type   0  conf  1.0000
  -0.0355233181   0.0590040344  -0.8391818654
  -1.8810183304   3.1243610233  -3.8538386937
      
      
#  type   0  conf  1.0000
  -1.8810183304   3.1243610233  -3.8538386937
  -1.8871485593   3.1345432994  -3.9305224358
      
      
#  type   0  conf  1.0000
  -1.8871485593   3.1345432994  -3.9305224358
  -1.8836078059   3.1286621277  -3.9598868750
      
      
#  type   0  conf  1.0000
  -1.8836078059   3.1286621277  -3.9598868750
  -1.8711338828   3.1079430106  -3.9894587196
      
      
#  type   0  conf  1.0000
  -1.8711338828   3.1079430106  -3.9894587196
  -1.0143367025   1.6848076420  -4.5942593545
      
      
# 332  norm    -0.8607420270   -0.5090414158   -0.0000000000
# nedges  10 
#  type   0  conf  1.0000
   0.9375093992  -1.5852418204  -4.5797928136
   1.6984027062  -2.8718421386  -4.0428026276
      
      
#  type   0  conf  1.0000
   1.6984027062  -2.8718421386  -4.0428026276
   1.7619582884  -2.9793087590  -3.9631626124
      
      
#  type   0  conf  1.0000
   1.7619582884  -2.9793087590  -3.9631626124
   1.7710527055  -2.9946865785  -3.8671653652
      
      
#  type   0  conf  1.0000
   1.7710527055  -2.9946865785  -3.8671653652
   1.7734261139  -2.9986997930  -3.7859337769
      
      
#  type   0  conf  1.0000
   1.7734261139  -2.9986997930  -3.7859337769
  -0.0061597333   0.0104155402  -0.8397175151
      
      
#  type   4  conf  0.0000
#  type   0  conf  1.0000
  -0.0372292757   0.0629512672  -0.8422648208
  -1.8570392875   3.1400819484  -3.8541124209
      
      
#  type   0  conf  1.0000
  -1.8570392875   3.1400819484  -3.8541124209
  -1.8624115282   3.1491659113  -3.9339070351
      
      
#  type   0  conf  1.0000
  -1.8624115282   3.1491659113  -3.9339070351
  -1.8562627280   3.1387688579  -3.9826859607
      
      
#  type   0  conf  1.0000
  -1.8562627280   3.1387688579  -3.9826859607
  -1.0006718326   1.6920436626  -4.5943973072
      
      
# 333  norm    -0.8647134405   -0.5022655331    0.0000000000
# nedges  11 
#  type   0  conf  1.0000
   0.9246734957  -1.5919420049  -4.5800129511
   1.6795802234  -2.8916091147  -4.0398939953
      
      
#  type   0  conf  1.0000
   1.6795802234  -2.8916091147  -4.0398939953
   1.7382376521  -2.9925952736  -3.9616522206
      
      
#  type   0  conf  1.0000
   1.7382376521  -2.9925952736  -3.9616522206
   1.7471647890  -3.0079644654  -3.8671925494
      
      
#  type   0  conf  1.0000
   1.7471647890  -3.0079644654  -3.8671925494
   1.7496586005  -3.0122578763  -3.7853285245
      
      
#  type   0  conf  1.0000
   1.7496586005  -3.0122578763  -3.7853285245
  -0.0110015751   0.0189405987  -0.8317759052
      
      
#  type   4  conf  0.0000
#  type   0  conf  1.0000
  -0.0454400459   0.0782307680  -0.8556818649
  -1.8323059897   3.1545457768  -3.8541726813
      
      
#  type   0  conf  1.0000
  -1.8323059897   3.1545457768  -3.8541726813
  -1.8372260555   3.1630162905  -3.9467381268
      
      
#  type   0  conf  1.0000
  -1.8372260555   3.1630162905  -3.9467381268
  -1.8346688335   3.1586137103  -3.9599981186
      
      
#  type   0  conf  1.0000
  -1.8346688335   3.1586137103  -3.9599981186
  -1.8228330282   3.1382368793  -3.9889914339
      
      
#  type   0  conf  1.0000
  -1.8228330282   3.1382368793  -3.9889914339
  -0.9873448074   1.6998385695  -4.5944202009
      
      
# 334  norm    -0.8686315144   -0.4954586684    0.0000000000
# nedges  11 
#  type   0  conf  1.0000
   0.9124337783  -1.5996667031  -4.5795482053
   1.6585269218  -2.9077072288  -4.0382985396
      
      
#  type   0  conf  1.0000
   1.6585269218  -2.9077072288  -4.0382985396
   1.7142043846  -3.0053202124  -3.9596076465
      
      
#  type   0  conf  1.0000
   1.7142043846  -3.0053202124  -3.9596076465
   1.7243928873  -3.0231825592  -3.8542973935
      
      
#  type   0  conf  1.0000
   1.7243928873  -3.0231825592  -3.8542973935
   1.7224307492  -3.0197425648  -3.7797897850
      
      
#  type   0  conf  1.0000
   1.7224307492  -3.0197425648  -3.7797897850
  -0.0107360887   0.0188223672  -0.8317565785
      
      
#  type   0  conf  1.0000
  -0.0107360887   0.0188223672  -0.8317565785
  -0.0451554311   0.0791658982  -0.8550739938
      
      
#  type   0  conf  1.0000
  -0.0451554311   0.0791658982  -0.8550739938
  -1.8074002491   3.1687099562  -3.8537809159
      
      
#  type   0  conf  1.0000
  -1.8074002491   3.1687099562  -3.8537809159
  -1.8119861040   3.1767498157  -3.9460429526
      
      
#  type   0  conf  1.0000
  -1.8119861040   3.1767498157  -3.9460429526
  -1.8098229059   3.1729573257  -3.9600566195
      
      
#  type   0  conf  1.0000
  -1.8098229059   3.1729573257  -3.9600566195
  -1.7977942356   3.1518688218  -3.9893008956
      
      
#  type   0  conf  1.0000
  -1.7977942356   3.1518688218  -3.9893008956
  -0.9742923941   1.7081164015  -4.5940369595
      
      
# 335  norm    -0.8724960071   -0.4886212415    0.0000000000
# nedges  11 
#  type   0  conf  1.0000
   0.8987134324  -1.6047683045  -4.5800537903
   1.6304432254  -2.9113658661  -4.0421065493
      
      
#  type   0  conf  1.0000
   1.6304432254  -2.9113658661  -4.0421065493
   1.6901688284  -3.0180136040  -3.9613450170
      
      
#  type   0  conf  1.0000
   1.6901688284  -3.0180136040  -3.9613450170
   1.7019913687  -3.0391242687  -3.8290724933
      
      
#  type   0  conf  1.0000
   1.7019913687  -3.0391242687  -3.8290724933
   1.6964757273  -3.0292753824  -3.7755821634
      
      
#  type   0  conf  1.0000
   1.6964757273  -3.0292753824  -3.7755821634
  -0.0055335385   0.0098808440  -0.8407581343
      
      
#  type   4  conf  0.0000
#  type   0  conf  1.0000
  -0.0373672408   0.0667240095  -0.8413782857
  -1.7824733782   3.1828352375  -3.8538336112
      
      
#  type   0  conf  1.0000
  -1.7824733782   3.1828352375  -3.8538336112
  -1.7873305668   3.1915083718  -3.9466974375
      
      
#  type   0  conf  1.0000
  -1.7873305668   3.1915083718  -3.9466974375
  -1.7851121650   3.1875471303  -3.9597789395
      
      
#  type   0  conf  1.0000
  -1.7851121650   3.1875471303  -3.9597789395
  -1.7733620160   3.1665657296  -3.9889877631
      
      
#  type   0  conf  1.0000
  -1.7733620160   3.1665657296  -3.9889877631
  -0.9604839855   1.7150675637  -4.5941438069
      
      
# 336  norm    -0.8763066800   -0.4817536741    0.0000000000
# nedges  11 
#  type   0  conf  1.0000
   0.8839683567  -1.6079324717  -4.5814359109
   1.6084008398  -2.9256702665  -4.0410632564
      
      
#  type   0  conf  1.0000
   1.6084008398  -2.9256702665  -4.0410632564
   1.6657782993  -3.0300394780  -3.9600588066
      
      
#  type   0  conf  1.0000
   1.6657782993  -3.0300394780  -3.9600588066
   1.6754355808  -3.0476060077  -3.8543729813
      
      
#  type   0  conf  1.0000
   1.6754355808  -3.0476060077  -3.8543729813
   1.6753732091  -3.0474925540  -3.7816719386
      
      
#  type   0  conf  1.0000
   1.6753732091  -3.0474925540  -3.7816719386
  -0.0174603091   0.0317601844  -0.8188989091
      
      
#  type   0  conf  1.0000
  -0.0174603091   0.0317601844  -0.8188989091
  -0.2365456095   0.4302748664  -1.1897073570
      
      
#  type   0  conf  1.0000
  -0.2365456095   0.4302748664  -1.1897073570
  -1.7574893518   3.1968612631  -3.8536348194
      
      
#  type   0  conf  1.0000
  -1.7574893518   3.1968612631  -3.8536348194
  -1.7632275548   3.2072990155  -3.9340761830
      
      
#  type   0  conf  1.0000
  -1.7632275548   3.2072990155  -3.9340761830
  -1.7599127596   3.2012694254  -3.9599872335
      
      
#  type   0  conf  1.0000
  -1.7599127596   3.2012694254  -3.9599872335
  -1.7484115186   3.1803487458  -3.9888385226
      
      
#  type   0  conf  1.0000
  -1.7484115186   3.1803487458  -3.9888385226
  -0.9466243068   1.7219032218  -4.5942752782
      
      
# 337  norm    -0.8800632983   -0.4748563899    0.0000000000
# nedges  11 
#  type   0  conf  1.0000
   0.8714019307  -1.6149911291  -4.5810866349
   1.5835256589  -2.9347879571  -4.0422726993
      
      
#  type   0  conf  1.0000
   1.5835256589  -2.9347879571  -4.0422726993
   1.6410158948  -3.0413360581  -3.9613484877
      
      
#  type   0  conf  1.0000
   1.6410158948  -3.0413360581  -3.9613484877
   1.6507688341  -3.0594114260  -3.8543935019
      
      
#  type   0  conf  1.0000
   1.6507688341  -3.0594114260  -3.8543935019
   1.6514300267  -3.0606368308  -3.7828475247
      
      
#  type   0  conf  1.0000
   1.6514300267  -3.0606368308  -3.7828475247
  -0.0167981836   0.0311324965  -0.8182878558
      
      
#  type   0  conf  1.0000
  -0.0167981836   0.0311324965  -0.8182878558
  -0.2222960277   0.4119868227  -1.1690720052
      
      
#  type   0  conf  1.0000
  -0.2222960277   0.4119868227  -1.1690720052
  -1.7320120000   3.2099814301  -3.8534340111
      
      
#  type   0  conf  1.0000
  -1.7320120000   3.2099814301  -3.8534340111
  -1.7377133279   3.2205478445  -3.9339839042
      
      
#  type   0  conf  1.0000
  -1.7377133279   3.2205478445  -3.9339839042
  -1.7346037495   3.2147847846  -3.9598586698
      
      
#  type   0  conf  1.0000
  -1.7346037495   3.2147847846  -3.9598586698
  -1.7230181177   3.1933128416  -3.9889961590
      
      
#  type   0  conf  1.0000
  -1.7230181177   3.1933128416  -3.9889961590
  -0.9329733804   1.7291030466  -4.5941271263
      
      
# 338  norm    -0.8837656301   -0.4679298143    0.0000000000
# nedges  11 
#  type   0  conf  1.0000
   0.8588363103  -1.6220595264  -4.5807129578
   1.5584303861  -2.9433628081  -4.0433580714
      
      
#  type   0  conf  1.0000
   1.5584303861  -2.9433628081  -4.0433580714
   1.6129939421  -3.0464154326  -3.9662035210
      
      
#  type   0  conf  1.0000
   1.6129939421  -3.0464154326  -3.9662035210
   1.6246569118  -3.0684429493  -3.8672623780
      
      
#  type   0  conf  1.0000
   1.6246569118  -3.0684429493  -3.8672623780
   1.6281044882  -3.0749542881  -3.7852150838
      
      
#  type   0  conf  1.0000
   1.6281044882  -3.0749542881  -3.7852150838
  -0.0163208474   0.0308247168  -0.8177459135
      
      
#  type   0  conf  1.0000
  -0.0163208474   0.0308247168  -0.8177459135
  -0.2124613172   0.4012696011  -1.1556376633
      
      
#  type   0  conf  1.0000
  -0.2124613172   0.4012696011  -1.1556376633
  -1.7067636846   3.2235156580  -3.8539040412
      
      
#  type   0  conf  1.0000
  -1.7067636846   3.2235156580  -3.8539040412
  -1.7119501191   3.2333111283  -3.9338580355
      
      
#  type   0  conf  1.0000
  -1.7119501191   3.2333111283  -3.9338580355
  -1.7089333662   3.2276134736  -3.9599900754
      
      
#  type   0  conf  1.0000
  -1.7089333662   3.2276134736  -3.9599900754
  -1.6974900168   3.2060007474  -3.9890888291
      
      
#  type   0  conf  1.0000
  -1.6974900168   3.2060007474  -3.9890888291
  -0.9194009220   1.7364461728  -4.5939577330
      
      
# 339  norm    -0.8874134471   -0.4609743745    0.0000000000
# nedges  11 
#  type   0  conf  1.0000
   0.8459487952  -1.6285207549  -4.5804431532
   1.5336338665  -2.9523708718  -4.0442298732
      
      
#  type   0  conf  1.0000
   1.5336338665  -2.9523708718  -4.0442298732
   1.5846756260  -3.0506304416  -3.9707044698
      
      
#  type   2  conf  0.0000
#  type   0  conf  1.0000
   1.5937039616  -3.0680107275  -3.9194142365
   1.6031637613  -3.0862216171  -3.8288114493
      
      
#  type   0  conf  1.0000
   1.6031637613  -3.0862216171  -3.8288114493
   1.5982951454  -3.0768491326  -3.7755881296
      
      
#  type   0  conf  1.0000
   1.5982951454  -3.0768491326  -3.7755881296
  -0.0038882997   0.0074852956  -0.8394192179
      
      
#  type   4  conf  0.0000
#  type   0  conf  1.0000
  -0.0386526079   0.0744094377  -0.8407937240
  -1.6810573026   3.2361730674  -3.8537457405
      
      
#  type   0  conf  1.0000
  -1.6810573026   3.2361730674  -3.8537457405
  -1.6858139816   3.2453300642  -3.9338238280
      
      
#  type   0  conf  1.0000
  -1.6858139816   3.2453300642  -3.9338238280
  -1.6814709158   3.2369693066  -3.9814578660
      
      
#  type   0  conf  1.0000
  -1.6814709158   3.2369693066  -3.9814578660
  -0.9047860340   1.7417872612  -4.5945455701
      
      
# 340  norm    -0.8910065242   -0.4539904997   -0.0000000000
# nedges  10 
#  type   0  conf  1.0000
   0.8329017621  -1.6346617483  -4.5802684084
   1.5106379100  -2.9647938322  -4.0435075871
      
      
#  type   0  conf  1.0000
   1.5106379100  -2.9647938322  -4.0435075871
   1.5615558571  -3.0647259300  -3.9675714302
      
      
#  type   0  conf  1.0000
   1.5615558571  -3.0647259300  -3.9675714302
   1.5775772314  -3.0961696475  -3.8414730410
      
      
#  type   0  conf  1.0000
   1.5775772314  -3.0961696475  -3.8414730410
   1.5731658141  -3.0875117536  -3.7759057669
      
      
#  type   0  conf  1.0000
   1.5731658141  -3.0875117536  -3.7759057669
  -0.0154060446   0.0302360649  -0.8162483550
      
      
#  type   0  conf  1.0000
  -0.0154060446   0.0302360649  -0.8162483550
  -0.2014608871   0.3953892534  -1.1434332119
      
      
#  type   0  conf  1.0000
  -0.2014608871   0.3953892534  -1.1434332119
  -1.6556640430   3.2494236443  -3.8548447396
      
      
#  type   0  conf  1.0000
  -1.6556640430   3.2494236443  -3.8548447396
  -1.6600900245   3.2581101222  -3.9342739770
      
      
#  type   0  conf  1.0000
  -1.6600900245   3.2581101222  -3.9342739770
  -1.6547674401   3.2476639621  -3.9820205858
      
      
#  type   0  conf  1.0000
  -1.6547674401   3.2476639621  -3.9820205858
  -0.8906763950   1.7480508498  -4.5946205557
      
      
# 341  norm    -0.8945446398   -0.4469786207    0.0000000000
# nedges  10 
#  type   0  conf  1.0000
   0.8196309210  -1.6403389628  -4.5802190215
   1.4848511944  -2.9716537111  -4.0449187925
      
      
#  type   0  conf  1.0000
   1.4848511944  -2.9716537111  -4.0449187925
   1.5356546058  -3.0733272974  -3.9686022758
      
      
#  type   0  conf  1.0000
   1.5356546058  -3.0733272974  -3.9686022758
   1.5505875412  -3.1032127923  -3.8545469740
      
      
#  type   0  conf  1.0000
   1.5505875412  -3.1032127923  -3.8545469740
   1.5523540428  -3.1067481169  -3.7848608634
      
      
#  type   0  conf  1.0000
   1.5523540428  -3.1067481169  -3.7848608634
  -0.0147679170   0.0295552414  -0.8150175802
      
      
#  type   0  conf  1.0000
  -0.0147679170   0.0295552414  -0.8150175802
  -0.1854812255   0.3712062018  -1.1174913265
      
      
#  type   0  conf  1.0000
  -0.1854812255   0.3712062018  -1.1174913265
  -1.6288894270   3.2599194647  -3.8535792999
      
      
#  type   0  conf  1.0000
  -1.6288894270   3.2599194647  -3.8535792999
  -1.6337868065   3.2697206596  -3.9341175657
      
      
#  type   0  conf  1.0000
  -1.6337868065   3.2697206596  -3.9341175657
  -1.6290146741   3.2601701234  -3.9817046407
      
      
#  type   0  conf  1.0000
  -1.6290146741   3.2601701234  -3.9817046407
  -0.8765617318   1.7542754001  -4.5946405023
      
      
# 342  norm    -0.8980275758   -0.4399391699    0.0000000000
# nedges  11 
#  type   0  conf  1.0000
   0.8013494459  -1.6357577354  -4.5842857763
   1.4604601249  -2.9811700239  -4.0452459758
      
      
#  type   0  conf  1.0000
   1.4604601249  -2.9811700239  -4.0452459758
   1.5140840568  -3.0906300876  -3.9619752187
      
      
#  type   0  conf  1.0000
   1.5140840568  -3.0906300876  -3.9619752187
   1.5257469005  -3.1144369134  -3.8410628437
      
      
#  type   0  conf  1.0000
   1.5257469005  -3.1144369134  -3.8410628437
   1.5270051756  -3.1170053725  -3.7845588713
      
      
#  type   0  conf  1.0000
   1.5270051756  -3.1170053725  -3.7845588713
   0.1426335590  -0.2911513182  -1.1164556767
      
      
#  type   0  conf  1.0000
   0.1426335590  -0.2911513182  -1.1164556767
  -0.0255890855   0.0522338223  -0.8141888201
      
      
#  type   0  conf  1.0000
  -0.0255890855   0.0522338223  -0.8141888201
  -1.6027511397   3.2716221222  -3.8527667392
      
      
#  type   0  conf  1.0000
  -1.6027511397   3.2716221222  -3.8527667392
  -1.6071421398   3.2805852686  -3.9079208433
      
      
#  type   0  conf  1.0000
  -1.6071421398   3.2805852686  -3.9079208433
  -1.6065886025   3.2794553584  -3.9469345950
      
      
#  type   0  conf  1.0000
  -1.6065886025   3.2794553584  -3.9469345950
  -1.5983463865   3.2626309022  -3.9846824092
      
      
#  type   0  conf  1.0000
  -1.5983463865   3.2626309022  -3.9846824092
  -0.8621511968   1.7598695508  -4.5953139796
      
      
# 343  norm    -0.9014551171   -0.4328725815    0.0000000000
# nedges  11 
#  type   0  conf  1.0000
   0.7885268050  -1.6421033664  -4.5838614511
   1.4354907808  -2.9894028062  -4.0460249588
      
      
#  type   0  conf  1.0000
   1.4354907808  -2.9894028062  -4.0460249588
   1.4834999574  -3.0893816908  -3.9703633848
      
      
#  type   0  conf  1.0000
   1.4834999574  -3.0893816908  -3.9703633848
   1.5028008376  -3.1295756832  -3.8291154752
      
      
#  type   0  conf  1.0000
   1.5028008376  -3.1295756832  -3.8291154752
   1.4972648779  -3.1180470732  -3.7754895000
      
      
#  type   0  conf  1.0000
   1.4972648779  -3.1180470732  -3.7754895000
  -0.0107691918   0.0224267913  -0.8198931048
      
      
#  type   0  conf  1.0000
  -0.0107691918   0.0224267913  -0.8198931048
  -0.0861752020   0.1794594533  -0.9316183516
      
      
#  type   0  conf  1.0000
  -0.0861752020   0.1794594533  -0.9316183516
  -1.5763282861   3.2826962492  -3.8529505242
      
      
#  type   0  conf  1.0000
  -1.5763282861   3.2826962492  -3.8529505242
  -1.5805344306   3.2914555254  -3.9079704952
      
      
#  type   0  conf  1.0000
  -1.5805344306   3.2914555254  -3.9079704952
  -1.5803117027   3.2909916956  -3.9470318012
      
      
#  type   0  conf  1.0000
  -1.5803117027   3.2909916956  -3.9470318012
  -1.5728318644   3.2754149674  -3.9840080542
      
      
#  type   0  conf  1.0000
  -1.5728318644   3.2754149674  -3.9840080542
  -0.8479799074   1.7659141728  -4.5952757170
      
      
# 344  norm    -0.9048270525   -0.4257792916    0.0000000000
# nedges  14 
#  type   0  conf  1.0000
   0.7756741206  -1.6483914134  -4.5834837291
   1.4101141659  -2.9966451390  -4.0468276353
      
      
#  type   0  conf  1.0000
   1.4101141659  -2.9966451390  -4.0468276353
   1.4576383464  -3.0976391634  -3.9706339393
      
      
#  type   0  conf  1.0000
   1.4576383464  -3.0976391634  -3.9706339393
   1.4702552277  -3.1244514010  -3.8802296599
      
      
#  type   0  conf  1.0000
   1.4702552277  -3.1244514010  -3.8802296599
   1.4755643833  -3.1357339309  -3.7858396257
      
      
#  type   0  conf  1.0000
   1.4755643833  -3.1357339309  -3.7858396257
   0.1208165112  -0.2567481553  -1.0772539707
      
      
#  type   0  conf  1.0000
   0.1208165112  -0.2567481553  -1.0772539707
   0.0930611493  -0.1977650089  -1.0234979357
      
      
#  type   0  conf  1.0000
   0.0930611493  -0.1977650089  -1.0234979357
  -0.0116135602   0.0246800716  -0.8351501207
      
      
#  type   0  conf  1.0000
  -0.0116135602   0.0246800716  -0.8351501207
  -0.0309157498   0.0656993125  -0.8420262169
      
      
#  type   0  conf  1.0000
  -0.0309157498   0.0656993125  -0.8420262169
  -0.1321976969   0.2809344062  -1.0229946645
      
      
#  type   0  conf  1.0000
  -0.1321976969   0.2809344062  -1.0229946645
  -0.2381594304   0.5061145520  -1.2327681104
      
      
#  type   0  conf  1.0000
  -0.2381594304   0.5061145520  -1.2327681104
  -1.5491150125   3.2920369743  -3.8546752938
      
      
#  type   0  conf  1.0000
  -1.5491150125   3.2920369743  -3.8546752938
  -1.5532053087   3.3007292962  -3.9469012502
      
      
#  type   0  conf  1.0000
  -1.5532053087   3.3007292962  -3.9469012502
  -1.5487626455   3.2912881561  -3.9827269570
      
      
#  type   0  conf  1.0000
  -1.5487626455   3.2912881561  -3.9827269570
  -0.8334952680   1.7712676063  -4.5949996336
      
      
# 345  norm    -0.9081431738   -0.4186597375    0.0000000000
# nedges  14 
#  type   0  conf  1.0000
   0.7625352759  -1.6540668795  -4.5805175331
   1.1380536634  -2.4686292309  -4.2632833405
      
      
#  type   0  conf  1.0000
   1.1380536634  -2.4686292309  -4.2632833405
   1.3905047805  -3.0162380363  -4.0387662158
      
      
#  type   0  conf  1.0000
   1.3905047805  -3.0162380363  -4.0387662158
   1.4327397135  -3.1078526881  -3.9690253962
      
      
#  type   0  conf  1.0000
   1.4327397135  -3.1078526881  -3.9690253962
   1.4511155087  -3.1477128692  -3.8287462840
      
      
#  type   0  conf  1.0000
   1.4511155087  -3.1477128692  -3.8287462840
   1.4457894540  -3.1361597634  -3.7754419788
      
      
#  type   0  conf  1.0000
   1.4457894540  -3.1361597634  -3.7754419788
   0.0516431713  -0.1120226983  -0.9428873463
      
      
#  type   0  conf  1.0000
   0.0516431713  -0.1120226983  -0.9428873463
  -0.0164074240   0.0355904539  -0.8364093374
      
      
#  type   0  conf  1.0000
  -0.0164074240   0.0355904539  -0.8364093374
  -0.0307067630   0.0666081180  -0.8418705799
      
      
#  type   0  conf  1.0000
  -0.0307067630   0.0666081180  -0.8418705799
  -0.1324684461   0.2873462725  -1.0263773692
      
      
#  type   3  conf  0.0000
#  type   0  conf  1.0000
  -0.1410023819   0.3058578104  -1.0414609836
  -1.5221809811   3.3018657954  -3.8545114336
      
      
#  type   0  conf  1.0000
  -1.5221809811   3.3018657954  -3.8545114336
  -1.5265580041   3.3113602923  -3.9468786731
      
      
#  type   0  conf  1.0000
  -1.5265580041   3.3113602923  -3.9468786731
  -1.5216435785   3.3007000790  -3.9830980462
      
      
#  type   0  conf  1.0000
  -1.5216435785   3.3007000790  -3.9830980462
  -0.8191005190   1.7767663768  -4.5951261822
      
      
# 346  norm    -0.9114032766   -0.4115143586    0.0000000000
# nedges  15 
#  type   0  conf  1.0000
   0.7495724611  -1.6601189796  -4.5797383339
   1.1174508712  -2.4748793432  -4.2641539178
      
      
#  type   0  conf  1.0000
   1.1174508712  -2.4748793432  -4.2641539178
   1.3644717384  -3.0219699197  -4.0396698057
      
      
#  type   0  conf  1.0000
   1.3644717384  -3.0219699197  -4.0396698057
   1.4059064186  -3.1137375641  -3.9710471179
      
      
#  type   0  conf  1.0000
   1.4059064186  -3.1137375641  -3.9710471179
   1.4212734963  -3.1477718685  -3.8559314191
      
      
#  type   0  conf  1.0000
   1.4212734963  -3.1477718685  -3.8559314191
   1.4206325086  -3.1463522383  -3.7786757321
      
      
#  type   0  conf  1.0000
   1.4206325086  -3.1463522383  -3.7786757321
   0.0995394972  -0.2204555490  -1.0394648538
      
      
#  type   0  conf  1.0000
   0.0995394972  -0.2204555490  -1.0394648538
   0.0959853442  -0.2125839728  -1.0329488446
      
      
#  type   0  conf  1.0000
   0.0959853442  -0.2125839728  -1.0329488446
  -0.0104061204   0.0230470020  -0.8367107360
      
      
#  type   0  conf  1.0000
  -0.0104061204   0.0230470020  -0.8367107360
  -0.0294431916   0.0652094410  -0.8399809336
      
      
#  type   0  conf  1.0000
  -0.0294431916   0.0652094410  -0.8399809336
  -0.1326603397   0.2938100841  -1.0294584956
      
      
#  type   4  conf  0.0000
#  type   0  conf  1.0000
  -0.1375339222   0.3046038727  -1.0376677542
  -1.4950924943   3.3112628265  -3.8539831505
      
      
#  type   0  conf  1.0000
  -1.4950924943   3.3112628265  -3.8539831505
  -1.4995617960   3.3211612324  -3.9451396026
      
      
#  type   0  conf  1.0000
  -1.4995617960   3.3211612324  -3.9451396026
  -1.4950748275   3.3112236987  -3.9829783669
      
      
#  type   0  conf  1.0000
  -1.4950748275   3.3112236987  -3.9829783669
  -0.8046737397   1.7821547843  -4.5950309516
      
      
# 347  norm    -0.9146071598   -0.4043435955    0.0000000000
# nedges  16 
#  type   0  conf  1.0000
   0.7365507051  -1.6660448092  -4.5788272325
   1.0988664493  -2.4855868457  -4.2629413285
      
      
#  type   0  conf  1.0000
   1.0988664493  -2.4855868457  -4.2629413285
   1.3388777162  -3.0284816153  -4.0402844633
      
      
#  type   0  conf  1.0000
   1.3388777162  -3.0284816153  -4.0402844633
   1.3797840151  -3.1210098370  -3.9711418110
      
      
#  type   0  conf  1.0000
   1.3797840151  -3.1210098370  -3.9711418110
   1.3934105481  -3.1518324463  -3.8673270532
      
      
#  type   2  conf  0.0000
#  type   0  conf  1.0000
   1.3978045177  -3.1617714094  -3.7859682292
   0.1196605635  -0.2706668521  -1.0842643159
      
      
#  type   0  conf  1.0000
   0.1196605635  -0.2706668521  -1.0842643159
   0.0938038824  -0.2121801938  -1.0310304297
      
      
#  type   0  conf  1.0000
   0.0938038824  -0.2121801938  -1.0310304297
  -0.0095181643   0.0215296627  -0.8379551477
      
      
#  type   4  conf  0.0000
#  type   0  conf  1.0000
  -0.0290152276   0.0656311495  -0.8397222192
  -0.1308754812   0.2960344952  -1.0287926919
      
      
#  type   4  conf  0.0000
#  type   0  conf  1.0000
  -0.1361117017   0.3078785921  -1.0374413731
  -1.4688904442   3.3225646013  -3.8567671343
      
      
#  type   0  conf  1.0000
  -1.4688904442   3.3225646013  -3.8567671343
  -1.4729548644   3.3317581383  -3.9747460985
      
      
#  type   0  conf  1.0000
  -1.4729548644   3.3317581383  -3.9747460985
  -1.2104894992   2.7380732008  -4.2178317127
      
      
#  type   0  conf  1.0000
  -1.2104894992   2.7380732008  -4.2178317127
  -1.1284607187   2.5525277618  -4.2917248615
      
      
#  type   0  conf  1.0000
  -1.1284607187   2.5525277618  -4.2917248615
  -0.7897844548   1.7864571741  -4.5931535393
      
      
# 348  norm    -0.9177546257   -0.3971478906   -0.0000000000
# nedges  17 
#  type   0  conf  1.0000
   0.7229070563  -1.6705396416  -4.5783726384
   1.0775080437  -2.4899741750  -4.2643810993
      
      
#  type   0  conf  1.0000
   1.0775080437  -2.4899741750  -4.2643810993
   1.3144765682  -3.0375761254  -4.0393284722
      
      
#  type   0  conf  1.0000
   1.3144765682  -3.0375761254  -4.0393284722
   1.3605372156  -3.1440160012  -3.9564524072
      
      
#  type   3  conf  0.0000
#  type   3  conf  0.0000
#  type   0  conf  1.0000
   1.3730381510  -3.1729039586  -3.8288156686
   1.3673537638  -3.1597681149  -3.7763063665
      
      
#  type   0  conf  1.0000
   1.3673537638  -3.1597681149  -3.7763063665
   0.1128068835  -0.2606813269  -1.0732722651
      
      
#  type   0  conf  1.0000
   0.1128068835  -0.2606813269  -1.0732722651
   0.0894393455  -0.2066821328  -1.0248827979
      
      
#  type   0  conf  1.0000
   0.0894393455  -0.2066821328  -1.0248827979
  -0.0111696575   0.0258115554  -0.8351235176
      
      
#  type   0  conf  1.0000
  -0.0111696575   0.0258115554  -0.8351235176
  -0.0295931999   0.0683858500  -0.8415184253
      
      
#  type   0  conf  1.0000
  -0.0295931999   0.0683858500  -0.8415184253
  -0.1285235887   0.2970004899  -1.0272760157
      
      
#  type   4  conf  0.0000
#  type   0  conf  1.0000
  -0.1337377589   0.3090497262  -1.0358333118
  -1.4406736139   3.3292002916  -3.8548500776
      
      
#  type   0  conf  1.0000
  -1.4406736139   3.3292002916  -3.8548500776
  -1.4454809868   3.3403094747  -3.9743228504
      
      
#  type   0  conf  1.0000
  -1.4454809868   3.3403094747  -3.9743228504
  -1.2367628487   2.8579903155  -4.1720508040
      
      
#  type   0  conf  1.0000
  -1.2367628487   2.8579903155  -4.1720508040
  -1.1330223020   2.6182600568  -4.2688902754
      
      
#  type   0  conf  1.0000
  -1.1330223020   2.6182600568  -4.2688902754
  -0.7751001110   1.7911506746  -4.5930782851
      
      
# 349  norm    -0.9208454801   -0.3899276878    0.0000000000
# nedges  16 
#  type   0  conf  1.0000
   0.7090495997  -1.6744774469  -4.5782164656
   1.0551459051  -2.4918116052  -4.2664701952
      
      
#  type   0  conf  1.0000
   1.0551459051  -2.4918116052  -4.2664701952
   1.2879954706  -3.0417045127  -4.0407535126
      
      
#  type   0  conf  1.0000
   1.2879954706  -3.0417045127  -4.0407535126
   1.3335885075  -3.1493761228  -3.9580980001
      
      
#  type   3  conf  0.0000
#  type   3  conf  0.0000
#  type   0  conf  1.0000
   1.3472244706  -3.1815785422  -3.8289985474
   1.3411743258  -3.1672906405  -3.7765654017
      
      
#  type   0  conf  1.0000
   1.3411743258  -3.1672906405  -3.7765654017
   0.1069659178  -0.2526085862  -1.0638303990
      
      
#  type   0  conf  1.0000
   0.1069659178  -0.2526085862  -1.0638303990
   0.0852319136  -0.2012819937  -1.0187242176
      
      
#  type   0  conf  1.0000
   0.0852319136  -0.2012819937  -1.0187242176
  -0.0110698599   0.0261423613  -0.8353182297
      
      
#  type   0  conf  1.0000
  -0.0110698599   0.0261423613  -0.8353182297
  -0.0291998281   0.0689577338  -0.8415161374
      
      
#  type   0  conf  1.0000
  -0.0291998281   0.0689577338  -0.8415161374
  -0.1268454024   0.2995555821  -1.0264158923
      
      
#  type   0  conf  1.0000
  -0.1268454024   0.2995555821  -1.0264158923
  -0.2274551531   0.5371535704  -1.2457886764
      
      
#  type   0  conf  1.0000
  -0.2274551531   0.5371535704  -1.2457886764
  -1.4135312210   3.3381672464  -3.8548287384
      
      
#  type   0  conf  1.0000
  -1.4135312210   3.3381672464  -3.8548287384
  -1.4178746313   3.3484245580  -3.9474672398
      
      
#  type   0  conf  1.0000
  -1.4178746313   3.3484245580  -3.9474672398
  -1.4093360503   3.3282600147  -3.9877348914
      
      
#  type   0  conf  1.0000
  -1.4093360503   3.3282600147  -3.9877348914
  -0.7605988815   1.7962152064  -4.5952644191
      
      
# 350  norm    -0.9238795325   -0.3826834324    0.0000000000
# nedges  18 
#  type   0  conf  1.0000
   0.6919596419  -1.6705383521  -4.5809594951
   1.0366591489  -2.5027165768  -4.2650551160
      
      
#  type   0  conf  1.0000
   1.0366591489  -2.5027165768  -4.2650551160
   1.2606243321  -3.0434163596  -4.0425829012
      
      
#  type   0  conf  1.0000
   1.2606243321  -3.0434163596  -4.0425829012
   1.3051988070  -3.1510286614  -3.9632941177
      
      
#  type   3  conf  0.0000
#  type   3  conf  0.0000
#  type   0  conf  1.0000
   1.3184800658  -3.1830924567  -3.8431875694
   1.3162079095  -3.1776069861  -3.7798587718
      
      
#  type   0  conf  1.0000
   1.3162079095  -3.1776069861  -3.7798587718
   0.1061720122  -0.2563219117  -1.0652915408
      
      
#  type   0  conf  1.0000
   0.1061720122  -0.2563219117  -1.0652915408
   0.0877811829  -0.2119225222  -1.0262632380
      
      
#  type   0  conf  1.0000
   0.0877811829  -0.2119225222  -1.0262632380
  -0.0101254650   0.0244450350  -0.8364448248
      
      
#  type   0  conf  1.0000
  -0.0101254650   0.0244450350  -0.8364448248
  -0.0279539098   0.0674867081  -0.8401909835
      
      
#  type   0  conf  1.0000
  -0.0279539098   0.0674867081  -0.8401909835
  -0.1232393686   0.2975261550  -1.0224117725
      
      
#  type   0  conf  1.0000
  -0.1232393686   0.2975261550  -1.0224117725
  -0.1310169783   0.3163029660  -1.0374651824
      
      
#  type   0  conf  1.0000
  -0.1310169783   0.3163029660  -1.0374651824
  -1.3856572909   3.3452726245  -3.8539918064
      
      
#  type   0  conf  1.0000
  -1.3856572909   3.3452726245  -3.8539918064
  -1.3898870989   3.3554842844  -3.9451856481
      
      
#  type   0  conf  1.0000
  -1.3898870989   3.3554842844  -3.9451856481
  -1.3856208465   3.3451846400  -3.9801150048
      
      
#  type   0  conf  1.0000
  -1.3856208465   3.3451846400  -3.9801150048
  -1.0924056422   2.6373005169  -4.2680555432
      
      
#  type   3  conf  0.0000
#  type   0  conf  1.0000
  -1.0788244916   2.6045127189  -4.2802557309
  -0.7456358990   1.8001243001  -4.5927196429
      
      
# 351  norm    -0.9268565956   -0.3754155712    0.0000000000
# nedges  17 
#  type   0  conf  1.0000
   0.6808581002  -1.6809580348  -4.5783484929
   1.0190710086  -2.5159656610  -4.2628414498
      
      
#  type   0  conf  1.0000
   1.0190710086  -2.5159656610  -4.2628414498
   1.2379297316  -3.0563019348  -4.0391829543
      
      
#  type   0  conf  1.0000
   1.2379297316  -3.0563019348  -4.0391829543
   1.2794857104  -3.1588987260  -3.9611047566
      
      
#  type   3  conf  0.0000
#  type   3  conf  0.0000
#  type   0  conf  1.0000
   1.2942644299  -3.1953856347  -3.8289704564
   1.2880952904  -3.1801547598  -3.7759580077
      
      
#  type   0  conf  1.0000
   1.2880952904  -3.1801547598  -3.7759580077
   0.1210257031  -0.2987981314  -1.1029712357
      
      
#  type   0  conf  1.0000
   0.1210257031  -0.2987981314  -1.1029712357
   0.0917580002  -0.2265396383  -1.0363685557
      
      
#  type   0  conf  1.0000
   0.0917580002  -0.2265396383  -1.0363685557
  -0.0107413756   0.0265191845  -0.8354252981
      
      
#  type   0  conf  1.0000
  -0.0107413756   0.0265191845  -0.8354252981
  -0.0284305509   0.0701916639  -0.8414990445
      
      
#  type   0  conf  1.0000
  -0.0284305509   0.0701916639  -0.8414990445
  -0.1263333728   0.3119021394  -1.0320632431
      
      
#  type   0  conf  1.0000
  -0.1263333728   0.3119021394  -1.0320632431
  -0.3383809633   0.8354225336  -1.5166645186
      
      
#  type   0  conf  1.0000
  -0.3383809633   0.8354225336  -1.5166645186
  -1.3588099236   3.3547408164  -3.8562615598
      
      
#  type   0  conf  1.0000
  -1.3588099236   3.3547408164  -3.8562615598
  -1.3625350811   3.3639377892  -3.9744124912
      
      
#  type   0  conf  1.0000
  -1.3625350811   3.3639377892  -3.9744124912
  -1.0721819931   2.6470903932  -4.2676426090
      
      
#  type   3  conf  0.0000
#  type   3  conf  0.0000
# 352  norm    -0.9297764859   -0.3681245527    0.0000000000
# nedges  17 
#  type   0  conf  1.0000
   0.6657500887  -1.6814927814  -4.5792041450
   0.9996517165  -2.5248320257  -4.2618847789
      
      
#  type   0  conf  1.0000
   0.9996517165  -2.5248320257  -4.2618847789
   1.2125416380  -3.0625305891  -4.0390037301
      
      
#  type   0  conf  1.0000
   1.2125416380  -3.0625305891  -4.0390037301
   1.2503931511  -3.1581325980  -3.9650583430
      
      
#  type   3  conf  0.0000
#  type   3  conf  0.0000
#  type   0  conf  1.0000
   1.2659504969  -3.1974259682  -3.8412177849
   1.2614902539  -3.1861606803  -3.7762410554
      
      
#  type   0  conf  1.0000
   1.2614902539  -3.1861606803  -3.7762410554
   0.1246094835  -0.3147276292  -1.1158176105
      
      
#  type   0  conf  1.0000
   0.1246094835  -0.3147276292  -1.1158176105
   0.0899637335  -0.2272224533  -1.0355639383
      
      
#  type   0  conf  1.0000
   0.0899637335  -0.2272224533  -1.0355639383
  -0.0104838947   0.0264792954  -0.8355337417
      
      
#  type   0  conf  1.0000
  -0.0104838947   0.0264792954  -0.8355337417
  -0.0277950773   0.0702023517  -0.8411221460
      
      
#  type   0  conf  1.0000
  -0.0277950773   0.0702023517  -0.8411221460
  -0.1238502197   0.3128099475  -1.0307294520
      
      
#  type   0  conf  1.0000
  -0.1238502197   0.3128099475  -1.0307294520
  -0.4147895619   1.0476388452  -1.7101046638
      
      
#  type   0  conf  1.0000
  -0.4147895619   1.0476388452  -1.7101046638
  -1.3303824644   3.3601625419  -3.8547138313
      
      
#  type   0  conf  1.0000
  -1.3303824644   3.3601625419  -3.8547138313
  -1.3349783111   3.3717703254  -3.9738918295
      
      
#  type   0  conf  1.0000
  -1.3349783111   3.3717703254  -3.9738918295
  -1.1227084820   2.8356379367  -4.1934247006
      
      
#  type   0  conf  1.0000
  -1.1227084820   2.8356379367  -4.1934247006
  -1.0463513854   2.6427819253  -4.2709183989
      
      
#  type   0  conf  1.0000
  -1.0463513854   2.6427819253  -4.2709183989
  -0.7159121125   1.8081875912  -4.5927664826
      
      
# 353  norm    -0.9326390231   -0.3608108265    0.0000000000
# nedges  17 
#  type   0  conf  1.0000
   0.6524236658  -1.6864121741  -4.5782414356
   0.9770660862  -2.5255615778  -4.2641938720
      
      
#  type   0  conf  1.0000
   0.9770660862  -2.5255615778  -4.2641938720
   1.1867535927  -3.0675706772  -4.0391847183
      
      
#  type   0  conf  1.0000
   1.1867535927  -3.0675706772  -4.0391847183
   1.2256355852  -3.1680744896  -3.9612403149
      
      
#  type   3  conf  0.0000
#  type   3  conf  0.0000
#  type   0  conf  1.0000
   1.2415201761  -3.2091336492  -3.8292454846
   1.2352856952  -3.1930185002  -3.7769004298
      
      
#  type   0  conf  1.0000
   1.2352856952  -3.1930185002  -3.7769004298
   0.1116416385  -0.2885760099  -1.0898691628
      
      
#  type   0  conf  1.0000
   0.1116416385  -0.2885760099  -1.0898691628
   0.0881821345  -0.2279368958  -1.0346279080
      
      
#  type   0  conf  1.0000
   0.0881821345  -0.2279368958  -1.0346279080
  -0.0104001219   0.0268826731  -0.8355561204
      
      
#  type   0  conf  1.0000
  -0.0104001219   0.0268826731  -0.8355561204
  -0.0274822464   0.0710372681  -0.8412196827
      
      
#  type   0  conf  1.0000
  -0.0274822464   0.0710372681  -0.8412196827
  -0.1200325571   0.3102652100  -1.0263100598
      
      
#  type   0  conf  1.0000
  -0.1200325571   0.3102652100  -1.0263100598
  -0.1264355888   0.3268160360  -1.0391329210
      
      
#  type   0  conf  1.0000
  -0.1264355888   0.3268160360  -1.0391329210
  -1.3027101476   3.3673000651  -3.8550178915
      
      
#  type   0  conf  1.0000
  -1.3027101476   3.3673000651  -3.8550178915
  -1.3078110190   3.3804850122  -3.9725989864
      
      
#  type   0  conf  1.0000
  -1.3078110190   3.3804850122  -3.9725989864
  -1.0536872225   2.7236151184  -4.2422032085
      
      
#  type   0  conf  1.0000
  -1.0536872225   2.7236151184  -4.2422032085
  -1.0162147853   2.6267547843  -4.2797004444
      
      
#  type   0  conf  1.0000
  -1.0162147853   2.6267547843  -4.2797004444
  -0.7011055284   1.8122471032  -4.5925139463
      
      
# 354  norm    -0.9354440308   -0.3534748438    0.0000000000
# nedges  18 
#  type   0  conf  1.0000
   0.6387313100  -1.6903533639  -4.5778479905
   0.9567137559  -2.5318694892  -4.2639656706
      
      
#  type   0  conf  1.0000
   0.9567137559  -2.5318694892  -4.2639656706
   1.1610722337  -3.0726885082  -4.0391749354
      
      
#  type   0  conf  1.0000
   1.1610722337  -3.0726885082  -4.0391749354
   1.2004579781  -3.1769198562  -3.9578253949
      
      
#  type   3  conf  0.0000
#  type   3  conf  0.0000
#  type   0  conf  1.0000
   1.2143243537  -3.2136161545  -3.8296304776
   1.2105630762  -3.2036622224  -3.7820905841
      
      
#  type   0  conf  1.0000
   1.2105630762  -3.2036622224  -3.7820905841
   0.1137512620  -0.3010339800  -1.0994428077
      
      
#  type   0  conf  1.0000
   0.1137512620  -0.3010339800  -1.0994428077
   0.0863873116  -0.2286173865  -1.0339453304
      
      
#  type   0  conf  1.0000
   0.0863873116  -0.2286173865  -1.0339453304
  -0.0100685533   0.0266456533  -0.8358209401
      
      
#  type   0  conf  1.0000
  -0.0100685533   0.0266456533  -0.8358209401
  -0.0267863823   0.0708881037  -0.8405983398
      
      
#  type   0  conf  1.0000
  -0.0267863823   0.0708881037  -0.8405983398
  -0.1183383555   0.3131733707  -1.0266975889
      
      
#  type   0  conf  1.0000
  -0.1183383555   0.3131733707  -1.0266975889
  -0.1236033112   0.3271066716  -1.0375880129
      
      
#  type   0  conf  1.0000
  -0.1236033112   0.3271066716  -1.0375880129
  -1.2749516789   3.3740617149  -3.8540758452
      
      
#  type   0  conf  1.0000
  -1.2749516789   3.3740617149  -3.8540758452
  -1.2789744753   3.3847077368  -3.9339659296
      
      
#  type   0  conf  1.0000
  -1.2789744753   3.3847077368  -3.9339659296
  -1.2756703005   3.3759634920  -3.9785738978
      
      
#  type   0  conf  1.0000
  -1.2756703005   3.3759634920  -3.9785738978
  -1.0048386236   2.6592282560  -4.2705626079
      
      
#  type   3  conf  0.0000
#  type   0  conf  1.0000
  -1.0002492806   2.6470829123  -4.2745454108
  -0.6857784254   1.8148599421  -4.5927135475
      
      
# 355  norm    -0.9381913359   -0.3461170571   -0.0000000000
# nedges  17 
#  type   0  conf  1.0000
   0.6213177383  -1.6841554237  -4.5810380734
   0.9376867243  -2.5417110846  -4.2624496190
      
      
#  type   0  conf  1.0000
   0.9376867243  -2.5417110846  -4.2624496190
   1.1351523316  -3.0769650345  -4.0391055233
      
      
#  type   0  conf  1.0000
   1.1351523316  -3.0769650345  -4.0391055233
   1.1724341358  -3.1780217867  -3.9599426834
      
      
#  type   3  conf  0.0000
#  type   3  conf  0.0000
#  type   0  conf  1.0000
   1.1858268296  -3.2143242717  -3.8410504708
   1.1814790071  -3.2025389832  -3.7766284819
      
      
#  type   0  conf  1.0000
   1.1814790071  -3.2025389832  -3.7766284819
   0.0972832955  -0.2636979111  -1.0634068510
      
      
#  type   0  conf  1.0000
   0.0972832955  -0.2636979111  -1.0634068510
   0.0809744992  -0.2194909845  -1.0251898557
      
      
#  type   0  conf  1.0000
   0.0809744992  -0.2194909845  -1.0251898557
  -0.0099755305   0.0270398587  -0.8359003110
      
      
#  type   0  conf  1.0000
  -0.0099755305   0.0270398587  -0.8359003110
  -0.0265602694   0.0719947605  -0.8405982448
      
      
#  type   0  conf  1.0000
  -0.0265602694   0.0719947605  -0.8405982448
  -0.1165612001   0.3159529581  -1.0269786592
      
      
#  type   3  conf  0.0000
#  type   0  conf  1.0000
  -0.1226426130   0.3324373492  -1.0392381519
  -1.2466302582   3.3791391770  -3.8547836143
      
      
#  type   0  conf  1.0000
  -1.2466302582   3.3791391770  -3.8547836143
  -1.2507745089   3.3903726598  -3.9738495432
      
      
#  type   0  conf  1.0000
  -1.2507745089   3.3903726598  -3.9738495432
  -1.0286466901   2.7882688607  -4.2206845064
      
      
#  type   0  conf  1.0000
  -1.0286466901   2.7882688607  -4.2206845064
  -0.9717854128   2.6341396243  -4.2817711755
      
      
#  type   0  conf  1.0000
  -0.9717854128   2.6341396243  -4.2817711755
  -0.6706432353   1.8178580337  -4.5925641810
      
      
# 356  norm    -0.9408807690   -0.3387379202    0.0000000000
# nedges  18 
#  type   0  conf  1.0000
   0.6093787277  -1.6926145308  -4.5785120357
   0.9131843743  -2.5364671768  -4.2664729933
      
      
#  type   0  conf  1.0000
   0.9131843743  -2.5364671768  -4.2664729933
   1.1080003141  -3.0775892667  -4.0408021394
      
      
#  type   0  conf  1.0000
   1.1080003141  -3.0775892667  -4.0408021394
   1.1464735718  -3.1844528509  -3.9572446414
      
      
#  type   3  conf  0.0000
#  type   3  conf  0.0000
#  type   0  conf  1.0000
   1.1606262915  -3.2237635422  -3.8304241834
   1.1547807552  -3.2075269405  -3.7771552827
      
      
#  type   0  conf  1.0000
   1.1547807552  -3.2075269405  -3.7771552827
   0.0861582941  -0.2393138682  -1.0391854039
      
      
#  type   0  conf  1.0000
   0.0861582941  -0.2393138682  -1.0391854039
   0.0499666866  -0.1387878113  -0.9622899958
      
      
#  type   0  conf  1.0000
   0.0499666866  -0.1387878113  -0.9622899958
  -0.0093163606   0.0258771871  -0.8366819576
      
      
#  type   0  conf  1.0000
  -0.0093163606   0.0258771871  -0.8366819576
  -0.0258689289   0.0718537143  -0.8400519447
      
      
#  type   0  conf  1.0000
  -0.0258689289   0.0718537143  -0.8400519447
  -0.1002458071   0.2784434409  -0.9962057749
      
      
#  type   0  conf  1.0000
  -0.1002458071   0.2784434409  -0.9962057749
  -0.1196023596   0.3322083338  -1.0372416365
      
      
#  type   0  conf  1.0000
  -0.1196023596   0.3322083338  -1.0372416365
  -1.2183107257   3.3839882218  -3.8532148886
      
      
#  type   0  conf  1.0000
  -1.2183107257   3.3839882218  -3.8532148886
  -1.2225919005   3.3958796423  -3.9323286898
      
      
#  type   0  conf  1.0000
  -1.2225919005   3.3958796423  -3.9323286898
  -1.2201820754   3.3891860958  -3.9767786480
      
      
#  type   0  conf  1.0000
  -1.2201820754   3.3891860958  -3.9767786480
  -0.9670875457   2.6861889952  -4.2648658924
      
      
#  type   3  conf  0.0000
#  type   0  conf  1.0000
  -0.9583128600   2.6618163681  -4.2736442404
  -0.6553499498   1.8203045122  -4.5925029212
      
      
# 357  norm    -0.9435121640   -0.3313378885   -0.0000000000
# nedges  18 
#  type   0  conf  1.0000
   0.5948668305  -1.6939327197  -4.5786917096
   0.8936766057  -2.5448183789  -4.2651770810
      
      
#  type   0  conf  1.0000
   0.8936766057  -2.5448183789  -4.2651770810
   1.0819187294  -3.0808534647  -4.0408996171
      
      
#  type   0  conf  1.0000
   1.0819187294  -3.0808534647  -4.0408996171
   1.1172502052  -3.1814627775  -3.9622510211
      
      
#  type   3  conf  0.0000
#  type   3  conf  0.0000
#  type   0  conf  1.0000
   1.1321729216  -3.2239564519  -3.8414855516
   1.1304914128  -3.2191682160  -3.7844209709
      
      
#  type   0  conf  1.0000
   1.1304914128  -3.2191682160  -3.7844209709
   0.0940870844  -0.2679207894  -1.0638400660
      
      
#  type   0  conf  1.0000
   0.0940870844  -0.2679207894  -1.0638400660
   0.0782918823  -0.2229426391  -1.0251891364
      
      
#  type   0  conf  1.0000
   0.0782918823  -0.2229426391  -1.0251891364
  -0.0097094053   0.0276483382  -0.8358059465
      
      
#  type   0  conf  1.0000
  -0.0097094053   0.0276483382  -0.8358059465
  -0.0258935680   0.0737340861  -0.8411551230
      
      
#  type   0  conf  1.0000
  -0.0258935680   0.0737340861  -0.8411551230
  -0.1114235905   0.3172879307  -1.0235649526
      
      
#  type   0  conf  1.0000
  -0.1114235905   0.3172879307  -1.0235649526
  -0.1184371472   0.3372596162  -1.0394026517
      
      
#  type   0  conf  1.0000
  -0.1184371472   0.3372596162  -1.0394026517
  -1.1904201868   3.3898203787  -3.8540450566
      
      
#  type   0  conf  1.0000
  -1.1904201868   3.3898203787  -3.8540450566
  -1.1938476819   3.3995804558  -3.9338366737
      
      
#  type   0  conf  1.0000
  -1.1938476819   3.3995804558  -3.9338366737
  -1.1913249024   3.3923966315  -3.9779362130
      
      
#  type   0  conf  1.0000
  -1.1913249024   3.3923966315  -3.9779362130
  -0.9590172062   2.7308811673  -4.2485372098
      
      
#  type   0  conf  1.0000
  -0.9590172062   2.7308811673  -4.2485372098
  -0.9332616227   2.6575400033  -4.2770947080
      
      
#  type   0  conf  1.0000
  -0.9332616227   2.6575400033  -4.2770947080
  -0.6401424554   1.8228588231  -4.5929003890
      
      
# 358  norm    -0.9460853588   -0.3239174182    0.0000000000
# nedges  17 
#  type   0  conf  1.0000
   0.5809200694  -1.6967286766  -4.5781009122
   0.8740712444  -2.5529531926  -4.2638530026
      
      
#  type   0  conf  1.0000
   0.8740712444  -2.5529531926  -4.2638530026
   1.0558417334  -3.0838613458  -4.0407725039
      
      
#  type   0  conf  1.0000
   1.0558417334  -3.0838613458  -4.0407725039
   1.0912849817  -3.1873826027  -3.9596878240
      
      
#  type   3  conf  0.0000
#  type   3  conf  0.0000
#  type   0  conf  1.0000
   1.1070133331  -3.2333213580  -3.8299670807
   1.1006175714  -3.2146408666  -3.7768060357
      
      
#  type   0  conf  1.0000
   1.1006175714  -3.2146408666  -3.7768060357
   0.0835103375  -0.2439137361  -1.0400465870
      
      
#  type   0  conf  1.0000
   0.0835103375  -0.2439137361  -1.0400465870
   0.0707282416  -0.2065802889  -1.0117369118
      
      
#  type   0  conf  1.0000
   0.0707282416  -0.2065802889  -1.0117369118
  -0.0097297691   0.0284183299  -0.8354267957
      
      
#  type   0  conf  1.0000
  -0.0097297691   0.0284183299  -0.8354267957
  -0.0254363676   0.0742935503  -0.8409278914
      
      
#  type   0  conf  1.0000
  -0.0254363676   0.0742935503  -0.8409278914
  -0.1132208600   0.3306910710  -1.0319325152
      
      
#  type   0  conf  1.0000
  -0.1132208600   0.3306910710  -1.0319325152
  -0.1551311407   0.4531009841  -1.1428602855
      
      
#  type   0  conf  1.0000
  -0.1551311407   0.4531009841  -1.1428602855
  -1.1617737235   3.3932633701  -3.8546532162
      
      
#  type   0  conf  1.0000
  -1.1617737235   3.3932633701  -3.8546532162
  -1.1658156195   3.4050687822  -3.9731753321
      
      
#  type   0  conf  1.0000
  -1.1658156195   3.4050687822  -3.9731753321
  -0.9585968149   2.7998321815  -4.2226205378
      
      
#  type   0  conf  1.0000
  -0.9585968149   2.7998321815  -4.2226205378
  -0.9123919530   2.6648788233  -4.2764586505
      
      
#  type   0  conf  1.0000
  -0.9123919530   2.6648788233  -4.2764586505
  -0.6248385871   1.8250041697  -4.5926987918
      
      
# 359  norm    -0.9486001946   -0.3164769672    0.0000000000
# nedges  18 
#  type   0  conf  1.0000
   0.5639684885  -1.6904251286  -4.5810652716
   0.8526463554  -2.5557009911  -4.2646195054
      
      
#  type   0  conf  1.0000
   0.8526463554  -2.5557009911  -4.2646195054
   1.0294255441  -3.0855745369  -4.0415839637
      
      
#  type   0  conf  1.0000
   1.0294255441  -3.0855745369  -4.0415839637
   1.0635076614  -3.1877314283  -3.9616196889
      
      
#  type   3  conf  0.0000
#  type   3  conf  0.0000
#  type   0  conf  1.0000
   1.0777124203  -3.2303084196  -3.8433584157
   1.0763529133  -3.2262334668  -3.7843159613
      
      
#  type   0  conf  1.0000
   1.0763529133  -3.2262334668  -3.7843159613
   0.0861127815  -0.2581123106  -1.0513470964
      
      
#  type   0  conf  1.0000
   0.0861127815  -0.2581123106  -1.0513470964
   0.0697791758  -0.2091543671  -1.0126750465
      
      
#  type   0  conf  1.0000
   0.0697791758  -0.2091543671  -1.0126750465
  -0.0091987641   0.0275721469  -0.8358933511
      
      
#  type   0  conf  1.0000
  -0.0091987641   0.0275721469  -0.8358933511
  -0.0253747774   0.0760577270  -0.8417206311
      
      
#  type   0  conf  1.0000
  -0.0253747774   0.0760577270  -0.8417206311
  -0.1082061002   0.3243342750  -1.0251834327
      
      
#  type   0  conf  1.0000
  -0.1082061002   0.3243342750  -1.0251834327
  -0.1262945309   0.3785520877  -1.0721356947
      
      
#  type   0  conf  1.0000
  -0.1262945309   0.3785520877  -1.0721356947
  -1.1334536272   3.3973857274  -3.8535193149
      
      
#  type   0  conf  1.0000
  -1.1334536272   3.3973857274  -3.8535193149
  -1.1368412447   3.4075396878  -3.9451815318
      
      
#  type   0  conf  1.0000
  -1.1368412447   3.4075396878  -3.9451815318
  -1.1342792697   3.3998604876  -3.9783998674
      
      
#  type   0  conf  1.0000
  -1.1342792697   3.3998604876  -3.9783998674
  -0.9115952584   2.7323929675  -4.2520084681
      
      
#  type   0  conf  1.0000
  -0.9115952584   2.7323929675  -4.2520084681
  -0.8912174615   2.6713130658  -4.2759764682
      
      
#  type   0  conf  1.0000
  -0.8912174615   2.6713130658  -4.2759764682
  -0.6097357452   1.8276067663  -4.5925397451
      
      
# 360  norm    -0.9510565163   -0.3090169944    0.0000000000
# nedges  17 
#  type   0  conf  1.0000
   0.5508840129  -1.6954466575  -4.5799071887
   0.8312957939  -2.5584653795  -4.2648856409
      
      
#  type   0  conf  1.0000
   0.8312957939  -2.5584653795  -4.2648856409
   1.0011847041  -3.0813296815  -4.0450443202
      
      
#  type   0  conf  1.0000
   1.0011847041  -3.0813296815  -4.0450443202
   1.0325556892  -3.1778796459  -3.9713785095
      
      
#  type   0  conf  1.0000
   1.0325556892  -3.1778796459  -3.9713785095
   1.0516202654  -3.2365543783  -3.8158460384
      
      
#  type   0  conf  1.0000
   1.0516202654  -3.2365543783  -3.8158460384
   1.0463470640  -3.2203251331  -3.7757684674
      
      
#  type   0  conf  1.0000
   1.0463470640  -3.2203251331  -3.7757684674
   0.0835978137  -0.2572876149  -1.0490376800
      
      
#  type   0  conf  1.0000
   0.0835978137  -0.2572876149  -1.0490376800
   0.0793565066  -0.2442342139  -1.0372446984
      
      
#  type   0  conf  1.0000
   0.0793565066  -0.2442342139  -1.0372446984
  -0.0089358618   0.0275017548  -0.8364622483
      
      
#  type   0  conf  1.0000
  -0.0089358618   0.0275017548  -0.8364622483
  -0.0243203688   0.0748503987  -0.8404307963
      
      
#  type   0  conf  1.0000
  -0.0243203688   0.0748503987  -0.8404307963
  -0.1000073237   0.3077908939  -1.0112008762
      
      
#  type   0  conf  1.0000
  -0.1000073237   0.3077908939  -1.0112008762
  -0.1122147375   0.3453614503  -1.0393605416
      
      
#  type   0  conf  1.0000
  -0.1122147375   0.3453614503  -1.0393605416
  -1.1054239481   3.4021450865  -3.8533725546
      
      
#  type   0  conf  1.0000
  -1.1054239481   3.4021450865  -3.8533725546
  -1.1087491267   3.4123789341  -3.9208154037
      
      
#  type   0  conf  1.0000
  -1.1087491267   3.4123789341  -3.9208154037
  -1.1073175169   3.4079728922  -3.9754082431
      
      
#  type   0  conf  1.0000
  -1.1073175169   3.4079728922  -3.9754082431
  -0.8824490297   2.7158988511  -4.2612265563
      
      
#  type   0  conf  1.0000
  -0.8824490297   2.7158988511  -4.2612265563
  -0.8265918510   2.5439881317  -4.3254771720
      
      
#  type   0  conf  1.0000
  -0.8265918510   2.5439881317  -4.3254771720
  -0.5942373555   1.8288745263  -4.5922001724
      
      
# 361  norm    -0.9534541723   -0.3015379599    0.0000000000
# nedges  18 
#  type   0  conf  1.0000
   0.5374839372  -1.6995084220  -4.5788645573
   0.8123941603  -2.5687664725  -4.2625271627
      
      
#  type   0  conf  1.0000
   0.8123941603  -2.5687664725  -4.2625271627
   0.9774195915  -3.0905720388  -4.0415844141
      
      
#  type   0  conf  1.0000
   0.9774195915  -3.0905720388  -4.0415844141
   1.0096451643  -3.1924683532  -3.9603574018
      
      
#  type   3  conf  0.0000
#  type   3  conf  0.0000
#  type   0  conf  1.0000
   1.0240377935  -3.2379774243  -3.8403387821
   1.0208830878  -3.2280023374  -3.7810405194
      
      
#  type   0  conf  1.0000
   1.0208830878  -3.2280023374  -3.7810405194
   0.0959503977  -0.3033923393  -1.0892832225
      
      
#  type   0  conf  1.0000
   0.0959503977  -0.3033923393  -1.0892832225
   0.0776149617  -0.2454162291  -1.0370780372
      
      
#  type   0  conf  1.0000
   0.0776149617  -0.2454162291  -1.0370780372
  -0.0090368177   0.0285741522  -0.8358136627
      
      
#  type   0  conf  1.0000
  -0.0090368177   0.0285741522  -0.8358136627
  -0.0246444237   0.0779249438  -0.8419738348
      
      
#  type   0  conf  1.0000
  -0.0246444237   0.0779249438  -0.8419738348
  -0.1045845493   0.3306932731  -1.0264773015
      
      
#  type   0  conf  1.0000
  -0.1045845493   0.3306932731  -1.0264773015
  -0.1190969547   0.3765810724  -1.0647637750
      
      
#  type   0  conf  1.0000
  -0.1190969547   0.3765810724  -1.0647637750
  -1.0768426814   3.4049449287  -3.8541105765
      
      
#  type   0  conf  1.0000
  -1.0768426814   3.4049449287  -3.8541105765
  -1.0799107085   3.4146459404  -3.9468258127
      
      
#  type   0  conf  1.0000
  -1.0799107085   3.4146459404  -3.9468258127
  -1.0768110412   3.4048448832  -3.9792483740
      
      
#  type   0  conf  1.0000
  -1.0768110412   3.4048448832  -3.9792483740
  -0.8689042438   2.7474496966  -4.2494789928
      
      
#  type   0  conf  1.0000
  -0.8689042438   2.7474496966  -4.2494789928
  -0.8493406555   2.6855902051  -4.2738673415
      
      
#  type   0  conf  1.0000
  -0.8493406555   2.6855902051  -4.2738673415
  -0.5787512034   1.8299943055  -4.5932213468
      
      
# 362  norm    -0.9557930148   -0.2940403252    0.0000000000
# nedges  18 
#  type   0  conf  1.0000
   0.5233341951  -1.7011243871  -4.5782993070
   0.7890621527  -2.5648866129  -4.2655144807
      
      
#  type   0  conf  1.0000
   0.7890621527  -2.5648866129  -4.2655144807
   0.9510678896  -3.0914944905  -4.0419324211
      
      
#  type   0  conf  1.0000
   0.9510678896  -3.0914944905  -4.0419324211
   0.9831840079  -3.1958895648  -3.9592447391
      
      
#  type   3  conf  0.0000
#  type   3  conf  0.0000
#  type   0  conf  1.0000
   0.9965715302  -3.2394063861  -3.8413588579
   0.9923484950  -3.2256791956  -3.7766101113
      
      
#  type   0  conf  1.0000
   0.9923484950  -3.2256791956  -3.7766101113
   0.1027554612  -0.3340118466  -1.1155315838
      
      
#  type   0  conf  1.0000
   0.1027554612  -0.3340118466  -1.1155315838
   0.0756813256  -0.2460059935  -1.0363523199
      
      
#  type   0  conf  1.0000
   0.0756813256  -0.2460059935  -1.0363523199
  -0.0071409841   0.0232121316  -0.8396031688
      
      
#  type   4  conf  0.0000
#  type   0  conf  1.0000
  -0.0224664850   0.0730284510  -0.8381963876
  -0.1027430564   0.3339715242  -1.0272026530
      
      
#  type   0  conf  1.0000
  -0.1027430564   0.3339715242  -1.0272026530
  -0.1207910292   0.3926373766  -1.0778243268
      
      
#  type   0  conf  1.0000
  -0.1207910292   0.3926373766  -1.0778243268
  -1.0511092187   3.4166839132  -3.8601191462
      
      
#  type   0  conf  1.0000
  -1.0511092187   3.4166839132  -3.8601191462
  -1.0513895422   3.4175951187  -3.9468425572
      
      
#  type   0  conf  1.0000
  -1.0513895422   3.4175951187  -3.9468425572
  -1.0450872363   3.3971091532  -3.9825688831
      
      
#  type   0  conf  1.0000
  -1.0450872363   3.3971091532  -3.9825688831
  -0.8549125574   2.7789366985  -4.2384220708
      
      
#  type   0  conf  1.0000
  -0.8549125574   2.7789366985  -4.2384220708
  -0.8244547839   2.6799321586  -4.2775788344
      
      
#  type   0  conf  1.0000
  -0.8244547839   2.6799321586  -4.2775788344
  -0.5636073559   1.8320343425  -4.5929081327
      
      
# 363  norm    -0.9580728995   -0.2865245527    0.0000000000
# nedges  18 
#  type   0  conf  1.0000
   0.5070110067  -1.6953294250  -4.5805809826
   0.7677139100  -2.5670606052  -4.2657520966
      
      
#  type   0  conf  1.0000
   0.7677139100  -2.5670606052  -4.2657520966
   0.9239510093  -3.0894819100  -4.0435147457
      
      
#  type   0  conf  1.0000
   0.9239510093  -3.0894819100  -4.0435147457
   0.9553168938  -3.1943622898  -3.9600790760
      
      
#  type   3  conf  0.0000
#  type   3  conf  0.0000
#  type   0  conf  1.0000
   0.9695954350  -3.2421064824  -3.8383176474
   0.9662705537  -3.2309888358  -3.7805247775
      
      
#  type   0  conf  1.0000
   0.9662705537  -3.2309888358  -3.7805247775
   0.1382949459  -0.4624268272  -1.2314776748
      
      
#  type   0  conf  1.0000
   0.1382949459  -0.4624268272  -1.2314776748
   0.0745681627  -0.2493389665  -1.0374380432
      
      
#  type   0  conf  1.0000
   0.0745681627  -0.2493389665  -1.0374380432
  -0.0089207905   0.0298290932  -0.8355253524
      
      
#  type   0  conf  1.0000
  -0.0089207905   0.0298290932  -0.8355253524
  -0.0236353018   0.0790310706  -0.8418547213
      
      
#  type   0  conf  1.0000
  -0.0236353018   0.0790310706  -0.8418547213
  -0.1038714283   0.3473224179  -1.0349563601
      
      
#  type   0  conf  1.0000
  -0.1038714283   0.3473224179  -1.0349563601
  -0.1604439055   0.5364879074  -1.2069936984
      
      
#  type   0  conf  1.0000
  -0.1604439055   0.5364879074  -1.2069936984
  -1.0187421656   3.4064419651  -3.8489164969
      
      
#  type   0  conf  1.0000
  -1.0187421656   3.4064419651  -3.8489164969
  -1.0229212466   3.4204158607  -3.8948277259
      
      
#  type   0  conf  1.0000
  -1.0229212466   3.4204158607  -3.8948277259
  -1.0220943474   3.4176508980  -3.9759056619
      
      
#  type   0  conf  1.0000
  -1.0220943474   3.4176508980  -3.9759056619
  -0.8188647293   2.7380973043  -4.2562563214
      
      
#  type   0  conf  1.0000
  -0.8188647293   2.7380973043  -4.2562563214
  -0.8033674411   2.6862778994  -4.2765498101
      
      
#  type   0  conf  1.0000
  -0.8033674411   2.6862778994  -4.2765498101
  -0.5484272904   1.8338160525  -4.5925422924
      
      
# 364  norm    -0.9602936857   -0.2789911060   -0.0000000000
# nedges  18 
#  type   0  conf  1.0000
   0.4937447224  -1.6994804818  -4.5793044801
   0.7462692073  -2.5686754598  -4.2659090143
      
      
#  type   0  conf  1.0000
   0.7462692073  -2.5686754598  -4.2659090143
   0.8963612890  -3.0852957936  -4.0461139025
      
      
#  type   0  conf  1.0000
   0.8963612890  -3.0852957936  -4.0461139025
   0.9282201626  -3.1949547559  -3.9602162455
      
      
#  type   3  conf  0.0000
#  type   3  conf  0.0000
#  type   0  conf  1.0000
   0.9419500386  -3.2422132988  -3.8415000711
   0.9409157881  -3.2386533855  -3.7866392440
      
      
#  type   0  conf  1.0000
   0.9409157881  -3.2386533855  -3.7866392440
   0.1008116546  -0.3469959910  -1.1228704771
      
      
#  type   0  conf  1.0000
   0.1008116546  -0.3469959910  -1.1228704771
   0.0683059788  -0.2351107211  -1.0258118084
      
      
#  type   0  conf  1.0000
   0.0683059788  -0.2351107211  -1.0258118084
  -0.0066661606   0.0229450753  -0.8401261180
      
      
#  type   4  conf  0.0000
#  type   0  conf  1.0000
  -0.0211095819   0.0726596576  -0.8370501366
  -0.1011017823   0.3479946173  -1.0335023270
      
      
#  type   0  conf  1.0000
  -0.1011017823   0.3479946173  -1.0335023270
  -0.1911394296   0.6579062320  -1.3157018964
      
      
#  type   0  conf  1.0000
  -0.1911394296   0.6579062320  -1.3157018964
  -0.9913114612   3.4121164301  -3.8529089073
      
      
#  type   0  conf  1.0000
  -0.9913114612   3.4121164301  -3.8529089073
  -0.9939589728   3.4212292245  -3.9205369169
      
      
#  type   0  conf  1.0000
  -0.9939589728   3.4212292245  -3.9205369169
  -0.9927136709   3.4169428674  -3.9763830053
      
      
#  type   0  conf  1.0000
  -0.9927136709   3.4169428674  -3.9763830053
  -0.7931725829   2.7301179376  -4.2610596243
      
      
#  type   0  conf  1.0000
  -0.7931725829   2.7301179376  -4.2610596243
  -0.7822776250   2.6926172466  -4.2750462571
      
      
#  type   0  conf  1.0000
  -0.7822776250   2.6926172466  -4.2750462571
  -0.5329237998   1.8343357507  -4.5930086684
      
      
# 365  norm    -0.9624552365   -0.2714404499    0.0000000000
# nedges  18 
#  type   0  conf  1.0000
   0.4802929973  -1.7029905105  -4.5780880699
   0.7254638359  -2.5723007314  -4.2656360979
      
      
#  type   0  conf  1.0000
   0.7254638359  -2.5723007314  -4.2656360979
   0.8710293934  -3.0884372658  -4.0443337229
      
      
#  type   0  conf  1.0000
   0.8710293934  -3.0884372658  -4.0443337229
   0.9006670811  -3.1935245795  -3.9606662927
      
      
#  type   3  conf  0.0000
#  type   3  conf  0.0000
#  type   0  conf  1.0000
   0.9148776522  -3.2439114637  -3.8389164056
   0.9120156315  -3.2337635040  -3.7817660459
      
      
#  type   0  conf  1.0000
   0.9120156315  -3.2337635040  -3.7817660459
   0.1505678163  -0.5338732060  -1.2925517825
      
      
#  type   0  conf  1.0000
   0.1505678163  -0.5338732060  -1.2925517825
   0.0714225349  -0.2532452063  -1.0380196365
      
      
#  type   0  conf  1.0000
   0.0714225349  -0.2532452063  -1.0380196365
  -0.0065850523   0.0233488342  -0.8399937103
      
      
#  type   4  conf  0.0000
#  type   0  conf  1.0000
  -0.0206403972   0.0731853280  -0.8371312855
  -0.0984122408   0.3489434849  -1.0324726353
      
      
#  type   0  conf  1.0000
  -0.0984122408   0.3489434849  -1.0324726353
  -0.1790173579   0.6347476716  -1.2904370830
      
      
#  type   0  conf  1.0000
  -0.1790173579   0.6347476716  -1.2904370830
  -0.9624117173   3.4124545452  -3.8536069704
      
      
#  type   0  conf  1.0000
  -0.9624117173   3.4124545452  -3.8536069704
  -0.9649510318   3.4214582754  -3.9465562819
      
      
#  type   0  conf  1.0000
  -0.9649510318   3.4214582754  -3.9465562819
  -0.9625332332   3.4128854083  -3.9787895357
      
      
#  type   0  conf  1.0000
  -0.9625332332   3.4128854083  -3.9787895357
  -0.7751723744   2.7485539140  -4.2543516729
      
      
#  type   0  conf  1.0000
  -0.7751723744   2.7485539140  -4.2543516729
  -0.7610595262   2.6985135288  -4.2739568607
      
      
#  type   0  conf  1.0000
  -0.7610595262   2.6985135288  -4.2739568607
  -0.5174125907   1.8346066606  -4.5930157647
      
      
# 366  norm    -0.9645574185   -0.2638730500   -0.0000000000
# nedges  18 
#  type   0  conf  1.0000
   0.4659267479  -1.7031413445  -4.5779097912
   0.7055557101  -2.5790773040  -4.2637530373
      
      
#  type   0  conf  1.0000
   0.7055557101  -2.5790773040  -4.2637530373
   0.8444697359  -3.0868614607  -4.0450624194
      
      
#  type   0  conf  1.0000
   0.8444697359  -3.0868614607  -4.0450624194
   0.8735811585  -3.1932748993  -3.9603344218
      
      
#  type   3  conf  0.0000
#  type   3  conf  0.0000
#  type   0  conf  1.0000
   0.8872423724  -3.2432118867  -3.8414848097
   0.8862438358  -3.2395618518  -3.7868515079
      
      
#  type   0  conf  1.0000
   0.8862438358  -3.2395618518  -3.7868515079
   0.1516275750  -0.5542570655  -1.3089307047
      
      
#  type   0  conf  1.0000
   0.1516275750  -0.5542570655  -1.3089307047
   0.0696502933  -0.2545985923  -1.0378514737
      
      
#  type   0  conf  1.0000
   0.0696502933  -0.2545985923  -1.0378514737
  -0.0063395050   0.0231733274  -0.8399956204
      
      
#  type   4  conf  0.0000
#  type   0  conf  1.0000
  -0.0200693685   0.0733612555  -0.8371536672
  -0.0957539638   0.3500175410  -1.0312279275
      
      
#  type   0  conf  1.0000
  -0.0957539638   0.3500175410  -1.0312279275
  -0.1763790307   0.6447331494  -1.2969019210
      
      
#  type   0  conf  1.0000
  -0.1763790307   0.6447331494  -1.2969019210
  -0.9339284049   3.4138672797  -3.8528955945
      
      
#  type   0  conf  1.0000
  -0.9339284049   3.4138672797  -3.8528955945
  -0.9366014188   3.4236381728  -3.9205687517
      
      
#  type   0  conf  1.0000
  -0.9366014188   3.4236381728  -3.9205687517
  -0.9356224646   3.4200597188  -3.9749638897
      
      
#  type   0  conf  1.0000
  -0.9356224646   3.4200597188  -3.9749638897
  -0.7501886928   2.7422280108  -4.2585828480
      
      
#  type   0  conf  1.0000
  -0.7501886928   2.7422280108  -4.2585828480
  -0.7364019393   2.6918321276  -4.2774052409
      
      
#  type   0  conf  1.0000
  -0.7364019393   2.6918321276  -4.2774052409
  -0.5019007021   1.8346399740  -4.5929676960
      
      
# 367  norm    -0.9666001020   -0.2562893731   -0.0000000000
# nedges  18 
#  type   0  conf  1.0000
   0.4501853217  -1.6978822515  -4.5797968590
   0.6843117589  -2.5808944314  -4.2637458002
      
      
#  type   0  conf  1.0000
   0.6843117589  -2.5808944314  -4.2637458002
   0.8191067975  -3.0892764079  -4.0440291106
      
      
#  type   0  conf  1.0000
   0.8191067975  -3.0892764079  -4.0440291106
   0.8341704321  -3.1460891840  -3.9971594872
      
      
#  type   0  conf  1.0000
   0.8341704321  -3.1460891840  -3.9971594872
   0.8452741560  -3.1879670836  -3.9555351275
      
      
#  type   0  conf  1.0000
   0.8452741560  -3.1879670836  -3.9555351275
   0.8606931284  -3.2461200226  -3.8280428118
      
      
#  type   0  conf  1.0000
   0.8606931284  -3.2461200226  -3.8280428118
   0.8579412230  -3.2357411606  -3.7826795788
      
      
#  type   0  conf  1.0000
   0.8579412230  -3.2357411606  -3.7826795788
   0.1589092503  -0.5993291711  -1.3483371637
      
      
#  type   0  conf  1.0000
   0.1589092503  -0.5993291711  -1.3483371637
   0.0679057140  -0.2561076538  -1.0375299329
      
      
#  type   0  conf  1.0000
   0.0679057140  -0.2561076538  -1.0375299329
  -0.0079235117   0.0298836706  -0.8359673194
      
      
#  type   0  conf  1.0000
  -0.0079235117   0.0298836706  -0.8359673194
  -0.0211528119   0.0797782204  -0.8410913606
      
      
#  type   0  conf  1.0000
  -0.0211528119   0.0797782204  -0.8410913606
  -0.0929205639   0.3504516220  -1.0301657650
      
      
#  type   0  conf  1.0000
  -0.0929205639   0.3504516220  -1.0301657650
  -0.1689437608   0.6371745125  -1.2868904894
      
      
#  type   0  conf  1.0000
  -0.1689437608   0.6371745125  -1.2868904894
  -0.9046916496   3.4120612576  -3.8501610189
      
      
#  type   0  conf  1.0000
  -0.9046916496   3.4120612576  -3.8501610189
  -0.9080094171   3.4245742789  -3.9075843610
      
      
#  type   0  conf  1.0000
  -0.9080094171   3.4245742789  -3.9075843610
  -0.9073784279   3.4221944915  -3.9748962417
      
      
#  type   0  conf  1.0000
  -0.9073784279   3.4221944915  -3.9748962417
  -0.7319034220   2.7603872673  -4.2517596966
      
      
#  type   0  conf  1.0000
  -0.7319034220   2.7603872673  -4.2517596966
  -0.7186114915   2.7102565060  -4.2715476324
      
      
#  type   0  conf  1.0000
  -0.7186114915   2.7102565060  -4.2715476324
  -0.4864989287   1.8348396905  -4.5930878124
      
      
# 368  norm    -0.9685831611   -0.2486898872    0.0000000000
# nedges  17 
#  type   0  conf  1.0000
   0.4367850497  -1.7011654516  -4.5782711888
   0.6615034606  -2.5763858766  -4.2660376222
      
      
#  type   0  conf  1.0000
   0.6615034606  -2.5763858766  -4.2660376222
   0.7918701254  -3.0841305128  -4.0462445562
      
      
#  type   0  conf  1.0000
   0.7918701254  -3.0841305128  -4.0462445562
   0.8192081172  -3.1906049611  -3.9606118056
      
      
#  type   3  conf  0.0000
#  type   3  conf  0.0000
#  type   0  conf  1.0000
   0.8343749677  -3.2496759438  -3.8317085892
   0.8295994718  -3.2310766153  -3.7790502502
      
      
#  type   0  conf  1.0000
   0.8295994718  -3.2310766153  -3.7790502502
   0.1384442648  -0.5392048110  -1.2901847431
      
      
#  type   0  conf  1.0000
   0.1384442648  -0.5392048110  -1.2901847431
   0.0663855968  -0.2585548288  -1.0384789698
      
      
#  type   0  conf  1.0000
   0.0663855968  -0.2585548288  -1.0384789698
  -0.0075303577   0.0293288068  -0.8365808976
      
      
#  type   0  conf  1.0000
  -0.0075303577   0.0293288068  -0.8365808976
  -0.0203317020   0.0791867513  -0.8404450592
      
      
#  type   0  conf  1.0000
  -0.0203317020   0.0791867513  -0.8404450592
  -0.0896526546   0.3491740357  -1.0275135982
      
      
#  type   0  conf  1.0000
  -0.0896526546   0.3491740357  -1.0275135982
  -0.1541579623   0.6004056222  -1.2496416993
      
      
#  type   0  conf  1.0000
  -0.1541579623   0.6004056222  -1.2496416993
  -0.8786400646   3.4220771136  -3.8587275637
      
      
#  type   0  conf  1.0000
  -0.8786400646   3.4220771136  -3.8587275637
  -0.8791568931   3.4240900276  -3.9736695789
      
      
#  type   0  conf  1.0000
  -0.8791568931   3.4240900276  -3.9736695789
  -0.7235373431   2.8179918974  -4.2284702047
      
      
#  type   0  conf  1.0000
  -0.7235373431   2.8179918974  -4.2284702047
  -0.6970290069   2.7147487444  -4.2703979894
      
      
#  type   0  conf  1.0000
  -0.6970290069   2.7147487444  -4.2703979894
  -0.4709862831   1.8343704607  -4.5935684921
      
      
# 369  norm    -0.9705064735   -0.2410750608    0.0000000000
# nedges  20 
#  type   0  conf  1.0000
   0.4222609499  -1.6999144745  -4.5785263183
   0.6339219011  -2.5520072733  -4.2751691819
      
      
#  type   0  conf  1.0000
   0.6339219011  -2.5520072733  -4.2751691819
   0.7305435915  -2.9409814615  -4.1113193426
      
      
#  type   0  conf  1.0000
   0.7305435915  -2.9409814615  -4.1113193426
   0.7693829142  -3.0973386306  -4.0346331689
      
      
#  type   0  conf  1.0000
   0.7693829142  -3.0973386306  -4.0346331689
   0.7922404445  -3.1893571956  -3.9604739106
      
      
#  type   3  conf  0.0000
#  type   3  conf  0.0000
#  type   0  conf  1.0000
   0.8065158935  -3.2468264982  -3.8354445630
   0.8037901724  -3.2358534431  -3.7843379730
      
      
#  type   0  conf  1.0000
   0.8037901724  -3.2358534431  -3.7843379730
   0.1468487118  -0.5911753167  -1.3356342120
      
      
#  type   0  conf  1.0000
   0.1468487118  -0.5911753167  -1.3356342120
   0.0645298969  -0.2597808436  -1.0379685783
      
      
#  type   0  conf  1.0000
   0.0645298969  -0.2597808436  -1.0379685783
  -0.0075870533   0.0305435340  -0.8359996966
      
      
#  type   0  conf  1.0000
  -0.0075870533   0.0305435340  -0.8359996966
  -0.0200642051   0.0807733527  -0.8411703454
      
      
#  type   0  conf  1.0000
  -0.0200642051   0.0807733527  -0.8411703454
  -0.0873752559   0.3517504100  -1.0282192931
      
      
#  type   0  conf  1.0000
  -0.0873752559   0.3517504100  -1.0282192931
  -0.1559820694   0.6279438759  -1.2717869248
      
      
#  type   0  conf  1.0000
  -0.1559820694   0.6279438759  -1.2717869248
  -0.8480410130   3.4139959978  -3.8512788028
      
      
#  type   0  conf  1.0000
  -0.8480410130   3.4139959978  -3.8512788028
  -0.8504341936   3.4236303302  -3.9077774409
      
      
#  type   0  conf  1.0000
  -0.8504341936   3.4236303302  -3.9077774409
  -0.8505013603   3.4239007262  -3.9467507337
      
      
#  type   0  conf  1.0000
  -0.8505013603   3.4239007262  -3.9467507337
  -0.8444249360   3.3994385976  -3.9842010306
      
      
#  type   0  conf  1.0000
  -0.8444249360   3.3994385976  -3.9842010306
  -0.6989265512   2.8136993521  -4.2307517071
      
      
#  type   0  conf  1.0000
  -0.6989265512   2.8136993521  -4.2307517071
  -0.6698036494   2.6964580053  -4.2780139925
      
      
#  type   0  conf  1.0000
  -0.6698036494   2.6964580053  -4.2780139925
  -0.4557136233   1.8345863729  -4.5930071813
      
      
# 370  norm    -0.9723699204   -0.2334453639    0.0000000000
# nedges  18 
#  type   0  conf  1.0000
   0.4071715682  -1.6959916396  -4.5796741629
   0.6188881646  -2.5778547298  -4.2662080387
      
      
#  type   0  conf  1.0000
   0.6188881646  -2.5778547298  -4.2662080387
   0.7375274425  -3.0720228868  -4.0512537027
      
      
#  type   0  conf  1.0000
   0.7375274425  -3.0720228868  -4.0512537027
   0.7651526956  -3.1870903472  -3.9615304776
      
      
#  type   3  conf  0.0000
#  type   3  conf  0.0000
#  type   0  conf  1.0000
   0.7785127490  -3.2427389746  -3.8414773542
   0.7772469092  -3.2374663721  -3.7867101417
      
      
#  type   0  conf  1.0000
   0.7772469092  -3.2374663721  -3.7867101417
   0.1443651585  -0.6013241614  -1.3423144634
      
      
#  type   0  conf  1.0000
   0.1443651585  -0.6013241614  -1.3423144634
   0.0628044523  -0.2615993706  -1.0384057535
      
      
#  type   0  conf  1.0000
   0.0628044523  -0.2615993706  -1.0384057535
  -0.0074192553   0.0309034224  -0.8359041312
      
      
#  type   0  conf  1.0000
  -0.0074192553   0.0309034224  -0.8359041312
  -0.0194230714   0.0809029150  -0.8409833535
      
      
#  type   0  conf  1.0000
  -0.0194230714   0.0809029150  -0.8409833535
  -0.0872233166   0.3633112607  -1.0346396532
      
      
#  type   0  conf  1.0000
  -0.0872233166   0.3633112607  -1.0346396532
  -0.1790328657   0.7457255545  -1.3753698350
      
      
#  type   0  conf  1.0000
  -0.1790328657   0.7457255545  -1.3753698350
  -0.1990783610   0.8292210513  -1.4516403228
      
      
#  type   0  conf  1.0000
  -0.1990783610   0.8292210513  -1.4516403228
  -0.8223702670   3.4254186841  -3.8649829633
      
      
#  type   0  conf  1.0000
  -0.8223702670   3.4254186841  -3.8649829633
  -0.8214167821   3.4214471337  -3.9740135721
      
      
#  type   0  conf  1.0000
  -0.8214167821   3.4214471337  -3.9740135721
  -0.6827213690   2.8437391615  -4.2184788678
      
      
#  type   0  conf  1.0000
  -0.6827213690   2.8437391615  -4.2184788678
  -0.6514899467   2.7136509251  -4.2721935200
      
      
#  type   0  conf  1.0000
  -0.6514899467   2.7136509251  -4.2721935200
  -0.4403598949   1.8342309691  -4.5930417054
      
      
# 371  norm    -0.9741733870   -0.2258012669    0.0000000000
# nedges  18 
#  type   0  conf  1.0000
   0.3933340746  -1.6969594236  -4.5788330498
   0.5973022745  -2.5769385081  -4.2666249948
      
      
#  type   0  conf  1.0000
   0.5973022745  -2.5769385081  -4.2666249948
   0.7132087799  -3.0769934214  -4.0479862176
      
      
#  type   0  conf  1.0000
   0.7132087799  -3.0769934214  -4.0479862176
   0.7320910088  -3.1584569365  -3.9798826002
      
      
#  type   0  conf  1.0000
   0.7320910088  -3.1584569365  -3.9798826002
   0.7434711199  -3.2075540986  -3.8902407198
      
      
#  type   2  conf  0.0000
#  type   0  conf  1.0000
   0.7519421818  -3.2441007628  -3.7963811792
   0.1515121019  -0.6536679775  -1.3850620568
      
      
#  type   3  conf  0.0000
#  type   0  conf  1.0000
   0.1455500101  -0.6279457520  -1.3623850845
   0.0607605273  -0.2621388688  -1.0375985424
      
      
#  type   0  conf  1.0000
   0.0607605273  -0.2621388688  -1.0375985424
  -0.0059334240   0.0255985445  -0.8393748907
      
      
#  type   4  conf  0.0000
#  type   0  conf  1.0000
  -0.0183454244   0.0791475818  -0.8393154928
  -0.0845115013   0.3646075888  -1.0338868768
      
      
#  type   0  conf  1.0000
  -0.0845115013   0.3646075888  -1.0338868768
  -0.1749803374   0.7549168804  -1.3794457501
      
      
#  type   0  conf  1.0000
  -0.1749803374   0.7549168804  -1.3794457501
  -0.1868928062   0.8063107906  -1.4266149151
      
      
#  type   0  conf  1.0000
  -0.1868928062   0.8063107906  -1.4266149151
  -0.7929736936   3.4211228288  -3.8619682873
      
      
#  type   0  conf  1.0000
  -0.7929736936   3.4211228288  -3.8619682873
  -0.7929592953   3.4210607103  -3.9738503996
      
      
#  type   0  conf  1.0000
  -0.7929592953   3.4210607103  -3.9738503996
  -0.6419776464   2.7696812637  -4.2499562718
      
      
#  type   0  conf  1.0000
  -0.6419776464   2.7696812637  -4.2499562718
  -0.6273412805   2.7065356564  -4.2746506270
      
      
#  type   0  conf  1.0000
  -0.6273412805   2.7065356564  -4.2746506270
  -0.4251527087   1.8342344133  -4.5932922778
      
      
# 372  norm    -0.9759167619   -0.2181432414    0.0000000000
# nedges  20 
#  type   0  conf  1.0000
   0.3776853411  -1.6896670866  -4.5809675024
   0.5761278381  -2.5774477845  -4.2662579513
      
      
#  type   0  conf  1.0000
   0.5761278381  -2.5774477845  -4.2662579513
   0.6862989076  -3.0703248164  -4.0500973815
      
      
#  type   0  conf  1.0000
   0.6862989076  -3.0703248164  -4.0500973815
   0.7107901148  -3.1798921792  -3.9610944675
      
      
#  type   3  conf  0.0000
#  type   3  conf  0.0000
#  type   0  conf  1.0000
   0.7240148240  -3.2390561271  -3.8397825694
   0.7214738984  -3.2276886793  -3.7842500352
      
      
#  type   0  conf  1.0000
   0.7214738984  -3.2276886793  -3.7842500352
   0.1535937684  -0.6871390202  -1.4126009825
      
      
#  type   0  conf  1.0000
   0.1535937684  -0.6871390202  -1.4126009825
   0.1441063572  -0.6446947820  -1.3738327485
      
      
#  type   0  conf  1.0000
   0.1441063572  -0.6446947820  -1.3738327485
   0.0587475594  -0.2628214725  -1.0371460194
      
      
#  type   0  conf  1.0000
   0.0587475594  -0.2628214725  -1.0371460194
  -0.0068569246   0.0306761173  -0.8358969070
      
      
#  type   0  conf  1.0000
  -0.0068569246   0.0306761173  -0.8358969070
  -0.0182554826   0.0816703343  -0.8409994333
      
      
#  type   0  conf  1.0000
  -0.0182554826   0.0816703343  -0.8409994333
  -0.0817739022   0.3658354085  -1.0331088710
      
      
#  type   0  conf  1.0000
  -0.0817739022   0.3658354085  -1.0331088710
  -0.1292089188   0.5780474738  -1.2199914129
      
      
#  type   0  conf  1.0000
  -0.1292089188   0.5780474738  -1.2199914129
  -0.1782131477   0.7972797917  -1.4130662119
      
      
#  type   0  conf  1.0000
  -0.1782131477   0.7972797917  -1.4130662119
  -0.7618963689   3.4085284172  -3.8547270840
      
      
#  type   0  conf  1.0000
  -0.7618963689   3.4085284172  -3.8547270840
  -0.7644716844   3.4200497162  -3.9429693625
      
      
#  type   0  conf  1.0000
  -0.7644716844   3.4200497162  -3.9429693625
  -0.7608337792   3.4037746639  -3.9818829718
      
      
#  type   0  conf  1.0000
  -0.7608337792   3.4037746639  -3.9818829718
  -0.6083448851   2.7215785676  -4.2696014703
      
      
#  type   0  conf  1.0000
  -0.6083448851   2.7215785676  -4.2696014703
  -0.5210779928   2.3311689336  -4.4115065561
      
      
#  type   0  conf  1.0000
  -0.5210779928   2.3311689336  -4.4115065561
  -0.4096500074   1.8326687832  -4.5928838325
      
      
# 373  norm    -0.9775999378   -0.2104717598    0.0000000000
# nedges  19 
#  type   0  conf  1.0000
   0.3643979974  -1.6925570437  -4.5791277485
   0.5547937141  -2.5769077089  -4.2663958696
      
      
#  type   0  conf  1.0000
   0.5547937141  -2.5769077089  -4.2663958696
   0.6600307960  -3.0657132609  -4.0510023704
      
      
#  type   0  conf  1.0000
   0.6600307960  -3.0657132609  -4.0510023704
   0.6846454935  -3.1800436904  -3.9570364992
      
      
#  type   3  conf  0.0000
#  type   3  conf  0.0000
#  type   0  conf  1.0000
   0.6966419342  -3.2357647983  -3.8415131750
   0.6931669498  -3.2196241795  -3.7794986898
      
      
#  type   0  conf  1.0000
   0.6931669498  -3.2196241795  -3.7794986898
   0.1492246399  -0.6931191092  -1.4149481575
      
      
#  type   0  conf  1.0000
   0.1492246399  -0.6931191092  -1.4149481575
   0.1383444820  -0.6425829153  -1.3689452843
      
      
#  type   0  conf  1.0000
   0.1383444820  -0.6425829153  -1.3689452843
   0.0566121497  -0.2629523032  -1.0361354862
      
      
#  type   0  conf  1.0000
   0.0566121497  -0.2629523032  -1.0361354862
  -0.0067310966   0.0312646199  -0.8362576669
      
      
#  type   0  conf  1.0000
  -0.0067310966   0.0312646199  -0.8362576669
  -0.0177815726   0.0825919083  -0.8408992891
      
      
#  type   0  conf  1.0000
  -0.0177815726   0.0825919083  -0.8408992891
  -0.0788530615   0.3662569650  -1.0319382909
      
      
#  type   0  conf  1.0000
  -0.0788530615   0.3662569650  -1.0319382909
  -0.1605005505   0.7454934967  -1.3634567844
      
      
#  type   0  conf  1.0000
  -0.1605005505   0.7454934967  -1.3634567844
  -0.1686406398   0.7833026109  -1.3966246606
      
      
#  type   0  conf  1.0000
  -0.1686406398   0.7833026109  -1.3966246606
  -0.7362321391   3.4196535153  -3.8661575446
      
      
#  type   0  conf  1.0000
  -0.7362321391   3.4196535153  -3.8661575446
  -0.7350383000   3.4141083675  -3.9744716903
      
      
#  type   0  conf  1.0000
  -0.7350383000   3.4141083675  -3.9744716903
  -0.5848998956   2.7167450019  -4.2726296945
      
      
#  type   3  conf  0.0000
#  type   3  conf  0.0000
# 374  norm    -0.9792228106   -0.2027872954    0.0000000000
# nedges  20 
#  type   0  conf  1.0000
   0.3503016807  -1.6915428341  -4.5788152938
   0.5281851680  -2.5505097043  -4.2754236627
      
      
#  type   0  conf  1.0000
   0.5281851680  -2.5505097043  -4.2754236627
   0.6056338372  -2.9244951823  -4.1152165148
      
      
#  type   0  conf  1.0000
   0.6056338372  -2.9244951823  -4.1152165148
   0.6366984442  -3.0745004957  -4.0398512623
      
      
#  type   0  conf  1.0000
   0.6366984442  -3.0745004957  -4.0398512623
   0.6568084209  -3.1716078997  -3.9613278824
      
      
#  type   3  conf  0.0000
#  type   3  conf  0.0000
#  type   0  conf  1.0000
   0.6692867405  -3.2318634261  -3.8416326646
   0.6681398191  -3.2263251520  -3.7890280900
      
      
#  type   0  conf  1.0000
   0.6681398191  -3.2263251520  -3.7890280900
   0.1385442635  -0.6690049438  -1.3890758371
      
      
#  type   0  conf  1.0000
   0.1385442635  -0.6690049438  -1.3890758371
   0.1359855127  -0.6566492034  -1.3783211482
      
      
#  type   0  conf  1.0000
   0.1359855127  -0.6566492034  -1.3783211482
   0.0546965210  -0.2641195098  -1.0359058517
      
      
#  type   0  conf  1.0000
   0.0546965210  -0.2641195098  -1.0359058517
  -0.0063059788   0.0304504201  -0.8369653808
      
      
#  type   0  conf  1.0000
  -0.0063059788   0.0304504201  -0.8369653808
  -0.0169693739   0.0819420071  -0.8402815825
      
      
#  type   0  conf  1.0000
  -0.0169693739   0.0819420071  -0.8402815825
  -0.0767207981   0.3704707212  -1.0333948214
      
      
#  type   0  conf  1.0000
  -0.0767207981   0.3704707212  -1.0333948214
  -0.1610914619   0.7778812464  -1.3881697901
      
      
#  type   0  conf  1.0000
  -0.1610914619   0.7778812464  -1.3881697901
  -0.1639374474   0.7916239907  -1.4007392213
      
      
#  type   0  conf  1.0000
  -0.1639374474   0.7916239907  -1.4007392213
  -0.7066646398   3.4123544747  -3.8612950048
      
      
#  type   0  conf  1.0000
  -0.7066646398   3.4123544747  -3.8612950048
  -0.7068705906   3.4133489735  -3.9738607146
      
      
#  type   0  conf  1.0000
  -0.7068705906   3.4133489735  -3.9738607146
  -0.5701310641   2.7530587754  -4.2567363606
      
      
#  type   0  conf  1.0000
  -0.5701310641   2.7530587754  -4.2567363606
  -0.5607406476   2.7077141694  -4.2741294145
      
      
#  type   0  conf  1.0000
  -0.5607406476   2.7077141694  -4.2741294145
  -0.3792634194   1.8313937805  -4.5926377169
      
      
# 375  norm    -0.9807852804   -0.1950903220    0.0000000000
# nedges  20 
#  type   0  conf  1.0000
   0.3351060502  -1.6846918800  -4.5805641143
   0.5073450993  -2.5505960536  -4.2752902723
      
      
#  type   0  conf  1.0000
   0.5073450993  -2.5505960536  -4.2752902723
   0.5809909863  -2.9208389301  -4.1158615445
      
      
#  type   0  conf  1.0000
   0.5809909863  -2.9208389301  -4.1158615445
   0.6110896237  -3.0721549986  -4.0397823641
      
      
#  type   0  conf  1.0000
   0.6110896237  -3.0721549986  -4.0397823641
   0.6245365902  -3.1397574641  -3.9837802086
      
      
#  type   0  conf  1.0000
   0.6245365902  -3.1397574641  -3.9837802086
   0.6396064184  -3.2155186068  -3.8579340204
      
      
#  type   0  conf  1.0000
   0.6396064184  -3.2155186068  -3.8579340204
   0.6428862186  -3.2320072757  -3.7972927902
      
      
#  type   0  conf  1.0000
   0.6428862186  -3.2320072757  -3.7972927902
   0.1331702320  -0.6694919666  -1.3863898268
      
      
#  type   3  conf  0.0000
#  type   0  conf  1.0000
   0.1308322462  -0.6577381180  -1.3765434371
   0.0526552450  -0.2647157929  -1.0355936618
      
      
#  type   0  conf  1.0000
   0.0526552450  -0.2647157929  -1.0355936618
  -0.0061813475   0.0310757324  -0.8366226197
      
      
#  type   0  conf  1.0000
  -0.0061813475   0.0310757324  -0.8366226197
  -0.0164169496   0.0825335793  -0.8404458559
      
      
#  type   0  conf  1.0000
  -0.0164169496   0.0825335793  -0.8404458559
  -0.0739168645   0.3716051721  -1.0326541664
      
      
#  type   0  conf  1.0000
  -0.0739168645   0.3716051721  -1.0326541664
  -0.1512536997   0.7604036979  -1.3694369989
      
      
#  type   0  conf  1.0000
  -0.1512536997   0.7604036979  -1.3694369989
  -0.1582215337   0.7954333651  -1.4006351981
      
      
#  type   0  conf  1.0000
  -0.1582215337   0.7954333651  -1.4006351981
  -0.6786340037   3.4117235277  -3.8632288115
      
      
#  type   0  conf  1.0000
  -0.6786340037   3.4117235277  -3.8632288115
  -0.6782022023   3.4095527153  -3.9598065640
      
      
#  type   0  conf  1.0000
  -0.6782022023   3.4095527153  -3.9598065640
  -0.6732724772   3.3847693137  -3.9858830697
      
      
#  type   0  conf  1.0000
  -0.6732724772   3.3847693137  -3.9858830697
  -0.5421141236   2.7253917428  -4.2680166604
      
      
#  type   3  conf  0.0000
#  type   0  conf  1.0000
  -0.5394240905   2.7118680332  -4.2727161264
  -0.3637985763   1.8289389496  -4.5927275268
      
      
# 376  norm    -0.9822872507   -0.1873813146    0.0000000000
# nedges  20 
#  type   0  conf  1.0000
   0.3219372191  -1.6876540039  -4.5787131904
   0.4913747791  -2.5758767992  -4.2658166392
      
      
#  type   0  conf  1.0000
   0.4913747791  -2.5758767992  -4.2658166392
   0.5818579052  -3.0502059570  -4.0533334689
      
      
#  type   0  conf  1.0000
   0.5818579052  -3.0502059570  -4.0533334689
   0.6032008074  -3.1620893688  -3.9617982663
      
      
#  type   3  conf  0.0000
#  type   3  conf  0.0000
#  type   0  conf  1.0000
   0.6153132432  -3.2255849809  -3.8415765823
   0.6139136712  -3.2182481671  -3.7881868043
      
      
#  type   0  conf  1.0000
   0.6139136712  -3.2182481671  -3.7881868043
   0.1425367424  -0.7472037706  -1.4565912790
      
      
#  type   0  conf  1.0000
   0.1425367424  -0.7472037706  -1.4565912790
   0.1256538944  -0.6587007823  -1.3740621802
      
      
#  type   0  conf  1.0000
   0.1256538944  -0.6587007823  -1.3740621802
   0.0503419939  -0.2639019737  -1.0340365651
      
      
#  type   0  conf  1.0000
   0.0503419939  -0.2639019737  -1.0340365651
  -0.0049871660   0.0261436399  -0.8406820113
      
      
#  type   4  conf  0.0000
#  type   0  conf  1.0000
  -0.0148481079   0.0778365077  -0.8395120810
  -0.0655254806   0.3434965986  -1.0118452696
      
      
#  type   0  conf  1.0000
  -0.0655254806   0.3434965986  -1.0118452696
  -0.0728486622   0.3818860611  -1.0398946426
      
      
#  type   0  conf  1.0000
  -0.0728486622   0.3818860611  -1.0398946426
  -0.1477283522   0.7744191424  -1.3781927527
      
      
#  type   0  conf  1.0000
  -0.1477283522   0.7744191424  -1.3781927527
  -0.1553730363   0.8144939800  -1.4140268233
      
      
#  type   0  conf  1.0000
  -0.1553730363   0.8144939800  -1.4140268233
  -0.6506175066   3.4106564105  -3.8665801473
      
      
#  type   0  conf  1.0000
  -0.6506175066   3.4106564105  -3.8665801473
  -0.6494393378   3.4044802334  -3.9745058719
      
      
#  type   0  conf  1.0000
  -0.6494393378   3.4044802334  -3.9745058719
  -0.5245991262   2.7500449260  -4.2575988335
      
      
#  type   0  conf  1.0000
  -0.5245991262   2.7500449260  -4.2575988335
  -0.5157187104   2.7034921561  -4.2755735780
      
      
#  type   0  conf  1.0000
  -0.5157187104   2.7034921561  -4.2755735780
  -0.3484085611   1.8264216384  -4.5928569007
      
      
# 377  norm    -0.9837286289   -0.1796607486    0.0000000000
# nedges  19 
#  type   0  conf  1.0000
   0.3062332882  -1.6767738923  -4.5816785725
   0.4696750684  -2.5716959031  -4.2668218730
      
      
#  type   0  conf  1.0000
   0.4696750684  -2.5716959031  -4.2668218730
   0.5554006624  -3.0410845796  -4.0559972157
      
      
#  type   0  conf  1.0000
   0.5554006624  -3.0410845796  -4.0559972157
   0.5768915151  -3.1587572894  -3.9609043570
      
      
#  type   3  conf  0.0000
#  type   3  conf  0.0000
#  type   0  conf  1.0000
   0.5884473701  -3.2220311289  -3.8414902460
   0.5870600159  -3.2144347004  -3.7880713446
      
      
#  type   0  conf  1.0000
   0.5870600159  -3.2144347004  -3.7880713446
   0.1273153792  -0.6971126661  -1.4062256239
      
      
#  type   0  conf  1.0000
   0.1273153792  -0.6971126661  -1.4062256239
   0.1207449778  -0.6611365719  -1.3734521567
      
      
#  type   0  conf  1.0000
   0.1207449778  -0.6611365719  -1.3734521567
   0.0484421819  -0.2652441425  -1.0343732440
      
      
#  type   0  conf  1.0000
   0.0484421819  -0.2652441425  -1.0343732440
  -0.0057548521   0.0315105711  -0.8366278414
      
      
#  type   0  conf  1.0000
  -0.0057548521   0.0315105711  -0.8366278414
  -0.0153639472   0.0841249680  -0.8405661624
      
      
#  type   0  conf  1.0000
  -0.0153639472   0.0841249680  -0.8405661624
  -0.0684214044   0.3746399526  -1.0322721127
      
      
#  type   0  conf  1.0000
  -0.0684214044   0.3746399526  -1.0322721127
  -0.1444449595   0.7909053209  -1.3886652234
      
      
#  type   0  conf  1.0000
  -0.1444449595   0.7909053209  -1.3886652234
  -0.1485276107   0.8132597912  -1.4093692794
      
      
#  type   0  conf  1.0000
  -0.1485276107   0.8132597912  -1.4093692794
  -0.6222768257   3.4072635973  -3.8662288627
      
      
#  type   0  conf  1.0000
  -0.6222768257   3.4072635973  -3.8662288627
  -0.6208539248   3.3994725336  -3.9760221255
      
      
#  type   0  conf  1.0000
  -0.6208539248   3.3994725336  -3.9760221255
  -0.5023325681   2.7505113520  -4.2565159524
      
      
#  type   0  conf  1.0000
  -0.5023325681   2.7505113520  -4.2565159524
  -0.4944547722   2.7073766471  -4.2735619662
      
      
#  type   0  conf  1.0000
  -0.4944547722   2.7073766471  -4.2735619662
  -0.3332489156   1.8246973889  -4.5932441149
      
      
# 378  norm    -0.9851093262   -0.1719291003   -0.0000000000
# nedges  20 
#  type   0  conf  1.0000
   0.2930916772  -1.6793395891  -4.5798408333
   0.4474128161  -2.5635598459  -4.2692811077
      
      
#  type   0  conf  1.0000
   0.4474128161  -2.5635598459  -4.2692811077
   0.5299411894  -3.0364261033  -4.0565680031
      
      
#  type   0  conf  1.0000
   0.5299411894  -3.0364261033  -4.0565680031
   0.5464148772  -3.1308160785  -3.9789633300
      
      
#  type   2  conf  0.0000
#  type   2  conf  0.0000
#  type   0  conf  1.0000
   0.5619701908  -3.2199440067  -3.7974301061
   0.1241241318  -0.7111992075  -1.4162288302
      
      
#  type   0  conf  1.0000
   0.1241241318  -0.7111992075  -1.4162288302
   0.1174534857  -0.6729781285  -1.3810267160
      
      
#  type   0  conf  1.0000
   0.1174534857  -0.6729781285  -1.3810267160
   0.0463444240  -0.2655415761  -1.0333891289
      
      
#  type   0  conf  1.0000
   0.0463444240  -0.2655415761  -1.0333891289
  -0.0045387317   0.0260057601  -0.8411186914
      
      
#  type   4  conf  0.0000
#  type   0  conf  1.0000
  -0.0136307417   0.0781006281  -0.8392314959
  -0.0513208825   0.2940553980  -0.9779387684
      
      
#  type   0  conf  1.0000
  -0.0513208825   0.2940553980  -0.9779387684
  -0.0666551645   0.3819168720  -1.0368762272
      
      
#  type   0  conf  1.0000
  -0.0666551645   0.3819168720  -1.0368762272
  -0.1386508502   0.7944335507  -1.3884530839
      
      
#  type   0  conf  1.0000
  -0.1386508502   0.7944335507  -1.3884530839
  -0.1458960509   0.8359466792  -1.4269710160
      
      
#  type   0  conf  1.0000
  -0.1458960509   0.8359466792  -1.4269710160
  -0.5934371374   3.4002414807  -3.8633240326
      
      
#  type   0  conf  1.0000
  -0.5934371374   3.4002414807  -3.8633240326
  -0.5933252415   3.3996003463  -3.9359021939
      
      
#  type   0  conf  1.0000
  -0.5933252415   3.3996003463  -3.9359021939
  -0.5912464284   3.3876892842  -3.9788448294
      
      
#  type   0  conf  1.0000
  -0.5912464284   3.3876892842  -3.9788448294
  -0.4901588510   2.8084835823  -4.2308235319
      
      
#  type   0  conf  1.0000
  -0.4901588510   2.8084835823  -4.2308235319
  -0.4732065110   2.7113510534  -4.2717340251
      
      
#  type   0  conf  1.0000
  -0.4732065110   2.7113510534  -4.2717340251
  -0.3180542135   1.8223684730  -4.5928977472
      
      
# 379  norm    -0.9864292572   -0.1641868466    0.0000000000
# nedges  21 
#  type   0  conf  1.0000
   0.2798348477  -1.6812387027  -4.5780461875
   0.4233497020  -2.5434712997  -4.2752699350
      
      
#  type   0  conf  1.0000
   0.4233497020  -2.5434712997  -4.2752699350
   0.4840800219  -2.9083370954  -4.1152694193
      
      
#  type   0  conf  1.0000
   0.4840800219  -2.9083370954  -4.1152694193
   0.5072105038  -3.0473042813  -4.0429366381
      
      
#  type   0  conf  1.0000
   0.5072105038  -3.0473042813  -4.0429366381
   0.5235915036  -3.1457207979  -3.9614034089
      
      
#  type   3  conf  0.0000
#  type   3  conf  0.0000
#  type   0  conf  1.0000
   0.5346856958  -3.2123743452  -3.8413513266
   0.5323155457  -3.1981345604  -3.7823423891
      
      
#  type   0  conf  1.0000
   0.5323155457  -3.1981345604  -3.7823423891
   0.1205627147  -0.7243368857  -1.4250632303
      
      
#  type   0  conf  1.0000
   0.1205627147  -0.7243368857  -1.4250632303
   0.1121869566  -0.6740156025  -1.3792841001
      
      
#  type   0  conf  1.0000
   0.1121869566  -0.6740156025  -1.3792841001
   0.0447711448  -0.2689835880  -1.0350862295
      
      
#  type   0  conf  1.0000
   0.0447711448  -0.2689835880  -1.0350862295
  -0.0043354756   0.0260473973  -0.8411780431
      
      
#  type   4  conf  0.0000
#  type   0  conf  1.0000
  -0.0130259395   0.0782594225  -0.8390867449
  -0.0549442179   0.3301030820  -0.9999514561
      
      
#  type   0  conf  1.0000
  -0.0549442179   0.3301030820  -0.9999514561
  -0.0637445449   0.3829751613  -1.0362166229
      
      
#  type   0  conf  1.0000
  -0.0637445449   0.3829751613  -1.0362166229
  -0.1124275917   0.6754613302  -1.2840558234
      
      
#  type   0  conf  1.0000
  -0.1124275917   0.6754613302  -1.2840558234
  -0.1357161683   0.8153783444  -1.4028576864
      
      
#  type   0  conf  1.0000
  -0.1357161683   0.8153783444  -1.4028576864
  -0.5653368576   3.3965255324  -3.8651810923
      
      
#  type   0  conf  1.0000
  -0.5653368576   3.3965255324  -3.8651810923
  -0.5645292600   3.3916735122  -3.9747670448
      
      
#  type   0  conf  1.0000
  -0.5645292600   3.3916735122  -3.9747670448
  -0.4562469159   2.7411166954  -4.2590223297
      
      
#  type   0  conf  1.0000
  -0.4562469159   2.7411166954  -4.2590223297
  -0.4497680979   2.7021921671  -4.2740070970
      
      
#  type   0  conf  1.0000
  -0.4497680979   2.7021921671  -4.2740070970
  -0.3028780713   1.8196816440  -4.5932776509
      
      
# 380  norm    -0.9876883406   -0.1564344650    0.0000000000
# nedges  21 
#  type   0  conf  1.0000
   0.2646453824  -1.6709051841  -4.5805966173
   0.4027969011  -2.5431595442  -4.2742930607
      
      
#  type   0  conf  1.0000
   0.4027969011  -2.5431595442  -4.2742930607
   0.4598067484  -2.9031055544  -4.1154969310
      
      
#  type   0  conf  1.0000
   0.4598067484  -2.9031055544  -4.1154969310
   0.4819747102  -3.0430685567  -4.0417157967
      
      
#  type   0  conf  1.0000
   0.4819747102  -3.0430685567  -4.0417157967
   0.4934271707  -3.1153765465  -3.9807592210
      
      
#  type   2  conf  0.0000
#  type   2  conf  0.0000
#  type   0  conf  1.0000
   0.5081976070  -3.2086334110  -3.7977568574
   0.1196196245  -0.7552485853  -1.4510262997
      
      
#  type   0  conf  1.0000
   0.1196196245  -0.7552485853  -1.4510262997
   0.1068692225  -0.6747457155  -1.3768503516
      
      
#  type   0  conf  1.0000
   0.1068692225  -0.6747457155  -1.3768503516
   0.0425264555  -0.2685014731  -1.0337570028
      
      
#  type   0  conf  1.0000
   0.0425264555  -0.2685014731  -1.0337570028
  -0.0040961463   0.0258620498  -0.8415264724
      
      
#  type   4  conf  0.0000
#  type   0  conf  1.0000
  -0.0124368958   0.0785234697  -0.8391571062
  -0.0486441600   0.3071271388  -0.9843414078
      
      
#  type   0  conf  1.0000
  -0.0486441600   0.3071271388  -0.9843414078
  -0.0607196686   0.3833688999  -1.0348962858
      
      
#  type   0  conf  1.0000
  -0.0607196686   0.3833688999  -1.0348962858
  -0.1274384721   0.8046148461  -1.3905252643
      
      
#  type   0  conf  1.0000
  -0.1274384721   0.8046148461  -1.3905252643
  -0.1374722052   0.8679653436  -1.4482370612
      
      
#  type   0  conf  1.0000
  -0.1374722052   0.8679653436  -1.4482370612
  -0.5350170927   3.3779649795  -3.8539301247
      
      
#  type   0  conf  1.0000
  -0.5350170927   3.3779649795  -3.8539301247
  -0.5366600073   3.3883379338  -3.9335827043
      
      
#  type   0  conf  1.0000
  -0.5366600073   3.3883379338  -3.9335827043
  -0.5358661560   3.3833257542  -3.9761194354
      
      
#  type   0  conf  1.0000
  -0.5358661560   3.3833257542  -3.9761194354
  -0.4392761409   2.7734804000  -4.2434652595
      
      
#  type   0  conf  1.0000
  -0.4392761409   2.7734804000  -4.2434652595
  -0.4285523595   2.7057731089  -4.2719385892
      
      
#  type   0  conf  1.0000
  -0.4285523595   2.7057731089  -4.2719385892
  -0.2878033216   1.8171186576  -4.5927398718
      
      
# 381  norm    -0.9888864987   -0.1486724339    0.0000000000
# nedges  20 
#  type   0  conf  1.0000
   0.2515236599  -1.6729957588  -4.5784538719
   0.3813701740  -2.5366626899  -4.2756204104
      
      
#  type   0  conf  1.0000
   0.3813701740  -2.5366626899  -4.2756204104
   0.4351448346  -2.8943418809  -4.1173300084
      
      
#  type   0  conf  1.0000
   0.4351448346  -2.8943418809  -4.1173300084
   0.4563330360  -3.0352740341  -4.0428867355
      
      
#  type   0  conf  1.0000
   0.4563330360  -3.0352740341  -4.0428867355
   0.4657517671  -3.0979222052  -3.9893589692
      
      
#  type   0  conf  1.0000
   0.4657517671  -3.0979222052  -3.9893589692
   0.4818758593  -3.2051707158  -3.8295265051
      
      
#  type   0  conf  1.0000
   0.4818758593  -3.2051707158  -3.8295265051
   0.4782247712  -3.1808857046  -3.7770793216
      
      
#  type   0  conf  1.0000
   0.4782247712  -3.1808857046  -3.7770793216
   0.1457571077  -0.9694953670  -1.6532292397
      
      
#  type   0  conf  1.0000
   0.1457571077  -0.9694953670  -1.6532292397
   0.1035710101  -0.6888968648  -1.3863624708
      
      
#  type   0  conf  1.0000
   0.1035710101  -0.6888968648  -1.3863624708
   0.0405332906  -0.2696049478  -1.0337984873
      
      
#  type   0  conf  1.0000
   0.0405332906  -0.2696049478  -1.0337984873
  -0.0038979581   0.0259270537  -0.8415714741
      
      
#  type   4  conf  0.0000
#  type   0  conf  1.0000
  -0.0118271188   0.0786674287  -0.8389319576
  -0.0443737099   0.2951492856  -0.9756653054
      
      
#  type   0  conf  1.0000
  -0.0443737099   0.2951492856  -0.9756653054
  -0.0577669727   0.3842338343  -1.0342425804
      
      
#  type   0  conf  1.0000
  -0.0577669727   0.3842338343  -1.0342425804
  -0.1230183291   0.8182496347  -1.3986680283
      
      
#  type   0  conf  1.0000
  -0.1230183291   0.8182496347  -1.3986680283
  -0.1741535497   1.1583727362  -1.7236648008
      
      
#  type   0  conf  1.0000
  -0.1741535497   1.1583727362  -1.7236648008
  -0.5088588509   3.3846465968  -3.8648938335
      
      
#  type   0  conf  1.0000
  -0.5088588509   3.3846465968  -3.8648938335
  -0.5079431844   3.3785560915  -3.9757155108
      
      
#  type   0  conf  1.0000
  -0.5079431844   3.3785560915  -3.9757155108
  -0.4072913916   2.7090762398  -4.2703448598
      
      
#  type   3  conf  0.0000
#  type   0  conf  1.0000
  -0.4053179225   2.6959498188  -4.2744653889
  -0.2725959999   1.8131572671  -4.5929429534
      
      
# 382  norm    -0.9900236577   -0.1409012319   -0.0000000000
# nedges  21 
#  type   0  conf  1.0000
   0.2365699890  -1.6622273815  -4.5809850873
   0.3607523086  -2.5347778385  -4.2748563137
      
      
#  type   0  conf  1.0000
   0.3607523086  -2.5347778385  -4.2748563137
   0.4101729763  -2.8820255486  -4.1206969997
      
      
#  type   0  conf  1.0000
   0.4101729763  -2.8820255486  -4.1206969997
   0.4302536133  -3.0231194583  -4.0461889329
      
      
#  type   0  conf  1.0000
   0.4302536133  -3.0231194583  -4.0461889329
   0.4401001108  -3.0923045559  -3.9879980455
      
      
#  type   0  conf  1.0000
   0.4401001108  -3.0923045559  -3.9879980455
   0.4530378162  -3.1832096121  -3.8534835870
      
      
#  type   0  conf  1.0000
   0.4530378162  -3.1832096121  -3.8534835870
   0.4547165665  -3.1950051267  -3.7978441867
      
      
#  type   0  conf  1.0000
   0.4547165665  -3.1950051267  -3.7978441867
   0.1399885498  -0.9836108185  -1.6636843046
      
      
#  type   0  conf  1.0000
   0.1399885498  -0.9836108185  -1.6636843046
   0.0982009310  -0.6899957056  -1.3847297170
      
      
#  type   0  conf  1.0000
   0.0982009310  -0.6899957056  -1.3847297170
   0.0383877010  -0.2697260456  -1.0332195229
      
      
#  type   0  conf  1.0000
   0.0383877010  -0.2697260456  -1.0332195229
  -0.0037158908   0.0261092093  -0.8413739788
      
      
#  type   4  conf  0.0000
#  type   0  conf  1.0000
  -0.0112205062   0.0788393859  -0.8386099753
  -0.0505455159   0.3551513057  -1.0129756585
      
      
#  type   0  conf  1.0000
  -0.0505455159   0.3551513057  -1.0129756585
  -0.0565666144   0.3974577493  -1.0436655444
      
      
#  type   0  conf  1.0000
  -0.0565666144   0.3974577493  -1.0436655444
  -0.1164952618   0.8185383734  -1.3960607194
      
      
#  type   0  conf  1.0000
  -0.1164952618   0.8185383734  -1.3960607194
  -0.1656228125   1.1637265367  -1.7251258953
      
      
#  type   0  conf  1.0000
  -0.1656228125   1.1637265367  -1.7251258953
  -0.4792527570   3.3674053867  -3.8555296847
      
      
#  type   0  conf  1.0000
  -0.4792527570   3.3674053867  -3.8555296847
  -0.4804689607   3.3759508794  -3.9333876353
      
      
#  type   0  conf  1.0000
  -0.4804689607   3.3759508794  -3.9333876353
  -0.4794645933   3.3688938261  -3.9772894654
      
      
#  type   0  conf  1.0000
  -0.4794645933   3.3688938261  -3.9772894654
  -0.3914938454   2.7507791343  -4.2504106685
      
      
#  type   0  conf  1.0000
  -0.3914938454   2.7507791343  -4.2504106685
  -0.3841423507   2.6991248399  -4.2719928620
      
      
#  type   0  conf  1.0000
  -0.3841423507   2.6991248399  -4.2719928620
  -0.2575561002   1.8096834844  -4.5932292881
      
      
# 383  norm    -0.9910997474   -0.1331213385    0.0000000000
# nedges  21 
#  type   0  conf  1.0000
   0.2235747811  -1.6645333609  -4.5790645023
   0.3400817238  -2.5319375114  -4.2749712121
      
      
#  type   0  conf  1.0000
   0.3400817238  -2.5319375114  -4.2749712121
   0.3868884148  -2.8804173277  -4.1189985642
      
      
#  type   0  conf  1.0000
   0.3868884148  -2.8804173277  -4.1189985642
   0.4048442417  -3.0140999944  -4.0474673193
      
      
#  type   0  conf  1.0000
   0.4048442417  -3.0140999944  -4.0474673193
   0.4188831873  -3.1186211443  -3.9605720629
      
      
#  type   3  conf  0.0000
#  type   3  conf  0.0000
#  type   0  conf  1.0000
   0.4281624160  -3.1877057954  -3.8414203650
   0.4270591341  -3.1794917678  -3.7881463665
      
      
#  type   0  conf  1.0000
   0.4270591341  -3.1794917678  -3.7881463665
   0.1297908002  -0.9663036048  -1.6442682754
      
      
#  type   0  conf  1.0000
   0.1297908002  -0.9663036048  -1.6442682754
   0.0927734404  -0.6907061963  -1.3832283054
      
      
#  type   0  conf  1.0000
   0.0927734404  -0.6907061963  -1.3832283054
   0.0362891417  -0.2701757626  -1.0324647459
      
      
#  type   0  conf  1.0000
   0.0362891417  -0.2701757626  -1.0324647459
  -0.0047753874   0.0355531678  -0.8356108179
      
      
#  type   0  conf  1.0000
  -0.0047753874   0.0355531678  -0.8356108179
  -0.0117526194   0.0874992560  -0.8409933587
      
      
#  type   0  conf  1.0000
  -0.0117526194   0.0874992560  -0.8409933587
  -0.0519872476   0.3870495030  -1.0336100700
      
      
#  type   0  conf  1.0000
  -0.0519872476   0.3870495030  -1.0336100700
  -0.1090570829   0.8119393065  -1.3874460204
      
      
#  type   0  conf  1.0000
  -0.1090570829   0.8119393065  -1.3874460204
  -0.1529480764   1.1387115064  -1.6976430719
      
      
#  type   0  conf  1.0000
  -0.1529480764   1.1387115064  -1.6976430719
  -0.4512450136   3.3595577086  -3.8540154676
      
      
#  type   0  conf  1.0000
  -0.4512450136   3.3595577086  -3.8540154676
  -0.4526863002   3.3702882099  -3.9268431906
      
      
#  type   0  conf  1.0000
  -0.4526863002   3.3702882099  -3.9268431906
  -0.4520284826   3.3653907023  -3.9762058790
      
      
#  type   0  conf  1.0000
  -0.4520284826   3.3653907023  -3.9762058790
  -0.3629838926   2.7024461159  -4.2703568866
      
      
#  type   3  conf  0.0000
#  type   0  conf  1.0000
  -0.3612225742   2.6893329499  -4.2747452819
  -0.2426715947   1.8067107712  -4.5927902321
      
      
# 384  norm    -0.9921147013   -0.1253332336    0.0000000000
# nedges  21 
#  type   0  conf  1.0000
   0.2100719938  -1.6628910583  -4.5779048921
   0.3191304187  -2.5261773836  -4.2754976702
      
      
#  type   0  conf  1.0000
   0.3191304187  -2.5261773836  -4.2754976702
   0.3632019391  -2.8750393900  -4.1189518003
      
      
#  type   0  conf  1.0000
   0.3632019391  -2.8750393900  -4.1189518003
   0.3800648262  -3.0085228857  -4.0465117617
      
      
#  type   0  conf  1.0000
   0.3800648262  -3.0085228857  -4.0465117617
   0.3919637254  -3.1027123714  -3.9661963687
      
      
#  type   3  conf  0.0000
#  type   3  conf  0.0000
#  type   0  conf  1.0000
   0.4003728470  -3.1692774233  -3.8561290720
   0.4025392988  -3.1864266552  -3.8021784651
      
      
#  type   0  conf  1.0000
   0.4025392988  -3.1864266552  -3.8021784651
   0.1214932038  -0.9617177355  -1.6368581008
      
      
#  type   0  conf  1.0000
   0.1214932038  -0.9617177355  -1.6368581008
   0.0874833203  -0.6925017869  -1.3823639127
      
      
#  type   0  conf  1.0000
   0.0874833203  -0.6925017869  -1.3823639127
   0.0344773140  -0.2729160421  -1.0339850047
      
      
#  type   0  conf  1.0000
   0.0344773140  -0.2729160421  -1.0339850047
  -0.0044864360   0.0355137978  -0.8354623606
      
      
#  type   0  conf  1.0000
  -0.0044864360   0.0355137978  -0.8354623606
  -0.0110229825   0.0872558909  -0.8406066107
      
      
#  type   0  conf  1.0000
  -0.0110229825   0.0872558909  -0.8406066107
  -0.0488861902   0.3869740419  -1.0321550609
      
      
#  type   0  conf  1.0000
  -0.0488861902   0.3869740419  -1.0321550609
  -0.1035238732   0.8194758374  -1.3909316850
      
      
#  type   0  conf  1.0000
  -0.1035238732   0.8194758374  -1.3909316850
  -0.1374490850   1.0880215409  -1.6449426422
      
      
#  type   0  conf  1.0000
  -0.1374490850   1.0880215409  -1.6449426422
  -0.4235050197   3.3523874252  -3.8529857196
      
      
#  type   0  conf  1.0000
  -0.4235050197   3.3523874252  -3.8529857196
  -0.4248148130   3.3627555064  -3.9192754346
      
      
#  type   0  conf  1.0000
  -0.4248148130   3.3627555064  -3.9192754346
  -0.4242575171   3.3583440554  -3.9753714781
      
      
#  type   0  conf  1.0000
  -0.4242575171   3.3583440554  -3.9753714781
  -0.3415672561   2.7037832398  -4.2684048736
      
      
#  type   0  conf  1.0000
  -0.3415672561   2.7037832398  -4.2684048736
  -0.3374996782   2.6715850451  -4.2800524470
      
      
#  type   0  conf  1.0000
  -0.3374996782   2.6715850451  -4.2800524470
  -0.2277766068   1.8030375006  -4.5920723655
      
      
# 385  norm    -0.9930684570   -0.1175373975    0.0000000000
# nedges  19 
#  type   0  conf  1.0000
   0.1961891433  -1.6575937020  -4.5785747784
   0.3008310333  -2.5417085670  -4.2687607851
      
      
#  type   0  conf  1.0000
   0.3008310333  -2.5417085670  -4.2687607851
   0.3519649681  -2.9737370006  -4.0667581076
      
      
#  type   0  conf  1.0000
   0.3519649681  -2.9737370006  -4.0667581076
   0.3613479295  -3.0530132410  -4.0034957200
      
      
#  type   0  conf  1.0000
   0.3613479295  -3.0530132410  -4.0034957200
   0.3744013237  -3.1633008123  -3.8539637295
      
      
#  type   0  conf  1.0000
   0.3744013237  -3.1633008123  -3.8539637295
   0.3758041192  -3.1751529716  -3.7979365488
      
      
#  type   0  conf  1.0000
   0.3758041192  -3.1751529716  -3.7979365488
   0.1167610323  -0.9865089806  -1.6579944173
      
      
#  type   0  conf  1.0000
   0.1167610323  -0.9865089806  -1.6579944173
   0.0828621541  -0.7000988054  -1.3865224360
      
      
#  type   0  conf  1.0000
   0.0828621541  -0.7000988054  -1.3865224360
   0.0322835794  -0.2727625850  -1.0329002044
      
      
#  type   0  conf  1.0000
   0.0322835794  -0.2727625850  -1.0329002044
  -0.0042595066   0.0359883892  -0.8355668797
      
      
#  type   0  conf  1.0000
  -0.0042595066   0.0359883892  -0.8355668797
  -0.0104962432   0.0886823110  -0.8410736683
      
      
#  type   0  conf  1.0000
  -0.0104962432   0.0886823110  -0.8410736683
  -0.0462609850   0.3908570890  -1.0339666687
      
      
#  type   0  conf  1.0000
  -0.0462609850   0.3908570890  -1.0339666687
  -0.0971401315   0.8207328274  -1.3892638965
      
      
#  type   0  conf  1.0000
  -0.0971401315   0.8207328274  -1.3892638965
  -0.1321524538   1.1165504441  -1.6690059430
      
      
#  type   0  conf  1.0000
  -0.1321524538   1.1165504441  -1.6690059430
  -0.3959511737   3.3453745752  -3.8533953131
      
      
#  type   0  conf  1.0000
  -0.3959511737   3.3453745752  -3.8533953131
  -0.3971311634   3.3553442575  -3.9333800974
      
      
#  type   0  conf  1.0000
  -0.3971311634   3.3553442575  -3.9333800974
  -0.3964371466   3.3494805398  -3.9764281622
      
      
#  type   0  conf  1.0000
  -0.3964371466   3.3494805398  -3.9764281622
  -0.3259970253   2.7543349597  -4.2438795975
      
      
#  type   0  conf  1.0000
  -0.3259970253   2.7543349597  -4.2438795975
  -0.3174262918   2.6819211976  -4.2746824764
      
      
#  type   0  conf  1.0000
  -0.3174262918   2.6819211976  -4.2746824764
  -0.2129113812   1.7988791773  -4.5928818743
      
      
# 386  norm    -0.9939609555   -0.1097343111    0.0000000000
# nedges  21 
#  type   0  conf  1.0000
   0.1825346243  -1.6533779433  -4.5784808800
   0.2776146564  -2.5146021000  -4.2768847862
      
      
#  type   0  conf  1.0000
   0.2776146564  -2.5146021000  -4.2768847862
   0.3170182536  -2.8715154183  -4.1149221011
      
      
#  type   0  conf  1.0000
   0.3170182536  -2.8715154183  -4.1149221011
   0.3306841065  -2.9952991654  -4.0454502116
      
      
#  type   0  conf  1.0000
   0.3306841065  -2.9952991654  -4.0454502116
   0.3368357114  -3.0510197056  -3.9963809296
      
      
#  type   0  conf  1.0000
   0.3368357114  -3.0510197056  -3.9963809296
   0.3461702295  -3.1355707129  -3.8797848513
      
      
#  type   2  conf  0.0000
#  type   0  conf  1.0000
   0.3506588020  -3.1762276942  -3.8063893982
   0.1104435723  -1.0003853633  -1.6685045221
      
      
#  type   0  conf  1.0000
   0.1104435723  -1.0003853633  -1.6685045221
   0.0777851498  -0.7045690727  -1.3884301742
      
      
#  type   0  conf  1.0000
   0.0777851498  -0.7045690727  -1.3884301742
   0.0304592743  -0.2758966554  -1.0344235789
      
      
#  type   0  conf  1.0000
   0.0304592743  -0.2758966554  -1.0344235789
  -0.0042621869   0.0386064062  -0.8338670976
      
      
#  type   0  conf  1.0000
  -0.0042621869   0.0386064062  -0.8338670976
  -0.0103094901   0.0933821929  -0.8437928401
      
      
#  type   0  conf  1.0000
  -0.0103094901   0.0933821929  -0.8437928401
  -0.0432576074   0.3918225065  -1.0336362443
      
      
#  type   0  conf  1.0000
  -0.0432576074   0.3918225065  -1.0336362443
  -0.0913004506   0.8269891361  -1.3918740841
      
      
#  type   0  conf  1.0000
  -0.0913004506   0.8269891361  -1.3918740841
  -0.1304158818   1.1812922796  -1.7274722112
      
      
#  type   0  conf  1.0000
  -0.1304158818   1.1812922796  -1.7274722112
  -0.1517033967   1.3741121769  -1.9159372236
      
      
#  type   0  conf  1.0000
  -0.1517033967   1.3741121769  -1.9159372236
  -0.3683854945   3.3367940665  -3.8541435757
      
      
#  type   0  conf  1.0000
  -0.3683854945   3.3367940665  -3.8541435757
  -0.3695036033   3.3469217692  -3.9332455251
      
      
#  type   0  conf  1.0000
  -0.3695036033   3.3469217692  -3.9332455251
  -0.3690241683   3.3425791010  -3.9762681988
      
      
#  type   0  conf  1.0000
  -0.3690241683   3.3425791010  -3.9762681988
  -0.3034502776   2.7486182298  -4.2442887542
      
      
#  type   0  conf  1.0000
  -0.3034502776   2.7486182298  -4.2442887542
  -0.2963749078   2.6845303318  -4.2719434386
      
      
#  type   0  conf  1.0000
  -0.2963749078   2.6845303318  -4.2719434386
  -0.1982450956   1.7956816117  -4.5930763052
      
      
# 387  norm    -0.9947921418   -0.1019244558    0.0000000000
# nedges  21 
#  type   0  conf  1.0000
   0.1688164425  -1.6476641363  -4.5787410493
   0.2573474406  -2.5117348888  -4.2758970989
      
      
#  type   0  conf  1.0000
   0.2573474406  -2.5117348888  -4.2758970989
   0.2918943273  -2.8489157072  -4.1221942531
      
      
#  type   0  conf  1.0000
   0.2918943273  -2.8489157072  -4.1221942531
   0.3046385439  -2.9733004430  -4.0539143682
      
      
#  type   0  conf  1.0000
   0.3046385439  -2.9733004430  -4.0539143682
   0.3111861393  -3.0372055814  -4.0014301646
      
      
#  type   0  conf  1.0000
   0.3111861393  -3.0372055814  -4.0014301646
   0.3213533249  -3.1364382561  -3.8667430958
      
      
#  type   0  conf  1.0000
   0.3213533249  -3.1364382561  -3.8667430958
   0.3243286968  -3.1654781610  -3.8074450303
      
      
#  type   0  conf  1.0000
   0.3243286968  -3.1654781610  -3.8074450303
   0.1209854246  -1.1808289651  -1.8396799325
      
      
#  type   0  conf  1.0000
   0.1209854246  -1.1808289651  -1.8396799325
   0.1077878970  -1.0520198722  -1.7140998587
      
      
#  type   0  conf  1.0000
   0.1077878970  -1.0520198722  -1.7140998587
   0.0720374720  -0.7030924081  -1.3848072369
      
      
#  type   0  conf  1.0000
   0.0720374720  -0.7030924081  -1.3848072369
   0.0279380350  -0.2726778130  -1.0314162518
      
      
#  type   0  conf  1.0000
   0.0279380350  -0.2726778130  -1.0314162518
  -0.0037242106   0.0363486412  -0.8355293078
      
      
#  type   0  conf  1.0000
  -0.0037242106   0.0363486412  -0.8355293078
  -0.0090861797   0.0886819569  -0.8406338809
      
      
#  type   0  conf  1.0000
  -0.0090861797   0.0886819569  -0.8406338809
  -0.0402398281   0.3927444547  -1.0331704507
      
      
#  type   0  conf  1.0000
  -0.0402398281   0.3927444547  -1.0331704507
  -0.0847933537   0.8275909966  -1.3897313874
      
      
#  type   0  conf  1.0000
  -0.0847933537   0.8275909966  -1.3897313874
  -0.1224062429   1.1946962836  -1.7359823217
      
      
#  type   0  conf  1.0000
  -0.1224062429   1.1946962836  -1.7359823217
  -0.1278706704   1.2480296024  -1.7881139612
      
      
#  type   0  conf  1.0000
  -0.1278706704   1.2480296024  -1.7881139612
  -0.3423081383   3.3409591774  -3.8660634066
      
      
#  type   0  conf  1.0000
  -0.3423081383   3.3409591774  -3.8660634066
  -0.3417171432   3.3351910112  -3.9756738803
      
      
#  type   0  conf  1.0000
  -0.3417171432   3.3351910112  -3.9756738803
  -0.2805380093   2.7380769903  -4.2466027385
      
      
#  type   0  conf  1.0000
  -0.2805380093   2.7380769903  -4.2466027385
  -0.2739246476   2.6735299659  -4.2743279801
      
      
#  type   0  conf  1.0000
  -0.2739246476   2.6735299659  -4.2743279801
  -0.1834053739   1.7900534592  -4.5929712325
      
      
# 388  norm    -0.9955619646   -0.0941083133    0.0000000000
# nedges  22 
#  type   0  conf  1.0000
   0.1555298602  -1.6453340593  -4.5777976223
   0.2367892620  -2.5049687378  -4.2763816099
      
      
#  type   0  conf  1.0000
   0.2367892620  -2.5049687378  -4.2763816099
   0.2681218329  -2.8364327155  -4.1242576917
      
      
#  type   0  conf  1.0000
   0.2681218329  -2.8364327155  -4.1242576917
   0.2803884927  -2.9662004218  -4.0529419208
      
      
#  type   0  conf  1.0000
   0.2803884927  -2.9662004218  -4.0529419208
   0.2903384090  -3.0714595418  -3.9617545551
      
      
#  type   3  conf  0.0000
#  type   3  conf  0.0000
#  type   0  conf  1.0000
   0.2974477919  -3.1466689566  -3.8432430643
   0.2965595257  -3.1372720821  -3.7890864446
      
      
#  type   0  conf  1.0000
   0.2965595257  -3.1372720821  -3.7890864446
   0.1069347405  -1.1312513905  -1.7870314790
      
      
#  type   0  conf  1.0000
   0.1069347405  -1.1312513905  -1.7870314790
   0.1021207682  -1.0803248838  -1.7373151775
      
      
#  type   0  conf  1.0000
   0.1021207682  -1.0803248838  -1.7373151775
   0.0667813002  -0.7064723627  -1.3855895081
      
      
#  type   0  conf  1.0000
   0.0667813002  -0.7064723627  -1.3855895081
   0.0260224357  -0.2752886145  -1.0326512266
      
      
#  type   0  conf  1.0000
   0.0260224357  -0.2752886145  -1.0326512266
  -0.0033326618   0.0352558794  -0.8360855636
      
      
#  type   0  conf  1.0000
  -0.0033326618   0.0352558794  -0.8360855636
  -0.0082551855   0.0873307408  -0.8397923203
      
      
#  type   0  conf  1.0000
  -0.0082551855   0.0873307408  -0.8397923203
  -0.0371453378   0.3929566280  -1.0321330379
      
      
#  type   0  conf  1.0000
  -0.0371453378   0.3929566280  -1.0321330379
  -0.0783717071   0.8290860596  -1.3882143506
      
      
#  type   0  conf  1.0000
  -0.0783717071   0.8290860596  -1.3882143506
  -0.1136499669   1.2022910653  -1.7389788303
      
      
#  type   0  conf  1.0000
  -0.1136499669   1.2022910653  -1.7389788303
  -0.3142076979   3.3239702420  -3.8578739217
      
      
#  type   0  conf  1.0000
  -0.3142076979   3.3239702420  -3.8578739217
  -0.3146730657   3.3288933188  -3.9322290043
      
      
#  type   0  conf  1.0000
  -0.3146730657   3.3288933188  -3.9322290043
  -0.3137229591   3.3188422417  -3.9777753855
      
      
#  type   0  conf  1.0000
  -0.3137229591   3.3188422417  -3.9777753855
  -0.2588929190   2.7388010050  -4.2440023184
      
      
#  type   0  conf  1.0000
  -0.2588929190   2.7388010050  -4.2440023184
  -0.2528195030   2.6745509745  -4.2720929063
      
      
#  type   0  conf  1.0000
  -0.2528195030   2.6745509745  -4.2720929063
  -0.1687546883   1.7852381274  -4.5923137279
      
      
# 389  norm    -0.9962703765   -0.0862863658    0.0000000000
# nedges  22 
#  type   0  conf  1.0000
   0.1415798078  -1.6346935823  -4.5795601612
   0.2166763874  -2.5017656503  -4.2754268133
      
      
#  type   0  conf  1.0000
   0.2166763874  -2.5017656503  -4.2754268133
   0.2455139766  -2.8347271278  -4.1211035364
      
      
#  type   0  conf  1.0000
   0.2455139766  -2.8347271278  -4.1211035364
   0.2558817205  -2.9544340600  -4.0541302297
      
      
#  type   0  conf  1.0000
   0.2558817205  -2.9544340600  -4.0541302297
   0.2625168842  -3.0310442752  -3.9880691404
      
      
#  type   0  conf  1.0000
   0.2625168842  -3.0310442752  -3.9880691404
   0.2699687666  -3.1170843994  -3.8661990067
      
      
#  type   2  conf  0.0000
#  type   0  conf  1.0000
   0.2725778369  -3.1472089667  -3.8082535008
   0.0948638107  -1.0953063504  -1.7480157582
      
      
#  type   0  conf  1.0000
   0.0948638107  -1.0953063504  -1.7480157582
   0.0923472290  -1.0662496650  -1.7206278702
      
      
#  type   0  conf  1.0000
   0.0923472290  -1.0662496650  -1.7206278702
   0.0611349545  -0.7058698506  -1.3830669937
      
      
#  type   0  conf  1.0000
   0.0611349545  -0.7058698506  -1.3830669937
   0.0239020192  -0.2759749294  -1.0324176553
      
      
#  type   0  conf  1.0000
   0.0239020192  -0.2759749294  -1.0324176553
  -0.0031522338   0.0363959837  -0.8358014424
      
      
#  type   0  conf  1.0000
  -0.0031522338   0.0363959837  -0.8358014424
  -0.0077293321   0.0892435853  -0.8407014768
      
      
#  type   0  conf  1.0000
  -0.0077293321   0.0892435853  -0.8407014768
  -0.0341395538   0.3941784518  -1.0320269905
      
      
#  type   0  conf  1.0000
  -0.0341395538   0.3941784518  -1.0320269905
  -0.0720664251   0.8320856237  -1.3883071129
      
      
#  type   0  conf  1.0000
  -0.0720664251   0.8320856237  -1.3883071129
  -0.1042378600   1.2035399920  -1.7362960761
      
      
#  type   0  conf  1.0000
  -0.1042378600   1.2035399920  -1.7362960761
  -0.1103454438   1.2740587211  -1.8058783398
      
      
#  type   0  conf  1.0000
  -0.1103454438   1.2740587211  -1.8058783398
  -0.2867227402   3.3105273317  -3.8563304385
      
      
#  type   0  conf  1.0000
  -0.2867227402   3.3105273317  -3.8563304385
  -0.2875098029   3.3196148301  -3.9337109857
      
      
#  type   0  conf  1.0000
  -0.2875098029   3.3196148301  -3.9337109857
  -0.2869508632   3.3131612609  -3.9768816905
      
      
#  type   0  conf  1.0000
  -0.2869508632   3.3131612609  -3.9768816905
  -0.2341540559   2.7035644305  -4.2570494527
      
      
#  type   0  conf  1.0000
  -0.2341540559   2.7035644305  -4.2570494527
  -0.2308433157   2.6653383180  -4.2732269894
      
      
#  type   0  conf  1.0000
  -0.2308433157   2.6653383180  -4.2732269894
  -0.1541414901   1.7797319303  -4.5929988691
      
      
# 390  norm    -0.9969173337   -0.0784590957    0.0000000000
# nedges  22 
#  type   0  conf  1.0000
   0.1276849693  -1.6223913612  -4.5819428829
   0.1961958039  -2.4929040527  -4.2764974341
      
      
#  type   0  conf  1.0000
   0.1961958039  -2.4929040527  -4.2764974341
   0.2222921460  -2.8244895182  -4.1222757239
      
      
#  type   0  conf  1.0000
   0.2222921460  -2.8244895182  -4.1222757239
   0.2314711400  -2.9411196949  -4.0565722958
      
      
#  type   0  conf  1.0000
   0.2314711400  -2.9411196949  -4.0565722958
   0.2366501305  -3.0069250089  -4.0000680701
      
      
#  type   0  conf  1.0000
   0.2366501305  -3.0069250089  -4.0000680701
   0.2445438367  -3.1072240560  -3.8670208430
      
      
#  type   2  conf  0.0000
#  type   0  conf  1.0000
   0.2468580380  -3.1366287722  -3.8083242733
   0.0900362573  -1.1440191184  -1.7934855555
      
      
#  type   0  conf  1.0000
   0.0900362573  -1.1440191184  -1.7934855555
   0.0843130847  -1.0712993167  -1.7218888076
      
      
#  type   0  conf  1.0000
   0.0843130847  -1.0712993167  -1.7218888076
   0.0557265024  -0.7080723482  -1.3831188190
      
      
#  type   0  conf  1.0000
   0.0557265024  -0.7080723482  -1.3831188190
   0.0218181559  -0.2772259561  -1.0328082916
      
      
#  type   0  conf  1.0000
   0.0218181559  -0.2772259561  -1.0328082916
  -0.0028757903   0.0365403804  -0.8357010649
      
      
#  type   0  conf  1.0000
  -0.0028757903   0.0365403804  -0.8357010649
  -0.0070137677   0.0891183686  -0.8403362931
      
      
#  type   0  conf  1.0000
  -0.0070137677   0.0891183686  -0.8403362931
  -0.0312062079   0.3965124668  -1.0328558698
      
      
#  type   0  conf  1.0000
  -0.0312062079   0.3965124668  -1.0328558698
  -0.0657810123   0.8358270099  -1.3891508964
      
      
#  type   0  conf  1.0000
  -0.0657810123   0.8358270099  -1.3891508964
  -0.0939955868   1.1943271708  -1.7237295979
      
      
#  type   0  conf  1.0000
  -0.0939955868   1.1943271708  -1.7237295979
  -0.0962996207   1.2236026971  -1.7516433685
      
      
#  type   0  conf  1.0000
  -0.0962996207   1.2236026971  -1.7516433685
  -0.2603105201   3.3075587628  -3.8620293796
      
      
#  type   0  conf  1.0000
  -0.2603105201   3.3075587628  -3.8620293796
  -0.2604197628   3.3089468236  -3.9333532765
      
      
#  type   0  conf  1.0000
  -0.2604197628   3.3089468236  -3.9333532765
  -0.2597166180   3.3000125219  -3.9777344442
      
      
#  type   0  conf  1.0000
  -0.2597166180   3.3000125219  -3.9777344442
  -0.2119322991   2.6928551820  -4.2593927392
      
      
#  type   0  conf  1.0000
  -0.2119322991   2.6928551820  -4.2593927392
  -0.2078328449   2.6407666786  -4.2801617595
      
      
#  type   0  conf  1.0000
  -0.2078328449   2.6407666786  -4.2801617595
  -0.1397070727   1.7751466693  -4.5921312758
      
      
# 391  norm    -0.9975027964   -0.0706269859   -0.0000000000
# nedges  21 
#  type   0  conf  1.0000
   0.1150039039  -1.6242618065  -4.5793296386
   0.1772531169  -2.5034408229  -4.2708947205
      
      
#  type   0  conf  1.0000
   0.1772531169  -2.5034408229  -4.2708947205
   0.2061493494  -2.9115578107  -4.0736939897
      
      
#  type   0  conf  1.0000
   0.2061493494  -2.9115578107  -4.0736939897
   0.2122715225  -2.9980245447  -3.9993160649
      
      
#  type   0  conf  1.0000
   0.2122715225  -2.9980245447  -3.9993160649
   0.2197855676  -3.1041494329  -3.8596469257
      
      
#  type   2  conf  0.0000
#  type   0  conf  1.0000
   0.2214612867  -3.1278165120  -3.8088401357
   0.0792273313  -1.1189700855  -1.7651850260
      
      
#  type   0  conf  1.0000
   0.0792273313  -1.1189700855  -1.7651850260
   0.0761046334  -1.0748665484  -1.7222150408
      
      
#  type   0  conf  1.0000
   0.0761046334  -1.0748665484  -1.7222150408
   0.0499429437  -0.7053709765  -1.3788876929
      
      
#  type   0  conf  1.0000
   0.0499429437  -0.7053709765  -1.3788876929
   0.0195992116  -0.2768101750  -1.0319644460
      
      
#  type   0  conf  1.0000
   0.0195992116  -0.2768101750  -1.0319644460
  -0.0026485150   0.0374063978  -0.8353939085
      
      
#  type   0  conf  1.0000
  -0.0026485150   0.0374063978  -0.8353939085
  -0.0062882467   0.0888122809  -0.8401266133
      
      
#  type   0  conf  1.0000
  -0.0062882467   0.0888122809  -0.8401266133
  -0.0281720702   0.3978892553  -1.0327340128
      
      
#  type   0  conf  1.0000
  -0.0281720702   0.3978892553  -1.0327340128
  -0.0591463439   0.8353555330  -1.3866902711
      
      
#  type   0  conf  1.0000
  -0.0591463439   0.8353555330  -1.3866902711
  -0.0857274499   1.2107747471  -1.7354469968
      
      
#  type   0  conf  1.0000
  -0.0857274499   1.2107747471  -1.7354469968
  -0.0875819348   1.2369666314  -1.7606942918
      
      
#  type   0  conf  1.0000
  -0.0875819348   1.2369666314  -1.7606942918
  -0.2328945981   3.2892953000  -3.8546064740
      
      
#  type   0  conf  1.0000
  -0.2328945981   3.2892953000  -3.8546064740
  -0.2336475985   3.2999303283  -3.9333339285
      
      
#  type   0  conf  1.0000
  -0.2336475985   3.2999303283  -3.9333339285
  -0.2332546809   3.2943809422  -3.9768940250
      
      
#  type   0  conf  1.0000
  -0.2332546809   3.2943809422  -3.9768940250
  -0.1907570603   2.6941642572  -4.2556976488
      
      
#  type   0  conf  1.0000
  -0.1907570603   2.6941642572  -4.2556976488
  -0.1880061832   2.6553121440  -4.2725074135
      
      
#  type   0  conf  1.0000
  -0.1880061832   2.6553121440  -4.2725074135
  -0.1252686478   1.7692362885  -4.5931965131
      
      
# 392  norm    -0.9980267284   -0.0627905195    0.0000000000
# nedges  21 
#  type   0  conf  1.0000
   0.1022819984  -1.6257258098  -4.5769621076
   0.1563405624  -2.4849620799  -4.2749381484
      
      
#  type   0  conf  1.0000
   0.1563405624  -2.4849620799  -4.2749381484
   0.1766011830  -2.8069954234  -4.1224232058
      
      
#  type   0  conf  1.0000
   0.1766011830  -2.8069954234  -4.1224232058
   0.1837971594  -2.9213721926  -4.0567427252
      
      
#  type   0  conf  1.0000
   0.1837971594  -2.9213721926  -4.0567427252
   0.1878001122  -2.9849973049  -4.0011099802
      
      
#  type   0  conf  1.0000
   0.1878001122  -2.9849973049  -4.0011099802
   0.1945881130  -3.0928894883  -3.8603148763
      
      
#  type   2  conf  0.0000
#  type   0  conf  1.0000
   0.1960809731  -3.1166178202  -3.8086325117
   0.0704102152  -1.1191383234  -1.7623077761
      
      
#  type   0  conf  1.0000
   0.0704102152  -1.1191383234  -1.7623077761
   0.0669142374  -1.0635713469  -1.7090391662
      
      
#  type   0  conf  1.0000
   0.0669142374  -1.0635713469  -1.7090391662
   0.0448350101  -0.7126320782  -1.3834140292
      
      
#  type   0  conf  1.0000
   0.0448350101  -0.7126320782  -1.3834140292
   0.0175666226  -0.2792134708  -1.0332425988
      
      
#  type   0  conf  1.0000
   0.0175666226  -0.2792134708  -1.0332425988
  -0.0023215442   0.0368998890  -0.8357851347
      
      
#  type   0  conf  1.0000
  -0.0023215442   0.0368998890  -0.8357851347
  -0.0056099588   0.0891677425  -0.8402438635
      
      
#  type   0  conf  1.0000
  -0.0056099588   0.0891677425  -0.8402438635
  -0.0250071345   0.3974770212  -1.0314550440
      
      
#  type   0  conf  1.0000
  -0.0250071345   0.3974770212  -1.0314550440
  -0.0525507880   0.8352708558  -1.3841631271
      
      
#  type   0  conf  1.0000
  -0.0525507880   0.8352708558  -1.3841631271
  -0.0762332591   1.2116929556  -1.7327125385
      
      
#  type   0  conf  1.0000
  -0.0762332591   1.2116929556  -1.7327125385
  -0.0781526011   1.2422000222  -1.7625326721
      
      
#  type   0  conf  1.0000
  -0.0781526011   1.2422000222  -1.7625326721
  -0.2071078339   3.2918847538  -3.8678001554
      
      
#  type   0  conf  1.0000
  -0.2071078339   3.2918847538  -3.8678001554
  -0.2068320188   3.2875007974  -3.9742378265
      
      
#  type   0  conf  1.0000
  -0.2068320188   3.2875007974  -3.9742378265
  -0.1671567279   2.6568801070  -4.2703812340
      
      
#  type   3  conf  0.0000
#  type   0  conf  1.0000
  -0.1663187179   2.6435603197  -4.2743811524
  -0.1110429305   1.7649768380  -4.5930102319
      
      
# 393  norm    -0.9984890975   -0.0549501799   -0.0000000000
# nedges  21 
#  type   0  conf  1.0000
   0.0886644626  -1.6111048117  -4.5802570846
   0.1362293309  -2.4753968386  -4.2761379102
      
      
#  type   0  conf  1.0000
   0.1362293309  -2.4753968386  -4.2761379102
   0.1543246435  -2.8042032666  -4.1199583697
      
      
#  type   0  conf  1.0000
   0.1543246435  -2.8042032666  -4.1199583697
   0.1603444012  -2.9135871199  -4.0551733122
      
      
#  type   0  conf  1.0000
   0.1603444012  -2.9135871199  -4.0551733122
   0.1637292353  -2.9750922870  -3.9993874258
      
      
#  type   0  conf  1.0000
   0.1637292353  -2.9750922870  -3.9993874258
   0.1693025622  -3.0763641319  -3.8684432441
      
      
#  type   2  conf  0.0000
#  type   0  conf  1.0000
   0.1709750108  -3.1067538719  -3.8093237445
   0.0617311686  -1.1217051314  -1.7620735450
      
      
#  type   0  conf  1.0000
   0.0617311686  -1.1217051314  -1.7620735450
   0.0595824542  -1.0826612575  -1.7238619341
      
      
#  type   0  conf  1.0000
   0.0595824542  -1.0826612575  -1.7238619341
   0.0393530660  -0.7150769559  -1.3839430331
      
      
#  type   0  conf  1.0000
   0.0393530660  -0.7150769559  -1.3839430331
   0.0154725754  -0.2811491762  -1.0342307387
      
      
#  type   0  conf  1.0000
   0.0154725754  -0.2811491762  -1.0342307387
  -0.0020754714   0.0377129889  -0.8351723718
      
      
#  type   0  conf  1.0000
  -0.0020754714   0.0377129889  -0.8351723718
  -0.0050726628   0.0921743758  -0.8416432927
      
      
#  type   0  conf  1.0000
  -0.0050726628   0.0921743758  -0.8416432927
  -0.0219743367   0.3992914243  -1.0321896091
      
      
#  type   0  conf  1.0000
  -0.0219743367   0.3992914243  -1.0321896091
  -0.0461046621   0.8377589028  -1.3842976669
      
      
#  type   0  conf  1.0000
  -0.0461046621   0.8377589028  -1.3842976669
  -0.0659061527   1.1975679612  -1.7164556289
      
      
#  type   0  conf  1.0000
  -0.0659061527   1.1975679612  -1.7164556289
  -0.0684168695   1.2431897103  -1.7603828532
      
      
#  type   0  conf  1.0000
  -0.0684168695   1.2431897103  -1.7603828532
  -0.1804379979   3.2787039818  -3.8646366628
      
      
#  type   0  conf  1.0000
  -0.1804379979   3.2787039818  -3.8646366628
  -0.1803870507   3.2777782307  -3.9730004824
      
      
#  type   0  conf  1.0000
  -0.1803870507   3.2777782307  -3.9730004824
  -0.1511526323   2.7465652643  -4.2253424957
      
      
#  type   0  conf  1.0000
  -0.1511526323   2.7465652643  -4.2253424957
  -0.1454834886   2.6435523496  -4.2722712703
      
      
#  type   0  conf  1.0000
  -0.1454834886   2.6435523496  -4.2722712703
  -0.0968021264   1.7589727275  -4.5928962716
      
      
# 394  norm    -0.9988898750   -0.0471064507    0.0000000000
# nedges  20 
#  type   0  conf  1.0000
   0.0760890292  -1.6134639685  -4.5772272147
   0.1165069537  -2.4705239870  -4.2755194498
      
      
#  type   0  conf  1.0000
   0.1165069537  -2.4705239870  -4.2755194498
   0.1318256484  -2.7953561238  -4.1196466960
      
      
#  type   0  conf  1.0000
   0.1318256484  -2.7953561238  -4.1196466960
   0.1369142566  -2.9032597990  -4.0552904750
      
      
#  type   0  conf  1.0000
   0.1369142566  -2.9032597990  -4.0552904750
   0.1403287639  -2.9756642522  -3.9889520346
      
      
#  type   0  conf  1.0000
   0.1403287639  -2.9756642522  -3.9889520346
   0.1451061448  -3.0769683689  -3.8532748376
      
      
#  type   0  conf  1.0000
   0.1451061448  -3.0769683689  -3.8532748376
   0.1459828201  -3.0955582246  -3.8088893312
      
      
#  type   0  conf  1.0000
   0.1459828201  -3.0955582246  -3.8088893312
   0.0528414308  -1.1204998351  -1.7579580188
      
      
#  type   0  conf  1.0000
   0.0528414308  -1.1204998351  -1.7579580188
   0.0516193408  -1.0945854780  -1.7322680723
      
      
#  type   0  conf  1.0000
   0.0516193408  -1.0945854780  -1.7322680723
   0.0337159568  -0.7149451369  -1.3821085428
      
      
#  type   0  conf  1.0000
   0.0337159568  -0.7149451369  -1.3821085428
   0.0131556478  -0.2789648373  -1.0319869176
      
      
#  type   0  conf  1.0000
   0.0131556478  -0.2789648373  -1.0319869176
  -0.0017640398   0.0374063736  -0.8355923335
      
      
#  type   0  conf  1.0000
  -0.0017640398   0.0374063736  -0.8355923335
  -0.0042469290   0.0900559121  -0.8402612403
      
      
#  type   0  conf  1.0000
  -0.0042469290   0.0900559121  -0.8402612403
  -0.0188624929   0.3999781960  -1.0317312194
      
      
#  type   0  conf  1.0000
  -0.0188624929   0.3999781960  -1.0317312194
  -0.0396010307   0.8397378277  -1.3840482667
      
      
#  type   0  conf  1.0000
  -0.0396010307   0.8397378277  -1.3840482667
  -0.0578228553   1.2261306857  -1.7399139009
      
      
#  type   0  conf  1.0000
  -0.0578228553   1.2261306857  -1.7399139009
  -0.1539471552   3.2644415415  -3.8602113358
      
      
#  type   0  conf  1.0000
  -0.1539471552   3.2644415415  -3.8602113358
  -0.1541046589   3.2677813996  -3.9741473079
      
      
#  type   0  conf  1.0000
  -0.1541046589   3.2677813996  -3.9741473079
  -0.1246459688   2.6431113848  -4.2701891696
      
      
#  type   0  conf  1.0000
  -0.1246459688   2.6431113848  -4.2701891696
  -0.1231447357   2.6112778135  -4.2819184898
      
      
#  type   0  conf  1.0000
  -0.1231447357   2.6112778135  -4.2819184898
  -0.0826593256   1.7527867660  -4.5921988839
      
      
# 395  norm    -0.9992290362   -0.0392598158   -0.0000000000
# nedges  21 
#  type   0  conf  1.0000
   0.0629365223  -1.6018414577  -4.5790643505
   0.0966468589  -2.4598268189  -4.2765939315
      
      
#  type   0  conf  1.0000
   0.0966468589  -2.4598268189  -4.2765939315
   0.1093306515  -2.7826508964  -4.1211875610
      
      
#  type   0  conf  1.0000
   0.1093306515  -2.7826508964  -4.1211875610
   0.1136519867  -2.8926362224  -4.0548015341
      
      
#  type   0  conf  1.0000
   0.1136519867  -2.8926362224  -4.0548015341
   0.1165099586  -2.9653764634  -3.9850851518
      
      
#  type   0  conf  1.0000
   0.1165099586  -2.9653764634  -3.9850851518
   0.1201114830  -3.0570413812  -3.8631179452
      
      
#  type   2  conf  0.0000
#  type   0  conf  1.0000
   0.1211355921  -3.0831066993  -3.8090127854
   0.0452031872  -1.1504979408  -1.7864939470
      
      
#  type   0  conf  1.0000
   0.0452031872  -1.1504979408  -1.7864939470
   0.0430376742  -1.0953819541  -1.7302822405
      
      
#  type   0  conf  1.0000
   0.0430376742  -1.0953819541  -1.7302822405
   0.0281747181  -0.7170944606  -1.3824656780
      
      
#  type   0  conf  1.0000
   0.0281747181  -0.7170944606  -1.3824656780
   0.0109660430  -0.2791044324  -1.0318210173
      
      
#  type   0  conf  1.0000
   0.0109660430  -0.2791044324  -1.0318210173
  -0.0014404407   0.0366616650  -0.8361305404
      
      
#  type   0  conf  1.0000
  -0.0014404407   0.0366616650  -0.8361305404
  -0.0035400234   0.0900996123  -0.8400028302
      
      
#  type   0  conf  1.0000
  -0.0035400234   0.0900996123  -0.8400028302
  -0.0158126518   0.4024588644  -1.0326009371
      
      
#  type   0  conf  1.0000
  -0.0158126518   0.4024588644  -1.0326009371
  -0.0331390315   0.8434446733  -1.3853071442
      
      
#  type   0  conf  1.0000
  -0.0331390315   0.8434446733  -1.3853071442
  -0.0476320775   1.2123173256  -1.7238811323
      
      
#  type   0  conf  1.0000
  -0.0476320775   1.2123173256  -1.7238811323
  -0.0486691172   1.2387117508  -1.7489197149
      
      
#  type   0  conf  1.0000
  -0.0486691172   1.2387117508  -1.7489197149
  -0.1278981272   3.2552247093  -3.8646140037
      
      
#  type   0  conf  1.0000
  -0.1278981272   3.2552247093  -3.8646140037
  -0.1279053304   3.2554080431  -3.9733574631
      
      
#  type   0  conf  1.0000
  -0.1279053304   3.2554080431  -3.9733574631
  -0.1057239524   2.6908542738  -4.2438695234
      
      
#  type   0  conf  1.0000
  -0.1057239524   2.6908542738  -4.2438695234
  -0.1029929753   2.6213462653  -4.2751753588
      
      
#  type   0  conf  1.0000
  -0.1029929753   2.6213462653  -4.2751753588
  -0.0685854999   1.7456175399  -4.5930906679
      
      
# 396  norm    -0.9995065604   -0.0314107591    0.0000000000
# nedges  21 
#  type   0  conf  1.0000
   0.0498920214  -1.5875898625  -4.5813999856
   0.0770312025  -2.4511726091  -4.2770096200
      
      
#  type   0  conf  1.0000
   0.0770312025  -2.4511726091  -4.2770096200
   0.0871377688  -2.7727687620  -4.1205041289
      
      
#  type   0  conf  1.0000
   0.0871377688  -2.7727687620  -4.1205041289
   0.0904018151  -2.8766324011  -4.0573763442
      
      
#  type   0  conf  1.0000
   0.0904018151  -2.8766324011  -4.0573763442
   0.0930100062  -2.9596263867  -3.9779907878
      
      
#  type   0  conf  1.0000
   0.0930100062  -2.9596263867  -3.9779907878
   0.0963990758  -3.0674683299  -3.8292703830
      
      
#  type   0  conf  1.0000
   0.0963990758  -3.0674683299  -3.8292703830
   0.0957406270  -3.0465161478  -3.7831430738
      
      
#  type   0  conf  1.0000
   0.0957406270  -3.0465161478  -3.7831430738
   0.0352326642  -1.1211215537  -1.7532502650
      
      
#  type   0  conf  1.0000
   0.0352326642  -1.1211215537  -1.7532502650
   0.0344329813  -1.0956752321  -1.7278660274
      
      
#  type   0  conf  1.0000
   0.0344329813  -1.0956752321  -1.7278660274
   0.0225054901  -0.7161363071  -1.3798311787
      
      
#  type   0  conf  1.0000
   0.0225054901  -0.7161363071  -1.3798311787
   0.0087922969  -0.2797754236  -1.0317530885
      
      
#  type   0  conf  1.0000
   0.0087922969  -0.2797754236  -1.0317530885
  -0.0012442149   0.0395915612  -0.8343356905
      
      
#  type   0  conf  1.0000
  -0.0012442149   0.0395915612  -0.8343356905
  -0.0029821598   0.0948938623  -0.8429268830
      
      
#  type   0  conf  1.0000
  -0.0029821598   0.0948938623  -0.8429268830
  -0.0126909129   0.4038313961  -1.0328884543
      
      
#  type   0  conf  1.0000
  -0.0126909129   0.4038313961  -1.0328884543
  -0.0265217867   0.8439369357  -1.3837720589
      
      
#  type   0  conf  1.0000
  -0.0265217867   0.8439369357  -1.3837720589
  -0.0385456457   1.2265423342  -1.7340868561
      
      
#  type   0  conf  1.0000
  -0.0385456457   1.2265423342  -1.7340868561
  -0.0390279234   1.2418886590  -1.7493324717
      
      
#  type   0  conf  1.0000
  -0.0390279234   1.2418886590  -1.7493324717
  -0.1018417633   3.2406574546  -3.8622301199
      
      
#  type   0  conf  1.0000
  -0.1018417633   3.2406574546  -3.8622301199
  -0.1019105205   3.2428453424  -3.9730869667
      
      
#  type   0  conf  1.0000
  -0.1019105205   3.2428453424  -3.9730869667
  -0.0832108168   2.6478111235  -4.2605001753
      
      
#  type   0  conf  1.0000
  -0.0832108168   2.6478111235  -4.2605001753
  -0.0819881250   2.6089044395  -4.2764767071
      
      
#  type   0  conf  1.0000
  -0.0819881250   2.6089044395  -4.2764767071
  -0.0546883518   1.7402115694  -4.5928167840
      
      
# 397  norm    -0.9997224302   -0.0235597648    0.0000000000
# nedges  21 
#  type   0  conf  1.0000
   0.0373917558  -1.5866617196  -4.5792182839
   0.0575447454  -2.4418228768  -4.2775935271
      
      
#  type   0  conf  1.0000
   0.0575447454  -2.4418228768  -4.2775935271
   0.0651548669  -2.7647466895  -4.1192547058
      
      
#  type   0  conf  1.0000
   0.0651548669  -2.7647466895  -4.1192547058
   0.0675918298  -2.8681554700  -4.0539948467
      
      
#  type   0  conf  1.0000
   0.0675918298  -2.8681554700  -4.0539948467
   0.0690090899  -2.9282947232  -3.9953799144
      
      
#  type   0  conf  1.0000
   0.0690090899  -2.9282947232  -3.9953799144
   0.0714868248  -3.0334335986  -3.8618243648
      
      
#  type   2  conf  0.0000
#  type   0  conf  1.0000
   0.0720656831  -3.0579965609  -3.8096663432
   0.0264284612  -1.1214511522  -1.7507197761
      
      
#  type   0  conf  1.0000
   0.0264284612  -1.1214511522  -1.7507197761
   0.0252158548  -1.0699960656  -1.7020512564
      
      
#  type   0  conf  1.0000
   0.0252158548  -1.0699960656  -1.7020512564
   0.0168461193  -0.7148391961  -1.3774120041
      
      
#  type   0  conf  1.0000
   0.0168461193  -0.7148391961  -1.3774120041
   0.0065922056  -0.2797301172  -1.0314162377
      
      
#  type   0  conf  1.0000
   0.0065922056  -0.2797301172  -1.0314162377
  -0.0009205825   0.0390635059  -0.8349313537
      
      
#  type   0  conf  1.0000
  -0.0009205825   0.0390635059  -0.8349313537
  -0.0022247166   0.0944024325  -0.8425522069
      
      
#  type   0  conf  1.0000
  -0.0022247166   0.0944024325  -0.8425522069
  -0.0095485333   0.4051773432  -1.0328601054
      
      
#  type   0  conf  1.0000
  -0.0095485333   0.4051773432  -1.0328601054
  -0.0200721097   0.8517291426  -1.3886125417
      
      
#  type   0  conf  1.0000
  -0.0200721097   0.8517291426  -1.3886125417
  -0.0287139517   1.2184324329  -1.7241159279
      
      
#  type   0  conf  1.0000
  -0.0287139517   1.2184324329  -1.7241159279
  -0.0292061568   1.2393184007  -1.7433830816
      
      
#  type   0  conf  1.0000
  -0.0292061568   1.2393184007  -1.7433830816
  -0.0761161928   3.2298737197  -3.8646345042
      
      
#  type   0  conf  1.0000
  -0.0761161928   3.2298737197  -3.8646345042
  -0.0760457367   3.2268840224  -3.9752722743
      
      
#  type   0  conf  1.0000
  -0.0760457367   3.2268840224  -3.9752722743
  -0.0623592487   2.6461189260  -4.2568777599
      
      
#  type   0  conf  1.0000
  -0.0623592487   2.6461189260  -4.2568777599
  -0.0614977229   2.6095614036  -4.2734632570
      
      
#  type   0  conf  1.0000
  -0.0614977229   2.6095614036  -4.2734632570
  -0.0408299554   1.7325564395  -4.5927632161
      
      
# 398  norm    -0.9998766325   -0.0157073173   -0.0000000000
# nedges  21 
#  type   0  conf  1.0000
   0.0248031085  -1.5788850566  -4.5793869202
   0.0381759381  -2.4301558115  -4.2789010958
      
      
#  type   0  conf  1.0000
   0.0381759381  -2.4301558115  -4.2789010958
   0.0432051061  -2.7502962564  -4.1209947735
      
      
#  type   0  conf  1.0000
   0.0432051061  -2.7502962564  -4.1209947735
   0.0448008208  -2.8518742505  -4.0566970058
      
      
#  type   0  conf  1.0000
   0.0448008208  -2.8518742505  -4.0566970058
   0.0457782409  -2.9140936348  -3.9958473111
      
      
#  type   0  conf  1.0000
   0.0457782409  -2.9140936348  -3.9958473111
   0.0472599373  -3.0084135990  -3.8767219106
      
      
#  type   2  conf  0.0000
#  type   0  conf  1.0000
   0.0478283190  -3.0445949223  -3.8097854202
   0.0178022998  -1.1332363894  -1.7608105821
      
      
#  type   0  conf  1.0000
   0.0178022998  -1.1332363894  -1.7608105821
   0.0172187077  -1.0960868213  -1.7237149363
      
      
#  type   0  conf  1.0000
   0.0172187077  -1.0960868213  -1.7237149363
   0.0113045904  -0.7196133876  -1.3801289938
      
      
#  type   0  conf  1.0000
   0.0113045904  -0.7196133876  -1.3801289938
   0.0043992004  -0.2800387637  -1.0309207814
      
      
#  type   0  conf  1.0000
   0.0043992004  -0.2800387637  -1.0309207814
  -0.0006350283   0.0404238345  -0.8343301476
      
      
#  type   0  conf  1.0000
  -0.0006350283   0.0404238345  -0.8343301476
  -0.0014988160   0.0954097415  -0.8427692526
      
      
#  type   0  conf  1.0000
  -0.0014988160   0.0954097415  -0.8427692526
  -0.0063957246   0.4071309883  -1.0336999283
      
      
#  type   0  conf  1.0000
  -0.0063957246   0.4071309883  -1.0336999283
  -0.0133560088   0.8501999921  -1.3855231212
      
      
#  type   0  conf  1.0000
  -0.0133560088   0.8501999921  -1.3855231212
  -0.0192813285   1.2273865407  -1.7297339015
      
      
#  type   0  conf  1.0000
  -0.0192813285   1.2273865407  -1.7297339015
  -0.0197952765   1.2601027953  -1.7623553823
      
      
#  type   0  conf  1.0000
  -0.0197952765   1.2601027953  -1.7623553823
  -0.0505223481   3.2160880379  -3.8648487261
      
      
#  type   0  conf  1.0000
  -0.0505223481   3.2160880379  -3.8648487261
  -0.0505048157   3.2149719835  -3.9735887023
      
      
#  type   0  conf  1.0000
  -0.0505048157   3.2149719835  -3.9735887023
  -0.0418656957   2.6650337562  -4.2435724256
      
      
#  type   0  conf  1.0000
  -0.0418656957   2.6650337562  -4.2435724256
  -0.0407980541   2.5970711692  -4.2748867170
      
      
#  type   0  conf  1.0000
  -0.0407980541   2.5970711692  -4.2748867170
  -0.0270984699   1.7250002875  -4.5931284487
      
      
# 399  norm    -0.9999691576   -0.0078539009   -0.0000000000
# nedges  20 
#  type   0  conf  1.0000
   0.0123846898  -1.5768352530  -4.5779313490
   0.0190207002  -2.4217409665  -4.2791832610
      
      
#  type   0  conf  1.0000
   0.0190207002  -2.4217409665  -4.2791832610
   0.0215272914  -2.7408835149  -4.1204654679
      
      
#  type   0  conf  1.0000
   0.0215272914  -2.7408835149  -4.1204654679
   0.0223032151  -2.8396751550  -4.0572635248
      
      
#  type   0  conf  1.0000
   0.0223032151  -2.8396751550  -4.0572635248
   0.0227534383  -2.8969981756  -4.0008024341
      
      
#  type   0  conf  1.0000
   0.0227534383  -2.8969981756  -4.0008024341
   0.0238197639  -3.0327641794  -3.8314185452
      
      
#  type   0  conf  1.0000
   0.0238197639  -3.0327641794  -3.8314185452
   0.0236397074  -3.0098391382  -3.7848972901
      
      
#  type   0  conf  1.0000
   0.0236397074  -3.0098391382  -3.7848972901
   0.0087418986  -1.1130302105  -1.7371998257
      
      
#  type   0  conf  1.0000
   0.0087418986  -1.1130302105  -1.7371998257
   0.0056572660  -0.7202906708  -1.3794657466
      
      
#  type   0  conf  1.0000
   0.0056572660  -0.7202906708  -1.3794657466
   0.0021941069  -0.2793566174  -1.0302586957
      
      
#  type   0  conf  1.0000
   0.0021941069  -0.2793566174  -1.0302586957
  -0.0003120725   0.0397334868  -0.8347298819
      
      
#  type   0  conf  1.0000
  -0.0003120725   0.0397334868  -0.8347298819
  -0.0007477212   0.0952008606  -0.8423625144
      
      
#  type   0  conf  1.0000
  -0.0007477212   0.0952008606  -0.8423625144
  -0.0032130371   0.4090881808  -1.0345493010
      
      
#  type   0  conf  1.0000
  -0.0032130371   0.4090881808  -1.0345493010
  -0.0066860215   0.8512731965  -1.3849481190
      
      
#  type   0  conf  1.0000
  -0.0066860215   0.8512731965  -1.3849481190
  -0.0097200450   1.2375691165  -1.7365860660
      
      
#  type   0  conf  1.0000
  -0.0097200450   1.2375691165  -1.7365860660
  -0.0099143519   1.2623085343  -1.7625699681
      
      
#  type   0  conf  1.0000
  -0.0099143519   1.2623085343  -1.7625699681
  -0.0251599132   3.2033937752  -3.8641105952
      
      
#  type   0  conf  1.0000
  -0.0251599132   3.2033937752  -3.8641105952
  -0.0251457687   3.2015928792  -3.9748665199
      
      
#  type   0  conf  1.0000
  -0.0251457687   3.2015928792  -3.9748665199
  -0.0206032126   2.6232285626  -4.2596395119
      
      
#  type   0  conf  1.0000
  -0.0206032126   2.6232285626  -4.2596395119
  -0.0202961731   2.5841358904  -4.2768039685
      
      
#  type   0  conf  1.0000
  -0.0202961731   2.5841358904  -4.2768039685
  -0.0134923278   1.7178612043  -4.5929766720
      
      
