# shadow contours num 201
# edge   0  nedges  17 :    0   0   0   0   0   0   0   0   0   0   0   0   0   0   0   0   0
# edge   1  nedges  15 :    0   0   0   0   0   0   0   0   0   0   0   0   0   0   0
# edge   2  nedges  14 :    0   0   0   0   0   0   0   0   0   0   0   0   0   0
# edge   3  nedges  14 :    0   0   0   0   0   0   0   0   0   0   0   0   0   0
# edge   4  nedges  17 :    0   0   0   0   0   0   0   0   0   0   0   0   0   0   0   0   0
# edge   5  nedges  18 :    0   0   0   0   0   0   0   0   0   0   0   0   0   0   0   0   0   0
# edge   6  nedges  18 :    0   0   0   0   0   0   0   0   0   0   0   0   0   0   0   0   0   0
# edge   7  nedges  16 :    0   0   0   0   0   0   0   0   0   0   0   0   0   0   0   0
# edge   8  nedges  17 :    0   0   0   0   0   0   0   0   0   4   0   0   0   0   0   0   0
# edge   9  nedges  17 :    0   0   0   0   0   0   0   0   0   4   0   0   0   0   0   0   0
# edge  10  nedges  16 :    0   0   0   0   0   0   0   0   0   0   0   0   0   2   0   0
# edge  11  nedges  13 :    0   0   0   0   0   0   0   0   0   0   0   0   0
# edge  12  nedges  12 :    0   0   0   0   0   0   0   0   0   0   0   0
# edge  13  nedges  11 :    0   0   0   0   0   0   4   0   0   0   0
# edge  14  nedges  13 :    0   0   0   0   0   0   0   0   0   0   0   0   0
# edge  15  nedges  11 :    0   0   0   0   0   4   0   0   0   0   0
# edge  16  nedges  11 :    0   0   0   0   4   0   0   0   0   0   0
# edge  17  nedges  10 :    0   0   0   0   0   0   0   0   0   0
# edge  18  nedges  13 :    0   0   0   0   0   0   0   4   0   0   0   0   0
# edge  19  nedges  13 :    0   0   0   0   0   0   4   0   0   0   0   0   0
# edge  20  nedges  15 :    0   0   0   0   0   0   0   0   0   3   0   0   0   0   0
# edge  21  nedges  16 :    0   0   0   0   0   0   0   0   0   0   0   0   0   0   0   0
# edge  22  nedges  16 :    0   0   0   0   0   0   0   4   0   0   0   0   0   0   0   0
# edge  23  nedges  17 :    0   0   0   0   0   0   0   0   0   0   0   0   0   0   0   0   0
# edge  24  nedges  18 :    0   0   0   0   0   0   0   0   0   0   0   0   0   0   0   0   0   0
# edge  25  nedges  15 :    0   0   0   0   0   0   0   0   0   0   0   0   0   0   0
# edge  26  nedges  13 :    0   0   0   0   0   0   4   0   0   0   0   0   0
# edge  27  nedges  18 :    0   0   0   0   0   0   0   0   0   0   0   0   0   0   0   0   0   0
# edge  28  nedges  16 :    0   0   0   0   0   0   0   0   0   0   2   0   0   0   0   0
# edge  29  nedges  18 :    0   0   0   0   0   0   0   0   0   4   0   0   2   0   0   0   0   0
# edge  30  nedges  16 :    0   0   0   0   0   0   0   0   0   0   0   0   0   0   0   0
# edge  31  nedges  16 :    0   0   0   0   0   0   0   0   0   0   0   0   0   0   0   0
# edge  32  nedges  19 :    0   0   0   0   0   0   0   0   0   4   0   0   0   2   0   0   0   0   0
# edge  33  nedges  19 :    0   0   0   0   0   0   0   0   0   0   0   0   0   2   0   0   0   0   0
# edge  34  nedges  19 :    0   0   0   0   0   0   0   0   0   4   0   0   0   2   0   0   0   3   0
# edge  35  nedges  15 :    0   0   0   0   0   0   4   0   0   0   0   0   0   0   0
# edge  36  nedges  14 :    0   0   0   0   0   0   4   0   0   0   0   0   0   0
# edge  37  nedges  15 :    0   0   0   0   0   0   4   0   0   0   0   0   0   0   0
# edge  38  nedges  16 :    0   0   0   0   0   0   0   4   0   0   0   0   0   0   0   0
# edge  39  nedges  13 :    0   0   0   0   0   0   4   0   0   0   0   0   0
# edge  40  nedges  12 :    0   0   0   0   0   4   0   0   0   0   0   0
# edge  41  nedges  14 :    0   0   0   0   0   0   4   0   0   0   0   0   0   0
# edge  42  nedges  13 :    0   0   0   0   0   0   0   0   0   0   0   0   0
# edge  43  nedges  15 :    0   0   0   0   0   0   0   4   0   0   0   0   0   0   0
# edge  44  nedges  15 :    0   0   0   0   0   0   0   0   0   0   0   0   0   0   0
# edge  45  nedges  15 :    0   0   0   0   0   0   0   0   0   0   0   0   0   0   0
# edge  46  nedges  17 :    0   0   0   0   0   0   0   4   0   0   0   0   0   0   0   0   0
# edge  47  nedges  20 :    0   0   0   0   0   0   0   0   0   0   0   0   0   0   0   0   0   0   0   0
# edge  48  nedges  19 :    0   0   0   0   0   0   0   0   0   4   0   0   0   0   0   0   0   0   0
# edge  49  nedges  19 :    0   0   0   0   0   0   0   0   0   4   0   0   0   0   0   0   0   0   0
# edge  50  nedges  18 :    0   0   0   0   0   0   0   0   4   0   0   0   0   0   0   0   0   0
# edge  51  nedges  18 :    0   0   0   0   0   0   0   0   4   0   0   0   0   0   0   0   0   0
# edge  52  nedges  16 :    0   0   0   0   0   0   0   0   4   0   0   0   0   0   0   0
# edge  53  nedges  16 :    0   0   0   0   0   0   0   0   0   0   0   0   0   0   0   0
# edge  54  nedges  15 :    0   0   0   0   0   0   0   0   0   0   0   0   0   0   0
# edge  55  nedges  17 :    0   0   0   0   0   0   0   0   0   0   0   0   0   0   0   0   0
# edge  56  nedges  18 :    0   0   0   0   0   0   0   0   0   0   0   0   0   0   0   0   0   0
# edge  57  nedges  20 :    0   0   0   0   0   0   0   0   0   0   0   0   0   0   0   0   0   0   0   0
# edge  58  nedges  19 :    0   0   0   0   0   0   0   0   0   4   0   0   0   0   0   0   0   0   0
# edge  59  nedges  18 :    0   0   0   0   0   0   0   3   0   0   0   0   0   0   0   0   0   0
# edge  60  nedges  15 :    0   0   0   0   0   0   0   4   0   0   0   0   0   0   0
# edge  61  nedges  14 :    0   0   0   0   0   0   0   0   0   0   0   0   0   0
# edge  62  nedges  13 :    0   0   0   0   0   0   0   0   0   0   0   0   0
# edge  63  nedges  15 :    0   0   0   0   0   0   0   0   0   0   0   0   0   3   3
# edge  64  nedges  12 :    0   0   0   0   0   0   0   4   0   0   0   0
# edge  65  nedges  10 :    0   0   0   0   0   4   0   0   0   0
# edge  66  nedges  11 :    0   0   0   0   4   0   0   0   0   3   3
# edge  67  nedges  11 :    0   0   0   0   0   0   0   0   0   0   0
# edge  68  nedges  13 :    0   0   0   0   0   0   0   4   0   0   0   0   0
# edge  69  nedges  15 :    0   0   0   0   0   0   4   0   0   0   0   0   0   0   0
# edge  70  nedges  16 :    0   0   0   0   0   0   0   0   0   0   0   0   0   0   0   0
# edge  71  nedges  17 :    0   0   0   0   0   0   0   0   0   0   0   0   0   0   0   0   0
# edge  72  nedges  19 :    0   0   0   0   0   0   0   0   0   4   0   0   0   0   0   0   0   0   0
# edge  73  nedges  18 :    0   0   0   0   0   0   0   0   4   0   0   0   0   0   0   0   0   0
# edge  74  nedges  18 :    0   0   0   0   0   0   0   0   0   0   0   0   0   0   0   0   0   0
# edge  75  nedges  16 :    0   0   0   0   0   0   0   4   0   0   0   0   0   0   0   0
# edge  76  nedges  17 :    0   0   0   0   0   0   0   0   4   0   0   0   0   0   0   0   0
# edge  77  nedges  17 :    0   0   0   0   0   0   0   0   4   0   0   0   0   0   0   0   0
# edge  78  nedges  16 :    0   0   0   0   0   0   0   4   0   0   0   0   0   0   0   0
# edge  79  nedges  17 :    0   0   0   0   0   0   0   4   0   0   0   0   0   0   0   0   0
# edge  80  nedges  17 :    0   0   0   0   0   0   0   4   0   0   0   0   0   0   0   0   0
# edge  81  nedges  18 :    0   0   0   0   0   0   0   0   0   0   0   0   0   0   0   0   3   0
# edge  82  nedges  18 :    0   0   0   0   0   0   0   0   0   4   0   0   0   0   0   0   0   0
# edge  83  nedges  19 :    0   0   0   0   0   0   0   0   0   4   0   0   0   0   0   0   0   0   0
# edge  84  nedges  18 :    0   0   0   0   0   0   0   0   0   4   0   0   0   0   0   0   0   0
# edge  85  nedges  18 :    0   0   0   0   0   0   0   0   0   4   0   0   0   0   0   0   3   3
# edge  86  nedges  17 :    0   0   0   0   0   0   0   0   0   0   0   0   0   0   0   0   0
# edge  87  nedges  15 :    0   0   0   0   0   0   0   4   0   0   0   0   0   0   0
# edge  88  nedges  15 :    0   0   0   0   0   0   0   0   0   0   0   0   0   0   0
# edge  89  nedges  13 :    0   0   0   0   0   0   0   0   0   0   0   0   0
# edge  90  nedges  12 :    0   0   0   0   0   4   0   0   0   0   0   0
# edge  91  nedges  14 :    0   0   0   0   0   0   4   0   0   0   0   0   0   0
# edge  92  nedges  15 :    0   0   0   0   0   0   0   4   0   0   0   0   0   0   0
# edge  93  nedges  15 :    0   0   0   0   0   0   0   0   0   0   0   0   0   3   3
# edge  94  nedges  14 :    0   0   0   0   0   0   0   0   0   0   0   0   3   3
# edge  95  nedges  15 :    0   0   0   0   0   0   0   0   0   0   0   0   0   0   0
# edge  96  nedges  16 :    0   0   0   0   0   0   0   4   0   0   0   0   0   0   0   0
# edge  97  nedges  18 :    0   0   0   0   0   0   0   0   0   0   0   0   0   0   0   0   0   0
# edge  98  nedges  17 :    0   0   0   0   0   0   0   0   0   0   0   0   0   0   0   0   0
# edge  99  nedges  18 :    0   0   0   0   0   0   0   0   0   4   0   0   0   0   0   0   0   0
# edge 100  nedges  16 :    0   0   0   0   0   0   0   0   0   0   0   0   0   0   0   0
# edge 101  nedges  16 :    0   0   0   0   0   0   0   4   0   0   0   0   0   0   0   0
# edge 102  nedges  15 :    0   0   0   0   0   0   0   0   0   0   0   0   0   0   0
# edge 103  nedges  16 :    0   0   0   0   0   0   0   0   0   0   0   0   0   0   0   0
# edge 104  nedges  15 :    0   0   0   0   0   0   0   0   0   0   0   0   0   0   0
# edge 105  nedges  17 :    0   0   0   0   0   0   0   4   0   0   0   0   0   0   0   0   0
# edge 106  nedges  19 :    0   0   0   0   0   0   0   0   0   0   0   0   0   0   0   0   0   0   0
# edge 107  nedges  18 :    0   0   0   0   0   0   0   0   4   0   0   0   0   0   0   0   0   0
# edge 108  nedges  19 :    0   0   0   0   0   0   0   0   0   0   0   0   0   0   0   0   0   0   0
# edge 109  nedges  16 :    0   0   0   0   0   0   0   4   0   0   0   0   0   0   3   3
# edge 110  nedges  15 :    0   0   0   0   0   0   0   0   0   0   0   0   0   3   3
# edge 111  nedges  13 :    0   0   0   0   0   0   0   0   0   0   0   3   3
# edge 112  nedges  14 :    0   0   0   0   0   0   0   0   0   3   4   0   0   0
# edge 113  nedges  14 :    0   0   0   0   0   0   0   0   0   3   4   0   0   0
# edge 114  nedges  15 :    0   0   0   0   0   0   0   0   0   3   4   0   0   0   0
# edge 115  nedges  15 :    0   3   0   0   0   0   0   0   3   4   0   0   0   0   0
# edge 116  nedges  15 :    0   0   0   0   0   0   0   0   3   4   0   0   0   0   0
# edge 117  nedges  14 :    0   0   0   4   0   0   3   4   4   0   0   0   0   0
# edge 118  nedges  18 :    0   0   0   0   0   0   0   0   0   3   3   4   0   0   0   0   0   0
# edge 119  nedges  20 :    0   0   0   0   0   0   0   0   0   0   0   0   3   3   4   0   0   0   0   0
# edge 120  nedges  21 :    0   0   0   0   0   0   0   0   0   0   0   0   3   3   4   0   0   0   0   0   0
# edge 121  nedges  21 :    0   0   0   0   0   0   0   0   0   0   0   0   3   3   4   0   0   0   0   0   0
# edge 122  nedges  16 :    0   0   0   0   0   0   0   0   0   0   0   0   0   0   0   0
# edge 123  nedges  18 :    0   0   0   0   0   0   0   0   0   0   0   0   0   0   0   0   0   0
# edge 124  nedges  18 :    0   0   0   0   0   0   0   0   0   0   0   0   0   0   0   0   0   0
# edge 125  nedges  17 :    0   0   0   0   0   0   0   0   0   0   0   0   0   0   0   0   0
# edge 126  nedges  15 :    0   0   0   0   0   0   0   0   4   0   0   0   0   0   0
# edge 127  nedges  14 :    0   0   0   0   0   0   0   0   0   0   0   0   0   0
# edge 128  nedges  18 :    0   0   0   0   0   0   0   0   0   0   0   0   0   0   0   0   0   0
# edge 129  nedges  18 :    0   0   0   0   0   0   0   0   0   0   0   0   0   0   0   0   0   0
# edge 130  nedges  17 :    0   0   0   0   0   0   0   0   0   0   0   0   0   0   0   0   0
# edge 131  nedges  18 :    0   0   0   0   0   0   0   0   4   0   0   0   0   0   0   0   0   0
# edge 132  nedges  18 :    0   0   0   0   0   0   0   0   0   4   0   0   0   0   0   0   0   0
# edge 133  nedges  17 :    0   0   0   0   0   0   0   0   0   0   0   0   0   0   0   0   0
# edge 134  nedges  13 :    0   0   0   0   0   4   0   0   0   0   0   0   0
# edge 135  nedges  16 :    0   0   0   0   0   0   0   0   4   0   0   0   0   0   0   0
# edge 136  nedges  14 :    0   0   0   0   0   0   0   0   0   0   0   0   0   0
# edge 137  nedges  12 :    0   0   0   0   0   0   0   0   0   0   0   0
# edge 138  nedges  12 :    0   0   0   0   0   0   0   0   0   0   0   0
# edge 139  nedges  13 :    0   0   0   0   0   0   0   0   0   0   0   0   0
# edge 140  nedges  11 :    0   0   0   0   0   0   0   0   0   0   0
# edge 141  nedges  14 :    0   0   0   0   0   0   0   0   0   0   0   0   0   0
# edge 142  nedges  14 :    0   0   0   0   0   0   0   0   0   0   0   0   0   0
# edge 143  nedges  15 :    0   0   0   0   0   0   0   4   0   0   0   0   0   0   0
# edge 144  nedges  14 :    0   0   0   0   0   0   0   0   0   0   0   0   0   0
# edge 145  nedges  15 :    0   0   0   0   0   0   0   0   0   0   0   0   0   0   0
# edge 146  nedges  19 :    0   0   0   0   0   0   0   0   0   0   0   0   0   0   0   0   0   0   0
# edge 147  nedges  19 :    0   0   0   0   0   0   0   0   0   0   0   0   0   0   0   0   0   0   0
# edge 148  nedges  18 :    0   0   0   0   0   0   0   0   0   0   0   0   0   0   0   0   0   0
# edge 149  nedges  18 :    0   0   0   0   0   0   0   0   0   0   0   0   0   0   0   0   0   0
# edge 150  nedges  18 :    0   0   0   0   0   0   0   0   0   4   0   0   0   0   0   0   0   0
# edge 151  nedges  11 :    0   0   0   0   0   0   0   0   0   0   0
# edge 152  nedges  13 :    0   0   0   0   0   0   0   0   0   0   0   0   0
# edge 153  nedges  11 :    0   0   0   0   0   0   0   0   0   0   0
# edge 154  nedges  16 :    0   0   0   0   0   0   0   0   0   0   0   0   0   0   0   0
# edge 155  nedges  19 :    0   0   0   0   0   0   0   0   0   4   0   0   0   0   0   0   0   0   0
# edge 156  nedges  18 :    0   0   0   0   0   0   0   0   0   4   0   0   0   0   0   0   0   0
# edge 157  nedges  18 :    0   0   0   0   0   0   0   0   0   0   0   0   0   0   0   0   0   0
# edge 158  nedges  19 :    0   0   0   0   0   0   0   0   0   0   0   0   0   0   0   0   0   0   0
# edge 159  nedges  15 :    0   0   0   0   0   0   0   0   0   3   0   0   0   0   0
# edge 160  nedges  14 :    0   0   0   0   0   0   0   0   0   3   0   0   0   0
# edge 161  nedges  14 :    0   0   0   0   0   0   0   0   0   0   0   0   0   0
# edge 162  nedges  12 :    0   0   0   0   0   0   0   0   0   0   0   0
# edge 163  nedges  11 :    0   0   0   0   0   0   0   0   0   0   0
# edge 164  nedges  13 :    0   3   0   0   0   0   0   4   0   0   0   0   0
# edge 165  nedges   9 :    0   0   0   0   0   0   0   0   0
# edge 166  nedges   9 :    0   0   0   0   0   0   0   0   0
# edge 167  nedges  10 :    0   0   0   0   0   0   0   0   0   0
# edge 168  nedges  11 :    0   0   0   0   0   0   0   4   0   0   0
# edge 169  nedges  13 :    0   0   0   0   0   0   0   0   3   0   0   0   0
# edge 170  nedges  14 :    0   0   0   0   0   0   0   0   0   0   0   0   0   0
# edge 171  nedges  17 :    0   0   0   0   0   0   0   0   0   0   0   0   0   0   0   0   0
# edge 172  nedges  17 :    0   0   0   0   0   0   0   0   0   0   0   0   0   0   0   0   0
# edge 173  nedges  16 :    0   0   0   0   0   0   0   0   0   0   0   0   0   0   0   0
# edge 174  nedges  19 :    0   0   0   0   0   0   0   0   0   4   0   0   0   0   0   0   0   0   0
# edge 175  nedges  18 :    0   0   0   0   0   0   0   0   0   0   0   0   0   0   0   0   0   0
# edge 176  nedges  15 :    0   0   0   0   0   0   0   0   0   0   0   0   0   0   0
# edge 177  nedges  15 :    0   0   0   0   0   0   0   4   0   0   0   0   0   0   0
# edge 178  nedges  15 :    0   0   0   0   0   0   0   0   0   0   0   0   0   0   0
# edge 179  nedges  15 :    0   0   0   0   0   0   0   4   0   0   0   0   0   0   0
# edge 180  nedges  19 :    0   0   0   0   3   3   0   0   0   0   0   0   0   0   0   0   0   0   0
# edge 181  nedges  19 :    0   0   0   0   3   3   0   0   0   0   0   0   0   0   0   0   0   0   0
# edge 182  nedges  19 :    0   0   0   0   3   3   0   0   0   0   0   0   0   0   0   0   0   0   0
# edge 183  nedges  18 :    0   0   0   0   0   0   0   0   0   0   0   0   0   0   0   0   0   0
# edge 184  nedges  17 :    0   0   0   0   0   0   0   0   0   0   0   0   0   0   0   0   0
# edge 185  nedges  17 :    0   0   0   0   0   0   0   0   0   0   0   0   0   0   0   3   0
# edge 186  nedges  15 :    0   0   0   0   0   0   0   0   0   0   0   0   0   0   0
# edge 187  nedges  14 :    0   0   0   0   0   0   0   0   0   0   0   0   0   0
# edge 188  nedges  13 :    0   0   0   0   0   0   0   0   0   0   0   0   0
# edge 189  nedges  14 :    0   0   0   0   0   0   0   0   0   0   0   0   0   0
# edge 190  nedges  12 :    0   0   0   0   0   0   0   0   0   0   0   0
# edge 191  nedges  11 :    0   0   0   0   0   0   0   0   0   0   0
# edge 192  nedges  12 :    0   0   0   0   0   0   0   0   0   0   0   0
# edge 193  nedges  13 :    0   0   0   0   0   0   0   0   0   0   0   0   0
# edge 194  nedges  14 :    0   0   0   0   0   0   0   0   0   0   0   0   0   0
# edge 195  nedges  15 :    0   0   0   0   0   0   0   0   0   0   0   0   0   0   0
# edge 196  nedges  17 :    0   0   0   0   0   0   0   0   4   0   0   0   0   0   0   0   0
# edge 197  nedges  17 :    0   0   0   0   0   0   0   0   0   0   0   0   0   0   0   0   0
# edge 198  nedges  16 :    0   0   0   0   0   0   0   0   0   0   0   0   0   0   0   0
# edge 199  nedges  19 :    0   0   0   0   0   0   0   0   0   0   0   0   0   0   0   0   0   0   0
# edge 200  nedges  19 :    0   0   0   0   0   0   0   0   0   0   0   0   0   0   0   0   0   0   0
#  EEdgeType:
#  EEdgeUnknown	 (-1):   0
#  EEdgeRegular	  (0): 3000
#  EEdgeDummy      (1):   0
#  EEdgeDust		  (2):   6
#  EEdgeCavern	  (3):  46
#  EEdgeMaxPointErr(4):  82
#  EEdgeGlare	  (5):   0
#   0  norm     1.0000000000   -0.0000000000    0.0000000000
# nedges  17 
#  type   0  conf  1.0000
   0.0000000000   2.1800524691  -6.0644796174
   0.0000000000   2.7292670879  -5.8356546363
      
      
#  type   0  conf  1.0000
   0.0000000000   2.7292670879  -5.8356546363
   0.0000000000   2.7640291408  -5.8140792488
      
      
#  type   0  conf  1.0000
   0.0000000000   2.7640291408  -5.8140792488
   0.0000000000   3.5004589061  -5.1376752397
      
      
#  type   0  conf  1.0000
   0.0000000000   3.5004589061  -5.1376752397
   0.0000000000   3.5264471083  -5.0872010581
      
      
#  type   0  conf  1.0000
   0.0000000000   3.5264471083  -5.0872010581
   0.0000000000   3.5264955633  -4.8646203217
      
      
#  type   0  conf  1.0000
   0.0000000000   3.5264955633  -4.8646203217
   0.0000000000   3.5005920392  -4.8099382263
      
      
#  type   0  conf  1.0000
   0.0000000000   3.5005920392  -4.8099382263
   0.0000000000   0.7298147269  -2.2639735286
      
      
#  type   0  conf  1.0000
   0.0000000000   0.7298147269  -2.2639735286
  -0.0000000000  -0.0377170013  -1.6261561187
      
      
#  type   0  conf  1.0000
  -0.0000000000  -0.0377170013  -1.6261561187
  -0.0000000000  -0.1609606609  -1.6178228375
      
      
#  type   0  conf  1.0000
  -0.0000000000  -0.1609606609  -1.6178228375
  -0.0000000000  -0.8692160552  -2.1751260482
      
      
#  type   0  conf  1.0000
  -0.0000000000  -0.8692160552  -2.1751260482
  -0.0000000000  -0.9577921168  -2.2493789831
      
      
#  type   0  conf  1.0000
  -0.0000000000  -0.9577921168  -2.2493789831
  -0.0000000000  -3.8040181383  -4.7305459179
      
      
#  type   0  conf  1.0000
  -0.0000000000  -3.8040181383  -4.7305459179
  -0.0000000000  -3.8484222949  -4.7978614083
      
      
#  type   0  conf  1.0000
  -0.0000000000  -3.8484222949  -4.7978614083
  -0.0000000000  -3.8495778487  -5.0139278481
      
      
#  type   0  conf  1.0000
  -0.0000000000  -3.8495778487  -5.0139278481
  -0.0000000000  -3.7983310775  -5.0730970990
      
      
#  type   0  conf  1.0000
  -0.0000000000  -3.7983310775  -5.0730970990
  -0.0000000000  -3.0220625324  -5.7924221616
      
      
#  type   0  conf  1.0000
  -0.0000000000  -3.0220625324  -5.7924221616
  -0.0000000000  -2.4390360198  -6.0733372842
      
      
#   1  norm     0.9998766325   -0.0157073173    0.0000000000
# nedges  15 
#  type   0  conf  1.0000
   0.0343338289   2.1855796607  -6.0637142470
   0.0428703518   2.7289868876  -5.8318310096
      
      
#  type   0  conf  1.0000
   0.0428703518   2.7289868876  -5.8318310096
   0.0433360341   2.7586307064  -5.8101764570
      
      
#  type   0  conf  1.0000
   0.0433360341   2.7586307064  -5.8101764570
   0.0549939056   3.5007328138  -5.1256084338
      
      
#  type   0  conf  1.0000
   0.0549939056   3.5007328138  -5.1256084338
   0.0553721700   3.5248118929  -5.0722998439
      
      
#  type   0  conf  1.0000
   0.0553721700   3.5248118929  -5.0722998439
   0.0553423111   3.5229111723  -4.8389226086
      
      
#  type   0  conf  1.0000
   0.0553423111   3.5229111723  -4.8389226086
   0.0115827043   0.7373172077  -2.2740779087
      
      
#  type   0  conf  1.0000
   0.0115827043   0.7373172077  -2.2740779087
  -0.0006423135  -0.0408875829  -1.6254396061
      
      
#  type   0  conf  1.0000
  -0.0006423135  -0.0408875829  -1.6254396061
  -0.0025345528  -0.1613413725  -1.6172732600
      
      
#  type   0  conf  1.0000
  -0.0025345528  -0.1613413725  -1.6172732600
  -0.0134980918  -0.8592445384  -2.1668572542
      
      
#  type   0  conf  1.0000
  -0.0134980918  -0.8592445384  -2.1668572542
  -0.0150511305  -0.9581059165  -2.2492670766
      
      
#  type   0  conf  1.0000
  -0.0150511305  -0.9581059165  -2.2492670766
  -0.0597309919  -3.8022802895  -4.7367933099
      
      
#  type   0  conf  1.0000
  -0.0597309919  -3.8022802895  -4.7367933099
  -0.0604520278  -3.8481790871  -4.7949185404
      
      
#  type   0  conf  1.0000
  -0.0604520278  -3.8481790871  -4.7949185404
  -0.0605355068  -3.8534930880  -5.0176182555
      
      
#  type   0  conf  1.0000
  -0.0605355068  -3.8534930880  -5.0176182555
  -0.0474101174  -3.0179735738  -5.7910278766
      
      
#  type   0  conf  1.0000
  -0.0474101174  -3.0179735738  -5.7910278766
  -0.0384079794  -2.4449268043  -6.0746931687
      
      
#   2  norm     0.9995065604   -0.0314107591    0.0000000000
# nedges  14 
#  type   0  conf  1.0000
   0.0687639911   2.1881056743  -6.0635798436
   0.0852517937   2.7127560602  -5.8343045954
      
      
#  type   0  conf  1.0000
   0.0852517937   2.7127560602  -5.8343045954
   0.0861883643   2.7425582197  -5.8158259152
      
      
#  type   0  conf  1.0000
   0.0861883643   2.7425582197  -5.8158259152
   0.1106864708   3.5221006086  -5.0926138038
      
      
#  type   0  conf  1.0000
   0.1106864708   3.5221006086  -5.0926138038
   0.1106607157   3.5212810705  -4.8414144239
      
      
#  type   0  conf  1.0000
   0.1106607157   3.5212810705  -4.8414144239
   0.0326359924   1.0384941172  -2.5552340304
      
      
#  type   0  conf  1.0000
   0.0326359924   1.0384941172  -2.5552340304
   0.0223235504   0.7103468923  -2.2555041817
      
      
#  type   0  conf  1.0000
   0.0223235504   0.7103468923  -2.2555041817
  -0.0013739661  -0.0437203100  -1.6250814275
      
      
#  type   0  conf  1.0000
  -0.0013739661  -0.0437203100  -1.6250814275
  -0.0050535619  -0.1608069473  -1.6164361725
      
      
#  type   0  conf  1.0000
  -0.0050535619  -0.1608069473  -1.6164361725
  -0.0275800786  -0.8776123323  -2.1814519465
      
      
#  type   0  conf  1.0000
  -0.0275800786  -0.8776123323  -2.1814519465
  -0.0361759792  -1.1511383243  -2.4183225867
      
      
#  type   0  conf  1.0000
  -0.0361759792  -1.1511383243  -2.4183225867
  -0.1209967644  -3.8501794718  -4.7853299414
      
      
#  type   0  conf  1.0000
  -0.1209967644  -3.8501794718  -4.7853299414
  -0.1211169034  -3.8540023573  -5.0215977645
      
      
#  type   0  conf  1.0000
  -0.1211169034  -3.8540023573  -5.0215977645
  -0.0945947648  -3.0100542230  -5.7911476345
      
      
#  type   0  conf  1.0000
  -0.0945947648  -3.0100542230  -5.7911476345
  -0.0770264433  -2.4510211673  -6.0748346330
      
      
#   3  norm     0.9988898750   -0.0471064507   -0.0000000000
# nedges  14 
#  type   0  conf  1.0000
   0.1026620169   2.1769428101  -6.0689345728
   0.1282498588   2.7195316874  -5.8261349990
      
      
#  type   0  conf  1.0000
   0.1282498588   2.7195316874  -5.8261349990
   0.1659477100   3.5189126933  -5.0855556417
      
      
#  type   0  conf  1.0000
   0.1659477100   3.5189126933  -5.0855556417
   0.1658596421   3.5170452180  -4.8354154679
      
      
#  type   0  conf  1.0000
   0.1658596421   3.5170452180  -4.8354154679
   0.0341742969   0.7246642165  -2.2719612526
      
      
#  type   0  conf  1.0000
   0.0341742969   0.7246642165  -2.2719612526
  -0.0021211234  -0.0449783133  -1.6260000506
      
      
#  type   0  conf  1.0000
  -0.0021211234  -0.0449783133  -1.6260000506
  -0.0077075776  -0.1634387889  -1.6166336056
      
      
#  type   0  conf  1.0000
  -0.0077075776  -0.1634387889  -1.6166336056
  -0.0412768760  -0.8752740416  -2.1810838490
      
      
#  type   0  conf  1.0000
  -0.0412768760  -0.8752740416  -2.1810838490
  -0.0520949326  -1.1046703774  -2.3787293863
      
      
#  type   0  conf  1.0000
  -0.0520949326  -1.1046703774  -2.3787293863
  -0.1815853913  -3.8505089244  -4.7867557884
      
      
#  type   0  conf  1.0000
  -0.1815853913  -3.8505089244  -4.7867557884
  -0.1817145500  -3.8532477280  -4.9984430142
      
      
#  type   0  conf  1.0000
  -0.1817145500  -3.8532477280  -4.9984430142
  -0.1804938258  -3.8273623338  -5.0550871363
      
      
#  type   0  conf  1.0000
  -0.1804938258  -3.8273623338  -5.0550871363
  -0.1421649725  -3.0146009623  -5.7791433778
      
      
#  type   0  conf  1.0000
  -0.1421649725  -3.0146009623  -5.7791433778
  -0.1407319877  -2.9842145932  -5.7994588990
      
      
#  type   0  conf  1.0000
  -0.1407319877  -2.9842145932  -5.7994588990
  -0.1161018845  -2.4619345146  -6.0734040903
      
      
#   4  norm     0.9980267284   -0.0627905195    0.0000000000
# nedges  17 
#  type   0  conf  1.0000
   0.1358401255   2.1591169662  -6.0782375670
   0.1703549960   2.7077151236  -5.8250225863
      
      
#  type   0  conf  1.0000
   0.1703549960   2.7077151236  -5.8250225863
   0.2211730827   3.5154454812  -5.0864271664
      
      
#  type   0  conf  1.0000
   0.2211730827   3.5154454812  -5.0864271664
   0.2210887537   3.5141051104  -4.8653225838
      
      
#  type   0  conf  1.0000
   0.2210887537   3.5141051104  -4.8653225838
   0.2193888087   3.4870852585  -4.8034459689
      
      
#  type   0  conf  1.0000
   0.2193888087   3.4870852585  -4.8034459689
   0.0491738088   0.7815953094  -2.3294358921
      
      
#  type   0  conf  1.0000
   0.0491738088   0.7815953094  -2.3294358921
   0.0429133145   0.6820876022  -2.2404881840
      
      
#  type   0  conf  1.0000
   0.0429133145   0.6820876022  -2.2404881840
  -0.0030217070  -0.0480286577  -1.6255714802
      
      
#  type   0  conf  1.0000
  -0.0030217070  -0.0480286577  -1.6255714802
  -0.0103855080  -0.1650729223  -1.6170436140
      
      
#  type   0  conf  1.0000
  -0.0103855080  -0.1650729223  -1.6170436140
  -0.0508582545  -0.8083688072  -2.1281909717
      
      
#  type   0  conf  1.0000
  -0.0508582545  -0.8083688072  -2.1281909717
  -0.0591940923  -0.9408631550  -2.2368426268
      
      
#  type   0  conf  1.0000
  -0.0591940923  -0.9408631550  -2.2368426268
  -0.2405501624  -3.8234353436  -4.7591863857
      
      
#  type   0  conf  1.0000
  -0.2405501624  -3.8234353436  -4.7591863857
  -0.2421762459  -3.8492812010  -4.8055942865
      
      
#  type   0  conf  1.0000
  -0.2421762459  -3.8492812010  -4.8055942865
  -0.2423609709  -3.8522173199  -4.9983686493
      
      
#  type   0  conf  1.0000
  -0.2423609709  -3.8522173199  -4.9983686493
  -0.2411660334  -3.8332243327  -5.0587320582
      
      
#  type   0  conf  1.0000
  -0.2411660334  -3.8332243327  -5.0587320582
  -0.1885595384  -2.9970680386  -5.7851988500
      
      
#  type   0  conf  1.0000
  -0.1885595384  -2.9970680386  -5.7851988500
  -0.1866928485  -2.9673978523  -5.8038331022
      
      
#  type   0  conf  1.0000
  -0.1866928485  -2.9673978523  -5.8038331022
  -0.1549868449  -2.4634453559  -6.0731263783
      
      
#   5  norm     0.9969173337   -0.0784590957    0.0000000000
# nedges  18 
#  type   0  conf  1.0000
   0.1698829723   2.1585678276  -6.0779937232
   0.2094065167   2.6607620737  -5.8403356513
      
      
#  type   0  conf  1.0000
   0.2094065167   2.6607620737  -5.8403356513
   0.2127546107   2.7033036419  -5.8148385815
      
      
#  type   0  conf  1.0000
   0.2127546107   2.7033036419  -5.8148385815
   0.2747170103   3.4906105778  -5.1112873071
      
      
#  type   0  conf  1.0000
   0.2747170103   3.4906105778  -5.1112873071
   0.2763424146   3.5112632975  -5.0581835528
      
      
#  type   0  conf  1.0000
   0.2763424146   3.5112632975  -5.0581835528
   0.2759221393   3.5059231931  -4.8503567209
      
      
#  type   0  conf  1.0000
   0.2759221393   3.5059231931  -4.8503567209
   0.2735091715   3.4752635309  -4.7892842578
      
      
#  type   0  conf  1.0000
   0.2735091715   3.4752635309  -4.7892842578
   0.0583142950   0.7409533716  -2.2982237332
      
      
#  type   0  conf  1.0000
   0.0583142950   0.7409533716  -2.2982237332
   0.0532433321   0.6765206786  -2.2406986688
      
      
#  type   0  conf  1.0000
   0.0532433321   0.6765206786  -2.2406986688
  -0.0038691161  -0.0491617813  -1.6266777161
      
      
#  type   0  conf  1.0000
  -0.0038691161  -0.0491617813  -1.6266777161
  -0.0129924721  -0.1650850107  -1.6154730941
      
      
#  type   0  conf  1.0000
  -0.0129924721  -0.1650850107  -1.6154730941
  -0.0577546458  -0.7338423540  -2.0697398655
      
      
#  type   0  conf  1.0000
  -0.0577546458  -0.7338423540  -2.0697398655
  -0.0715289583  -0.9088615892  -2.2113961340
      
      
#  type   0  conf  1.0000
  -0.0715289583  -0.9088615892  -2.2113961340
  -0.2994696774  -3.8051230329  -4.7372759645
      
      
#  type   0  conf  1.0000
  -0.2994696774  -3.8051230329  -4.7372759645
  -0.3027148740  -3.8463571651  -4.7908341897
      
      
#  type   0  conf  1.0000
  -0.3027148740  -3.8463571651  -4.7908341897
  -0.3030771941  -3.8509608790  -5.0078082282
      
      
#  type   0  conf  1.0000
  -0.3030771941  -3.8509608790  -5.0078082282
  -0.3017143850  -3.8336447480  -5.0682935469
      
      
#  type   0  conf  1.0000
  -0.3017143850  -3.8336447480  -5.0682935469
  -0.2339434662  -2.9725335781  -5.7938370196
      
      
#  type   0  conf  1.0000
  -0.2339434662  -2.9725335781  -5.7938370196
  -0.1941969767  -2.4675065456  -6.0743009176
      
      
#   6  norm     0.9955619646   -0.0941083133    0.0000000000
# nedges  18 
#  type   0  conf  1.0000
   0.2039845267   2.1579308888  -6.0776991451
   0.2519177619   2.6650115503  -5.8302983198
      
      
#  type   0  conf  1.0000
   0.2519177619   2.6650115503  -5.8302983198
   0.2557740409   2.7058067204  -5.7988991907
      
      
#  type   0  conf  1.0000
   0.2557740409   2.7058067204  -5.7988991907
   0.3281039539   3.4709772751  -5.1327516929
      
      
#  type   0  conf  1.0000
   0.3281039539   3.4709772751  -5.1327516929
   0.3311814328   3.5035336009  -5.0720793987
      
      
#  type   0  conf  1.0000
   0.3311814328   3.5035336009  -5.0720793987
   0.3310658031   3.5023103665  -4.8497243065
      
      
#  type   0  conf  1.0000
   0.3310658031   3.5023103665  -4.8497243065
   0.3284932756   3.4750958689  -4.7879925152
      
      
#  type   0  conf  1.0000
   0.3284932756   3.4750958689  -4.7879925152
   0.0678727061   0.7180182304  -2.2826648232
      
      
#  type   0  conf  1.0000
   0.0678727061   0.7180182304  -2.2826648232
   0.0622981223   0.6590452943  -2.2309501881
      
      
#  type   0  conf  1.0000
   0.0622981223   0.6590452943  -2.2309501881
  -0.0049486013  -0.0523507338  -1.6257704410
      
      
#  type   0  conf  1.0000
  -0.0049486013  -0.0523507338  -1.6257704410
  -0.0157694302  -0.1668231457  -1.6157727680
      
      
#  type   0  conf  1.0000
  -0.0157694302  -0.1668231457  -1.6157727680
  -0.0671598159  -0.7104766400  -2.0520837972
      
      
#  type   0  conf  1.0000
  -0.0671598159  -0.7104766400  -2.0520837972
  -0.0856347966  -0.9059215208  -2.2108568006
      
      
#  type   0  conf  1.0000
  -0.0856347966  -0.9059215208  -2.2108568006
  -0.3615002884  -3.8242735913  -4.7508977026
      
      
#  type   0  conf  1.0000
  -0.3615002884  -3.8242735913  -4.7508977026
  -0.3633912696  -3.8442780828  -4.8212993960
      
      
#  type   0  conf  1.0000
  -0.3633912696  -3.8442780828  -4.8212993960
  -0.3636446609  -3.8469586826  -5.0071865734
      
      
#  type   0  conf  1.0000
  -0.3636446609  -3.8469586826  -5.0071865734
  -0.3626245749  -3.8361672999  -5.0703606357
      
      
#  type   0  conf  1.0000
  -0.3626245749  -3.8361672999  -5.0703606357
  -0.2798988116  -2.9610201371  -5.7926348538
      
      
#  type   0  conf  1.0000
  -0.2798988116  -2.9610201371  -5.7926348538
  -0.2333048466  -2.4681074735  -6.0749486413
      
      
#   7  norm     0.9939609555   -0.1097343111    0.0000000000
# nedges  16 
#  type   0  conf  1.0000
   0.2400260854   2.1741290829  -6.0675595331
   0.2929373383   2.6533932165  -5.8277068910
      
      
#  type   0  conf  1.0000
   0.2929373383   2.6533932165  -5.8277068910
   0.3832095644   3.4710688112  -5.1364232751
      
      
#  type   0  conf  1.0000
   0.3832095644   3.4710688112  -5.1364232751
   0.3859680445   3.4960548114  -5.0810244597
      
      
#  type   0  conf  1.0000
   0.3859680445   3.4960548114  -5.0810244597
   0.3857491129   3.4940717544  -4.8348820089
      
      
#  type   0  conf  1.0000
   0.3857491129   3.4940717544  -4.8348820089
   0.3821304002   3.4612938645  -4.7750356779
      
      
#  type   0  conf  1.0000
   0.3821304002   3.4612938645  -4.7750356779
   0.0789339928   0.7149751621  -2.2854242767
      
      
#  type   0  conf  1.0000
   0.0789339928   0.7149751621  -2.2854242767
   0.0726142667   0.6577317994  -2.2348663999
      
      
#  type   0  conf  1.0000
   0.0726142667   0.6577317994  -2.2348663999
  -0.0059410934  -0.0538137508  -1.6261515478
      
      
#  type   0  conf  1.0000
  -0.0059410934  -0.0538137508  -1.6261515478
  -0.0185350416  -0.1678883069  -1.6153862370
      
      
#  type   0  conf  1.0000
  -0.0185350416  -0.1678883069  -1.6153862370
  -0.0783352511  -0.7095518278  -2.0528052667
      
      
#  type   0  conf  1.0000
  -0.0783352511  -0.7095518278  -2.0528052667
  -0.0997439955  -0.9034698085  -2.2110153534
      
      
#  type   0  conf  1.0000
  -0.0997439955  -0.9034698085  -2.2110153534
  -0.4217691033  -3.8203367453  -4.7443596037
      
      
#  type   0  conf  1.0000
  -0.4217691033  -3.8203367453  -4.7443596037
  -0.4239947037  -3.8404959821  -4.8064416538
      
      
#  type   0  conf  1.0000
  -0.4239947037  -3.8404959821  -4.8064416538
  -0.4240958982  -3.8414125900  -5.0690920274
      
      
#  type   0  conf  1.0000
  -0.4240958982  -3.8414125900  -5.0690920274
  -0.3253548775  -2.9470276130  -5.7915918910
      
      
#  type   0  conf  1.0000
  -0.3253548775  -2.9470276130  -5.7915918910
  -0.2727703497  -2.4707229191  -6.0746493540
      
      
#   8  norm     0.9921147013   -0.1253332336    0.0000000000
# nedges  17 
#  type   0  conf  1.0000
   0.2715704959   2.1497018287  -6.0782818980
   0.3308279252   2.6187726817  -5.8354630839
      
      
#  type   0  conf  1.0000
   0.3308279252   2.6187726817  -5.8354630839
   0.3345907669   2.6485586408  -5.8167149766
      
      
#  type   0  conf  1.0000
   0.3345907669   2.6485586408  -5.8167149766
   0.4368076095   3.4576882660  -5.1463590683
      
      
#  type   0  conf  1.0000
   0.4368076095   3.4576882660  -5.1463590683
   0.4404260329   3.4863310362  -5.0877953391
      
      
#  type   0  conf  1.0000
   0.4404260329   3.4863310362  -5.0877953391
   0.4405357032   3.4871991665  -4.8651634161
      
      
#  type   0  conf  1.0000
   0.4405357032   3.4871991665  -4.8651634161
   0.4386565276   3.4723239600  -4.7873717089
      
      
#  type   0  conf  1.0000
   0.4386565276   3.4723239600  -4.7873717089
   0.0872923329   0.6909899655  -2.2702691463
      
      
#  type   0  conf  1.0000
   0.0872923329   0.6909899655  -2.2702691463
   0.0787201948   0.6231345060  -2.2110398028
      
      
#  type   0  conf  1.0000
   0.0787201948   0.6231345060  -2.2110398028
  -0.0074983973  -0.0593559262  -1.6239410240
      
      
#  type   4  conf  0.0000
#  type   0  conf  1.0000
  -0.0224346239  -0.1775883341  -1.6200855162
  -0.1107983851  -0.8770595289  -2.1915524534
      
      
#  type   0  conf  1.0000
  -0.1107983851  -0.8770595289  -2.1915524534
  -0.1126263078  -0.8915290266  -2.2038521913
      
      
#  type   0  conf  1.0000
  -0.1126263078  -0.8915290266  -2.2038521913
  -0.4822248847  -3.8172030179  -4.7404701666
      
      
#  type   0  conf  1.0000
  -0.4822248847  -3.8172030179  -4.7404701666
  -0.4844199752  -3.8345789489  -4.7909163788
      
      
#  type   0  conf  1.0000
  -0.4844199752  -3.8345789489  -4.7909163788
  -0.4848679721  -3.8381252096  -5.0730099511
      
      
#  type   0  conf  1.0000
  -0.4848679721  -3.8381252096  -5.0730099511
  -0.3702546338  -2.9308672167  -5.7916476019
      
      
#  type   0  conf  1.0000
  -0.3702546338  -2.9308672167  -5.7916476019
  -0.3119013813  -2.4689536600  -6.0747968499
      
      
#   9  norm     0.9900236577   -0.1409012319    0.0000000000
# nedges  17 
#  type   0  conf  1.0000
   0.3080900008   2.1647531770  -6.0671533626
   0.3717745326   2.6122240209  -5.8287798439
      
      
#  type   0  conf  1.0000
   0.3717745326   2.6122240209  -5.8287798439
   0.3916984019   2.7522164231  -5.7171734645
      
      
#  type   0  conf  1.0000
   0.3916984019   2.7522164231  -5.7171734645
   0.4919895634   3.4568988535  -5.1443467147
      
      
#  type   0  conf  1.0000
   0.4919895634   3.4568988535  -5.1443467147
   0.4952125864   3.4795449932  -5.0871500925
      
      
#  type   0  conf  1.0000
   0.4952125864   3.4795449932  -5.0871500925
   0.4949561191   3.4777429604  -4.8349449992
      
      
#  type   0  conf  1.0000
   0.4949561191   3.4777429604  -4.8349449992
   0.4918918529   3.4562123037  -4.7754750706
      
      
#  type   0  conf  1.0000
   0.4918918529   3.4562123037  -4.7754750706
   0.0997533448   0.7009035332  -2.2855242746
      
      
#  type   0  conf  1.0000
   0.0997533448   0.7009035332  -2.2855242746
   0.0890656382   0.6258077921  -2.2190048945
      
      
#  type   0  conf  1.0000
   0.0890656382   0.6258077921  -2.2190048945
  -0.0087859657  -0.0617334130  -1.6237871457
      
      
#  type   4  conf  0.0000
#  type   0  conf  1.0000
  -0.0251627348  -0.1768025899  -1.6184008499
  -0.1225940980  -0.8613910299  -2.1816226950
      
      
#  type   0  conf  1.0000
  -0.1225940980  -0.8613910299  -2.1816226950
  -0.1255919915  -0.8824553274  -2.1992484547
      
      
#  type   0  conf  1.0000
  -0.1255919915  -0.8824553274  -2.1992484547
  -0.5417727748  -3.8066939290  -4.7310013014
      
      
#  type   0  conf  1.0000
  -0.5417727748  -3.8066939290  -4.7310013014
  -0.5447799025  -3.8278231093  -4.7764715933
      
      
#  type   0  conf  1.0000
  -0.5447799025  -3.8278231093  -4.7764715933
  -0.5453617368  -3.8319112902  -5.0772939656
      
      
#  type   0  conf  1.0000
  -0.5453617368  -3.8319112902  -5.0772939656
  -0.4149592535  -2.9156556855  -5.7891454096
      
      
#  type   0  conf  1.0000
  -0.4149592535  -2.9156556855  -5.7891454096
  -0.3512096639  -2.4677277221  -6.0747177268
      
      
#  10  norm     0.9876883406   -0.1564344650    0.0000000000
# nedges  16 
#  type   0  conf  1.0000
   0.3409557316   2.1527097667  -6.0698942840
   0.4104239278   2.5913146958  -5.8293075259
      
      
#  type   0  conf  1.0000
   0.4104239278   2.5913146958  -5.8293075259
   0.4800871482   3.0311509589  -5.4806743617
      
      
#  type   0  conf  1.0000
   0.4800871482   3.0311509589  -5.4806743617
   0.5462139440   3.4486591163  -5.1482111511
      
      
#  type   0  conf  1.0000
   0.5462139440   3.4486591163  -5.1482111511
   0.5494332160   3.4689847999  -5.0876622950
      
      
#  type   0  conf  1.0000
   0.5494332160   3.4689847999  -5.0876622950
   0.5491716866   3.4673335681  -4.7898191670
      
      
#  type   0  conf  1.0000
   0.5491716866   3.4673335681  -4.7898191670
   0.1092946008   0.6900589513  -2.2819336890
      
      
#  type   0  conf  1.0000
   0.1092946008   0.6900589513  -2.2819336890
   0.0966260129   0.6100726355  -2.2112203177
      
      
#  type   0  conf  1.0000
   0.0966260129   0.6100726355  -2.2112203177
  -0.0094796220  -0.0598519780  -1.6262344867
      
      
#  type   0  conf  1.0000
  -0.0094796220  -0.0598519780  -1.6262344867
  -0.0272387781  -0.1719788767  -1.6154097447
      
      
#  type   0  conf  1.0000
  -0.0272387781  -0.1719788767  -1.6154097447
  -0.1034686412  -0.6532752904  -2.0122096209
      
      
#  type   0  conf  1.0000
  -0.1034686412  -0.6532752904  -2.0122096209
  -0.1382043365  -0.8725878389  -2.1942607361
      
      
#  type   0  conf  1.0000
  -0.1382043365  -0.8725878389  -2.1942607361
  -0.6049322946  -3.8193921911  -4.7448891303
      
      
#  type   0  conf  1.0000
  -0.6049322946  -3.8193921911  -4.7448891303
  -0.6056545410  -3.8239522757  -5.0282852425
      
      
#  type   2  conf  0.0000
#  type   0  conf  1.0000
  -0.6044039576  -3.8160564025  -5.0875316928
  -0.4588249155  -2.8969065051  -5.7885121770
      
      
#  type   0  conf  1.0000
  -0.4588249155  -2.8969065051  -5.7885121770
  -0.3904370170  -2.4651223073  -6.0746193194
      
      
#  11  norm     0.9851093262   -0.1719291003    0.0000000000
# nedges  13 
#  type   0  conf  1.0000
   0.3747452648   2.1471935509  -6.0690647291
   0.4483498002   2.5689285227  -5.8289047864
      
      
#  type   0  conf  1.0000
   0.4483498002   2.5689285227  -5.8289047864
   0.4692058215   2.6884281366  -5.7372090056
      
      
#  type   0  conf  1.0000
   0.4692058215   2.6884281366  -5.7372090056
   0.6037699836   3.4594460199  -5.1363920733
      
      
#  type   0  conf  1.0000
   0.6037699836   3.4594460199  -5.1363920733
   0.6031196703   3.4557198928  -4.7848793807
      
      
#  type   0  conf  1.0000
   0.6031196703   3.4557198928  -4.7848793807
   0.1104094230   0.6326174694  -2.2376426710
      
      
#  type   0  conf  1.0000
   0.1104094230   0.6326174694  -2.2376426710
  -0.0112060509  -0.0642077764  -1.6242692331
      
      
#  type   0  conf  1.0000
  -0.0112060509  -0.0642077764  -1.6242692331
  -0.0305387767  -0.1749793004  -1.6170504898
      
      
#  type   0  conf  1.0000
  -0.0305387767  -0.1749793004  -1.6170504898
  -0.1341314073  -0.7685383107  -2.1102798955
      
      
#  type   0  conf  1.0000
  -0.1341314073  -0.7685383107  -2.1102798955
  -0.1543422744  -0.8843413577  -2.2083140247
      
      
#  type   0  conf  1.0000
  -0.1543422744  -0.8843413577  -2.2083140247
  -0.6653415062  -3.8122349375  -4.7423067023
      
      
#  type   0  conf  1.0000
  -0.6653415062  -3.8122349375  -4.7423067023
  -0.6662272212  -3.8173098552  -5.0838822196
      
      
#  type   0  conf  1.0000
  -0.6662272212  -3.8173098552  -5.0838822196
  -0.5032885853  -2.8837135677  -5.7818222509
      
      
#  type   0  conf  1.0000
  -0.5032885853  -2.8837135677  -5.7818222509
  -0.4298025183  -2.4626573890  -6.0742318040
      
      
#  12  norm     0.9822872507   -0.1873813146    0.0000000000
# nedges  12 
#  type   0  conf  1.0000
   0.4068290127   2.1326723707  -6.0730416844
   0.4864314372   2.5499628936  -5.8265397096
      
      
#  type   0  conf  1.0000
   0.4864314372   2.5499628936  -5.8265397096
   0.6541440666   3.4291432859  -5.1559691804
      
      
#  type   0  conf  1.0000
   0.6541440666   3.4291432859  -5.1559691804
   0.6574503795   3.4464755849  -5.1167682555
      
      
#  type   0  conf  1.0000
   0.6574503795   3.4464755849  -5.1167682555
   0.6571948725   3.4451361700  -4.7977668303
      
      
#  type   0  conf  1.0000
   0.6571948725   3.4451361700  -4.7977668303
   0.6524552905   3.4202904112  -4.7589633865
      
      
#  type   0  conf  1.0000
   0.6524552905   3.4202904112  -4.7589633865
  -0.0109183833  -0.0572361696  -1.6254543108
      
      
#  type   0  conf  1.0000
  -0.0109183833  -0.0572361696  -1.6254543108
  -0.0336046136  -0.1761615537  -1.6166537907
      
      
#  type   0  conf  1.0000
  -0.0336046136  -0.1761615537  -1.6166537907
  -0.1394122131  -0.7308244146  -2.0824106404
      
      
#  type   0  conf  1.0000
  -0.1394122131  -0.7308244146  -2.0824106404
  -0.1716395456  -0.8997660077  -2.2258281142
      
      
#  type   0  conf  1.0000
  -0.1716395456  -0.8997660077  -2.2258281142
  -0.7257502271  -3.8045159247  -4.7418656082
      
      
#  type   0  conf  1.0000
  -0.7257502271  -3.8045159247  -4.7418656082
  -0.7264673371  -3.8082751467  -5.0880706421
      
      
#  type   0  conf  1.0000
  -0.7264673371  -3.8082751467  -5.0880706421
  -0.4689423226  -2.4582817442  -6.0766325456
      
      
#  13  norm     0.9792228106   -0.2027872954    0.0000000000
# nedges  11 
#  type   0  conf  1.0000
   0.4382093593   2.1160329580  -6.0775233553
   0.5222638569   2.5219167749  -5.8283885788
      
      
#  type   0  conf  1.0000
   0.5222638569   2.5219167749  -5.8283885788
   0.5504012315   2.6577870175  -5.7272860671
      
      
#  type   0  conf  1.0000
   0.5504012315   2.6577870175  -5.7272860671
   0.7114079172   3.4352588952  -5.1438544654
      
      
#  type   0  conf  1.0000
   0.7114079172   3.4352588952  -5.1438544654
   0.7109656568   3.4331233002  -4.8054621613
      
      
#  type   0  conf  1.0000
   0.7109656568   3.4331233002  -4.8054621613
   0.7068403991   3.4132031846  -4.7618537139
      
      
#  type   0  conf  1.0000
   0.7068403991   3.4132031846  -4.7618537139
  -0.0115131155  -0.0555947320  -1.6317726862
      
      
#  type   4  conf  0.0000
#  type   0  conf  1.0000
  -0.0393295062  -0.1899150021  -1.6196487311
  -0.7710899285  -3.7234524269  -4.6761461847
      
      
#  type   0  conf  1.0000
  -0.7710899285  -3.7234524269  -4.6761461847
  -0.7856927945  -3.7939669993  -4.7464367944
      
      
#  type   0  conf  1.0000
  -0.7856927945  -3.7939669993  -4.7464367944
  -0.7870577119  -3.8005579365  -5.0872323799
      
      
#  type   0  conf  1.0000
  -0.7870577119  -3.8005579365  -5.0872323799
  -0.5078217406  -2.4521784330  -6.0756292552
      
      
#  14  norm     0.9759167619   -0.2181432414    0.0000000000
# nedges  13 
#  type   0  conf  1.0000
   0.4736289877   2.1188942874  -6.0693234287
   0.5589542120   2.5006173980  -5.8254038144
      
      
#  type   0  conf  1.0000
   0.5589542120   2.5006173980  -5.8254038144
   0.7649820721   3.4223330595  -5.1465981568
      
      
#  type   0  conf  1.0000
   0.7649820721   3.4223330595  -5.1465981568
   0.7644706519   3.4200450972  -4.7902586487
      
      
#  type   0  conf  1.0000
   0.7644706519   3.4200450972  -4.7902586487
   0.7551024881   3.3781343413  -4.7409163736
      
      
#  type   0  conf  1.0000
   0.7551024881   3.3781343413  -4.7409163736
  -0.0101408663  -0.0453676279  -1.6418110464
      
      
#  type   0  conf  1.0000
  -0.0101408663  -0.0453676279  -1.6418110464
  -0.0201683889  -0.0902281854  -1.6219936313
      
      
#  type   0  conf  1.0000
  -0.0201683889  -0.0902281854  -1.6219936313
  -0.0348784164  -0.1560370652  -1.6195371290
      
      
#  type   0  conf  1.0000
  -0.0348784164  -0.1560370652  -1.6195371290
  -0.0465093031  -0.2080706614  -1.6360395635
      
      
#  type   0  conf  1.0000
  -0.0465093031  -0.2080706614  -1.6360395635
  -0.8435194082  -3.7736889036  -4.7293532457
      
      
#  type   0  conf  1.0000
  -0.8435194082  -3.7736889036  -4.7293532457
  -0.8458866853  -3.7842794926  -4.7765701919
      
      
#  type   0  conf  1.0000
  -0.8458866853  -3.7842794926  -4.7765701919
  -0.8471676122  -3.7900100300  -5.0869340358
      
      
#  type   0  conf  1.0000
  -0.8471676122  -3.7900100300  -5.0869340358
  -0.6450504737  -2.8857899311  -5.7629556975
      
      
#  type   0  conf  1.0000
  -0.6450504737  -2.8857899311  -5.7629556975
  -0.5469153270  -2.4467585223  -6.0752691992
      
      
#  15  norm     0.9723699204   -0.2334453639    0.0000000000
# nedges  11 
#  type   0  conf  1.0000
   0.5053975178   2.1051321649  -6.0711209726
   0.5945513270   2.4764845056  -5.8222490520
      
      
#  type   0  conf  1.0000
   0.5945513270   2.4764845056  -5.8222490520
   0.8181720060   3.4079316685  -5.1486326909
      
      
#  type   0  conf  1.0000
   0.8181720060   3.4079316685  -5.1486326909
   0.8176791979   3.4058789751  -4.8057629717
      
      
#  type   0  conf  1.0000
   0.8176791979   3.4058789751  -4.8057629717
   0.8138604560   3.3899727704  -4.7642043443
      
      
#  type   0  conf  1.0000
   0.8138604560   3.3899727704  -4.7642043443
  -0.0141966568  -0.0591333312  -1.6313857744
      
      
#  type   4  conf  0.0000
#  type   0  conf  1.0000
  -0.0449215678  -0.1871117960  -1.6194110328
  -0.9030227891  -3.7613606157  -4.7287031034
      
      
#  type   0  conf  1.0000
  -0.9030227891  -3.7613606157  -4.7287031034
  -0.9056795949  -3.7724270085  -4.7760751128
      
      
#  type   0  conf  1.0000
  -0.9056795949  -3.7724270085  -4.7760751128
  -0.9066796456  -3.7765925196  -5.0876242786
      
      
#  type   0  conf  1.0000
  -0.9066796456  -3.7765925196  -5.0876242786
  -0.6908339925  -2.8775306703  -5.7764087437
      
      
#  type   0  conf  1.0000
  -0.6908339925  -2.8775306703  -5.7764087437
  -0.5857248989  -2.4397197869  -6.0754501397
      
      
#  16  norm     0.9685831611   -0.2486898872    0.0000000000
# nedges  11 
#  type   0  conf  1.0000
   0.5385140050   2.0973735733  -6.0712124955
   0.8712371228   3.3932445592  -5.1513051138
      
      
#  type   0  conf  1.0000
   0.8712371228   3.3932445592  -5.1513051138
   0.8706950246   3.3911332259  -4.7909535155
      
      
#  type   0  conf  1.0000
   0.8706950246   3.3911332259  -4.7909535155
   0.8610148073   3.3534312687  -4.7447834481
      
      
#  type   0  conf  1.0000
   0.8610148073   3.3534312687  -4.7447834481
  -0.0151510066  -0.0590092749  -1.6304334140
      
      
#  type   4  conf  0.0000
#  type   0  conf  1.0000
  -0.0479345067  -0.1866925774  -1.6187674556
  -0.9622336480  -3.7476526254  -4.7285986861
      
      
#  type   0  conf  1.0000
  -0.9622336480  -3.7476526254  -4.7285986861
  -0.9650954742  -3.7587987026  -4.7759792379
      
      
#  type   0  conf  1.0000
  -0.9650954742  -3.7587987026  -4.7759792379
  -0.9662182987  -3.7631718153  -5.0874285645
      
      
#  type   0  conf  1.0000
  -0.9662182987  -3.7631718153  -5.0874285645
  -0.7380442382  -2.8744925234  -5.7838846038
      
      
#  type   0  conf  1.0000
  -0.7380442382  -2.8744925234  -5.7838846038
  -0.7354207985  -2.8642749002  -5.7906982203
      
      
#  type   0  conf  1.0000
  -0.7354207985  -2.8642749002  -5.7906982203
  -0.6226627316  -2.4251112251  -6.0792214048
      
      
#  17  norm     0.9645574185   -0.2638730500    0.0000000000
# nedges  10 
#  type   0  conf  1.0000
   0.5711583095   2.0878031485  -6.0697498858
   0.9238036638   3.3768574594  -5.1519661102
      
      
#  type   0  conf  1.0000
   0.9238036638   3.3768574594  -5.1519661102
   0.9236439804   3.3762737551  -4.8058781367
      
      
#  type   0  conf  1.0000
   0.9236439804   3.3762737551  -4.8058781367
   0.9197825344   3.3621586860  -4.7680829962
      
      
#  type   0  conf  1.0000
   0.9197825344   3.3621586860  -4.7680829962
  -0.0168508600  -0.0615963700  -1.6255130936
      
      
#  type   0  conf  1.0000
  -0.0168508600  -0.0615963700  -1.6255130936
  -0.0514724012  -0.1881514101  -1.6159302957
      
      
#  type   0  conf  1.0000
  -0.0514724012  -0.1881514101  -1.6159302957
  -1.0191868504  -3.7255196674  -4.7239106684
      
      
#  type   0  conf  1.0000
  -1.0191868504  -3.7255196674  -4.7239106684
  -1.0241017119  -3.7434853752  -4.7612140900
      
      
#  type   0  conf  1.0000
  -1.0241017119  -3.7434853752  -4.7612140900
  -1.0256341909  -3.7490871752  -5.0869212013
      
      
#  type   0  conf  1.0000
  -1.0256341909  -3.7490871752  -5.0869212013
  -0.7881601509  -2.8810282844  -5.7834743374
      
      
#  type   0  conf  1.0000
  -0.7881601509  -2.8810282844  -5.7834743374
  -0.6630932687  -2.4238607602  -6.0758348956
      
      
#  18  norm     0.9602936857   -0.2789911060    0.0000000000
# nedges  13 
#  type   0  conf  1.0000
   0.6039902444   2.0789480574  -6.0675871043
   0.7071926565   2.4341730898  -5.8246031275
      
      
#  type   0  conf  1.0000
   0.7071926565   2.4341730898  -5.8246031275
   0.9761302365   3.3598623118  -5.1500903025
      
      
#  type   0  conf  1.0000
   0.9761302365   3.3598623118  -5.1500903025
   0.9761542162   3.3599448504  -4.7862973263
      
      
#  type   0  conf  1.0000
   0.9761542162   3.3599448504  -4.7862973263
   0.1620347805   0.5577273726  -2.1916080265
      
      
#  type   0  conf  1.0000
   0.1620347805   0.5577273726  -2.1916080265
   0.1414611232   0.4869123798  -2.1275286842
      
      
#  type   0  conf  1.0000
   0.1414611232   0.4869123798  -2.1275286842
  -0.0217921279  -0.0750089963  -1.6244790257
      
      
#  type   0  conf  1.0000
  -0.0217921279  -0.0750089963  -1.6244790257
  -0.0402549640  -0.1385584951  -1.6205375611
      
      
#  type   4  conf  0.0000
#  type   0  conf  1.0000
  -0.0600714228  -0.2067671934  -1.6291249010
  -1.0789613379  -3.7138092843  -4.7291200021
      
      
#  type   0  conf  1.0000
  -1.0789613379  -3.7138092843  -4.7291200021
  -1.0833098513  -3.7287769657  -4.7910764360
      
      
#  type   0  conf  1.0000
  -1.0833098513  -3.7287769657  -4.7910764360
  -1.0847289634  -3.7336615815  -5.0851745141
      
      
#  type   0  conf  1.0000
  -1.0847289634  -3.7336615815  -5.0851745141
  -0.8378365456  -2.8838523056  -5.7836187510
      
      
#  type   0  conf  1.0000
  -0.8378365456  -2.8838523056  -5.7836187510
  -0.7016912843  -2.4152372425  -6.0756273538
      
      
#  19  norm     0.9557930148   -0.2940403252    0.0000000000
# nedges  13 
#  type   0  conf  1.0000
   0.6365713715   2.0692075818  -6.0673670604
   0.7500291868   2.4380079741  -5.8251119814
      
      
#  type   0  conf  1.0000
   0.7500291868   2.4380079741  -5.8251119814
   1.0287139889   3.3438870808  -5.1468941933
      
      
#  type   0  conf  1.0000
   1.0287139889   3.3438870808  -5.1468941933
   1.0279449899   3.3413874107  -4.7879472422
      
      
#  type   0  conf  1.0000
   1.0279449899   3.3413874107  -4.7879472422
   0.1751774259   0.5694231220  -2.2027866877
      
      
#  type   0  conf  1.0000
   0.1751774259   0.5694231220  -2.2027866877
   0.1531019204   0.4976655701  -2.1373235967
      
      
#  type   0  conf  1.0000
   0.1531019204   0.4976655701  -2.1373235967
  -0.0242025431  -0.0786715960  -1.6222081162
      
      
#  type   4  conf  0.0000
#  type   0  conf  1.0000
  -0.0579677005  -0.1884269553  -1.6194961184
  -0.2641758659  -0.8587170726  -2.2011820714
      
      
#  type   0  conf  1.0000
  -0.2641758659  -0.8587170726  -2.2011820714
  -0.2684827062  -0.8727166757  -2.2133922478
      
      
#  type   0  conf  1.0000
  -0.2684827062  -0.8727166757  -2.2133922478
  -1.1419666535  -3.7120206205  -4.7472163466
      
      
#  type   0  conf  1.0000
  -1.1419666535  -3.7120206205  -4.7472163466
  -1.1433948794  -3.7166631416  -5.0831059570
      
      
#  type   0  conf  1.0000
  -1.1433948794  -3.7166631416  -5.0831059570
  -0.8876972963  -2.8855051578  -5.7836190224
      
      
#  type   0  conf  1.0000
  -0.8876972963  -2.8855051578  -5.7836190224
  -0.7405592975  -2.4072256180  -6.0738618653
      
      
#  20  norm     0.9510565163   -0.3090169944    0.0000000000
# nedges  15 
#  type   0  conf  1.0000
   0.6691173770   2.0593315357  -6.0677707451
   0.7907819264   2.4337765163  -5.8288881932
      
      
#  type   0  conf  1.0000
   0.7907819264   2.4337765163  -5.8288881932
   0.7975504256   2.4546078148  -5.8145913185
      
      
#  type   0  conf  1.0000
   0.7975504256   2.4546078148  -5.8145913185
   1.0770034942   3.3146759237  -5.1519436596
      
      
#  type   0  conf  1.0000
   1.0770034942   3.3146759237  -5.1519436596
   1.0806501708   3.3258992401  -5.1024135540
      
      
#  type   0  conf  1.0000
   1.0806501708   3.3258992401  -5.1024135540
   1.0795929404   3.3226454197  -4.7903758525
      
      
#  type   0  conf  1.0000
   1.0795929404   3.3226454197  -4.7903758525
   0.1751955163   0.5391963562  -2.1749728637
      
      
#  type   0  conf  1.0000
   0.1751955163   0.5391963562  -2.1749728637
  -0.0252748991  -0.0777881409  -1.6233802234
      
      
#  type   0  conf  1.0000
  -0.0252748991  -0.0777881409  -1.6233802234
  -0.0596854658  -0.1836929756  -1.6166523152
      
      
#  type   0  conf  1.0000
  -0.0596854658  -0.1836929756  -1.6166523152
  -0.2725322654  -0.8387680664  -2.1814745930
      
      
#  type   3  conf  0.0000
#  type   0  conf  1.0000
  -0.2820725481  -0.8681300375  -2.2080577989
  -1.1935091486  -3.6732434580  -4.7312841167
      
      
#  type   0  conf  1.0000
  -1.1935091486  -3.6732434580  -4.7312841167
  -1.2007137502  -3.6954169418  -4.7910196811
      
      
#  type   0  conf  1.0000
  -1.2007137502  -3.6954169418  -4.7910196811
  -1.2023815956  -3.7005500422  -5.0787932262
      
      
#  type   0  conf  1.0000
  -1.2023815956  -3.7005500422  -5.0787932262
  -0.9379634094  -2.8867545436  -5.7826646535
      
      
#  type   0  conf  1.0000
  -0.9379634094  -2.8867545436  -5.7826646535
  -0.7780873234  -2.3947065456  -6.0742493118
      
      
#  21  norm     0.9460853588   -0.3239174182    0.0000000000
# nedges  16 
#  type   0  conf  1.0000
   0.7014250316   2.0486948693  -6.0678186764
   0.8331297531   2.4333728819  -5.8289981692
      
      
#  type   0  conf  1.0000
   0.8331297531   2.4333728819  -5.8289981692
   0.8505462225   2.4842422264  -5.7910566023
      
      
#  type   0  conf  1.0000
   0.8505462225   2.4842422264  -5.7910566023
   1.1285485184   3.2962204872  -5.1491895094
      
      
#  type   0  conf  1.0000
   1.1285485184   3.2962204872  -5.1491895094
   1.1322829875   3.3071279787  -5.0875185873
      
      
#  type   0  conf  1.0000
   1.1322829875   3.3071279787  -5.0875185873
   1.1310758043   3.3036020851  -4.7947592266
      
      
#  type   0  conf  1.0000
   1.1310758043   3.3036020851  -4.7947592266
   0.1848762314   0.5399792845  -2.1765728197
      
      
#  type   0  conf  1.0000
   0.1848762314   0.5399792845  -2.1765728197
  -0.0263280298  -0.0768978824  -1.6250882650
      
      
#  type   0  conf  1.0000
  -0.0263280298  -0.0768978824  -1.6250882650
  -0.0513581448  -0.1500048657  -1.6190845722
      
      
#  type   0  conf  1.0000
  -0.0513581448  -0.1500048657  -1.6190845722
  -0.0675340563  -0.1972508371  -1.6257744003
      
      
#  type   0  conf  1.0000
  -0.0675340563  -0.1972508371  -1.6257744003
  -0.2909769903  -0.8498742422  -2.1919660883
      
      
#  type   0  conf  1.0000
  -0.2909769903  -0.8498742422  -2.1919660883
  -0.3053402897  -0.8918260067  -2.2290142463
      
      
#  type   0  conf  1.0000
  -0.3053402897  -0.8918260067  -2.2290142463
  -1.2542371439  -3.6633269211  -4.7435229283
      
      
#  type   0  conf  1.0000
  -1.2542371439  -3.6633269211  -4.7435229283
  -1.2592972199  -3.6781061939  -4.8058865422
      
      
#  type   0  conf  1.0000
  -1.2592972199  -3.6781061939  -4.8058865422
  -1.2606290421  -3.6819961282  -5.0748752157
      
      
#  type   0  conf  1.0000
  -1.2606290421  -3.6819961282  -5.0748752157
  -0.9876006657  -2.8845454973  -5.7834739783
      
      
#  type   0  conf  1.0000
  -0.9876006657  -2.8845454973  -5.7834739783
  -0.8141761242  -2.3780138619  -6.0761073837
      
      
#  22  norm     0.9408807690   -0.3387379202    0.0000000000
# nedges  16 
#  type   0  conf  1.0000
   0.7332607256   2.0367100172  -6.0675631447
   0.8778410734   2.4382973820  -5.8250258332
      
      
#  type   0  conf  1.0000
   0.8778410734   2.4382973820  -5.8250258332
   1.1793677884   3.2758200523  -5.1479670954
      
      
#  type   0  conf  1.0000
   1.1793677884   3.2758200523  -5.1479670954
   1.1836449013   3.2877001905  -5.0839563719
      
      
#  type   0  conf  1.0000
   1.1836449013   3.2877001905  -5.0839563719
   1.1823039369   3.2839755186  -4.8002393089
      
      
#  type   0  conf  1.0000
   1.1823039369   3.2839755186  -4.8002393089
   0.1965896019   0.5460486256  -2.1832397841
      
      
#  type   0  conf  1.0000
   0.1965896019   0.5460486256  -2.1832397841
   0.1715018466   0.4763647046  -2.1204820576
      
      
#  type   0  conf  1.0000
   0.1715018466   0.4763647046  -2.1204820576
  -0.0285160472  -0.0792063681  -1.6232879732
      
      
#  type   4  conf  0.0000
#  type   0  conf  1.0000
  -0.0680657019  -0.1890597601  -1.6185774524
  -0.3093429488  -0.8592330948  -2.2001879883
      
      
#  type   0  conf  1.0000
  -0.3093429488  -0.8592330948  -2.2001879883
  -0.3192419257  -0.8867285608  -2.2246628420
      
      
#  type   0  conf  1.0000
  -0.3192419257  -0.8867285608  -2.2246628420
  -1.3081349463  -3.6334845927  -4.7391235229
      
      
#  type   0  conf  1.0000
  -1.3081349463  -3.6334845927  -4.7391235229
  -1.3172953684  -3.6589286438  -4.8058945087
      
      
#  type   0  conf  1.0000
  -1.3172953684  -3.6589286438  -4.8058945087
  -1.3186537672  -3.6627017418  -5.0698634082
      
      
#  type   0  conf  1.0000
  -1.3186537672  -3.6627017418  -5.0698634082
  -1.0418913730  -2.8939646186  -5.7719983196
      
      
#  type   0  conf  1.0000
  -1.0418913730  -2.8939646186  -5.7719983196
  -1.0317508449  -2.8657982183  -5.7917567037
      
      
#  type   0  conf  1.0000
  -1.0317508449  -2.8657982183  -5.7917567037
  -0.8481247612  -2.3557571497  -6.0821390924
      
      
#  23  norm     0.9354440308   -0.3534748438   -0.0000000000
# nedges  17 
#  type   0  conf  1.0000
   0.7653812986   2.0255228333  -6.0663840875
   0.9214547062   2.4385591216  -5.8231266626
      
      
#  type   0  conf  1.0000
   0.9214547062   2.4385591216  -5.8231266626
   1.2297781048   3.2545133200  -5.1438835429
      
      
#  type   0  conf  1.0000
   1.2297781048   3.2545133200  -5.1438835429
   1.2345715902   3.2671989110  -5.0814275240
      
      
#  type   0  conf  1.0000
   1.2345715902   3.2671989110  -5.0814275240
   1.2339888743   3.2656567982  -4.8351859827
      
      
#  type   0  conf  1.0000
   1.2339888743   3.2656567982  -4.8351859827
   1.2261316794   3.2448633352  -4.7882201003
      
      
#  type   0  conf  1.0000
   1.2261316794   3.2448633352  -4.7882201003
   0.2103545886   0.5566872656  -2.1943622726
      
      
#  type   0  conf  1.0000
   0.2103545886   0.5566872656  -2.1943622726
   0.2051495734   0.5429125927  -2.1814112222
      
      
#  type   0  conf  1.0000
   0.2051495734   0.5429125927  -2.1814112222
  -0.0300475908  -0.0795186418  -1.6232485791
      
      
#  type   0  conf  1.0000
  -0.0300475908  -0.0795186418  -1.6232485791
  -0.0703265572  -0.1861138333  -1.6176459098
      
      
#  type   0  conf  1.0000
  -0.0703265572  -0.1861138333  -1.6176459098
  -0.2653211382  -0.7021520182  -2.0640779715
      
      
#  type   0  conf  1.0000
  -0.2653211382  -0.7021520182  -2.0640779715
  -0.3331569882  -0.8816743862  -2.2208660164
      
      
#  type   0  conf  1.0000
  -0.3331569882  -0.8816743862  -2.2208660164
  -1.3649340207  -3.6121930730  -4.7440552620
      
      
#  type   0  conf  1.0000
  -1.3649340207  -3.6121930730  -4.7440552620
  -1.3751808222  -3.6393104463  -4.8058294282
      
      
#  type   0  conf  1.0000
  -1.3751808222  -3.6393104463  -4.8058294282
  -1.3758121561  -3.6409812229  -5.0644567316
      
      
#  type   0  conf  1.0000
  -1.3758121561  -3.6409812229  -5.0644567316
  -1.0923357430  -2.8907826638  -5.7708554668
      
      
#  type   0  conf  1.0000
  -1.0923357430  -2.8907826638  -5.7708554668
  -1.0865170819  -2.8753840240  -5.7840078563
      
      
#  type   0  conf  1.0000
  -1.0865170819  -2.8753840240  -5.7840078563
  -0.8845860023  -2.3409889279  -6.0814787463
      
      
#  24  norm     0.9297764859   -0.3681245527   -0.0000000000
# nedges  18 
#  type   0  conf  1.0000
   0.7971792772   2.0134450190  -6.0654484988
   0.9613938920   2.4282037913  -5.8268293086
      
      
#  type   0  conf  1.0000
   0.9613938920   2.4282037913  -5.8268293086
   0.9994706013   2.5243745810  -5.7466281154
      
      
#  type   0  conf  1.0000
   0.9994706013   2.5243745810  -5.7466281154
   1.2753453258   3.2211545975  -5.1481011601
      
      
#  type   0  conf  1.0000
   1.2753453258   3.2211545975  -5.1481011601
   1.2848492455   3.2451587587  -5.0874777330
      
      
#  type   0  conf  1.0000
   1.2848492455   3.2451587587  -5.0874777330
   1.2852201607   3.2460955835  -4.8173145299
      
      
#  type   0  conf  1.0000
   1.2852201607   3.2460955835  -4.8173145299
   0.2247949657   0.5677672726  -2.2068473583
      
      
#  type   0  conf  1.0000
   0.2247949657   0.5677672726  -2.2068473583
   0.2013203033   0.5084770433  -2.1522367040
      
      
#  type   0  conf  1.0000
   0.2013203033   0.5084770433  -2.1522367040
  -0.0309416262  -0.0781496270  -1.6251272534
      
      
#  type   0  conf  1.0000
  -0.0309416262  -0.0781496270  -1.6251272534
  -0.0613856284  -0.1550423991  -1.6177693660
      
      
#  type   0  conf  1.0000
  -0.0613856284  -0.1550423991  -1.6177693660
  -0.0788515653  -0.1991563202  -1.6261912550
      
      
#  type   0  conf  1.0000
  -0.0788515653  -0.1991563202  -1.6261912550
  -0.3443370107  -0.8696960131  -2.2108569930
      
      
#  type   0  conf  1.0000
  -0.3443370107  -0.8696960131  -2.2108569930
  -0.3823274471  -0.9656489023  -2.3001629005
      
      
#  type   0  conf  1.0000
  -0.3823274471  -0.9656489023  -2.3001629005
  -1.4193221858  -3.5847986357  -4.7451010477
      
      
#  type   0  conf  1.0000
  -1.4193221858  -3.5847986357  -4.7451010477
  -1.4329493622  -3.6192169544  -4.8058125549
      
      
#  type   0  conf  1.0000
  -1.4329493622  -3.6192169544  -4.8058125549
  -1.4326461986  -3.6184512506  -5.0582602997
      
      
#  type   0  conf  1.0000
  -1.4326461986  -3.6184512506  -5.0582602997
  -1.1491824879  -2.9025036431  -5.7544225330
      
      
#  type   0  conf  1.0000
  -1.1491824879  -2.9025036431  -5.7544225330
  -1.1359466492  -2.8690737305  -5.7843733591
      
      
#  type   0  conf  1.0000
  -1.1359466492  -2.8690737305  -5.7843733591
  -0.9202024729  -2.3241661423  -6.0816029859
      
      
#  25  norm     0.9238795325   -0.3826834324    0.0000000000
# nedges  15 
#  type   0  conf  1.0000
   0.8286216692   2.0004696718  -6.0645743506
   1.0056505235   2.4278551327  -5.8238427886
      
      
#  type   0  conf  1.0000
   1.0056505235   2.4278551327  -5.8238427886
   1.3241458297   3.1967708207  -5.1466611162
      
      
#  type   0  conf  1.0000
   1.3241458297   3.1967708207  -5.1466611162
   1.3354638356   3.2240949040  -5.0847439659
      
      
#  type   0  conf  1.0000
   1.3354638356   3.2240949040  -5.0847439659
   1.3353754699   3.2238815703  -4.8240395476
      
      
#  type   0  conf  1.0000
   1.3353754699   3.2238815703  -4.8240395476
   0.2926237913   0.7064563256  -2.3447044998
      
      
#  type   0  conf  1.0000
   0.2926237913   0.7064563256  -2.3447044998
   0.2236317600   0.5398948279  -2.1819650032
      
      
#  type   0  conf  1.0000
   0.2236317600   0.5398948279  -2.1819650032
  -0.0330260796  -0.0797320093  -1.6240978951
      
      
#  type   0  conf  1.0000
  -0.0330260796  -0.0797320093  -1.6240978951
  -0.0769329291  -0.1857325209  -1.6163056021
      
      
#  type   0  conf  1.0000
  -0.0769329291  -0.1857325209  -1.6163056021
  -0.2701461256  -0.6521904403  -2.0219389545
      
      
#  type   0  conf  1.0000
  -0.2701461256  -0.6521904403  -2.0219389545
  -0.3597977607  -0.8686286336  -2.2111034129
      
      
#  type   0  conf  1.0000
  -0.3597977607  -0.8686286336  -2.2111034129
  -1.4890201105  -3.5948125455  -4.7825578593
      
      
#  type   0  conf  1.0000
  -1.4890201105  -3.5948125455  -4.7825578593
  -1.4904548826  -3.5982763917  -5.0522733345
      
      
#  type   0  conf  1.0000
  -1.4904548826  -3.5982763917  -5.0522733345
  -1.2050848614  -2.9093322162  -5.7403750046
      
      
#  type   0  conf  1.0000
  -1.2050848614  -2.9093322162  -5.7403750046
  -1.1850898745  -2.8610600477  -5.7843915421
      
      
#  type   0  conf  1.0000
  -1.1850898745  -2.8610600477  -5.7843915421
  -0.9552060920  -2.3060715022  -6.0814733989
      
      
#  26  norm     0.9177546257   -0.3971478906    0.0000000000
# nedges  13 
#  type   0  conf  1.0000
   0.8562407284   1.9786555782  -6.0676911929
   1.0476657503   2.4210127037  -5.8238408640
      
      
#  type   0  conf  1.0000
   1.0476657503   2.4210127037  -5.8238408640
   1.3735803914   3.1741570021  -5.1394347190
      
      
#  type   0  conf  1.0000
   1.3735803914   3.1741570021  -5.1394347190
   1.3855303630   3.2017717571  -5.0769691781
      
      
#  type   0  conf  1.0000
   1.3855303630   3.2017717571  -5.0769691781
   1.3849944759   3.2005333951  -4.8273370224
      
      
#  type   0  conf  1.0000
   1.3849944759   3.2005333951  -4.8273370224
   0.2417501917   0.5586517314  -2.2010330068
      
      
#  type   0  conf  1.0000
   0.2417501917   0.5586517314  -2.2010330068
  -0.0356112981  -0.0822928544  -1.6219574569
      
      
#  type   4  conf  0.0000
#  type   0  conf  1.0000
  -0.0830109473  -0.1918269810  -1.6196313755
  -0.3789261906  -0.8756467614  -2.2190291057
      
      
#  type   0  conf  1.0000
  -0.3789261906  -0.8756467614  -2.2190291057
  -1.5459829147  -3.5725557271  -4.7917599132
      
      
#  type   0  conf  1.0000
  -1.5459829147  -3.5725557271  -4.7917599132
  -1.5467580358  -3.5743469262  -5.0583073074
      
      
#  type   0  conf  1.0000
  -1.5467580358  -3.5743469262  -5.0583073074
  -1.2415098112  -2.8689598986  -5.7706524802
      
      
#  type   0  conf  1.0000
  -1.2415098112  -2.8689598986  -5.7706524802
  -1.2253057517  -2.8315145265  -5.7954797260
      
      
#  type   0  conf  1.0000
  -1.2253057517  -2.8315145265  -5.7954797260
  -0.9889166215  -2.2852514774  -6.0823932841
      
      
#  27  norm     0.9114032766   -0.4115143586    0.0000000000
# nedges  18 
#  type   0  conf  1.0000
   0.8788210995   1.9463729829  -6.0767290713
   1.0869124764   2.4072442959  -5.8268980099
      
      
#  type   0  conf  1.0000
   1.0869124764   2.4072442959  -5.8268980099
   1.1017209529   2.4400414358  -5.7996413067
      
      
#  type   0  conf  1.0000
   1.1017209529   2.4400414358  -5.7996413067
   1.4205935546   3.1462659645  -5.1339099805
      
      
#  type   0  conf  1.0000
   1.4205935546   3.1462659645  -5.1339099805
   1.4348715715   3.1778882669  -5.0723852975
      
      
#  type   0  conf  1.0000
   1.4348715715   3.1778882669  -5.0723852975
   1.4343627670   3.1767613897  -4.8415713892
      
      
#  type   0  conf  1.0000
   1.4343627670   3.1767613897  -4.8415713892
   1.4248260834   3.1556399767  -4.8037703627
      
      
#  type   0  conf  1.0000
   1.4248260834   3.1556399767  -4.8037703627
   0.2619814077   0.5802245010  -2.2257145464
      
      
#  type   0  conf  1.0000
   0.2619814077   0.5802245010  -2.2257145464
   0.2119762865   0.4694754338  -2.1225710319
      
      
#  type   0  conf  1.0000
   0.2119762865   0.4694754338  -2.1225710319
  -0.0380647367  -0.0843040468  -1.6219544978
      
      
#  type   0  conf  1.0000
  -0.0380647367  -0.0843040468  -1.6219544978
  -0.0851729252  -0.1886371192  -1.6183920703
      
      
#  type   0  conf  1.0000
  -0.0851729252  -0.1886371192  -1.6183920703
  -0.3820965258  -0.8462499992  -2.1950379815
      
      
#  type   0  conf  1.0000
  -0.3820965258  -0.8462499992  -2.1950379815
  -0.4550128484  -1.0077417525  -2.3481222841
      
      
#  type   0  conf  1.0000
  -0.4550128484  -1.0077417525  -2.3481222841
  -1.6027526924  -3.5497037343  -4.8003576954
      
      
#  type   0  conf  1.0000
  -1.6027526924  -3.5497037343  -4.8003576954
  -1.6016003479  -3.5471515743  -5.0500659440
      
      
#  type   0  conf  1.0000
  -1.6016003479  -3.5471515743  -5.0500659440
  -1.5832692768  -3.5065527521  -5.1130495181
      
      
#  type   0  conf  1.0000
  -1.5832692768  -3.5065527521  -5.1130495181
  -1.3041479392  -2.8883675142  -5.7399165405
      
      
#  type   0  conf  1.0000
  -1.3041479392  -2.8883675142  -5.7399165405
  -1.2828707559  -2.8412437768  -5.7847436069
      
      
#  type   0  conf  1.0000
  -1.2828707559  -2.8412437768  -5.7847436069
  -1.0235631228  -2.2669410301  -6.0815771993
      
      
#  28  norm     0.9048270525   -0.4257792916    0.0000000000
# nedges  16 
#  type   0  conf  1.0000
   0.9120211521   1.9381436045  -6.0710714560
   1.1311819474   2.4038840018  -5.8240279701
      
      
#  type   0  conf  1.0000
   1.1311819474   2.4038840018  -5.8240279701
   1.4707716567   3.1255488685  -5.1235578743
      
      
#  type   0  conf  1.0000
   1.4707716567   3.1255488685  -5.1235578743
   1.4841175887   3.1539104177  -5.0673384627
      
      
#  type   0  conf  1.0000
   1.4841175887   3.1539104177  -5.0673384627
   1.4837643358   3.1531597172  -4.8185181240
      
      
#  type   0  conf  1.0000
   1.4837643358   3.1531597172  -4.8185181240
   0.2537727912   0.5392946326  -2.1886315799
      
      
#  type   0  conf  1.0000
   0.2537727912   0.5392946326  -2.1886315799
  -0.0381463905  -0.0810652062  -1.6242967224
      
      
#  type   0  conf  1.0000
  -0.0381463905  -0.0810652062  -1.6242967224
  -0.0868166296  -0.1844947292  -1.6158639319
      
      
#  type   0  conf  1.0000
  -0.0868166296  -0.1844947292  -1.6158639319
  -0.3859728869  -0.8202341365  -2.1742029229
      
      
#  type   0  conf  1.0000
  -0.3859728869  -0.8202341365  -2.1742029229
  -0.4427126479  -0.9408122664  -2.2869732822
      
      
#  type   0  conf  1.0000
  -0.4427126479  -0.9408122664  -2.2869732822
  -1.6538918671  -3.5146991242  -4.7932710243
      
      
#  type   2  conf  0.0000
#  type   0  conf  1.0000
  -1.6578147666  -3.5230357100  -4.8510637776
  -1.6575067930  -3.5223812329  -5.0599923659
      
      
#  type   0  conf  1.0000
  -1.6575067930  -3.5223812329  -5.0599923659
  -1.6315821278  -3.4672885150  -5.1416893579
      
      
#  type   0  conf  1.0000
  -1.6315821278  -3.4672885150  -5.1416893579
  -1.3326639663  -2.8320550869  -5.7822712411
      
      
#  type   0  conf  1.0000
  -1.3326639663  -2.8320550869  -5.7822712411
  -1.3194301899  -2.8039318804  -5.7975956271
      
      
#  type   0  conf  1.0000
  -1.3194301899  -2.8039318804  -5.7975956271
  -1.0564583652  -2.2450883064  -6.0819844723
      
      
#  29  norm     0.8980275758   -0.4399391699    0.0000000000
# nedges  18 
#  type   0  conf  1.0000
   0.9423886079   1.9236544844  -6.0685514261
   1.1643526665   2.3767394997  -5.8328971033
      
      
#  type   0  conf  1.0000
   1.1643526665   2.3767394997  -5.8328971033
   1.1774763093   2.4035281876  -5.8147381905
      
      
#  type   0  conf  1.0000
   1.1774763093   2.4035281876  -5.8147381905
   1.5229536127   3.1087351036  -5.1033952950
      
      
#  type   0  conf  1.0000
   1.5229536127   3.1087351036  -5.1033952950
   1.5333289706   3.1299138441  -5.0567825234
      
      
#  type   0  conf  1.0000
   1.5333289706   3.1299138441  -5.0567825234
   1.5324683187   3.1281570350  -4.8343531203
      
      
#  type   0  conf  1.0000
   1.5324683187   3.1281570350  -4.8343531203
   1.5152408232   3.0929913415  -4.7734145744
      
      
#  type   0  conf  1.0000
   1.5152408232   3.0929913415  -4.7734145744
   0.2714958536   0.5541919882  -2.2075630959
      
      
#  type   0  conf  1.0000
   0.2714958536   0.5541919882  -2.2075630959
   0.2456650263   0.5014647096  -2.1570783050
      
      
#  type   0  conf  1.0000
   0.2456650263   0.5014647096  -2.1570783050
  -0.0415491677  -0.0848124034  -1.6209666317
      
      
#  type   4  conf  0.0000
#  type   0  conf  1.0000
  -0.0946184596  -0.1931403061  -1.6208372274
  -0.4291067453  -0.8759158463  -2.2276451292
      
      
#  type   0  conf  1.0000
  -0.4291067453  -0.8759158463  -2.2276451292
  -1.7095942381  -3.4897160207  -4.7904576917
      
      
#  type   2  conf  0.0000
#  type   0  conf  1.0000
  -1.7129962397  -3.4966603699  -4.8515276934
  -1.7130406486  -3.4967510197  -5.0628372207
      
      
#  type   0  conf  1.0000
  -1.7130406486  -3.4967510197  -5.0628372207
  -1.6908261405  -3.4514055671  -5.1416919576
      
      
#  type   0  conf  1.0000
  -1.6908261405  -3.4514055671  -5.1416919576
  -1.3831116087  -2.8232820581  -5.7781454914
      
      
#  type   0  conf  1.0000
  -1.3831116087  -2.8232820581  -5.7781454914
  -1.3698519504  -2.7962157282  -5.7949391355
      
      
#  type   0  conf  1.0000
  -1.3698519504  -2.7962157282  -5.7949391355
  -1.0891665956  -2.2232656342  -6.0821190404
      
      
#  30  norm     0.8910065242   -0.4539904997    0.0000000000
# nedges  16 
#  type   0  conf  1.0000
   0.9740988734   1.9117766824  -6.0645249364
   1.2150611170   2.3846917131  -5.8222322499
      
      
#  type   0  conf  1.0000
   1.2150611170   2.3846917131  -5.8222322499
   1.5818261597   3.1045086388  -5.0743835336
      
      
#  type   0  conf  1.0000
   1.5818261597   3.1045086388  -5.0743835336
   1.5804765131   3.1018598083  -4.8358270048
      
      
#  type   0  conf  1.0000
   1.5804765131   3.1018598083  -4.8358270048
   1.5676716579   3.0767288649  -4.7736401771
      
      
#  type   0  conf  1.0000
   1.5676716579   3.0767288649  -4.7736401771
   0.2703611272   0.5306135884  -2.1877684127
      
      
#  type   0  conf  1.0000
   0.2703611272   0.5306135884  -2.1877684127
   0.2595131543   0.5093232429  -2.1673658294
      
      
#  type   0  conf  1.0000
   0.2595131543   0.5093232429  -2.1673658294
  -0.0420584398  -0.0825443358  -1.6235450779
      
      
#  type   0  conf  1.0000
  -0.0420584398  -0.0825443358  -1.6235450779
  -0.0945771817  -0.1856181704  -1.6168237685
      
      
#  type   0  conf  1.0000
  -0.0945771817  -0.1856181704  -1.6168237685
  -0.3762790157  -0.7384891492  -2.1075600428
      
      
#  type   0  conf  1.0000
  -0.3762790157  -0.7384891492  -2.1075600428
  -0.4412174457  -0.8659379941  -2.2225895422
      
      
#  type   0  conf  1.0000
  -0.4412174457  -0.8659379941  -2.2225895422
  -1.7671065744  -3.4681419273  -4.7883519079
      
      
#  type   0  conf  1.0000
  -1.7671065744  -3.4681419273  -4.7883519079
  -1.7682312212  -3.4703491710  -5.0612028123
      
      
#  type   0  conf  1.0000
  -1.7682312212  -3.4703491710  -5.0612028123
  -1.7521358658  -3.4387602573  -5.1353382175
      
      
#  type   0  conf  1.0000
  -1.7521358658  -3.4387602573  -5.1353382175
  -1.4305113492  -2.8075366022  -5.7787823954
      
      
#  type   0  conf  1.0000
  -1.4305113492  -2.8075366022  -5.7787823954
  -1.4166126637  -2.7802588960  -5.7948501688
      
      
#  type   0  conf  1.0000
  -1.4166126637  -2.7802588960  -5.7948501688
  -1.1221859391  -2.2024139133  -6.0809483085
      
      
#  31  norm     0.8837656301   -0.4679298143    0.0000000000
# nedges  16 
#  type   0  conf  1.0000
   0.9990689057   1.8869128105  -6.0669110916
   1.2553366231   2.3709183041  -5.8224947262
      
      
#  type   0  conf  1.0000
   1.2553366231   2.3709183041  -5.8224947262
   1.6297928126   3.0781429780  -5.0754416496
      
      
#  type   0  conf  1.0000
   1.6297928126   3.0781429780  -5.0754416496
   1.6286900158   3.0760601573  -4.8208124269
      
      
#  type   0  conf  1.0000
   1.6286900158   3.0760601573  -4.8208124269
   1.6124199502   3.0453313506  -4.7604820008
      
      
#  type   0  conf  1.0000
   1.6124199502   3.0453313506  -4.7604820008
   0.2788210281   0.5266012851  -2.1873331606
      
      
#  type   0  conf  1.0000
   0.2788210281   0.5266012851  -2.1873331606
   0.2420730682   0.4571964664  -2.1225173086
      
      
#  type   0  conf  1.0000
   0.2420730682   0.4571964664  -2.1225173086
  -0.0434774474  -0.0821146089  -1.6240674353
      
      
#  type   0  conf  1.0000
  -0.0434774474  -0.0821146089  -1.6240674353
  -0.0974872875  -0.1841214461  -1.6162550307
      
      
#  type   0  conf  1.0000
  -0.0974872875  -0.1841214461  -1.6162550307
  -0.3927113627  -0.7417026962  -2.1138000741
      
      
#  type   0  conf  1.0000
  -0.3927113627  -0.7417026962  -2.1138000741
  -0.4548426982  -0.8590483691  -2.2206201640
      
      
#  type   0  conf  1.0000
  -0.4548426982  -0.8590483691  -2.2206201640
  -1.8216077178  -3.4404182922  -4.7806518174
      
      
#  type   0  conf  1.0000
  -1.8216077178  -3.4404182922  -4.7806518174
  -1.8222512987  -3.4416338051  -5.0672415524
      
      
#  type   0  conf  1.0000
  -1.8222512987  -3.4416338051  -5.0672415524
  -1.8086674780  -3.4159784323  -5.1384443986
      
      
#  type   0  conf  1.0000
  -1.8086674780  -3.4159784323  -5.1384443986
  -1.4811754819  -2.7974536846  -5.7721379235
      
      
#  type   0  conf  1.0000
  -1.4811754819  -2.7974536846  -5.7721379235
  -1.4669336263  -2.7705555000  -5.7910356669
      
      
#  type   0  conf  1.0000
  -1.4669336263  -2.7705555000  -5.7910356669
  -1.1522466977  -2.1762153165  -6.0822913969
      
      
#  32  norm     0.8763066800   -0.4817536741    0.0000000000
# nedges  19 
#  type   0  conf  1.0000
   1.0283696841   1.8705975111  -6.0640721361
   1.2876258138   2.3421826603  -5.8298759804
      
      
#  type   0  conf  1.0000
   1.2876258138   2.3421826603  -5.8298759804
   1.3007857329   2.3661204642  -5.8114386260
      
      
#  type   0  conf  1.0000
   1.3007857329   2.3661204642  -5.8114386260
   1.6662721120   3.0309377199  -5.1043654572
      
      
#  type   0  conf  1.0000
   1.6662721120   3.0309377199  -5.1043654572
   1.6775172629   3.0513925735  -5.0584356735
      
      
#  type   0  conf  1.0000
   1.6775172629   3.0513925735  -5.0584356735
   1.6758260355   3.0483162422  -4.8208688503
      
      
#  type   0  conf  1.0000
   1.6758260355   3.0483162422  -4.8208688503
   1.6627256699   3.0244867656  -4.7597028991
      
      
#  type   0  conf  1.0000
   1.6627256699   3.0244867656  -4.7597028991
   0.2920151878   0.5311736547  -2.1965443686
      
      
#  type   0  conf  1.0000
   0.2920151878   0.5311736547  -2.1965443686
   0.2669823808   0.4856391478  -2.1523445636
      
      
#  type   0  conf  1.0000
   0.2669823808   0.4856391478  -2.1523445636
  -0.0463410630  -0.0842940807  -1.6222486798
      
      
#  type   4  conf  0.0000
#  type   0  conf  1.0000
  -0.1045397568  -0.1901571117  -1.6195221179
  -0.4470991905  -0.8132704084  -2.1823286600
      
      
#  type   0  conf  1.0000
  -0.4470991905  -0.8132704084  -2.1823286600
  -0.4682248427  -0.8516978271  -2.2179144162
      
      
#  type   0  conf  1.0000
  -0.4682248427  -0.8516978271  -2.2179144162
  -1.8689761340  -3.3996549671  -4.7621998551
      
      
#  type   2  conf  0.0000
#  type   0  conf  1.0000
  -1.8758683726  -3.4121919025  -4.8497882097
  -1.8752713337  -3.4111058929  -5.0844414193
      
      
#  type   0  conf  1.0000
  -1.8752713337  -3.4111058929  -5.0844414193
  -1.8604584305  -3.3841613220  -5.1467397312
      
      
#  type   0  conf  1.0000
  -1.8604584305  -3.3841613220  -5.1467397312
  -1.5298815552  -2.7828442180  -5.7694977646
      
      
#  type   0  conf  1.0000
  -1.5298815552  -2.7828442180  -5.7694977646
  -1.5175890515  -2.7604842368  -5.7874233548
      
      
#  type   0  conf  1.0000
  -1.5175890515  -2.7604842368  -5.7874233548
  -1.1832312592  -2.1522896705  -6.0809167771
      
      
#  33  norm     0.8686315144   -0.4954586684    0.0000000000
# nedges  19 
#  type   0  conf  1.0000
   1.0548719062   1.8493873250  -6.0637226605
   1.3278488986   2.3279669390  -5.8292649107
      
      
#  type   0  conf  1.0000
   1.3278488986   2.3279669390  -5.8292649107
   1.3450460133   2.3581166906  -5.8036373808
      
      
#  type   0  conf  1.0000
   1.3450460133   2.3581166906  -5.8036373808
   1.7120914978   3.0016159275  -5.1148835683
      
      
#  type   0  conf  1.0000
   1.7120914978   3.0016159275  -5.1148835683
   1.7244407657   3.0232664989  -5.0582117201
      
      
#  type   0  conf  1.0000
   1.7244407657   3.0232664989  -5.0582117201
   1.7238530767   3.0222361705  -4.8207686996
      
      
#  type   0  conf  1.0000
   1.7238530767   3.0222361705  -4.8207686996
   1.7128395307   3.0029273687  -4.7601755025
      
      
#  type   0  conf  1.0000
   1.7128395307   3.0029273687  -4.7601755025
   0.3009823195   0.5276781791  -2.1970113394
      
      
#  type   0  conf  1.0000
   0.3009823195   0.5276781791  -2.1970113394
   0.2731399814   0.4788653641  -2.1496158193
      
      
#  type   0  conf  1.0000
   0.2731399814   0.4788653641  -2.1496158193
  -0.0484005643  -0.0848552224  -1.6217265839
      
      
#  type   0  conf  1.0000
  -0.0484005643  -0.0848552224  -1.6217265839
  -0.1078587476  -0.1890965144  -1.6191357402
      
      
#  type   0  conf  1.0000
  -0.1078587476  -0.1890965144  -1.6191357402
  -0.4513584372  -0.7913155786  -2.1670518001
      
      
#  type   0  conf  1.0000
  -0.4513584372  -0.7913155786  -2.1670518001
  -0.4816262372  -0.8443806809  -2.2159938411
      
      
#  type   0  conf  1.0000
  -0.4816262372  -0.8443806809  -2.2159938411
  -1.9223451984  -3.3702299049  -4.7564627854
      
      
#  type   2  conf  0.0000
#  type   0  conf  1.0000
  -1.9289119104  -3.3817425766  -4.8499330861
  -1.9295101351  -3.3827913760  -5.0792061118
      
      
#  type   0  conf  1.0000
  -1.9295101351  -3.3827913760  -5.0792061118
  -1.9203824608  -3.3667888595  -5.1422469437
      
      
#  type   0  conf  1.0000
  -1.9203824608  -3.3667888595  -5.1422469437
  -1.6735969004  -2.9341277139  -5.5913553599
      
      
#  type   0  conf  1.0000
  -1.6735969004  -2.9341277139  -5.5913553599
  -1.5660968728  -2.7456601026  -5.7851168739
      
      
#  type   0  conf  1.0000
  -1.5660968728  -2.7456601026  -5.7851168739
  -1.2131174649  -2.1268213231  -6.0804606352
      
      
#  34  norm     0.8607420270   -0.5090414158    0.0000000000
# nedges  19 
#  type   0  conf  1.0000
   1.0794599050   1.8252670174  -6.0642926531
   1.3661782874   2.3100813254  -5.8294467780
      
      
#  type   0  conf  1.0000
   1.3661782874   2.3100813254  -5.8294467780
   1.3818893142   2.3366472207  -5.8091213479
      
      
#  type   0  conf  1.0000
   1.3818893142   2.3366472207  -5.8091213479
   1.7603567180   2.9766006513  -5.1183892750
      
      
#  type   0  conf  1.0000
   1.7603567180   2.9766006513  -5.1183892750
   1.7716993054   2.9957799193  -5.0582478366
      
      
#  type   0  conf  1.0000
   1.7716993054   2.9957799193  -5.0582478366
   1.7700198984   2.9929401971  -4.8058717618
      
      
#  type   0  conf  1.0000
   1.7700198984   2.9929401971  -4.8058717618
   1.7588214815   2.9740047081  -4.7537899921
      
      
#  type   0  conf  1.0000
   1.7588214815   2.9740047081  -4.7537899921
   0.3089036196   0.5223274953  -2.1966366875
      
      
#  type   0  conf  1.0000
   0.3089036196   0.5223274953  -2.1966366875
   0.2881415824   0.4872208076  -2.1616229530
      
      
#  type   0  conf  1.0000
   0.2881415824   0.4872208076  -2.1616229530
  -0.0505964814  -0.0855539777  -1.6209736719
      
      
#  type   4  conf  0.0000
#  type   0  conf  1.0000
  -0.1127123029  -0.1905860958  -1.6206836200
  -0.4741577934  -0.8017570428  -2.1817112727
      
      
#  type   0  conf  1.0000
  -0.4741577934  -0.8017570428  -2.1817112727
  -0.5023761866  -0.8494717400  -2.2270984771
      
      
#  type   0  conf  1.0000
  -0.5023761866  -0.8494717400  -2.2270984771
  -1.9741723216  -3.3381430924  -4.7499574937
      
      
#  type   2  conf  0.0000
#  type   0  conf  1.0000
  -1.9817637148  -3.3509794374  -4.8351005665
  -1.9823725229  -3.3520088757  -5.0907294401
      
      
#  type   0  conf  1.0000
  -1.9823725229  -3.3520088757  -5.0907294401
  -1.9736845427  -3.3373183033  -5.1474906619
      
      
#  type   0  conf  1.0000
  -1.9736845427  -3.3373183033  -5.1474906619
  -1.6116083452  -2.7250808891  -5.7859987381
      
      
#  type   3  conf  0.0000
#  type   0  conf  1.0000
  -1.6034561117  -2.7112962151  -5.7917558386
  -1.2409918111  -2.0984025541  -6.0811168485
      
      
#  35  norm     0.8526401644   -0.5224985647   -0.0000000000
# nedges  15 
#  type   0  conf  1.0000
   1.0925621498   1.7828993875  -6.0739734360
   1.4122422228   2.3045698538  -5.8230275130
      
      
#  type   0  conf  1.0000
   1.4122422228   2.3045698538  -5.8230275130
   1.8109697962   2.9552341173  -5.1194339566
      
      
#  type   0  conf  1.0000
   1.8109697962   2.9552341173  -5.1194339566
   1.8179587111   2.9666389899  -5.0666223558
      
      
#  type   0  conf  1.0000
   1.8179587111   2.9666389899  -5.0666223558
   1.8164440412   2.9641672731  -4.7695094413
      
      
#  type   0  conf  1.0000
   1.8164440412   2.9641672731  -4.7695094413
   0.3044370054   0.4967960409  -2.1750933247
      
      
#  type   0  conf  1.0000
   0.3044370054   0.4967960409  -2.1750933247
  -0.0516431004  -0.0842738805  -1.6223636982
      
      
#  type   4  conf  0.0000
#  type   0  conf  1.0000
  -0.1144347261  -0.1867405009  -1.6184477052
  -0.4976715881  -0.8121262208  -2.1966881712
      
      
#  type   0  conf  1.0000
  -0.4976715881  -0.8121262208  -2.1966881712
  -0.5163988174  -0.8426862815  -2.2265493728
      
      
#  type   0  conf  1.0000
  -0.5163988174  -0.8426862815  -2.2265493728
  -2.0258550792  -3.3058950289  -4.7446410185
      
      
#  type   0  conf  1.0000
  -2.0258550792  -3.3058950289  -4.7446410185
  -2.0339709657  -3.3191389520  -4.8500474968
      
      
#  type   0  conf  1.0000
  -2.0339709657  -3.3191389520  -4.8500474968
  -2.0347994670  -3.3204909432  -5.1345005135
      
      
#  type   0  conf  1.0000
  -2.0347994670  -3.3204909432  -5.1345005135
  -1.6617626730  -2.7117502216  -5.7775675249
      
      
#  type   0  conf  1.0000
  -1.6617626730  -2.7117502216  -5.7775675249
  -1.6398008589  -2.6759117982  -5.7977185337
      
      
#  type   0  conf  1.0000
  -1.6398008589  -2.6759117982  -5.7977185337
  -1.2679875119  -2.0691675605  -6.0814495900
      
      
#  36  norm     0.8443279255   -0.5358267950    0.0000000000
# nedges  14 
#  type   0  conf  1.0000
   1.1204331838   1.7655201916  -6.0701497689
   1.4425599951   2.2731108251  -5.8289504042
      
      
#  type   0  conf  1.0000
   1.4425599951   2.2731108251  -5.8289504042
   1.4627050045   2.3048542806  -5.8026433248
      
      
#  type   0  conf  1.0000
   1.4627050045   2.3048542806  -5.8026433248
   1.8643433469   2.9377350391  -5.1097771436
      
      
#  type   0  conf  1.0000
   1.8643433469   2.9377350391  -5.1097771436
   1.8624464337   2.9347459822  -4.7660638648
      
      
#  type   0  conf  1.0000
   1.8624464337   2.9347459822  -4.7660638648
   0.3128675435   0.4930003622  -2.1760070540
      
      
#  type   0  conf  1.0000
   0.3128675435   0.4930003622  -2.1760070540
  -0.0541298544  -0.0852950023  -1.6208434959
      
      
#  type   4  conf  0.0000
#  type   0  conf  1.0000
  -0.1198572317  -0.1888647764  -1.6205650646
  -0.5211079306  -0.8211347065  -2.2114030875
      
      
#  type   0  conf  1.0000
  -0.5211079306  -0.8211347065  -2.2114030875
  -2.0715264204  -3.2642033238  -4.7309782749
      
      
#  type   0  conf  1.0000
  -2.0715264204  -3.2642033238  -4.7309782749
  -2.0850238302  -3.2854718384  -4.7732807914
      
      
#  type   0  conf  1.0000
  -2.0850238302  -3.2854718384  -4.7732807914
  -2.0869532414  -3.2885121040  -5.1391255608
      
      
#  type   0  conf  1.0000
  -2.0869532414  -3.2885121040  -5.1391255608
  -1.7042130828  -2.6854101182  -5.7795856641
      
      
#  type   0  conf  1.0000
  -1.7042130828  -2.6854101182  -5.7795856641
  -1.6831385463  -2.6522019623  -5.7978190675
      
      
#  type   0  conf  1.0000
  -1.6831385463  -2.6522019623  -5.7978190675
  -1.2953234303  -2.0411031233  -6.0815603177
      
      
#  37  norm     0.8358073614   -0.5490228180    0.0000000000
# nedges  15 
#  type   0  conf  1.0000
   1.1482728304   1.7480783186  -6.0659246576
   1.4791652426   2.2518138736  -5.8293968672
      
      
#  type   0  conf  1.0000
   1.4791652426   2.2518138736  -5.8293968672
   1.4984087082   2.2811092501  -5.8058409375
      
      
#  type   0  conf  1.0000
   1.4984087082   2.2811092501  -5.8058409375
   1.9098229148   2.9074275217  -5.1156417265
      
      
#  type   0  conf  1.0000
   1.9098229148   2.9074275217  -5.1156417265
   1.9082006080   2.9049577956  -4.7639929696
      
      
#  type   0  conf  1.0000
   1.9082006080   2.9049577956  -4.7639929696
   0.3185717744   0.4849791765  -2.1732914781
      
      
#  type   0  conf  1.0000
   0.3185717744   0.4849791765  -2.1732914781
  -0.0550892377  -0.0838653493  -1.6223294676
      
      
#  type   4  conf  0.0000
#  type   0  conf  1.0000
  -0.1214065990  -0.1848238832  -1.6184629416
  -0.5143763859  -0.7830632093  -2.1817299823
      
      
#  type   0  conf  1.0000
  -0.5143763859  -0.7830632093  -2.1817299823
  -0.5418245445  -0.8248490373  -2.2223442255
      
      
#  type   0  conf  1.0000
  -0.5418245445  -0.8248490373  -2.2223442255
  -2.1278331239  -3.2393163461  -4.7369414700
      
      
#  type   0  conf  1.0000
  -2.1278331239  -3.2393163461  -4.7369414700
  -2.1371955453  -3.2535692704  -4.7760169485
      
      
#  type   0  conf  1.0000
  -2.1371955453  -3.2535692704  -4.7760169485
  -2.1379846077  -3.2547705032  -5.1435043446
      
      
#  type   0  conf  1.0000
  -2.1379846077  -3.2547705032  -5.1435043446
  -1.7530874439  -2.6688205712  -5.7697994725
      
      
#  type   0  conf  1.0000
  -1.7530874439  -2.6688205712  -5.7697994725
  -1.7294081999  -2.6327723674  -5.7959452935
      
      
#  type   0  conf  1.0000
  -1.7294081999  -2.6327723674  -5.7959452935
  -1.3202082505  -2.0098249801  -6.0816450739
      
      
#  38  norm     0.8270805743   -0.5620833779    0.0000000000
# nedges  16 
#  type   0  conf  1.0000
   1.1671657259   1.7174322118  -6.0679494946
   1.5168033218   2.2319083109  -5.8286017583
      
      
#  type   0  conf  1.0000
   1.5168033218   2.2319083109  -5.8286017583
   1.5345233408   2.2579825270  -5.8084855961
      
      
#  type   0  conf  1.0000
   1.5345233408   2.2579825270  -5.8084855961
   1.9548383134   2.8764572279  -5.1180186230
      
      
#  type   0  conf  1.0000
   1.9548383134   2.8764572279  -5.1180186230
   1.9535503154   2.8745619963  -4.7630381334
      
      
#  type   0  conf  1.0000
   1.9535503154   2.8745619963  -4.7630381334
   0.3349302795   0.4928349402  -2.1873479534
      
      
#  type   0  conf  1.0000
   0.3349302795   0.4928349402  -2.1873479534
   0.2803909117   0.4125826975  -2.1077982900
      
      
#  type   0  conf  1.0000
   0.2803909117   0.4125826975  -2.1077982900
  -0.0576098687  -0.0847703475  -1.6211974512
      
      
#  type   4  conf  0.0000
#  type   0  conf  1.0000
  -0.1264681267  -0.1860921973  -1.6200194668
  -0.5274814684  -0.7761654107  -2.1821231757
      
      
#  type   0  conf  1.0000
  -0.5274814684  -0.7761654107  -2.1821231757
  -0.5545434036  -0.8159858391  -2.2208881186
      
      
#  type   0  conf  1.0000
  -0.5545434036  -0.8159858391  -2.2208881186
  -2.1783907082  -3.2054045875  -4.7352784023
      
      
#  type   0  conf  1.0000
  -2.1783907082  -3.2054045875  -4.7352784023
  -2.1880003208  -3.2195447031  -4.7908696312
      
      
#  type   0  conf  1.0000
  -2.1880003208  -3.2195447031  -4.7908696312
  -2.1894390900  -3.2216617876  -5.1440693111
      
      
#  type   0  conf  1.0000
  -2.1894390900  -3.2216617876  -5.1440693111
  -1.8041713613  -2.6547575403  -5.7570123335
      
      
#  type   0  conf  1.0000
  -1.8041713613  -2.6547575403  -5.7570123335
  -1.7791037095  -2.6178716107  -5.7907186177
      
      
#  type   0  conf  1.0000
  -1.7791037095  -2.6178716107  -5.7907186177
  -1.3453634706  -1.9796422306  -6.0835989628
      
      
#  39  norm     0.8181497174   -0.5750052520    0.0000000000
# nedges  13 
#  type   0  conf  1.0000
   1.1927744775   1.6971464143  -6.0645350261
   1.5521973398   2.2085534184  -5.8292627647
      
      
#  type   0  conf  1.0000
   1.5521973398   2.2085534184  -5.8292627647
   1.5696731696   2.2334190089  -5.8099294369
      
      
#  type   0  conf  1.0000
   1.5696731696   2.2334190089  -5.8099294369
   1.9992312885   2.8446183891  -5.1225476973
      
      
#  type   0  conf  1.0000
   1.9992312885   2.8446183891  -5.1225476973
   1.9979918317   2.8428548204  -4.7620758292
      
      
#  type   0  conf  1.0000
   1.9979918317   2.8428548204  -4.7620758292
   0.3344258470   0.4758398489  -2.1753517928
      
      
#  type   0  conf  1.0000
   0.3344258470   0.4758398489  -2.1753517928
  -0.0590443497  -0.0840116118  -1.6216842643
      
      
#  type   4  conf  0.0000
#  type   0  conf  1.0000
  -0.1297647559  -0.1846365716  -1.6197786634
  -0.5612844541  -0.7986269967  -2.2113155464
      
      
#  type   0  conf  1.0000
  -0.5612844541  -0.7986269967  -2.2113155464
  -2.2376183733  -3.1838089014  -4.7475727649
      
      
#  type   0  conf  1.0000
  -2.2376183733  -3.1838089014  -4.7475727649
  -2.2406848305  -3.1881720287  -5.1448234280
      
      
#  type   0  conf  1.0000
  -2.2406848305  -3.1881720287  -5.1448234280
  -1.8369671447  -2.6137398659  -5.7707450274
      
      
#  type   0  conf  1.0000
  -1.8369671447  -2.6137398659  -5.7707450274
  -1.8198311573  -2.5893578221  -5.7912652917
      
      
#  type   0  conf  1.0000
  -1.8198311573  -2.5893578221  -5.7912652917
  -1.3771853236  -1.9595365074  -6.0827998427
      
      
#  40  norm     0.8090169944   -0.5877852523    0.0000000000
# nedges  12 
#  type   0  conf  1.0000
   1.2033229806   1.6562319950  -6.0705206160
   1.5955531795   2.1960905494  -5.8241969745
      
      
#  type   0  conf  1.0000
   1.5955531795   2.1960905494  -5.8241969745
   2.0434487429   2.8125659051  -5.1251871400
      
      
#  type   0  conf  1.0000
   2.0434487429   2.8125659051  -5.1251871400
   2.0421198979   2.8107369070  -4.7618557539
      
      
#  type   0  conf  1.0000
   2.0421198979   2.8107369070  -4.7618557539
   0.3427472912   0.4717511750  -2.1768353032
      
      
#  type   0  conf  1.0000
   0.3427472912   0.4717511750  -2.1768353032
  -0.0610042513  -0.0839651485  -1.6209558916
      
      
#  type   4  conf  0.0000
#  type   0  conf  1.0000
  -0.1333013216  -0.1834735290  -1.6201084174
  -0.5737930857  -0.7897584292  -2.2107166100
      
      
#  type   0  conf  1.0000
  -0.5737930857  -0.7897584292  -2.2107166100
  -2.2875835899  -3.1485886947  -4.7480730000
      
      
#  type   0  conf  1.0000
  -2.2875835899  -3.1485886947  -4.7480730000
  -2.2909602552  -3.1532362758  -5.1437848654
      
      
#  type   0  conf  1.0000
  -2.2909602552  -3.1532362758  -5.1437848654
  -1.8779053487  -2.5847149703  -5.7707443294
      
      
#  type   0  conf  1.0000
  -1.8779053487  -2.5847149703  -5.7707443294
  -1.8602378014  -2.5603976777  -5.7906215159
      
      
#  type   0  conf  1.0000
  -1.8602378014  -2.5603976777  -5.7906215159
  -1.4123940169  -1.9439935894  -6.0828517758
      
      
#  41  norm     0.7996846585   -0.6004202253    0.0000000000
# nedges  14 
#  type   0  conf  1.0000
   1.2297662843   1.6378949102  -6.0668524443
   1.6119586555   2.1469273561  -5.8359582566
      
      
#  type   0  conf  1.0000
   1.6119586555   2.1469273561  -5.8359582566
   1.6367465834   2.1799417765  -5.8144363239
      
      
#  type   0  conf  1.0000
   1.6367465834   2.1799417765  -5.8144363239
   2.0876369751   2.7804713950  -5.1249875944
      
      
#  type   0  conf  1.0000
   2.0876369751   2.7804713950  -5.1249875944
   2.0854129978   2.7775093353  -4.7623696675
      
      
#  type   0  conf  1.0000
   2.0854129978   2.7775093353  -4.7623696675
   0.3501950249   0.4664159818  -2.1779615580
      
      
#  type   0  conf  1.0000
   0.3501950249   0.4664159818  -2.1779615580
  -0.0622320392  -0.0828852942  -1.6219147328
      
      
#  type   4  conf  0.0000
#  type   0  conf  1.0000
  -0.1360029985  -0.1811389871  -1.6193935014
  -0.5837083270  -0.7774264997  -2.2068136511
      
      
#  type   0  conf  1.0000
  -0.5837083270  -0.7774264997  -2.2068136511
  -0.6284494836  -0.8370161255  -2.2711070906
      
      
#  type   0  conf  1.0000
  -0.6284494836  -0.8370161255  -2.2711070906
  -2.3382643871  -3.1142757671  -4.7512507921
      
      
#  type   0  conf  1.0000
  -2.3382643871  -3.1142757671  -4.7512507921
  -2.3399931991  -3.1165783286  -5.1447723654
      
      
#  type   0  conf  1.0000
  -2.3399931991  -3.1165783286  -5.1447723654
  -1.9096975175  -2.5434782885  -5.7817399263
      
      
#  type   0  conf  1.0000
  -1.9096975175  -2.5434782885  -5.7817399263
  -1.8821246971  -2.5067547397  -5.8016735836
      
      
#  type   0  conf  1.0000
  -1.8821246971  -2.5067547397  -5.8016735836
  -1.4515388854  -1.9332682826  -6.0816452003
      
      
#  42  norm     0.7901550124   -0.6129070537    0.0000000000
# nedges  13 
#  type   0  conf  1.0000
   1.2366511485   1.5942810541  -6.0760127100
   1.6624465653   2.1432131978  -5.8259903820
      
      
#  type   0  conf  1.0000
   1.6624465653   2.1432131978  -5.8259903820
   2.1296993074   2.7455918031  -5.1284158537
      
      
#  type   0  conf  1.0000
   2.1296993074   2.7455918031  -5.1284158537
   2.1291052748   2.7448259809  -4.7647547511
      
      
#  type   0  conf  1.0000
   2.1291052748   2.7448259809  -4.7647547511
   0.3570845580   0.4603506383  -2.1777927214
      
      
#  type   0  conf  1.0000
   0.3570845580   0.4603506383  -2.1777927214
  -0.0618955760  -0.0797952958  -1.6242211112
      
      
#  type   0  conf  1.0000
  -0.0618955760  -0.0797952958  -1.6242211112
  -0.1127413396  -0.1453452593  -1.6165870645
      
      
#  type   0  conf  1.0000
  -0.1127413396  -0.1453452593  -1.6165870645
  -0.1457251207  -0.1878676936  -1.6274678249
      
      
#  type   0  conf  1.0000
  -0.1457251207  -0.1878676936  -1.6274678249
  -0.5959198340  -0.7682552208  -2.2067493893
      
      
#  type   0  conf  1.0000
  -0.5959198340  -0.7682552208  -2.2067493893
  -2.3873400928  -3.0777403023  -4.7533719309
      
      
#  type   0  conf  1.0000
  -2.3873400928  -3.0777403023  -4.7533719309
  -2.3885153921  -3.0792554889  -5.1433035131
      
      
#  type   0  conf  1.0000
  -2.3885153921  -3.0792554889  -5.1433035131
  -1.9495306507  -2.5133197705  -5.7800599970
      
      
#  type   0  conf  1.0000
  -1.9495306507  -2.5133197705  -5.7800599970
  -1.9304935452  -2.4887772820  -5.7946477908
      
      
#  type   0  conf  1.0000
  -1.9304935452  -2.4887772820  -5.7946477908
  -1.4899069470  -1.9207764622  -6.0806028336
      
      
#  43  norm     0.7804304073   -0.6252426563    0.0000000000
# nedges  15 
#  type   0  conf  1.0000
   1.2653108777   1.5793661448  -6.0737268560
   1.6959161611   2.1168493976  -5.8258297756
      
      
#  type   0  conf  1.0000
   1.6959161611   2.1168493976  -5.8258297756
   2.1544147739   2.6891492167  -5.1539727422
      
      
#  type   0  conf  1.0000
   2.1544147739   2.6891492167  -5.1539727422
   2.1724494510   2.7116601735  -5.1168260721
      
      
#  type   0  conf  1.0000
   2.1724494510   2.7116601735  -5.1168260721
   2.1713756803   2.7103198885  -4.8052005663
      
      
#  type   0  conf  1.0000
   2.1713756803   2.7103198885  -4.8052005663
   2.1645118271   2.7017523994  -4.7567124778
      
      
#  type   0  conf  1.0000
   2.1645118271   2.7017523994  -4.7567124778
   0.3625627717   0.4525523151  -2.1764250040
      
      
#  type   0  conf  1.0000
   0.3625627717   0.4525523151  -2.1764250040
  -0.0672791940  -0.0839781615  -1.6198345277
      
      
#  type   4  conf  0.0000
#  type   0  conf  1.0000
  -0.1443025039  -0.1801189679  -1.6213358606
  -0.6039555795  -0.7538597921  -2.2016158196
      
      
#  type   0  conf  1.0000
  -0.6039555795  -0.7538597921  -2.2016158196
  -0.6436415448  -0.8033959741  -2.2557090118
      
      
#  type   0  conf  1.0000
  -0.6436415448  -0.8033959741  -2.2557090118
  -2.4356298943  -3.0401630651  -4.7555584399
      
      
#  type   0  conf  1.0000
  -2.4356298943  -3.0401630651  -4.7555584399
  -2.4369855066  -3.0418551458  -5.1406174716
      
      
#  type   0  conf  1.0000
  -2.4369855066  -3.0418551458  -5.1406174716
  -1.9851489393  -2.4778709188  -5.7833591310
      
      
#  type   0  conf  1.0000
  -1.9851489393  -2.4778709188  -5.7833591310
  -1.9655454200  -2.4534017269  -5.7963142257
      
      
#  type   0  conf  1.0000
  -1.9655454200  -2.4534017269  -5.7963142257
  -1.5271715012  -1.9062216320  -6.0807847797
      
      
#  44  norm     0.7705132428   -0.6374239897   -0.0000000000
# nedges  15 
#  type   0  conf  1.0000
   1.2992684718   1.5705457898  -6.0702059890
   1.7281215758   2.0889401414  -5.8258042921
      
      
#  type   0  conf  1.0000
   1.7281215758   2.0889401414  -5.8258042921
   2.2148766713   2.6773259773  -5.1261931867
      
      
#  type   0  conf  1.0000
   2.2148766713   2.6773259773  -5.1261931867
   2.2126405094   2.6746229219  -4.7683546198
      
      
#  type   0  conf  1.0000
   2.2126405094   2.6746229219  -4.7683546198
   0.3681227260   0.4449839352  -2.1757658641
      
      
#  type   0  conf  1.0000
   0.3681227260   0.4449839352  -2.1757658641
  -0.0659846234  -0.0797617081  -1.6237789650
      
      
#  type   0  conf  1.0000
  -0.0659846234  -0.0797617081  -1.6237789650
  -0.1157468808  -0.1399139441  -1.6183872786
      
      
#  type   0  conf  1.0000
  -0.1157468808  -0.1399139441  -1.6183872786
  -0.1530986685  -0.1850644994  -1.6314510632
      
      
#  type   0  conf  1.0000
  -0.1530986685  -0.1850644994  -1.6314510632
  -0.5398351063  -0.6525485470  -2.1070236002
      
      
#  type   0  conf  1.0000
  -0.5398351063  -0.6525485470  -2.1070236002
  -0.6340968129  -0.7664913768  -2.2255836032
      
      
#  type   0  conf  1.0000
  -0.6340968129  -0.7664913768  -2.2255836032
  -2.4670418175  -2.9821412771  -4.7368014254
      
      
#  type   0  conf  1.0000
  -2.4670418175  -2.9821412771  -4.7368014254
  -2.4833679063  -3.0018761284  -4.7912942247
      
      
#  type   0  conf  1.0000
  -2.4833679063  -3.0018761284  -4.7912942247
  -2.4835551913  -3.0021025170  -5.1393013916
      
      
#  type   0  conf  1.0000
  -2.4835551913  -3.0021025170  -5.1393013916
  -2.0237657247  -2.4463125270  -5.7800311319
      
      
#  type   0  conf  1.0000
  -2.0237657247  -2.4463125270  -5.7800311319
  -2.0039356954  -2.4223421393  -5.7950785861
      
      
#  type   0  conf  1.0000
  -2.0039356954  -2.4223421393  -5.7950785861
  -1.5627545351  -1.8890457276  -6.0810950464
      
      
#  45  norm     0.7604059656   -0.6494480483   -0.0000000000
# nedges  15 
#  type   0  conf  1.0000
   1.3334848234   1.5613101269  -6.0684035564
   1.7611725277   2.0620680899  -5.8238059893
      
      
#  type   0  conf  1.0000
   1.7611725277   2.0620680899  -5.8238059893
   2.2568036632   2.6423775899  -5.1229643201
      
      
#  type   0  conf  1.0000
   2.2568036632   2.6423775899  -5.1229643201
   2.2543894582   2.6395509190  -4.7728574393
      
      
#  type   0  conf  1.0000
   2.2543894582   2.6395509190  -4.7728574393
   0.3750300986   0.4391038282  -2.1770713401
      
      
#  type   0  conf  1.0000
   0.3750300986   0.4391038282  -2.1770713401
  -0.0675993100  -0.0791486227  -1.6241201441
      
      
#  type   0  conf  1.0000
  -0.0675993100  -0.0791486227  -1.6241201441
  -0.1178198219  -0.1379492874  -1.6180992329
      
      
#  type   0  conf  1.0000
  -0.1178198219  -0.1379492874  -1.6180992329
  -0.1562640525  -0.1829616981  -1.6316222603
      
      
#  type   0  conf  1.0000
  -0.1562640525  -0.1829616981  -1.6316222603
  -0.5408207527  -0.6332197436  -2.0962487026
      
      
#  type   0  conf  1.0000
  -0.5408207527  -0.6332197436  -2.0962487026
  -0.6465013144  -0.7569557834  -2.2267382776
      
      
#  type   0  conf  1.0000
  -0.6465013144  -0.7569557834  -2.2267382776
  -2.5139577886  -2.9434663861  -4.7416116687
      
      
#  type   0  conf  1.0000
  -2.5139577886  -2.9434663861  -4.7416116687
  -2.5296335212  -2.9618203107  -4.7911614672
      
      
#  type   0  conf  1.0000
  -2.5296335212  -2.9618203107  -4.7911614672
  -2.5304053780  -2.9627240390  -5.1345037586
      
      
#  type   0  conf  1.0000
  -2.5304053780  -2.9627240390  -5.1345037586
  -2.0713901758  -2.4252862885  -5.7639941668
      
      
#  type   0  conf  1.0000
  -2.0713901758  -2.4252862885  -5.7639941668
  -2.0518799679  -2.4024427702  -5.7868319742
      
      
#  type   0  conf  1.0000
  -2.0518799679  -2.4024427702  -5.7868319742
  -1.5981632508  -1.8712087488  -6.0812764562
      
      
#  46  norm     0.7501110696   -0.6613118653    0.0000000000
# nedges  17 
#  type   0  conf  1.0000
   1.3674472772   1.5510644728  -6.0665109139
   1.7919257759   2.0325408191  -5.8231290416
      
      
#  type   0  conf  1.0000
   1.7919257759   2.0325408191  -5.8231290416
   2.2974732322   2.6059718478  -5.1202929563
      
      
#  type   0  conf  1.0000
   2.2974732322   2.6059718478  -5.1202929563
   2.2959421833   2.6042352138  -4.8051376336
      
      
#  type   0  conf  1.0000
   2.2959421833   2.6042352138  -4.8051376336
   2.2820415252   2.5884680121  -4.7595612979
      
      
#  type   0  conf  1.0000
   2.2820415252   2.5884680121  -4.7595612979
   0.3957279024   0.4488651961  -2.1969354363
      
      
#  type   0  conf  1.0000
   0.3957279024   0.4488651961  -2.1969354363
   0.3589741169   0.4071762098  -2.1498983305
      
      
#  type   0  conf  1.0000
   0.3589741169   0.4071762098  -2.1498983305
  -0.0724091507  -0.0821320596  -1.6198778002
      
      
#  type   4  conf  0.0000
#  type   0  conf  1.0000
  -0.1535682239  -0.1741889579  -1.6211244324
  -0.6384711116  -0.7242033201  -2.2021720087
      
      
#  type   0  conf  1.0000
  -0.6384711116  -0.7242033201  -2.2021720087
  -0.6804982176  -0.7718737144  -2.2561756875
      
      
#  type   0  conf  1.0000
  -0.6804982176  -0.7718737144  -2.2561756875
  -2.5495666836  -2.8919157396  -4.7323460577
      
      
#  type   0  conf  1.0000
  -2.5495666836  -2.8919157396  -4.7323460577
  -2.5757977556  -2.9216690505  -4.7913582832
      
      
#  type   0  conf  1.0000
  -2.5757977556  -2.9216690505  -4.7913582832
  -2.5761558977  -2.9220752830  -5.1029613601
      
      
#  type   0  conf  1.0000
  -2.5761558977  -2.9220752830  -5.1029613601
  -2.5626164767  -2.9067178244  -5.1488782718
      
      
#  type   0  conf  1.0000
  -2.5626164767  -2.9067178244  -5.1488782718
  -2.1284775291  -2.4142838497  -5.7340856387
      
      
#  type   0  conf  1.0000
  -2.1284775291  -2.4142838497  -5.7340856387
  -2.0886635638  -2.3691237707  -5.7853185929
      
      
#  type   0  conf  1.0000
  -2.0886635638  -2.3691237707  -5.7853185929
  -1.6340928518  -1.8535145084  -6.0812189026
      
      
#  47  norm     0.7396310950   -0.6730125135    0.0000000000
# nedges  20 
#  type   0  conf  1.0000
   1.4016623229   1.5404067798  -6.0647830729
   1.8105924873   1.9898151626  -5.8292503593
      
      
#  type   0  conf  1.0000
   1.8105924873   1.9898151626  -5.8292503593
   1.8311569087   2.0124151665  -5.8108122899
      
      
#  type   0  conf  1.0000
   1.8311569087   2.0124151665  -5.8108122899
   2.3297350411   2.5603453797  -5.1261450589
      
      
#  type   0  conf  1.0000
   2.3297350411   2.5603453797  -5.1261450589
   2.3380866357   2.5695236624  -5.0724584911
      
      
#  type   0  conf  1.0000
   2.3380866357   2.5695236624  -5.0724584911
   2.3361171000   2.5673591709  -4.8201142854
      
      
#  type   0  conf  1.0000
   2.3361171000   2.5673591709  -4.8201142854
   2.3192663315   2.5488404181  -4.7614578145
      
      
#  type   0  conf  1.0000
   2.3192663315   2.5488404181  -4.7614578145
   0.4052632054   0.4453784474  -2.2022514234
      
      
#  type   0  conf  1.0000
   0.4052632054   0.4453784474  -2.2022514234
   0.3752983800   0.4124475343  -2.1635522732
      
      
#  type   0  conf  1.0000
   0.3752983800   0.4124475343  -2.1635522732
  -0.0707995519  -0.0778076916  -1.6240094669
      
      
#  type   0  conf  1.0000
  -0.0707995519  -0.0778076916  -1.6240094669
  -0.1222873606  -0.1343920546  -1.6176366575
      
      
#  type   0  conf  1.0000
  -0.1222873606  -0.1343920546  -1.6176366575
  -0.1604971219  -0.1763840339  -1.6262179491
      
      
#  type   0  conf  1.0000
  -0.1604971219  -0.1763840339  -1.6262179491
  -0.6563919230  -0.7213653045  -2.2108581969
      
      
#  type   0  conf  1.0000
  -0.6563919230  -0.7213653045  -2.2108581969
  -0.6698588801  -0.7361652971  -2.2279324579
      
      
#  type   0  conf  1.0000
  -0.6698588801  -0.7361652971  -2.2279324579
  -2.5996157794  -2.8569404385  -4.7453743904
      
      
#  type   0  conf  1.0000
  -2.5996157794  -2.8569404385  -4.7453743904
  -2.6211428750  -2.8805984077  -4.8058891376
      
      
#  type   0  conf  1.0000
  -2.6211428750  -2.8805984077  -4.8058891376
  -2.6217532835  -2.8812692378  -5.0880276030
      
      
#  type   0  conf  1.0000
  -2.6217532835  -2.8812692378  -5.0880276030
  -2.6054883366  -2.8633942945  -5.1457311100
      
      
#  type   0  conf  1.0000
  -2.6054883366  -2.8633942945  -5.1457311100
  -2.1469127561  -2.3594263120  -5.7550467699
      
      
#  type   0  conf  1.0000
  -2.1469127561  -2.3594263120  -5.7550467699
  -2.1220413813  -2.3320930279  -5.7850824960
      
      
#  type   0  conf  1.0000
  -2.1220413813  -2.3320930279  -5.7850824960
  -1.6684433608  -1.8335953123  -6.0813751766
      
      
#  48  norm     0.7289686274   -0.6845471059    0.0000000000
# nedges  19 
#  type   0  conf  1.0000
   1.4251820149   1.5176646986  -6.0693071370
   1.8414800335   1.9609770617  -5.8275158141
      
      
#  type   0  conf  1.0000
   1.8414800335   1.9609770617  -5.8275158141
   1.8680235832   1.9892430713  -5.7996593807
      
      
#  type   0  conf  1.0000
   1.8680235832   1.9892430713  -5.7996593807
   2.3620963927   2.5153771747  -5.1318822603
      
      
#  type   0  conf  1.0000
   2.3620963927   2.5153771747  -5.1318822603
   2.3782308514   2.5325586280  -5.0726059192
      
      
#  type   0  conf  1.0000
   2.3782308514   2.5325586280  -5.0726059192
   2.3764273620   2.5306381070  -4.8203688965
      
      
#  type   0  conf  1.0000
   2.3764273620   2.5306381070  -4.8203688965
   2.3591255114   2.5122135074  -4.7685923195
      
      
#  type   0  conf  1.0000
   2.3591255114   2.5122135074  -4.7685923195
   0.4070418960   0.4334555938  -2.1967427579
      
      
#  type   0  conf  1.0000
   0.4070418960   0.4334555938  -2.1967427579
   0.3919010194   0.4173321978  -2.1772493684
      
      
#  type   0  conf  1.0000
   0.3919010194   0.4173321978  -2.1772493684
  -0.0743556188  -0.0791806918  -1.6219023088
      
      
#  type   4  conf  0.0000
#  type   0  conf  1.0000
  -0.1568726335  -0.1670523874  -1.6186521095
  -0.6611541173  -0.7040576247  -2.2038653376
      
      
#  type   0  conf  1.0000
  -0.6611541173  -0.7040576247  -2.2038653376
  -0.7024305839  -0.7480125972  -2.2554380455
      
      
#  type   0  conf  1.0000
  -0.7024305839  -0.7480125972  -2.2554380455
  -2.6398830068  -2.8111898733  -4.7461246008
      
      
#  type   0  conf  1.0000
  -2.6398830068  -2.8111898733  -4.7461246008
  -2.6657646399  -2.8387510133  -4.8059629493
      
      
#  type   0  conf  1.0000
  -2.6657646399  -2.8387510133  -4.8059629493
  -2.6670403881  -2.8401095471  -5.0730590415
      
      
#  type   0  conf  1.0000
  -2.6670403881  -2.8401095471  -5.0730590415
  -2.6533805552  -2.8255633025  -5.1346183525
      
      
#  type   0  conf  1.0000
  -2.6533805552  -2.8255633025  -5.1346183525
  -2.1835982864  -2.3252959977  -5.7500403879
      
      
#  type   0  conf  1.0000
  -2.1835982864  -2.3252959977  -5.7500403879
  -2.1526528564  -2.2923424619  -5.7861892297
      
      
#  type   0  conf  1.0000
  -2.1526528564  -2.2923424619  -5.7861892297
  -1.7021463874  -1.8126017990  -6.0822417004
      
      
#  49  norm     0.7181262978   -0.6959127966    0.0000000000
# nedges  19 
#  type   0  conf  1.0000
   1.4592494384   1.5058286065  -6.0660904236
   1.8670793111   1.9266763881  -5.8290973948
      
      
#  type   0  conf  1.0000
   1.8670793111   1.9266763881  -5.8290973948
   1.8932533911   1.9536859433  -5.8034767911
      
      
#  type   0  conf  1.0000
   1.8932533911   1.9536859433  -5.8034767911
   2.4063090051   2.4831182665  -5.1188710004
      
      
#  type   0  conf  1.0000
   2.4063090051   2.4831182665  -5.1188710004
   2.4174252787   2.4945893710  -5.0578964743
      
      
#  type   0  conf  1.0000
   2.4174252787   2.4945893710  -5.0578964743
   2.4163328141   2.4934620349  -4.8197635801
      
      
#  type   0  conf  1.0000
   2.4163328141   2.4934620349  -4.8197635801
   2.3970937019   2.4736088113  -4.7742536025
      
      
#  type   0  conf  1.0000
   2.3970937019   2.4736088113  -4.7742536025
   0.5015461569   0.5175554848  -2.3121691286
      
      
#  type   0  conf  1.0000
   0.5015461569   0.5175554848  -2.3121691286
   0.3985498217   0.4112715118  -2.1790619731
      
      
#  type   0  conf  1.0000
   0.3985498217   0.4112715118  -2.1790619731
  -0.0758577727  -0.0782791489  -1.6218109686
      
      
#  type   4  conf  0.0000
#  type   0  conf  1.0000
  -0.1594433492  -0.1645327728  -1.6186088211
  -0.6253716244  -0.6453334549  -2.1515429952
      
      
#  type   0  conf  1.0000
  -0.6253716244  -0.6453334549  -2.1515429952
  -0.6895172921  -0.7115266491  -2.2258302296
      
      
#  type   0  conf  1.0000
  -0.6895172921  -0.7115266491  -2.2258302296
  -2.6837687294  -2.7694344911  -4.7541737449
      
      
#  type   0  conf  1.0000
  -2.6837687294  -2.7694344911  -4.7541737449
  -2.7100874442  -2.7965932979  -4.8206196004
      
      
#  type   0  conf  1.0000
  -2.7100874442  -2.7965932979  -4.8206196004
  -2.7110159344  -2.7975514255  -5.0728935389
      
      
#  type   0  conf  1.0000
  -2.7110159344  -2.7975514255  -5.0728935389
  -2.6921354010  -2.7780682264  -5.1340793129
      
      
#  type   0  conf  1.0000
  -2.6921354010  -2.7780682264  -5.1340793129
  -2.1893475975  -2.2592314617  -5.7820245910
      
      
#  type   0  conf  1.0000
  -2.1893475975  -2.2592314617  -5.7820245910
  -1.9605892150  -2.0231711233  -5.9331723272
      
      
#  type   0  conf  1.0000
  -1.9605892150  -2.0231711233  -5.9331723272
  -1.7353467361  -1.7907389159  -6.0815355320
      
      
#  50  norm     0.7071067812   -0.7071067812    0.0000000000
# nedges  18 
#  type   0  conf  1.0000
   1.4917856979   1.4917856979  -6.0637326954
   1.8810199859   1.8810199859  -5.8358824691
      
      
#  type   0  conf  1.0000
   1.8810199859   1.8810199859  -5.8358824691
   1.9107121639   1.9107121639  -5.8150690234
      
      
#  type   0  conf  1.0000
   1.9107121639   1.9107121639  -5.8150690234
   2.4406849376   2.4406849376  -5.1186152622
      
      
#  type   0  conf  1.0000
   2.4406849376   2.4406849376  -5.1186152622
   2.4564962724   2.4564962724  -5.0580862629
      
      
#  type   0  conf  1.0000
   2.4564962724   2.4564962724  -5.0580862629
   2.4550714001   2.4550714001  -4.8067928529
      
      
#  type   0  conf  1.0000
   2.4550714001   2.4550714001  -4.8067928529
   0.5338102387   0.5338102387  -2.3444496505
      
      
#  type   0  conf  1.0000
   0.5338102387   0.5338102387  -2.3444496505
   0.4056265936   0.4056265936  -2.1817241883
      
      
#  type   0  conf  1.0000
   0.4056265936   0.4056265936  -2.1817241883
  -0.0781000316  -0.0781000316  -1.6211510837
      
      
#  type   4  conf  0.0000
#  type   0  conf  1.0000
  -0.1652592212  -0.1652592212  -1.6213078620
  -0.6865636814  -0.6865636814  -2.2104548321
      
      
#  type   0  conf  1.0000
  -0.6865636814  -0.6865636814  -2.2104548321
  -0.7589189612  -0.7589189612  -2.2997296076
      
      
#  type   0  conf  1.0000
  -0.7589189612  -0.7589189612  -2.2997296076
  -2.7249981994  -2.7249981994  -4.7597498296
      
      
#  type   0  conf  1.0000
  -2.7249981994  -2.7249981994  -4.7597498296
  -2.7541309849  -2.7541309849  -4.8353544146
      
      
#  type   0  conf  1.0000
  -2.7541309849  -2.7541309849  -4.8353544146
  -2.7552233030  -2.7552233030  -5.0727637212
      
      
#  type   0  conf  1.0000
  -2.7552233030  -2.7552233030  -5.0727637212
  -2.7295531904  -2.7295531904  -5.1327097319
      
      
#  type   0  conf  1.0000
  -2.7295531904  -2.7295531904  -5.1327097319
  -2.2293238114  -2.2293238114  -5.7698256275
      
      
#  type   0  conf  1.0000
  -2.2293238114  -2.2293238114  -5.7698256275
  -2.2133250977  -2.2133250977  -5.7861263530
      
      
#  type   0  conf  1.0000
  -2.2133250977  -2.2133250977  -5.7861263530
  -1.7675879584  -1.7675879584  -6.0818884872
      
      
#  51  norm     0.6959127966   -0.7181262978    0.0000000000
# nedges  18 
#  type   0  conf  1.0000
   1.5161115456   1.4692142997  -6.0659371303
   1.9190059223   1.8596461127  -5.8288009624
      
      
#  type   0  conf  1.0000
   1.9190059223   1.8596461127  -5.8288009624
   1.9424686710   1.8823830980  -5.8067501038
      
      
#  type   0  conf  1.0000
   1.9424686710   1.8823830980  -5.8067501038
   2.4743697334   2.3978310867  -5.1172132013
      
      
#  type   0  conf  1.0000
   2.4743697334   2.3978310867  -5.1172132013
   2.4946332425   2.4174677932  -5.0581621099
      
      
#  type   0  conf  1.0000
   2.4946332425   2.4174677932  -5.0581621099
   2.4934415095   2.4163129235  -4.8115646009
      
      
#  type   0  conf  1.0000
   2.4934415095   2.4163129235  -4.8115646009
   0.5879709921   0.5697835307  -2.4035622535
      
      
#  type   0  conf  1.0000
   0.5879709921   0.5697835307  -2.4035622535
   0.4100992938   0.3974138635  -2.1814029345
      
      
#  type   0  conf  1.0000
   0.4100992938   0.3974138635  -2.1814029345
  -0.0796460398  -0.0771823821  -1.6209309148
      
      
#  type   4  conf  0.0000
#  type   0  conf  1.0000
  -0.1669820360  -0.1618168504  -1.6202236528
  -0.6296655638  -0.6101883816  -2.1365578410
      
      
#  type   0  conf  1.0000
  -0.6296655638  -0.6101883816  -2.1365578410
  -0.7208596576  -0.6985616066  -2.2395926831
      
      
#  type   0  conf  1.0000
  -0.7208596576  -0.6985616066  -2.2395926831
  -2.7713328172  -2.6856083354  -4.7738285903
      
      
#  type   0  conf  1.0000
  -2.7713328172  -2.6856083354  -4.7738285903
  -2.7972127041  -2.7106876905  -4.8352636473
      
      
#  type   0  conf  1.0000
  -2.7972127041  -2.7106876905  -4.8352636473
  -2.7979600448  -2.7114119141  -5.0578981726
      
      
#  type   0  conf  1.0000
  -2.7979600448  -2.7114119141  -5.0578981726
  -2.7757452352  -2.6898842659  -5.1192230149
      
      
#  type   0  conf  1.0000
  -2.7757452352  -2.6898842659  -5.1192230149
  -2.2575490015  -2.1877171800  -5.7699116106
      
      
#  type   0  conf  1.0000
  -2.2575490015  -2.1877171800  -5.7699116106
  -2.2370407685  -2.1678433197  -5.7891557975
      
      
#  type   0  conf  1.0000
  -2.2370407685  -2.1678433197  -5.7891557975
  -1.7990508198  -1.7434015313  -6.0818488628
      
      
#  52  norm     0.6845471059   -0.7289686274   -0.0000000000
# nedges  16 
#  type   0  conf  1.0000
   1.5393409802   1.4455373982  -6.0687652576
   1.9394927907   1.8213049601  -5.8305985880
      
      
#  type   0  conf  1.0000
   1.9394927907   1.8213049601  -5.8305985880
   1.9616666224   1.8421275741  -5.8127667560
      
      
#  type   0  conf  1.0000
   1.9616666224   1.8421275741  -5.8127667560
   2.5163348826   2.3629957403  -5.1036107332
      
      
#  type   0  conf  1.0000
   2.5163348826   2.3629957403  -5.1036107332
   2.5327423710   2.3784033975  -5.0578465363
      
      
#  type   0  conf  1.0000
   2.5327423710   2.3784033975  -5.0578465363
   2.5308572419   2.3766331435  -4.8349320578
      
      
#  type   0  conf  1.0000
   2.5308572419   2.3766331435  -4.8349320578
   2.5152401001   2.3619676712  -4.7885416534
      
      
#  type   0  conf  1.0000
   2.5152401001   2.3619676712  -4.7885416534
   0.4329465885   0.4065639082  -2.2023143409
      
      
#  type   0  conf  1.0000
   0.4329465885   0.4065639082  -2.2023143409
  -0.0811470349  -0.0762021379  -1.6209099654
      
      
#  type   4  conf  0.0000
#  type   0  conf  1.0000
  -0.1706770917  -0.1602764575  -1.6216366305
  -0.7042215563  -0.6613080593  -2.2100659296
      
      
#  type   0  conf  1.0000
  -0.7042215563  -0.6613080593  -2.2100659296
  -0.8337889664  -0.7829799561  -2.3653120112
      
      
#  type   0  conf  1.0000
  -0.8337889664  -0.7829799561  -2.3653120112
  -2.8393057526  -2.6662855748  -4.8148691300
      
      
#  type   0  conf  1.0000
  -2.8393057526  -2.6662855748  -4.8148691300
  -2.8404644389  -2.6673736537  -5.0805663220
      
      
#  type   0  conf  1.0000
  -2.8404644389  -2.6673736537  -5.0805663220
  -2.2971310845  -2.1571496724  -5.7548130812
      
      
#  type   0  conf  1.0000
  -2.2971310845  -2.1571496724  -5.7548130812
  -2.2701971505  -2.1318570248  -5.7846928545
      
      
#  type   0  conf  1.0000
  -2.2701971505  -2.1318570248  -5.7846928545
  -1.8305596325  -1.7190099156  -6.0816120483
      
      
#  53  norm     0.6730125135   -0.7396310950   -0.0000000000
# nedges  16 
#  type   0  conf  1.0000
   1.5687785171   1.4274786175  -6.0670595428
   1.9792396774   1.8009695362  -5.8208588022
      
      
#  type   0  conf  1.0000
   1.9792396774   1.8009695362  -5.8208588022
   2.5690515775   2.3376570715  -5.0748482892
      
      
#  type   0  conf  1.0000
   2.5690515775   2.3376570715  -5.0748482892
   2.5689606544   2.3375743379  -4.8355351058
      
      
#  type   0  conf  1.0000
   2.5689606544   2.3375743379  -4.8355351058
   2.5462146887   2.3168771016  -4.7741724089
      
      
#  type   0  conf  1.0000
   2.5462146887   2.3168771016  -4.7741724089
   0.4956538474   0.4510102995  -2.2743258828
      
      
#  type   0  conf  1.0000
   0.4956538474   0.4510102995  -2.2743258828
   0.4055317807   0.3690055284  -2.1667941714
      
      
#  type   0  conf  1.0000
   0.4055317807   0.3690055284  -2.1667941714
  -0.0802021812  -0.0729783698  -1.6242681503
      
      
#  type   0  conf  1.0000
  -0.0802021812  -0.0729783698  -1.6242681503
  -0.1369395978  -0.1246054466  -1.6177901355
      
      
#  type   0  conf  1.0000
  -0.1369395978  -0.1246054466  -1.6177901355
  -0.1785033216  -0.1624255253  -1.6270989895
      
      
#  type   0  conf  1.0000
  -0.1785033216  -0.1624255253  -1.6270989895
  -0.7188179344  -0.6540739946  -2.2167053297
      
      
#  type   0  conf  1.0000
  -0.7188179344  -0.6540739946  -2.2167053297
  -0.8885147360  -0.8084862032  -2.4182561082
      
      
#  type   0  conf  1.0000
  -0.8885147360  -0.8084862032  -2.4182561082
  -2.8801922178  -2.6207732707  -4.8178659898
      
      
#  type   0  conf  1.0000
  -2.8801922178  -2.6207732707  -4.8178659898
  -2.8826978067  -2.6230531812  -5.0725955444
      
      
#  type   0  conf  1.0000
  -2.8826978067  -2.6230531812  -5.0725955444
  -2.3109415350  -2.1027950037  -5.7699412123
      
      
#  type   0  conf  1.0000
  -2.3109415350  -2.1027950037  -5.7699412123
  -2.2856649494  -2.0797950804  -5.7919787663
      
      
#  type   0  conf  1.0000
  -2.2856649494  -2.0797950804  -5.7919787663
  -1.8612107102  -1.6935714395  -6.0811516713
      
      
#  54  norm     0.6613118653   -0.7501110696    0.0000000000
# nedges  15 
#  type   0  conf  1.0000
   1.5989165638   1.4096345703  -6.0650894899
   2.0042214623   1.7669589044  -5.8184148041
      
      
#  type   0  conf  1.0000
   2.0042214623   1.7669589044  -5.8184148041
   2.6056010217   2.2971463050  -5.0704730959
      
      
#  type   0  conf  1.0000
   2.6056010217   2.2971463050  -5.0704730959
   2.6058487360   2.2973646946  -4.8208457641
      
      
#  type   0  conf  1.0000
   2.6058487360   2.2973646946  -4.8208457641
   2.5784394795   2.2732001844  -4.7598321560
      
      
#  type   0  conf  1.0000
   2.5784394795   2.2732001844  -4.7598321560
   0.4472413607   0.3942962988  -2.2103351601
      
      
#  type   0  conf  1.0000
   0.4472413607   0.3942962988  -2.2103351601
   0.4096395006   0.3611457999  -2.1670879130
      
      
#  type   0  conf  1.0000
   0.4096395006   0.3611457999  -2.1670879130
  -0.0821388233  -0.0724151138  -1.6233156682
      
      
#  type   0  conf  1.0000
  -0.0821388233  -0.0724151138  -1.6233156682
  -0.1684013690  -0.1484657779  -1.6165674896
      
      
#  type   0  conf  1.0000
  -0.1684013690  -0.1484657779  -1.6165674896
  -0.6952995066  -0.6129889723  -2.1811879940
      
      
#  type   0  conf  1.0000
  -0.6952995066  -0.6129889723  -2.1811879940
  -0.8623836794  -0.7602934855  -2.3746782277
      
      
#  type   0  conf  1.0000
  -0.8623836794  -0.7602934855  -2.3746782277
  -2.9217863178  -2.5759011407  -4.8167136975
      
      
#  type   0  conf  1.0000
  -2.9217863178  -2.5759011407  -4.8167136975
  -2.9229628900  -2.5769384286  -5.0735689766
      
      
#  type   0  conf  1.0000
  -2.9229628900  -2.5769384286  -5.0735689766
  -2.3303929502  -2.0545177524  -5.7758149020
      
      
#  type   0  conf  1.0000
  -2.3303929502  -2.0545177524  -5.7758149020
  -2.3072545688  -2.0341185252  -5.7937025902
      
      
#  type   0  conf  1.0000
  -2.3072545688  -2.0341185252  -5.7937025902
  -1.8909661705  -1.6671109335  -6.0805494573
      
      
#  55  norm     0.6494480483   -0.7604059656   -0.0000000000
# nedges  17 
#  type   0  conf  1.0000
   1.6237053772   1.3867754015  -6.0645761380
   2.0227807741   1.7276179901  -5.8201619320
      
      
#  type   0  conf  1.0000
   2.0227807741   1.7276179901  -5.8201619320
   2.6418950252   2.2563915140  -5.0742898874
      
      
#  type   0  conf  1.0000
   2.6418950252   2.2563915140  -5.0742898874
   2.6410049665   2.2556313321  -4.8123452889
      
      
#  type   0  conf  1.0000
   2.6410049665   2.2556313321  -4.8123452889
   2.6088028998   2.2281281689  -4.7461293795
      
      
#  type   0  conf  1.0000
   2.6088028998   2.2281281689  -4.7461293795
   0.4509597872   0.3851560441  -2.2106757956
      
      
#  type   0  conf  1.0000
   0.4509597872   0.3851560441  -2.2106757956
   0.4088260588   0.3491704405  -2.1624438088
      
      
#  type   0  conf  1.0000
   0.4088260588   0.3491704405  -2.1624438088
  -0.0836503255  -0.0714441273  -1.6236156088
      
      
#  type   0  conf  1.0000
  -0.0836503255  -0.0714441273  -1.6236156088
  -0.1419600452  -0.1212453328  -1.6188025709
      
      
#  type   0  conf  1.0000
  -0.1419600452  -0.1212453328  -1.6188025709
  -0.1833873797  -0.1566276190  -1.6271316449
      
      
#  type   0  conf  1.0000
  -0.1833873797  -0.1566276190  -1.6271316449
  -0.7298200678  -0.6233252238  -2.2113282152
      
      
#  type   0  conf  1.0000
  -0.7298200678  -0.6233252238  -2.2113282152
  -0.8174722842  -0.6981872889  -2.3115831057
      
      
#  type   0  conf  1.0000
  -0.8174722842  -0.6981872889  -2.3115831057
  -2.9484216654  -2.5181899970  -4.7942085391
      
      
#  type   0  conf  1.0000
  -2.9484216654  -2.5181899970  -4.7942085391
  -2.9616211168  -2.5294633936  -4.8648265130
      
      
#  type   0  conf  1.0000
  -2.9616211168  -2.5294633936  -4.8648265130
  -2.9636921722  -2.5312322420  -5.0785125002
      
      
#  type   0  conf  1.0000
  -2.9636921722  -2.5312322420  -5.0785125002
  -2.3841437775  -2.0362511517  -5.7406977585
      
      
#  type   0  conf  1.0000
  -2.3841437775  -2.0362511517  -5.7406977585
  -2.3433357886  -2.0013978366  -5.7843567093
      
      
#  type   0  conf  1.0000
  -2.3433357886  -2.0013978366  -5.7843567093
  -1.9195633653  -1.6394619948  -6.0806492559
      
      
#  56  norm     0.6374239897   -0.7705132428    0.0000000000
# nedges  18 
#  type   0  conf  1.0000
   1.6459874325   1.3616792263  -6.0658211016
   2.0406567739   1.6881781004  -5.8211049772
      
      
#  type   0  conf  1.0000
   2.0406567739   1.6881781004  -5.8211049772
   2.6359282410   2.1806294854  -5.1322514903
      
      
#  type   0  conf  1.0000
   2.6359282410   2.1806294854  -5.1322514903
   2.6763013310   2.2140290101  -5.0691586361
      
      
#  type   0  conf  1.0000
   2.6763013310   2.2140290101  -5.0691586361
   2.6773640098   2.2149081345  -4.8205443658
      
      
#  type   0  conf  1.0000
   2.6773640098   2.2149081345  -4.8205443658
   2.6594644609   2.2001003398  -4.7576009835
      
      
#  type   0  conf  1.0000
   2.6594644609   2.2001003398  -4.7576009835
   0.4711061967   0.3897329401  -2.2292691731
      
      
#  type   0  conf  1.0000
   0.4711061967   0.3897329401  -2.2292691731
   0.4136537049   0.3422041054  -2.1642744912
      
      
#  type   0  conf  1.0000
   0.4136537049   0.3422041054  -2.1642744912
  -0.0847187117  -0.0700854135  -1.6239608519
      
      
#  type   0  conf  1.0000
  -0.0847187117  -0.0700854135  -1.6239608519
  -0.1426156140  -0.1179818965  -1.6187375654
      
      
#  type   0  conf  1.0000
  -0.1426156140  -0.1179818965  -1.6187375654
  -0.1850472149  -0.1530843695  -1.6265544302
      
      
#  type   0  conf  1.0000
  -0.1850472149  -0.1530843695  -1.6265544302
  -0.7259095301  -0.6005245896  -2.1995047991
      
      
#  type   0  conf  1.0000
  -0.7259095301  -0.6005245896  -2.1995047991
  -0.8059729914  -0.6667588450  -2.2888553425
      
      
#  type   0  conf  1.0000
  -0.8059729914  -0.6667588450  -2.2888553425
  -3.0005517509  -2.4822722860  -4.8019892988
      
      
#  type   0  conf  1.0000
  -3.0005517509  -2.4822722860  -4.8019892988
  -3.0022898103  -2.4837101338  -5.0579726599
      
      
#  type   0  conf  1.0000
  -3.0022898103  -2.4837101338  -5.0579726599
  -2.9866632739  -2.4707827386  -5.1046543962
      
      
#  type   0  conf  1.0000
  -2.9866632739  -2.4707827386  -5.1046543962
  -2.3819508228  -1.9705210924  -5.7677024920
      
      
#  type   0  conf  1.0000
  -2.3819508228  -1.9705210924  -5.7677024920
  -2.3636927888  -1.9554167331  -5.7848467714
      
      
#  type   0  conf  1.0000
  -2.3636927888  -1.9554167331  -5.7848467714
  -1.9474724308  -1.6110893076  -6.0803426243
      
      
#  57  norm     0.6252426563   -0.7804304073    0.0000000000
# nedges  20 
#  type   0  conf  1.0000
   1.6733837322   1.3406331685  -6.0640313642
   2.0467977817   1.6397942340  -5.8286553443
      
      
#  type   0  conf  1.0000
   2.0467977817   1.6397942340  -5.8286553443
   2.0721533176   1.6601078488  -5.8064988431
      
      
#  type   0  conf  1.0000
   2.0721533176   1.6601078488  -5.8064988431
   2.6771424292   2.1447955232  -5.1327465464
      
      
#  type   0  conf  1.0000
   2.6771424292   2.1447955232  -5.1327465464
   2.7113660297   2.1722137974  -5.0728563344
      
      
#  type   0  conf  1.0000
   2.7113660297   2.1722137974  -5.0728563344
   2.7119411615   2.1726745648  -4.8058037498
      
      
#  type   0  conf  1.0000
   2.7119411615   2.1726745648  -4.8058037498
   2.6889763599   2.1542762894  -4.7451204960
      
      
#  type   0  conf  1.0000
   2.6889763599   2.1542762894  -4.7451204960
   0.4420636438   0.3541597615  -2.1919313555
      
      
#  type   0  conf  1.0000
   0.4420636438   0.3541597615  -2.1919313555
   0.3382985598   0.2710282534  -2.0798169468
      
      
#  type   0  conf  1.0000
   0.3382985598   0.2710282534  -2.0798169468
  -0.0866441049  -0.0694150174  -1.6229825904
      
      
#  type   0  conf  1.0000
  -0.0866441049  -0.0694150174  -1.6229825904
  -0.1502856800  -0.1204015335  -1.6183891105
      
      
#  type   0  conf  1.0000
  -0.1502856800  -0.1204015335  -1.6183891105
  -0.1890933908  -0.1514923725  -1.6280408713
      
      
#  type   0  conf  1.0000
  -0.1890933908  -0.1514923725  -1.6280408713
  -0.7303105519  -0.5850890805  -2.1966284159
      
      
#  type   0  conf  1.0000
  -0.7303105519  -0.5850890805  -2.1966284159
  -0.7700955637  -0.6169628853  -2.2399858543
      
      
#  type   0  conf  1.0000
  -0.7700955637  -0.6169628853  -2.2399858543
  -3.0208844614  -2.4201848203  -4.7743195222
      
      
#  type   0  conf  1.0000
  -3.0208844614  -2.4201848203  -4.7743195222
  -3.0386866674  -2.4344470767  -4.8204127091
      
      
#  type   0  conf  1.0000
  -3.0386866674  -2.4344470767  -4.8204127091
  -3.0407313909  -2.4360852091  -5.0726015820
      
      
#  type   0  conf  1.0000
  -3.0407313909  -2.4360852091  -5.0726015820
  -3.0196612599  -2.4192048511  -5.1175493640
      
      
#  type   0  conf  1.0000
  -3.0196612599  -2.4192048511  -5.1175493640
  -2.4002825109  -1.9229889032  -5.7701169495
      
      
#  type   0  conf  1.0000
  -2.4002825109  -1.9229889032  -5.7701169495
  -2.3773280714  -1.9045989295  -5.7903696522
      
      
#  type   0  conf  1.0000
  -2.3773280714  -1.9045989295  -5.7903696522
  -1.9800596601  -1.5863269164  -6.0751766147
      
      
#  58  norm     0.6129070537   -0.7901550124    0.0000000000
# nedges  19 
#  type   0  conf  1.0000
   1.6963878611   1.3158533067  -6.0638489608
   2.0642389540   1.6011878625  -5.8286023583
      
      
#  type   0  conf  1.0000
   2.0642389540   1.6011878625  -5.8286023583
   2.0972635066   1.6268043313  -5.7991501683
      
      
#  type   0  conf  1.0000
   2.0972635066   1.6268043313  -5.7991501683
   2.7183940106   2.1086025370  -5.1307170536
      
      
#  type   0  conf  1.0000
   2.7183940106   2.1086025370  -5.1307170536
   2.7463121347   2.1302580538  -5.0728839429
      
      
#  type   0  conf  1.0000
   2.7463121347   2.1302580538  -5.0728839429
   2.7453975474   2.1295486272  -4.8058690367
      
      
#  type   0  conf  1.0000
   2.7453975474   2.1295486272  -4.8058690367
   2.7271204430   2.1153714518  -4.7448700346
      
      
#  type   0  conf  1.0000
   2.7271204430   2.1153714518  -4.7448700346
   0.5177599397   0.4016157769  -2.2733092762
      
      
#  type   0  conf  1.0000
   0.5177599397   0.4016157769  -2.2733092762
   0.4243473090   0.3291575132  -2.1695601103
      
      
#  type   0  conf  1.0000
   0.4243473090   0.3291575132  -2.1695601103
  -0.0904413628  -0.0701535121  -1.6203430533
      
      
#  type   4  conf  0.0000
#  type   0  conf  1.0000
  -0.1835355753  -0.1423647853  -1.6202563592
  -0.7443357740  -0.5773660092  -2.2042658160
      
      
#  type   0  conf  1.0000
  -0.7443357740  -0.5773660092  -2.2042658160
  -0.8028409035  -0.6227472395  -2.2680010245
      
      
#  type   0  conf  1.0000
  -0.8028409035  -0.6227472395  -2.2680010245
  -3.0632252088  -2.3760810322  -4.7756641974
      
      
#  type   0  conf  1.0000
  -3.0632252088  -2.3760810322  -4.7756641974
  -3.0768773347  -2.3866707066  -4.8501239494
      
      
#  type   0  conf  1.0000
  -3.0768773347  -2.3866707066  -4.8501239494
  -3.0783438749  -2.3878082718  -5.0577978764
      
      
#  type   0  conf  1.0000
  -3.0783438749  -2.3878082718  -5.0577978764
  -3.0622328159  -2.3753112534  -5.1164021379
      
      
#  type   0  conf  1.0000
  -3.0622328159  -2.3753112534  -5.1164021379
  -2.4192300745  -1.8765472013  -5.7709463575
      
      
#  type   0  conf  1.0000
  -2.4192300745  -1.8765472013  -5.7709463575
  -2.3951108719  -1.8578384301  -5.7910792410
      
      
#  type   0  conf  1.0000
  -2.3951108719  -1.8578384301  -5.7910792410
  -2.0060719333  -1.5560688963  -6.0750742695
      
      
#  59  norm     0.6004202253   -0.7996846585    0.0000000000
# nedges  18 
#  type   0  conf  1.0000
   1.7191960410   1.2908088999  -6.0638382001
   2.0758018918   1.5585561463  -5.8317358691
      
      
#  type   0  conf  1.0000
   2.0758018918   1.5585561463  -5.8317358691
   2.1115678709   1.5854100031  -5.8017029493
      
      
#  type   0  conf  1.0000
   2.1115678709   1.5854100031  -5.8017029493
   2.7650473704   2.0760562899  -5.1232304981
      
      
#  type   0  conf  1.0000
   2.7650473704   2.0760562899  -5.1232304981
   2.7803435078   2.0875409547  -5.0726920173
      
      
#  type   0  conf  1.0000
   2.7803435078   2.0875409547  -5.0726920173
   2.7788265780   2.0864020116  -4.7909796099
      
      
#  type   0  conf  1.0000
   2.7788265780   2.0864020116  -4.7909796099
   2.7633186141   2.0747583030  -4.7425345309
      
      
#  type   0  conf  1.0000
   2.7633186141   2.0747583030  -4.7425345309
   0.4382633752   0.3290574500  -2.1817331020
      
      
#  type   3  conf  0.0000
#  type   0  conf  1.0000
   0.4294173243   0.3224156470  -2.1724491629
  -0.0882967760  -0.0662950946  -1.6237824515
      
      
#  type   0  conf  1.0000
  -0.0882967760  -0.0662950946  -1.6237824515
  -0.1619472906  -0.1215934653  -1.6186012499
      
      
#  type   0  conf  1.0000
  -0.1619472906  -0.1215934653  -1.6186012499
  -0.1977156691  -0.1484491234  -1.6331824341
      
      
#  type   0  conf  1.0000
  -0.1977156691  -0.1484491234  -1.6331824341
  -0.7299717617  -0.5480783019  -2.1826879759
      
      
#  type   0  conf  1.0000
  -0.7299717617  -0.5480783019  -2.1826879759
  -0.7887078472  -0.5921786023  -2.2451135404
      
      
#  type   0  conf  1.0000
  -0.7887078472  -0.5921786023  -2.2451135404
  -3.1139184401  -2.3379960984  -4.7856379899
      
      
#  type   0  conf  1.0000
  -3.1139184401  -2.3379960984  -4.7856379899
  -3.1151625223  -2.3389301817  -5.1063405739
      
      
#  type   0  conf  1.0000
  -3.1151625223  -2.3389301817  -5.1063405739
  -2.4362234664  -1.8291683192  -5.7708347328
      
      
#  type   0  conf  1.0000
  -2.4362234664  -1.8291683192  -5.7708347328
  -2.4120683966  -1.8110321798  -5.7913325987
      
      
#  type   0  conf  1.0000
  -2.4120683966  -1.8110321798  -5.7913325987
  -2.0322254010  -1.5258379915  -6.0737936331
      
      
#  60  norm     0.5877852523   -0.8090169944    0.0000000000
# nedges  15 
#  type   0  conf  1.0000
   1.7398236586   1.2640558792  -6.0646689886
   2.1077153485   1.5313448376  -5.8202573283
      
      
#  type   0  conf  1.0000
   2.1077153485   1.5313448376  -5.8202573283
   2.8021655547   2.0358924460  -5.1262093774
      
      
#  type   0  conf  1.0000
   2.8021655547   2.0358924460  -5.1262093774
   2.8134978906   2.0441258700  -5.0673506744
      
      
#  type   0  conf  1.0000
   2.8134978906   2.0441258700  -5.0673506744
   2.8101772533   2.0417132857  -4.7539266551
      
      
#  type   0  conf  1.0000
   2.8101772533   2.0417132857  -4.7539266551
   0.4707461559   0.3420171021  -2.2146870803
      
      
#  type   0  conf  1.0000
   0.4707461559   0.3420171021  -2.2146870803
   0.3981294779   0.2892579973  -2.1370795505
      
      
#  type   0  conf  1.0000
   0.3981294779   0.2892579973  -2.1370795505
  -0.0931763208  -0.0676965597  -1.6201039501
      
      
#  type   4  conf  0.0000
#  type   0  conf  1.0000
  -0.1875076618  -0.1362322906  -1.6200118153
  -0.7063059696  -0.5131613247  -2.1528356600
      
      
#  type   0  conf  1.0000
  -0.7063059696  -0.5131613247  -2.1528356600
  -0.7855970640  -0.5707696769  -2.2351428357
      
      
#  type   0  conf  1.0000
  -0.7855970640  -0.5707696769  -2.2351428357
  -3.1424039935  -2.2830901415  -4.7733799431
      
      
#  type   0  conf  1.0000
  -3.1424039935  -2.2830901415  -4.7733799431
  -3.1502720535  -2.2888066216  -4.8353720848
      
      
#  type   0  conf  1.0000
  -3.1502720535  -2.2888066216  -4.8353720848
  -3.1519482108  -2.2900244212  -5.1094132004
      
      
#  type   0  conf  1.0000
  -3.1519482108  -2.2900244212  -5.1094132004
  -2.4421419258  -1.7743199685  -5.7805071556
      
      
#  type   0  conf  1.0000
  -2.4421419258  -1.7743199685  -5.7805071556
  -2.0566838173  -1.4942682599  -6.0730438851
      
      
#  61  norm     0.5750052520   -0.8181497174    0.0000000000
# nedges  14 
#  type   0  conf  1.0000
   1.7597771858   1.2367921210  -6.0650021619
   2.1200420591   1.4899905147  -5.8205278065
      
      
#  type   0  conf  1.0000
   2.1200420591   1.4899905147  -5.8205278065
   2.8324037295   1.9906466820  -5.1329526413
      
      
#  type   0  conf  1.0000
   2.8324037295   1.9906466820  -5.1329526413
   2.8454643681   1.9998258525  -5.0816517294
      
      
#  type   0  conf  1.0000
   2.8454643681   1.9998258525  -5.0816517294
   2.8436098691   1.9985224888  -4.8354506710
      
      
#  type   0  conf  1.0000
   2.8436098691   1.9985224888  -4.8354506710
   2.8362964082   1.9933825024  -4.7424171560
      
      
#  type   0  conf  1.0000
   2.8362964082   1.9933825024  -4.7424171560
  -0.0420082402  -0.0295238857  -1.6666465298
      
      
#  type   0  conf  1.0000
  -0.0420082402  -0.0295238857  -1.6666465298
  -0.1051449837  -0.0738971322  -1.6216867818
      
      
#  type   0  conf  1.0000
  -0.1051449837  -0.0738971322  -1.6216867818
  -0.1483108873  -0.1042346374  -1.6171635729
      
      
#  type   0  conf  1.0000
  -0.1483108873  -0.1042346374  -1.6171635729
  -0.1959499507  -0.1377159319  -1.6263489104
      
      
#  type   0  conf  1.0000
  -0.1959499507  -0.1377159319  -1.6263489104
  -0.7612901163  -0.5350436550  -2.2045851628
      
      
#  type   0  conf  1.0000
  -0.7612901163  -0.5350436550  -2.2045851628
  -3.1842444850  -2.2379245066  -4.7763095825
      
      
#  type   0  conf  1.0000
  -3.1842444850  -2.2379245066  -4.7763095825
  -3.1881962324  -2.2407018412  -5.1110433506
      
      
#  type   0  conf  1.0000
  -3.1881962324  -2.2407018412  -5.1110433506
  -2.4599485276  -1.7288807819  -5.7771216253
      
      
#  type   0  conf  1.0000
  -2.4599485276  -1.7288807819  -5.7771216253
  -2.0790777461  -1.4612003133  -6.0733271146
      
      
#  62  norm     0.5620833779   -0.8270805743    0.0000000000
# nedges  13 
#  type   0  conf  1.0000
   1.7787057623   1.2088071878  -6.0655489841
   2.1333553375   1.4498267902  -5.8200955374
      
      
#  type   0  conf  1.0000
   2.1333553375   1.4498267902  -5.8200955374
   2.8676780062   1.9488719606  -5.1334829337
      
      
#  type   0  conf  1.0000
   2.8676780062   1.9488719606  -5.1334829337
   2.8775540263   1.9555836969  -5.0807657616
      
      
#  type   0  conf  1.0000
   2.8775540263   1.9555836969  -5.0807657616
   2.8741210140   1.9532506241  -4.7468612687
      
      
#  type   0  conf  1.0000
   2.8741210140   1.9532506241  -4.7468612687
  -0.0639498738  -0.0434602893  -1.6466413439
      
      
#  type   0  conf  1.0000
  -0.0639498738  -0.0434602893  -1.6466413439
  -0.1063288600  -0.0722610186  -1.6220212490
      
      
#  type   0  conf  1.0000
  -0.1063288600  -0.0722610186  -1.6220212490
  -0.1570526607  -0.1067328780  -1.6185829915
      
      
#  type   0  conf  1.0000
  -0.1570526607  -0.1067328780  -1.6185829915
  -0.1991871905  -0.1353674749  -1.6275848091
      
      
#  type   0  conf  1.0000
  -0.1991871905  -0.1353674749  -1.6275848091
  -0.7737690636  -0.5258529126  -2.2129476362
      
      
#  type   0  conf  1.0000
  -0.7737690636  -0.5258529126  -2.2129476362
  -3.2188468043  -2.1875260293  -4.7745466171
      
      
#  type   0  conf  1.0000
  -3.2188468043  -2.1875260293  -4.7745466171
  -3.2228989768  -2.1902798829  -5.1131014941
      
      
#  type   0  conf  1.0000
  -3.2228989768  -2.1902798829  -5.1131014941
  -2.4643153931  -1.6747470118  -5.7843247626
      
      
#  type   0  conf  1.0000
  -2.4643153931  -1.6747470118  -5.7843247626
  -2.1005395720  -1.4275252190  -6.0731364581
      
      
#  63  norm     0.5490228180   -0.8358073614    0.0000000000
# nedges  15 
#  type   0  conf  1.0000
   1.8004774003   1.1826925937  -6.0634864385
   2.1327608558   1.4009620270  -5.8284028148
      
      
#  type   0  conf  1.0000
   2.1327608558   1.4009620270  -5.8284028148
   2.1619668444   1.4201467757  -5.8043284054
      
      
#  type   0  conf  1.0000
   2.1619668444   1.4201467757  -5.8043284054
   2.8925714372   1.9000642912  -5.1402865939
      
      
#  type   0  conf  1.0000
   2.8925714372   1.9000642912  -5.1402865939
   2.9079894477   1.9101920311  -5.1018237343
      
      
#  type   0  conf  1.0000
   2.9079894477   1.9101920311  -5.1018237343
   2.9069106366   1.9094833848  -4.9386647713
      
      
#  type   0  conf  1.0000
   2.9069106366   1.9094833848  -4.9386647713
   2.9013244833   1.9058139679  -4.7417279931
      
      
#  type   0  conf  1.0000
   2.9013244833   1.9058139679  -4.7417279931
  -0.0875081701  -0.0574821237  -1.6248372925
      
      
#  type   0  conf  1.0000
  -0.0875081701  -0.0574821237  -1.6248372925
  -0.1523743205  -0.1000912204  -1.6195577911
      
      
#  type   0  conf  1.0000
  -0.1523743205  -0.1000912204  -1.6195577911
  -0.2072778329  -0.1361560871  -1.6262262944
      
      
#  type   0  conf  1.0000
  -0.2072778329  -0.1361560871  -1.6262262944
  -3.2530715672  -2.1368686153  -4.7715357358
      
      
#  type   0  conf  1.0000
  -3.2530715672  -2.1368686153  -4.7715357358
  -3.2559585809  -2.1387650289  -5.0734816846
      
      
#  type   0  conf  1.0000
  -3.2559585809  -2.1387650289  -5.0734816846
  -3.2487556157  -2.1340335651  -5.1221679355
      
      
#  type   0  conf  1.0000
  -3.2487556157  -2.1340335651  -5.1221679355
  -2.4682592872  -1.6213433047  -5.7890361488
      
      
#  type   3  conf  0.0000
#  type   3  conf  0.0000
#  64  norm     0.5358267950   -0.8443279255    0.0000000000
# nedges  12 
#  type   0  conf  1.0000
   1.8171649585   1.1532079495  -6.0645911525
   2.1463016862   1.3620844684  -5.8251429506
      
      
#  type   0  conf  1.0000
   2.1463016862   1.3620844684  -5.8251429506
   2.2088445971   1.4017754066  -5.7714978369
      
      
#  type   0  conf  1.0000
   2.2088445971   1.4017754066  -5.7714978369
   2.9221943826   1.8544809464  -5.1429707184
      
      
#  type   0  conf  1.0000
   2.9221943826   1.8544809464  -5.1429707184
   2.9381742987   1.8646221095  -5.1018275656
      
      
#  type   0  conf  1.0000
   2.9381742987   1.8646221095  -5.1018275656
   2.9354322729   1.8628819670  -4.7607836398
      
      
#  type   0  conf  1.0000
   2.9354322729   1.8628819670  -4.7607836398
   2.9097719797   1.8465974498  -4.7179733252
      
      
#  type   0  conf  1.0000
   2.9097719797   1.8465974498  -4.7179733252
  -0.0823574899  -0.0522656524  -1.6313789849
      
      
#  type   4  conf  0.0000
#  type   0  conf  1.0000
  -0.1965796613  -0.1247532466  -1.6171169279
  -3.2743973784  -2.0779957641  -4.7590411528
      
      
#  type   0  conf  1.0000
  -3.2743973784  -2.0779957641  -4.7590411528
  -3.2864853871  -2.0856670477  -4.8063803404
      
      
#  type   0  conf  1.0000
  -3.2864853871  -2.0856670477  -4.8063803404
  -3.2884971195  -2.0869437319  -5.1188281792
      
      
#  type   0  conf  1.0000
  -3.2884971195  -2.0869437319  -5.1188281792
  -2.1419310526  -1.3593107800  -6.0739129730
      
      
#  65  norm     0.5224985647   -0.8526401644    0.0000000000
# nedges  10 
#  type   0  conf  1.0000
   1.8347242759   1.1243204823  -6.0635810631
   2.1600632764   1.3236884782  -5.8205419124
      
      
#  type   0  conf  1.0000
   2.1600632764   1.3236884782  -5.8205419124
   2.9671438097   1.8182680651  -5.1322152890
      
      
#  type   0  conf  1.0000
   2.9671438097   1.8182680651  -5.1322152890
   2.9656655988   1.8173622163  -4.7609529091
      
      
#  type   0  conf  1.0000
   2.9656655988   1.8173622163  -4.7609529091
   2.9389060814   1.8009639629  -4.7172359875
      
      
#  type   0  conf  1.0000
   2.9389060814   1.8009639629  -4.7172359875
  -0.0887634264  -0.0543942976  -1.6242633001
      
      
#  type   4  conf  0.0000
#  type   0  conf  1.0000
  -0.1976544633  -0.1211228109  -1.6177990387
  -3.3059842709  -2.0259097668  -4.7590461724
      
      
#  type   0  conf  1.0000
  -3.3059842709  -2.0259097668  -4.7590461724
  -3.3172424836  -2.0328088084  -4.8059222436
      
      
#  type   0  conf  1.0000
  -3.3172424836  -2.0328088084  -4.8059222436
  -3.3197993354  -2.0343756492  -5.1197384789
      
      
#  type   0  conf  1.0000
  -3.3197993354  -2.0343756492  -5.1197384789
  -2.1632596928  -1.3256472447  -6.0774234138
      
      
#  66  norm     0.5090414158   -0.8607420270    0.0000000000
# nedges  11 
#  type   0  conf  1.0000
   1.8528613471   1.0957791460  -6.0631462908
   2.1722647841   1.2846738121  -5.8155390934
      
      
#  type   0  conf  1.0000
   2.1722647841   1.2846738121  -5.8155390934
   2.9959986861   1.7718286838  -5.1337735388
      
      
#  type   0  conf  1.0000
   2.9959986861   1.7718286838  -5.1337735388
   2.9946702739   1.7710430630  -4.7459333940
      
      
#  type   0  conf  1.0000
   2.9946702739   1.7710430630  -4.7459333940
  -0.0886507643  -0.0524279159  -1.6209881253
      
      
#  type   4  conf  0.0000
#  type   0  conf  1.0000
  -0.1817210644  -0.1074695379  -1.6192820997
  -0.2295110369  -0.1357324489  -1.6469607215
      
      
#  type   0  conf  1.0000
  -0.2295110369  -0.1357324489  -1.6469607215
  -3.3476328992  -1.9797845777  -4.7713484792
      
      
#  type   0  conf  1.0000
  -3.3476328992  -1.9797845777  -4.7713484792
  -3.3502849013  -1.9813529673  -5.1175205403
      
      
#  type   0  conf  1.0000
  -3.3502849013  -1.9813529673  -5.1175205403
  -2.5149223111  -1.4873209087  -5.8206799020
      
      
#  type   3  conf  0.0000
#  type   3  conf  0.0000
#  67  norm     0.4954586684   -0.8686315144    0.0000000000
# nedges  11 
#  type   0  conf  1.0000
   1.8684317197   1.0657346372  -6.0660464965
   3.0249404709   1.7253955825  -5.1349226230
      
      
#  type   0  conf  1.0000
   3.0249404709   1.7253955825  -5.1349226230
   3.0218244676   1.7236182456  -4.7486423663
      
      
#  type   0  conf  1.0000
   3.0218244676   1.7236182456  -4.7486423663
   0.4861184923   0.2772770927  -2.1923238064
      
      
#  type   0  conf  1.0000
   0.4861184923   0.2772770927  -2.1923238064
  -0.0933193516  -0.0532284184  -1.6245648835
      
      
#  type   0  conf  1.0000
  -0.0933193516  -0.0532284184  -1.6245648835
  -0.1503285611  -0.0857458974  -1.6175146701
      
      
#  type   0  conf  1.0000
  -0.1503285611  -0.0857458974  -1.6175146701
  -0.2160534032  -0.1232346855  -1.6314646974
      
      
#  type   0  conf  1.0000
  -0.2160534032  -0.1232346855  -1.6314646974
  -3.3540700323  -1.9131277698  -4.7485681113
      
      
#  type   0  conf  1.0000
  -3.3540700323  -1.9131277698  -4.7485681113
  -3.3768571879  -1.9261253339  -4.7906911183
      
      
#  type   0  conf  1.0000
  -3.3768571879  -1.9261253339  -4.7906911183
  -3.3798351885  -1.9278239555  -5.1165107310
      
      
#  type   0  conf  1.0000
  -3.3798351885  -1.9278239555  -5.1165107310
  -2.5604851635  -1.4604749523  -5.8135897613
      
      
#  type   0  conf  1.0000
  -2.5604851635  -1.4604749523  -5.8135897613
  -2.2012858168  -1.2555912623  -6.0745463777
      
      
#  68  norm     0.4817536741   -0.8763066800   -0.0000000000
# nedges  13 
#  type   0  conf  1.0000
   1.8849043452   1.0362349327  -6.0678089173
   3.0336743121   1.6677765663  -5.1491421402
      
      
#  type   0  conf  1.0000
   3.0336743121   1.6677765663  -5.1491421402
   3.0522184174   1.6779712745  -5.1025752882
      
      
#  type   0  conf  1.0000
   3.0522184174   1.6779712745  -5.1025752882
   3.0480899212   1.6757016145  -4.7501930620
      
      
#  type   0  conf  1.0000
   3.0480899212   1.6757016145  -4.7501930620
   0.5090707877   0.2798640338  -2.2070255950
      
      
#  type   0  conf  1.0000
   0.5090707877   0.2798640338  -2.2070255950
   0.4830963523   0.2655844671  -2.1812436834
      
      
#  type   0  conf  1.0000
   0.4830963523   0.2655844671  -2.1812436834
  -0.1000345112  -0.0549944379  -1.6196865665
      
      
#  type   0  conf  1.0000
  -0.1000345112  -0.0549944379  -1.6196865665
  -0.1404287105  -0.0772013369  -1.6190856337
      
      
#  type   4  conf  0.0000
#  type   0  conf  1.0000
  -0.2199066802  -0.1208947205  -1.6308848287
  -3.3765076085  -1.8562507659  -4.7446775466
      
      
#  type   0  conf  1.0000
  -3.3765076085  -1.8562507659  -4.7446775466
  -3.4057506115  -1.8723272429  -4.7907701412
      
      
#  type   0  conf  1.0000
  -3.4057506115  -1.8723272429  -4.7907701412
  -3.4082119341  -1.8736803664  -5.1154282159
      
      
#  type   0  conf  1.0000
  -3.4082119341  -1.8736803664  -5.1154282159
  -2.5914399640  -1.4246561761  -5.8175026546
      
      
#  type   0  conf  1.0000
  -2.5914399640  -1.4246561761  -5.8175026546
  -2.2194391896  -1.2201470197  -6.0747418713
      
      
#  69  norm     0.4679298143   -0.8837656301    0.0000000000
# nedges  15 
#  type   0  conf  1.0000
   1.9001558244   1.0060807206  -6.0654346187
   2.2585398574   1.1958352984  -5.7976113952
      
      
#  type   0  conf  1.0000
   2.2585398574   1.1958352984  -5.7976113952
   3.0397652360   1.6094728442  -5.1623009020
      
      
#  type   0  conf  1.0000
   3.0397652360   1.6094728442  -5.1623009020
   3.0779893623   1.6297114773  -5.1175429533
      
      
#  type   0  conf  1.0000
   3.0779893623   1.6297114773  -5.1175429533
   3.0743273194   1.6277725254  -4.7528496049
      
      
#  type   0  conf  1.0000
   3.0743273194   1.6277725254  -4.7528496049
   0.5136080686   0.2719414740  -2.2029423516
      
      
#  type   0  conf  1.0000
   0.5136080686   0.2719414740  -2.2029423516
  -0.0968880977  -0.0512996071  -1.6217759340
      
      
#  type   4  conf  0.0000
#  type   0  conf  1.0000
  -0.2021857526  -0.1070518455  -1.6197642488
  -0.7595255352  -0.4021480701  -2.1519012008
      
      
#  type   0  conf  1.0000
  -0.7595255352  -0.4021480701  -2.1519012008
  -0.8362557503  -0.4427746278  -2.2259980064
      
      
#  type   0  conf  1.0000
  -0.8362557503  -0.4427746278  -2.2259980064
  -3.4148998594  -1.8080964031  -4.7608303142
      
      
#  type   0  conf  1.0000
  -3.4148998594  -1.8080964031  -4.7608303142
  -3.4341907957  -1.8183104281  -4.8202851559
      
      
#  type   0  conf  1.0000
  -3.4341907957  -1.8183104281  -4.8202851559
  -3.4348515587  -1.8186602841  -5.0726095809
      
      
#  type   0  conf  1.0000
  -3.4348515587  -1.8186602841  -5.0726095809
  -3.4269557433  -1.8144796650  -5.1208536929
      
      
#  type   0  conf  1.0000
  -3.4269557433  -1.8144796650  -5.1208536929
  -2.6254228477  -1.3900898425  -5.8178019906
      
      
#  type   0  conf  1.0000
  -2.6254228477  -1.3900898425  -5.8178019906
  -2.2361976768  -1.1840057227  -6.0748944417
      
      
#  70  norm     0.4539904997   -0.8910065242    0.0000000000
# nedges  16 
#  type   0  conf  1.0000
   1.9154562093   0.9759736860  -6.0675901913
   2.2732136511   1.1582602074  -5.8116856891
      
      
#  type   0  conf  1.0000
   2.2732136511   1.1582602074  -5.8116856891
   2.3260865579   1.1852002990  -5.7701564352
      
      
#  type   0  conf  1.0000
   2.3260865579   1.1852002990  -5.7701564352
   3.0808338347   1.5697632445  -5.1470579740
      
      
#  type   0  conf  1.0000
   3.0808338347   1.5697632445  -5.1470579740
   3.1038209398   1.5814757595  -5.1024219615
      
      
#  type   0  conf  1.0000
   3.1038209398   1.5814757595  -5.1024219615
   3.1005326020   1.5798002677  -4.7565446772
      
      
#  type   0  conf  1.0000
   3.1005326020   1.5798002677  -4.7565446772
   0.5123441855   0.2610524014  -2.1937051524
      
      
#  type   0  conf  1.0000
   0.5123441855   0.2610524014  -2.1937051524
  -0.0979490094  -0.0499075130  -1.6218726362
      
      
#  type   0  conf  1.0000
  -0.0979490094  -0.0499075130  -1.6218726362
  -0.1971423456  -0.1004490422  -1.6169599182
      
      
#  type   0  conf  1.0000
  -0.1971423456  -0.1004490422  -1.6169599182
  -0.7474345717  -0.3808369361  -2.1310845866
      
      
#  type   0  conf  1.0000
  -0.7474345717  -0.3808369361  -2.1310845866
  -0.9453546867  -0.4816822717  -2.3222715122
      
      
#  type   0  conf  1.0000
  -0.9453546867  -0.4816822717  -2.3222715122
  -3.4507003918  -1.7582196682  -4.7733014817
      
      
#  type   0  conf  1.0000
  -3.4507003918  -1.7582196682  -4.7733014817
  -3.4621473985  -1.7640522094  -4.8502899322
      
      
#  type   0  conf  1.0000
  -3.4621473985  -1.7640522094  -4.8502899322
  -3.4627801682  -1.7643746217  -5.1095362766
      
      
#  type   0  conf  1.0000
  -3.4627801682  -1.7643746217  -5.1095362766
  -2.6624206460  -1.3565710764  -5.8139843976
      
      
#  type   0  conf  1.0000
  -2.6624206460  -1.3565710764  -5.8139843976
  -2.6475805846  -1.3490096875  -5.8236355633
      
      
#  type   0  conf  1.0000
  -2.6475805846  -1.3490096875  -5.8236355633
  -2.2463821052  -1.1445888519  -6.0804417595
      
      
#  71  norm     0.4399391699   -0.8980275758    0.0000000000
# nedges  17 
#  type   0  conf  1.0000
   1.9307887548   0.9458836509  -6.0685253777
   2.3048226747   1.1291209775  -5.8120599700
      
      
#  type   0  conf  1.0000
   2.3048226747   1.1291209775  -5.8120599700
   2.3402436585   1.1464735384  -5.7850392469
      
      
#  type   0  conf  1.0000
   2.3402436585   1.1464735384  -5.7850392469
   3.1033008280   1.5202913885  -5.1466709669
      
      
#  type   0  conf  1.0000
   3.1033008280   1.5202913885  -5.1466709669
   3.1285609322   1.5326661859  -5.1023543382
      
      
#  type   0  conf  1.0000
   3.1285609322   1.5326661859  -5.1023543382
   3.1255459756   1.5311891739  -4.7907846597
      
      
#  type   0  conf  1.0000
   3.1255459756   1.5311891739  -4.7907846597
   3.1080297494   1.5226080632  -4.7443530371
      
      
#  type   0  conf  1.0000
   3.1080297494   1.5226080632  -4.7443530371
   0.5203665644   0.2549249495  -2.1943801176
      
      
#  type   0  conf  1.0000
   0.5203665644   0.2549249495  -2.1943801176
  -0.0992058346  -0.0486004369  -1.6211334093
      
      
#  type   0  conf  1.0000
  -0.0992058346  -0.0486004369  -1.6211334093
  -0.2028594431  -0.0993798157  -1.6195741487
      
      
#  type   0  conf  1.0000
  -0.2028594431  -0.0993798157  -1.6195741487
  -0.5703990226  -0.2794355978  -1.9601467350
      
      
#  type   0  conf  1.0000
  -0.5703990226  -0.2794355978  -1.9601467350
  -0.8463203870  -0.4146080795  -2.2169076952
      
      
#  type   0  conf  1.0000
  -0.8463203870  -0.4146080795  -2.2169076952
  -3.4676085490  -1.6987638995  -4.7689733822
      
      
#  type   0  conf  1.0000
  -3.4676085490  -1.6987638995  -4.7689733822
  -3.4881446887  -1.7088244505  -4.8354951156
      
      
#  type   0  conf  1.0000
  -3.4881446887  -1.7088244505  -4.8354951156
  -3.4888874338  -1.7091883176  -5.1052903518
      
      
#  type   0  conf  1.0000
  -3.4888874338  -1.7091883176  -5.1052903518
  -2.6955676230  -1.3205449525  -5.8128783790
      
      
#  type   0  conf  1.0000
  -2.6955676230  -1.3205449525  -5.8128783790
  -2.6817899285  -1.3137953296  -5.8221538149
      
      
#  type   0  conf  1.0000
  -2.6817899285  -1.3137953296  -5.8221538149
  -2.2610741972  -1.1076888195  -6.0805705644
      
      
#  72  norm     0.4257792916   -0.9048270525    0.0000000000
# nedges  19 
#  type   0  conf  1.0000
   1.9536462510   0.9193161438  -6.0639897542
   2.3358480928   1.0991666788  -5.8122677419
      
      
#  type   0  conf  1.0000
   2.3358480928   1.0991666788  -5.8122677419
   2.4033657525   1.1309380778  -5.7583163814
      
      
#  type   0  conf  1.0000
   2.4033657525   1.1309380778  -5.7583163814
   3.1365152017   1.4759320214  -5.1346500897
      
      
#  type   0  conf  1.0000
   3.1365152017   1.4759320214  -5.1346500897
   3.1523907344   1.4834024800  -5.0875689360
      
      
#  type   0  conf  1.0000
   3.1523907344   1.4834024800  -5.0875689360
   3.1505621829   1.4825420290  -4.8055683516
      
      
#  type   0  conf  1.0000
   3.1505621829   1.4825420290  -4.8055683516
   3.1274093601   1.4716471376  -4.7452136756
      
      
#  type   0  conf  1.0000
   3.1274093601   1.4716471376  -4.7452136756
   0.5659059330   0.2662951186  -2.2308675232
      
      
#  type   0  conf  1.0000
   0.5659059330   0.2662951186  -2.2308675232
   0.5147585218   0.2422269738  -2.1819832329
      
      
#  type   0  conf  1.0000
   0.5147585218   0.2422269738  -2.1819832329
  -0.0972521287  -0.0457633780  -1.6221940784
      
      
#  type   4  conf  0.0000
#  type   0  conf  1.0000
  -0.2037479853  -0.0958765243  -1.6187240236
  -0.7590274740  -0.3571712177  -2.1281758386
      
      
#  type   0  conf  1.0000
  -0.7590274740  -0.3571712177  -2.1281758386
  -0.8803442462  -0.4142585574  -2.2409904698
      
      
#  type   0  conf  1.0000
  -0.8803442462  -0.4142585574  -2.2409904698
  -3.4924228606  -1.6434094531  -4.7742061905
      
      
#  type   0  conf  1.0000
  -3.4924228606  -1.6434094531  -4.7742061905
  -3.5133831949  -1.6532726377  -4.8503572251
      
      
#  type   0  conf  1.0000
  -3.5133831949  -1.6532726377  -4.8503572251
  -3.5149089085  -1.6539905840  -5.0580810366
      
      
#  type   0  conf  1.0000
  -3.5149089085  -1.6539905840  -5.0580810366
  -3.4937352160  -1.6440270007  -5.1172104660
      
      
#  type   0  conf  1.0000
  -3.4937352160  -1.6440270007  -5.1172104660
  -2.7586493147  -1.2981218319  -5.7842045355
      
      
#  type   0  conf  1.0000
  -2.7586493147  -1.2981218319  -5.7842045355
  -2.7157729945  -1.2779457671  -5.8210628749
      
      
#  type   0  conf  1.0000
  -2.7157729945  -1.2779457671  -5.8210628749
  -2.2791962994  -1.0725083684  -6.0760220260
      
      
#  73  norm     0.4115143586   -0.9114032766    0.0000000000
# nedges  18 
#  type   0  conf  1.0000
   1.9652894537   0.8873622136  -6.0660401820
   2.3800848381   1.0746495110  -5.8031338529
      
      
#  type   0  conf  1.0000
   2.3800848381   1.0746495110  -5.8031338529
   3.1614849988   1.4274652120  -5.1304193199
      
      
#  type   0  conf  1.0000
   3.1614849988   1.4274652120  -5.1304193199
   3.1767103155   1.4343397061  -5.0680315147
      
      
#  type   0  conf  1.0000
   3.1767103155   1.4343397061  -5.0680315147
   3.1743832351   1.4332889890  -4.8053240625
      
      
#  type   0  conf  1.0000
   3.1743832351   1.4332889890  -4.8053240625
   3.1444860410   1.4197898883  -4.7453840007
      
      
#  type   0  conf  1.0000
   3.1444860410   1.4197898883  -4.7453840007
   0.6029443504   0.2722398130  -2.2594183947
      
      
#  type   0  conf  1.0000
   0.6029443504   0.2722398130  -2.2594183947
   0.5375832028   0.2427281233  -2.1959640032
      
      
#  type   0  conf  1.0000
   0.5375832028   0.2427281233  -2.1959640032
  -0.1001012060  -0.0451974276  -1.6197775346
      
      
#  type   4  conf  0.0000
#  type   0  conf  1.0000
  -0.2079408627  -0.0938888996  -1.6209344426
  -0.8087574691  -0.3651679994  -2.1664948583
      
      
#  type   0  conf  1.0000
  -0.8087574691  -0.3651679994  -2.1664948583
  -0.8936139690  -0.4034821782  -2.2454877103
      
      
#  type   0  conf  1.0000
  -0.8936139690  -0.4034821782  -2.2454877103
  -3.5106280895  -1.5851093622  -4.7746296627
      
      
#  type   0  conf  1.0000
  -3.5106280895  -1.5851093622  -4.7746296627
  -3.5380951082  -1.5975111967  -4.8506868465
      
      
#  type   0  conf  1.0000
  -3.5380951082  -1.5975111967  -4.8506868465
  -3.5395116830  -1.5981508047  -5.0584705258
      
      
#  type   0  conf  1.0000
  -3.5395116830  -1.5981508047  -5.0584705258
  -3.5140584599  -1.5866582338  -5.1154757578
      
      
#  type   0  conf  1.0000
  -3.5140584599  -1.5866582338  -5.1154757578
  -2.7706696249  -1.2510053045  -5.7998687763
      
      
#  type   0  conf  1.0000
  -2.7706696249  -1.2510053045  -5.7998687763
  -2.7443658473  -1.2391286935  -5.8210495289
      
      
#  type   0  conf  1.0000
  -2.7443658473  -1.2391286935  -5.8210495289
  -2.2863268490  -1.0323161557  -6.0808066055
      
      
#  74  norm     0.3971478906   -0.9177546257    0.0000000000
# nedges  18 
#  type   0  conf  1.0000
   1.9788769926   0.8563365429  -6.0667866263
   2.4101073206   1.0429465696  -5.8023434100
      
      
#  type   0  conf  1.0000
   2.4101073206   1.0429465696  -5.8023434100
   3.1828070419   1.3773235979  -5.1260028792
      
      
#  type   0  conf  1.0000
   3.1828070419   1.3773235979  -5.1260028792
   3.1992729907   1.3844490502  -5.0646936398
      
      
#  type   0  conf  1.0000
   3.1992729907   1.3844490502  -5.0646936398
   3.1980668187   1.3839270929  -4.8199947030
      
      
#  type   0  conf  1.0000
   3.1980668187   1.3839270929  -4.8199947030
   3.1772475037   1.3749177708  -4.7620485987
      
      
#  type   0  conf  1.0000
   3.1772475037   1.3749177708  -4.7620485987
   0.5914153444   0.2559282731  -2.2403418903
      
      
#  type   0  conf  1.0000
   0.5914153444   0.2559282731  -2.2403418903
   0.5289580449   0.2289005861  -2.1818193186
      
      
#  type   0  conf  1.0000
   0.5289580449   0.2289005861  -2.1818193186
  -0.0983835736  -0.0425743740  -1.6211913561
      
      
#  type   0  conf  1.0000
  -0.0983835736  -0.0425743740  -1.6211913561
  -0.2036258865  -0.0881167896  -1.6178932602
      
      
#  type   0  conf  1.0000
  -0.2036258865  -0.0881167896  -1.6178932602
  -0.7513519134  -0.3251390069  -2.1076889963
      
      
#  type   0  conf  1.0000
  -0.7513519134  -0.3251390069  -2.1076889963
  -0.8967059192  -0.3880393020  -2.2405914552
      
      
#  type   0  conf  1.0000
  -0.8967059192  -0.3880393020  -2.2405914552
  -3.5276923630  -1.5265688034  -4.7753249422
      
      
#  type   0  conf  1.0000
  -3.5276923630  -1.5265688034  -4.7753249422
  -3.5619511353  -1.5413938980  -4.8506935383
      
      
#  type   0  conf  1.0000
  -3.5619511353  -1.5413938980  -4.8506935383
  -3.5637621523  -1.5421775951  -5.0583754165
      
      
#  type   0  conf  1.0000
  -3.5637621523  -1.5421775951  -5.0583754165
  -3.5420107693  -1.5327649311  -5.1044486756
      
      
#  type   0  conf  1.0000
  -3.5420107693  -1.5327649311  -5.1044486756
  -2.9095908875  -1.2590924101  -5.6957925727
      
      
#  type   0  conf  1.0000
  -2.9095908875  -1.2590924101  -5.6957925727
  -2.7770889480  -1.2017537007  -5.8183560096
      
      
#  type   0  conf  1.0000
  -2.7770889480  -1.2017537007  -5.8183560096
  -2.2962807933  -0.9936894327  -6.0812619732
      
      
#  75  norm     0.3826834324   -0.9238795325    0.0000000000
# nedges  16 
#  type   0  conf  1.0000
   1.9921271246   0.8251660730  -6.0661853247
   2.4373791168   1.0095954868  -5.8035261188
      
      
#  type   0  conf  1.0000
   2.4373791168   1.0095954868  -5.8035261188
   3.1990383132   1.3250850559  -5.1250105026
      
      
#  type   0  conf  1.0000
   3.1990383132   1.3250850559  -5.1250105026
   3.2219663783   1.3345821714  -5.0635204414
      
      
#  type   0  conf  1.0000
   3.2219663783   1.3345821714  -5.0635204414
   3.2195352409   1.3335751613  -4.7891403862
      
      
#  type   0  conf  1.0000
   3.2195352409   1.3335751613  -4.7891403862
   0.6795786711   0.2814907023  -2.3184134106
      
      
#  type   0  conf  1.0000
   0.6795786711   0.2814907023  -2.3184134106
   0.5565170856   0.2305169245  -2.2000689543
      
      
#  type   0  conf  1.0000
   0.5565170856   0.2305169245  -2.2000689543
  -0.1013665022  -0.0419873800  -1.6183576846
      
      
#  type   4  conf  0.0000
#  type   0  conf  1.0000
  -0.2132945402  -0.0883494913  -1.6233278273
  -0.8510015189  -0.3524963707  -2.1912547315
      
      
#  type   0  conf  1.0000
  -0.8510015189  -0.3524963707  -2.1912547315
  -0.9330875444  -0.3864975158  -2.2679629621
      
      
#  type   0  conf  1.0000
  -0.9330875444  -0.3864975158  -2.2679629621
  -3.5492308580  -1.4701395574  -4.7821150221
      
      
#  type   0  conf  1.0000
  -3.5492308580  -1.4701395574  -4.7821150221
  -3.5856143497  -1.4852100931  -4.8506039460
      
      
#  type   0  conf  1.0000
  -3.5856143497  -1.4852100931  -4.8506039460
  -3.5864740518  -1.4855661933  -5.0766263503
      
      
#  type   0  conf  1.0000
  -3.5864740518  -1.4855661933  -5.0766263503
  -2.8101609051  -1.1640067593  -5.8142444377
      
      
#  type   0  conf  1.0000
  -2.8101609051  -1.1640067593  -5.8142444377
  -2.7818008254  -1.1522596297  -5.8303735215
      
      
#  type   0  conf  1.0000
  -2.7818008254  -1.1522596297  -5.8303735215
  -2.3062102838  -0.9552635772  -6.0811975632
      
      
#  76  norm     0.3681245527   -0.9297764859    0.0000000000
# nedges  17 
#  type   0  conf  1.0000
   2.0050271849   0.7938464209  -6.0655125389
   2.4636372617   0.9754229954  -5.8044847305
      
      
#  type   0  conf  1.0000
   2.4636372617   0.9754229954  -5.8044847305
   3.2151176770   1.2729551399  -5.1225256981
      
      
#  type   0  conf  1.0000
   3.2151176770   1.2729551399  -5.1225256981
   3.2433454791   1.2841313174  -5.0612582224
      
      
#  type   0  conf  1.0000
   3.2433454791   1.2841313174  -5.0612582224
   3.2411850203   1.2832759312  -4.8202406993
      
      
#  type   0  conf  1.0000
   3.2411850203   1.2832759312  -4.8202406993
   3.2214649180   1.2754681904  -4.7743540431
      
      
#  type   0  conf  1.0000
   3.2214649180   1.2754681904  -4.7743540431
   0.7751866362   0.3069181013  -2.4032753218
      
      
#  type   0  conf  1.0000
   0.7751866362   0.3069181013  -2.4032753218
   0.5601888034   0.2217944375  -2.1972165430
      
      
#  type   0  conf  1.0000
   0.5601888034   0.2217944375  -2.1972165430
  -0.1014611230  -0.0401713004  -1.6179962158
      
      
#  type   4  conf  0.0000
#  type   0  conf  1.0000
  -0.2144268442  -0.0848975935  -1.6233039592
  -0.8306145748  -0.3288635747  -2.1671668518
      
      
#  type   0  conf  1.0000
  -0.8306145748  -0.3288635747  -2.1671668518
  -0.9112920284  -0.3608060382  -2.2394759640
      
      
#  type   0  conf  1.0000
  -0.9112920284  -0.3608060382  -2.2394759640
  -3.5822083594  -1.4182966228  -4.8023710499
      
      
#  type   0  conf  1.0000
  -3.5822083594  -1.4182966228  -4.8023710499
  -3.6068951864  -1.4280708291  -4.8653983160
      
      
#  type   0  conf  1.0000
  -3.6068951864  -1.4280708291  -4.8653983160
  -3.6088595399  -1.4288485717  -5.0721832793
      
      
#  type   0  conf  1.0000
  -3.6088595399  -1.4288485717  -5.0721832793
  -2.8419480859  -1.1252068467  -5.8097079060
      
      
#  type   0  conf  1.0000
  -2.8419480859  -1.1252068467  -5.8097079060
  -2.8107530234  -1.1128558478  -5.8285905351
      
      
#  type   0  conf  1.0000
  -2.8107530234  -1.1128558478  -5.8285905351
  -2.3146390575  -0.9164304331  -6.0811469126
      
      
#  77  norm     0.3534748438   -0.9354440308    0.0000000000
# nedges  17 
#  type   0  conf  1.0000
   2.0175219371   0.7623580119  -6.0650952167
   2.4614833615   0.9301170546  -5.8203600984
      
      
#  type   0  conf  1.0000
   2.4614833615   0.9301170546  -5.8203600984
   2.5035235356   0.9460027126  -5.7933103294
      
      
#  type   0  conf  1.0000
   2.5035235356   0.9460027126  -5.7933103294
   3.2290163814   1.2201436145  -5.1184322816
      
      
#  type   0  conf  1.0000
   3.2290163814   1.2201436145  -5.1184322816
   3.2634892179   1.2331698140  -5.0574872109
      
      
#  type   0  conf  1.0000
   3.2634892179   1.2331698140  -5.0574872109
   3.2612756721   1.2323333847  -4.7903141044
      
      
#  type   0  conf  1.0000
   3.2612756721   1.2323333847  -4.7903141044
   0.6747287422   0.2549587457  -2.2989009688
      
      
#  type   0  conf  1.0000
   0.6747287422   0.2549587457  -2.2989009688
   0.5639541727   0.2131005239  -2.1944392616
      
      
#  type   0  conf  1.0000
   0.5639541727   0.2131005239  -2.1944392616
  -0.1009510300  -0.0381462155  -1.6181110541
      
      
#  type   4  conf  0.0000
#  type   0  conf  1.0000
  -0.2150631930  -0.0812656087  -1.6235116577
  -0.8753711122  -0.3307751794  -2.2001485669
      
      
#  type   0  conf  1.0000
  -0.8753711122  -0.3307751794  -2.2001485669
  -1.0274808909  -0.3882526751  -2.3427976310
      
      
#  type   0  conf  1.0000
  -1.0274808909  -0.3882526751  -2.3427976310
  -3.6081486700  -1.3634057682  -4.8153462539
      
      
#  type   0  conf  1.0000
  -3.6081486700  -1.3634057682  -4.8153462539
  -3.6284912496  -1.3710925885  -4.8655139231
      
      
#  type   0  conf  1.0000
  -3.6284912496  -1.3710925885  -4.8655139231
  -3.6274959784  -1.3707165068  -5.0801310977
      
      
#  type   0  conf  1.0000
  -3.6274959784  -1.3707165068  -5.0801310977
  -2.8595662675  -1.0805400498  -5.8152495205
      
      
#  type   0  conf  1.0000
  -2.8595662675  -1.0805400498  -5.8152495205
  -2.8296775919  -1.0692460605  -5.8306965491
      
      
#  type   0  conf  1.0000
  -2.8296775919  -1.0692460605  -5.8306965491
  -2.3234550234  -0.8779604919  -6.0812562717
      
      
#  78  norm     0.3387379202   -0.9408807690   -0.0000000000
# nedges  16 
#  type   0  conf  1.0000
   2.0294231764   0.7306373015  -6.0642731029
   2.5040604046   0.9015172183  -5.8102444546
      
      
#  type   0  conf  1.0000
   2.5040604046   0.9015172183  -5.8102444546
   2.5321998170   0.9116480302  -5.7892391633
      
      
#  type   0  conf  1.0000
   2.5321998170   0.9116480302  -5.7892391633
   3.2260791550   1.1614599634  -5.1306351794
      
      
#  type   0  conf  1.0000
   3.2260791550   1.1614599634  -5.1306351794
   3.2830938093   1.1819865020  -5.0569801569
      
      
#  type   0  conf  1.0000
   3.2830938093   1.1819865020  -5.0569801569
   3.2785386131   1.1803465305  -4.7800168761
      
      
#  type   0  conf  1.0000
   3.2785386131   1.1803465305  -4.7800168761
   0.5835620080   0.2100952506  -2.2061571433
      
      
#  type   0  conf  1.0000
   0.5835620080   0.2100952506  -2.2061571433
  -0.1014624740  -0.0365287384  -1.6179752856
      
      
#  type   4  conf  0.0000
#  type   0  conf  1.0000
  -0.2170462193  -0.0781414472  -1.6240592073
  -0.8938705159  -0.3218131877  -2.2111291586
      
      
#  type   0  conf  1.0000
  -0.8938705159  -0.3218131877  -2.2111291586
  -1.2148086067  -0.4373580102  -2.5148021646
      
      
#  type   0  conf  1.0000
  -1.2148086067  -0.4373580102  -2.5148021646
  -3.6486943305  -1.3136107888  -4.8384966192
      
      
#  type   0  conf  1.0000
  -3.6486943305  -1.3136107888  -4.8384966192
  -3.6479162593  -1.3133306660  -5.0590523837
      
      
#  type   0  conf  1.0000
  -3.6479162593  -1.3133306660  -5.0590523837
  -3.6287973689  -1.3064474419  -5.1067062437
      
      
#  type   0  conf  1.0000
  -3.6287973689  -1.3064474419  -5.1067062437
  -2.8815372685  -1.0374172516  -5.8161672950
      
      
#  type   0  conf  1.0000
  -2.8815372685  -1.0374172516  -5.8161672950
  -2.8567378606  -1.0284889154  -5.8292274086
      
      
#  type   0  conf  1.0000
  -2.8567378606  -1.0284889154  -5.8292274086
  -2.3281437870  -0.8381833389  -6.0815227246
      
      
#  79  norm     0.3239174182   -0.9460853588    0.0000000000
# nedges  17 
#  type   0  conf  1.0000
   2.0394759975   0.6982687063  -6.0635637484
   2.5433614152   0.8707872450  -5.8024897899
      
      
#  type   0  conf  1.0000
   2.5433614152   0.8707872450  -5.8024897899
   3.3027554332   1.1307859306  -5.0651393695
      
      
#  type   0  conf  1.0000
   3.3027554332   1.1307859306  -5.0651393695
   3.2994105793   1.1296407311  -4.8047467576
      
      
#  type   0  conf  1.0000
   3.2994105793   1.1296407311  -4.8047467576
   3.2693479567   1.1193479948  -4.7431289683
      
      
#  type   0  conf  1.0000
   3.2693479567   1.1193479948  -4.7431289683
   0.6258036601   0.2142604829  -2.2398722309
      
      
#  type   0  conf  1.0000
   0.6258036601   0.2142604829  -2.2398722309
   0.5698825804   0.1951144180  -2.1889177237
      
      
#  type   0  conf  1.0000
   0.5698825804   0.1951144180  -2.1889177237
  -0.1014019743  -0.0347176557  -1.6173132629
      
      
#  type   4  conf  0.0000
#  type   0  conf  1.0000
  -0.2167975877  -0.0742264049  -1.6242784150
  -0.8835870205  -0.3025194543  -2.1970986110
      
      
#  type   0  conf  1.0000
  -0.8835870205  -0.3025194543  -2.1970986110
  -1.0122526229  -0.3465715362  -2.3154347046
      
      
#  type   0  conf  1.0000
  -1.0122526229  -0.3465715362  -2.3154347046
  -3.6488875922  -1.2492934566  -4.8182411325
      
      
#  type   0  conf  1.0000
  -3.6488875922  -1.2492934566  -4.8182411325
  -3.6674388056  -1.2556449566  -4.8663042683
      
      
#  type   0  conf  1.0000
  -3.6674388056  -1.2556449566  -4.8663042683
  -3.6671631631  -1.2555505831  -5.0740381996
      
      
#  type   0  conf  1.0000
  -3.6671631631  -1.2555505831  -5.0740381996
  -3.6278514778  -1.2420911848  -5.1335653538
      
      
#  type   0  conf  1.0000
  -3.6278514778  -1.2420911848  -5.1335653538
  -2.9047992269  -0.9945350673  -5.8148282242
      
      
#  type   0  conf  1.0000
  -2.9047992269  -0.9945350673  -5.8148282242
  -2.8781954458  -0.9854265571  -5.8285585772
      
      
#  type   0  conf  1.0000
  -2.8781954458  -0.9854265571  -5.8285585772
  -2.3329959765  -0.7987630570  -6.0812982874
      
      
#  80  norm     0.3090169944   -0.9510565163    0.0000000000
# nedges  17 
#  type   0  conf  1.0000
   2.0446636750   0.6643515002  -6.0652576949
   2.5660031705   0.8337449707  -5.8025515396
      
      
#  type   0  conf  1.0000
   2.5660031705   0.8337449707  -5.8025515396
   3.3189835163   1.0784031159  -5.0613864029
      
      
#  type   0  conf  1.0000
   3.3189835163   1.0784031159  -5.0613864029
   3.3178760334   1.0780432729  -4.8062075050
      
      
#  type   0  conf  1.0000
   3.3178760334   1.0780432729  -4.8062075050
   3.2890320115   1.0686712821  -4.7370167287
      
      
#  type   0  conf  1.0000
   3.2890320115   1.0686712821  -4.7370167287
   0.6653602195   0.2161886404  -2.2715341810
      
      
#  type   0  conf  1.0000
   0.6653602195   0.2161886404  -2.2715341810
   0.5844396753   0.1898959618  -2.1966494722
      
      
#  type   0  conf  1.0000
   0.5844396753   0.1898959618  -2.1966494722
  -0.0982955025  -0.0319381448  -1.6196063472
      
      
#  type   4  conf  0.0000
#  type   0  conf  1.0000
  -0.2116844951  -0.0687804618  -1.6200349556
  -0.8715296994  -0.2831771652  -2.1817146294
      
      
#  type   0  conf  1.0000
  -0.8715296994  -0.2831771652  -2.1817146294
  -0.9377682956  -0.3046993897  -2.2405890173
      
      
#  type   0  conf  1.0000
  -0.9377682956  -0.3046993897  -2.2405890173
  -3.6442377345  -1.1840846177  -4.7900595832
      
      
#  type   0  conf  1.0000
  -3.6442377345  -1.1840846177  -4.7900595832
  -3.6848453622  -1.1972788357  -4.8497959062
      
      
#  type   0  conf  1.0000
  -3.6848453622  -1.1972788357  -4.8497959062
  -3.6857620369  -1.1975766814  -5.0721887591
      
      
#  type   0  conf  1.0000
  -3.6857620369  -1.1975766814  -5.0721887591
  -3.6594554801  -1.1890291630  -5.1288744296
      
      
#  type   0  conf  1.0000
  -3.6594554801  -1.1890291630  -5.1288744296
  -2.9402229527  -0.9553363486  -5.8019458626
      
      
#  type   0  conf  1.0000
  -2.9402229527  -0.9553363486  -5.8019458626
  -2.9113372125  -0.9459508027  -5.8231783493
      
      
#  type   0  conf  1.0000
  -2.9113372125  -0.9459508027  -5.8231783493
  -2.3377285626  -0.7595740544  -6.0810484606
      
      
#  81  norm     0.2940403252   -0.9557930148    0.0000000000
# nedges  18 
#  type   0  conf  1.0000
   2.0539944958   0.6318912152  -6.0636702439
   2.5656516709   0.7892975153  -5.8133767588
      
      
#  type   0  conf  1.0000
   2.5656516709   0.7892975153  -5.8133767588
   2.6053032192   0.8014959244  -5.7853976362
      
      
#  type   0  conf  1.0000
   2.6053032192   0.8014959244  -5.7853976362
   3.3384500533   1.0270413408  -5.0627919759
      
      
#  type   0  conf  1.0000
   3.3384500533   1.0270413408  -5.0627919759
   3.3344885188   1.0258226137  -4.7912301693
      
      
#  type   0  conf  1.0000
   3.3344885188   1.0258226137  -4.7912301693
   3.3038109680   1.0163849667  -4.7262271658
      
      
#  type   0  conf  1.0000
   3.3038109680   1.0163849667  -4.7262271658
   0.6545014092   0.2013509246  -2.2564136487
      
      
#  type   0  conf  1.0000
   0.6545014092   0.2013509246  -2.2564136487
   0.5837590840   0.1795877436  -2.1916854454
      
      
#  type   0  conf  1.0000
   0.5837590840   0.1795877436  -2.1916854454
  -0.0961303363  -0.0295735530  -1.6216814105
      
      
#  type   0  conf  1.0000
  -0.0961303363  -0.0295735530  -1.6216814105
  -0.2068192117  -0.0636258974  -1.6174860942
      
      
#  type   0  conf  1.0000
  -0.2068192117  -0.0636258974  -1.6174860942
  -0.7719101089  -0.2374705569  -2.0929154356
      
      
#  type   0  conf  1.0000
  -0.7719101089  -0.2374705569  -2.0929154356
  -0.9272800058  -0.2852685783  -2.2263035403
      
      
#  type   0  conf  1.0000
  -0.9272800058  -0.2852685783  -2.2263035403
  -3.6950783668  -1.1367545357  -4.8150885017
      
      
#  type   0  conf  1.0000
  -3.6950783668  -1.1367545357  -4.8150885017
  -3.7050631453  -1.1398262546  -4.9395612475
      
      
#  type   0  conf  1.0000
  -3.7050631453  -1.1398262546  -4.9395612475
  -3.6995241902  -1.1381222495  -5.0872765668
      
      
#  type   0  conf  1.0000
  -3.6995241902  -1.1381222495  -5.0872765668
  -3.6776825661  -1.1314028886  -5.1353181513
      
      
#  type   0  conf  1.0000
  -3.6776825661  -1.1314028886  -5.1353181513
  -2.9410913662  -0.9047978469  -5.8179454765
      
      
#  type   3  conf  0.0000
#  type   0  conf  1.0000
  -2.9210922679  -0.8986453209  -5.8266484117
  -2.3386050689  -0.7194488602  -6.0819170330
      
      
#  82  norm     0.2789911060   -0.9602936857    0.0000000000
# nedges  18 
#  type   0  conf  1.0000
   2.0585024136   0.5980502358  -6.0640853799
   2.5829832555   0.7504260062  -5.8142738339
      
      
#  type   0  conf  1.0000
   2.5829832555   0.7504260062  -5.8142738339
   2.6208231293   0.7614195058  -5.7888889084
      
      
#  type   0  conf  1.0000
   2.6208231293   0.7614195058  -5.7888889084
   3.3333709509   0.9684337847  -5.0930837490
      
      
#  type   0  conf  1.0000
   3.3333709509   0.9684337847  -5.0930837490
   3.3548304593   0.9746683482  -5.0436250872
      
      
#  type   0  conf  1.0000
   3.3548304593   0.9746683482  -5.0436250872
   3.3516011315   0.9737301418  -4.7764820432
      
      
#  type   0  conf  1.0000
   3.3516011315   0.9737301418  -4.7764820432
   3.3168081968   0.9636218598  -4.7151686563
      
      
#  type   0  conf  1.0000
   3.3168081968   0.9636218598  -4.7151686563
   0.6430706891   0.1868293060  -2.2401844763
      
      
#  type   0  conf  1.0000
   0.6430706891   0.1868293060  -2.2401844763
   0.5863797715   0.1703590719  -2.1891417779
      
      
#  type   0  conf  1.0000
   0.5863797715   0.1703590719  -2.1891417779
  -0.0990284126  -0.0287704134  -1.6182142147
      
      
#  type   4  conf  0.0000
#  type   0  conf  1.0000
  -0.2160499682  -0.0627683182  -1.6226793014
  -0.8766299724  -0.2546845504  -2.1781069794
      
      
#  type   0  conf  1.0000
  -0.8766299724  -0.2546845504  -2.1781069794
  -0.9333332711  -0.2711583815  -2.2272658275
      
      
#  type   0  conf  1.0000
  -0.9333332711  -0.2711583815  -2.2272658275
  -3.7123926305  -1.0785497619  -4.8106534465
      
      
#  type   0  conf  1.0000
  -3.7123926305  -1.0785497619  -4.8106534465
  -3.7210364091  -1.0810610117  -4.9438303364
      
      
#  type   0  conf  1.0000
  -3.7210364091  -1.0810610117  -4.9438303364
  -3.7148833537  -1.0792733839  -5.1216318530
      
      
#  type   0  conf  1.0000
  -3.7148833537  -1.0792733839  -5.1216318530
  -2.9621043180  -0.8605708568  -5.8144126503
      
      
#  type   0  conf  1.0000
  -2.9621043180  -0.8605708568  -5.8144126503
  -2.9252365050  -0.8498597670  -5.8322978179
      
      
#  type   0  conf  1.0000
  -2.9252365050  -0.8498597670  -5.8322978179
  -2.3403814184  -0.6799436570  -6.0807039847
      
      
#  83  norm     0.2638730500   -0.9645574185    0.0000000000
# nedges  19 
#  type   0  conf  1.0000
   2.0633199671   0.5644604690  -6.0641007306
   2.5893785731   0.7083738184  -5.8201596893
      
      
#  type   0  conf  1.0000
   2.5893785731   0.7083738184  -5.8201596893
   2.6332063672   0.7203637461  -5.7961340777
      
      
#  type   0  conf  1.0000
   2.6332063672   0.7203637461  -5.7961340777
   3.3483687283   0.9160100289  -5.1024477419
      
      
#  type   0  conf  1.0000
   3.3483687283   0.9160100289  -5.1024477419
   3.3709538996   0.9221886326  -5.0437423644
      
      
#  type   0  conf  1.0000
   3.3709538996   0.9221886326  -5.0437423644
   3.3680876256   0.9214045088  -4.7765081738
      
      
#  type   0  conf  1.0000
   3.3680876256   0.9214045088  -4.7765081738
   3.3398097293   0.9136685517  -4.7153506677
      
      
#  type   0  conf  1.0000
   3.3398097293   0.9136685517  -4.7153506677
   0.6319232066   0.1728746269  -2.2253258350
      
      
#  type   0  conf  1.0000
   0.6319232066   0.1728746269  -2.2253258350
   0.5827093450   0.1594112379  -2.1820525703
      
      
#  type   0  conf  1.0000
   0.5827093450   0.1594112379  -2.1820525703
  -0.0976343435  -0.0267097339  -1.6191599577
      
      
#  type   4  conf  0.0000
#  type   0  conf  1.0000
  -0.2160351398  -0.0591005265  -1.6228647583
  -0.8087867250  -0.2212590104  -2.1182153641
      
      
#  type   0  conf  1.0000
  -0.8087867250  -0.2212590104  -2.1182153641
  -0.9231256663  -0.2525386052  -2.2141602636
      
      
#  type   0  conf  1.0000
  -0.9231256663  -0.2525386052  -2.2141602636
  -3.7098117410  -1.0148896480  -4.7886794789
      
      
#  type   0  conf  1.0000
  -3.7098117410  -1.0148896480  -4.7886794789
  -3.7315886423  -1.0208471340  -4.8349345782
      
      
#  type   0  conf  1.0000
  -3.7315886423  -1.0208471340  -4.8349345782
  -3.7332771441  -1.0213090559  -5.0870446038
      
      
#  type   0  conf  1.0000
  -3.7332771441  -1.0213090559  -5.0870446038
  -3.7104806233  -1.0150726335  -5.1443111160
      
      
#  type   0  conf  1.0000
  -3.7104806233  -1.0150726335  -5.1443111160
  -2.9823873174  -0.8158888445  -5.8115874860
      
      
#  type   0  conf  1.0000
  -2.9823873174  -0.8158888445  -5.8115874860
  -2.9523705320  -0.8076771813  -5.8276234334
      
      
#  type   0  conf  1.0000
  -2.9523705320  -0.8076771813  -5.8276234334
  -2.3400432503  -0.6401633928  -6.0807641298
      
      
#  84  norm     0.2486898872   -0.9685831611    0.0000000000
# nedges  18 
#  type   0  conf  1.0000
   2.0696837196   0.5314044589  -6.0631234907
   2.6289889031   0.6750096222  -5.8101740632
      
      
#  type   0  conf  1.0000
   2.6289889031   0.6750096222  -5.8101740632
   2.6632562219   0.6838079743  -5.7851122376
      
      
#  type   0  conf  1.0000
   2.6632562219   0.6838079743  -5.7851122376
   3.3617664677   0.8631549227  -5.1128750468
      
      
#  type   0  conf  1.0000
   3.3617664677   0.8631549227  -5.1128750468
   3.3860212768   0.8693824992  -5.0585693527
      
      
#  type   0  conf  1.0000
   3.3860212768   0.8693824992  -5.0585693527
   3.3833315015   0.8686918822  -4.7764700326
      
      
#  type   0  conf  1.0000
   3.3833315015   0.8686918822  -4.7764700326
   3.3602444432   0.8627641332  -4.7148464406
      
      
#  type   0  conf  1.0000
   3.3602444432   0.8627641332  -4.7148464406
   0.6343797149   0.1628810267  -2.2226997179
      
      
#  type   0  conf  1.0000
   0.6343797149   0.1628810267  -2.2226997179
   0.5771760855   0.1481936310  -2.1735730717
      
      
#  type   0  conf  1.0000
   0.5771760855   0.1481936310  -2.1735730717
  -0.0957474317  -0.0245837621  -1.6201887054
      
      
#  type   4  conf  0.0000
#  type   0  conf  1.0000
  -0.2092565207  -0.0537279426  -1.6190549805
  -0.7816100816  -0.2006833598  -2.0922002564
      
      
#  type   0  conf  1.0000
  -0.7816100816  -0.2006833598  -2.0922002564
  -0.9399239052  -0.2413314409  -2.2257473388
      
      
#  type   0  conf  1.0000
  -0.9399239052  -0.2413314409  -2.2257473388
  -3.7259345905  -0.9566574044  -4.7861645833
      
      
#  type   0  conf  1.0000
  -3.7259345905  -0.9566574044  -4.7861645833
  -3.7463321536  -0.9618946085  -4.8349781350
      
      
#  type   0  conf  1.0000
  -3.7463321536  -0.9618946085  -4.8349781350
  -3.7471851595  -0.9621136232  -5.1289826585
      
      
#  type   0  conf  1.0000
  -3.7471851595  -0.9621136232  -5.1289826585
  -2.9938733839  -0.7686960335  -5.8143796578
      
      
#  type   0  conf  1.0000
  -2.9938733839  -0.7686960335  -5.8143796578
  -2.9677109953  -0.7619786738  -5.8275532414
      
      
#  type   0  conf  1.0000
  -2.9677109953  -0.7619786738  -5.8275532414
  -2.3386073881  -0.6004523213  -6.0803996478
      
      
#  85  norm     0.2334453639   -0.9723699204    0.0000000000
# nedges  18 
#  type   0  conf  1.0000
   2.0723478243   0.4975266941  -6.0629976203
   2.6538089629   0.6371231626  -5.8070312660
      
      
#  type   0  conf  1.0000
   2.6538089629   0.6371231626  -5.8070312660
   2.8267336306   0.6786387023  -5.6453055199
      
      
#  type   0  conf  1.0000
   2.8267336306   0.6786387023  -5.6453055199
   3.3768787104   0.8107168504  -5.1186352094
      
      
#  type   0  conf  1.0000
   3.3768787104   0.8107168504  -5.1186352094
   3.3999751289   0.8162618098  -5.0583703733
      
      
#  type   0  conf  1.0000
   3.3999751289   0.8162618098  -5.0583703733
   3.3967967298   0.8154987437  -4.7614882678
      
      
#  type   0  conf  1.0000
   3.3967967298   0.8154987437  -4.7614882678
   3.3745894348   0.8101672439  -4.7105954168
      
      
#  type   0  conf  1.0000
   3.3745894348   0.8101672439  -4.7105954168
   0.6266538365   0.1504462754  -2.2116661235
      
      
#  type   0  conf  1.0000
   0.6266538365   0.1504462754  -2.2116661235
   0.5931374828   0.1423997108  -2.1833824084
      
      
#  type   0  conf  1.0000
   0.5931374828   0.1423997108  -2.1833824084
  -0.0928098406  -0.0222816714  -1.6220158785
      
      
#  type   4  conf  0.0000
#  type   0  conf  1.0000
  -0.2089013951  -0.0501527877  -1.6178267371
  -0.8734572222  -0.2096985260  -2.1659185163
      
      
#  type   0  conf  1.0000
  -0.8734572222  -0.2096985260  -2.1659185163
  -0.9435717787  -0.2265315417  -2.2260587430
      
      
#  type   0  conf  1.0000
  -0.9435717787  -0.2265315417  -2.2260587430
  -3.7583247458  -0.9022939412  -4.8004316829
      
      
#  type   0  conf  1.0000
  -3.7583247458  -0.9022939412  -4.8004316829
  -3.7600547343  -0.9027092747  -5.1329814615
      
      
#  type   0  conf  1.0000
  -3.7600547343  -0.9027092747  -5.1329814615
  -3.0071070503  -0.7219425291  -5.8141929861
      
      
#  type   0  conf  1.0000
  -3.0071070503  -0.7219425291  -5.8141929861
  -2.9625312211  -0.7112408193  -5.8356943920
      
      
#  type   3  conf  0.0000
#  type   3  conf  0.0000
#  86  norm     0.2181432414   -0.9759167619   -0.0000000000
# nedges  17 
#  type   0  conf  1.0000
   2.0723107866   0.4632163416  -6.0637240850
   2.6340786953   0.5887863464  -5.8214382307
      
      
#  type   0  conf  1.0000
   2.6340786953   0.5887863464  -5.8214382307
   2.6789040879   0.5988060088  -5.8000847798
      
      
#  type   0  conf  1.0000
   2.6789040879   0.5988060088  -5.8000847798
   3.3954988259   0.7589839102  -5.1203100344
      
      
#  type   0  conf  1.0000
   3.3954988259   0.7589839102  -5.1203100344
   3.4132005362   0.7629407113  -5.0731901735
      
      
#  type   0  conf  1.0000
   3.4132005362   0.7629407113  -5.0731901735
   3.4098401227   0.7621895699  -4.7258908689
      
      
#  type   0  conf  1.0000
   3.4098401227   0.7621895699  -4.7258908689
   0.6390165750   0.1428371275  -2.2189527235
      
      
#  type   0  conf  1.0000
   0.6390165750   0.1428371275  -2.2189527235
   0.5963257742   0.1332946030  -2.1822897647
      
      
#  type   0  conf  1.0000
   0.5963257742   0.1332946030  -2.1822897647
  -0.0975392141  -0.0218025975  -1.6173583033
      
      
#  type   0  conf  1.0000
  -0.0975392141  -0.0218025975  -1.6173583033
  -0.2182640823  -0.0487878026  -1.6239507937
      
      
#  type   0  conf  1.0000
  -0.2182640823  -0.0487878026  -1.6239507937
  -0.9125655315  -0.2039825637  -2.1966341596
      
      
#  type   0  conf  1.0000
  -0.9125655315  -0.2039825637  -2.1966341596
  -0.9487519574  -0.2120711882  -2.2279831333
      
      
#  type   0  conf  1.0000
  -0.9487519574  -0.2120711882  -2.2279831333
  -3.7540779384  -0.8391358381  -4.7817924218
      
      
#  type   0  conf  1.0000
  -3.7540779384  -0.8391358381  -4.7817924218
  -3.7697412583  -0.8426370049  -4.8202910321
      
      
#  type   0  conf  1.0000
  -3.7697412583  -0.8426370049  -4.8202910321
  -3.7731988056  -0.8434098583  -5.1351356028
      
      
#  type   0  conf  1.0000
  -3.7731988056  -0.8434098583  -5.1351356028
  -3.0175155848  -0.6744946457  -5.8153887920
      
      
#  type   0  conf  1.0000
  -3.0175155848  -0.6744946457  -5.8153887920
  -2.9729827215  -0.6645403715  -5.8357469229
      
      
#  type   0  conf  1.0000
  -2.9729827215  -0.6645403715  -5.8357469229
  -2.3301933266  -0.5208599188  -6.0816242987
      
      
#  87  norm     0.2027872954   -0.9792228106    0.0000000000
# nedges  15 
#  type   0  conf  1.0000
   2.0741600028   0.4295378871  -6.0629690233
   2.6878563866   0.5566282985  -5.8038526389
      
      
#  type   0  conf  1.0000
   2.6878563866   0.5566282985  -5.8038526389
   3.4046612554   0.7050714506  -5.1302312238
      
      
#  type   0  conf  1.0000
   3.4046612554   0.7050714506  -5.1302312238
   3.4234652704   0.7089655749  -5.0870856966
      
      
#  type   0  conf  1.0000
   3.4234652704   0.7089655749  -5.0870856966
   3.4243638448   0.7091516608  -4.7238209714
      
      
#  type   0  conf  1.0000
   3.4243638448   0.7091516608  -4.7238209714
   0.6344476171   0.1313877852  -2.2114306806
      
      
#  type   0  conf  1.0000
   0.6344476171   0.1313877852  -2.2114306806
   0.5993673636   0.1241230140  -2.1815680913
      
      
#  type   0  conf  1.0000
   0.5993673636   0.1241230140  -2.1815680913
  -0.0949256350  -0.0196581540  -1.6188605391
      
      
#  type   4  conf  0.0000
#  type   0  conf  1.0000
  -0.2146339946  -0.0444485635  -1.6225464719
  -0.9146730160  -0.1894196755  -2.1962413095
      
      
#  type   0  conf  1.0000
  -0.9146730160  -0.1894196755  -2.1962413095
  -1.0031818817  -0.2077489804  -2.2751908028
      
      
#  type   0  conf  1.0000
  -1.0031818817  -0.2077489804  -2.2751908028
  -3.7821514885  -0.7832459198  -4.7970986110
      
      
#  type   0  conf  1.0000
  -3.7821514885  -0.7832459198  -4.7970986110
  -3.7820075693  -0.7832161156  -5.1404582310
      
      
#  type   0  conf  1.0000
  -3.7820075693  -0.7832161156  -5.1404582310
  -3.0356441204  -0.6286516758  -5.8087691499
      
      
#  type   0  conf  1.0000
  -3.0356441204  -0.6286516758  -5.8087691499
  -3.0063531081  -0.6225857987  -5.8274344002
      
      
#  type   0  conf  1.0000
  -3.0063531081  -0.6225857987  -5.8274344002
  -2.3247923303  -0.4814413470  -6.0830186377
      
      
#  88  norm     0.1873813146   -0.9822872507   -0.0000000000
# nedges  15 
#  type   0  conf  1.0000
   2.0899428251   0.3986779159  -6.0560872220
   2.6824526756   0.5117052148  -5.8126432745
      
      
#  type   0  conf  1.0000
   2.6824526756   0.5117052148  -5.8126432745
   2.7166762707   0.5182337148  -5.7912468801
      
      
#  type   0  conf  1.0000
   2.7166762707   0.5182337148  -5.7912468801
   3.4191705762   0.6522416705  -5.1318208793
      
      
#  type   0  conf  1.0000
   3.4191705762   0.6522416705  -5.1318208793
   3.4386625060   0.6559599550  -5.0867522182
      
      
#  type   0  conf  1.0000
   3.4386625060   0.6559599550  -5.0867522182
   3.4344343824   0.6551533973  -4.7192692300
      
      
#  type   0  conf  1.0000
   3.4344343824   0.6551533973  -4.7192692300
   0.6219628150   0.1186457524  -2.1964236787
      
      
#  type   0  conf  1.0000
   0.6219628150   0.1186457524  -2.1964236787
  -0.0947266438  -0.0180700737  -1.6185783837
      
      
#  type   0  conf  1.0000
  -0.0947266438  -0.0180700737  -1.6185783837
  -0.2117619895  -0.0403957599  -1.6215274856
      
      
#  type   0  conf  1.0000
  -0.2117619895  -0.0403957599  -1.6215274856
  -0.8635006880  -0.1647215659  -2.1525228451
      
      
#  type   0  conf  1.0000
  -0.8635006880  -0.1647215659  -2.1525228451
  -0.9345167760  -0.1782686092  -2.2114690276
      
      
#  type   0  conf  1.0000
  -0.9345167760  -0.1782686092  -2.2114690276
  -3.7894738232  -0.7228807928  -4.7915653861
      
      
#  type   0  conf  1.0000
  -3.7894738232  -0.7228807928  -4.7915653861
  -3.7942540045  -0.7237926612  -5.1397631786
      
      
#  type   0  conf  1.0000
  -3.7942540045  -0.7237926612  -5.1397631786
  -3.0366301807  -0.5792681873  -5.8153669466
      
      
#  type   0  conf  1.0000
  -3.0366301807  -0.5792681873  -5.8153669466
  -3.0005535807  -0.5723862078  -5.8331199138
      
      
#  type   0  conf  1.0000
  -3.0005535807  -0.5723862078  -5.8331199138
  -2.3281001664  -0.4441088585  -6.0838817335
      
      
#  89  norm     0.1719291003   -0.9851093262    0.0000000000
# nedges  13 
#  type   0  conf  1.0000
   2.0959570271   0.3658030600  -6.0533106260
   2.7140562736   0.4736786475  -5.8042197027
      
      
#  type   0  conf  1.0000
   2.7140562736   0.4736786475  -5.8042197027
   3.4487034809   0.6018951104  -5.1191360344
      
      
#  type   0  conf  1.0000
   3.4487034809   0.6018951104  -5.1191360344
   3.4459652883   0.6014172193  -4.7179962351
      
      
#  type   0  conf  1.0000
   3.4459652883   0.6014172193  -4.7179962351
   0.6239010455   0.1088881635  -2.1955505697
      
      
#  type   0  conf  1.0000
   0.6239010455   0.1088881635  -2.1955505697
  -0.0941129306  -0.0164253358  -1.6186632802
      
      
#  type   0  conf  1.0000
  -0.0941129306  -0.0164253358  -1.6186632802
  -0.2074400599  -0.0362040861  -1.6196481338
      
      
#  type   0  conf  1.0000
  -0.2074400599  -0.0362040861  -1.6196481338
  -0.7611598585  -0.1328436613  -2.0682184700
      
      
#  type   0  conf  1.0000
  -0.7611598585  -0.1328436613  -2.0682184700
  -0.9355044378  -0.1632716613  -2.2111133254
      
      
#  type   0  conf  1.0000
  -0.9355044378  -0.1632716613  -2.2111133254
  -3.7984015413  -0.6629271921  -4.7915410056
      
      
#  type   0  conf  1.0000
  -3.7984015413  -0.6629271921  -4.7915410056
  -3.8021037866  -0.6635733373  -5.1412759091
      
      
#  type   0  conf  1.0000
  -3.8021037866  -0.6635733373  -5.1412759091
  -3.0442562158  -0.5313077628  -5.8150162135
      
      
#  type   0  conf  1.0000
  -3.0442562158  -0.5313077628  -5.8150162135
  -3.0088265392  -0.5251242944  -5.8321849665
      
      
#  type   0  conf  1.0000
  -3.0088265392  -0.5251242944  -5.8321849665
  -2.3418721881  -0.4087221262  -6.0827341706
      
      
#  90  norm     0.1564344650   -0.9876883406    0.0000000000
# nedges  12 
#  type   0  conf  1.0000
   2.0795368100   0.3293662738  -6.0587514684
   2.7214757842   0.4310394189  -5.8067624253
      
      
#  type   0  conf  1.0000
   2.7214757842   0.4310394189  -5.8067624253
   3.4600926879   0.5480248438  -5.1210186572
      
      
#  type   0  conf  1.0000
   3.4600926879   0.5480248438  -5.1210186572
   3.4561765450   0.5474045877  -4.7170980926
      
      
#  type   0  conf  1.0000
   3.4561765450   0.5474045877  -4.7170980926
   0.6275081183   0.0993875221  -2.1963992611
      
      
#  type   0  conf  1.0000
   0.6275081183   0.0993875221  -2.1963992611
  -0.0904330086  -0.0143231815  -1.6205394731
      
      
#  type   4  conf  0.0000
#  type   0  conf  1.0000
  -0.2092006302  -0.0331341247  -1.6201506060
  -0.9289135010  -0.1471254450  -2.2040857373
      
      
#  type   0  conf  1.0000
  -0.9289135010  -0.1471254450  -2.2040857373
  -3.8058703761  -0.6027906495  -4.7915702419
      
      
#  type   0  conf  1.0000
  -3.8058703761  -0.6027906495  -4.7915702419
  -3.8084696288  -0.6032023306  -5.1431178171
      
      
#  type   0  conf  1.0000
  -3.8084696288  -0.6032023306  -5.1431178171
  -3.0503312114  -0.4831250017  -5.8144864917
      
      
#  type   0  conf  1.0000
  -3.0503312114  -0.4831250017  -5.8144864917
  -3.0090043235  -0.4765794657  -5.8338186338
      
      
#  type   0  conf  1.0000
  -3.0090043235  -0.4765794657  -5.8338186338
  -2.3559735971  -0.3731495596  -6.0828913132
      
      
#  91  norm     0.1409012319   -0.9900236577    0.0000000000
# nedges  14 
#  type   0  conf  1.0000
   2.0629135669   0.2935960779  -6.0655828599
   2.7314709331   0.3887458815  -5.8064226203
      
      
#  type   0  conf  1.0000
   2.7314709331   0.3887458815  -5.8064226203
   3.4696961174   0.4938108838  -5.1225351974
      
      
#  type   0  conf  1.0000
   3.4696961174   0.4938108838  -5.1225351974
   3.4661271407   0.4933029432  -4.7178241742
      
      
#  type   0  conf  1.0000
   3.4661271407   0.4933029432  -4.7178241742
   0.6644458057   0.0945646418  -2.2262276604
      
      
#  type   0  conf  1.0000
   0.6644458057   0.0945646418  -2.2262276604
   0.6039016633   0.0859479343  -2.1754917567
      
      
#  type   0  conf  1.0000
   0.6039016633   0.0859479343  -2.1754917567
  -0.0905208746  -0.0128830283  -1.6194639127
      
      
#  type   4  conf  0.0000
#  type   0  conf  1.0000
  -0.2120059735  -0.0301729182  -1.6224112375
  -0.8833867605  -0.1257245540  -2.1667531232
      
      
#  type   0  conf  1.0000
  -0.8833867605  -0.1257245540  -2.1667531232
  -0.9628507655  -0.1370339567  -2.2335785193
      
      
#  type   0  conf  1.0000
  -0.9628507655  -0.1370339567  -2.2335785193
  -3.8125644324  -0.5426082712  -4.7929782793
      
      
#  type   0  conf  1.0000
  -3.8125644324  -0.5426082712  -4.7929782793
  -3.8147391957  -0.5429177859  -5.1417226128
      
      
#  type   0  conf  1.0000
  -3.8147391957  -0.5429177859  -5.1417226128
  -3.1188590921  -0.4438793810  -5.7588462940
      
      
#  type   0  conf  1.0000
  -3.1188590921  -0.4438793810  -5.7588462940
  -3.0460585134  -0.4335183243  -5.8210867673
      
      
#  type   0  conf  1.0000
  -3.0460585134  -0.4335183243  -5.8210867673
  -2.3757273212  -0.3381160679  -6.0812017006
      
      
#  92  norm     0.1253332336   -0.9921147013    0.0000000000
# nedges  15 
#  type   0  conf  1.0000
   2.0693699603   0.2614222209  -6.0637518652
   2.7073509172   0.3420179586  -5.8196070881
      
      
#  type   0  conf  1.0000
   2.7073509172   0.3420179586  -5.8196070881
   2.7520716445   0.3476675003  -5.7943069534
      
      
#  type   0  conf  1.0000
   2.7520716445   0.3476675003  -5.7943069534
   3.4804299827   0.4396805564  -5.1213161587
      
      
#  type   0  conf  1.0000
   3.4804299827   0.4396805564  -5.1213161587
   3.4745821242   0.4389418001  -4.7182168798
      
      
#  type   0  conf  1.0000
   3.4745821242   0.4389418001  -4.7182168798
   0.6504511214   0.0821710859  -2.2113299210
      
      
#  type   0  conf  1.0000
   0.6504511214   0.0821710859  -2.2113299210
   0.6146944329   0.0776539656  -2.1817000978
      
      
#  type   0  conf  1.0000
   0.6146944329   0.0776539656  -2.1817000978
  -0.0901823272  -0.0113926773  -1.6185742008
      
      
#  type   4  conf  0.0000
#  type   0  conf  1.0000
  -0.2127179819  -0.0268725304  -1.6227749314
  -0.9208182611  -0.1163263986  -2.1974065006
      
      
#  type   0  conf  1.0000
  -0.9208182611  -0.1163263986  -2.1974065006
  -0.9647544656  -0.1218768320  -2.2354428370
      
      
#  type   0  conf  1.0000
  -0.9647544656  -0.1218768320  -2.2354428370
  -3.8177874441  -0.4822987149  -4.7943043579
      
      
#  type   0  conf  1.0000
  -3.8177874441  -0.4822987149  -4.7943043579
  -3.8206554770  -0.4826610317  -5.1403367595
      
      
#  type   0  conf  1.0000
  -3.8206554770  -0.4826610317  -5.1403367595
  -3.0584492050  -0.3863719871  -5.8149441317
      
      
#  type   0  conf  1.0000
  -3.0584492050  -0.3863719871  -5.8149441317
  -3.0315214206  -0.3829702168  -5.8278676996
      
      
#  type   0  conf  1.0000
  -3.0315214206  -0.3829702168  -5.8278676996
  -2.3897790675  -0.3018993042  -6.0816863702
      
      
#  93  norm     0.1097343111   -0.9939609555    0.0000000000
# nedges  15 
#  type   0  conf  1.0000
   2.0930543115   0.2310753473  -6.0575299813
   2.7280334616   0.3011776981  -5.8139820003
      
      
#  type   0  conf  1.0000
   2.7280334616   0.3011776981  -5.8139820003
   2.7698049503   0.3057893134  -5.7846579668
      
      
#  type   0  conf  1.0000
   2.7698049503   0.3057893134  -5.7846579668
   3.4887509454   0.3851616902  -5.1208795967
      
      
#  type   0  conf  1.0000
   3.4887509454   0.3851616902  -5.1208795967
   3.4821996410   0.3844384194  -4.7193588000
      
      
#  type   0  conf  1.0000
   3.4821996410   0.3844384194  -4.7193588000
   0.6364273178   0.0702622300  -2.1975277273
      
      
#  type   0  conf  1.0000
   0.6364273178   0.0702622300  -2.1975277273
  -0.0893859730  -0.0098683033  -1.6186851831
      
      
#  type   0  conf  1.0000
  -0.0893859730  -0.0098683033  -1.6186851831
  -0.2103450596  -0.0232223108  -1.6228350864
      
      
#  type   0  conf  1.0000
  -0.2103450596  -0.0232223108  -1.6228350864
  -0.9014149715  -0.0995171393  -2.1819218950
      
      
#  type   0  conf  1.0000
  -0.9014149715  -0.0995171393  -2.1819218950
  -0.9666358508  -0.1067175915  -2.2374579262
      
      
#  type   0  conf  1.0000
  -0.9666358508  -0.1067175915  -2.2374579262
  -3.8097384741  -0.4205990433  -4.7851030685
      
      
#  type   0  conf  1.0000
  -3.8097384741  -0.4205990433  -4.7851030685
  -3.8238304567  -0.4221548126  -4.8355017820
      
      
#  type   0  conf  1.0000
  -3.8238304567  -0.4221548126  -4.8355017820
  -3.8245329781  -0.4222323717  -5.1396815116
      
      
#  type   0  conf  1.0000
  -3.8245329781  -0.4222323717  -5.1396815116
  -3.0534515551  -0.3371041901  -5.8203936721
      
      
#  type   3  conf  0.0000
#  type   3  conf  0.0000
#  94  norm     0.0941083133   -0.9955619646    0.0000000000
# nedges  14 
#  type   0  conf  1.0000
   2.1033532284   0.1988254189  -6.0587242568
   2.7496571485   0.2599191267  -5.8070010108
      
      
#  type   0  conf  1.0000
   2.7496571485   0.2599191267  -5.8070010108
   3.4950512278   0.3303796124  -5.1221044342
      
      
#  type   0  conf  1.0000
   3.4950512278   0.3303796124  -5.1221044342
   3.4907731249   0.3299752126  -4.7229975290
      
      
#  type   0  conf  1.0000
   3.4907731249   0.3299752126  -4.7229975290
   0.6381398823   0.0603219791  -2.1975122816
      
      
#  type   0  conf  1.0000
   0.6381398823   0.0603219791  -2.1975122816
  -0.0910472882  -0.0086065027  -1.6166646230
      
      
#  type   0  conf  1.0000
  -0.0910472882  -0.0086065027  -1.6166646230
  -0.2127988910  -0.0201154176  -1.6256464885
      
      
#  type   0  conf  1.0000
  -0.2127988910  -0.0201154176  -1.6256464885
  -0.9020562513  -0.0852694210  -2.1833982506
      
      
#  type   0  conf  1.0000
  -0.9020562513  -0.0852694210  -2.1833982506
  -0.9526700732  -0.0900538359  -2.2259924926
      
      
#  type   0  conf  1.0000
  -0.9526700732  -0.0900538359  -2.2259924926
  -3.8267560981  -0.3617349544  -4.8011877521
      
      
#  type   0  conf  1.0000
  -3.8267560981  -0.3617349544  -4.8011877521
  -3.8303572736  -0.3620753657  -5.1329010924
      
      
#  type   0  conf  1.0000
  -3.8303572736  -0.3620753657  -5.1329010924
  -3.0597689950  -0.2892333270  -5.8151492828
      
      
#  type   0  conf  1.0000
  -3.0597689950  -0.2892333270  -5.8151492828
  -3.0264591439  -0.2860846190  -5.8312644812
      
      
#  type   3  conf  0.0000
#  type   3  conf  0.0000
#  95  norm     0.0784590957   -0.9969173337    0.0000000000
# nedges  15 
#  type   0  conf  1.0000
   2.1286195363   0.1675259907  -6.0547457016
   2.7537228631   0.2167226894  -5.8062337377
      
      
#  type   0  conf  1.0000
   2.7537228631   0.2167226894  -5.8062337377
   3.5021789001   0.2756274570  -5.1207003717
      
      
#  type   0  conf  1.0000
   3.5021789001   0.2756274570  -5.1207003717
   3.4984075331   0.2753306440  -4.7274176398
      
      
#  type   0  conf  1.0000
   3.4984075331   0.2753306440  -4.7274176398
   0.6390670042   0.0502956640  -2.1967593649
      
      
#  type   0  conf  1.0000
   0.6390670042   0.0502956640  -2.1967593649
  -0.0878588857  -0.0069146443  -1.6185445814
      
      
#  type   0  conf  1.0000
  -0.0878588857  -0.0069146443  -1.6185445814
  -0.2030687806  -0.0159818596  -1.6208299365
      
      
#  type   0  conf  1.0000
  -0.2030687806  -0.0159818596  -1.6208299365
  -0.7709090641  -0.0606718591  -2.0779657195
      
      
#  type   0  conf  1.0000
  -0.7709090641  -0.0606718591  -2.0779657195
  -0.9522174011  -0.0749411347  -2.2262472686
      
      
#  type   0  conf  1.0000
  -0.9522174011  -0.0749411347  -2.2262472686
  -3.8118212311  -0.2999968370  -4.7889694210
      
      
#  type   0  conf  1.0000
  -3.8118212311  -0.2999968370  -4.7889694210
  -3.8314466941  -0.3015413944  -4.8651479513
      
      
#  type   0  conf  1.0000
  -3.8314466941  -0.3015413944  -4.8651479513
  -3.8331746731  -0.3016773893  -5.0877295812
      
      
#  type   0  conf  1.0000
  -3.8331746731  -0.3016773893  -5.0877295812
  -3.8222262609  -0.3008157306  -5.1378665211
      
      
#  type   0  conf  1.0000
  -3.8222262609  -0.3008157306  -5.1378665211
  -3.0673511033  -0.2414057673  -5.8070297460
      
      
#  type   0  conf  1.0000
  -3.0673511033  -0.2414057673  -5.8070297460
  -3.0315375282  -0.2385871778  -5.8280234523
      
      
#  type   0  conf  1.0000
  -3.0315375282  -0.2385871778  -5.8280234523
  -2.4390380297  -0.1919564560  -6.0750876644
      
      
#  96  norm     0.0627905195   -0.9980267284    0.0000000000
# nedges  16 
#  type   0  conf  1.0000
   2.1556871307   0.1356243385  -6.0490418964
   2.7573613795   0.1734784737  -5.8055328201
      
      
#  type   0  conf  1.0000
   2.7573613795   0.1734784737  -5.8055328201
   3.4963735838   0.2199731806  -5.1279349797
      
      
#  type   0  conf  1.0000
   3.4963735838   0.2199731806  -5.1279349797
   3.5100694860   0.2208348538  -5.0779747371
      
      
#  type   0  conf  1.0000
   3.5100694860   0.2208348538  -5.0779747371
   3.5041391661   0.2204617496  -4.7609415344
      
      
#  type   0  conf  1.0000
   3.5041391661   0.2204617496  -4.7609415344
   3.4851925967   0.2192697325  -4.7142933781
      
      
#  type   0  conf  1.0000
   3.4851925967   0.2192697325  -4.7142933781
   0.6455208175   0.0406127274  -2.2008263958
      
      
#  type   0  conf  1.0000
   0.6455208175   0.0406127274  -2.2008263958
  -0.0864674433  -0.0054400704  -1.6177684466
      
      
#  type   4  conf  0.0000
#  type   0  conf  1.0000
  -0.2089820536  -0.0131480364  -1.6244205942
  -0.9115540294  -0.0573501184  -2.1931490237
      
      
#  type   0  conf  1.0000
  -0.9115540294  -0.0573501184  -2.1931490237
  -0.9706379119  -0.0610673613  -2.2439891988
      
      
#  type   0  conf  1.0000
  -0.9706379119  -0.0610673613  -2.2439891988
  -3.8107118003  -0.2397496649  -4.7915840354
      
      
#  type   0  conf  1.0000
  -3.8107118003  -0.2397496649  -4.7915840354
  -3.8335834973  -0.2411886301  -4.8653462002
      
      
#  type   0  conf  1.0000
  -3.8335834973  -0.2411886301  -4.8653462002
  -3.8356641881  -0.2413195361  -5.1231001121
      
      
#  type   0  conf  1.0000
  -3.8356641881  -0.2413195361  -5.1231001121
  -3.0703695783  -0.1931712804  -5.8023430222
      
      
#  type   0  conf  1.0000
  -3.0703695783  -0.1931712804  -5.8023430222
  -3.0406864255  -0.1913037747  -5.8227938624
      
      
#  type   0  conf  1.0000
  -3.0406864255  -0.1913037747  -5.8227938624
  -2.4428144449  -0.1536888580  -6.0790318207
      
      
#  97  norm     0.0471064507   -0.9988898750    0.0000000000
# nedges  18 
#  type   0  conf  1.0000
   2.1699806701   0.1023336907  -6.0487409779
   2.7393892995   0.1291863200  -5.8130934304
      
      
#  type   0  conf  1.0000
   2.7393892995   0.1291863200  -5.8130934304
   2.7711906144   0.1306860319  -5.7943777814
      
      
#  type   0  conf  1.0000
   2.7711906144   0.1306860319  -5.7943777814
   3.4918514147   0.1646715325  -5.1315943056
      
      
#  type   0  conf  1.0000
   3.4918514147   0.1646715325  -5.1315943056
   3.5153515604   0.1657797713  -5.0871518142
      
      
#  type   0  conf  1.0000
   3.5153515604   0.1657797713  -5.0871518142
   3.5091504204   0.1654873329  -4.7607767242
      
      
#  type   0  conf  1.0000
   3.5091504204   0.1654873329  -4.7607767242
   3.4804604703   0.1641343492  -4.7106221960
      
      
#  type   0  conf  1.0000
   3.4804604703   0.1641343492  -4.7106221960
   0.6746891115   0.0318175308  -2.2260009819
      
      
#  type   0  conf  1.0000
   0.6746891115   0.0318175308  -2.2260009819
   0.6228842937   0.0293744776  -2.1817065655
      
      
#  type   0  conf  1.0000
   0.6228842937   0.0293744776  -2.1817065655
  -0.0877032145  -0.0041359786  -1.6164836969
      
      
#  type   0  conf  1.0000
  -0.0877032145  -0.0041359786  -1.6164836969
  -0.2069275404  -0.0097584551  -1.6242977493
      
      
#  type   0  conf  1.0000
  -0.2069275404  -0.0097584551  -1.6242977493
  -0.8093475432  -0.0381678612  -2.1125443745
      
      
#  type   0  conf  1.0000
  -0.8093475432  -0.0381678612  -2.1125443745
  -0.9481811875  -0.0447150897  -2.2259918310
      
      
#  type   0  conf  1.0000
  -0.9481811875  -0.0447150897  -2.2259918310
  -3.8153891238  -0.1799291836  -4.8014387216
      
      
#  type   0  conf  1.0000
  -3.8153891238  -0.1799291836  -4.8014387216
  -3.8347993608  -0.1808445471  -4.8803662600
      
      
#  type   0  conf  1.0000
  -3.8347993608  -0.1808445471  -4.8803662600
  -3.8355710342  -0.1808809383  -5.1190040501
      
      
#  type   0  conf  1.0000
  -3.8355710342  -0.1808809383  -5.1190040501
  -3.0497438725  -0.1438222701  -5.8152207359
      
      
#  type   0  conf  1.0000
  -3.0497438725  -0.1438222701  -5.8152207359
  -3.0233155108  -0.1425759402  -5.8277567440
      
      
#  type   0  conf  1.0000
  -3.0233155108  -0.1425759402  -5.8277567440
  -2.4442642617  -0.1152685765  -6.0823674151
      
      
#  98  norm     0.0314107591   -0.9995065604    0.0000000000
# nedges  17 
#  type   0  conf  1.0000
   2.1823640380   0.0685835529  -6.0482823259
   2.7592821507   0.0867139350  -5.8047425462
      
      
#  type   0  conf  1.0000
   2.7592821507   0.0867139350  -5.8047425462
   3.5058598131   0.1101760832  -5.1196181758
      
      
#  type   0  conf  1.0000
   3.5058598131   0.1101760832  -5.1196181758
   3.5194761953   0.1106039952  -5.0678117873
      
      
#  type   0  conf  1.0000
   3.5194761953   0.1106039952  -5.0678117873
   3.5152186019   0.1104701950  -4.7757808910
      
      
#  type   0  conf  1.0000
   3.5152186019   0.1104701950  -4.7757808910
   3.4829562026   0.1094563082  -4.7159495976
      
      
#  type   0  conf  1.0000
   3.4829562026   0.1094563082  -4.7159495976
   0.6537062450   0.0205435464  -2.2068218848
      
      
#  type   0  conf  1.0000
   0.6537062450   0.0205435464  -2.2068218848
   0.4168920504   0.0131013605  -2.0175307788
      
      
#  type   0  conf  1.0000
   0.4168920504   0.0131013605  -2.0175307788
  -0.0861060316  -0.0027059911  -1.6171131646
      
      
#  type   0  conf  1.0000
  -0.0861060316  -0.0027059911  -1.6171131646
  -0.2066047069  -0.0064928145  -1.6239962339
      
      
#  type   0  conf  1.0000
  -0.2066047069  -0.0064928145  -1.6239962339
  -0.9135575147  -0.0287097015  -2.1991626094
      
      
#  type   0  conf  1.0000
  -0.9135575147  -0.0287097015  -2.1991626094
  -0.9789097947  -0.0307634796  -2.2559021111
      
      
#  type   0  conf  1.0000
  -0.9789097947  -0.0307634796  -2.2559021111
  -3.8017415945  -0.1194745428  -4.7953850152
      
      
#  type   0  conf  1.0000
  -3.8017415945  -0.1194745428  -4.7953850152
  -3.8340707126  -0.1204905262  -4.8654637527
      
      
#  type   0  conf  1.0000
  -3.8340707126  -0.1204905262  -4.8654637527
  -3.8360760368  -0.1205535461  -5.1115230350
      
      
#  type   0  conf  1.0000
  -3.8360760368  -0.1205535461  -5.1115230350
  -3.0445671864  -0.0956793784  -5.8143985627
      
      
#  type   0  conf  1.0000
  -3.0445671864  -0.0956793784  -5.8143985627
  -3.0002027767  -0.0942851706  -5.8359331360
      
      
#  type   0  conf  1.0000
  -3.0002027767  -0.0942851706  -5.8359331360
  -2.4459625349  -0.0768674694  -6.0843410265
      
      
#  99  norm     0.0157073173   -0.9998766325   -0.0000000000
# nedges  18 
#  type   0  conf  1.0000
   2.1925418023   0.0344431990  -6.0485617429
   2.7432070862   0.0430937405  -5.8108926691
      
      
#  type   0  conf  1.0000
   2.7432070862   0.0430937405  -5.8108926691
   2.7807524526   0.0436835503  -5.7845765426
      
      
#  type   0  conf  1.0000
   2.7807524526   0.0436835503  -5.7845765426
   3.5021433299   0.0550160637  -5.1181762506
      
      
#  type   0  conf  1.0000
   3.5021433299   0.0550160637  -5.1181762506
   3.5230675728   0.0553447680  -5.0576328879
      
      
#  type   0  conf  1.0000
   3.5230675728   0.0553447680  -5.0576328879
   3.5172315544   0.0552530885  -4.7758100139
      
      
#  type   0  conf  1.0000
   3.5172315544   0.0552530885  -4.7758100139
   3.4935121165   0.0548804738  -4.7288237258
      
      
#  type   0  conf  1.0000
   3.4935121165   0.0548804738  -4.7288237258
   0.6761691977   0.0106221146  -2.2263634330
      
      
#  type   0  conf  1.0000
   0.6761691977   0.0106221146  -2.2263634330
   0.6391644055   0.0100407968  -2.1948263071
      
      
#  type   0  conf  1.0000
   0.6391644055   0.0100407968  -2.1948263071
  -0.0795552802  -0.0012497542  -1.6202557200
      
      
#  type   4  conf  0.0000
#  type   0  conf  1.0000
  -0.1990032762  -0.0031261933  -1.6207905014
  -0.7953588177  -0.0124944947  -2.1050409994
      
      
#  type   0  conf  1.0000
  -0.7953588177  -0.0124944947  -2.1050409994
  -0.9425568046  -0.0148068655  -2.2259601637
      
      
#  type   0  conf  1.0000
  -0.9425568046  -0.0148068655  -2.2259601637
  -3.8010916833  -0.0597123198  -4.8037952302
      
      
#  type   0  conf  1.0000
  -3.8010916833  -0.0597123198  -4.8037952302
  -3.8341382856  -0.0602314573  -4.8802779425
      
      
#  type   0  conf  1.0000
  -3.8341382856  -0.0602314573  -4.8802779425
  -3.8347960405  -0.0602417901  -5.1043005191
      
      
#  type   0  conf  1.0000
  -3.8347960405  -0.0602417901  -5.1043005191
  -3.0469471012  -0.0478652700  -5.8064874386
      
      
#  type   0  conf  1.0000
  -3.0469471012  -0.0478652700  -5.8064874386
  -3.0107714276  -0.0472969771  -5.8281280494
      
      
#  type   0  conf  1.0000
  -3.0107714276  -0.0472969771  -5.8281280494
  -2.4510118581  -0.0385035711  -6.0837511943
      
      
# 100  norm     0.0000000000   -1.0000000000    0.0000000000
# nedges  16 
#  type   0  conf  1.0000
   2.1704186591   0.0000000000  -6.0623006214
   2.7354129622   0.0000000000  -5.8133157016
      
      
#  type   0  conf  1.0000
   2.7354129622   0.0000000000  -5.8133157016
   2.7737027308   0.0000000000  -5.7878135773
      
      
#  type   0  conf  1.0000
   2.7737027308   0.0000000000  -5.7878135773
   3.5000522911   0.0000000000  -5.1169913685
      
      
#  type   0  conf  1.0000
   3.5000522911   0.0000000000  -5.1169913685
   3.5248516549   0.0000000000  -5.0574355464
      
      
#  type   0  conf  1.0000
   3.5248516549   0.0000000000  -5.0574355464
   3.5201558358   0.0000000000  -4.7580147005
      
      
#  type   0  conf  1.0000
   3.5201558358   0.0000000000  -4.7580147005
   0.6628017319   0.0000000000  -2.2136944909
      
      
#  type   0  conf  1.0000
   0.6628017319   0.0000000000  -2.2136944909
  -0.0823761815  -0.0000000000  -1.6171095609
      
      
#  type   0  conf  1.0000
  -0.0823761815  -0.0000000000  -1.6171095609
  -0.2045969967  -0.0000000000  -1.6262849418
      
      
#  type   0  conf  1.0000
  -0.2045969967  -0.0000000000  -1.6262849418
  -0.8987546078  -0.0000000000  -2.1922919334
      
      
#  type   0  conf  1.0000
  -0.8987546078  -0.0000000000  -2.1922919334
  -0.9431780322  -0.0000000000  -2.2301722102
      
      
#  type   0  conf  1.0000
  -0.9431780322  -0.0000000000  -2.2301722102
  -3.7880069839  -0.0000000000  -4.8017476581
      
      
#  type   0  conf  1.0000
  -3.7880069839  -0.0000000000  -4.8017476581
  -3.8308573568  -0.0000000000  -4.8655013875
      
      
#  type   0  conf  1.0000
  -3.8308573568  -0.0000000000  -4.8655013875
  -3.8332681271  -0.0000000000  -5.1008769673
      
      
#  type   0  conf  1.0000
  -3.8332681271  -0.0000000000  -5.1008769673
  -3.0332586326  -0.0000000000  -5.8115612432
      
      
#  type   0  conf  1.0000
  -3.0332586326  -0.0000000000  -5.8115612432
  -2.9871129735  -0.0000000000  -5.8354556206
      
      
#  type   0  conf  1.0000
  -2.9871129735  -0.0000000000  -5.8354556206
  -2.4541239210  -0.0000000000  -6.0845926799
      
      
# 101  norm    -0.0157073173   -0.9998766325   -0.0000000000
# nedges  16 
#  type   0  conf  1.0000
   2.1948428090  -0.0344793461  -6.0556281244
   2.7439782000  -0.0431058541  -5.8074292654
      
      
#  type   0  conf  1.0000
   2.7439782000  -0.0431058541  -5.8074292654
   2.7740086281  -0.0435776098  -5.7833855260
      
      
#  type   0  conf  1.0000
   2.7740086281  -0.0435776098  -5.7833855260
   3.5001624140  -0.0549849450  -5.1115506146
      
      
#  type   0  conf  1.0000
   3.5001624140  -0.0549849450  -5.1115506146
   3.5261090680  -0.0553925476  -5.0571437051
      
      
#  type   0  conf  1.0000
   3.5261090680  -0.0553925476  -5.0571437051
   3.5218959333  -0.0553263624  -4.7624075932
      
      
#  type   0  conf  1.0000
   3.5218959333  -0.0553263624  -4.7624075932
   0.6748257881  -0.0106010106  -2.2240894746
      
      
#  type   0  conf  1.0000
   0.6748257881  -0.0106010106  -2.2240894746
  -0.0775053390   0.0012175512  -1.6194976772
      
      
#  type   4  conf  0.0000
#  type   0  conf  1.0000
  -0.1960358508   0.0030795772  -1.6212526338
  -0.9137541760   0.0143543977  -2.2077296000
      
      
#  type   0  conf  1.0000
  -0.9137541760   0.0143543977  -2.2077296000
  -1.1354759693   0.0178374819  -2.4077359371
      
      
#  type   0  conf  1.0000
  -1.1354759693   0.0178374819  -2.4077359371
  -3.7935410593   0.0595937051  -4.8189689334
      
      
#  type   0  conf  1.0000
  -3.7935410593   0.0595937051  -4.8189689334
  -3.8286704352   0.0601455614  -4.8807083662
      
      
#  type   0  conf  1.0000
  -3.8286704352   0.0601455614  -4.8807083662
  -3.8304789201   0.0601739714  -5.1043241470
      
      
#  type   0  conf  1.0000
  -3.8304789201   0.0601739714  -5.1043241470
  -3.0355190889   0.0476857444  -5.8005574296
      
      
#  type   0  conf  1.0000
  -3.0355190889   0.0476857444  -5.8005574296
  -3.0016165607   0.0471531609  -5.8232822344
      
      
#  type   0  conf  1.0000
  -3.0016165607   0.0471531609  -5.8232822344
  -2.4571905734   0.0386006341  -6.0850201650
      
      
# 102  norm    -0.0314107591   -0.9995065604    0.0000000000
# nedges  15 
#  type   0  conf  1.0000
   2.1936437205  -0.0689380312  -6.0594866875
   2.7461547471  -0.0863013897  -5.8032850286
      
      
#  type   0  conf  1.0000
   2.7461547471  -0.0863013897  -5.8032850286
   3.5266382601  -0.1108290722  -5.0797186728
      
      
#  type   0  conf  1.0000
   3.5266382601  -0.1108290722  -5.0797186728
   3.5224245208  -0.1106966501  -4.7600407127
      
      
#  type   0  conf  1.0000
   3.5224245208  -0.1106966501  -4.7600407127
   0.7759489307  -0.0243851775  -2.3145879758
      
      
#  type   0  conf  1.0000
   0.7759489307  -0.0243851775  -2.3145879758
   0.6389599723  -0.0200801261  -2.1955110529
      
      
#  type   0  conf  1.0000
   0.6389599723  -0.0200801261  -2.1955110529
  -0.0778137104   0.0024453944  -1.6184861803
      
      
#  type   0  conf  1.0000
  -0.0778137104   0.0024453944  -1.6184861803
  -0.1941051506   0.0061000001  -1.6213761953
      
      
#  type   0  conf  1.0000
  -0.1941051506   0.0061000001  -1.6213761953
  -0.8692270829   0.0273165616  -2.1743470606
      
      
#  type   0  conf  1.0000
  -0.8692270829   0.0273165616  -2.1743470606
  -0.9811456671   0.0308337448  -2.2704444930
      
      
#  type   0  conf  1.0000
  -0.9811456671   0.0308337448  -2.2704444930
  -3.8247375928   0.1201972211  -4.8585656174
      
      
#  type   0  conf  1.0000
  -3.8247375928   0.1201972211  -4.8585656174
  -3.8252381213   0.1202129509  -5.0885116498
      
      
#  type   0  conf  1.0000
  -3.8252381213   0.1202129509  -5.0885116498
  -3.7841696907   0.1189223235  -5.1495857065
      
      
#  type   0  conf  1.0000
  -3.7841696907   0.1189223235  -5.1495857065
  -3.0160738252   0.0947839384  -5.8066695980
      
      
#  type   0  conf  1.0000
  -3.0160738252   0.0947839384  -5.8066695980
  -2.9782640607   0.0935957187  -5.8287747066
      
      
#  type   0  conf  1.0000
  -2.9782640607   0.0935957187  -5.8287747066
  -2.4585368097   0.0772626319  -6.0854291632
      
      
# 103  norm    -0.0471064507   -0.9988898750    0.0000000000
# nedges  16 
#  type   0  conf  1.0000
   2.2062225509  -0.1040428144  -6.0559690252
   2.7398185625  -0.1292065635  -5.8032871140
      
      
#  type   0  conf  1.0000
   2.7398185625  -0.1292065635  -5.8032871140
   3.5271939656  -0.1663382449  -5.0724099109
      
      
#  type   0  conf  1.0000
   3.5271939656  -0.1663382449  -5.0724099109
   3.5226152198  -0.1661223168  -4.7760249622
      
      
#  type   0  conf  1.0000
   3.5226152198  -0.1661223168  -4.7760249622
   3.4792042631  -0.1640751080  -4.7145270347
      
      
#  type   0  conf  1.0000
   3.4792042631  -0.1640751080  -4.7145270347
   0.7718874094  -0.0364012862  -2.3126815372
      
      
#  type   0  conf  1.0000
   0.7718874094  -0.0364012862  -2.3126815372
   0.6391552365  -0.0301417958  -2.1966393513
      
      
#  type   0  conf  1.0000
   0.6391552365  -0.0301417958  -2.1966393513
  -0.0758102192   0.0035751192  -1.6189607157
      
      
#  type   0  conf  1.0000
  -0.0758102192   0.0035751192  -1.6189607157
  -0.1928287864   0.0090935747  -1.6222905869
      
      
#  type   0  conf  1.0000
  -0.1928287864   0.0090935747  -1.6222905869
  -0.8979625154   0.0423468373  -2.2023641105
      
      
#  type   0  conf  1.0000
  -0.8979625154   0.0423468373  -2.2023641105
  -1.0755164602   0.0507200687  -2.3611655955
      
      
#  type   0  conf  1.0000
  -1.0755164602   0.0507200687  -2.3611655955
  -3.8188075393   0.1800903920  -4.8608625769
      
      
#  type   0  conf  1.0000
  -3.8188075393   0.1800903920  -4.8608625769
  -3.8215458866   0.1802195292  -5.0985296404
      
      
#  type   0  conf  1.0000
  -3.8215458866   0.1802195292  -5.0985296404
  -3.7678947420   0.1776894054  -5.1719013570
      
      
#  type   0  conf  1.0000
  -3.7678947420   0.1776894054  -5.1719013570
  -2.9917466907   0.1410871924  -5.8142840600
      
      
#  type   0  conf  1.0000
  -2.9917466907   0.1410871924  -5.8142840600
  -2.9698018311   0.1400522991  -5.8264598031
      
      
#  type   0  conf  1.0000
  -2.9698018311   0.1400522991  -5.8264598031
  -2.4606624248   0.1160418942  -6.0853826848
      
      
# 104  norm    -0.0627905195   -0.9980267284   -0.0000000000
# nedges  15 
#  type   0  conf  1.0000
   2.2124638310  -0.1391964257  -6.0551196630
   2.7316473391  -0.1718606834  -5.8032252008
      
      
#  type   0  conf  1.0000
   2.7316473391  -0.1718606834  -5.8032252008
   3.5257440703  -0.2218210150  -5.0708336932
      
      
#  type   0  conf  1.0000
   3.5257440703  -0.2218210150  -5.0708336932
   3.5219370211  -0.2215814958  -4.7754322491
      
      
#  type   0  conf  1.0000
   3.5219370211  -0.2215814958  -4.7754322491
   3.4725590871  -0.2184748995  -4.7002071030
      
      
#  type   0  conf  1.0000
   3.4725590871  -0.2184748995  -4.7002071030
   0.6610605022  -0.0415904015  -2.2160473233
      
      
#  type   0  conf  1.0000
   0.6610605022  -0.0415904015  -2.2160473233
   0.6166624762  -0.0387971145  -2.1791992291
      
      
#  type   0  conf  1.0000
   0.6166624762  -0.0387971145  -2.1791992291
  -0.0768387672   0.0048342855  -1.6167046565
      
      
#  type   0  conf  1.0000
  -0.0768387672   0.0048342855  -1.6167046565
  -0.1972643446   0.0124108206  -1.6261170408
      
      
#  type   0  conf  1.0000
  -0.1972643446   0.0124108206  -1.6261170408
  -0.9281380907   0.0583934991  -2.2324147174
      
      
#  type   0  conf  1.0000
  -0.9281380907   0.0583934991  -2.2324147174
  -3.8129391028   0.2398897949  -4.8573771428
      
      
#  type   0  conf  1.0000
  -3.8129391028   0.2398897949  -4.8573771428
  -3.8134681121   0.2399230774  -5.1060537517
      
      
#  type   0  conf  1.0000
  -3.8134681121   0.2399230774  -5.1060537517
  -3.7697029763   0.2371696084  -5.1730305246
      
      
#  type   0  conf  1.0000
  -3.7697029763   0.2371696084  -5.1730305246
  -2.9758844665   0.1872267810  -5.8143984338
      
      
#  type   0  conf  1.0000
  -2.9758844665   0.1872267810  -5.8143984338
  -2.9590476070   0.1861674956  -5.8242539193
      
      
#  type   0  conf  1.0000
  -2.9590476070   0.1861674956  -5.8242539193
  -2.4608208749   0.1548217265  -6.0845650468
      
      
# 105  norm    -0.0784590957   -0.9969173337   -0.0000000000
# nedges  17 
#  type   0  conf  1.0000
   2.2258429788  -0.1751776416  -6.0503170388
   2.7213481221  -0.2141747421  -5.8031828299
      
      
#  type   0  conf  1.0000
   2.7213481221  -0.2141747421  -5.8031828299
   3.5239318486  -0.2773394512  -5.0764989426
      
      
#  type   0  conf  1.0000
   3.5239318486  -0.2773394512  -5.0764989426
   3.5187918296  -0.2769349230  -4.7753860094
      
      
#  type   0  conf  1.0000
   3.5187918296  -0.2769349230  -4.7753860094
   3.4824690955  -0.2740762618  -4.7014306850
      
      
#  type   0  conf  1.0000
   3.4824690955  -0.2740762618  -4.7014306850
   0.6700481537  -0.0527339334  -2.2259474285
      
      
#  type   0  conf  1.0000
   0.6700481537  -0.0527339334  -2.2259474285
   0.6363212396  -0.0500795676  -2.1969585335
      
      
#  type   0  conf  1.0000
   0.6363212396  -0.0500795676  -2.1969585335
  -0.0716534871   0.0056392517  -1.6195755724
      
      
#  type   4  conf  0.0000
#  type   0  conf  1.0000
  -0.1917926786   0.0150944112  -1.6234724563
  -0.9027644717   0.0710491048  -2.2165678639
      
      
#  type   0  conf  1.0000
  -0.9027644717   0.0710491048  -2.2165678639
  -1.0778501483   0.0848286464  -2.3739755138
      
      
#  type   0  conf  1.0000
  -1.0778501483   0.0848286464  -2.3739755138
  -3.7861597017   0.2979772308  -4.8330758446
      
      
#  type   0  conf  1.0000
  -3.7861597017   0.2979772308  -4.8330758446
  -3.8061825543   0.2995530635  -4.9103442737
      
      
#  type   0  conf  1.0000
  -3.8061825543   0.2995530635  -4.9103442737
  -3.8047894984   0.2994434276  -5.1133081420
      
      
#  type   0  conf  1.0000
  -3.8047894984   0.2994434276  -5.1133081420
  -3.7668176409   0.2964549776  -5.1765655821
      
      
#  type   0  conf  1.0000
  -3.7668176409   0.2964549776  -5.1765655821
  -2.9593767168   0.2329079987  -5.8143468578
      
      
#  type   0  conf  1.0000
  -2.9593767168   0.2329079987  -5.8143468578
  -2.9406636818   0.2314352510  -5.8250101300
      
      
#  type   0  conf  1.0000
  -2.9406636818   0.2314352510  -5.8250101300
  -2.4606077507   0.1936540298  -6.0842148917
      
      
# 106  norm    -0.0941083133   -0.9955619646    0.0000000000
# nedges  19 
#  type   0  conf  1.0000
   2.2132336417  -0.2092121760  -6.0587351975
   2.7011513419  -0.2553339780  -5.8076579498
      
      
#  type   0  conf  1.0000
   2.7011513419  -0.2553339780  -5.8076579498
   2.7324099079  -0.2582887825  -5.7842994037
      
      
#  type   0  conf  1.0000
   2.7324099079  -0.2582887825  -5.7842994037
   3.4990107037  -0.3307538931  -5.1035898566
      
      
#  type   0  conf  1.0000
   3.4990107037  -0.3307538931  -5.1035898566
   3.5219030328  -0.3329178553  -5.0432107795
      
      
#  type   0  conf  1.0000
   3.5219030328  -0.3329178553  -5.0432107795
   3.5140335827  -0.3321739733  -4.7613769679
      
      
#  type   0  conf  1.0000
   3.5140335827  -0.3321739733  -4.7613769679
   3.4839681519  -0.3293319533  -4.6970352370
      
      
#  type   0  conf  1.0000
   3.4839681519  -0.3293319533  -4.6970352370
   0.6517459522  -0.0616081313  -2.2115087202
      
      
#  type   0  conf  1.0000
   0.6517459522  -0.0616081313  -2.2115087202
   0.6064679874  -0.0573281035  -2.1738110474
      
      
#  type   0  conf  1.0000
   0.6064679874  -0.0573281035  -2.1738110474
  -0.0725744219   0.0068603027  -1.6174081210
      
      
#  type   0  conf  1.0000
  -0.0725744219   0.0068603027  -1.6174081210
  -0.1927234368   0.0182177285  -1.6259030335
      
      
#  type   0  conf  1.0000
  -0.1927234368   0.0182177285  -1.6259030335
  -0.8806176051   0.0832428723  -2.2029700146
      
      
#  type   0  conf  1.0000
  -0.8806176051   0.0832428723  -2.2029700146
  -0.9687783717   0.0915765184  -2.2808789270
      
      
#  type   0  conf  1.0000
  -0.9687783717   0.0915765184  -2.2808789270
  -3.7711447496   0.3564781342  -4.8186189433
      
      
#  type   0  conf  1.0000
  -3.7711447496   0.3564781342  -4.8186189433
  -3.7967689376   0.3589003332  -4.8797896743
      
      
#  type   0  conf  1.0000
  -3.7967689376   0.3589003332  -4.8797896743
  -3.7968640765   0.3589093264  -5.1022669366
      
      
#  type   0  conf  1.0000
  -3.7968640765   0.3589093264  -5.1022669366
  -3.7721770645   0.3565757167  -5.1689358194
      
      
#  type   0  conf  1.0000
  -3.7721770645   0.3565757167  -5.1689358194
  -2.9607815770   0.2798762611  -5.8013681771
      
      
#  type   0  conf  1.0000
  -2.9607815770   0.2798762611  -5.8013681771
  -2.9305309874   0.2770167384  -5.8216033684
      
      
#  type   0  conf  1.0000
  -2.9305309874   0.2770167384  -5.8216033684
  -2.4550032019   0.2320661282  -6.0850638059
      
      
# 107  norm    -0.1097343111   -0.9939609555    0.0000000000
# nedges  18 
#  type   0  conf  1.0000
   2.2102165098  -0.2440101744  -6.0611346201
   2.6955571341  -0.2975922781  -5.8043256506
      
      
#  type   0  conf  1.0000
   2.6955571341  -0.2975922781  -5.8043256506
   3.5016496741  -0.3865857231  -5.1089477617
      
      
#  type   0  conf  1.0000
   3.5016496741  -0.3865857231  -5.1089477617
   3.5164483035  -0.3882195070  -5.0495661155
      
      
#  type   0  conf  1.0000
   3.5164483035  -0.3882195070  -5.0495661155
   3.5130100077  -0.3878399156  -4.7908720445
      
      
#  type   0  conf  1.0000
   3.5130100077  -0.3878399156  -4.7908720445
   3.4889858151  -0.3851876200  -4.6993605764
      
      
#  type   0  conf  1.0000
   3.4889858151  -0.3851876200  -4.6993605764
   0.7167236970  -0.0791270328  -2.2697222573
      
      
#  type   0  conf  1.0000
   0.7167236970  -0.0791270328  -2.2697222573
   0.6310902569  -0.0696730130  -2.1960837796
      
      
#  type   0  conf  1.0000
   0.6310902569  -0.0696730130  -2.1960837796
  -0.0657808831   0.0072622771  -1.6214764655
      
      
#  type   4  conf  0.0000
#  type   0  conf  1.0000
  -0.1818101559   0.0200720281  -1.6204430403
  -0.8056324352   0.0889426489  -2.1448268182
      
      
#  type   0  conf  1.0000
  -0.8056324352   0.0889426489  -2.1448268182
  -0.9013933614   0.0995147536  -2.2260082797
      
      
#  type   0  conf  1.0000
  -0.9013933614   0.0995147536  -2.2260082797
  -3.7658470080   0.4157533803  -4.8159002794
      
      
#  type   0  conf  1.0000
  -3.7658470080   0.4157533803  -4.8159002794
  -3.7871920752   0.4181098976  -4.8651149216
      
      
#  type   0  conf  1.0000
  -3.7871920752   0.4181098976  -4.8651149216
  -3.7863824739   0.4180205168  -5.1172477556
      
      
#  type   0  conf  1.0000
  -3.7863824739   0.4180205168  -5.1172477556
  -3.7666612369   0.4158432720  -5.1717830435
      
      
#  type   0  conf  1.0000
  -3.7666612369   0.4158432720  -5.1717830435
  -2.9411860963   0.3247099680  -5.8016092841
      
      
#  type   0  conf  1.0000
  -2.9411860963   0.3247099680  -5.8016092841
  -2.9113724091   0.3214185063  -5.8214832176
      
      
#  type   0  conf  1.0000
  -2.9113724091   0.3214185063  -5.8214832176
  -2.4514541405   0.2706430568  -6.0849194147
      
      
# 108  norm    -0.1253332336   -0.9921147013    0.0000000000
# nedges  19 
#  type   0  conf  1.0000
   2.2207594994  -0.2805471672  -6.0555420564
   2.6658590256  -0.3367763137  -5.8132645163
      
      
#  type   0  conf  1.0000
   2.6658590256  -0.3367763137  -5.8132645163
   2.7065123662  -0.3419120250  -5.7849560886
      
      
#  type   0  conf  1.0000
   2.7065123662  -0.3419120250  -5.7849560886
   3.4921181216  -0.4411571118  -5.1178698640
      
      
#  type   0  conf  1.0000
   3.4921181216  -0.4411571118  -5.1178698640
   3.5117331346  -0.4436350642  -5.0579697682
      
      
#  type   0  conf  1.0000
   3.5117331346  -0.4436350642  -5.0579697682
   3.5069297488  -0.4430282554  -4.7612190419
      
      
#  type   0  conf  1.0000
   3.5069297488  -0.4430282554  -4.7612190419
   3.4871732240  -0.4405324259  -4.6935949989
      
      
#  type   0  conf  1.0000
   3.4871732240  -0.4405324259  -4.6935949989
   0.6489975700  -0.0819874596  -2.2137873899
      
      
#  type   0  conf  1.0000
   0.6489975700  -0.0819874596  -2.2137873899
   0.4858579372  -0.0613781312  -2.0776529555
      
      
#  type   0  conf  1.0000
   0.4858579372  -0.0613781312  -2.0776529555
  -0.0714774012   0.0090296957  -1.6176851454
      
      
#  type   0  conf  1.0000
  -0.0714774012   0.0090296957  -1.6176851454
  -0.1838731562   0.0232285815  -1.6237994625
      
      
#  type   0  conf  1.0000
  -0.1838731562   0.0232285815  -1.6237994625
  -0.5292261617   0.0668568121  -1.9162648583
      
      
#  type   0  conf  1.0000
  -0.5292261617   0.0668568121  -1.9162648583
  -0.9069135281   0.1145698223  -2.2372167430
      
      
#  type   0  conf  1.0000
  -0.9069135281   0.1145698223  -2.2372167430
  -3.7587845358   0.4748449141  -4.8132810226
      
      
#  type   0  conf  1.0000
  -3.7587845358   0.4748449141  -4.8132810226
  -3.7768400915   0.4771258612  -4.8651581015
      
      
#  type   0  conf  1.0000
  -3.7768400915   0.4771258612  -4.8651581015
  -3.7752992522   0.4769312080  -5.1320444774
      
      
#  type   0  conf  1.0000
  -3.7752992522   0.4769312080  -5.1320444774
  -3.7550922183   0.4743784659  -5.1779556902
      
      
#  type   0  conf  1.0000
  -3.7550922183   0.4743784659  -5.1779556902
  -2.9206164360   0.3689596590  -5.8010781967
      
      
#  type   0  conf  1.0000
  -2.9206164360   0.3689596590  -5.8010781967
  -2.8908974017   0.3652052719  -5.8209961174
      
      
#  type   0  conf  1.0000
  -2.8908974017   0.3652052719  -5.8209961174
  -2.4451179205   0.3088902271  -6.0855493410
      
      
# 109  norm    -0.1409012319   -0.9900236577    0.0000000000
# nedges  16 
#  type   0  conf  1.0000
   2.2161272341  -0.3154016119  -6.0574402687
   2.6676119951  -0.3796574087  -5.8034899132
      
      
#  type   0  conf  1.0000
   2.6676119951  -0.3796574087  -5.8034899132
   3.4777081614  -0.4949511665  -5.1326513049
      
      
#  type   0  conf  1.0000
   3.4777081614  -0.4949511665  -5.1326513049
   3.5062771452  -0.4990171350  -5.0875829532
      
      
#  type   0  conf  1.0000
   3.5062771452  -0.4990171350  -5.0875829532
   3.5005291878  -0.4981990795  -4.7315316822
      
      
#  type   0  conf  1.0000
   3.5005291878  -0.4981990795  -4.7315316822
   3.4805348943  -0.4953534702  -4.6855831902
      
      
#  type   0  conf  1.0000
   3.4805348943  -0.4953534702  -4.6855831902
   0.6354058288  -0.0904316411  -2.2045614945
      
      
#  type   0  conf  1.0000
   0.6354058288  -0.0904316411  -2.2045614945
  -0.0638090379   0.0090813709  -1.6202148231
      
      
#  type   4  conf  0.0000
#  type   0  conf  1.0000
  -0.1818816817   0.0258855966  -1.6239230429
  -0.7829819029   0.1114348267  -2.1376537228
      
      
#  type   0  conf  1.0000
  -0.7829819029   0.1114348267  -2.1376537228
  -0.9525722899   0.1355711130  -2.2853180916
      
      
#  type   0  conf  1.0000
  -0.9525722899   0.1355711130  -2.2853180916
  -3.7510027746   0.5338467499  -4.8112347406
      
      
#  type   0  conf  1.0000
  -3.7510027746   0.5338467499  -4.8112347406
  -3.7657575721   0.5359466685  -4.8651270752
      
      
#  type   0  conf  1.0000
  -3.7657575721   0.5359466685  -4.8651270752
  -3.7624443195   0.5354751228  -5.1688882152
      
      
#  type   0  conf  1.0000
  -3.7624443195   0.5354751228  -5.1688882152
  -2.8707897181   0.4085738808  -5.8201823085
      
      
#  type   3  conf  0.0000
#  type   3  conf  0.0000
# 110  norm    -0.1564344650   -0.9876883406    0.0000000000
# nedges  15 
#  type   0  conf  1.0000
   2.2104399950  -0.3500993015  -6.0597607810
   2.6208895297  -0.4151081213  -5.8214347999
      
      
#  type   0  conf  1.0000
   2.6208895297  -0.4151081213  -5.8214347999
   2.6654954148  -0.4221729995  -5.7928987533
      
      
#  type   0  conf  1.0000
   2.6654954148  -0.4221729995  -5.7928987533
   3.4915927457  -0.5530139629  -5.1195569528
      
      
#  type   0  conf  1.0000
   3.4915927457  -0.5530139629  -5.1195569528
   3.5015091438  -0.5545845660  -5.0728708605
      
      
#  type   0  conf  1.0000
   3.5015091438  -0.5545845660  -5.0728708605
   3.4950499871  -0.5535615361  -4.6985847170
      
      
#  type   0  conf  1.0000
   3.4950499871  -0.5535615361  -4.6985847170
   0.6288016310  -0.0995923944  -2.2012335590
      
      
#  type   0  conf  1.0000
   0.6288016310  -0.0995923944  -2.2012335590
  -0.0621740966   0.0098474095  -1.6198568291
      
      
#  type   0  conf  1.0000
  -0.0621740966   0.0098474095  -1.6198568291
  -0.1802903293   0.0285551829  -1.6243945820
      
      
#  type   0  conf  1.0000
  -0.1802903293   0.0285551829  -1.6243945820
  -0.8096717981   0.1282394146  -2.1670118198
      
      
#  type   0  conf  1.0000
  -0.8096717981   0.1282394146  -2.1670118198
  -1.0044757457   0.1590933288  -2.3389211408
      
      
#  type   0  conf  1.0000
  -1.0044757457   0.1590933288  -2.3389211408
  -3.7536294278   0.5945164961  -4.8204244002
      
      
#  type   0  conf  1.0000
  -3.7536294278   0.5945164961  -4.8204244002
  -3.7524814917   0.5943346809  -5.1693716510
      
      
#  type   0  conf  1.0000
  -3.7524814917   0.5943346809  -5.1693716510
  -2.8566430717   0.4524478141  -5.8142181093
      
      
#  type   3  conf  0.0000
#  type   3  conf  0.0000
# 111  norm    -0.1719291003   -0.9851093262    0.0000000000
# nedges  13 
#  type   0  conf  1.0000
   2.2195141084  -0.3873672227  -6.0528161544
   2.6328158462  -0.4594999231  -5.8047503384
      
      
#  type   0  conf  1.0000
   2.6328158462  -0.4594999231  -5.8047503384
   3.4952015614  -0.6100103245  -5.1171363240
      
      
#  type   0  conf  1.0000
   3.4952015614  -0.6100103245  -5.1171363240
   3.4896314240  -0.6090381799  -4.6952694905
      
      
#  type   0  conf  1.0000
   3.4896314240  -0.6090381799  -4.6952694905
   0.6210487621  -0.1083903604  -2.1979154430
      
      
#  type   0  conf  1.0000
   0.6210487621  -0.1083903604  -2.1979154430
  -0.0607681710   0.0106057436  -1.6195226307
      
      
#  type   0  conf  1.0000
  -0.0607681710   0.0106057436  -1.6195226307
  -0.1781458884   0.0310914347  -1.6243629647
      
      
#  type   0  conf  1.0000
  -0.1781458884   0.0310914347  -1.6243629647
  -0.7249323033   0.1265209407  -2.0998219067
      
      
#  type   0  conf  1.0000
  -0.7249323033   0.1265209407  -2.0998219067
  -0.9879294360   0.1724212882  -2.3311742127
      
      
#  type   0  conf  1.0000
  -0.9879294360   0.1724212882  -2.3311742127
  -3.7410899463   0.6529247176  -4.8170300399
      
      
#  type   0  conf  1.0000
  -3.7410899463   0.6529247176  -4.8170300399
  -3.7399213668   0.6527207678  -5.1727176702
      
      
#  type   0  conf  1.0000
  -3.7399213668   0.6527207678  -5.1727176702
  -2.8264079394   0.4932871521  -5.8166861100
      
      
#  type   3  conf  0.0000
#  type   3  conf  0.0000
# 112  norm    -0.1873813146   -0.9822872507    0.0000000000
# nedges  14 
#  type   0  conf  1.0000
   2.2134985033  -0.4222474221  -6.0543440155
   2.6169150422  -0.4992032426  -5.8025235813
      
      
#  type   0  conf  1.0000
   2.6169150422  -0.4992032426  -5.8025235813
   3.4899207751  -0.6657379928  -5.1180794095
      
      
#  type   0  conf  1.0000
   3.4899207751  -0.6657379928  -5.1180794095
   3.4840436478  -0.6646168708  -4.7169624738
      
      
#  type   0  conf  1.0000
   3.4840436478  -0.6646168708  -4.7169624738
   3.4673651357  -0.6614352745  -4.6779854833
      
      
#  type   0  conf  1.0000
   3.4673651357  -0.6614352745  -4.6779854833
   0.0483360284  -0.0092205906  -1.7054840814
      
      
#  type   0  conf  1.0000
   0.0483360284  -0.0092205906  -1.7054840814
  -0.0695361963   0.0132647389  -1.6187316287
      
      
#  type   0  conf  1.0000
  -0.0695361963   0.0132647389  -1.6187316287
  -0.1762772421   0.0336266823  -1.6249063700
      
      
#  type   0  conf  1.0000
  -0.1762772421   0.0336266823  -1.6249063700
  -0.8783240013   0.1675492641  -2.2410097844
      
      
#  type   0  conf  1.0000
  -0.8783240013   0.1675492641  -2.2410097844
  -3.3744728042   0.6437151145  -4.4938776023
      
      
#  type   3  conf  0.0000
#  type   4  conf  0.0000
#  type   0  conf  1.0000
  -3.7255365750   0.7106841104  -4.8114643536
  -3.7278154417   0.7111188275  -5.1466671631
      
      
#  type   0  conf  1.0000
  -3.7278154417   0.7111188275  -5.1466671631
  -3.7069151995   0.7071318931  -5.1890290134
      
      
#  type   0  conf  1.0000
  -3.7069151995   0.7071318931  -5.1890290134
  -2.4141505896   0.4605238547  -6.0862313655
      
      
# 113  norm    -0.2027872954   -0.9792228106    0.0000000000
# nedges  14 
#  type   0  conf  1.0000
   2.2064802130  -0.4569400853  -6.0550517132
   2.5842262356  -0.5351675259  -5.8098074396
      
      
#  type   0  conf  1.0000
   2.5842262356  -0.5351675259  -5.8098074396
   2.6421018319  -0.5471529858  -5.7670815041
      
      
#  type   0  conf  1.0000
   2.6421018319  -0.5471529858  -5.7670815041
   3.4823815073  -0.7211665411  -5.1186857395
      
      
#  type   0  conf  1.0000
   3.4823815073  -0.7211665411  -5.1186857395
   3.4764149990  -0.7199309366  -4.7463893301
      
      
#  type   0  conf  1.0000
   3.4764149990  -0.7199309366  -4.7463893301
   3.4680825872  -0.7182053771  -4.6834395042
      
      
#  type   0  conf  1.0000
   3.4680825872  -0.7182053771  -4.6834395042
  -0.0536617213   0.0111128082  -1.6169911965
      
      
#  type   0  conf  1.0000
  -0.0536617213   0.0111128082  -1.6169911965
  -0.1419345349   0.0293932291  -1.6221087725
      
      
#  type   0  conf  1.0000
  -0.1419345349   0.0293932291  -1.6221087725
  -0.2031067601   0.0420613880  -1.6444862384
      
      
#  type   0  conf  1.0000
  -0.2031067601   0.0420613880  -1.6444862384
  -3.3317916449   0.6899808798  -4.4640131501
      
      
#  type   3  conf  0.0000
#  type   4  conf  0.0000
#  type   0  conf  1.0000
  -3.7118899802   0.7686954609  -4.8112302972
  -3.7131630009   0.7689590908  -5.1469450376
      
      
#  type   0  conf  1.0000
  -3.7131630009   0.7689590908  -5.1469450376
  -3.6963108557   0.7654691793  -5.1866982633
      
      
#  type   0  conf  1.0000
  -3.6963108557   0.7654691793  -5.1866982633
  -2.4059021814   0.4982383896  -6.0878227691
      
      
# 114  norm    -0.2181432414   -0.9759167619    0.0000000000
# nedges  15 
#  type   0  conf  1.0000
   2.1980098229  -0.4913134051  -6.0555774864
   2.5731106642  -0.5751583769  -5.8034896279
      
      
#  type   0  conf  1.0000
   2.5731106642  -0.5751583769  -5.8034896279
   3.4740834035  -0.7765496445  -5.1201215809
      
      
#  type   0  conf  1.0000
   3.4740834035  -0.7765496445  -5.1201215809
   3.4683125999  -0.7752597170  -4.7315794810
      
      
#  type   0  conf  1.0000
   3.4683125999  -0.7752597170  -4.7315794810
   3.4594269065  -0.7732735292  -4.6830263820
      
      
#  type   0  conf  1.0000
   3.4594269065  -0.7732735292  -4.6830263820
  -0.0177325919   0.0039637039  -1.6467605407
      
      
#  type   0  conf  1.0000
  -0.0177325919   0.0039637039  -1.6467605407
  -0.0693304164   0.0154971841  -1.6192593289
      
      
#  type   0  conf  1.0000
  -0.0693304164   0.0154971841  -1.6192593289
  -0.1414866757   0.0316260190  -1.6220572560
      
      
#  type   0  conf  1.0000
  -0.1414866757   0.0316260190  -1.6220572560
  -0.1999738554   0.0446994526  -1.6461416987
      
      
#  type   0  conf  1.0000
  -0.1999738554   0.0446994526  -1.6461416987
  -3.3335149182   0.7451288654  -4.4786297180
      
      
#  type   3  conf  0.0000
#  type   4  conf  0.0000
#  type   0  conf  1.0000
  -3.6963292367   0.8262274739  -4.8102513166
  -3.6972598309   0.8264354864  -5.1459693292
      
      
#  type   0  conf  1.0000
  -3.6972598309   0.8264354864  -5.1459693292
  -3.6837189853   0.8234087488  -5.1836543951
      
      
#  type   0  conf  1.0000
  -3.6837189853   0.8234087488  -5.1836543951
  -2.7783936164   0.6210445532  -5.8314131665
      
      
#  type   0  conf  1.0000
  -2.7783936164   0.6210445532  -5.8314131665
  -2.3956787761   0.5354976510  -6.0867101713
      
      
# 115  norm    -0.2334453639   -0.9723699204   -0.0000000000
# nedges  15 
#  type   0  conf  1.0000
   2.1902922902  -0.5258426550  -6.0572274483
   2.5375960583  -0.6092229127  -5.8115923935
      
      
#  type   3  conf  0.0000
#  type   0  conf  1.0000
   2.5544588738  -0.6132713166  -5.8003921285
   3.4659776645  -0.8321076167  -5.1195038189
      
      
#  type   0  conf  1.0000
   3.4659776645  -0.8321076167  -5.1195038189
   3.4568334897  -0.8299122945  -4.6884211132
      
      
#  type   0  conf  1.0000
   3.4568334897  -0.8299122945  -4.6884211132
  -0.0465289318   0.0111706082  -1.6191185856
      
      
#  type   0  conf  1.0000
  -0.0465289318   0.0111706082  -1.6191185856
  -0.1266102913   0.0303964416  -1.6211482094
      
      
#  type   0  conf  1.0000
  -0.1266102913   0.0303964416  -1.6211482094
  -0.1863071296   0.0447283845  -1.6373798514
      
      
#  type   0  conf  1.0000
  -0.1863071296   0.0447283845  -1.6373798514
  -3.3197988714   0.7970131934  -4.4794385538
      
      
#  type   3  conf  0.0000
#  type   4  conf  0.0000
#  type   0  conf  1.0000
  -3.6807454506   0.8836688003  -4.8101403688
  -3.6807858787   0.8836785062  -5.1319510527
      
      
#  type   0  conf  1.0000
  -3.6807858787   0.8836785062  -5.1319510527
  -3.6700876032   0.8811100775  -5.1794464834
      
      
#  type   0  conf  1.0000
  -3.6700876032   0.8811100775  -5.1794464834
  -2.7613734918   0.6629471213  -5.8474089129
      
      
#  type   0  conf  1.0000
  -2.7613734918   0.6629471213  -5.8474089129
  -2.6032219213   0.6249782885  -5.9477579570
      
      
#  type   0  conf  1.0000
  -2.6032219213   0.6249782885  -5.9477579570
  -2.3861034552   0.5728527566  -6.0861973815
      
      
# 116  norm    -0.2486898872   -0.9685831611    0.0000000000
# nedges  15 
#  type   0  conf  1.0000
   2.1824980381  -0.5603702528  -6.0602849767
   3.4552883070  -0.8871672497  -5.1211831818
      
      
#  type   0  conf  1.0000
   3.4552883070  -0.8871672497  -5.1211831818
   3.4490751333  -0.8855719779  -4.7168162738
      
      
#  type   0  conf  1.0000
   3.4490751333  -0.8855719779  -4.7168162738
   3.4325397503  -0.8813264131  -4.6765275940
      
      
#  type   0  conf  1.0000
   3.4325397503  -0.8813264131  -4.6765275940
  -0.0116389485   0.0029883741  -1.6459331368
      
      
#  type   0  conf  1.0000
  -0.0116389485   0.0029883741  -1.6459331368
  -0.0689710633   0.0177087592  -1.6184525784
      
      
#  type   0  conf  1.0000
  -0.0689710633   0.0177087592  -1.6184525784
  -0.1019980672   0.0261886525  -1.6199360489
      
      
#  type   0  conf  1.0000
  -0.1019980672   0.0261886525  -1.6199360489
  -0.1772190109   0.0455021082  -1.6311983927
      
      
#  type   0  conf  1.0000
  -0.1772190109   0.0455021082  -1.6311983927
  -3.3038630332   0.8482878475  -4.4799012373
      
      
#  type   3  conf  0.0000
#  type   4  conf  0.0000
#  type   0  conf  1.0000
  -3.6547334878   0.9383760684  -4.8027410777
  -3.6637301754   0.9406860252  -4.8352628150
      
      
#  type   0  conf  1.0000
  -3.6637301754   0.9406860252  -4.8352628150
  -3.6624872553   0.9403668976  -5.1711703475
      
      
#  type   0  conf  1.0000
  -3.6624872553   0.9403668976  -5.1711703475
  -2.7793903836   0.7136261589  -5.8363322484
      
      
#  type   0  conf  1.0000
  -2.7793903836   0.7136261589  -5.8363322484
  -2.7504204547   0.7061879454  -5.8561496890
      
      
#  type   0  conf  1.0000
  -2.7504204547   0.7061879454  -5.8561496890
  -2.3769673320   0.6103014809  -6.0859390503
      
      
# 117  norm    -0.2638730500   -0.9645574185    0.0000000000
# nedges  14 
#  type   0  conf  1.0000
   2.1718912258  -0.5941622043  -6.0663614676
   3.4449971014  -0.9424445604  -5.1210968901
      
      
#  type   0  conf  1.0000
   3.4449971014  -0.9424445604  -5.1210968901
   3.4380092839  -0.9405329099  -4.6921701672
      
      
#  type   0  conf  1.0000
   3.4380092839  -0.9405329099  -4.6921701672
  -0.0362374639   0.0099134483  -1.6194010301
      
      
#  type   4  conf  0.0000
#  type   0  conf  1.0000
  -0.1261906426   0.0345218533  -1.6207165841
  -0.1860520897   0.0508980921  -1.6403454081
      
      
#  type   0  conf  1.0000
  -0.1860520897   0.0508980921  -1.6403454081
  -3.2953739478   0.9015122975  -4.4879887282
      
      
#  type   3  conf  0.0000
#  type   4  conf  0.0000
#  type   4  conf  0.0000
#  type   0  conf  1.0000
  -3.6431342122   0.9966487402  -4.8068024875
  -3.6467809325   0.9976463700  -5.1120804913
      
      
#  type   0  conf  1.0000
  -3.6467809325   0.9976463700  -5.1120804913
  -3.6361588239   0.9947404899  -5.1751881971
      
      
#  type   0  conf  1.0000
  -3.6361588239   0.9947404899  -5.1751881971
  -2.7717257997   0.7582583747  -5.8430709810
      
      
#  type   0  conf  1.0000
  -2.7717257997   0.7582583747  -5.8430709810
  -2.7502303297   0.7523778795  -5.8576855459
      
      
#  type   0  conf  1.0000
  -2.7502303297   0.7523778795  -5.8576855459
  -2.3649505883   0.6469772694  -6.0861399109
      
      
# 118  norm    -0.2789911060   -0.9602936857    0.0000000000
# nedges  18 
#  type   0  conf  1.0000
   2.1640570187  -0.6287166834  -6.0625137203
   2.5433452649  -0.7389101054  -5.7982794639
      
      
#  type   0  conf  1.0000
   2.5433452649  -0.7389101054  -5.7982794639
   2.5631230218  -0.7446560749  -5.7837727694
      
      
#  type   0  conf  1.0000
   2.5631230218  -0.7446560749  -5.7837727694
   3.4123489986  -0.9913790286  -5.1315642075
      
      
#  type   0  conf  1.0000
   3.4123489986  -0.9913790286  -5.1315642075
   3.4335720276  -0.9975448885  -5.0873061286
      
      
#  type   0  conf  1.0000
   3.4335720276  -0.9975448885  -5.0873061286
   3.4251357353  -0.9950939191  -4.6959654898
      
      
#  type   0  conf  1.0000
   3.4251357353  -0.9950939191  -4.6959654898
   0.6013137353  -0.1746977894  -2.1775297415
      
      
#  type   0  conf  1.0000
   0.6013137353  -0.1746977894  -2.1775297415
  -0.0451778952   0.0131253919  -1.6189314838
      
      
#  type   0  conf  1.0000
  -0.0451778952   0.0131253919  -1.6189314838
  -0.1656858505   0.0481361893  -1.6228266923
      
      
#  type   0  conf  1.0000
  -0.1656858505   0.0481361893  -1.6228266923
  -3.2444329124   0.9425948959  -4.4565193397
      
      
#  type   3  conf  0.0000
#  type   3  conf  0.0000
#  type   4  conf  0.0000
#  type   0  conf  1.0000
  -3.6043066978   1.0471478956  -4.7931773474
  -3.6258331000   1.0534018936  -4.8248096836
      
      
#  type   0  conf  1.0000
  -3.6258331000   1.0534018936  -4.8248096836
  -3.6256566534   1.0533506311  -5.1323861849
      
      
#  type   0  conf  1.0000
  -3.6256566534   1.0533506311  -5.1323861849
  -3.6076218091   1.0481110245  -5.1787487462
      
      
#  type   0  conf  1.0000
  -3.6076218091   1.0481110245  -5.1787487462
  -2.7700149581   0.8047637389  -5.8442406007
      
      
#  type   0  conf  1.0000
  -2.7700149581   0.8047637389  -5.8442406007
  -2.7481680746   0.7984166325  -5.8582095673
      
      
#  type   0  conf  1.0000
  -2.7481680746   0.7984166325  -5.8582095673
  -2.3519849922   0.6833148069  -6.0865982917
      
      
# 119  norm    -0.2940403252   -0.9557930148   -0.0000000000
# nedges  20 
#  type   0  conf  1.0000
   2.1571830432  -0.6636361574  -6.0635250558
   2.5498148906  -0.7844254856  -5.7983139485
      
      
#  type   0  conf  1.0000
   2.5498148906  -0.7844254856  -5.7983139485
   2.6293879986  -0.8089053700  -5.7362302223
      
      
#  type   0  conf  1.0000
   2.6293879986  -0.8089053700  -5.7362302223
   3.4097007175  -1.0489609072  -5.1214197185
      
      
#  type   0  conf  1.0000
   3.4097007175  -1.0489609072  -5.1214197185
   3.4200207228  -1.0521357554  -5.0577645568
      
      
#  type   0  conf  1.0000
   3.4200207228  -1.0521357554  -5.0577645568
   3.4155269602  -1.0507532935  -4.7312145496
      
      
#  type   0  conf  1.0000
   3.4155269602  -1.0507532935  -4.7312145496
   3.3942296728  -1.0442013924  -4.6830548552
      
      
#  type   0  conf  1.0000
   3.3942296728  -1.0442013924  -4.6830548552
   0.6259512805  -0.1925677581  -2.1965672330
      
      
#  type   0  conf  1.0000
   0.6259512805  -0.1925677581  -2.1965672330
   0.5208310991  -0.1602285677  -2.1049413311
      
      
#  type   0  conf  1.0000
   0.5208310991  -0.1602285677  -2.1049413311
  -0.0478056511   0.0147069386  -1.6156640007
      
      
#  type   0  conf  1.0000
  -0.0478056511   0.0147069386  -1.6156640007
  -0.1609796792   0.0495238158  -1.6279116531
      
      
#  type   0  conf  1.0000
  -0.1609796792   0.0495238158  -1.6279116531
  -0.7575265046   0.2330455824  -2.1672667236
      
      
#  type   0  conf  1.0000
  -0.7575265046   0.2330455824  -2.1672667236
  -0.9819712294   0.3020937956  -2.3735070150
      
      
#  type   3  conf  0.0000
#  type   3  conf  0.0000
#  type   4  conf  0.0000
#  type   0  conf  1.0000
  -3.6027400919   1.1083475731  -4.8095643554
  -3.6071744126   1.1097117483  -5.1175066229
      
      
#  type   0  conf  1.0000
  -3.6071744126   1.1097117483  -5.1175066229
  -3.5855167647   1.1030489858  -5.1758103147
      
      
#  type   0  conf  1.0000
  -3.5855167647   1.1030489858  -5.1758103147
  -2.7858532127   0.8570403550  -5.8299009874
      
      
#  type   0  conf  1.0000
  -2.7858532127   0.8570403550  -5.8299009874
  -2.7490618911   0.8457218666  -5.8568580088
      
      
#  type   0  conf  1.0000
  -2.7490618911   0.8457218666  -5.8568580088
  -2.3386359856   0.7194583714  -6.0858853513
      
      
# 120  norm    -0.3090169944   -0.9510565163    0.0000000000
# nedges  21 
#  type   0  conf  1.0000
   2.1493845053  -0.6983773605  -6.0637795342
   2.5561730991  -0.8305509869  -5.7967758136
      
      
#  type   0  conf  1.0000
   2.5561730991  -0.8305509869  -5.7967758136
   3.3945490026  -1.1029558308  -5.1202001244
      
      
#  type   0  conf  1.0000
   3.3945490026  -1.1029558308  -5.1202001244
   3.4078968898  -1.1072928222  -5.0642807029
      
      
#  type   0  conf  1.0000
   3.4078968898  -1.1072928222  -5.0642807029
   3.4013995174  -1.1051816979  -4.7314197909
      
      
#  type   0  conf  1.0000
   3.4013995174  -1.1051816979  -4.7314197909
   3.3786458931  -1.0977885973  -4.6852252167
      
      
#  type   0  conf  1.0000
   3.3786458931  -1.0977885973  -4.6852252167
   0.6213320995  -0.2018830370  -2.1900193244
      
      
#  type   0  conf  1.0000
   0.6213320995  -0.2018830370  -2.1900193244
   0.6071686834  -0.1972810642  -2.1772255987
      
      
#  type   0  conf  1.0000
   0.6071686834  -0.1972810642  -2.1772255987
  -0.0253350803   0.0082318666  -1.6327434303
      
      
#  type   0  conf  1.0000
  -0.0253350803   0.0082318666  -1.6327434303
  -0.0611269298   0.0198613435  -1.6178229782
      
      
#  type   0  conf  1.0000
  -0.0611269298   0.0198613435  -1.6178229782
  -0.1573750649   0.0511342583  -1.6271555915
      
      
#  type   0  conf  1.0000
  -0.1573750649   0.0511342583  -1.6271555915
  -0.7547967883   0.2452483432  -2.1668985969
      
      
#  type   0  conf  1.0000
  -0.7547967883   0.2452483432  -2.1668985969
  -0.9407533592   0.3056692957  -2.3384716981
      
      
#  type   3  conf  0.0000
#  type   3  conf  0.0000
#  type   4  conf  0.0000
#  type   0  conf  1.0000
  -3.5708905285   1.1602526658  -4.8033643722
  -3.5846221142   1.1647143284  -4.8548994190
      
      
#  type   0  conf  1.0000
  -3.5846221142   1.1647143284  -4.8548994190
  -3.5859101631   1.1651328409  -5.1173923881
      
      
#  type   0  conf  1.0000
  -3.5859101631   1.1651328409  -5.1173923881
  -3.5618501038   1.1573152538  -5.1730849209
      
      
#  type   0  conf  1.0000
  -3.5618501038   1.1573152538  -5.1730849209
  -2.7581141180   0.8961656014  -5.8496308333
      
      
#  type   0  conf  1.0000
  -2.7581141180   0.8961656014  -5.8496308333
  -2.7182486783   0.8832125348  -5.8717407572
      
      
#  type   0  conf  1.0000
  -2.7182486783   0.8832125348  -5.8717407572
  -2.3235188457   0.7549570375  -6.0861942896
      
      
# 121  norm    -0.3239174182   -0.9460853588    0.0000000000
# nedges  21 
#  type   0  conf  1.0000
   2.1403374022  -0.7328012836  -6.0642578747
   2.5386973738  -0.8691903867  -5.8101539853
      
      
#  type   0  conf  1.0000
   2.5386973738  -0.8691903867  -5.8101539853
   2.5814859887  -0.8838402040  -5.7796263741
      
      
#  type   0  conf  1.0000
   2.5814859887  -0.8838402040  -5.7796263741
   3.3741968768  -1.1552458038  -5.1185332098
      
      
#  type   0  conf  1.0000
   3.3741968768  -1.1552458038  -5.1185332098
   3.3936482456  -1.1619054959  -5.0577914738
      
      
#  type   0  conf  1.0000
   3.3936482456  -1.1619054959  -5.0577914738
   3.3873091219  -1.1597351287  -4.7462196660
      
      
#  type   0  conf  1.0000
   3.3873091219  -1.1597351287  -4.7462196660
   3.3671607090  -1.1528367851  -4.6924470833
      
      
#  type   0  conf  1.0000
   3.3671607090  -1.1528367851  -4.6924470833
   0.6456692710  -0.2210620018  -2.2098775065
      
      
#  type   0  conf  1.0000
   0.6456692710  -0.2210620018  -2.2098775065
   0.5900872885  -0.2020320357  -2.1603587583
      
      
#  type   0  conf  1.0000
   0.5900872885  -0.2020320357  -2.1603587583
  -0.0396947665   0.0135905562  -1.6173374201
      
      
#  type   0  conf  1.0000
  -0.0396947665   0.0135905562  -1.6173374201
  -0.1539371735   0.0527044746  -1.6266720351
      
      
#  type   0  conf  1.0000
  -0.1539371735   0.0527044746  -1.6266720351
  -0.7683804189   0.2630754183  -2.1817143112
      
      
#  type   0  conf  1.0000
  -0.7683804189   0.2630754183  -2.1817143112
  -1.2993974517   0.4448831851  -2.6821955688
      
      
#  type   3  conf  0.0000
#  type   3  conf  0.0000
#  type   4  conf  0.0000
#  type   0  conf  1.0000
  -3.5416109520   1.2125644532  -4.8019334662
  -3.5621439123   1.2195944569  -4.8475334468
      
      
#  type   0  conf  1.0000
  -3.5621439123   1.2195944569  -4.8475334468
  -3.5644495420   1.2203838503  -5.1136721447
      
      
#  type   0  conf  1.0000
  -3.5644495420   1.2203838503  -5.1136721447
  -3.5361712981   1.2107020434  -5.1731986883
      
      
#  type   0  conf  1.0000
  -3.5361712981   1.2107020434  -5.1731986883
  -2.7605258937   0.9451392647  -5.8431125611
      
      
#  type   0  conf  1.0000
  -2.7605258937   0.9451392647  -5.8431125611
  -2.7431334217   0.9391844905  -5.8562617282
      
      
#  type   0  conf  1.0000
  -2.7431334217   0.9391844905  -5.8562617282
  -2.3073348814   0.7899773004  -6.0860786996
      
      
# 122  norm    -0.3387379202   -0.9408807690    0.0000000000
# nedges  16 
#  type   0  conf  1.0000
   2.1276469504  -0.7660000361  -6.0666581884
   2.5587718849  -0.9212145633  -5.7980179616
      
      
#  type   0  conf  1.0000
   2.5587718849  -0.9212145633  -5.7980179616
   3.3598203660  -1.2096097622  -5.1160117222
      
      
#  type   0  conf  1.0000
   3.3598203660  -1.2096097622  -5.1160117222
   3.3788942697  -1.2164767901  -5.0524665003
      
      
#  type   0  conf  1.0000
   3.3788942697  -1.2164767901  -5.0524665003
   3.3705984805  -1.2134901222  -4.7397305420
      
      
#  type   0  conf  1.0000
   3.3705984805  -1.2134901222  -4.7397305420
   3.3418829917  -1.2031519101  -4.6880861262
      
      
#  type   0  conf  1.0000
   3.3418829917  -1.2031519101  -4.6880861262
   0.6103682881  -0.2197461053  -2.1758549076
      
      
#  type   0  conf  1.0000
   0.6103682881  -0.2197461053  -2.1758549076
  -0.0381737864   0.0137434088  -1.6165807493
      
      
#  type   0  conf  1.0000
  -0.0381737864   0.0137434088  -1.6165807493
  -0.1506226181   0.0542274793  -1.6259685031
      
      
#  type   0  conf  1.0000
  -0.1506226181   0.0542274793  -1.6259685031
  -0.8216899197   0.2958265741  -2.2328405133
      
      
#  type   0  conf  1.0000
  -0.8216899197   0.2958265741  -2.2328405133
  -3.5246604438   1.2689558419  -4.8165557892
      
      
#  type   0  conf  1.0000
  -3.5246604438   1.2689558419  -4.8165557892
  -3.5405782667   1.2746866108  -4.8707437397
      
      
#  type   0  conf  1.0000
  -3.5405782667   1.2746866108  -4.8707437397
  -3.5403055579   1.2745884296  -5.1026954671
      
      
#  type   0  conf  1.0000
  -3.5403055579   1.2745884296  -5.1026954671
  -3.5137413442   1.2650247242  -5.1646901214
      
      
#  type   0  conf  1.0000
  -3.5137413442   1.2650247242  -5.1646901214
  -2.7481223070   0.9893849100  -5.8488607417
      
      
#  type   0  conf  1.0000
  -2.7481223070   0.9893849100  -5.8488607417
  -2.7197884309   0.9791840868  -5.8648848162
      
      
#  type   0  conf  1.0000
  -2.7197884309   0.9791840868  -5.8648848162
  -2.2918065846   0.8251011411  -6.0856097822
      
      
# 123  norm    -0.3534748438   -0.9354440308   -0.0000000000
# nedges  18 
#  type   0  conf  1.0000
   2.1207837131  -0.8013773855  -6.0636247611
   2.5571689544  -0.9662736272  -5.7991010563
      
      
#  type   0  conf  1.0000
   2.5571689544  -0.9662736272  -5.7991010563
   3.3391153704  -1.2617465557  -5.1144166258
      
      
#  type   0  conf  1.0000
   3.3391153704  -1.2617465557  -5.1144166258
   3.3617706537  -1.2703072738  -5.0540494242
      
      
#  type   0  conf  1.0000
   3.3617706537  -1.2703072738  -5.0540494242
   3.3559337595  -1.2681016953  -4.7609912912
      
      
#  type   0  conf  1.0000
   3.3559337595  -1.2681016953  -4.7609912912
   3.3308743730  -1.2586325423  -4.6993023957
      
      
#  type   0  conf  1.0000
   3.3308743730  -1.2586325423  -4.6993023957
   0.6661902404  -0.2517323147  -2.2258292163
      
      
#  type   0  conf  1.0000
   0.6661902404  -0.2517323147  -2.2258292163
   0.6065435919  -0.2291937244  -2.1714713707
      
      
#  type   0  conf  1.0000
   0.6065435919  -0.2291937244  -2.1714713707
  -0.0331314587   0.0125193350  -1.6182408519
      
      
#  type   0  conf  1.0000
  -0.0331314587   0.0125193350  -1.6182408519
  -0.1443395097   0.0545413557  -1.6240532036
      
      
#  type   0  conf  1.0000
  -0.1443395097   0.0545413557  -1.6240532036
  -0.7288167769   0.2753969108  -2.1520883815
      
      
#  type   0  conf  1.0000
  -0.7288167769   0.2753969108  -2.1520883815
  -0.8710495558   0.3291421993  -2.2848831394
      
      
#  type   0  conf  1.0000
  -0.8710495558   0.3291421993  -2.2848831394
  -3.4995765628   1.3223797876  -4.8203369422
      
      
#  type   0  conf  1.0000
  -3.4995765628   1.3223797876  -4.8203369422
  -3.5164133108   1.3287418646  -4.8705917090
      
      
#  type   0  conf  1.0000
  -3.5164133108   1.3287418646  -4.8705917090
  -3.5176511752   1.3292096145  -5.0878376890
      
      
#  type   0  conf  1.0000
  -3.5176511752   1.3292096145  -5.0878376890
  -3.4964289964   1.3211904214  -5.1510590538
      
      
#  type   0  conf  1.0000
  -3.4964289964   1.3211904214  -5.1510590538
  -2.7450620092   1.0372724962  -5.8448646214
      
      
#  type   0  conf  1.0000
  -2.7450620092   1.0372724962  -5.8448646214
  -2.7044180433   1.0219144212  -5.8689768188
      
      
#  type   0  conf  1.0000
  -2.7044180433   1.0219144212  -5.8689768188
  -2.2724590758   0.8586907291  -6.0859336350
      
      
# 124  norm    -0.3681245527   -0.9297764859    0.0000000000
# nedges  18 
#  type   0  conf  1.0000
   2.1077218018  -0.8345060961  -6.0642864942
   2.5566729805  -1.0122584423  -5.7983790720
      
      
#  type   0  conf  1.0000
   2.5566729805  -1.0122584423  -5.7983790720
   3.3252781755  -1.3165707667  -5.1040856098
      
      
#  type   0  conf  1.0000
   3.3252781755  -1.3165707667  -5.1040856098
   3.3438238239  -1.3239135084  -5.0494657051
      
      
#  type   0  conf  1.0000
   3.3438238239  -1.3239135084  -5.0494657051
   3.3389266773  -1.3219745909  -4.7612255278
      
      
#  type   0  conf  1.0000
   3.3389266773  -1.3219745909  -4.7612255278
   3.3086106218  -1.3099716154  -4.7016162249
      
      
#  type   0  conf  1.0000
   3.3086106218  -1.3099716154  -4.7016162249
   0.6483896276  -0.2567156142  -2.2080461765
      
      
#  type   0  conf  1.0000
   0.6483896276  -0.2567156142  -2.2080461765
   0.5524989991  -0.2187498286  -2.1233920037
      
      
#  type   0  conf  1.0000
   0.5524989991  -0.2187498286  -2.1233920037
  -0.0311439852   0.0123307761  -1.6182123796
      
      
#  type   0  conf  1.0000
  -0.0311439852   0.0123307761  -1.6182123796
  -0.1412834053   0.0559380573  -1.6242468391
      
      
#  type   0  conf  1.0000
  -0.1412834053   0.0559380573  -1.6242468391
  -0.7401273292   0.2930371397  -2.1660861715
      
      
#  type   0  conf  1.0000
  -0.7401273292   0.2930371397  -2.1660861715
  -0.8511170637   0.3369810843  -2.2705664872
      
      
#  type   0  conf  1.0000
  -0.8511170637   0.3369810843  -2.2705664872
  -3.4666959444   1.3725620224  -4.8192061466
      
      
#  type   0  conf  1.0000
  -3.4666959444   1.3725620224  -4.8192061466
  -3.4907473211   1.3820846360  -4.8651348340
      
      
#  type   0  conf  1.0000
  -3.4907473211   1.3820846360  -4.8651348340
  -3.4936002601   1.3832141945  -5.0837525724
      
      
#  type   0  conf  1.0000
  -3.4936002601   1.3832141945  -5.0837525724
  -3.4805584989   1.3780505960  -5.1345058255
      
      
#  type   0  conf  1.0000
  -3.4805584989   1.3780505960  -5.1345058255
  -2.7361827410   1.0833313844  -5.8441243255
      
      
#  type   0  conf  1.0000
  -2.7361827410   1.0833313844  -5.8441243255
  -2.7095802890   1.0727987285  -5.8614961811
      
      
#  type   0  conf  1.0000
  -2.7095802890   1.0727987285  -5.8614961811
  -2.2549090115   0.8927816350  -6.0850035298
      
      
# 125  norm    -0.3826834324   -0.9238795325    0.0000000000
# nedges  17 
#  type   0  conf  1.0000
   2.0974007059  -0.8687718181  -6.0628333639
   2.5480381249  -1.0554319488  -5.8021611025
      
      
#  type   0  conf  1.0000
   2.5480381249  -1.0554319488  -5.8021611025
   2.5895211191  -1.0726147676  -5.7662971260
      
      
#  type   0  conf  1.0000
   2.5895211191  -1.0726147676  -5.7662971260
   3.2977742718  -1.3659828290  -5.1034292229
      
      
#  type   0  conf  1.0000
   3.2977742718  -1.3659828290  -5.1034292229
   3.3253396682  -1.3774007901  -5.0427062263
      
      
#  type   0  conf  1.0000
   3.3253396682  -1.3774007901  -5.0427062263
   3.3209630517  -1.3755879361  -4.7373327091
      
      
#  type   0  conf  1.0000
   3.3209630517  -1.3755879361  -4.7373327091
   0.6856173101  -0.2839919884  -2.2415718797
      
      
#  type   0  conf  1.0000
   0.6856173101  -0.2839919884  -2.2415718797
   0.6033715183  -0.2499246660  -2.1660316487
      
      
#  type   0  conf  1.0000
   0.6033715183  -0.2499246660  -2.1660316487
  -0.0292333745   0.0121088602  -1.6180737330
      
      
#  type   0  conf  1.0000
  -0.0292333745   0.0121088602  -1.6180737330
  -0.1400763118   0.0580215081  -1.6246774624
      
      
#  type   0  conf  1.0000
  -0.1400763118   0.0580215081  -1.6246774624
  -0.7496348350   0.3105089155  -2.1788937655
      
      
#  type   0  conf  1.0000
  -0.7496348350   0.3105089155  -2.1788937655
  -0.8452822640   0.3501273778  -2.2695875982
      
      
#  type   0  conf  1.0000
  -0.8452822640   0.3501273778  -2.2695875982
  -3.4475676297   1.4280292694  -4.8330659041
      
      
#  type   0  conf  1.0000
  -3.4475676297   1.4280292694  -4.8330659041
  -3.4670278783   1.4360899683  -4.8951658242
      
      
#  type   0  conf  1.0000
  -3.4670278783   1.4360899683  -4.8951658242
  -3.4685833245   1.4367342552  -5.1111434649
      
      
#  type   0  conf  1.0000
  -3.4685833245   1.4367342552  -5.1111434649
  -2.7210287045   1.1270869930  -5.8500475786
      
      
#  type   0  conf  1.0000
  -2.7210287045   1.1270869930  -5.8500475786
  -2.5960869976   1.0753344435  -5.9111803922
      
      
#  type   0  conf  1.0000
  -2.5960869976   1.0753344435  -5.9111803922
  -2.2359614274   0.9261655482  -6.0854087261
      
      
# 126  norm    -0.3971478906   -0.9177546257   -0.0000000000
# nedges  15 
#  type   0  conf  1.0000
   2.0809938755  -0.9005264642  -6.0651456095
   2.5448207943  -1.1012422953  -5.8008156663
      
      
#  type   0  conf  1.0000
   2.5448207943  -1.1012422953  -5.8008156663
   2.6268414323  -1.1367357948  -5.7248921504
      
      
#  type   0  conf  1.0000
   2.6268414323  -1.1367357948  -5.7248921504
   3.2707200220  -1.4153669415  -5.1033756066
      
      
#  type   0  conf  1.0000
   3.2707200220  -1.4153669415  -5.1033756066
   3.3064937918  -1.4308476341  -5.0446414440
      
      
#  type   0  conf  1.0000
   3.3064937918  -1.4308476341  -5.0446414440
   3.3033492342  -1.4294868625  -4.7425271074
      
      
#  type   0  conf  1.0000
   3.3033492342  -1.4294868625  -4.7425271074
   0.9178015702  -0.3971682053  -2.4627282320
      
      
#  type   0  conf  1.0000
   0.9178015702  -0.3971682053  -2.4627282320
   0.6214788303  -0.2689379052  -2.1816225916
      
      
#  type   0  conf  1.0000
   0.6214788303  -0.2689379052  -2.1816225916
  -0.0236138774   0.0102186373  -1.6198196268
      
      
#  type   4  conf  0.0000
#  type   0  conf  1.0000
  -0.1351816676   0.0584983313  -1.6227701866
  -0.7636475134   0.3304597881  -2.1961154564
      
      
#  type   0  conf  1.0000
  -0.7636475134   0.3304597881  -2.1961154564
  -0.9450322235   0.4089519613  -2.3739508485
      
      
#  type   0  conf  1.0000
  -0.9450322235   0.4089519613  -2.3739508485
  -3.4405163460   1.4888443722  -4.8598981335
      
      
#  type   0  conf  1.0000
  -3.4405163460   1.4888443722  -4.8598981335
  -3.4430003573   1.4899192999  -5.1073243650
      
      
#  type   0  conf  1.0000
  -3.4430003573   1.4899192999  -5.1073243650
  -2.7060791189   1.1710250037  -5.8527184521
      
      
#  type   0  conf  1.0000
  -2.7060791189   1.1710250037  -5.8527184521
  -2.2106346314   0.9566270289  -6.0864893306
      
      
# 127  norm    -0.4115143586   -0.9114032766   -0.0000000000
# nedges  14 
#  type   0  conf  1.0000
   2.0665926260  -0.9331023497  -6.0643074846
   2.5448336553  -1.1490364543  -5.7981119848
      
      
#  type   0  conf  1.0000
   2.5448336553  -1.1490364543  -5.7981119848
   3.2770675632  -1.4796527409  -5.0700577671
      
      
#  type   0  conf  1.0000
   3.2770675632  -1.4796527409  -5.0700577671
   3.2878807758  -1.4845350936  -5.0240834927
      
      
#  type   0  conf  1.0000
   3.2878807758  -1.4845350936  -5.0240834927
   3.2811561522  -1.4814988097  -4.7393941028
      
      
#  type   0  conf  1.0000
   3.2811561522  -1.4814988097  -4.7393941028
   0.6433609999  -0.2904886300  -2.2010885241
      
      
#  type   0  conf  1.0000
   0.6433609999  -0.2904886300  -2.2010885241
  -0.0173234863   0.0078218540  -1.6232364908
      
      
#  type   0  conf  1.0000
  -0.0173234863   0.0078218540  -1.6232364908
  -0.0726573419   0.0328060478  -1.6193124445
      
      
#  type   0  conf  1.0000
  -0.0726573419   0.0328060478  -1.6193124445
  -0.1396111303   0.0630368424  -1.6288531211
      
      
#  type   0  conf  1.0000
  -0.1396111303   0.0630368424  -1.6288531211
  -0.7742460342   0.3495854890  -2.2109808594
      
      
#  type   0  conf  1.0000
  -0.7742460342   0.3495854890  -2.2109808594
  -1.0562853335   0.4769311157  -2.4925902537
      
      
#  type   0  conf  1.0000
  -1.0562853335   0.4769311157  -2.4925902537
  -3.4133167186   1.5411715935  -4.8650844133
      
      
#  type   0  conf  1.0000
  -3.4133167186   1.5411715935  -4.8650844133
  -3.4165212331   1.5426184873  -5.1116179209
      
      
#  type   0  conf  1.0000
  -3.4165212331   1.5426184873  -5.1116179209
  -2.6925474252   1.2157317788  -5.8524003837
      
      
#  type   0  conf  1.0000
  -2.6925474252   1.2157317788  -5.8524003837
  -2.1898993812   0.9887774845  -6.0858424739
      
      
# 128  norm    -0.4257792916   -0.9048270525    0.0000000000
# nedges  18 
#  type   0  conf  1.0000
   2.0499039088  -0.9646115594  -6.0644287791
   2.5320531431  -1.1914937673  -5.8007630577
      
      
#  type   0  conf  1.0000
   2.5320531431  -1.1914937673  -5.8007630577
   2.6827519869  -1.2624072604  -5.6509276741
      
      
#  type   0  conf  1.0000
   2.6827519869  -1.2624072604  -5.6509276741
   3.2678857628  -1.5377503150  -5.0513456553
      
      
#  type   0  conf  1.0000
   3.2678857628  -1.5377503150  -5.0513456553
   3.2615639220  -1.5347754826  -4.7615724214
      
      
#  type   0  conf  1.0000
   3.2615639220  -1.5347754826  -4.7615724214
   3.2329202688  -1.5212968025  -4.7065406404
      
      
#  type   0  conf  1.0000
   3.2329202688  -1.5212968025  -4.7065406404
   0.6681561245  -0.3144104065  -2.2260456593
      
      
#  type   0  conf  1.0000
   0.6681561245  -0.3144104065  -2.2260456593
   0.5911855709  -0.2781908132  -2.1548057553
      
      
#  type   0  conf  1.0000
   0.5911855709  -0.2781908132  -2.1548057553
  -0.0235126199   0.0110641991  -1.6170754686
      
      
#  type   0  conf  1.0000
  -0.0235126199   0.0110641991  -1.6170754686
  -0.1323626928   0.0622851554  -1.6257562982
      
      
#  type   0  conf  1.0000
  -0.1323626928   0.0622851554  -1.6257562982
  -0.7533461568   0.3544977928  -2.1963170143
      
      
#  type   0  conf  1.0000
  -0.7533461568   0.3544977928  -2.1963170143
  -1.0191698919   0.4795849476  -2.4631616978
      
      
#  type   0  conf  1.0000
  -1.0191698919   0.4795849476  -2.4631616978
  -3.3751318832   1.5882165086  -4.8555891258
      
      
#  type   0  conf  1.0000
  -3.3751318832   1.5882165086  -4.8555891258
  -3.3875991906   1.5940831782  -4.9091657328
      
      
#  type   0  conf  1.0000
  -3.3875991906   1.5940831782  -4.9091657328
  -3.3880157813   1.5942792109  -5.1028429229
      
      
#  type   0  conf  1.0000
  -3.3880157813   1.5942792109  -5.1028429229
  -3.3499154302   1.5763505465  -5.1622969734
      
      
#  type   0  conf  1.0000
  -3.3499154302   1.5763505465  -5.1622969734
  -2.6783465482   1.2603342183  -5.8512650417
      
      
#  type   0  conf  1.0000
  -2.6783465482   1.2603342183  -5.8512650417
  -2.6377386616   1.2412255973  -5.8712745401
      
      
#  type   0  conf  1.0000
  -2.6377386616   1.2412255973  -5.8712745401
  -2.1673343701   1.0198701400  -6.0850864391
      
      
# 129  norm    -0.4399391699   -0.8980275758    0.0000000000
# nedges  18 
#  type   0  conf  1.0000
   2.0327933894  -0.9958552058  -6.0652121371
   2.5215985587  -1.2353183873  -5.8003972748
      
      
#  type   0  conf  1.0000
   2.5215985587  -1.2353183873  -5.8003972748
   2.5692817279  -1.2586781308  -5.7568517862
      
      
#  type   0  conf  1.0000
   2.5692817279  -1.2586781308  -5.7568517862
   3.2278549334  -1.5813098151  -5.0745034473
      
      
#  type   0  conf  1.0000
   3.2278549334  -1.5813098151  -5.0745034473
   3.2461876271  -1.5902909091  -5.0290395513
      
      
#  type   0  conf  1.0000
   3.2461876271  -1.5902909091  -5.0290395513
   3.2401904315  -1.5873529133  -4.7617462556
      
      
#  type   0  conf  1.0000
   3.2401904315  -1.5873529133  -4.7617462556
   3.2135965837  -1.5743247217  -4.7000404372
      
      
#  type   0  conf  1.0000
   3.2135965837  -1.5743247217  -4.7000404372
   0.6791591113  -0.3327166155  -2.2378636636
      
      
#  type   0  conf  1.0000
   0.6791591113  -0.3327166155  -2.2378636636
   0.6046608068  -0.2962202727  -2.1672788829
      
      
#  type   0  conf  1.0000
   0.6046608068  -0.2962202727  -2.1672788829
  -0.0182565500   0.0089437915  -1.6181986249
      
      
#  type   0  conf  1.0000
  -0.0182565500   0.0089437915  -1.6181986249
  -0.1319633300   0.0646481683  -1.6273448175
      
      
#  type   0  conf  1.0000
  -0.1319633300   0.0646481683  -1.6273448175
  -0.7552777515   0.3700067525  -2.2044914784
      
      
#  type   0  conf  1.0000
  -0.7552777515   0.3700067525  -2.2044914784
  -0.9411947774   0.4610865637  -2.3923854377
      
      
#  type   0  conf  1.0000
  -0.9411947774   0.4610865637  -2.3923854377
  -3.3577609784   1.6449501299  -4.8614335294
      
      
#  type   0  conf  1.0000
  -3.3577609784   1.6449501299  -4.8614335294
  -3.3609073575   1.6464915251  -5.0997739589
      
      
#  type   0  conf  1.0000
  -3.3609073575   1.6464915251  -5.0997739589
  -3.3399837322   1.6362411469  -5.1540214409
      
      
#  type   0  conf  1.0000
  -3.3399837322   1.6362411469  -5.1540214409
  -2.6702737914   1.3081536322  -5.8428749023
      
      
#  type   0  conf  1.0000
  -2.6702737914   1.3081536322  -5.8428749023
  -2.6512250305   1.2988217405  -5.8578181240
      
      
#  type   0  conf  1.0000
  -2.6512250305   1.2988217405  -5.8578181240
  -2.1420606268   1.0493846730  -6.0856543307
      
      
# 130  norm    -0.4539904997   -0.8910065242    0.0000000000
# nedges  17 
#  type   0  conf  1.0000
   2.0159699820  -1.0271880112  -6.0646426929
   2.5192476587  -1.2836207957  -5.7971614238
      
      
#  type   0  conf  1.0000
   2.5192476587  -1.2836207957  -5.7971614238
   3.2009265888  -1.6309535590  -5.0889202696
      
      
#  type   0  conf  1.0000
   3.2009265888  -1.6309535590  -5.0889202696
   3.2215697656  -1.6414717829  -5.0422999332
      
      
#  type   0  conf  1.0000
   3.2215697656  -1.6414717829  -5.0422999332
   3.2195831682  -1.6404595610  -4.7605422931
      
      
#  type   0  conf  1.0000
   3.2195831682  -1.6404595610  -4.7605422931
   3.1971795969  -1.6290443712  -4.6987558176
      
      
#  type   0  conf  1.0000
   3.1971795969  -1.6290443712  -4.6987558176
   0.6660144739  -0.3393513242  -2.2261382105
      
      
#  type   0  conf  1.0000
   0.6660144739  -0.3393513242  -2.2261382105
   0.5871117761  -0.2991483916  -2.1518917463
      
      
#  type   0  conf  1.0000
   0.5871117761  -0.2991483916  -2.1518917463
  -0.0163278668   0.0083194637  -1.6185780201
      
      
#  type   0  conf  1.0000
  -0.0163278668   0.0083194637  -1.6185780201
  -0.1241231732   0.0632439156  -1.6239179310
      
      
#  type   0  conf  1.0000
  -0.1241231732   0.0632439156  -1.6239179310
  -0.7398337011   0.3769640991  -2.1950182607
      
      
#  type   0  conf  1.0000
  -0.7398337011   0.3769640991  -2.1950182607
  -0.8454872007   0.4307972460  -2.3021304679
      
      
#  type   0  conf  1.0000
  -0.8454872007   0.4307972460  -2.3021304679
  -3.3093114119   1.6861783847  -4.8336390329
      
      
#  type   0  conf  1.0000
  -3.3093114119   1.6861783847  -4.8336390329
  -3.3296635211   1.6965483022  -4.8955274806
      
      
#  type   0  conf  1.0000
  -3.3296635211   1.6965483022  -4.8955274806
  -3.3316021693   1.6975360929  -5.1111597881
      
      
#  type   0  conf  1.0000
  -3.3316021693   1.6975360929  -5.1111597881
  -3.3026656707   1.6827922104  -5.1717315025
      
      
#  type   0  conf  1.0000
  -3.3026656707   1.6827922104  -5.1717315025
  -2.6423382158   1.3463385671  -5.8538536265
      
      
#  type   0  conf  1.0000
  -2.6423382158   1.3463385671  -5.8538536265
  -2.1165027167   1.0784119981  -6.0862062739
      
      
# 131  norm    -0.4679298143   -0.8837656301   -0.0000000000
# nedges  18 
#  type   0  conf  1.0000
   1.9975115336  -1.0576279152  -6.0640096319
   2.5049977381  -1.3263280291  -5.7994612662
      
      
#  type   0  conf  1.0000
   2.5049977381  -1.3263280291  -5.7994612662
   3.1836203344  -1.6856401981  -5.0907504347
      
      
#  type   0  conf  1.0000
   3.1836203344  -1.6856401981  -5.0907504347
   3.1989553683  -1.6937596806  -5.0437609005
      
      
#  type   0  conf  1.0000
   3.1989553683  -1.6937596806  -5.0437609005
   3.1955975003  -1.6919817810  -4.7468028385
      
      
#  type   0  conf  1.0000
   3.1955975003  -1.6919817810  -4.7468028385
   3.1704062143  -1.6786436816  -4.6883750130
      
      
#  type   0  conf  1.0000
   3.1704062143  -1.6786436816  -4.6883750130
   0.6342835869  -0.3358358720  -2.1968044762
      
      
#  type   0  conf  1.0000
   0.6342835869  -0.3358358720  -2.1968044762
   0.6025250691  -0.3190206024  -2.1670599202
      
      
#  type   0  conf  1.0000
   0.6025250691  -0.3190206024  -2.1670599202
  -0.0114832974   0.0060800930  -1.6198010259
      
      
#  type   4  conf  0.0000
#  type   0  conf  1.0000
  -0.1166367251   0.0617559670  -1.6209903741
  -0.6781234598   0.3590478899  -2.1432312019
      
      
#  type   0  conf  1.0000
  -0.6781234598   0.3590478899  -2.1432312019
  -0.7694547685   0.4074053286  -2.2313818622
      
      
#  type   0  conf  1.0000
  -0.7694547685   0.4074053286  -2.2313818622
  -3.2852929477   1.7394730757  -4.8321528677
      
      
#  type   0  conf  1.0000
  -3.2852929477   1.7394730757  -4.8321528677
  -3.2997139317   1.7471085937  -4.8941763375
      
      
#  type   0  conf  1.0000
  -3.2997139317   1.7471085937  -4.8941763375
  -3.3024723230   1.7485690867  -5.1111319268
      
      
#  type   0  conf  1.0000
  -3.3024723230   1.7485690867  -5.1111319268
  -3.2789876214   1.7361345773  -5.1734507452
      
      
#  type   0  conf  1.0000
  -3.2789876214   1.7361345773  -5.1734507452
  -2.6288895524   1.3919253681  -5.8478672430
      
      
#  type   0  conf  1.0000
  -2.6288895524   1.3919253681  -5.8478672430
  -2.6022171617   1.3778030642  -5.8634395265
      
      
#  type   0  conf  1.0000
  -2.6022171617   1.3778030642  -5.8634395265
  -2.0914131938   1.1073462850  -6.0852906699
      
      
# 132  norm    -0.4817536741   -0.8763066800    0.0000000000
# nedges  18 
#  type   0  conf  1.0000
   1.9780000683  -1.0874147396  -6.0638777318
   2.4763284637  -1.3613730933  -5.8075538059
      
      
#  type   0  conf  1.0000
   2.4763284637  -1.3613730933  -5.8075538059
   2.5063960666  -1.3779028978  -5.7845890199
      
      
#  type   0  conf  1.0000
   2.5063960666  -1.3779028978  -5.7845890199
   3.1537666790  -1.7337979037  -5.1023644001
      
      
#  type   0  conf  1.0000
   3.1537666790  -1.7337979037  -5.1023644001
   3.1763967893  -1.7462389121  -5.0425803067
      
      
#  type   0  conf  1.0000
   3.1763967893  -1.7462389121  -5.0425803067
   3.1703179782  -1.7428970575  -4.7459507925
      
      
#  type   0  conf  1.0000
   3.1703179782  -1.7428970575  -4.7459507925
   3.1493490665  -1.7313693007  -4.6850009975
      
      
#  type   0  conf  1.0000
   3.1493490665  -1.7313693007  -4.6850009975
   0.6475305528  -0.3559829339  -2.2117027676
      
      
#  type   0  conf  1.0000
   0.6475305528  -0.3559829339  -2.2117027676
   0.6008149510  -0.3303008144  -2.1668929244
      
      
#  type   0  conf  1.0000
   0.6008149510  -0.3303008144  -2.1668929244
  -0.0095741435   0.0052634299  -1.6195557669
      
      
#  type   4  conf  0.0000
#  type   0  conf  1.0000
  -0.1168298857   0.0642277732  -1.6230038736
  -0.6110900731   0.3359496106  -2.0875357862
      
      
#  type   0  conf  1.0000
  -0.6110900731   0.3359496106  -2.0875357862
  -0.7405598166   0.4071262044  -2.2098722851
      
      
#  type   0  conf  1.0000
  -0.7405598166   0.4071262044  -2.2098722851
  -3.2493764245   1.7863598061  -4.8193201417
      
      
#  type   0  conf  1.0000
  -3.2493764245   1.7863598061  -4.8193201417
  -3.2699343689   1.7976616317  -4.8804067152
      
      
#  type   0  conf  1.0000
  -3.2699343689   1.7976616317  -4.8804067152
  -3.2690944737   1.7971998954  -5.1326936143
      
      
#  type   0  conf  1.0000
  -3.2690944737   1.7971998954  -5.1326936143
  -3.2474443794   1.7852976553  -5.1800827419
      
      
#  type   0  conf  1.0000
  -3.2474443794   1.7852976553  -5.1800827419
  -2.6038425298   1.4314745444  -5.8537883362
      
      
#  type   0  conf  1.0000
  -2.6038425298   1.4314745444  -5.8537883362
  -2.0627711555   1.1340180391  -6.0863760004
      
      
# 133  norm    -0.4954586684   -0.8686315144    0.0000000000
# nedges  17 
#  type   0  conf  1.0000
   1.9524278500  -1.1136451840  -6.0658214184
   2.4761369851  -1.4123636008  -5.8003701027
      
      
#  type   0  conf  1.0000
   2.4761369851  -1.4123636008  -5.8003701027
   3.1387196060  -1.7902940553  -5.0998589685
      
      
#  type   0  conf  1.0000
   3.1387196060  -1.7902940553  -5.0998589685
   3.1515509861  -1.7976129453  -5.0508009313
      
      
#  type   0  conf  1.0000
   3.1515509861  -1.7976129453  -5.0508009313
   3.1439684394  -1.7932879370  -4.6985502412
      
      
#  type   0  conf  1.0000
   3.1439684394  -1.7932879370  -4.6985502412
   0.6279683254  -0.3581868090  -2.1945289244
      
      
#  type   0  conf  1.0000
   0.6279683254  -0.3581868090  -2.1945289244
   0.5636853648  -0.3215204556  -2.1344368020
      
      
#  type   0  conf  1.0000
   0.5636853648  -0.3215204556  -2.1344368020
  -0.0116956695   0.0066710921  -1.6168349549
      
      
#  type   0  conf  1.0000
  -0.0116956695   0.0066710921  -1.6168349549
  -0.1184786853   0.0675790490  -1.6268319871
      
      
#  type   0  conf  1.0000
  -0.1184786853   0.0675790490  -1.6268319871
  -0.7189966901   0.4101084715  -2.1963537097
      
      
#  type   0  conf  1.0000
  -0.7189966901   0.4101084715  -2.1963537097
  -0.7725629180   0.4406621085  -2.2512901160
      
      
#  type   0  conf  1.0000
  -0.7725629180   0.4406621085  -2.2512901160
  -3.2227084200   1.8382004290  -4.8189060440
      
      
#  type   0  conf  1.0000
  -3.2227084200   1.8382004290  -4.8189060440
  -3.2388226047   1.8473917977  -4.8803308243
      
      
#  type   0  conf  1.0000
  -3.2388226047   1.8473917977  -4.8803308243
  -3.2382038764   1.8470388813  -5.1326581281
      
      
#  type   0  conf  1.0000
  -3.2382038764   1.8470388813  -5.1326581281
  -3.2191085014   1.8361470717  -5.1830266124
      
      
#  type   0  conf  1.0000
  -3.2191085014   1.8361470717  -5.1830266124
  -2.5883923586   1.4763929354  -5.8477691705
      
      
#  type   0  conf  1.0000
  -2.5883923586   1.4763929354  -5.8477691705
  -2.5615439395   1.4610788675  -5.8631942191
      
      
#  type   0  conf  1.0000
  -2.5615439395   1.4610788675  -5.8631942191
  -2.0357781783   1.1611873720  -6.0852915327
      
      
# 134  norm    -0.5090414158   -0.8607420270   -0.0000000000
# nedges  13 
#  type   0  conf  1.0000
   1.9351957811  -1.1444715946  -6.0639013339
   2.4603889503  -1.4550699690  -5.8003122770
      
      
#  type   0  conf  1.0000
   2.4603889503  -1.4550699690  -5.8003122770
   3.1259267891  -1.8486679497  -5.0906890690
      
      
#  type   0  conf  1.0000
   3.1259267891  -1.8486679497  -5.0906890690
   3.1185262093  -1.8442912590  -4.6943193658
      
      
#  type   0  conf  1.0000
   3.1185262093  -1.8442912590  -4.6943193658
   0.6068477648  -0.3588887677  -2.1759900401
      
      
#  type   0  conf  1.0000
   0.6068477648  -0.3588887677  -2.1759900401
  -0.0046284591   0.0027372631  -1.6200720334
      
      
#  type   4  conf  0.0000
#  type   0  conf  1.0000
  -0.1124595345   0.0665083833  -1.6239628217
  -0.6960960155   0.4116700360  -2.1818143743
      
      
#  type   0  conf  1.0000
  -0.6960960155   0.4116700360  -2.1818143743
  -0.7619519879   0.4506171495  -2.2486668208
      
      
#  type   0  conf  1.0000
  -0.7619519879   0.4506171495  -2.2486668208
  -3.2073031194   1.8967937773  -4.8312153817
      
      
#  type   0  conf  1.0000
  -3.2073031194   1.8967937773  -4.8312153817
  -3.2056242691   1.8958009080  -5.1688074709
      
      
#  type   0  conf  1.0000
  -3.2056242691   1.8958009080  -5.1688074709
  -2.5610772227   1.5146168473  -5.8518699010
      
      
#  type   0  conf  1.0000
  -2.5610772227   1.5146168473  -5.8518699010
  -2.5341520017   1.4986933160  -5.8648025598
      
      
#  type   0  conf  1.0000
  -2.5341520017   1.4986933160  -5.8648025598
  -2.0062133691   1.1864712790  -6.0858015728
      
      
# 135  norm    -0.5224985647   -0.8526401644    0.0000000000
# nedges  16 
#  type   0  conf  1.0000
   1.9137924229  -1.1727735051  -6.0634895180
   2.4263489031  -1.4868685201  -5.8089057015
      
      
#  type   0  conf  1.0000
   2.4263489031  -1.4868685201  -5.8089057015
   2.4524636546  -1.5028716604  -5.7913436440
      
      
#  type   0  conf  1.0000
   2.4524636546  -1.5028716604  -5.7913436440
   3.0996412190  -1.8994625820  -5.0928997962
      
      
#  type   0  conf  1.0000
   3.0996412190  -1.8994625820  -5.0928997962
   3.0937277124  -1.8958387804  -4.7318327633
      
      
#  type   0  conf  1.0000
   3.0937277124  -1.8958387804  -4.7318327633
   3.0843460638  -1.8900896988  -4.6828928418
      
      
#  type   0  conf  1.0000
   3.0843460638  -1.8900896988  -4.6828928418
   0.6102762424  -0.3739777623  -2.1817263502
      
      
#  type   0  conf  1.0000
   0.6102762424  -0.3739777623  -2.1817263502
   0.4684199177  -0.2870480947  -2.0512453997
      
      
#  type   0  conf  1.0000
   0.4684199177  -0.2870480947  -2.0512453997
  -0.0049709230   0.0030461855  -1.6179287778
      
      
#  type   4  conf  0.0000
#  type   0  conf  1.0000
  -0.1085949262   0.0665470564  -1.6243352477
  -0.6919308495   0.4240157699  -2.1845658538
      
      
#  type   0  conf  1.0000
  -0.6919308495   0.4240157699  -2.1845658538
  -0.7426613904   0.4551034853  -2.2369178299
      
      
#  type   0  conf  1.0000
  -0.7426613904   0.4551034853  -2.2369178299
  -3.1738301178   1.9449255976  -4.8266008365
      
      
#  type   0  conf  1.0000
  -3.1738301178   1.9449255976  -4.8266008365
  -3.1752838144   1.9458164240  -5.1687134407
      
      
#  type   0  conf  1.0000
  -3.1752838144   1.9458164240  -5.1687134407
  -2.5489104211   1.5619743150  -5.8407115523
      
      
#  type   0  conf  1.0000
  -2.5489104211   1.5619743150  -5.8407115523
  -2.5231699462   1.5462005316  -5.8599725052
      
      
#  type   0  conf  1.0000
  -2.5231699462   1.5462005316  -5.8599725052
  -1.9786763497   1.2125344266  -6.0842642406
      
      
# 136  norm    -0.5358267950   -0.8443279255    0.0000000000
# nedges  14 
#  type   0  conf  1.0000
   1.8905001673  -1.1997478882  -6.0630933753
   2.4256303402  -1.5393518226  -5.8001875027
      
      
#  type   0  conf  1.0000
   2.4256303402  -1.5393518226  -5.8001875027
   3.0723836332  -1.9497939431  -5.0971913692
      
      
#  type   0  conf  1.0000
   3.0723836332  -1.9497939431  -5.0971913692
   3.0661474367  -1.9458363325  -4.6896790862
      
      
#  type   0  conf  1.0000
   3.0661474367  -1.9458363325  -4.6896790862
   0.6136493969  -0.3894337492  -2.1882995117
      
      
#  type   0  conf  1.0000
   0.6136493969  -0.3894337492  -2.1882995117
   0.5636965819  -0.3577327288  -2.1411200761
      
      
#  type   0  conf  1.0000
   0.5636965819  -0.3577327288  -2.1411200761
  -0.0032410678   0.0020568441  -1.6174571749
      
      
#  type   0  conf  1.0000
  -0.0032410678   0.0020568441  -1.6174571749
  -0.1075592699   0.0682591883  -1.6255311428
      
      
#  type   0  conf  1.0000
  -0.1075592699   0.0682591883  -1.6255311428
  -0.6798579388   0.4314509676  -2.1815474764
      
      
#  type   0  conf  1.0000
  -0.6798579388   0.4314509676  -2.1815474764
  -0.7224492643   0.4584802446  -2.2245725254
      
      
#  type   0  conf  1.0000
  -0.7224492643   0.4584802446  -2.2245725254
  -3.1418135171   1.9938554872  -4.8253676893
      
      
#  type   0  conf  1.0000
  -3.1418135171   1.9938554872  -4.8253676893
  -3.1410209887   1.9933525334  -5.1741756382
      
      
#  type   0  conf  1.0000
  -3.1410209887   1.9933525334  -5.1741756382
  -2.5123006242   1.5943544573  -5.8521080733
      
      
#  type   0  conf  1.0000
  -2.5123006242   1.5943544573  -5.8521080733
  -2.4858887131   1.5775929489  -5.8652717940
      
      
#  type   0  conf  1.0000
  -2.4858887131   1.5775929489  -5.8652717940
  -1.9469021257   1.2355416594  -6.0845357421
      
      
# 137  norm    -0.5490228180   -0.8358073614    0.0000000000
# nedges  12 
#  type   0  conf  1.0000
   1.8644338060  -1.2247040998  -6.0638782989
   2.4050936340  -1.5798512259  -5.8009270487
      
      
#  type   0  conf  1.0000
   2.4050936340  -1.5798512259  -5.8009270487
   3.0447707647  -2.0000405628  -5.0998442132
      
      
#  type   0  conf  1.0000
   3.0447707647  -2.0000405628  -5.0998442132
   3.0385060466  -1.9959254121  -4.6878074088
      
      
#  type   0  conf  1.0000
   3.0385060466  -1.9959254121  -4.6878074088
   0.5984038812  -0.3930778794  -2.1762806510
      
      
#  type   0  conf  1.0000
   0.5984038812  -0.3930778794  -2.1762806510
   0.0008098335  -0.0005319612  -1.6185789893
      
      
#  type   0  conf  1.0000
   0.0008098335  -0.0005319612  -1.6185789893
  -0.1022302078   0.0671526949  -1.6241907917
      
      
#  type   0  conf  1.0000
  -0.1022302078   0.0671526949  -1.6241907917
  -0.6712802511   0.4409487068  -2.1813701525
      
      
#  type   0  conf  1.0000
  -0.6712802511   0.4409487068  -2.1813701525
  -0.7151120804   0.4697408371  -2.2270689373
      
      
#  type   0  conf  1.0000
  -0.7151120804   0.4697408371  -2.2270689373
  -3.1063026970   2.0404594876  -4.8210029810
      
      
#  type   0  conf  1.0000
  -3.1063026970   2.0404594876  -4.8210029810
  -3.1061262587   2.0403435892  -5.1778736513
      
      
#  type   0  conf  1.0000
  -3.1061262587   2.0403435892  -5.1778736513
  -2.4812564039   1.6298808147  -5.8567602088
      
      
#  type   0  conf  1.0000
  -2.4812564039   1.6298808147  -5.8567602088
  -1.9116899553   1.2557455879  -6.0860915709
      
      
# 138  norm    -0.5620833779   -0.8270805743    0.0000000000
# nedges  12 
#  type   0  conf  1.0000
   1.8401420682  -1.2505592581  -6.0631159885
   2.3830352277  -1.6195090684  -5.8018360380
      
      
#  type   0  conf  1.0000
   2.3830352277  -1.6195090684  -5.8018360380
   3.0158064816  -2.0495399685  -5.1014988822
      
      
#  type   0  conf  1.0000
   3.0158064816  -2.0495399685  -5.1014988822
   3.0103452259  -2.0458285030  -4.6873264634
      
      
#  type   0  conf  1.0000
   3.0103452259  -2.0458285030  -4.6873264634
   0.6000564551  -0.4077979458  -2.1817220607
      
      
#  type   0  conf  1.0000
   0.6000564551  -0.4077979458  -2.1817220607
   0.4280482458  -0.2909012875  -2.0189307435
      
      
#  type   0  conf  1.0000
   0.4280482458  -0.2909012875  -2.0189307435
  -0.0017030488   0.0011573908  -1.6159413761
      
      
#  type   0  conf  1.0000
  -0.0017030488   0.0011573908  -1.6159413761
  -0.1028301041   0.0698832666  -1.6267234588
      
      
#  type   0  conf  1.0000
  -0.1028301041   0.0698832666  -1.6267234588
  -0.6856219405   0.4659481896  -2.2047291914
      
      
#  type   0  conf  1.0000
  -0.6856219405   0.4659481896  -2.2047291914
  -3.0708837961   2.0869704727  -4.8190013664
      
      
#  type   0  conf  1.0000
  -3.0708837961   2.0869704727  -4.8190013664
  -3.0718396768   2.0876200886  -5.1777274894
      
      
#  type   0  conf  1.0000
  -3.0718396768   2.0876200886  -5.1777274894
  -2.4541782352   1.6678578064  -5.8570011280
      
      
#  type   0  conf  1.0000
  -2.4541782352   1.6678578064  -5.8570011280
  -1.8799769126   1.2776309905  -6.0869914481
      
      
# 139  norm    -0.5750052520   -0.8181497174    0.0000000000
# nedges  13 
#  type   0  conf  1.0000
   1.8104262358  -1.2723888695  -6.0644988160
   2.3591175063  -1.6580155531  -5.8033192361
      
      
#  type   0  conf  1.0000
   2.3591175063  -1.6580155531  -5.8033192361
   2.9859759419  -2.0985790406  -5.1025722390
      
      
#  type   0  conf  1.0000
   2.9859759419  -2.0985790406  -5.1025722390
   2.9807591635  -2.0949126273  -4.6871525987
      
      
#  type   0  conf  1.0000
   2.9807591635  -2.0949126273  -4.6871525987
   0.5906180751  -0.4150933355  -2.1759300957
      
      
#  type   0  conf  1.0000
   0.5906180751  -0.4150933355  -2.1759300957
   0.0041822014  -0.0029393004  -1.6177743881
      
      
#  type   0  conf  1.0000
   0.0041822014  -0.0029393004  -1.6177743881
  -0.0969377950   0.0681290234  -1.6250732968
      
      
#  type   0  conf  1.0000
  -0.0969377950   0.0681290234  -1.6250732968
  -0.5913916054   0.4156369817  -2.1196260610
      
      
#  type   0  conf  1.0000
  -0.5913916054   0.4156369817  -2.1196260610
  -0.6820837975   0.4793765219  -2.2113234526
      
      
#  type   0  conf  1.0000
  -0.6820837975   0.4793765219  -2.2113234526
  -3.0353196862   2.1332584049  -4.8187194975
      
      
#  type   0  conf  1.0000
  -3.0353196862   2.1332584049  -4.8187194975
  -3.0363947158   2.1340139484  -5.1778482213
      
      
#  type   0  conf  1.0000
  -3.0363947158   2.1340139484  -5.1778482213
  -2.4338477967   1.7105368809  -5.8472830222
      
      
#  type   0  conf  1.0000
  -2.4338477967   1.7105368809  -5.8472830222
  -2.3972375961   1.6848068010  -5.8692912056
      
      
#  type   0  conf  1.0000
  -2.3972375961   1.6848068010  -5.8692912056
  -1.8506218740   1.3006388371  -6.0874745130
      
      
# 140  norm    -0.5877852523   -0.8090169944    0.0000000000
# nedges  11 
#  type   0  conf  1.0000
   1.7870480852  -1.2983664335  -6.0634541037
   2.3351539695  -1.6965886682  -5.8044940494
      
      
#  type   0  conf  1.0000
   2.3351539695  -1.6965886682  -5.8044940494
   2.9553539328  -2.1471903175  -5.1022711896
      
      
#  type   0  conf  1.0000
   2.9553539328  -2.1471903175  -5.1022711896
   2.9492112784  -2.1427274178  -4.6864651925
      
      
#  type   0  conf  1.0000
   2.9492112784  -2.1427274178  -4.6864651925
   0.5848722158  -0.4249345382  -2.1748211438
      
      
#  type   0  conf  1.0000
   0.5848722158  -0.4249345382  -2.1748211438
   0.0047161807  -0.0034265058  -1.6166460719
      
      
#  type   0  conf  1.0000
   0.0047161807  -0.0034265058  -1.6166460719
  -0.0971082362   0.0705532634  -1.6273911972
      
      
#  type   0  conf  1.0000
  -0.0971082362   0.0705532634  -1.6273911972
  -0.6683420752   0.4855789409  -2.2066737463
      
      
#  type   0  conf  1.0000
  -0.6683420752   0.4855789409  -2.2066737463
  -2.9988433894   2.1787872573  -4.8185075317
      
      
#  type   0  conf  1.0000
  -2.9988433894   2.1787872573  -4.8185075317
  -2.9999674709   2.1796039503  -5.1782689053
      
      
#  type   0  conf  1.0000
  -2.9999674709   2.1796039503  -5.1782689053
  -2.3938032556   1.7391998689  -5.8584383076
      
      
#  type   0  conf  1.0000
  -2.3938032556   1.7391998689  -5.8584383076
  -1.8298616577   1.3294723147  -6.0871302694
      
      
# 141  norm    -0.6004202253   -0.7996846585    0.0000000000
# nedges  14 
#  type   0  conf  1.0000
   1.7625829118  -1.3233846840  -6.0651276384
   2.3120745574  -1.7359546816  -5.8032909257
      
      
#  type   0  conf  1.0000
   2.3120745574  -1.7359546816  -5.8032909257
   2.9231545639  -2.1947665286  -5.1020396920
      
      
#  type   0  conf  1.0000
   2.9231545639  -2.1947665286  -5.1020396920
   2.9168948879  -2.1900666309  -4.6868787237
      
      
#  type   0  conf  1.0000
   2.9168948879  -2.1900666309  -4.6868787237
   0.6143352266  -0.4612559354  -2.2112277115
      
      
#  type   0  conf  1.0000
   0.6143352266  -0.4612559354  -2.2112277115
   0.5721603205  -0.4295901202  -2.1668667987
      
      
#  type   0  conf  1.0000
   0.5721603205  -0.4295901202  -2.1668667987
   0.0069490947  -0.0052175279  -1.6168255975
      
      
#  type   0  conf  1.0000
   0.0069490947  -0.0052175279  -1.6168255975
  -0.0931178574   0.0699148650  -1.6265467006
      
      
#  type   0  conf  1.0000
  -0.0931178574   0.0699148650  -1.6265467006
  -0.6484085144   0.4868388836  -2.1966714312
      
      
#  type   0  conf  1.0000
  -0.6484085144   0.4868388836  -2.1966714312
  -0.7149499688   0.5367996207  -2.2706792163
      
      
#  type   0  conf  1.0000
  -0.7149499688   0.5367996207  -2.2706792163
  -2.9613641015   2.2234550610  -4.8198771572
      
      
#  type   0  conf  1.0000
  -2.9613641015   2.2234550610  -4.8198771572
  -2.9634810069   2.2250444785  -5.1754998376
      
      
#  type   0  conf  1.0000
  -2.9634810069   2.2250444785  -5.1754998376
  -2.3677896312   1.7777867423  -5.8534191324
      
      
#  type   0  conf  1.0000
  -2.3677896312   1.7777867423  -5.8534191324
  -2.2834517734   1.7144640875  -5.8906539497
      
      
#  type   0  conf  1.0000
  -2.2834517734   1.7144640875  -5.8906539497
  -1.8159927717   1.3634859411  -6.0862779242
      
      
# 142  norm    -0.6129070537   -0.7901550124    0.0000000000
# nedges  14 
#  type   0  conf  1.0000
   1.7443028625  -1.3530199915  -6.0648369816
   2.2862554903  -1.7734015409  -5.8032555185
      
      
#  type   0  conf  1.0000
   2.2862554903  -1.7734015409  -5.8032555185
   2.8903806257  -2.2420090305  -5.1008713434
      
      
#  type   0  conf  1.0000
   2.8903806257  -2.2420090305  -5.1008713434
   2.8837348863  -2.2368540666  -4.6875501017
      
      
#  type   0  conf  1.0000
   2.8837348863  -2.2368540666  -4.6875501017
   0.5815104535  -0.4510657442  -2.1815267393
      
      
#  type   0  conf  1.0000
   0.5815104535  -0.4510657442  -2.1815267393
   0.3989163452  -0.3094312356  -2.0010978938
      
      
#  type   0  conf  1.0000
   0.3989163452  -0.3094312356  -2.0010978938
   0.0082231385  -0.0063785200  -1.6174916752
      
      
#  type   0  conf  1.0000
   0.0082231385  -0.0063785200  -1.6174916752
  -0.0883446867   0.0685271634  -1.6251974235
      
      
#  type   0  conf  1.0000
  -0.0883446867   0.0685271634  -1.6251974235
  -0.6245816544   0.4844751923  -2.1819211712
      
      
#  type   0  conf  1.0000
  -0.6245816544   0.4844751923  -2.1819211712
  -0.6655565073   0.5162585462  -2.2262639986
      
      
#  type   0  conf  1.0000
  -0.6655565073   0.5162585462  -2.2262639986
  -2.9126537667   2.2592858496  -4.8087102439
      
      
#  type   0  conf  1.0000
  -2.9126537667   2.2592858496  -4.8087102439
  -2.9249498185   2.2688236450  -4.8502897377
      
      
#  type   0  conf  1.0000
  -2.9249498185   2.2688236450  -4.8502897377
  -2.9234146471   2.2676328441  -5.1778759250
      
      
#  type   0  conf  1.0000
  -2.9234146471   2.2676328441  -5.1778759250
  -2.3322537088   1.8090814165  -5.8568221904
      
      
#  type   0  conf  1.0000
  -2.3322537088   1.8090814165  -5.8568221904
  -1.8002693128   1.3964320203  -6.0852655928
      
      
# 143  norm    -0.6252426563   -0.7804304073    0.0000000000
# nedges  15 
#  type   0  conf  1.0000
   1.7300525279  -1.3860334348  -6.0642999730
   2.2578688073  -1.8088940121  -5.8043209457
      
      
#  type   0  conf  1.0000
   2.2578688073  -1.8088940121  -5.8043209457
   2.8559713231  -2.2880644830  -5.1001647386
      
      
#  type   0  conf  1.0000
   2.8559713231  -2.2880644830  -5.1001647386
   2.8512881639  -2.2843125650  -4.7316133808
      
      
#  type   0  conf  1.0000
   2.8512881639  -2.2843125650  -4.7316133808
   2.8424397769  -2.2772236703  -4.6808147715
      
      
#  type   0  conf  1.0000
   2.8424397769  -2.2772236703  -4.6808147715
   0.5764414658  -0.4618166974  -2.1819749039
      
      
#  type   0  conf  1.0000
   0.5764414658  -0.4618166974  -2.1819749039
   0.5413096531  -0.4336708081  -2.1464796176
      
      
#  type   0  conf  1.0000
   0.5413096531  -0.4336708081  -2.1464796176
   0.0147149879  -0.0117889283  -1.6200789788
      
      
#  type   4  conf  0.0000
#  type   0  conf  1.0000
  -0.0840242820   0.0673161435  -1.6237716520
  -0.6140295847   0.4919304591  -2.1815499413
      
      
#  type   0  conf  1.0000
  -0.6140295847   0.4919304591  -2.1815499413
  -0.6709074464   0.5374982190  -2.2446567885
      
      
#  type   0  conf  1.0000
  -0.6709074464   0.5374982190  -2.2446567885
  -2.8864811863   2.3125074925  -4.8260230594
      
      
#  type   0  conf  1.0000
  -2.8864811863   2.3125074925  -4.8260230594
  -2.8855471388   2.3117591794  -5.1739499074
      
      
#  type   0  conf  1.0000
  -2.8855471388   2.3117591794  -5.1739499074
  -2.3026126419   1.8447405831  -5.8529006178
      
      
#  type   0  conf  1.0000
  -2.3026126419   1.8447405831  -5.8529006178
  -2.2784500934   1.8253827315  -5.8654802033
      
      
#  type   0  conf  1.0000
  -2.2784500934   1.8253827315  -5.8654802033
  -1.7834117858   1.4287822615  -6.0855426904
      
      
# 144  norm    -0.6374239897   -0.7705132428    0.0000000000
# nedges  14 
#  type   0  conf  1.0000
   1.7192173549  -1.4222602867  -6.0635059696
   2.2303867939  -1.8451364233  -5.8034560915
      
      
#  type   0  conf  1.0000
   2.2303867939  -1.8451364233  -5.8034560915
   2.8097784232  -2.3244508639  -5.1119712500
      
      
#  type   0  conf  1.0000
   2.8097784232  -2.3244508639  -5.1119712500
   2.8220246619  -2.3345818336  -5.0726278818
      
      
#  type   0  conf  1.0000
   2.8220246619  -2.3345818336  -5.0726278818
   2.8159236793  -2.3295346619  -4.6918594080
      
      
#  type   0  conf  1.0000
   2.8159236793  -2.3295346619  -4.6918594080
   0.5671817573  -0.4692135561  -2.1780746572
      
      
#  type   0  conf  1.0000
   0.5671817573  -0.4692135561  -2.1780746572
   0.0160222834  -0.0132547855  -1.6200192706
      
      
#  type   0  conf  1.0000
   0.0160222834  -0.0132547855  -1.6200192706
  -0.0823646188   0.0681379385  -1.6254523897
      
      
#  type   0  conf  1.0000
  -0.0823646188   0.0681379385  -1.6254523897
  -0.6136175404   0.5076285767  -2.1926798786
      
      
#  type   0  conf  1.0000
  -0.6136175404   0.5076285767  -2.1926798786
  -0.6483308216   0.5363459004  -2.2317016436
      
      
#  type   0  conf  1.0000
  -0.6483308216   0.5363459004  -2.2317016436
  -2.8377479893   2.3475893013  -4.8180400993
      
      
#  type   0  conf  1.0000
  -2.8377479893   2.3475893013  -4.8180400993
  -2.8476346310   2.3557682426  -4.8949128700
      
      
#  type   0  conf  1.0000
  -2.8476346310   2.3557682426  -4.8949128700
  -2.8457144570   2.3541797365  -5.1713678535
      
      
#  type   0  conf  1.0000
  -2.8457144570   2.3541797365  -5.1713678535
  -2.2665386126   1.8750438087  -5.8552910873
      
      
#  type   0  conf  1.0000
  -2.2665386126   1.8750438087  -5.8552910873
  -1.7666803793   1.4615251153  -6.0853811308
      
      
# 145  norm    -0.6494480483   -0.7604059656    0.0000000000
# nedges  15 
#  type   0  conf  1.0000
   1.7066557564  -1.4576217183  -6.0640675255
   2.2023715005  -1.8810029608  -5.8023534323
      
      
#  type   0  conf  1.0000
   2.2023715005  -1.8810029608  -5.8023534323
   2.7863701355  -2.3797849153  -5.0941368229
      
      
#  type   0  conf  1.0000
   2.7863701355  -2.3797849153  -5.0941368229
   2.7823813664  -2.3763781846  -4.6972400686
      
      
#  type   0  conf  1.0000
   2.7823813664  -2.3763781846  -4.6972400686
   0.5613667569  -0.4794525045  -2.1784182378
      
      
#  type   0  conf  1.0000
   0.5613667569  -0.4794525045  -2.1784182378
   0.0171596226  -0.0146557022  -1.6191292326
      
      
#  type   0  conf  1.0000
   0.0171596226  -0.0146557022  -1.6191292326
  -0.0795896661   0.0679759965  -1.6260165498
      
      
#  type   0  conf  1.0000
  -0.0795896661   0.0679759965  -1.6260165498
  -0.6066534848   0.5181310242  -2.1969559541
      
      
#  type   0  conf  1.0000
  -0.6066534848   0.5181310242  -2.1969559541
  -0.6509658734   0.5559773794  -2.2487129168
      
      
#  type   0  conf  1.0000
  -0.6509658734   0.5559773794  -2.2487129168
  -2.7946531201   2.3868592524  -4.8187333810
      
      
#  type   0  conf  1.0000
  -2.7946531201   2.3868592524  -4.8187333810
  -2.8075247220   2.3978526390  -4.8800918030
      
      
#  type   0  conf  1.0000
  -2.8075247220   2.3978526390  -4.8800918030
  -2.8063418028   2.3968423306  -5.1321148569
      
      
#  type   0  conf  1.0000
  -2.8063418028   2.3968423306  -5.1321148569
  -2.7917688826   2.3843958809  -5.1827841399
      
      
#  type   0  conf  1.0000
  -2.7917688826   2.3843958809  -5.1827841399
  -2.2393818139   1.9126127546  -5.8458741056
      
      
#  type   0  conf  1.0000
  -2.2393818139   1.9126127546  -5.8458741056
  -2.2164777828   1.8930508640  -5.8617823892
      
      
#  type   0  conf  1.0000
  -2.2164777828   1.8930508640  -5.8617823892
  -1.7510451364   1.4955338304  -6.0846442564
      
      
# 146  norm    -0.6613118653   -0.7501110696   -0.0000000000
# nedges  19 
#  type   0  conf  1.0000
   1.6950635291  -1.4943995225  -6.0634717046
   2.1642442358  -1.9080379567  -5.8062248539
      
      
#  type   0  conf  1.0000
   2.1642442358  -1.9080379567  -5.8062248539
   2.1868467827  -1.9279647823  -5.7855064226
      
      
#  type   0  conf  1.0000
   2.1868467827  -1.9279647823  -5.7855064226
   2.7372503910  -2.4132108366  -5.1037099837
      
      
#  type   0  conf  1.0000
   2.7372503910  -2.4132108366  -5.1037099837
   2.7518831089  -2.4261113128  -5.0431461306
      
      
#  type   0  conf  1.0000
   2.7518831089  -2.4261113128  -5.0431461306
   2.7473979617  -2.4221571237  -4.7464742694
      
      
#  type   0  conf  1.0000
   2.7473979617  -2.4221571237  -4.7464742694
   2.7321432476  -2.4087082841  -4.6854027738
      
      
#  type   0  conf  1.0000
   2.7321432476  -2.4087082841  -4.6854027738
   0.5758265507  -0.5076593930  -2.2019993827
      
      
#  type   0  conf  1.0000
   0.5758265507  -0.5076593930  -2.2019993827
   0.5445149179  -0.4800544755  -2.1669989845
      
      
#  type   0  conf  1.0000
   0.5445149179  -0.4800544755  -2.1669989845
   0.0166362826  -0.0146668561  -1.6173816737
      
      
#  type   0  conf  1.0000
   0.0166362826  -0.0146668561  -1.6173816737
  -0.0770193561   0.0679016963  -1.6264822192
      
      
#  type   0  conf  1.0000
  -0.0770193561   0.0679016963  -1.6264822192
  -0.5949469220   0.5245162679  -2.1963462296
      
      
#  type   0  conf  1.0000
  -0.5949469220   0.5245162679  -2.1963462296
  -0.6206004740   0.5471329163  -2.2259912730
      
      
#  type   0  conf  1.0000
  -0.6206004740   0.5471329163  -2.2259912730
  -2.7502908432   2.4247075418  -4.8182960328
      
      
#  type   0  conf  1.0000
  -2.7502908432   2.4247075418  -4.8182960328
  -2.7669314868   2.4393782426  -4.8798210126
      
      
#  type   0  conf  1.0000
  -2.7669314868   2.4393782426  -4.8798210126
  -2.7664248163   2.4389315524  -5.1322655208
      
      
#  type   0  conf  1.0000
  -2.7664248163   2.4389315524  -5.1322655208
  -2.7457047418   2.4206643495  -5.1851859528
      
      
#  type   0  conf  1.0000
  -2.7457047418   2.4206643495  -5.1851859528
  -2.2017567023   1.9411096446  -5.8480297976
      
      
#  type   0  conf  1.0000
  -2.2017567023   1.9411096446  -5.8480297976
  -2.1787678466   1.9208422420  -5.8628924896
      
      
#  type   0  conf  1.0000
  -2.1787678466   1.9208422420  -5.8628924896
  -1.7341624142   1.5288698265  -6.0834891664
      
      
# 147  norm    -0.6730125135   -0.7396310950    0.0000000000
# nedges  19 
#  type   0  conf  1.0000
   1.6795533209  -1.5282759334  -6.0640707362
   2.1227669629  -1.9315693175  -5.8123839501
      
      
#  type   0  conf  1.0000
   2.1227669629  -1.9315693175  -5.8123839501
   2.1554984008  -1.9613526343  -5.7847839807
      
      
#  type   0  conf  1.0000
   2.1554984008  -1.9613526343  -5.7847839807
   2.6972467335  -2.4543056883  -5.1035438729
      
      
#  type   0  conf  1.0000
   2.6972467335  -2.4543056883  -5.1035438729
   2.7160912598  -2.4714528879  -5.0478911621
      
      
#  type   0  conf  1.0000
   2.7160912598  -2.4714528879  -5.0478911621
   2.7112213839  -2.4670216418  -4.7465949770
      
      
#  type   0  conf  1.0000
   2.7112213839  -2.4670216418  -4.7465949770
   2.6933243820  -2.4507366231  -4.6871079444
      
      
#  type   0  conf  1.0000
   2.6933243820  -2.4507366231  -4.6871079444
   0.5674771134  -0.5163644431  -2.2005172527
      
      
#  type   0  conf  1.0000
   0.5674771134  -0.5163644431  -2.2005172527
   0.5457092614  -0.4965572218  -2.1753562829
      
      
#  type   0  conf  1.0000
   0.5457092614  -0.4965572218  -2.1753562829
   0.0194337738  -0.0176833735  -1.6180100521
      
      
#  type   0  conf  1.0000
   0.0194337738  -0.0176833735  -1.6180100521
  -0.0737565540   0.0671133003  -1.6263570708
      
      
#  type   0  conf  1.0000
  -0.0737565540   0.0671133003  -1.6263570708
  -0.5921686457   0.5388320088  -2.2056284500
      
      
#  type   0  conf  1.0000
  -0.5921686457   0.5388320088  -2.2056284500
  -0.6363846466   0.5790654740  -2.2595670409
      
      
#  type   0  conf  1.0000
  -0.6363846466   0.5790654740  -2.2595670409
  -2.7087123521   2.4647385986  -4.8235207051
      
      
#  type   0  conf  1.0000
  -2.7087123521   2.4647385986  -4.8235207051
  -2.7258919353   2.4803708164  -4.8945719623
      
      
#  type   0  conf  1.0000
  -2.7258919353   2.4803708164  -4.8945719623
  -2.7245732436   2.4791708993  -5.1171787478
      
      
#  type   0  conf  1.0000
  -2.7245732436   2.4791708993  -5.1171787478
  -2.7089581698   2.4649622754  -5.1740273678
      
      
#  type   0  conf  1.0000
  -2.7089581698   2.4649622754  -5.1740273678
  -2.1707975158   1.9752737579  -5.8408756510
      
      
#  type   0  conf  1.0000
  -2.1707975158   1.9752737579  -5.8408756510
  -2.1521996477   1.9583510000  -5.8583265982
      
      
#  type   0  conf  1.0000
  -2.1521996477   1.9583510000  -5.8583265982
  -1.7106478393   1.5565697682  -6.0840094767
      
      
# 148  norm    -0.6845471059   -0.7289686274    0.0000000000
# nedges  18 
#  type   0  conf  1.0000
   1.6646748434  -1.5632337298  -6.0635594257
   2.1095817451  -1.9810291198  -5.8013779953
      
      
#  type   0  conf  1.0000
   2.1095817451  -1.9810291198  -5.8013779953
   2.6701946594  -2.5074796878  -5.0857434837
      
      
#  type   0  conf  1.0000
   2.6701946594  -2.5074796878  -5.0857434837
   2.6805501905  -2.5172041788  -5.0220075694
      
      
#  type   0  conf  1.0000
   2.6805501905  -2.5172041788  -5.0220075694
   2.6745236226  -2.5115448549  -4.7464702389
      
      
#  type   0  conf  1.0000
   2.6745236226  -2.5115448549  -4.7464702389
   2.6501914476  -2.4886954217  -4.6855799530
      
      
#  type   0  conf  1.0000
   2.6501914476  -2.4886954217  -4.6855799530
   0.5485473401  -0.5151202397  -2.1864601271
      
      
#  type   0  conf  1.0000
   0.5485473401  -0.5151202397  -2.1864601271
   0.4353311979  -0.4088032056  -2.0634328304
      
      
#  type   0  conf  1.0000
   0.4353311979  -0.4088032056  -2.0634328304
   0.0175767184  -0.0165056373  -1.6165132221
      
      
#  type   0  conf  1.0000
   0.0175767184  -0.0165056373  -1.6165132221
  -0.0715789470   0.0672171053  -1.6271494472
      
      
#  type   0  conf  1.0000
  -0.0715789470   0.0672171053  -1.6271494472
  -0.5729597628   0.5380450306  -2.1972536111
      
      
#  type   0  conf  1.0000
  -0.5729597628   0.5380450306  -2.1972536111
  -0.6209719284   0.5831314551  -2.2553150167
      
      
#  type   0  conf  1.0000
  -0.6209719284   0.5831314551  -2.2553150167
  -2.6706484036   2.5079057821  -4.8352365922
      
      
#  type   0  conf  1.0000
  -2.6706484036   2.5079057821  -4.8352365922
  -2.6847387781   2.5211375244  -4.9243684426
      
      
#  type   0  conf  1.0000
  -2.6847387781   2.5211375244  -4.9243684426
  -2.6811619096   2.5177786213  -5.1302772430
      
      
#  type   0  conf  1.0000
  -2.6811619096   2.5177786213  -5.1302772430
  -2.6580795009   2.4961027968  -5.1800965281
      
      
#  type   0  conf  1.0000
  -2.6580795009   2.4961027968  -5.1800965281
  -2.1287852758   1.9990624354  -5.8457086946
      
      
#  type   0  conf  1.0000
  -2.1287852758   1.9990624354  -5.8457086946
  -2.1142736054   1.9854350698  -5.8584339891
      
      
#  type   0  conf  1.0000
  -2.1142736054   1.9854350698  -5.8584339891
  -1.6868577451   1.5840648611  -6.0853844349
      
      
# 149  norm    -0.6959127966   -0.7181262978    0.0000000000
# nedges  18 
#  type   0  conf  1.0000
   1.6471631875  -1.5962121758  -6.0642847665
   2.0754191248  -2.0112210508  -5.8020060688
      
      
#  type   0  conf  1.0000
   2.0754191248  -2.0112210508  -5.8020060688
   2.6226495524  -2.5415242279  -5.0922242993
      
      
#  type   0  conf  1.0000
   2.6226495524  -2.5415242279  -5.0922242993
   2.6438383881  -2.5620576383  -5.0331084846
      
      
#  type   0  conf  1.0000
   2.6438383881  -2.5620576383  -5.0331084846
   2.6388411715  -2.5572149984  -4.7610137352
      
      
#  type   0  conf  1.0000
   2.6388411715  -2.5572149984  -4.7610137352
   2.6176681953  -2.5366969571  -4.6985322466
      
      
#  type   0  conf  1.0000
   2.6176681953  -2.5366969571  -4.6985322466
   0.5539755074  -0.5368396142  -2.2015987067
      
      
#  type   0  conf  1.0000
   0.5539755074  -0.5368396142  -2.2015987067
   0.4794204331  -0.4645907209  -2.1177076237
      
      
#  type   0  conf  1.0000
   0.4794204331  -0.4645907209  -2.1177076237
   0.0196751691  -0.0190665653  -1.6167244815
      
      
#  type   0  conf  1.0000
   0.0196751691  -0.0190665653  -1.6167244815
  -0.0681742840   0.0660654773  -1.6268835788
      
      
#  type   0  conf  1.0000
  -0.0681742840   0.0660654773  -1.6268835788
  -0.5616691273   0.5442952505  -2.1975279410
      
      
#  type   0  conf  1.0000
  -0.5616691273   0.5442952505  -2.1975279410
  -0.6042076510   0.5855179478  -2.2501866021
      
      
#  type   0  conf  1.0000
  -0.6042076510   0.5855179478  -2.2501866021
  -2.6215748290   2.5404827485  -4.8329758452
      
      
#  type   0  conf  1.0000
  -2.6215748290   2.5404827485  -4.8329758452
  -2.6410994078   2.5594033816  -4.8949268137
      
      
#  type   0  conf  1.0000
  -2.6410994078   2.5594033816  -4.8949268137
  -2.6402811420   2.5586104270  -5.1026250047
      
      
#  type   0  conf  1.0000
  -2.6402811420   2.5586104270  -5.1026250047
  -2.6216235885   2.5405299998  -5.1642570723
      
      
#  type   0  conf  1.0000
  -2.6216235885   2.5405299998  -5.1642570723
  -2.0913849744   2.0266930355  -5.8439780464
      
      
#  type   0  conf  1.0000
  -2.0913849744   2.0266930355  -5.8439780464
  -2.0758916053   2.0116789163  -5.8585122839
      
      
#  type   0  conf  1.0000
  -2.0758916053   2.0116789163  -5.8585122839
  -1.6618256084   1.6104210502  -6.0866009146
      
      
# 150  norm    -0.7071067812   -0.7071067812    0.0000000000
# nedges  18 
#  type   0  conf  1.0000
   1.6242738585  -1.6242738585  -6.0677078806
   1.8599456876  -1.8599456876  -5.9173189942
      
      
#  type   0  conf  1.0000
   1.8599456876  -1.8599456876  -5.9173189942
   2.0446386987  -2.0446386987  -5.7980898585
      
      
#  type   0  conf  1.0000
   2.0446386987  -2.0446386987  -5.7980898585
   2.5797405522  -2.5797405522  -5.0880690581
      
      
#  type   0  conf  1.0000
   2.5797405522  -2.5797405522  -5.0880690581
   2.6057840855  -2.6057840855  -5.0279298261
      
      
#  type   0  conf  1.0000
   2.6057840855  -2.6057840855  -5.0279298261
   2.6019576225  -2.6019576225  -4.7610427275
      
      
#  type   0  conf  1.0000
   2.6019576225  -2.6019576225  -4.7610427275
   2.5787625828  -2.5787625828  -4.7051340999
      
      
#  type   0  conf  1.0000
   2.5787625828  -2.5787625828  -4.7051340999
   0.5764927884  -0.5764927884  -2.2382956731
      
      
#  type   0  conf  1.0000
   0.5764927884  -0.5764927884  -2.2382956731
   0.5164441407  -0.5164441407  -2.1668897872
      
      
#  type   0  conf  1.0000
   0.5164441407  -0.5164441407  -2.1668897872
   0.0258326942  -0.0258326942  -1.6199717698
      
      
#  type   4  conf  0.0000
#  type   0  conf  1.0000
  -0.0639976728   0.0639976728  -1.6254969036
  -0.5530013534   0.5530013534  -2.2012908076
      
      
#  type   0  conf  1.0000
  -0.5530013534   0.5530013534  -2.2012908076
  -0.5965404694   0.5965404694  -2.2562493253
      
      
#  type   0  conf  1.0000
  -0.5965404694   0.5965404694  -2.2562493253
  -2.5735201870   2.5735201870  -4.8338518900
      
      
#  type   0  conf  1.0000
  -2.5735201870   2.5735201870  -4.8338518900
  -2.5975312200   2.5975312200  -4.8950108527
      
      
#  type   0  conf  1.0000
  -2.5975312200   2.5975312200  -4.8950108527
  -2.5979898705   2.5979898705  -5.0994094242
      
      
#  type   0  conf  1.0000
  -2.5979898705   2.5979898705  -5.0994094242
  -2.5829273132   2.5829273132  -5.1513163635
      
      
#  type   0  conf  1.0000
  -2.5829273132   2.5829273132  -5.1513163635
  -2.0439821586   2.0439821586  -5.8541887108
      
      
#  type   0  conf  1.0000
  -2.0439821586   2.0439821586  -5.8541887108
  -1.6388328422   1.6388328422  -6.0864815114
      
      
# 151  norm    -0.7181262978   -0.6959127966    0.0000000000
# nedges  11 
#  type   0  conf  1.0000
   1.6091583019  -1.6605225533  -6.0644049556
   2.0070974247  -2.0711638726  -5.8016593121
      
      
#  type   0  conf  1.0000
   2.0070974247  -2.0711638726  -5.8016593121
   2.5674135440  -2.6493652541  -5.0435416184
      
      
#  type   0  conf  1.0000
   2.5674135440  -2.6493652541  -5.0435416184
   2.5633011050  -2.6451215463  -4.7421404149
      
      
#  type   0  conf  1.0000
   2.5633011050  -2.6451215463  -4.7421404149
   0.5376855366  -0.5548484317  -2.1997282619
      
      
#  type   0  conf  1.0000
   0.5376855366  -0.5548484317  -2.1997282619
   0.0274482474  -0.0283243941  -1.6198737798
      
      
#  type   0  conf  1.0000
   0.0274482474  -0.0283243941  -1.6198737798
  -0.0603919754   0.0623196842  -1.6247322895
      
      
#  type   0  conf  1.0000
  -0.0603919754   0.0623196842  -1.6247322895
  -0.5600529146   0.5779297753  -2.2243050698
      
      
#  type   0  conf  1.0000
  -0.5600529146   0.5779297753  -2.2243050698
  -2.5541658083   2.6356946514  -4.8736988487
      
      
#  type   0  conf  1.0000
  -2.5541658083   2.6356946514  -4.8736988487
  -2.5530283532   2.6345208887  -5.1240496618
      
      
#  type   0  conf  1.0000
  -2.5530283532   2.6345208887  -5.1240496618
  -2.0036496408   2.0676060357  -5.8544053986
      
      
#  type   0  conf  1.0000
  -2.0036496408   2.0676060357  -5.8544053986
  -1.6140717687   1.6655928577  -6.0863025823
      
      
# 152  norm    -0.7289686274   -0.6845471059   -0.0000000000
# nedges  13 
#  type   0  conf  1.0000
   1.5907663792  -1.6939941371  -6.0634287706
   1.9725014464  -2.1005006953  -5.8005694781
      
      
#  type   0  conf  1.0000
   1.9725014464  -2.1005006953  -5.8005694781
   2.5283737732  -2.6924446004  -5.0362276237
      
      
#  type   0  conf  1.0000
   2.5283737732  -2.6924446004  -5.0362276237
   2.5246776656  -2.6885086456  -4.7471544311
      
      
#  type   0  conf  1.0000
   2.5246776656  -2.6885086456  -4.7471544311
   0.6892898267  -0.7340191121  -2.4035707127
      
      
#  type   0  conf  1.0000
   0.6892898267  -0.7340191121  -2.4035707127
   0.5053251090  -0.5381165853  -2.1719013619
      
      
#  type   0  conf  1.0000
   0.5053251090  -0.5381165853  -2.1719013619
   0.0257832608  -0.0274563840  -1.6174741344
      
      
#  type   0  conf  1.0000
   0.0257832608  -0.0274563840  -1.6174741344
  -0.0589822695   0.0628097375  -1.6264954550
      
      
#  type   0  conf  1.0000
  -0.0589822695   0.0628097375  -1.6264954550
  -0.5280716047   0.5623391429  -2.2007557665
      
      
#  type   0  conf  1.0000
  -0.5280716047   0.5623391429  -2.2007557665
  -0.6799379492   0.7240603740  -2.4025236162
      
      
#  type   0  conf  1.0000
  -0.6799379492   0.7240603740  -2.4025236162
  -2.5092888600   2.6721212321  -4.8789306519
      
      
#  type   0  conf  1.0000
  -2.5092888600   2.6721212321  -4.8789306519
  -2.5089802305   2.6717925750  -5.1152018917
      
      
#  type   0  conf  1.0000
  -2.5089802305   2.6717925750  -5.1152018917
  -1.9644021036   2.0918757712  -5.8531041827
      
      
#  type   0  conf  1.0000
  -1.9644021036   2.0918757712  -5.8531041827
  -1.5881974021   1.6912584543  -6.0871294817
      
      
# 153  norm    -0.7396310950   -0.6730125135    0.0000000000
# nedges  11 
#  type   0  conf  1.0000
   1.5690656111  -1.7243805913  -6.0637123423
   1.9348422980  -2.1263639216  -5.8006106511
      
      
#  type   0  conf  1.0000
   1.9348422980  -2.1263639216  -5.8006106511
   2.4888789484  -2.7352422502  -5.0369853726
      
      
#  type   0  conf  1.0000
   2.4888789484  -2.7352422502  -5.0369853726
   2.4854294517  -2.7314513028  -4.7455596789
      
      
#  type   0  conf  1.0000
   2.4854294517  -2.7314513028  -4.7455596789
   0.5215284432  -0.5731522755  -2.2009880598
      
      
#  type   0  conf  1.0000
   0.5215284432  -0.5731522755  -2.2009880598
   0.0278004262  -0.0305522695  -1.6179323267
      
      
#  type   0  conf  1.0000
   0.0278004262  -0.0305522695  -1.6179323267
  -0.0556799584   0.0611914753  -1.6262042455
      
      
#  type   0  conf  1.0000
  -0.0556799584   0.0611914753  -1.6262042455
  -0.5430798387   0.5968369498  -2.2352919595
      
      
#  type   0  conf  1.0000
  -0.5430798387   0.5968369498  -2.2352919595
  -2.4632639282   2.7070917106  -4.8747410284
      
      
#  type   0  conf  1.0000
  -2.4632639282   2.7070917106  -4.8747410284
  -2.4638994716   2.7077901637  -5.1161190224
      
      
#  type   0  conf  1.0000
  -2.4638994716   2.7077901637  -5.1161190224
  -1.9230477394   2.1134018708  -5.8523819393
      
      
#  type   0  conf  1.0000
  -1.9230477394   2.1134018708  -5.8523819393
  -1.5630230714   1.7177399269  -6.0869432867
      
      
# 154  norm    -0.7501110696   -0.6613118653    0.0000000000
# nedges  16 
#  type   0  conf  1.0000
   1.5479087224  -1.7557578026  -6.0632574003
   1.8966217616  -2.1512951043  -5.8011664689
      
      
#  type   0  conf  1.0000
   1.8966217616  -2.1512951043  -5.8011664689
   2.4273607095  -2.7533002713  -5.0740672355
      
      
#  type   0  conf  1.0000
   2.4273607095  -2.7533002713  -5.0740672355
   2.4494988363  -2.7784110471  -5.0288360032
      
      
#  type   0  conf  1.0000
   2.4494988363  -2.7784110471  -5.0288360032
   2.4453125954  -2.7736626889  -4.7401630061
      
      
#  type   0  conf  1.0000
   2.4453125954  -2.7736626889  -4.7401630061
   0.5200467491  -0.5898772480  -2.2115400524
      
      
#  type   0  conf  1.0000
   0.5200467491  -0.5898772480  -2.2115400524
   0.4603039551  -0.5221123500  -2.1372046252
      
      
#  type   0  conf  1.0000
   0.4603039551  -0.5221123500  -2.1372046252
   0.0271132714  -0.0307539696  -1.6172103388
      
      
#  type   0  conf  1.0000
   0.0271132714  -0.0307539696  -1.6172103388
  -0.0531916875   0.0603341263  -1.6264509083
      
      
#  type   0  conf  1.0000
  -0.0531916875   0.0603341263  -1.6264509083
  -0.5112880022   0.5799423998  -2.2112861607
      
      
#  type   0  conf  1.0000
  -0.5112880022   0.5799423998  -2.2112861607
  -0.6186832507   0.7017583976  -2.3596378621
      
      
#  type   0  conf  1.0000
  -0.6186832507   0.7017583976  -2.3596378621
  -2.3893421414   2.7101766707  -4.8269703567
      
      
#  type   0  conf  1.0000
  -2.3893421414   2.7101766707  -4.8269703567
  -2.4182319205   2.7429456927  -4.8943323470
      
      
#  type   0  conf  1.0000
  -2.4182319205   2.7429456927  -4.8943323470
  -2.4176679383   2.7423059805  -5.1019224579
      
      
#  type   0  conf  1.0000
  -2.4176679383   2.7423059805  -5.1019224579
  -2.3994237620   2.7216120245  -5.1505635892
      
      
#  type   0  conf  1.0000
  -2.3994237620   2.7216120245  -5.1505635892
  -1.8801954842   2.1326631499  -5.8533321345
      
      
#  type   0  conf  1.0000
  -1.8801954842   2.1326631499  -5.8533321345
  -1.5357979788   1.7420208603  -6.0866589823
      
      
# 155  norm    -0.7604059656   -0.6494480483    0.0000000000
# nedges  19 
#  type   0  conf  1.0000
   1.5248159589  -1.7853301039  -6.0634470412
   1.8451038820  -2.1603390797  -5.8114065938
      
      
#  type   0  conf  1.0000
   1.8451038820  -2.1603390797  -5.8114065938
   1.8647928772  -2.1833919312  -5.7918711008
      
      
#  type   0  conf  1.0000
   1.8647928772  -2.1833919312  -5.7918711008
   2.3922770703  -2.8009965697  -5.0738697713
      
      
#  type   0  conf  1.0000
   2.3922770703  -2.8009965697  -5.0738697713
   2.4091707187  -2.8207764907  -5.0278648270
      
      
#  type   0  conf  1.0000
   2.4091707187  -2.8207764907  -5.0278648270
   2.4051111697  -2.8160233695  -4.7609935239
      
      
#  type   0  conf  1.0000
   2.4051111697  -2.8160233695  -4.7609935239
   2.3903058663  -2.7986885865  -4.7146379753
      
      
#  type   0  conf  1.0000
   2.3903058663  -2.7986885865  -4.7146379753
   0.4981171723  -0.5832202751  -2.1950761043
      
      
#  type   0  conf  1.0000
   0.4981171723  -0.5832202751  -2.1950761043
   0.4275297903  -0.5005730694  -2.1076140609
      
      
#  type   0  conf  1.0000
   0.4275297903  -0.5005730694  -2.1076140609
   0.0315283780  -0.0369149876  -1.6193821936
      
      
#  type   4  conf  0.0000
#  type   0  conf  1.0000
  -0.0500225856   0.0585689226  -1.6263093757
  -0.4870634093   0.5702779815  -2.1963664796
      
      
#  type   0  conf  1.0000
  -0.4870634093   0.5702779815  -2.1963664796
  -0.5303691599   0.6209825008  -2.2554500214
      
      
#  type   0  conf  1.0000
  -0.5303691599   0.6209825008  -2.2554500214
  -2.3446140366   2.7451903275  -4.8193058123
      
      
#  type   0  conf  1.0000
  -2.3446140366   2.7451903275  -4.8193058123
  -2.3717600456   2.7769742203  -4.9099079580
      
      
#  type   0  conf  1.0000
  -2.3717600456   2.7769742203  -4.9099079580
  -2.3724123093   2.7777379230  -5.1029005191
      
      
#  type   0  conf  1.0000
  -2.3724123093   2.7777379230  -5.1029005191
  -2.3506763894   2.7522884306  -5.1633618670
      
      
#  type   0  conf  1.0000
  -2.3506763894   2.7522884306  -5.1633618670
  -1.8387930774   2.1529500768  -5.8510526585
      
      
#  type   0  conf  1.0000
  -1.8387930774   2.1529500768  -5.8510526585
  -1.8097598082   2.1189564862  -5.8723767391
      
      
#  type   0  conf  1.0000
  -1.8097598082   2.1189564862  -5.8723767391
  -1.5083557146   1.7660576340  -6.0870046471
      
      
# 156  norm    -0.7705132428   -0.6374239897    0.0000000000
# nedges  18 
#  type   0  conf  1.0000
   1.4995974427  -1.8127019174  -6.0643969486
   1.8139347483  -2.1926704479  -5.8052647933
      
      
#  type   0  conf  1.0000
   1.8139347483  -2.1926704479  -5.8052647933
   1.8518562690  -2.2385096920  -5.7571784297
      
      
#  type   0  conf  1.0000
   1.8518562690  -2.2385096920  -5.7571784297
   2.3540521759  -2.8455602627  -5.0747969852
      
      
#  type   0  conf  1.0000
   2.3540521759  -2.8455602627  -5.0747969852
   2.3672994113  -2.8615734196  -5.0141163918
      
      
#  type   0  conf  1.0000
   2.3672994113  -2.8615734196  -5.0141163918
   2.3637165401  -2.8572424722  -4.7615475295
      
      
#  type   0  conf  1.0000
   2.3637165401  -2.8572424722  -4.7615475295
   2.3439362928  -2.8333322606  -4.7022964894
      
      
#  type   0  conf  1.0000
   2.3439362928  -2.8333322606  -4.7022964894
   0.4913995980  -0.5940000751  -2.1987155278
      
      
#  type   0  conf  1.0000
   0.4913995980  -0.5940000751  -2.1987155278
   0.4537594617  -0.5485009662  -2.1504690350
      
      
#  type   0  conf  1.0000
   0.4537594617  -0.5485009662  -2.1504690350
   0.0329618821  -0.0398440709  -1.6199135152
      
      
#  type   4  conf  0.0000
#  type   0  conf  1.0000
  -0.0467729660   0.0565388036  -1.6261852609
  -0.4794075597   0.5795041908  -2.2033447233
      
      
#  type   0  conf  1.0000
  -0.4794075597   0.5795041908  -2.2033447233
  -0.5481690051   0.6626225001  -2.3007693484
      
      
#  type   0  conf  1.0000
  -0.5481690051   0.6626225001  -2.3007693484
  -2.3045837920   2.7857632586  -4.8187269174
      
      
#  type   0  conf  1.0000
  -2.3045837920   2.7857632586  -4.8187269174
  -2.3253354780   2.8108477379  -4.8944366054
      
      
#  type   0  conf  1.0000
  -2.3253354780   2.8108477379  -4.8944366054
  -2.3256756473   2.8112589319  -5.1161831530
      
      
#  type   0  conf  1.0000
  -2.3256756473   2.8112589319  -5.1161831530
  -2.3058215318   2.7872594291  -5.1735064705
      
      
#  type   0  conf  1.0000
  -2.3058215318   2.7872594291  -5.1735064705
  -1.7918388318   2.1659610731  -5.8549981319
      
      
#  type   0  conf  1.0000
  -1.7918388318   2.1659610731  -5.8549981319
  -1.4797553025   1.7887168901  -6.0865287644
      
      
# 157  norm    -0.7804304073   -0.6252426563    0.0000000000
# nedges  18 
#  type   0  conf  1.0000
   1.4763750067  -1.8428172426  -6.0631058723
   1.7765820668  -2.2175369067  -5.8032266162
      
      
#  type   0  conf  1.0000
   1.7765820668  -2.2175369067  -5.8032266162
   2.0171664417  -2.5178352945  -5.4794820791
      
      
#  type   0  conf  1.0000
   2.0171664417  -2.5178352945  -5.4794820791
   2.3140669486  -2.8884277056  -5.0779174704
      
      
#  type   0  conf  1.0000
   2.3140669486  -2.8884277056  -5.0779174704
   2.3255870088  -2.9028070913  -5.0279232489
      
      
#  type   0  conf  1.0000
   2.3255870088  -2.9028070913  -5.0279232489
   2.3203307271  -2.8962461793  -4.7460344817
      
      
#  type   0  conf  1.0000
   2.3203307271  -2.8962461793  -4.7460344817
   2.3049459475  -2.8770428353  -4.7002343684
      
      
#  type   0  conf  1.0000
   2.3049459475  -2.8770428353  -4.7002343684
   0.4715364383  -0.5885736855  -2.1842627193
      
      
#  type   0  conf  1.0000
   0.4715364383  -0.5885736855  -2.1842627193
   0.0332543881  -0.0415082614  -1.6189835174
      
      
#  type   0  conf  1.0000
   0.0332543881  -0.0415082614  -1.6189835174
  -0.0436702817   0.0545094219  -1.6255583137
      
      
#  type   0  conf  1.0000
  -0.0436702817   0.0545094219  -1.6255583137
  -0.4637146734   0.5788105270  -2.1993359243
      
      
#  type   0  conf  1.0000
  -0.4637146734   0.5788105270  -2.1993359243
  -0.4931206023   0.6155151262  -2.2411066564
      
      
#  type   0  conf  1.0000
  -0.4931206023   0.6155151262  -2.2411066564
  -2.2612752733   2.8225329235  -4.8147847598
      
      
#  type   0  conf  1.0000
  -2.2612752733   2.8225329235  -4.8147847598
  -2.2781375574   2.8435804945  -4.8801407569
      
      
#  type   0  conf  1.0000
  -2.2781375574   2.8435804945  -4.8801407569
  -2.2782730614   2.8437496311  -5.1178437733
      
      
#  type   0  conf  1.0000
  -2.2782730614   2.8437496311  -5.1178437733
  -2.2612497290   2.8225010389  -5.1759476901
      
      
#  type   0  conf  1.0000
  -2.2612497290   2.8225010389  -5.1759476901
  -1.7563529040   2.1922867840  -5.8443552454
      
      
#  type   0  conf  1.0000
  -1.7563529040   2.1922867840  -5.8443552454
  -1.7324447187   2.1624444906  -5.8663887754
      
      
#  type   0  conf  1.0000
  -1.7324447187   2.1624444906  -5.8663887754
  -1.4496357501   1.8094411945  -6.0876967983
      
      
# 158  norm    -0.7901550124   -0.6129070537    0.0000000000
# nedges  19 
#  type   0  conf  1.0000
   1.4498165312  -1.8690922095  -6.0637947651
   1.7322640085  -2.2332213031  -5.8067728985
      
      
#  type   0  conf  1.0000
   1.7322640085  -2.2332213031  -5.8067728985
   1.7840421917  -2.2999733347  -5.7402001891
      
      
#  type   0  conf  1.0000
   1.7840421917  -2.2999733347  -5.7402001891
   2.2677719900  -2.9235940330  -5.0871954683
      
      
#  type   0  conf  1.0000
   2.2677719900  -2.9235940330  -5.0871954683
   2.2819563461  -2.9418803947  -5.0281073097
      
      
#  type   0  conf  1.0000
   2.2819563461  -2.9418803947  -5.0281073097
   2.2778061327  -2.9365299718  -4.7463190575
      
      
#  type   0  conf  1.0000
   2.2778061327  -2.9365299718  -4.7463190575
   2.2654860427  -2.9206470075  -4.7005499709
      
      
#  type   0  conf  1.0000
   2.2654860427  -2.9206470075  -4.7005499709
   0.4789249190  -0.6174262852  -2.2081864174
      
      
#  type   0  conf  1.0000
   0.4789249190  -0.6174262852  -2.2081864174
   0.4381232102  -0.5648250392  -2.1527274635
      
      
#  type   0  conf  1.0000
   0.4381232102  -0.5648250392  -2.1527274635
   0.0328660803  -0.0423706955  -1.6171138378
      
      
#  type   0  conf  1.0000
   0.0328660803  -0.0423706955  -1.6171138378
  -0.0417799821   0.0538624283  -1.6269272552
      
      
#  type   0  conf  1.0000
  -0.0417799821   0.0538624283  -1.6269272552
  -0.4366795525   0.5629638868  -2.1795237547
      
      
#  type   0  conf  1.0000
  -0.4366795525   0.5629638868  -2.1795237547
  -0.4792581523   0.6178558869  -2.2404695826
      
      
#  type   0  conf  1.0000
  -0.4792581523   0.6178558869  -2.2404695826
  -2.2167625521   2.8578330619  -4.8118086086
      
      
#  type   0  conf  1.0000
  -2.2167625521   2.8578330619  -4.8118086086
  -2.2301324093   2.8750693779  -4.8800162689
      
      
#  type   0  conf  1.0000
  -2.2301324093   2.8750693779  -4.8800162689
  -2.2312216419   2.8764736082  -5.1177640915
      
      
#  type   0  conf  1.0000
  -2.2312216419   2.8764736082  -5.1177640915
  -2.2175673147   2.8588705556  -5.1771356521
      
      
#  type   0  conf  1.0000
  -2.2175673147   2.8588705556  -5.1771356521
  -1.7243386322   2.2230039696  -5.8288259860
      
      
#  type   0  conf  1.0000
  -1.7243386322   2.2230039696  -5.8288259860
  -1.6992542038   2.1906653194  -5.8581266182
      
      
#  type   0  conf  1.0000
  -1.6992542038   2.1906653194  -5.8581266182
  -1.4204597399   1.8312456623  -6.0874032258
      
      
# 159  norm    -0.7996846585   -0.6004202253   -0.0000000000
# nedges  15 
#  type   0  conf  1.0000
   1.4200856192  -1.8913764652  -6.0673678617
   1.6879508371  -2.2481394393  -5.8092284848
      
      
#  type   0  conf  1.0000
   1.6879508371  -2.2481394393  -5.8092284848
   1.7093272519  -2.2766101507  -5.7849211099
      
      
#  type   0  conf  1.0000
   1.7093272519  -2.2766101507  -5.7849211099
   2.2377671943  -2.9804260734  -5.0724871897
      
      
#  type   0  conf  1.0000
   2.2377671943  -2.9804260734  -5.0724871897
   2.2338729301  -2.9752394005  -4.7142882812
      
      
#  type   0  conf  1.0000
   2.2338729301  -2.9752394005  -4.7142882812
   0.4692838110  -0.6250273530  -2.2088728824
      
      
#  type   0  conf  1.0000
   0.4692838110  -0.6250273530  -2.2088728824
   0.4073271812  -0.5425088697  -2.1233525321
      
      
#  type   0  conf  1.0000
   0.4073271812  -0.5425088697  -2.1233525321
   0.0329417901  -0.0438743451  -1.6172767428
      
      
#  type   0  conf  1.0000
   0.0329417901  -0.0438743451  -1.6172767428
  -0.0393200384   0.0523693742  -1.6269065706
      
      
#  type   0  conf  1.0000
  -0.0393200384   0.0523693742  -1.6269065706
  -0.4278196291   0.5698022477  -2.1849799924
      
      
#  type   3  conf  0.0000
#  type   0  conf  1.0000
  -0.4455567165   0.5934258301  -2.2100348336
  -2.1720140200   2.8928510676  -4.8095570148
      
      
#  type   0  conf  1.0000
  -2.1720140200   2.8928510676  -4.8095570148
  -2.1827597183   2.9071629939  -4.8651076791
      
      
#  type   0  conf  1.0000
  -2.1827597183   2.9071629939  -4.8651076791
  -2.1832061857   2.9077576327  -5.1668863517
      
      
#  type   0  conf  1.0000
  -2.1832061857   2.9077576327  -5.1668863517
  -1.6604176485   2.2114686751  -5.8528277036
      
      
#  type   0  conf  1.0000
  -1.6604176485   2.2114686751  -5.8528277036
  -1.3898706836   1.8511339493  -6.0874301781
      
      
# 160  norm    -0.8090169944   -0.5877852523   -0.0000000000
# nedges  14 
#  type   0  conf  1.0000
   1.3932215031  -1.9176048880  -6.0668667110
   1.6427745835  -2.2610852362  -5.8136913530
      
      
#  type   0  conf  1.0000
   1.6427745835  -2.2610852362  -5.8136913530
   1.6640027327  -2.2903032769  -5.7897008867
      
      
#  type   0  conf  1.0000
   1.6640027327  -2.2903032769  -5.7897008867
   2.1928388794  -3.0181837880  -5.0769903900
      
      
#  type   0  conf  1.0000
   2.1928388794  -3.0181837880  -5.0769903900
   2.1890140357  -3.0129193424  -4.7108116912
      
      
#  type   0  conf  1.0000
   2.1890140357  -3.0129193424  -4.7108116912
   0.4710117318  -0.6482920320  -2.2265900201
      
      
#  type   0  conf  1.0000
   0.4710117318  -0.6482920320  -2.2265900201
   0.4083850037  -0.5620937356  -2.1370467370
      
      
#  type   0  conf  1.0000
   0.4083850037  -0.5620937356  -2.1370467370
   0.0329879961  -0.0454040815  -1.6171926240
      
      
#  type   0  conf  1.0000
   0.0329879961  -0.0454040815  -1.6171926240
  -0.0367435675   0.0505731819  -1.6264103047
      
      
#  type   0  conf  1.0000
  -0.0367435675   0.0505731819  -1.6264103047
  -0.3932223630   0.5412241512  -2.1522342207
      
      
#  type   3  conf  0.0000
#  type   0  conf  1.0000
  -0.4331856227   0.5962288592  -2.2110017262
  -2.1349536385   2.9385115891  -4.8205170711
      
      
#  type   0  conf  1.0000
  -2.1349536385   2.9385115891  -4.8205170711
  -2.1369322818   2.9412349580  -5.1688937802
      
      
#  type   0  conf  1.0000
  -2.1369322818   2.9412349580  -5.1688937802
  -1.6165304819   2.2249633292  -5.8515494934
      
      
#  type   0  conf  1.0000
  -1.6165304819   2.2249633292  -5.8515494934
  -1.3587853678   1.8702076141  -6.0873212892
      
      
# 161  norm    -0.8181497174   -0.5750052520    0.0000000000
# nedges  14 
#  type   0  conf  1.0000
   1.3630991223  -1.9394938703  -6.0690639970
   1.6107985222  -2.2919344669  -5.8025952982
      
      
#  type   0  conf  1.0000
   1.6107985222  -2.2919344669  -5.8025952982
   1.6276970407  -2.3159786266  -5.7809313683
      
      
#  type   0  conf  1.0000
   1.6276970407  -2.3159786266  -5.7809313683
   2.1476068913  -3.0557355172  -5.0793508754
      
      
#  type   0  conf  1.0000
   2.1476068913  -3.0557355172  -5.0793508754
   2.1439967398  -3.0505987912  -4.7081162276
      
      
#  type   0  conf  1.0000
   2.1439967398  -3.0505987912  -4.7081162276
   0.4398336582  -0.6258199936  -2.1964912431
      
      
#  type   0  conf  1.0000
   0.4398336582  -0.6258199936  -2.1964912431
   0.3926996007  -0.5587550135  -2.1276506540
      
      
#  type   0  conf  1.0000
   0.3926996007  -0.5587550135  -2.1276506540
   0.0335615937  -0.0477533176  -1.6164409252
      
      
#  type   0  conf  1.0000
   0.0335615937  -0.0477533176  -1.6164409252
  -0.0344022339   0.0489494276  -1.6266606170
      
      
#  type   0  conf  1.0000
  -0.0344022339   0.0489494276  -1.6266606170
  -0.4008103976   0.5702955101  -2.1824401632
      
      
#  type   0  conf  1.0000
  -0.4008103976   0.5702955101  -2.1824401632
  -0.4863789001   0.6920471740  -2.3146890508
      
      
#  type   0  conf  1.0000
  -0.4863789001   0.6920471740  -2.3146890508
  -2.0879648456   2.9708734701  -4.8187918689
      
      
#  type   0  conf  1.0000
  -2.0879648456   2.9708734701  -4.8187918689
  -2.0887307825   2.9719632881  -5.1725982237
      
      
#  type   0  conf  1.0000
  -2.0887307825   2.9719632881  -5.1725982237
  -1.5701570884   2.2341075558  -5.8519621337
      
      
#  type   0  conf  1.0000
  -1.5701570884   2.2341075558  -5.8519621337
  -1.3270435129   1.8881919273  -6.0874559428
      
      
# 162  norm    -0.8270805743   -0.5620833779   -0.0000000000
# nedges  12 
#  type   0  conf  1.0000
   1.3380179288  -1.9688335940  -6.0648224678
   1.5714487131  -2.3123165624  -5.7988657953
      
      
#  type   0  conf  1.0000
   1.5714487131  -2.3123165624  -5.7988657953
   2.1016387123  -3.0924674552  -5.0815747914
      
      
#  type   0  conf  1.0000
   2.1016387123  -3.0924674552  -5.0815747914
   2.0979271234  -3.0870060179  -4.7045840298
      
      
#  type   0  conf  1.0000
   2.0979271234  -3.0870060179  -4.7045840298
   0.1331714633  -0.1959558577  -1.7544503033
      
      
#  type   0  conf  1.0000
   0.1331714633  -0.1959558577  -1.7544503033
   0.0319851197  -0.0470646744  -1.6186186210
      
      
#  type   0  conf  1.0000
   0.0319851197  -0.0470646744  -1.6186186210
  -0.0367421045   0.0540643649  -1.6259056017
      
      
#  type   0  conf  1.0000
  -0.0367421045   0.0540643649  -1.6259056017
  -2.0394593253   3.0009732656  -4.8130070585
      
      
#  type   0  conf  1.0000
  -2.0394593253   3.0009732656  -4.8130070585
  -2.0409106318   3.0031087983  -5.1322606707
      
      
#  type   0  conf  1.0000
  -2.0409106318   3.0031087983  -5.1322606707
  -2.0361479026   2.9961006551  -5.1790953584
      
      
#  type   0  conf  1.0000
  -2.0361479026   2.9961006551  -5.1790953584
  -1.5539434127   2.2865582951  -5.8140339669
      
      
#  type   0  conf  1.0000
  -1.5539434127   2.2865582951  -5.8140339669
  -1.5191180769   2.2353143697  -5.8571609974
      
      
#  type   0  conf  1.0000
  -1.5191180769   2.2353143697  -5.8571609974
  -1.2952354123   1.9058810327  -6.0876806337
      
      
# 163  norm    -0.8358073614   -0.5490228180    0.0000000000
# nedges  11 
#  type   0  conf  1.0000
   1.3092512287  -1.9931445087  -6.0630578389
   1.5249135384  -2.3214589978  -5.8024358149
      
      
#  type   0  conf  1.0000
   1.5249135384  -2.3214589978  -5.8024358149
   2.0479771778  -3.1177472866  -5.0927067334
      
      
#  type   0  conf  1.0000
   2.0479771778  -3.1177472866  -5.0927067334
   2.0542937138  -3.1273632937  -5.0576358615
      
      
#  type   0  conf  1.0000
   2.0542937138  -3.1273632937  -5.0576358615
   2.0512305373  -3.1227000532  -4.7164178725
      
      
#  type   0  conf  1.0000
   2.0512305373  -3.1227000532  -4.7164178725
   2.0387155138  -3.1036477507  -4.6849141682
      
      
#  type   0  conf  1.0000
   2.0387155138  -3.1036477507  -4.6849141682
   0.0397220484  -0.0604710394  -1.6162582782
      
      
#  type   0  conf  1.0000
   0.0397220484  -0.0604710394  -1.6162582782
  -0.0335273004   0.0510404369  -1.6272992863
      
      
#  type   0  conf  1.0000
  -0.0335273004   0.0510404369  -1.6272992863
  -1.9914880832   3.0317508589  -4.8124993866
      
      
#  type   0  conf  1.0000
  -1.9914880832   3.0317508589  -4.8124993866
  -1.9922913686   3.0329737440  -5.1753679647
      
      
#  type   0  conf  1.0000
  -1.9922913686   3.0329737440  -5.1753679647
  -1.4807022884   2.2541538022  -5.8491871397
      
      
#  type   0  conf  1.0000
  -1.4807022884   2.2541538022  -5.8491871397
  -1.2624622913   1.9219151589  -6.0875364981
      
      
# 164  norm    -0.8443279255   -0.5358267950    0.0000000000
# nedges  13 
#  type   0  conf  1.0000
   1.2795196686  -2.0162003796  -6.0637833359
   1.4424634461  -2.2729586883  -5.8515377133
      
      
#  type   3  conf  0.0000
#  type   0  conf  1.0000
   1.4841616391  -2.3386645267  -5.7979591798
   2.0031146162  -3.1564035698  -5.0897821095
      
      
#  type   0  conf  1.0000
   2.0031146162  -3.1564035698  -5.0897821095
   2.0069862213  -3.1625042432  -5.0427633414
      
      
#  type   0  conf  1.0000
   2.0069862213  -3.1625042432  -5.0427633414
   2.0037765196  -3.1574465626  -4.7163865758
      
      
#  type   0  conf  1.0000
   2.0037765196  -3.1574465626  -4.7163865758
   1.9923633718  -3.1394623194  -4.6855228456
      
      
#  type   0  conf  1.0000
   1.9923633718  -3.1394623194  -4.6855228456
   0.0475533429  -0.0749320782  -1.6294799002
      
      
#  type   4  conf  0.0000
#  type   0  conf  1.0000
  -0.0269443755   0.0424575421  -1.6232428212
  -1.9064602125   3.0041005999  -4.7514085547
      
      
#  type   0  conf  1.0000
  -1.9064602125   3.0041005999  -4.7514085547
  -1.9417068364   3.0596403921  -4.8208997092
      
      
#  type   0  conf  1.0000
  -1.9417068364   3.0596403921  -4.8208997092
  -1.9429367439   3.0615784162  -5.1761746641
      
      
#  type   0  conf  1.0000
  -1.9429367439   3.0615784162  -5.1761746641
  -1.4375067493   2.2651481839  -5.8445943782
      
      
#  type   0  conf  1.0000
  -1.4375067493   2.2651481839  -5.8445943782
  -1.2294632505   1.9373240859  -6.0870665182
      
      
# 165  norm    -0.8526401644   -0.5224985647    0.0000000000
# nedges   9 
#  type   0  conf  1.0000
   1.2486938634  -2.0376831878  -6.0652222439
   1.9438522845  -3.1720786301  -5.1073906680
      
      
#  type   0  conf  1.0000
   1.9438522845  -3.1720786301  -5.1073906680
   1.9589870700  -3.1967763552  -5.0734439217
      
      
#  type   0  conf  1.0000
   1.9589870700  -3.1967763552  -5.0734439217
   1.9559307795  -3.1917889424  -4.7041506403
      
      
#  type   0  conf  1.0000
   1.9559307795  -3.1917889424  -4.7041506403
   0.0402258233  -0.0656425777  -1.6173412464
      
      
#  type   0  conf  1.0000
   0.0402258233  -0.0656425777  -1.6173412464
  -0.0278425932   0.0454349827  -1.6267086891
      
      
#  type   0  conf  1.0000
  -0.0278425932   0.0454349827  -1.6267086891
  -1.8922805669   3.0879212356  -4.8110018086
      
      
#  type   0  conf  1.0000
  -1.8922805669   3.0879212356  -4.8110018086
  -1.8930706911   3.0892106011  -5.1776503374
      
      
#  type   0  conf  1.0000
  -1.8930706911   3.0892106011  -5.1776503374
  -1.4035534558   2.2903910749  -5.8263700235
      
      
#  type   0  conf  1.0000
  -1.4035534558   2.2903910749  -5.8263700235
  -1.1961072226   1.9518695892  -6.0876935531
      
      
# 166  norm    -0.8597408679   -0.5107304964   -0.0000000000
# nedges   9 
#  type   0  conf  1.0000
   1.2225708427  -2.0580210595  -6.0667866678
   1.9082033122  -3.2121840840  -5.0968354550
      
      
#  type   0  conf  1.0000
   1.9082033122  -3.2121840840  -5.0968354550
   1.9167147660  -3.2265118845  -5.0583667790
      
      
#  type   0  conf  1.0000
   1.9167147660  -3.2265118845  -5.0583667790
   1.9137630042  -3.2215430208  -4.7319816623
      
      
#  type   0  conf  1.0000
   1.9137630042  -3.2215430208  -4.7319816623
   1.9082924635  -3.2123341573  -4.6959664126
      
      
#  type   0  conf  1.0000
   1.9082924635  -3.2123341573  -4.6959664126
   0.0403225828  -0.0678772319  -1.6169416120
      
      
#  type   0  conf  1.0000
   0.0403225828  -0.0678772319  -1.6169416120
  -0.0265504420   0.0446938262  -1.6267881256
      
      
#  type   0  conf  1.0000
  -0.0265504420   0.0446938262  -1.6267881256
  -1.8479997758   3.1108401444  -4.8105360525
      
      
#  type   0  conf  1.0000
  -1.8479997758   3.1108401444  -4.8105360525
  -1.8492584491   3.1129589386  -5.1770788753
      
      
#  type   0  conf  1.0000
  -1.8492584491   3.1129589386  -5.1770788753
  -1.1675371727   1.9653798418  -6.0883139268
      
      
# 167  norm    -0.8607420270   -0.5090414158   -0.0000000000
# nedges  10 
#  type   0  conf  1.0000
   1.2199371623  -2.0628010873  -6.0667057464
   1.8989169599  -3.2108932251  -5.1021760027
      
      
#  type   0  conf  1.0000
   1.8989169599  -3.2108932251  -5.1021760027
   1.9107113869  -3.2308365121  -5.0578162543
      
      
#  type   0  conf  1.0000
   1.9107113869  -3.2308365121  -5.0578162543
   1.9072466304  -3.2249779288  -4.7167831094
      
      
#  type   0  conf  1.0000
   1.9072466304  -3.2249779288  -4.7167831094
   1.8910927246  -3.1976631658  -4.6781033178
      
      
#  type   0  conf  1.0000
   1.8910927246  -3.1976631658  -4.6781033178
   0.0403916774  -0.0682985966  -1.6161136443
      
      
#  type   0  conf  1.0000
   0.0403916774  -0.0682985966  -1.6161136443
  -0.0269995770   0.0456537914  -1.6277818186
      
      
#  type   0  conf  1.0000
  -0.0269995770   0.0456537914  -1.6277818186
  -1.8216215161   3.0801937676  -4.7750237394
      
      
#  type   0  conf  1.0000
  -1.8216215161   3.0801937676  -4.7750237394
  -1.8416030928   3.1139807686  -4.8207447190
      
      
#  type   0  conf  1.0000
  -1.8416030928   3.1139807686  -4.8207447190
  -1.8433718148   3.1169715141  -5.1775380702
      
      
#  type   0  conf  1.0000
  -1.8433718148   3.1169715141  -5.1775380702
  -1.1631527980   1.9667839710  -6.0875652546
      
      
# 168  norm    -0.8686315144   -0.4954586684    0.0000000000
# nedges  11 
#  type   0  conf  1.0000
   1.1877428743  -2.0823349301  -6.0637004298
   1.3819755781  -2.4228611100  -5.7989821793
      
      
#  type   0  conf  1.0000
   1.3819755781  -2.4228611100  -5.7989821793
   1.4317318892  -2.5100932095  -5.7255104068
      
      
#  type   0  conf  1.0000
   1.4317318892  -2.5100932095  -5.7255104068
   1.8617560124  -3.2640057539  -5.0793045500
      
      
#  type   0  conf  1.0000
   1.8617560124  -3.2640057539  -5.0793045500
   1.8583277553  -3.2579953794  -4.7317218030
      
      
#  type   0  conf  1.0000
   1.8583277553  -3.2579953794  -4.7317218030
   1.8511240480  -3.2453659361  -4.6948836974
      
      
#  type   0  conf  1.0000
   1.8511240480  -3.2453659361  -4.6948836974
   0.1998431312  -0.3503623062  -1.8845403843
      
      
#  type   0  conf  1.0000
   0.1998431312  -0.3503623062  -1.8845403843
   0.0375126109  -0.0657666080  -1.6185280707
      
      
#  type   4  conf  0.0000
#  type   0  conf  1.0000
  -0.0257602452   0.0451625175  -1.6265068296
  -1.7911925847   3.1402948957  -4.8115238404
      
      
#  type   0  conf  1.0000
  -1.7911925847   3.1402948957  -4.8115238404
  -1.7928409711   3.1431848247  -5.1760754907
      
      
#  type   0  conf  1.0000
  -1.7928409711   3.1431848247  -5.1760754907
  -1.1303100135   1.9816444062  -6.0889100353
      
      
# 169  norm    -0.8763066800   -0.4817536741    0.0000000000
# nedges  13 
#  type   0  conf  1.0000
   1.1562983663  -2.1032989201  -6.0643445794
   1.3427097687  -2.4423800024  -5.8126330248
      
      
#  type   0  conf  1.0000
   1.3427097687  -2.4423800024  -5.8126330248
   1.3642406582  -2.4815445450  -5.7823934692
      
      
#  type   0  conf  1.0000
   1.3642406582  -2.4815445450  -5.7823934692
   1.8123468624  -3.2966467045  -5.0767301449
      
      
#  type   0  conf  1.0000
   1.8123468624  -3.2966467045  -5.0767301449
   1.8079204203  -3.2885950362  -4.7105283291
      
      
#  type   0  conf  1.0000
   1.8079204203  -3.2885950362  -4.7105283291
   0.3671546416  -0.6678518137  -2.1795600467
      
      
#  type   0  conf  1.0000
   0.3671546416  -0.6678518137  -2.1795600467
   0.0392258523  -0.0713515604  -1.6185732841
      
      
#  type   0  conf  1.0000
   0.0392258523  -0.0713515604  -1.6185732841
  -0.0178198548   0.0324141955  -1.6248113407
      
      
#  type   0  conf  1.0000
  -0.0178198548   0.0324141955  -1.6248113407
  -0.3504539222   0.6374733179  -2.2260987018
      
      
#  type   3  conf  0.0000
#  type   0  conf  1.0000
  -0.3553519333   0.6463827672  -2.2353367122
  -1.7407974587   3.1664988222  -4.8167764342
      
      
#  type   0  conf  1.0000
  -1.7407974587   3.1664988222  -4.8167764342
  -1.7406829719   3.1662905715  -5.1755721969
      
      
#  type   0  conf  1.0000
  -1.7406829719   3.1662905715  -5.1755721969
  -1.3048823643   2.3735722091  -5.8066966897
      
      
#  type   0  conf  1.0000
  -1.3048823643   2.3735722091  -5.8066966897
  -1.0967384443   1.9949598242  -6.0870241711
      
      
# 170  norm    -0.8837656301   -0.4679298143    0.0000000000
# nedges  14 
#  type   0  conf  1.0000
   1.1230370944  -2.1210479758  -6.0669872740
   1.3250399122  -2.5025649086  -5.7951832848
      
      
#  type   0  conf  1.0000
   1.3250399122  -2.5025649086  -5.7951832848
   1.3679659767  -2.5836381366  -5.7257338614
      
      
#  type   0  conf  1.0000
   1.3679659767  -2.5836381366  -5.7257338614
   1.7555368621  -3.3156321606  -5.0831944354
      
      
#  type   0  conf  1.0000
   1.7555368621  -3.3156321606  -5.0831944354
   1.7616974107  -3.3272674122  -5.0283642589
      
      
#  type   0  conf  1.0000
   1.7616974107  -3.3272674122  -5.0283642589
   1.7581725251  -3.3206100618  -4.7149482224
      
      
#  type   0  conf  1.0000
   1.7581725251  -3.3206100618  -4.7149482224
   0.3612968480  -0.6823710027  -2.1822339244
      
      
#  type   0  conf  1.0000
   0.3612968480  -0.6823710027  -2.1822339244
   0.0391888331  -0.0740148260  -1.6180204216
      
      
#  type   0  conf  1.0000
   0.0391888331  -0.0740148260  -1.6180204216
  -0.0175220686   0.0330934289  -1.6262263982
      
      
#  type   0  conf  1.0000
  -0.0175220686   0.0330934289  -1.6262263982
  -0.3491701975   0.6594677453  -2.2412850991
      
      
#  type   0  conf  1.0000
  -0.3491701975   0.6594677453  -2.2412850991
  -1.6893623722   3.1906502981  -4.8193316049
      
      
#  type   0  conf  1.0000
  -1.6893623722   3.1906502981  -4.8193316049
  -1.6894512221   3.1908181064  -5.1394449276
      
      
#  type   0  conf  1.0000
  -1.6894512221   3.1908181064  -5.1394449276
  -1.6833622063   3.1793179566  -5.1817456915
      
      
#  type   0  conf  1.0000
  -1.6833622063   3.1793179566  -5.1817456915
  -1.2678771691   2.3946032740  -5.8157682293
      
      
#  type   0  conf  1.0000
  -1.2678771691   2.3946032740  -5.8157682293
  -1.0633025298   2.0082290155  -6.0876882279
      
      
# 171  norm    -0.8910065242   -0.4539904997    0.0000000000
# nedges  17 
#  type   0  conf  1.0000
   1.0929361448  -2.1450079597  -6.0639429180
   1.2950230357  -2.5416258147  -5.7930021168
      
      
#  type   0  conf  1.0000
   1.2950230357  -2.5416258147  -5.7930021168
   1.7047721990  -3.3458038272  -5.0815292680
      
      
#  type   0  conf  1.0000
   1.7047721990  -3.3458038272  -5.0815292680
   1.7110195460  -3.3580649362  -5.0232068735
      
      
#  type   0  conf  1.0000
   1.7110195460  -3.3580649362  -5.0232068735
   1.7076679235  -3.3514870065  -4.7464915752
      
      
#  type   0  conf  1.0000
   1.7076679235  -3.3514870065  -4.7464915752
   1.6971399869  -3.3308247675  -4.7004188345
      
      
#  type   0  conf  1.0000
   1.6971399869  -3.3308247675  -4.7004188345
   0.3612277101  -0.7089492987  -2.1966954124
      
      
#  type   0  conf  1.0000
   0.3612277101  -0.7089492987  -2.1966954124
   0.3482369312  -0.6834534595  -2.1725981872
      
      
#  type   0  conf  1.0000
   0.3482369312  -0.6834534595  -2.1725981872
   0.0388344032  -0.0762168077  -1.6173369291
      
      
#  type   0  conf  1.0000
   0.0388344032  -0.0762168077  -1.6173369291
  -0.0157465735   0.0309043905  -1.6258922006
      
      
#  type   0  conf  1.0000
  -0.0157465735   0.0309043905  -1.6258922006
  -0.3236441628   0.6351874340  -2.2114673508
      
      
#  type   0  conf  1.0000
  -0.3236441628   0.6351874340  -2.2114673508
  -0.3502694525   0.6874425073  -2.2628281509
      
      
#  type   0  conf  1.0000
  -0.3502694525   0.6874425073  -2.2628281509
  -1.6286085862   3.1963243206  -4.8053883822
      
      
#  type   0  conf  1.0000
  -1.6286085862   3.1963243206  -4.8053883822
  -1.6372811975   3.2133452786  -4.8649313338
      
      
#  type   0  conf  1.0000
  -1.6372811975   3.2133452786  -4.8649313338
  -1.6390533934   3.2168234091  -5.1283895674
      
      
#  type   0  conf  1.0000
  -1.6390533934   3.2168234091  -5.1283895674
  -1.6308232630   3.2006708686  -5.1807599317
      
      
#  type   0  conf  1.0000
  -1.6308232630   3.2006708686  -5.1807599317
  -1.2319945633   2.4179254727  -5.8210982091
      
      
#  type   0  conf  1.0000
  -1.2319945633   2.4179254727  -5.8210982091
  -1.0299189210   2.0213296942  -6.0867335952
      
      
# 172  norm    -0.8980275758   -0.4399391699    0.0000000000
# nedges  17 
#  type   0  conf  1.0000
   1.0713026396  -2.1868007631  -6.0489924708
   1.2619320840  -2.5759238727  -5.7932866006
      
      
#  type   0  conf  1.0000
   1.2619320840  -2.5759238727  -5.7932866006
   1.6517541902  -3.3716497935  -5.0800092348
      
      
#  type   0  conf  1.0000
   1.6517541902  -3.3716497935  -5.0800092348
   1.6591751418  -3.3867978404  -5.0241981218
      
      
#  type   0  conf  1.0000
   1.6591751418  -3.3867978404  -5.0241981218
   1.6570389285  -3.3824372865  -4.7612811964
      
      
#  type   0  conf  1.0000
   1.6570389285  -3.3824372865  -4.7612811964
   1.6435981387  -3.3550012209  -4.7009378909
      
      
#  type   0  conf  1.0000
   1.6435981387  -3.3550012209  -4.7009378909
   0.3568979638  -0.7285193844  -2.2042159325
      
      
#  type   0  conf  1.0000
   0.3568979638  -0.7285193844  -2.2042159325
   0.3112934184  -0.6354289252  -2.1192745989
      
      
#  type   0  conf  1.0000
   0.3112934184  -0.6354289252  -2.1192745989
   0.0389653328  -0.0795381401  -1.6175141148
      
      
#  type   0  conf  1.0000
   0.0389653328  -0.0795381401  -1.6175141148
  -0.0145958871   0.0297939125  -1.6267211149
      
      
#  type   0  conf  1.0000
  -0.0145958871   0.0297939125  -1.6267211149
  -0.3215028092   0.6562688848  -2.2259384181
      
      
#  type   0  conf  1.0000
  -0.3215028092   0.6562688848  -2.2259384181
  -0.3523379263   0.7192111899  -2.2881207790
      
      
#  type   0  conf  1.0000
  -0.3523379263   0.7192111899  -2.2881207790
  -1.5786853455   3.2224977243  -4.8133333408
      
      
#  type   0  conf  1.0000
  -1.5786853455   3.2224977243  -4.8133333408
  -1.5857947000   3.2370097223  -4.8649012998
      
      
#  type   0  conf  1.0000
  -1.5857947000   3.2370097223  -4.8649012998
  -1.5868824867   3.2392301713  -5.1242337103
      
      
#  type   0  conf  1.0000
  -1.5868824867   3.2392301713  -5.1242337103
  -1.5787862767   3.2227037506  -5.1777012786
      
      
#  type   0  conf  1.0000
  -1.5787862767   3.2227037506  -5.1777012786
  -1.1969838054   2.4433479413  -5.8240599960
      
      
#  type   0  conf  1.0000
  -1.1969838054   2.4433479413  -5.8240599960
  -0.9960443833   2.0331795489  -6.0865594083
      
      
# 173  norm    -0.9048270525   -0.4257792916    0.0000000000
# nedges  16 
#  type   0  conf  1.0000
   1.0348378087  -2.1991422852  -6.0534719685
   1.2281108890  -2.6098684878  -5.7929398518
      
      
#  type   0  conf  1.0000
   1.2281108890  -2.6098684878  -5.7929398518
   1.5988180941  -3.3976613993  -5.0766848074
      
      
#  type   0  conf  1.0000
   1.5988180941  -3.3976613993  -5.0766848074
   1.6072961475  -3.4156781797  -5.0204355829
      
      
#  type   0  conf  1.0000
   1.6072961475  -3.4156781797  -5.0204355829
   1.6047027688  -3.4101669694  -4.7612328935
      
      
#  type   0  conf  1.0000
   1.6047027688  -3.4101669694  -4.7612328935
   1.5905667954  -3.3801264969  -4.7032172978
      
      
#  type   0  conf  1.0000
   1.5905667954  -3.3801264969  -4.7032172978
   0.3411435960  -0.7249670440  -2.1906589883
      
      
#  type   0  conf  1.0000
   0.3411435960  -0.7249670440  -2.1906589883
   0.2214665882  -0.4706404567  -1.9631178008
      
      
#  type   0  conf  1.0000
   0.2214665882  -0.4706404567  -1.9631178008
   0.0390589906  -0.0830045803  -1.6175066778
      
      
#  type   0  conf  1.0000
   0.0390589906  -0.0830045803  -1.6175066778
  -0.0131035742   0.0278465127  -1.6263845703
      
      
#  type   0  conf  1.0000
  -0.0131035742   0.0278465127  -1.6263845703
  -0.3139268336   0.6671284799  -2.2309236098
      
      
#  type   0  conf  1.0000
  -0.3139268336   0.6671284799  -2.2309236098
  -0.3261905483   0.6931902002  -2.2557510747
      
      
#  type   0  conf  1.0000
  -0.3261905483   0.6931902002  -2.2557510747
  -1.5334214639   3.2586864859  -4.8326638692
      
      
#  type   0  conf  1.0000
  -1.5334214639   3.2586864859  -4.8326638692
  -1.5344239904   3.2608169631  -5.1258824021
      
      
#  type   0  conf  1.0000
  -1.5344239904   3.2608169631  -5.1258824021
  -1.5225111066   3.2355007964  -5.1816491974
      
      
#  type   0  conf  1.0000
  -1.5225111066   3.2355007964  -5.1816491974
  -1.1634967618   2.4725564780  -5.8235436061
      
      
#  type   0  conf  1.0000
  -1.1634967618   2.4725564780  -5.8235436061
  -0.9621804999   2.0447376443  -6.0869300003
      
      
# 174  norm    -0.9114032766   -0.4115143586    0.0000000000
# nedges  19 
#  type   0  conf  1.0000
   0.9936817352  -2.2007610924  -6.0635221744
   1.1896417354  -2.6347643843  -5.7974585350
      
      
#  type   0  conf  1.0000
   1.1896417354  -2.6347643843  -5.7974585350
   1.2082384600  -2.6759515638  -5.7630871721
      
      
#  type   0  conf  1.0000
   1.2082384600  -2.6759515638  -5.7630871721
   1.5437349282  -3.4189938757  -5.0736251426
      
      
#  type   0  conf  1.0000
   1.5437349282  -3.4189938757  -5.0736251426
   1.5545546135  -3.4429568223  -5.0135105461
      
      
#  type   0  conf  1.0000
   1.5545546135  -3.4429568223  -5.0135105461
   1.5529141903  -3.4393236878  -4.7761584008
      
      
#  type   0  conf  1.0000
   1.5529141903  -3.4393236878  -4.7761584008
   1.5371457852  -3.4044005417  -4.7072751950
      
      
#  type   0  conf  1.0000
   1.5371457852  -3.4044005417  -4.7072751950
   0.3988338687  -0.8833191046  -2.3298512430
      
      
#  type   0  conf  1.0000
   0.3988338687  -0.8833191046  -2.3298512430
   0.3274274158  -0.7251713417  -2.1814463173
      
      
#  type   0  conf  1.0000
   0.3274274158  -0.7251713417  -2.1814463173
   0.0403876933  -0.0894488255  -1.6204246378
      
      
#  type   4  conf  0.0000
#  type   0  conf  1.0000
  -0.0105052432   0.0232665347  -1.6246036789
  -0.3014552260   0.6676493177  -2.2264016343
      
      
#  type   0  conf  1.0000
  -0.3014552260   0.6676493177  -2.2264016343
  -0.3422275391   0.7579499815  -2.3150193924
      
      
#  type   0  conf  1.0000
  -0.3422275391   0.7579499815  -2.3150193924
  -1.4713900431   3.2587677161  -4.8185194213
      
      
#  type   0  conf  1.0000
  -1.4713900431   3.2587677161  -4.8185194213
  -1.4805666804   3.2790917146  -4.8799022299
      
      
#  type   0  conf  1.0000
  -1.4805666804   3.2790917146  -4.8799022299
  -1.4807000608   3.2793871196  -5.1172315200
      
      
#  type   0  conf  1.0000
  -1.4807000608   3.2793871196  -5.1172315200
  -1.4681999358   3.2517024116  -5.1778612010
      
      
#  type   0  conf  1.0000
  -1.4681999358   3.2517024116  -5.1778612010
  -1.1383208352   2.5211011897  -5.8062143421
      
      
#  type   0  conf  1.0000
  -1.1383208352   2.5211011897  -5.8062143421
  -1.1255232564   2.4927576945  -5.8275026422
      
      
#  type   0  conf  1.0000
  -1.1255232564   2.4927576945  -5.8275026422
  -0.9282529166   2.0558523222  -6.0862465792
      
      
# 175  norm    -0.9177546257   -0.3971478906    0.0000000000
# nedges  18 
#  type   0  conf  1.0000
   0.9583507064  -2.2146178151  -6.0641212580
   1.1522383902  -2.6626658166  -5.7997208748
      
      
#  type   0  conf  1.0000
   1.1522383902  -2.6626658166  -5.7997208748
   1.1659098283  -2.6942586459  -5.7747029006
      
      
#  type   0  conf  1.0000
   1.1659098283  -2.6942586459  -5.7747029006
   1.4897676219  -3.4426498502  -5.0698499850
      
      
#  type   0  conf  1.0000
   1.4897676219  -3.4426498502  -5.0698499850
   1.5018409652  -3.4705497004  -5.0153151777
      
      
#  type   0  conf  1.0000
   1.5018409652  -3.4705497004  -5.0153151777
   1.4999192878  -3.4661089659  -4.7759847093
      
      
#  type   0  conf  1.0000
   1.4999192878  -3.4661089659  -4.7759847093
   1.4851017191  -3.4318675849  -4.7151306224
      
      
#  type   0  conf  1.0000
   1.4851017191  -3.4318675849  -4.7151306224
   0.3256710311  -0.7525813490  -2.1969067145
      
      
#  type   0  conf  1.0000
   0.3256710311  -0.7525813490  -2.1969067145
   0.3121863579  -0.7214201076  -2.1688578299
      
      
#  type   0  conf  1.0000
   0.3121863579  -0.7214201076  -2.1688578299
   0.0382140769  -0.0883075214  -1.6174143288
      
      
#  type   0  conf  1.0000
   0.0382140769  -0.0883075214  -1.6174143288
  -0.0106482377   0.0246066254  -1.6273533982
      
      
#  type   0  conf  1.0000
  -0.0106482377   0.0246066254  -1.6273533982
  -0.2910639245   0.6726090440  -2.2260669117
      
      
#  type   0  conf  1.0000
  -0.2910639245   0.6726090440  -2.2260669117
  -0.3221253468   0.7443877558  -2.2958578247
      
      
#  type   0  conf  1.0000
  -0.3221253468   0.7443877558  -2.2958578247
  -1.4162950322   3.2728647131  -4.8186953110
      
      
#  type   0  conf  1.0000
  -1.4162950322   3.2728647131  -4.8186953110
  -1.4268547377   3.2972667527  -4.8650083423
      
      
#  type   0  conf  1.0000
  -1.4268547377   3.2972667527  -4.8650083423
  -1.4276402321   3.2990819231  -5.1103351799
      
      
#  type   0  conf  1.0000
  -1.4276402321   3.2990819231  -5.1103351799
  -1.4182528114   3.2773888738  -5.1689782529
      
      
#  type   0  conf  1.0000
  -1.4182528114   3.2773888738  -5.1689782529
  -1.0922090100   2.5239461038  -5.8248310248
      
      
#  type   0  conf  1.0000
  -1.0922090100   2.5239461038  -5.8248310248
  -0.8924488017   2.0623274989  -6.0870051899
      
      
# 176  norm    -0.9238795325   -0.3826834324    0.0000000000
# nedges  15 
#  type   0  conf  1.0000
   0.9222273213  -2.2264537067  -6.0659883738
   1.1212141005  -2.7068502878  -5.7915127735
      
      
#  type   0  conf  1.0000
   1.1212141005  -2.7068502878  -5.7915127735
   1.4324110294  -3.4581461342  -5.0709959618
      
      
#  type   0  conf  1.0000
   1.4324110294  -3.4581461342  -5.0709959618
   1.4481295927  -3.4960941029  -5.0138630914
      
      
#  type   0  conf  1.0000
   1.4481295927  -3.4960941029  -5.0138630914
   1.4468970445  -3.4931184681  -4.7908581550
      
      
#  type   0  conf  1.0000
   1.4468970445  -3.4931184681  -4.7908581550
   1.4346647985  -3.4635872141  -4.7291620375
      
      
#  type   0  conf  1.0000
   1.4346647985  -3.4635872141  -4.7291620375
   0.3224562971  -0.7784783657  -2.2112830165
      
      
#  type   0  conf  1.0000
   0.3224562971  -0.7784783657  -2.2112830165
   0.2765916364  -0.6677512798  -2.1137272463
      
      
#  type   0  conf  1.0000
   0.2765916364  -0.6677512798  -2.1137272463
   0.0370083823  -0.0893461385  -1.6168411594
      
      
#  type   0  conf  1.0000
   0.0370083823  -0.0893461385  -1.6168411594
  -0.0091861367   0.0221772958  -1.6269074850
      
      
#  type   0  conf  1.0000
  -0.0091861367   0.0221772958  -1.6269074850
  -0.2940789661   0.7099694284  -2.2559002377
      
      
#  type   0  conf  1.0000
  -0.2940789661   0.7099694284  -2.2559002377
  -1.3731130828   3.3149882272  -4.8492350182
      
      
#  type   0  conf  1.0000
  -1.3731130828   3.3149882272  -4.8492350182
  -1.3744652702   3.3182526964  -5.1082637375
      
      
#  type   0  conf  1.0000
  -1.3744652702   3.3182526964  -5.1082637375
  -1.3633218736   3.2913501571  -5.1665898699
      
      
#  type   0  conf  1.0000
  -1.3633218736   3.2913501571  -5.1665898699
  -1.0554585038   2.5481022343  -5.8253584138
      
      
#  type   0  conf  1.0000
  -1.0554585038   2.5481022343  -5.8253584138
  -0.8581817714   2.0718340715  -6.0859048975
      
      
# 177  norm    -0.9297764859   -0.3681245527    0.0000000000
# nedges  15 
#  type   0  conf  1.0000
   0.8871452482  -2.2406731237  -6.0654258275
   1.0835105149  -2.7366351731  -5.7912807589
      
      
#  type   0  conf  1.0000
   1.0835105149  -2.7366351731  -5.7912807589
   1.3938338385  -3.5204224190  -5.0275299059
      
      
#  type   0  conf  1.0000
   1.3938338385  -3.5204224190  -5.0275299059
   1.3934687238  -3.5195002445  -4.7913114688
      
      
#  type   0  conf  1.0000
   1.3934687238  -3.5195002445  -4.7913114688
   1.3840353119  -3.4956741658  -4.7437128895
      
      
#  type   0  conf  1.0000
   1.3840353119  -3.4956741658  -4.7437128895
   0.3477365585  -0.8782822907  -2.2944737849
      
      
#  type   0  conf  1.0000
   0.3477365585  -0.8782822907  -2.2944737849
   0.2990829871  -0.7553973967  -2.1814968311
      
      
#  type   0  conf  1.0000
   0.2990829871  -0.7553973967  -2.1814968311
   0.0389539226  -0.0983863775  -1.6194952746
      
      
#  type   4  conf  0.0000
#  type   0  conf  1.0000
  -0.0072094871   0.0182090858  -1.6252859373
  -0.2875565186   0.7262848604  -2.2662294386
      
      
#  type   0  conf  1.0000
  -0.2875565186   0.7262848604  -2.2662294386
  -1.3204400772   3.3350509382  -4.8580568744
      
      
#  type   0  conf  1.0000
  -1.3204400772   3.3350509382  -4.8580568744
  -1.3207053277   3.3357208845  -5.1020060182
      
      
#  type   0  conf  1.0000
  -1.3207053277   3.3357208845  -5.1020060182
  -1.3077068116   3.3028903804  -5.1628980743
      
      
#  type   0  conf  1.0000
  -1.3077068116   3.3028903804  -5.1628980743
  -1.0302590484   2.6021373217  -5.7990190991
      
      
#  type   0  conf  1.0000
  -1.0302590484   2.6021373217  -5.7990190991
  -1.0159281142   2.5659415136  -5.8286704948
      
      
#  type   0  conf  1.0000
  -1.0159281142   2.5659415136  -5.8286704948
  -0.8231905060   2.0791418838  -6.0856141379
      
      
# 178  norm    -0.9354440308   -0.3534748438    0.0000000000
# nedges  15 
#  type   0  conf  1.0000
   0.8522460086  -2.2554036179  -6.0639232101
   1.0447299807  -2.7647976695  -5.7911575430
      
      
#  type   0  conf  1.0000
   1.0447299807  -2.7647976695  -5.7911575430
   1.3396894053  -3.5453851368  -5.0251283198
      
      
#  type   0  conf  1.0000
   1.3396894053  -3.5453851368  -5.0251283198
   1.3390059835  -3.5435765135  -4.7714113915
      
      
#  type   0  conf  1.0000
   1.3390059835  -3.5435765135  -4.7714113915
   0.4974824400  -1.3165490760  -2.6936125118
      
      
#  type   0  conf  1.0000
   0.4974824400  -1.3165490760  -2.6936125118
   0.2883891464  -0.7631997307  -2.1796967566
      
      
#  type   0  conf  1.0000
   0.2883891464  -0.7631997307  -2.1796967566
   0.0360463910  -0.0953940057  -1.6164391861
      
      
#  type   0  conf  1.0000
   0.0360463910  -0.0953940057  -1.6164391861
  -0.0066674646   0.0176449332  -1.6269825481
      
      
#  type   0  conf  1.0000
  -0.0066674646   0.0176449332  -1.6269825481
  -0.2607175299   0.6899689226  -2.2296683932
      
      
#  type   0  conf  1.0000
  -0.2607175299   0.6899689226  -2.2296683932
  -0.3077257342   0.8143725255  -2.3482235013
      
      
#  type   0  conf  1.0000
  -0.3077257342   0.8143725255  -2.3482235013
  -1.2670404847   3.3531253471  -4.8614768141
      
      
#  type   0  conf  1.0000
  -1.2670404847   3.3531253471  -4.8614768141
  -1.2674180339   3.3541245022  -5.0726705896
      
      
#  type   0  conf  1.0000
  -1.2674180339   3.3541245022  -5.0726705896
  -1.2613251197   3.3380000726  -5.1360769437
      
      
#  type   0  conf  1.0000
  -1.2613251197   3.3380000726  -5.1360769437
  -0.9831797120   2.6019096097  -5.8195132373
      
      
#  type   0  conf  1.0000
  -0.9831797120   2.6019096097  -5.8195132373
  -0.9680777105   2.5619433224  -5.8417835872
      
      
#  type   0  conf  1.0000
  -0.9680777105   2.5619433224  -5.8417835872
  -0.7874029801   2.0838015225  -6.0864519517
      
      
# 179  norm    -0.9408807690   -0.3387379202    0.0000000000
# nedges  15 
#  type   0  conf  1.0000
   0.8163375645  -2.2674648143  -6.0636040267
   1.0042055483  -2.7892882136  -5.7925282506
      
      
#  type   0  conf  1.0000
   1.0042055483  -2.7892882136  -5.7925282506
   1.2842310549  -3.5670889802  -5.0320781788
      
      
#  type   0  conf  1.0000
   1.2842310549  -3.5670889802  -5.0320781788
   1.2857214651  -3.5712287536  -4.8053801952
      
      
#  type   0  conf  1.0000
   1.2857214651  -3.5712287536  -4.8053801952
   1.2799647717  -3.5552389225  -4.7588755709
      
      
#  type   0  conf  1.0000
   1.2799647717  -3.5552389225  -4.7588755709
   0.2966173359  -0.8238863451  -2.2254634437
      
      
#  type   0  conf  1.0000
   0.2966173359  -0.8238863451  -2.2254634437
   0.2248410977  -0.6245201740  -2.0553951829
      
      
#  type   0  conf  1.0000
   0.2248410977  -0.6245201740  -2.0553951829
   0.0347965216  -0.0966510570  -1.6194837288
      
      
#  type   4  conf  0.0000
#  type   0  conf  1.0000
  -0.0056633588   0.0157305843  -1.6292613397
  -0.2426649998   0.6740279668  -2.2109286707
      
      
#  type   0  conf  1.0000
  -0.2426649998   0.6740279668  -2.2109286707
  -0.2881232082   0.8002929979  -2.3302693502
      
      
#  type   0  conf  1.0000
  -0.2881232082   0.8002929979  -2.3302693502
  -1.2137186050   3.3712331161  -4.8568505150
      
      
#  type   0  conf  1.0000
  -1.2137186050   3.3712331161  -4.8568505150
  -1.2140709519   3.3722117971  -5.1106182421
      
      
#  type   0  conf  1.0000
  -1.2140709519   3.3722117971  -5.1106182421
  -0.9442033200   2.6226256132  -5.8202025265
      
      
#  type   0  conf  1.0000
  -0.9442033200   2.6226256132  -5.8202025265
  -0.9285475850   2.5791401363  -5.8434761185
      
      
#  type   0  conf  1.0000
  -0.9285475850   2.5791401363  -5.8434761185
  -0.7520829560   2.0889907733  -6.0854967424
      
      
# 180  norm    -0.9460853588   -0.3239174182   -0.0000000000
# nedges  19 
#  type   0  conf  1.0000
   0.7794671375  -2.2766372077  -6.0641005467
   0.9586534900  -2.7999977157  -5.7997507497
      
      
#  type   0  conf  1.0000
   0.9586534900  -2.7999977157  -5.7997507497
   0.9683137022  -2.8282128869  -5.7785284361
      
      
#  type   0  conf  1.0000
   0.9683137022  -2.8282128869  -5.7785284361
   1.2224937021  -3.5706119147  -5.0590934799
      
      
#  type   0  conf  1.0000
   1.2224937021  -3.5706119147  -5.0590934799
   1.2297770928  -3.5918849583  -5.0129661082
      
      
#  type   3  conf  0.0000
#  type   3  conf  0.0000
#  type   0  conf  1.0000
   1.2317342093  -3.5976012277  -4.8321289321
   1.2227191869  -3.5712705020  -4.7486788871
      
      
#  type   0  conf  1.0000
   1.2227191869  -3.5712705020  -4.7486788871
   0.3011239793  -0.8795111716  -2.2685230616
      
      
#  type   0  conf  1.0000
   0.3011239793  -0.8795111716  -2.2685230616
   0.2627015502  -0.7672884398  -2.1689605614
      
      
#  type   0  conf  1.0000
   0.2627015502  -0.7672884398  -2.1689605614
   0.0365960230  -0.1068882363  -1.6190692018
      
      
#  type   0  conf  1.0000
   0.0365960230  -0.1068882363  -1.6190692018
  -0.0039927058   0.0116617395  -1.6256525654
      
      
#  type   0  conf  1.0000
  -0.0039927058   0.0116617395  -1.6256525654
  -0.2430811274   0.7099818742  -2.2408250506
      
      
#  type   0  conf  1.0000
  -0.2430811274   0.7099818742  -2.2408250506
  -0.2697155857   0.7877747608  -2.3149287703
      
      
#  type   0  conf  1.0000
  -0.2697155857   0.7877747608  -2.3149287703
  -1.1491229149   3.3563133817  -4.8183381822
      
      
#  type   0  conf  1.0000
  -1.1491229149   3.3563133817  -4.8183381822
  -1.1599912372   3.3880571535  -4.8803321012
      
      
#  type   0  conf  1.0000
  -1.1599912372   3.3880571535  -4.8803321012
  -1.1605051647   3.3895582130  -5.1036314665
      
      
#  type   0  conf  1.0000
  -1.1605051647   3.3895582130  -5.1036314665
  -0.9076862337   2.6511345420  -5.8126832925
      
      
#  type   0  conf  1.0000
  -0.9076862337   2.6511345420  -5.8126832925
  -0.8976553807   2.6218368178  -5.8321246367
      
      
#  type   0  conf  1.0000
  -0.8976553807   2.6218368178  -5.8321246367
  -0.7163326781   2.0922365415  -6.0857970551
      
      
# 181  norm    -0.9510565163   -0.3090169944    0.0000000000
# nedges  19 
#  type   0  conf  1.0000
   0.7402023516  -2.2781085918  -6.0682877783
   0.9143984490  -2.8142290528  -5.8046252814
      
      
#  type   0  conf  1.0000
   0.9143984490  -2.8142290528  -5.8046252814
   0.9236635983  -2.8427442505  -5.7875887469
      
      
#  type   0  conf  1.0000
   0.9236635983  -2.8427442505  -5.7875887469
   1.1664469291  -3.5899545107  -5.0691624947
      
      
#  type   0  conf  1.0000
   1.1664469291  -3.5899545107  -5.0691624947
   1.1741877131  -3.6137781942  -5.0131263417
      
      
#  type   3  conf  0.0000
#  type   3  conf  0.0000
#  type   0  conf  1.0000
   1.1767280500  -3.6215965472  -4.8204103114
   1.1666431656  -3.5905584645  -4.7388395720
      
      
#  type   0  conf  1.0000
   1.1666431656  -3.5905584645  -4.7388395720
   0.2838481849  -0.8735948858  -2.2556194859
      
      
#  type   0  conf  1.0000
   0.2838481849  -0.8735948858  -2.2556194859
   0.2552369582  -0.7855385844  -2.1771465204
      
      
#  type   0  conf  1.0000
   0.2552369582  -0.7855385844  -2.1771465204
   0.0348903073  -0.1073813243  -1.6169172598
      
      
#  type   0  conf  1.0000
   0.0348903073  -0.1073813243  -1.6169172598
  -0.0034593381   0.0106467478  -1.6262061105
      
      
#  type   0  conf  1.0000
  -0.0034593381   0.0106467478  -1.6262061105
  -0.2316544142   0.7129589767  -2.2406150832
      
      
#  type   0  conf  1.0000
  -0.2316544142   0.7129589767  -2.2406150832
  -0.2612646641   0.8040899556  -2.3270176102
      
      
#  type   0  conf  1.0000
  -0.2612646641   0.8040899556  -2.3270176102
  -1.0978072813   3.3787033965  -4.8168710793
      
      
#  type   0  conf  1.0000
  -1.0978072813   3.3787033965  -4.8168710793
  -1.1060061110   3.4039367997  -4.8950538384
      
      
#  type   0  conf  1.0000
  -1.1060061110   3.4039367997  -4.8950538384
  -1.1061162387   3.4042757380  -5.1080355188
      
      
#  type   0  conf  1.0000
  -1.1061162387   3.4042757380  -5.1080355188
  -0.8704687534   2.6790273521  -5.8029976114
      
      
#  type   0  conf  1.0000
  -0.8704687534   2.6790273521  -5.8029976114
  -0.8596635154   2.6457722489  -5.8291028033
      
      
#  type   0  conf  1.0000
  -0.8596635154   2.6457722489  -5.8291028033
  -0.6807878653   2.0952496054  -6.0854345457
      
      
# 182  norm    -0.9557930148   -0.2940403252    0.0000000000
# nedges  19 
#  type   0  conf  1.0000
   0.7053786163  -2.2928690263  -6.0645171130
   0.8717008253  -2.8335078161  -5.8063890653
      
      
#  type   0  conf  1.0000
   0.8717008253  -2.8335078161  -5.8063890653
   0.8822661684  -2.8678510007  -5.7858233913
      
      
#  type   0  conf  1.0000
   0.8822661684  -2.8678510007  -5.7858233913
   1.1114868644  -3.6129445176  -5.0735919845
      
      
#  type   0  conf  1.0000
   1.1114868644  -3.6129445176  -5.0735919845
   1.1181018811  -3.6344469655  -5.0141231909
      
      
#  type   3  conf  0.0000
#  type   3  conf  0.0000
#  type   0  conf  1.0000
   1.1208482879  -3.6433743003  -4.8213706219
   1.1102362571  -3.6088793553  -4.7302407602
      
      
#  type   0  conf  1.0000
   1.1102362571  -3.6088793553  -4.7302407602
   0.2790451798  -0.9070505329  -2.2780852092
      
      
#  type   0  conf  1.0000
   0.2790451798  -0.9070505329  -2.2780852092
   0.2459094077  -0.7993410221  -2.1817838900
      
      
#  type   0  conf  1.0000
   0.2459094077  -0.7993410221  -2.1817838900
   0.0344669847  -0.1120366847  -1.6181787455
      
      
#  type   0  conf  1.0000
   0.0344669847  -0.1120366847  -1.6181787455
  -0.0022720067   0.0073852733  -1.6255235639
      
      
#  type   0  conf  1.0000
  -0.0022720067   0.0073852733  -1.6255235639
  -0.2099480186   0.6824467000  -2.2113831903
      
      
#  type   0  conf  1.0000
  -0.2099480186   0.6824467000  -2.2113831903
  -0.2301499920   0.7481142409  -2.2703070878
      
      
#  type   0  conf  1.0000
  -0.2301499920   0.7481142409  -2.2703070878
  -1.0421847041   3.3876743249  -4.8031103470
      
      
#  type   0  conf  1.0000
  -1.0421847041   3.3876743249  -4.8031103470
  -1.0514052379   3.4176461386  -4.8646710424
      
      
#  type   0  conf  1.0000
  -1.0514052379   3.4176461386  -4.8646710424
  -1.0516826349   3.4185478316  -5.1164602688
      
      
#  type   0  conf  1.0000
  -1.0516826349   3.4185478316  -5.1164602688
  -0.8310595601   2.7014013190  -5.7980278656
      
      
#  type   0  conf  1.0000
  -0.8310595601   2.7014013190  -5.7980278656
  -0.8200650149   2.6656629911  -5.8283023808
      
      
#  type   0  conf  1.0000
  -0.8200650149   2.6656629911  -5.8283023808
  -0.6447209128   2.0956980797  -6.0852758995
      
      
# 183  norm    -0.9602936857   -0.2789911060   -0.0000000000
# nedges  18 
#  type   0  conf  1.0000
   0.6681326715  -2.2997277395  -6.0638202278
   0.8360090033  -2.8775618637  -5.7955598985
      
      
#  type   0  conf  1.0000
   0.8360090033  -2.8775618637  -5.7955598985
   1.0578579533  -3.6411709582  -5.0738407093
      
      
#  type   0  conf  1.0000
   1.0578579533  -3.6411709582  -5.0738407093
   1.0621618746  -3.6559851523  -5.0224612665
      
      
#  type   0  conf  1.0000
   1.0621618746  -3.6559851523  -5.0224612665
   1.0607026166  -3.6509623533  -4.7759939545
      
      
#  type   0  conf  1.0000
   1.0607026166  -3.6509623533  -4.7759939545
   1.0530670241  -3.6246804716  -4.7184686136
      
      
#  type   0  conf  1.0000
   1.0530670241  -3.6246804716  -4.7184686136
   0.2394174625  -0.8240803112  -2.1966457673
      
      
#  type   0  conf  1.0000
   0.2394174625  -0.8240803112  -2.1966457673
   0.2180215731  -0.7504351767  -2.1355638736
      
      
#  type   0  conf  1.0000
   0.2180215731  -0.7504351767  -2.1355638736
   0.0330704995  -0.1138294060  -1.6171500661
      
      
#  type   0  conf  1.0000
   0.0330704995  -0.1138294060  -1.6171500661
  -0.0018867193   0.0064941305  -1.6265703359
      
      
#  type   0  conf  1.0000
  -0.0018867193   0.0064941305  -1.6265703359
  -0.2029522831   0.6985663405  -2.2231500414
      
      
#  type   0  conf  1.0000
  -0.2029522831   0.6985663405  -2.2231500414
  -0.2182018086   0.7510555513  -2.2702538663
      
      
#  type   0  conf  1.0000
  -0.2182018086   0.7510555513  -2.2702538663
  -0.9901372416   3.4080747395  -4.8030648297
      
      
#  type   0  conf  1.0000
  -0.9901372416   3.4080747395  -4.8030648297
  -0.9970268086   3.4317887848  -4.8735521598
      
      
#  type   0  conf  1.0000
  -0.9970268086   3.4317887848  -4.8735521598
  -0.9964809423   3.4299099007  -5.1029202074
      
      
#  type   0  conf  1.0000
  -0.9964809423   3.4299099007  -5.1029202074
  -0.9898822338   3.4071969970  -5.1486593992
      
      
#  type   0  conf  1.0000
  -0.9898822338   3.4071969970  -5.1486593992
  -0.7818197889   2.6910413643  -5.8223219746
      
      
#  type   0  conf  1.0000
  -0.7818197889   2.6910413643  -5.8223219746
  -0.7732382157   2.6615033955  -5.8372188335
      
      
#  type   0  conf  1.0000
  -0.7732382157   2.6615033955  -5.8372188335
  -0.6090315892   2.0963004801  -6.0846778120
      
      
# 184  norm    -0.9645574185   -0.2638730500    0.0000000000
# nedges  17 
#  type   0  conf  1.0000
   0.6306674051  -2.3053317656  -6.0639730405
   0.7930604141  -2.8989406298  -5.7944002580
      
      
#  type   0  conf  1.0000
   0.7930604141  -2.8989406298  -5.7944002580
   1.0023274551  -3.6638920977  -5.0751534236
      
      
#  type   0  conf  1.0000
   1.0023274551  -3.6638920977  -5.0751534236
   1.0054174811  -3.6751873303  -5.0205392920
      
      
#  type   0  conf  1.0000
   1.0054174811  -3.6751873303  -5.0205392920
   1.0035780759  -3.6684635973  -4.7612454275
      
      
#  type   0  conf  1.0000
   1.0035780759  -3.6684635973  -4.7612454275
   0.9974892117  -3.6462064583  -4.7155285913
      
      
#  type   0  conf  1.0000
   0.9974892117  -3.6462064583  -4.7155285913
   0.2234325862  -0.8167319799  -2.1832913829
      
      
#  type   0  conf  1.0000
   0.2234325862  -0.8167319799  -2.1832913829
   0.0318648574  -0.1164783012  -1.6168756108
      
      
#  type   0  conf  1.0000
   0.0318648574  -0.1164783012  -1.6168756108
  -0.0010924825   0.0039934434  -1.6267185945
      
      
#  type   0  conf  1.0000
  -0.0010924825   0.0039934434  -1.6267185945
  -0.1958210057   0.7158010406  -2.2363964821
      
      
#  type   0  conf  1.0000
  -0.1958210057   0.7158010406  -2.2363964821
  -0.2230658198   0.8153913078  -2.3292236599
      
      
#  type   0  conf  1.0000
  -0.2230658198   0.8153913078  -2.3292236599
  -0.9348687300   3.4173045293  -4.7934923104
      
      
#  type   0  conf  1.0000
  -0.9348687300   3.4173045293  -4.7934923104
  -0.9420761270   3.4436503357  -4.8651776356
      
      
#  type   0  conf  1.0000
  -0.9420761270   3.4436503357  -4.8651776356
  -0.9419424918   3.4431618475  -5.1027949640
      
      
#  type   0  conf  1.0000
  -0.9419424918   3.4431618475  -5.1027949640
  -0.9371335973   3.4255834897  -5.1492166975
      
      
#  type   0  conf  1.0000
  -0.9371335973   3.4255834897  -5.1492166975
  -0.7426038134   2.7145023612  -5.8146919511
      
      
#  type   0  conf  1.0000
  -0.7426038134   2.7145023612  -5.8146919511
  -0.7352432447   2.6875966535  -5.8324243627
      
      
#  type   0  conf  1.0000
  -0.7352432447   2.6875966535  -5.8324243627
  -0.5739573508   2.0980347204  -6.0833528220
      
      
# 185  norm    -0.9685831611   -0.2486898872    0.0000000000
# nedges  17 
#  type   0  conf  1.0000
   0.5919656090  -2.3055538260  -6.0656689249
   0.7431639538  -2.8944324991  -5.8047205639
      
      
#  type   0  conf  1.0000
   0.7431639538  -2.8944324991  -5.8047205639
   0.7518459202  -2.9282465258  -5.7843743577
      
      
#  type   0  conf  1.0000
   0.7518459202  -2.9282465258  -5.7843743577
   0.9479947182  -3.6921956551  -5.0689701375
      
      
#  type   0  conf  1.0000
   0.9479947182  -3.6921956551  -5.0689701375
   0.9475836965  -3.6905948315  -4.7759442342
      
      
#  type   0  conf  1.0000
   0.9475836965  -3.6905948315  -4.7759442342
   0.9422933648  -3.6699903499  -4.7167284512
      
      
#  type   0  conf  1.0000
   0.9422933648  -3.6699903499  -4.7167284512
   0.2163960114  -0.8428068191  -2.2002628461
      
      
#  type   0  conf  1.0000
   0.2163960114  -0.8428068191  -2.2002628461
   0.2016913407  -0.7855359082  -2.1530241216
      
      
#  type   0  conf  1.0000
   0.2016913407  -0.7855359082  -2.1530241216
   0.0311105891  -0.1211677447  -1.6184490795
      
      
#  type   0  conf  1.0000
   0.0311105891  -0.1211677447  -1.6184490795
  -0.0001182353   0.0004604960  -1.6255670252
      
      
#  type   0  conf  1.0000
  -0.0001182353   0.0004604960  -1.6255670252
  -0.1845379886   0.7187280125  -2.2374198070
      
      
#  type   0  conf  1.0000
  -0.1845379886   0.7187280125  -2.2374198070
  -0.2181711241   0.8497204268  -2.3592613781
      
      
#  type   0  conf  1.0000
  -0.2181711241   0.8497204268  -2.3592613781
  -0.8811439799   3.4318292199  -4.7904692798
      
      
#  type   0  conf  1.0000
  -0.8811439799   3.4318292199  -4.7904692798
  -0.8871939939   3.4553924685  -4.8652490161
      
      
#  type   0  conf  1.0000
  -0.8871939939   3.4553924685  -4.8652490161
  -0.8872115502   3.4554608460  -5.1375824217
      
      
#  type   0  conf  1.0000
  -0.8872115502   3.4554608460  -5.1375824217
  -0.6970722774   2.7149172719  -5.8266396896
      
      
#  type   3  conf  0.0000
#  type   0  conf  1.0000
  -0.6892743111   2.6845461981  -5.8389750511
  -0.5375817473   2.0937426691  -6.0839237376
      
      
# 186  norm    -0.9723699204   -0.2334453639    0.0000000000
# nedges  15 
#  type   0  conf  1.0000
   0.5551177185  -2.3122317051  -6.0638949290
   0.7045892886  -2.9348256019  -5.7944545752
      
      
#  type   0  conf  1.0000
   0.7045892886  -2.9348256019  -5.7944545752
   0.8905929167  -3.7095864712  -5.0728265366
      
      
#  type   0  conf  1.0000
   0.8905929167  -3.7095864712  -5.0728265366
   0.8898074983  -3.7063149682  -4.7293946684
      
      
#  type   0  conf  1.0000
   0.8898074983  -3.7063149682  -4.7293946684
   0.2028094760  -0.8447622636  -2.1960373613
      
      
#  type   0  conf  1.0000
   0.2028094760  -0.8447622636  -2.1960373613
   0.1811277912  -0.7544515470  -2.1225017387
      
      
#  type   0  conf  1.0000
   0.1811277912  -0.7544515470  -2.1225017387
   0.0290359428  -0.1209434060  -1.6166285940
      
      
#  type   0  conf  1.0000
   0.0290359428  -0.1209434060  -1.6166285940
   0.0003170588  -0.0013206451  -1.6260551698
      
      
#  type   0  conf  1.0000
   0.0003170588  -0.0013206451  -1.6260551698
  -0.1739270870   0.7244584555  -2.2408351240
      
      
#  type   0  conf  1.0000
  -0.1739270870   0.7244584555  -2.2408351240
  -0.2045498556   0.8520114664  -2.3594053728
      
      
#  type   0  conf  1.0000
  -0.2045498556   0.8520114664  -2.3594053728
  -0.8275731371   3.4470901977  -4.7895934287
      
      
#  type   0  conf  1.0000
  -0.8275731371   3.4470901977  -4.7895934287
  -0.8321325210   3.4660813986  -4.8503478940
      
      
#  type   0  conf  1.0000
  -0.8321325210   3.4660813986  -4.8503478940
  -0.8322528357   3.4665825453  -5.1419949941
      
      
#  type   0  conf  1.0000
  -0.8322528357   3.4665825453  -5.1419949941
  -0.6582072192   2.7416303790  -5.8142716633
      
      
#  type   0  conf  1.0000
  -0.6582072192   2.7416303790  -5.8142716633
  -0.6530272180   2.7200541210  -5.8293807148
      
      
#  type   0  conf  1.0000
  -0.6530272180   2.7200541210  -5.8293807148
  -0.5018623825   2.0904072663  -6.0838579749
      
      
# 187  norm    -0.9759167619   -0.2181432414    0.0000000000
# nedges  14 
#  type   0  conf  1.0000
   0.5171009121  -2.3133764973  -6.0636919681
   0.6564362361  -2.9367269042  -5.8000932330
      
      
#  type   0  conf  1.0000
   0.6564362361  -2.9367269042  -5.8000932330
   0.6630620088  -2.9663689072  -5.7806544867
      
      
#  type   0  conf  1.0000
   0.6630620088  -2.9663689072  -5.7806544867
   0.8330726101  -3.7269526158  -5.0719842504
      
      
#  type   0  conf  1.0000
   0.8330726101  -3.7269526158  -5.0719842504
   0.8314682028  -3.7197749099  -4.7243425214
      
      
#  type   0  conf  1.0000
   0.8314682028  -3.7197749099  -4.7243425214
   0.1871125453  -0.8370934076  -2.1839449599
      
      
#  type   0  conf  1.0000
   0.1871125453  -0.8370934076  -2.1839449599
   0.0278054764  -0.1243945506  -1.6165940302
      
      
#  type   0  conf  1.0000
   0.0278054764  -0.1243945506  -1.6165940302
   0.0008384081  -0.0037508221  -1.6259038296
      
      
#  type   0  conf  1.0000
   0.0008384081  -0.0037508221  -1.6259038296
  -0.1583597582   0.7084608327  -2.2261224577
      
      
#  type   0  conf  1.0000
  -0.1583597582   0.7084608327  -2.2261224577
  -0.1672604335   0.7482801651  -2.2611411565
      
      
#  type   0  conf  1.0000
  -0.1672604335   0.7482801651  -2.2611411565
  -0.7768152275   3.4752715539  -4.8023333485
      
      
#  type   0  conf  1.0000
  -0.7768152275   3.4752715539  -4.8023333485
  -0.7773554970   3.4776885804  -5.1435917506
      
      
#  type   0  conf  1.0000
  -0.7773554970   3.4776885804  -5.1435917506
  -0.6133686315   2.7440535170  -5.8221403455
      
      
#  type   0  conf  1.0000
  -0.6133686315   2.7440535170  -5.8221403455
  -0.6065175601   2.7134035852  -5.8359382955
      
      
#  type   0  conf  1.0000
  -0.6065175601   2.7134035852  -5.8359382955
  -0.4666168362   2.0875237247  -6.0831287054
      
      
# 188  norm    -0.9792228106   -0.2027872954    0.0000000000
# nedges  13 
#  type   0  conf  1.0000
   0.4779129147  -2.3077541756  -6.0664055464
   0.6137099201  -2.9634931116  -5.7955028245
      
      
#  type   0  conf  1.0000
   0.6137099201  -2.9634931116  -5.7955028245
   0.7748745291  -3.7417275719  -5.0766534136
      
      
#  type   0  conf  1.0000
   0.7748745291  -3.7417275719  -5.0766534136
   0.7734455542  -3.7348273132  -4.7224182359
      
      
#  type   0  conf  1.0000
   0.7734455542  -3.7348273132  -4.7224182359
   0.1753898956  -0.8469257714  -2.1873857468
      
      
#  type   0  conf  1.0000
   0.1753898956  -0.8469257714  -2.1873857468
   0.0267004726  -0.1289317053  -1.6174875957
      
      
#  type   0  conf  1.0000
   0.0267004726  -0.1289317053  -1.6174875957
   0.0013298067  -0.0064213938  -1.6258063689
      
      
#  type   0  conf  1.0000
   0.0013298067  -0.0064213938  -1.6258063689
  -0.1463983662   0.7069309712  -2.2245514294
      
      
#  type   0  conf  1.0000
  -0.1463983662   0.7069309712  -2.2245514294
  -0.1584520205   0.7651358661  -2.2760382843
      
      
#  type   0  conf  1.0000
  -0.1584520205   0.7651358661  -2.2760382843
  -0.7218434887   3.4856503639  -4.8005288217
      
      
#  type   0  conf  1.0000
  -0.7218434887   3.4856503639  -4.8005288217
  -0.7220072650   3.4864412099  -5.1491198153
      
      
#  type   0  conf  1.0000
  -0.7220072650   3.4864412099  -5.1491198153
  -0.5700484678   2.7526599329  -5.8224260173
      
      
#  type   0  conf  1.0000
  -0.5700484678   2.7526599329  -5.8224260173
  -0.5638304925   2.7226344661  -5.8363713499
      
      
#  type   0  conf  1.0000
  -0.5638304925   2.7226344661  -5.8363713499
  -0.4305264670   2.0789336742  -6.0839296317
      
      
# 189  norm    -0.9822872507   -0.1873813146   -0.0000000000
# nedges  14 
#  type   0  conf  1.0000
   0.4406885749  -2.3101704116  -6.0654574821
   0.5676631940  -2.9757946751  -5.7966322922
      
      
#  type   0  conf  1.0000
   0.5676631940  -2.9757946751  -5.7966322922
   0.7163251296  -3.7551078332  -5.0793191516
      
      
#  type   0  conf  1.0000
   0.7163251296  -3.7551078332  -5.0793191516
   0.7152343248  -3.7493896339  -4.7211002139
      
      
#  type   0  conf  1.0000
   0.7152343248  -3.7493896339  -4.7211002139
   0.1646169513  -0.8629522791  -2.1964625788
      
      
#  type   0  conf  1.0000
   0.1646169513  -0.8629522791  -2.1964625788
   0.1473872227  -0.7726308791  -2.1239069465
      
      
#  type   0  conf  1.0000
   0.1473872227  -0.7726308791  -2.1239069465
   0.0249807734  -0.1309538004  -1.6173923130
      
      
#  type   0  conf  1.0000
   0.0249807734  -0.1309538004  -1.6173923130
   0.0016477506  -0.0086378113  -1.6262074176
      
      
#  type   0  conf  1.0000
   0.0016477506  -0.0086378113  -1.6262074176
  -0.1351746163   0.7086101544  -2.2257859451
      
      
#  type   0  conf  1.0000
  -0.1351746163   0.7086101544  -2.2257859451
  -0.1448417857   0.7592872306  -2.2702875371
      
      
#  type   0  conf  1.0000
  -0.1448417857   0.7592872306  -2.2702875371
  -0.6667298765   3.4951204115  -4.7991843579
      
      
#  type   0  conf  1.0000
  -0.6667298765   3.4951204115  -4.7991843579
  -0.6666457495   3.4946794026  -5.1518349755
      
      
#  type   0  conf  1.0000
  -0.6666457495   3.4946794026  -5.1518349755
  -0.5267640654   2.7613939349  -5.8219180723
      
      
#  type   0  conf  1.0000
  -0.5267640654   2.7613939349  -5.8219180723
  -0.5209827196   2.7310870588  -5.8366404904
      
      
#  type   0  conf  1.0000
  -0.5209827196   2.7310870588  -5.8366404904
  -0.3946238696   2.0686907701  -6.0846374894
      
      
# 190  norm    -0.9851093262   -0.1719291003    0.0000000000
# nedges  12 
#  type   0  conf  1.0000
   0.4038604923  -2.3140162819  -6.0637394192
   0.5210957018  -2.9857437447  -5.7979553660
      
      
#  type   0  conf  1.0000
   0.5210957018  -2.9857437447  -5.7979553660
   0.6578409324  -3.7692585872  -5.0782217180
      
      
#  type   0  conf  1.0000
   0.6578409324  -3.7692585872  -5.0782217180
   0.6565253912  -3.7617208761  -4.7198150139
      
      
#  type   0  conf  1.0000
   0.6565253912  -3.7617208761  -4.7198150139
   0.1514525009  -0.8677837019  -2.1962998279
      
      
#  type   0  conf  1.0000
   0.1514525009  -0.8677837019  -2.1962998279
   0.1392785810  -0.7980302861  -2.1405417062
      
      
#  type   0  conf  1.0000
   0.1392785810  -0.7980302861  -2.1405417062
   0.0238088480  -0.1364185478  -1.6186431989
      
      
#  type   0  conf  1.0000
   0.0238088480  -0.1364185478  -1.6186431989
   0.0019628397  -0.0112465641  -1.6261815772
      
      
#  type   0  conf  1.0000
   0.0019628397  -0.0112465641  -1.6261815772
  -0.1281457519   0.7342420518  -2.2475907467
      
      
#  type   0  conf  1.0000
  -0.1281457519   0.7342420518  -2.2475907467
  -0.6111941019   3.5019842999  -4.7967669036
      
      
#  type   0  conf  1.0000
  -0.6111941019   3.5019842999  -4.7967669036
  -0.6113690846   3.5029869054  -5.1530698738
      
      
#  type   0  conf  1.0000
  -0.6113690846   3.5029869054  -5.1530698738
  -0.4817457745   2.7602788275  -5.8289969555
      
      
#  type   0  conf  1.0000
  -0.4817457745   2.7602788275  -5.8289969555
  -0.3589424369   2.0566474293  -6.0864695193
      
      
# 191  norm    -0.9876883406   -0.1564344650   -0.0000000000
# nedges  11 
#  type   0  conf  1.0000
   0.3653708132  -2.3068605251  -6.0687275847
   0.4743015024  -2.9946218290  -5.7986395862
      
      
#  type   0  conf  1.0000
   0.4743015024  -2.9946218290  -5.7986395862
   0.5989309762  -3.7815013579  -5.0778281009
      
      
#  type   0  conf  1.0000
   0.5989309762  -3.7815013579  -5.0778281009
   0.5977713872  -3.7741800015  -4.7200021281
      
      
#  type   0  conf  1.0000
   0.5977713872  -3.7741800015  -4.7200021281
   0.1368105485  -0.8637878077  -2.1888666870
      
      
#  type   0  conf  1.0000
   0.1368105485  -0.8637878077  -2.1888666870
   0.0216583773  -0.1367456124  -1.6170982836
      
      
#  type   0  conf  1.0000
   0.0216583773  -0.1367456124  -1.6170982836
   0.0022127539  -0.0139707780  -1.6259848714
      
      
#  type   0  conf  1.0000
   0.0022127539  -0.0139707780  -1.6259848714
  -0.1162117753   0.7337322725  -2.2474201814
      
      
#  type   0  conf  1.0000
  -0.1162117753   0.7337322725  -2.2474201814
  -0.5557872663   3.5091026944  -4.7968760691
      
      
#  type   0  conf  1.0000
  -0.5557872663   3.5091026944  -4.7968760691
  -0.5560006158   3.5104497303  -5.1523567025
      
      
#  type   0  conf  1.0000
  -0.5560006158   3.5104497303  -5.1523567025
  -0.4379997698   2.7654217103  -5.8297667107
      
      
#  type   0  conf  1.0000
  -0.4379997698   2.7654217103  -5.8297667107
  -0.3246994344   2.0500715455  -6.0869183166
      
      
# 192  norm    -0.9900236577   -0.1409012319   -0.0000000000
# nedges  12 
#  type   0  conf  1.0000
   0.3312656091  -2.3275934884  -6.0651011638
   0.4275139220  -3.0038693842  -5.7980870209
      
      
#  type   0  conf  1.0000
   0.4275139220  -3.0038693842  -5.7980870209
   0.5398079630  -3.7928884414  -5.0765601366
      
      
#  type   0  conf  1.0000
   0.5398079630  -3.7928884414  -5.0765601366
   0.5387954145  -3.7857739045  -4.7210306509
      
      
#  type   0  conf  1.0000
   0.5387954145  -3.7857739045  -4.7210306509
   0.1231198897  -0.8650854352  -2.1860154389
      
      
#  type   0  conf  1.0000
   0.1231198897  -0.8650854352  -2.1860154389
   0.0197275453  -0.1386129580  -1.6169365447
      
      
#  type   0  conf  1.0000
   0.0197275453  -0.1386129580  -1.6169365447
   0.0022923736  -0.0161070563  -1.6259621694
      
      
#  type   0  conf  1.0000
   0.0022923736  -0.0161070563  -1.6259621694
  -0.1004142593   0.7055473607  -2.2245463112
      
      
#  type   0  conf  1.0000
  -0.1004142593   0.7055473607  -2.2245463112
  -0.1067620555   0.7501493011  -2.2626321395
      
      
#  type   0  conf  1.0000
  -0.1067620555   0.7501493011  -2.2626321395
  -0.5004388365   3.5162665404  -4.7983722485
      
      
#  type   0  conf  1.0000
  -0.5004388365   3.5162665404  -4.7983722485
  -0.5004275338   3.5161871236  -5.1527029007
      
      
#  type   0  conf  1.0000
  -0.5004275338   3.5161871236  -5.1527029007
  -0.3941320066   2.7693158210  -5.8300409914
      
      
#  type   0  conf  1.0000
  -0.3941320066   2.7693158210  -5.8300409914
  -0.2917292377   2.0497964637  -6.0871555986
      
      
# 193  norm    -0.9921147013   -0.1253332336    0.0000000000
# nedges  13 
#  type   0  conf  1.0000
   0.2962585559  -2.3451279467  -6.0641333556
   0.3781983883  -2.9937485082  -5.8045880501
      
      
#  type   0  conf  1.0000
   0.3781983883  -2.9937485082  -5.8045880501
   0.3822774487  -3.0260375960  -5.7854065396
      
      
#  type   0  conf  1.0000
   0.3822774487  -3.0260375960  -5.7854065396
   0.4805222312  -3.8037251277  -5.0716735720
      
      
#  type   0  conf  1.0000
   0.4805222312  -3.8037251277  -5.0716735720
   0.4794827891  -3.7954970968  -4.7223960543
      
      
#  type   0  conf  1.0000
   0.4794827891  -3.7954970968  -4.7223960543
   0.1098678152  -0.8696933096  -2.1870546221
      
      
#  type   0  conf  1.0000
   0.1098678152  -0.8696933096  -2.1870546221
   0.0178451493  -0.1412589018  -1.6175222159
      
      
#  type   0  conf  1.0000
   0.0178451493  -0.1412589018  -1.6175222159
   0.0023451998  -0.0185641677  -1.6260780069
      
      
#  type   0  conf  1.0000
   0.0023451998  -0.0185641677  -1.6260780069
  -0.0912009430   0.7219298003  -2.2391519297
      
      
#  type   0  conf  1.0000
  -0.0912009430   0.7219298003  -2.2391519297
  -0.0977144129   0.7734892240  -2.2851974394
      
      
#  type   0  conf  1.0000
  -0.0977144129   0.7734892240  -2.2851974394
  -0.4446977829   3.5201454196  -4.7985098441
      
      
#  type   0  conf  1.0000
  -0.4446977829   3.5201454196  -4.7985098441
  -0.4448557120   3.5213955570  -5.1504836839
      
      
#  type   0  conf  1.0000
  -0.4448557120   3.5213955570  -5.1504836839
  -0.3503039963   2.7729416592  -5.8293300554
      
      
#  type   0  conf  1.0000
  -0.3503039963   2.7729416592  -5.8293300554
  -0.2600595235   2.0585830996  -6.0862827956
      
      
# 194  norm    -0.9939609555   -0.1097343111    0.0000000000
# nedges  14 
#  type   0  conf  1.0000
   0.2610028471  -2.3641342140  -6.0639347315
   0.3318968874  -3.0062843979  -5.8010781186
      
      
#  type   0  conf  1.0000
   0.3318968874  -3.0062843979  -5.8010781186
   0.3352266037  -3.0364445907  -5.7805281061
      
      
#  type   0  conf  1.0000
   0.3352266037  -3.0364445907  -5.7805281061
   0.4187432502  -3.7929289109  -5.0878287635
      
      
#  type   0  conf  1.0000
   0.4187432502  -3.7929289109  -5.0878287635
   0.4208948731  -3.8124180675  -5.0432638257
      
      
#  type   0  conf  1.0000
   0.4208948731  -3.8124180675  -5.0432638257
   0.4199847180  -3.8041739855  -4.7241073223
      
      
#  type   0  conf  1.0000
   0.4199847180  -3.8041739855  -4.7241073223
   0.0967425438  -0.8762829993  -2.1898184066
      
      
#  type   0  conf  1.0000
   0.0967425438  -0.8762829993  -2.1898184066
   0.0162403248  -0.1471030218  -1.6190312778
      
      
#  type   0  conf  1.0000
   0.0162403248  -0.1471030218  -1.6190312778
   0.0025025686  -0.0226679827  -1.6248744833
      
      
#  type   0  conf  1.0000
   0.0025025686  -0.0226679827  -1.6248744833
  -0.0806592424   0.7306022780  -2.2475203854
      
      
#  type   0  conf  1.0000
  -0.0806592424   0.7306022780  -2.2475203854
  -0.3890441988   3.5239182684  -4.7996769402
      
      
#  type   0  conf  1.0000
  -0.3890441988   3.5239182684  -4.7996769402
  -0.3890855608   3.5242929209  -5.1499397085
      
      
#  type   0  conf  1.0000
  -0.3890855608   3.5242929209  -5.1499397085
  -0.3083984867   2.7934385469  -5.8120591536
      
      
#  type   0  conf  1.0000
  -0.3083984867   2.7934385469  -5.8120591536
  -0.3051352211   2.7638802566  -5.8324871383
      
      
#  type   0  conf  1.0000
  -0.3051352211   2.7638802566  -5.8324871383
  -0.2287146351   2.0716712479  -6.0854605532
      
      
# 195  norm    -0.9955619646   -0.0941083133    0.0000000000
# nedges  15 
#  type   0  conf  1.0000
   0.2246322759  -2.3763612590  -6.0659089750
   0.2832412186  -2.9963791092  -5.8067538755
      
      
#  type   0  conf  1.0000
   0.2832412186  -2.9963791092  -5.8067538755
   0.2869070915  -3.0351599942  -5.7855958438
      
      
#  type   0  conf  1.0000
   0.2869070915  -3.0351599942  -5.7855958438
   0.3600962425  -3.8094203370  -5.0763541901
      
      
#  type   0  conf  1.0000
   0.3600962425  -3.8094203370  -5.0763541901
   0.3611071593  -3.8201147194  -5.0137994741
      
      
#  type   0  conf  1.0000
   0.3611071593  -3.8201147194  -5.0137994741
   0.3605596629  -3.8143228122  -4.7291254550
      
      
#  type   0  conf  1.0000
   0.3605596629  -3.8143228122  -4.7291254550
   0.0833125738  -0.8813549698  -2.1915529837
      
      
#  type   0  conf  1.0000
   0.0833125738  -0.8813549698  -2.1915529837
   0.0139852116  -0.1479480854  -1.6180892344
      
      
#  type   0  conf  1.0000
   0.0139852116  -0.1479480854  -1.6180892344
   0.0022863945  -0.0241875275  -1.6253603656
      
      
#  type   0  conf  1.0000
   0.0022863945  -0.0241875275  -1.6253603656
  -0.0630690642   0.6672010076  -2.1966173361
      
      
#  type   0  conf  1.0000
  -0.0630690642   0.6672010076  -2.1966173361
  -0.0697673717   0.7380616990  -2.2558015423
      
      
#  type   0  conf  1.0000
  -0.0697673717   0.7380616990  -2.2558015423
  -0.3332751088   3.5256823797  -4.8011408139
      
      
#  type   0  conf  1.0000
  -0.3332751088   3.5256823797  -4.8011408139
  -0.3335047867   3.5281121184  -5.1460117483
      
      
#  type   0  conf  1.0000
  -0.3335047867   3.5281121184  -5.1460117483
  -0.2631284489   2.7836082304  -5.8216226973
      
      
#  type   0  conf  1.0000
  -0.2631284489   2.7836082304  -5.8216226973
  -0.2602251256   2.7528942779  -5.8359493530
      
      
#  type   0  conf  1.0000
  -0.2602251256   2.7528942779  -5.8359493530
  -0.1971206260   2.0853184039  -6.0855424731
      
      
# 196  norm    -0.9969173337   -0.0784590957    0.0000000000
# nedges  17 
#  type   0  conf  1.0000
   0.1886820469  -2.3974327174  -6.0636663997
   0.2381957371  -3.0265638035  -5.7952416917
      
      
#  type   0  conf  1.0000
   0.2381957371  -3.0265638035  -5.7952416917
   0.3001865303  -3.8142315131  -5.0758895322
      
      
#  type   0  conf  1.0000
   0.3001865303  -3.8142315131  -5.0758895322
   0.3012528115  -3.8277799005  -5.0212904483
      
      
#  type   0  conf  1.0000
   0.3012528115  -3.8277799005  -5.0212904483
   0.3009198601  -3.8235493519  -4.7762852919
      
      
#  type   0  conf  1.0000
   0.3009198601  -3.8235493519  -4.7762852919
   0.2991136217  -3.8005989171  -4.7155300573
      
      
#  type   0  conf  1.0000
   0.2991136217  -3.8005989171  -4.7155300573
   0.0716920045  -0.9109332869  -2.2146657474
      
      
#  type   0  conf  1.0000
   0.0716920045  -0.9109332869  -2.2146657474
   0.0685486783  -0.8709935412  -2.1815369571
      
      
#  type   0  conf  1.0000
   0.0685486783  -0.8709935412  -2.1815369571
   0.0117984461  -0.1499134712  -1.6181096074
      
      
#  type   4  conf  0.0000
#  type   0  conf  1.0000
   0.0023336489  -0.0296518208  -1.6247011408
  -0.0536447310   0.6816209346  -2.2099324422
      
      
#  type   0  conf  1.0000
  -0.0536447310   0.6816209346  -2.2099324422
  -0.0594500760   0.7553848366  -2.2737931876
      
      
#  type   0  conf  1.0000
  -0.0594500760   0.7553848366  -2.2737931876
  -0.2775863502   3.5270689975  -4.8035503555
      
      
#  type   0  conf  1.0000
  -0.2775863502   3.5270689975  -4.8035503555
  -0.2777312583   3.5289102299  -5.1023498823
      
      
#  type   0  conf  1.0000
  -0.2777312583   3.5289102299  -5.1023498823
  -0.2769681687   3.5192142569  -5.1529413878
      
      
#  type   0  conf  1.0000
  -0.2769681687   3.5192142569  -5.1529413878
  -0.2187620233   2.7796350560  -5.8237376414
      
      
#  type   0  conf  1.0000
  -0.2187620233   2.7796350560  -5.8237376414
  -0.2163371602   2.7488242491  -5.8372122160
      
      
#  type   0  conf  1.0000
  -0.2163371602   2.7488242491  -5.8372122160
  -0.1650984880   2.0977751904  -6.0844674982
      
      
# 197  norm    -0.9980267284   -0.0627905195    0.0000000000
# nedges  17 
#  type   0  conf  1.0000
   0.1517987906  -2.4127726845  -6.0633282658
   0.1898281298  -3.0172317219  -5.7996274956
      
      
#  type   0  conf  1.0000
   0.1898281298  -3.0172317219  -5.7996274956
   0.1922788247  -3.0561844017  -5.7707929819
      
      
#  type   0  conf  1.0000
   0.1922788247  -3.0561844017  -5.7707929819
   0.2399404777  -3.8137446830  -5.0737640133
      
      
#  type   0  conf  1.0000
   0.2399404777  -3.8137446830  -5.0737640133
   0.2413223528  -3.8357089589  -5.0136869143
      
      
#  type   0  conf  1.0000
   0.2413223528  -3.8357089589  -5.0136869143
   0.2408815561  -3.8287026947  -4.7762512329
      
      
#  type   0  conf  1.0000
   0.2408815561  -3.8287026947  -4.7762512329
   0.2391696971  -3.8014934756  -4.7149472730
      
      
#  type   0  conf  1.0000
   0.2391696971  -3.8014934756  -4.7149472730
   0.0572162959  -0.9094269808  -2.2114497911
      
      
#  type   0  conf  1.0000
   0.0572162959  -0.9094269808  -2.2114497911
   0.0536693920  -0.8530505574  -2.1653198894
      
      
#  type   0  conf  1.0000
   0.0536693920  -0.8530505574  -2.1653198894
   0.0095431116  -0.1516834157  -1.6174185731
      
      
#  type   0  conf  1.0000
   0.0095431116  -0.1516834157  -1.6174185731
   0.0018473778  -0.0293632293  -1.6252896916
      
      
#  type   0  conf  1.0000
   0.0018473778  -0.0293632293  -1.6252896916
  -0.0447998045   0.7120725016  -2.2376724060
      
      
#  type   0  conf  1.0000
  -0.0447998045   0.7120725016  -2.2376724060
  -0.0471587984   0.7495676362  -2.2704889294
      
      
#  type   0  conf  1.0000
  -0.0471587984   0.7495676362  -2.2704889294
  -0.2221008374   3.5301917202  -4.8095665395
      
      
#  type   0  conf  1.0000
  -0.2221008374   3.5301917202  -4.8095665395
  -0.2220056314   3.5286784634  -5.1420367985
      
      
#  type   0  conf  1.0000
  -0.2220056314   3.5286784634  -5.1420367985
  -0.1750614820   2.7825225765  -5.8188419319
      
      
#  type   0  conf  1.0000
  -0.1750614820   2.7825225765  -5.8188419319
  -0.1731585715   2.7522766798  -5.8352139793
      
      
#  type   0  conf  1.0000
  -0.1731585715   2.7522766798  -5.8352139793
  -0.1329218089   2.1127316530  -6.0829555238
      
      
# 198  norm    -0.9988898750   -0.0471064507    0.0000000000
# nedges  16 
#  type   0  conf  1.0000
   0.1144003488  -2.4258535388  -6.0633474799
   0.1427882643  -3.0278178323  -5.7950846852
      
      
#  type   0  conf  1.0000
   0.1427882643  -3.0278178323  -5.7950846852
   0.1800563256  -3.8180851634  -5.0709889414
      
      
#  type   0  conf  1.0000
   0.1800563256  -3.8180851634  -5.0709889414
   0.1811572512  -3.8414302343  -5.0092920618
      
      
#  type   0  conf  1.0000
   0.1811572512  -3.8414302343  -5.0092920618
   0.1808695684  -3.8353299363  -4.7763481970
      
      
#  type   0  conf  1.0000
   0.1808695684  -3.8353299363  -4.7763481970
   0.1792310894  -3.8005860728  -4.7156832257
      
      
#  type   0  conf  1.0000
   0.1792310894  -3.8005860728  -4.7156832257
   0.0429704339  -0.9111858496  -2.2115640529
      
      
#  type   0  conf  1.0000
   0.0429704339  -0.9111858496  -2.2115640529
   0.0403938063  -0.8565485949  -2.1673584287
      
      
#  type   0  conf  1.0000
   0.0403938063  -0.8565485949  -2.1673584287
   0.0073417867  -0.1556822119  -1.6185263426
      
      
#  type   0  conf  1.0000
   0.0073417867  -0.1556822119  -1.6185263426
   0.0015187781  -0.0322056124  -1.6249017393
      
      
#  type   0  conf  1.0000
   0.0015187781  -0.0322056124  -1.6249017393
  -0.0335800890   0.7120640677  -2.2401009708
      
      
#  type   0  conf  1.0000
  -0.0335800890   0.7120640677  -2.2401009708
  -0.0363798659   0.7714331943  -2.2925381381
      
      
#  type   0  conf  1.0000
  -0.0363798659   0.7714331943  -2.2925381381
  -0.1665336210   3.5313369061  -4.8162935966
      
      
#  type   0  conf  1.0000
  -0.1665336210   3.5313369061  -4.8162935966
  -0.1664081902   3.5286771505  -5.1368425110
      
      
#  type   0  conf  1.0000
  -0.1664081902   3.5286771505  -5.1368425110
  -0.1306700315   2.7708513259  -5.8258210616
      
      
#  type   0  conf  1.0000
  -0.1306700315   2.7708513259  -5.8258210616
  -0.1152850336   2.4446132340  -5.9552263556
      
      
#  type   0  conf  1.0000
  -0.1152850336   2.4446132340  -5.9552263556
  -0.0998476670   2.1172646651  -6.0846747602
      
      
# 199  norm    -0.9995065604   -0.0314107591    0.0000000000
# nedges  19 
#  type   0  conf  1.0000
   0.0766074657  -2.4376890853  -6.0632815375
   0.0951201080  -3.0267709131  -5.7947194544
      
      
#  type   0  conf  1.0000
   0.0951201080  -3.0267709131  -5.7947194544
   0.1196973854  -3.8088325607  -5.0754585630
      
      
#  type   0  conf  1.0000
   0.1196973854  -3.8088325607  -5.0754585630
   0.1206183810  -3.8381391158  -5.0293389553
      
      
#  type   0  conf  1.0000
   0.1206183810  -3.8381391158  -5.0293389553
   0.1208630302  -3.8459239815  -4.9908198755
      
      
#  type   0  conf  1.0000
   0.1208630302  -3.8459239815  -4.9908198755
   0.1206811072  -3.8401350972  -4.7909553289
      
      
#  type   0  conf  1.0000
   0.1206811072  -3.8401350972  -4.7909553289
   0.1197125245  -3.8093142961  -4.7257856398
      
      
#  type   0  conf  1.0000
   0.1197125245  -3.8093142961  -4.7257856398
   0.0293686642  -0.9345260473  -2.2306352890
      
      
#  type   0  conf  1.0000
   0.0293686642  -0.9345260473  -2.2306352890
   0.0270347339  -0.8602591804  -2.1690767178
      
      
#  type   0  conf  1.0000
   0.0270347339  -0.8602591804  -2.1690767178
   0.0048957614  -0.1557856548  -1.6174795124
      
      
#  type   0  conf  1.0000
   0.0048957614  -0.1557856548  -1.6174795124
   0.0010653922  -0.0339013300  -1.6253104447
      
      
#  type   0  conf  1.0000
   0.0010653922  -0.0339013300  -1.6253104447
  -0.0212588485   0.6764675287  -2.2131057171
      
      
#  type   0  conf  1.0000
  -0.0212588485   0.6764675287  -2.2131057171
  -0.0233893788   0.7442621022  -2.2708947538
      
      
#  type   0  conf  1.0000
  -0.0233893788   0.7442621022  -2.2708947538
  -0.1103461524   3.5112715028  -4.8032901744
      
      
#  type   0  conf  1.0000
  -0.1103461524   3.5112715028  -4.8032901744
  -0.1109650187   3.5309641492  -4.8650739814
      
      
#  type   0  conf  1.0000
  -0.1109650187   3.5309641492  -4.8650739814
  -0.1109143793   3.5293527767  -5.0876439596
      
      
#  type   0  conf  1.0000
  -0.1109143793   3.5293527767  -5.0876439596
  -0.1102443565   3.5080323056  -5.1475280077
      
      
#  type   0  conf  1.0000
  -0.1102443565   3.5080323056  -5.1475280077
  -0.0878001987   2.7938476224  -5.8011390686
      
      
#  type   0  conf  1.0000
  -0.0878001987   2.7938476224  -5.8011390686
  -0.0866598447   2.7575609715  -5.8288120934
      
      
#  type   0  conf  1.0000
  -0.0866598447   2.7575609715  -5.8288120934
  -0.0667315429   2.1234321259  -6.0857062418
      
      
# 200  norm    -0.9998766325   -0.0157073173   -0.0000000000
# nedges  19 
#  type   0  conf  1.0000
   0.0384271600  -2.4461477748  -6.0641510212
   0.0473432680  -3.0137181576  -5.7991856083
      
      
#  type   0  conf  1.0000
   0.0473432680  -3.0137181576  -5.7991856083
   0.0479325633  -3.0512307730  -5.7699671904
      
      
#  type   0  conf  1.0000
   0.0479325633  -3.0512307730  -5.7699671904
   0.0599869508  -3.8185738023  -5.0593928820
      
      
#  type   0  conf  1.0000
   0.0599869508  -3.8185738023  -5.0593928820
   0.0604720823  -3.8494556907  -4.9985318142
      
      
#  type   0  conf  1.0000
   0.0604720823  -3.8494556907  -4.9985318142
   0.0603570018  -3.8421300432  -4.7909931796
      
      
#  type   0  conf  1.0000
   0.0603570018  -3.8421300432  -4.7909931796
   0.0598292488  -3.8085350028  -4.7289623465
      
      
#  type   0  conf  1.0000
   0.0598292488  -3.8085350028  -4.7289623465
   0.0143398284  -0.9128267460  -2.2111775179
      
      
#  type   0  conf  1.0000
   0.0143398284  -0.9128267460  -2.2111775179
   0.0125846720  -0.8010992095  -2.1221665293
      
      
#  type   0  conf  1.0000
   0.0125846720  -0.8010992095  -2.1221665293
   0.0024979405  -0.1590107535  -1.6176027306
      
      
#  type   0  conf  1.0000
   0.0024979405  -0.1590107535  -1.6176027306
   0.0005804315  -0.0369483775  -1.6249236916
      
      
#  type   0  conf  1.0000
   0.0005804315  -0.0369483775  -1.6249236916
  -0.0106398312   0.6772969812  -2.2168442131
      
      
#  type   0  conf  1.0000
  -0.0106398312   0.6772969812  -2.2168442131
  -0.0117978695   0.7510139275  -2.2800278579
      
      
#  type   0  conf  1.0000
  -0.0117978695   0.7510139275  -2.2800278579
  -0.0550807374   3.5062602465  -4.8067578145
      
      
#  type   0  conf  1.0000
  -0.0550807374   3.5062602465  -4.8067578145
  -0.0554591405   3.5303481503  -4.8799291810
      
      
#  type   0  conf  1.0000
  -0.0554591405   3.5303481503  -4.8799291810
  -0.0554198301   3.5278457796  -5.0876266115
      
      
#  type   0  conf  1.0000
  -0.0554198301   3.5278457796  -5.0876266115
  -0.0550880667   3.5067268042  -5.1413895643
      
      
#  type   0  conf  1.0000
  -0.0550880667   3.5067268042  -5.1413895643
  -0.0434459934   2.7656303569  -5.8202370035
      
      
#  type   0  conf  1.0000
  -0.0434459934   2.7656303569  -5.8202370035
  -0.0429595395   2.7346642871  -5.8356760255
      
      
#  type   0  conf  1.0000
  -0.0429595395   2.7346642871  -5.8356760255
  -0.0335307020   2.1344552161  -6.0837757736
      
      
