# shadow contours num 406
# edge   0  nedges  15 :    0   0   0   0   0   0   0   0   0   0   0   0   0   0   0
# edge   1  nedges  15 :    0   0   0   0   0   0   0   0   0   0   0   0   0   0   0
# edge   2  nedges  16 :    0   0   0   0   0   0   0   0   0   0   0   0   0   0   0   0
# edge   3  nedges  15 :    0   0   0   0   0   0   0   0   0   0   0   0   0   0   0
# edge   4  nedges  15 :    0   0   0   0   0   0   0   0   0   0   0   0   0   0   0
# edge   5  nedges  15 :    0   0   0   0   0   0   0   0   0   0   0   0   0   0   0
# edge   6  nedges  15 :    0   0   0   0   0   0   0   0   0   0   0   0   0   0   0
# edge   7  nedges  15 :    0   0   0   0   0   0   0   0   0   0   0   0   0   0   0
# edge   8  nedges  14 :    0   0   0   0   0   0   0   0   0   0   0   0   0   0
# edge   9  nedges  15 :    0   0   0   0   0   0   0   0   0   0   0   0   0   0   0
# edge  10  nedges  14 :    0   0   0   0   0   0   0   0   0   0   0   0   0   0
# edge  11  nedges  14 :    0   0   0   0   0   0   0   0   0   0   0   0   0   0
# edge  12  nedges  14 :    0   0   0   0   0   0   0   0   0   0   0   0   0   0
# edge  13  nedges  14 :    0   0   0   0   0   0   0   0   0   0   0   0   0   0
# edge  14  nedges  14 :    0   0   0   0   0   0   0   0   0   0   0   0   0   0
# edge  15  nedges  14 :    0   0   0   0   0   0   0   0   0   0   0   0   0   0
# edge  16  nedges  14 :    0   0   0   0   0   0   0   0   0   0   0   0   0   0
# edge  17  nedges  14 :    0   0   0   0   0   0   0   0   0   0   0   0   0   0
# edge  18  nedges  14 :    0   0   0   0   0   0   0   0   0   0   0   0   0   0
# edge  19  nedges  14 :    0   0   0   0   0   0   0   0   0   0   0   0   0   0
# edge  20  nedges  14 :    0   0   0   0   0   0   0   0   0   0   0   0   0   0
# edge  21  nedges  15 :    0   0   0   0   0   0   0   0   0   0   0   0   0   0   0
# edge  22  nedges  15 :    0   0   0   0   0   0   0   0   0   0   0   0   0   0   0
# edge  23  nedges  15 :    0   0   0   0   0   0   0   0   0   0   0   0   0   0   0
# edge  24  nedges  14 :    0   0   0   0   0   0   0   0   0   0   0   0   0   0
# edge  25  nedges  14 :    0   0   0   0   0   0   0   0   0   0   0   0   0   0
# edge  26  nedges  14 :    0   0   0   0   0   0   0   0   0   0   0   0   0   0
# edge  27  nedges  14 :    0   0   0   0   0   0   0   0   0   0   0   0   0   0
# edge  28  nedges  15 :    0   0   0   0   0   0   0   0   0   0   0   0   0   0   0
# edge  29  nedges  14 :    0   0   0   0   0   0   0   0   0   0   0   0   0   0
# edge  30  nedges  14 :    0   0   0   0   0   0   0   0   0   0   0   0   0   0
# edge  31  nedges  14 :    0   0   0   0   0   0   0   0   0   0   0   0   0   0
# edge  32  nedges  15 :    0   0   0   0   0   0   0   0   0   0   0   0   0   0   0
# edge  33  nedges  14 :    0   0   0   0   0   0   0   0   0   0   0   0   0   0
# edge  34  nedges  14 :    0   0   0   0   0   0   0   0   0   0   0   0   0   0
# edge  35  nedges  14 :    0   0   0   0   0   0   0   0   0   0   0   0   0   0
# edge  36  nedges  14 :    0   0   0   0   0   0   0   0   0   0   0   0   0   0
# edge  37  nedges  14 :    0   0   0   0   0   0   0   0   0   0   0   0   0   0
# edge  38  nedges  14 :    0   0   0   0   0   0   0   0   0   0   0   0   0   0
# edge  39  nedges  14 :    0   0   0   0   0   0   0   0   0   0   0   0   0   0
# edge  40  nedges  14 :    0   0   0   0   0   0   0   0   0   0   0   0   0   0
# edge  41  nedges  13 :    0   0   0   0   0   0   0   0   0   0   0   0   0
# edge  42  nedges  13 :    0   0   0   0   0   0   0   0   0   0   0   0   0
# edge  43  nedges  14 :    0   0   0   0   0   0   0   0   0   0   0   0   0   0
# edge  44  nedges  12 :    0   0   0   0   0   0   0   0   0   0   0   0
# edge  45  nedges  12 :    0   0   0   0   0   0   0   0   0   0   0   0
# edge  46  nedges  12 :    0   0   0   0   0   0   0   0   0   0   0   0
# edge  47  nedges  12 :    0   0   0   0   0   0   0   0   0   0   0   0
# edge  48  nedges  13 :    0   0   0   0   0   0   0   0   0   0   0   0   0
# edge  49  nedges  12 :    0   0   0   0   0   0   0   0   0   0   0   0
# edge  50  nedges  13 :    0   0   0   0   0   0   0   0   0   0   0   0   0
# edge  51  nedges  12 :    0   0   0   0   0   0   0   0   0   0   0   0
# edge  52  nedges  13 :    0   0   0   0   0   0   0   0   0   0   0   0   0
# edge  53  nedges  12 :    0   0   0   0   0   0   0   0   0   0   0   0
# edge  54  nedges  12 :    0   0   0   0   0   0   0   0   0   0   0   0
# edge  55  nedges  12 :    0   0   0   0   0   0   0   0   0   0   0   0
# edge  56  nedges  12 :    0   0   0   0   0   0   0   0   0   0   0   0
# edge  57  nedges  12 :    0   0   0   0   0   0   0   0   0   0   0   0
# edge  58  nedges  12 :    0   0   0   0   0   0   0   0   0   0   0   0
# edge  59  nedges  12 :    0   0   0   0   0   0   0   0   0   0   0   0
# edge  60  nedges  12 :    0   0   0   0   0   0   0   0   0   0   0   0
# edge  61  nedges  12 :    0   0   0   0   0   0   0   0   0   0   0   0
# edge  62  nedges  12 :    0   0   0   0   0   0   0   0   0   0   0   0
# edge  63  nedges  12 :    0   0   0   0   0   0   0   0   0   0   0   0
# edge  64  nedges  12 :    0   0   0   0   0   0   0   0   0   0   0   0
# edge  65  nedges  12 :    0   0   0   0   0   0   0   0   0   0   0   0
# edge  66  nedges  12 :    0   0   0   0   0   0   0   0   0   0   0   0
# edge  67  nedges  12 :    0   0   0   0   0   0   0   0   0   0   0   0
# edge  68  nedges  12 :    0   0   0   0   0   0   0   0   0   0   0   0
# edge  69  nedges  12 :    0   0   0   0   0   0   0   0   0   0   0   0
# edge  70  nedges  13 :    0   0   0   0   0   0   0   0   0   0   0   0   0
# edge  71  nedges  12 :    0   0   0   0   0   0   0   0   0   0   0   0
# edge  72  nedges  12 :    0   0   0   0   0   0   0   0   0   0   0   0
# edge  73  nedges  12 :    0   0   0   0   0   0   0   0   0   0   0   0
# edge  74  nedges  12 :    0   0   0   0   0   0   0   0   0   0   0   0
# edge  75  nedges  12 :    0   0   0   0   0   0   0   0   0   0   0   0
# edge  76  nedges  12 :    0   0   0   0   0   0   0   0   0   0   0   0
# edge  77  nedges  13 :    0   0   0   0   0   0   0   0   0   0   0   0   0
# edge  78  nedges  12 :    0   0   0   0   0   0   0   0   0   0   0   0
# edge  79  nedges  12 :    0   0   0   0   0   0   0   0   0   0   0   0
# edge  80  nedges  12 :    0   0   0   0   0   0   0   0   0   0   0   0
# edge  81  nedges  13 :    0   0   0   0   0   0   0   0   0   0   0   0   0
# edge  82  nedges  12 :    0   0   0   0   0   0   0   0   0   0   0   0
# edge  83  nedges  13 :    0   0   0   0   0   0   4   0   0   0   0   0   0
# edge  84  nedges  12 :    0   0   0   0   0   0   0   0   0   0   0   0
# edge  85  nedges  12 :    0   0   0   0   0   0   0   0   0   0   0   0
# edge  86  nedges  12 :    0   0   0   0   0   0   0   0   0   0   0   0
# edge  87  nedges  11 :    0   0   0   0   0   0   0   0   0   0   0
# edge  88  nedges  12 :    0   0   0   0   0   0   4   0   0   0   0   0
# edge  89  nedges  12 :    0   0   0   0   0   4   0   0   0   0   0   0
# edge  90  nedges  10 :    0   0   0   0   0   0   0   0   0   0
# edge  91  nedges  10 :    0   0   0   0   0   0   0   0   0   0
# edge  92  nedges  10 :    0   0   0   0   0   0   0   0   0   0
# edge  93  nedges  10 :    0   0   0   0   0   0   0   0   0   0
# edge  94  nedges  10 :    0   0   0   0   0   0   0   0   0   0
# edge  95  nedges  10 :    0   0   0   0   0   0   0   0   0   0
# edge  96  nedges  10 :    0   0   0   0   0   0   0   0   0   0
# edge  97  nedges  10 :    0   0   0   0   0   0   0   0   0   0
# edge  98  nedges  10 :    0   0   0   0   0   0   0   0   0   0
# edge  99  nedges  10 :    0   0   0   0   0   0   0   0   0   0
# edge 100  nedges  10 :    0   0   0   0   0   0   0   0   0   0
# edge 101  nedges  10 :    0   0   0   0   0   0   0   0   0   0
# edge 102  nedges  11 :    0   0   0   0   0   4   0   0   0   0   0
# edge 103  nedges  10 :    0   0   0   0   0   0   0   0   0   0
# edge 104  nedges  10 :    0   0   0   0   0   0   0   0   0   0
# edge 105  nedges  10 :    0   0   0   0   0   0   0   0   0   0
# edge 106  nedges  11 :    0   0   0   0   0   0   0   0   0   0   0
# edge 107  nedges  11 :    0   0   0   0   0   0   0   0   0   0   0
# edge 108  nedges  10 :    0   0   0   0   0   0   0   0   0   0
# edge 109  nedges  10 :    0   0   0   0   0   0   0   0   0   0
# edge 110  nedges  11 :    0   0   0   0   0   0   0   0   0   0   0
# edge 111  nedges  11 :    0   0   0   0   0   0   0   0   0   0   0
# edge 112  nedges  10 :    0   0   0   0   0   0   0   0   0   0
# edge 113  nedges  11 :    0   0   0   0   0   0   0   0   0   0   0
# edge 114  nedges  11 :    0   0   0   0   0   0   0   0   0   0   0
# edge 115  nedges  11 :    0   0   0   0   0   0   0   0   0   0   0
# edge 116  nedges  11 :    0   0   0   0   0   0   0   0   0   0   0
# edge 117  nedges  11 :    0   0   0   0   0   0   0   0   0   0   0
# edge 118  nedges  12 :    0   0   0   0   0   0   0   0   0   0   0   0
# edge 119  nedges  13 :    0   0   0   0   0   0   0   4   0   0   0   0   0
# edge 120  nedges  13 :    0   0   0   0   0   0   0   0   0   0   0   0   0
# edge 121  nedges  12 :    0   0   0   0   0   0   0   0   0   0   0   0
# edge 122  nedges  14 :    0   0   0   0   0   0   0   0   0   0   0   0   0   0
# edge 123  nedges  13 :    0   0   0   0   0   0   0   0   0   0   0   0   0
# edge 124  nedges  12 :    0   0   0   0   0   0   0   0   0   0   0   0
# edge 125  nedges  13 :    0   0   0   0   0   0   0   0   0   0   0   0   0
# edge 126  nedges  12 :    0   0   0   0   0   0   0   0   0   0   0   0
# edge 127  nedges  13 :    0   0   0   0   0   0   0   0   0   0   0   0   0
# edge 128  nedges  14 :    0   0   0   0   0   0   0   0   0   0   0   0   0   0
# edge 129  nedges  13 :    0   0   0   0   0   0   0   0   0   0   0   0   0
# edge 130  nedges  13 :    0   0   0   0   0   0   0   0   0   0   0   0   0
# edge 131  nedges  13 :    0   0   0   0   0   0   0   0   0   0   0   0   0
# edge 132  nedges  13 :    0   0   0   0   0   0   0   0   0   0   0   0   0
# edge 133  nedges  14 :    0   0   0   0   0   0   0   0   0   0   0   0   0   0
# edge 134  nedges  14 :    0   0   0   0   0   0   0   0   0   0   0   0   0   0
# edge 135  nedges  14 :    0   0   0   0   0   0   0   0   0   0   0   0   0   0
# edge 136  nedges  14 :    0   0   0   0   0   0   0   0   0   0   0   0   0   0
# edge 137  nedges  13 :    0   0   0   0   0   0   0   0   0   0   0   0   0
# edge 138  nedges  14 :    0   0   0   0   0   0   0   0   0   0   0   0   0   0
# edge 139  nedges  14 :    0   0   0   0   0   0   0   0   0   0   0   0   0   0
# edge 140  nedges  15 :    0   0   0   0   0   0   0   0   4   0   0   0   0   0   0
# edge 141  nedges  14 :    0   0   0   0   0   0   0   0   0   0   0   0   0   0
# edge 142  nedges  14 :    0   0   0   0   0   0   0   0   0   0   0   0   0   0
# edge 143  nedges  14 :    0   0   0   0   0   0   0   0   0   0   0   0   0   0
# edge 144  nedges  15 :    0   0   0   0   0   0   0   0   0   0   0   0   0   0   0
# edge 145  nedges  16 :    0   0   0   0   0   0   0   0   0   0   0   0   0   0   0   0
# edge 146  nedges  14 :    0   0   0   0   0   0   0   0   0   0   0   0   0   0
# edge 147  nedges  15 :    0   0   0   0   0   0   0   0   0   0   0   0   0   0   0
# edge 148  nedges  15 :    0   0   0   0   0   0   0   0   0   0   0   0   0   0   0
# edge 149  nedges  14 :    0   0   0   0   0   0   0   0   0   0   0   0   0   0
# edge 150  nedges  17 :    0   0   0   0   0   0   0   0   0   0   0   0   0   0   0   0   0
# edge 151  nedges  14 :    0   0   0   0   0   0   0   0   0   0   0   0   0   0
# edge 152  nedges  14 :    0   0   0   0   0   0   0   0   0   0   0   0   0   0
# edge 153  nedges  15 :    0   0   0   0   0   0   0   0   0   0   0   0   0   0   0
# edge 154  nedges  13 :    0   0   0   0   0   0   0   0   0   0   0   0   0
# edge 155  nedges  14 :    0   0   0   0   0   0   0   0   0   0   0   0   0   0
# edge 156  nedges  14 :    0   0   0   0   0   0   0   0   0   0   0   0   0   0
# edge 157  nedges  13 :    0   0   0   0   0   0   0   0   0   0   0   0   0
# edge 158  nedges  14 :    0   0   0   0   0   0   0   0   0   0   0   0   0   0
# edge 159  nedges  13 :    0   0   0   0   0   0   0   0   0   0   0   0   0
# edge 160  nedges  11 :    0   0   0   0   0   0   0   0   0   0   0
# edge 161  nedges  12 :    0   0   0   0   0   0   0   0   0   0   0   0
# edge 162  nedges  15 :    0   0   0   0   0   0   4   0   0   0   0   0   0   0   0
# edge 163  nedges  11 :    0   0   0   0   0   0   0   0   0   0   0
# edge 164  nedges  12 :    0   0   0   0   0   0   0   0   0   0   0   0
# edge 165  nedges  12 :    0   0   0   0   0   0   0   0   0   0   0   0
# edge 166  nedges  12 :    0   0   0   0   0   0   0   0   0   0   0   0
# edge 167  nedges  12 :    0   0   0   0   0   0   0   0   0   0   0   0
# edge 168  nedges  13 :    0   0   0   0   0   0   0   0   0   0   0   0   0
# edge 169  nedges  12 :    0   0   0   0   0   0   0   0   0   0   0   0
# edge 170  nedges  13 :    0   0   0   0   0   0   0   0   0   0   0   0   0
# edge 171  nedges  13 :    0   0   0   0   0   0   0   0   0   0   0   0   0
# edge 172  nedges  14 :    0   0   0   0   0   0   0   0   0   0   0   0   0   0
# edge 173  nedges  14 :    0   0   0   0   0   0   0   0   0   0   0   0   0   0
# edge 174  nedges  15 :    0   0   0   0   0   0   0   0   0   0   0   0   0   0   0
# edge 175  nedges  14 :    0   0   0   0   0   0   0   0   0   0   0   0   0   0
# edge 176  nedges  14 :    0   0   0   0   0   0   0   0   0   0   0   0   0   0
# edge 177  nedges  15 :    0   0   0   0   0   0   0   0   0   0   0   0   0   0   0
# edge 178  nedges  14 :    0   0   0   0   0   0   0   0   0   0   0   0   0   0
# edge 179  nedges  14 :    0   0   0   0   0   0   0   0   0   0   0   0   0   0
# edge 180  nedges  14 :    0   0   0   0   0   0   0   0   0   0   0   0   0   0
# edge 181  nedges  14 :    0   0   0   0   0   0   0   0   0   0   0   0   0   0
# edge 182  nedges  14 :    0   0   0   0   0   0   0   0   0   0   0   0   0   0
# edge 183  nedges  14 :    0   0   0   0   0   0   0   0   0   0   0   0   0   0
# edge 184  nedges  14 :    0   0   0   0   0   0   0   0   0   0   0   0   0   0
# edge 185  nedges  14 :    0   0   0   0   0   0   0   0   0   0   0   0   0   0
# edge 186  nedges  14 :    0   0   0   0   0   0   0   0   0   0   0   0   0   0
# edge 187  nedges  14 :    0   0   0   0   0   0   0   0   0   0   0   0   0   0
# edge 188  nedges  14 :    0   0   0   0   0   0   0   0   0   0   0   0   0   0
# edge 189  nedges  14 :    0   0   0   0   0   0   0   0   0   0   0   0   0   0
# edge 190  nedges  14 :    0   0   0   0   0   0   0   0   0   0   0   0   0   0
# edge 191  nedges  14 :    0   0   0   0   0   0   0   0   0   0   0   0   0   0
# edge 192  nedges  12 :    0   0   0   0   0   0   0   0   0   0   0   0
# edge 193  nedges  13 :    0   0   0   0   0   0   0   0   0   0   0   0   0
# edge 194  nedges  13 :    0   0   0   0   0   0   0   0   0   0   0   0   0
# edge 195  nedges  13 :    0   0   0   0   0   0   0   0   0   0   0   0   0
# edge 196  nedges  13 :    0   0   0   0   0   0   0   0   0   0   0   0   0
# edge 197  nedges  12 :    0   0   0   0   0   0   0   0   0   0   0   0
# edge 198  nedges  13 :    0   0   0   0   0   0   0   0   0   0   0   0   0
# edge 199  nedges  15 :    0   0   0   0   0   0   0   0   0   0   0   0   0   0   0
# edge 200  nedges  12 :    0   0   0   0   0   0   0   0   0   0   0   0
# edge 201  nedges  12 :    0   0   0   0   0   0   0   0   0   0   0   0
# edge 202  nedges  12 :    0   0   0   0   0   0   0   0   0   0   0   0
# edge 203  nedges  12 :    0   0   0   0   0   0   0   0   0   0   0   0
# edge 204  nedges  13 :    0   0   0   0   0   0   0   0   0   0   0   0   0
# edge 205  nedges  13 :    0   0   0   0   0   0   0   0   0   0   0   0   0
# edge 206  nedges  12 :    0   0   0   0   0   0   0   0   0   0   0   0
# edge 207  nedges  12 :    0   0   0   0   0   0   0   0   0   0   0   0
# edge 208  nedges  13 :    0   0   0   0   0   0   0   0   0   0   0   0   0
# edge 209  nedges  12 :    0   0   0   0   0   0   0   0   0   0   0   0
# edge 210  nedges  11 :    0   0   0   0   0   0   0   0   0   0   0
# edge 211  nedges  10 :    0   0   0   0   0   0   0   0   0   0
# edge 212  nedges  10 :    0   0   0   0   0   0   0   0   0   0
# edge 213  nedges  11 :    0   0   0   0   0   0   0   0   0   0   0
# edge 214  nedges  11 :    0   0   0   0   0   0   0   0   0   0   0
# edge 215  nedges  10 :    0   0   0   0   0   0   0   0   0   0
# edge 216  nedges  13 :    0   0   0   0   0   0   0   0   0   0   0   0   0
# edge 217  nedges  12 :    0   0   0   0   0   0   0   0   0   0   0   0
# edge 218  nedges  13 :    0   0   0   0   0   0   0   0   0   0   0   0   0
# edge 219  nedges  11 :    0   0   0   0   0   0   0   0   0   0   0
# edge 220  nedges  10 :    0   0   0   0   0   0   0   0   0   0
# edge 221  nedges  10 :    0   0   0   0   0   0   0   0   0   0
# edge 222  nedges  11 :    0   0   0   0   0   0   0   0   0   0   0
# edge 223  nedges  11 :    0   0   0   0   0   0   0   0   0   0   0
# edge 224  nedges  11 :    0   0   0   0   0   0   0   0   0   0   0
# edge 225  nedges  11 :    0   0   0   0   0   0   0   0   0   0   0
# edge 226  nedges  12 :    0   0   0   0   0   0   0   0   0   0   0   0
# edge 227  nedges  11 :    0   0   0   0   0   0   0   0   0   0   0
# edge 228  nedges  13 :    0   0   0   0   0   0   0   0   0   0   0   0   0
# edge 229  nedges  12 :    0   0   0   0   0   0   0   0   0   0   0   0
# edge 230  nedges  12 :    0   0   0   0   0   0   0   0   0   0   0   0
# edge 231  nedges  12 :    0   0   0   0   0   0   0   0   0   0   0   0
# edge 232  nedges  11 :    0   0   0   0   0   0   0   0   0   0   0
# edge 233  nedges  12 :    0   0   0   0   0   0   0   0   0   0   0   0
# edge 234  nedges  11 :    0   0   0   0   0   0   0   0   0   0   0
# edge 235  nedges  11 :    0   0   0   0   0   0   0   0   0   0   0
# edge 236  nedges  11 :    0   0   0   0   0   0   0   0   0   0   0
# edge 237  nedges  13 :    0   0   0   0   0   0   0   0   0   0   0   0   0
# edge 238  nedges  15 :    0   0   0   0   0   0   0   4   0   0   0   0   0   0   0
# edge 239  nedges  12 :    0   0   0   0   0   0   0   0   0   0   0   0
# edge 240  nedges  13 :    0   0   0   0   0   0   0   0   0   0   0   0   0
# edge 241  nedges  13 :    0   0   0   0   0   0   0   0   0   0   0   0   0
# edge 242  nedges  12 :    0   0   0   0   0   0   0   0   0   0   0   0
# edge 243  nedges  14 :    0   0   0   0   0   0   0   0   0   0   0   0   0   0
# edge 244  nedges  12 :    0   0   0   0   0   0   0   0   0   0   0   0
# edge 245  nedges  13 :    0   0   0   0   0   0   0   0   0   0   0   0   0
# edge 246  nedges  13 :    0   0   0   0   0   0   0   0   0   0   0   0   0
# edge 247  nedges  14 :    0   0   0   0   0   0   0   0   0   0   0   0   0   0
# edge 248  nedges  14 :    0   0   0   0   0   0   0   0   0   0   0   0   0   0
# edge 249  nedges  13 :    0   0   0   0   0   0   0   0   0   0   0   0   0
# edge 250  nedges  13 :    0   0   0   0   0   0   0   0   0   0   0   0   0
# edge 251  nedges  13 :    0   0   0   0   0   0   0   0   0   0   0   0   0
# edge 252  nedges  13 :    0   0   0   0   0   0   0   0   0   0   0   0   0
# edge 253  nedges  13 :    0   0   0   0   0   0   0   0   0   0   0   0   0
# edge 254  nedges  13 :    0   0   0   0   0   0   0   0   0   0   0   0   0
# edge 255  nedges  13 :    0   0   0   0   0   0   0   0   0   0   0   0   0
# edge 256  nedges  14 :    0   0   0   0   0   0   0   0   0   0   0   0   0   0
# edge 257  nedges  13 :    0   0   0   0   0   0   0   0   0   0   0   0   0
# edge 258  nedges  14 :    0   0   0   0   0   0   0   0   0   0   0   0   0   0
# edge 259  nedges  13 :    0   0   0   0   0   0   0   0   0   0   0   0   0
# edge 260  nedges  13 :    0   0   0   0   0   0   0   0   0   0   0   0   0
# edge 261  nedges  13 :    0   0   0   0   0   0   0   0   0   0   0   0   0
# edge 262  nedges  13 :    0   0   0   0   0   0   0   0   0   0   0   0   0
# edge 263  nedges  13 :    0   0   0   0   0   0   0   0   0   0   0   0   0
# edge 264  nedges  13 :    0   0   0   0   0   0   0   0   0   0   0   0   0
# edge 265  nedges  13 :    0   0   0   0   0   0   0   0   0   0   0   0   0
# edge 266  nedges  13 :    0   0   0   0   0   0   0   0   0   0   0   0   0
# edge 267  nedges  13 :    0   0   0   0   0   0   0   0   0   0   0   0   0
# edge 268  nedges  13 :    0   0   0   0   0   0   0   0   0   0   0   0   0
# edge 269  nedges  13 :    0   0   0   0   0   0   0   0   0   0   0   0   0
# edge 270  nedges  12 :    0   0   0   0   0   0   0   0   0   0   0   0
# edge 271  nedges  12 :    0   0   0   0   0   0   0   0   0   0   0   0
# edge 272  nedges  14 :    0   0   0   0   0   0   0   0   0   0   0   0   0   0
# edge 273  nedges  14 :    0   0   0   0   0   0   0   0   0   0   0   0   0   0
# edge 274  nedges  13 :    0   0   0   0   0   0   0   0   0   0   0   0   0
# edge 275  nedges  13 :    0   0   0   0   0   0   0   0   0   0   0   0   0
# edge 276  nedges  13 :    0   0   0   0   0   0   0   0   0   0   0   0   0
# edge 277  nedges  14 :    0   0   0   0   0   0   0   0   0   0   0   0   0   0
# edge 278  nedges  14 :    0   0   0   0   0   0   0   0   0   0   0   0   0   0
# edge 279  nedges  13 :    0   0   0   0   0   0   0   0   0   0   0   0   0
# edge 280  nedges  14 :    0   0   0   0   0   0   0   0   0   0   0   0   0   0
# edge 281  nedges  13 :    0   0   0   0   0   0   0   0   0   0   0   0   0
# edge 282  nedges  12 :    0   0   0   0   0   0   0   0   0   0   0   0
# edge 283  nedges  13 :    0   0   0   0   0   0   0   0   0   0   0   0   0
# edge 284  nedges  12 :    0   0   0   0   0   0   0   0   0   0   0   0
# edge 285  nedges  13 :    0   0   0   0   0   0   0   0   0   0   0   0   0
# edge 286  nedges  13 :    0   0   0   0   0   0   0   0   0   0   0   0   0
# edge 287  nedges  14 :    0   0   0   0   0   0   0   0   0   0   0   0   0   0
# edge 288  nedges  14 :    0   0   0   0   0   0   0   0   0   0   0   0   0   0
# edge 289  nedges  14 :    0   0   0   0   0   0   0   0   0   0   0   0   0   0
# edge 290  nedges  14 :    0   0   0   0   0   0   0   0   0   0   0   0   0   0
# edge 291  nedges  14 :    0   0   0   0   0   0   0   0   0   0   0   0   0   0
# edge 292  nedges  14 :    0   0   0   0   0   0   0   0   0   0   0   0   0   0
# edge 293  nedges  14 :    0   0   0   0   0   0   0   0   0   0   0   0   0   0
# edge 294  nedges  15 :    0   0   0   0   0   0   0   0   0   0   0   0   0   0   0
# edge 295  nedges  15 :    0   0   0   0   0   0   0   0   0   0   0   0   0   0   0
# edge 296  nedges  15 :    0   0   0   0   0   0   0   0   0   0   0   0   0   0   0
# edge 297  nedges  15 :    0   0   0   0   0   0   0   0   0   0   0   0   0   0   0
# edge 298  nedges  15 :    0   0   0   0   0   0   0   0   0   0   0   0   0   0   0
# edge 299  nedges  15 :    0   0   0   0   0   0   0   0   0   0   0   0   0   0   0
# edge 300  nedges  14 :    0   0   0   0   0   0   0   0   0   0   0   0   0   0
# edge 301  nedges  15 :    0   0   0   0   0   0   0   0   0   0   0   0   0   0   0
# edge 302  nedges  14 :    0   0   0   0   0   0   0   0   0   0   0   0   0   0
# edge 303  nedges  14 :    0   0   0   0   0   0   0   0   0   0   0   0   0   0
# edge 304  nedges  14 :    0   0   0   0   0   0   0   0   0   0   0   0   0   0
# edge 305  nedges  14 :    0   0   0   0   0   0   0   0   0   0   0   0   0   0
# edge 306  nedges  15 :    0   0   0   0   0   0   0   0   0   0   0   0   0   0   0
# edge 307  nedges  15 :    0   0   0   0   0   0   0   0   0   0   0   0   0   0   0
# edge 308  nedges  14 :    0   0   0   0   0   0   0   0   0   0   0   0   0   0
# edge 309  nedges  16 :    0   0   0   0   0   0   0   0   0   0   0   0   0   0   0   0
# edge 310  nedges  14 :    0   0   0   0   0   0   0   0   0   0   0   0   0   0
# edge 311  nedges  15 :    0   0   0   0   0   0   0   0   0   0   0   0   0   0   0
# edge 312  nedges  14 :    0   0   0   0   0   0   0   0   0   0   0   0   0   0
# edge 313  nedges  15 :    0   0   0   0   0   0   0   0   0   0   0   0   0   0   0
# edge 314  nedges  15 :    0   0   0   0   0   0   0   0   0   0   0   0   0   0   0
# edge 315  nedges  15 :    0   0   0   0   0   0   0   0   0   0   0   0   0   0   0
# edge 316  nedges  15 :    0   0   0   0   0   0   0   0   0   0   0   0   0   0   0
# edge 317  nedges  15 :    0   0   0   0   0   0   0   0   0   0   0   0   0   0   0
# edge 318  nedges  14 :    0   0   0   0   0   0   0   0   0   0   0   0   0   0
# edge 319  nedges  15 :    0   0   0   0   0   0   0   0   0   0   0   0   0   0   0
# edge 320  nedges  15 :    0   0   0   0   0   0   0   0   0   0   0   0   0   0   0
# edge 321  nedges  15 :    0   0   0   0   0   0   0   0   0   0   0   0   0   0   0
# edge 322  nedges  15 :    0   0   0   0   0   0   0   0   0   0   0   0   0   0   0
# edge 323  nedges  14 :    0   0   0   0   0   0   0   0   0   0   0   0   0   0
# edge 324  nedges  15 :    0   0   0   0   0   0   0   0   0   0   0   0   0   0   0
# edge 325  nedges  15 :    0   0   0   0   0   0   0   0   0   0   0   0   0   0   0
# edge 326  nedges  14 :    0   0   0   0   0   0   0   0   0   0   0   0   0   0
# edge 327  nedges  16 :    0   0   0   0   0   0   0   0   0   0   0   0   0   0   0   0
# edge 328  nedges  16 :    0   0   0   0   0   0   0   0   0   0   0   0   0   0   0   0
# edge 329  nedges  16 :    0   0   0   0   0   0   0   0   0   0   0   0   0   0   0   0
# edge 330  nedges  16 :    0   0   0   0   0   0   0   0   0   0   0   0   0   0   0   0
# edge 331  nedges  17 :    0   0   0   0   0   0   0   0   0   0   0   0   0   0   0   0   0
# edge 332  nedges  17 :    0   0   0   0   0   0   0   0   0   0   0   0   0   0   0   0   0
# edge 333  nedges  17 :    0   0   0   0   0   0   0   0   0   0   0   0   0   0   0   0   0
# edge 334  nedges  17 :    0   0   0   0   0   0   0   0   0   0   0   0   0   0   0   0   0
# edge 335  nedges  17 :    0   0   0   0   0   0   0   0   0   0   0   0   0   0   0   0   0
# edge 336  nedges  17 :    0   0   0   0   0   0   0   0   0   0   0   0   0   0   0   0   0
# edge 337  nedges  18 :    0   0   0   0   0   0   0   0   0   0   0   0   0   0   0   0   0   0
# edge 338  nedges  17 :    0   0   0   0   0   0   0   0   0   0   0   0   0   0   0   0   0
# edge 339  nedges  18 :    0   0   0   0   0   0   0   0   0   0   0   0   0   0   0   0   0   0
# edge 340  nedges  18 :    0   0   0   0   0   0   0   0   0   0   0   0   0   0   0   0   0   0
# edge 341  nedges  17 :    0   0   0   0   0   0   0   0   0   0   0   0   0   0   0   0   0
# edge 342  nedges  17 :    0   0   0   0   0   0   0   0   0   0   0   0   0   0   0   0   0
# edge 343  nedges  16 :    0   0   0   0   0   0   0   0   0   0   0   0   0   0   0   0
# edge 344  nedges  17 :    0   0   0   0   0   0   0   0   0   0   0   0   0   0   0   0   0
# edge 345  nedges  17 :    0   0   0   0   0   0   0   0   0   0   0   0   0   0   0   0   0
# edge 346  nedges  17 :    0   0   0   0   0   0   0   0   0   0   0   0   0   0   0   0   0
# edge 347  nedges  17 :    0   0   0   0   0   0   0   0   0   0   0   0   0   0   0   0   0
# edge 348  nedges  16 :    0   0   0   0   0   0   0   0   0   0   0   0   0   0   0   0
# edge 349  nedges  16 :    0   0   0   0   0   0   0   0   0   0   0   0   0   0   0   0
# edge 350  nedges  16 :    0   0   0   0   0   0   0   0   0   0   0   0   0   0   0   0
# edge 351  nedges  17 :    0   0   0   0   0   0   0   0   0   0   0   0   0   0   0   0   0
# edge 352  nedges  17 :    0   0   0   0   0   0   0   0   0   0   0   0   0   0   0   0   0
# edge 353  nedges  16 :    0   0   0   0   0   0   0   0   0   0   0   0   0   0   0   0
# edge 354  nedges  16 :    0   0   0   0   0   0   0   0   0   0   0   0   0   0   0   0
# edge 355  nedges  16 :    0   0   0   0   0   0   0   0   0   0   0   0   0   0   0   0
# edge 356  nedges  16 :    0   0   0   0   0   0   0   0   0   0   0   0   0   0   0   0
# edge 357  nedges  16 :    0   0   0   0   0   0   0   0   0   0   0   0   0   0   0   0
# edge 358  nedges  16 :    0   0   0   0   0   0   0   0   0   0   0   0   0   0   0   0
# edge 359  nedges  16 :    0   0   0   0   0   0   0   0   0   0   0   0   0   0   0   0
# edge 360  nedges  15 :    0   0   0   0   0   0   0   0   0   0   0   0   0   0   0
# edge 361  nedges  14 :    0   0   0   0   0   0   0   0   0   0   0   0   0   0
# edge 362  nedges  14 :    0   0   0   0   0   0   0   0   0   0   0   0   0   0
# edge 363  nedges  14 :    0   0   0   0   0   0   0   0   0   0   0   0   0   0
# edge 364  nedges  14 :    0   0   0   0   0   0   0   0   0   0   0   0   0   0
# edge 365  nedges  14 :    0   0   0   0   0   0   0   0   0   0   0   0   0   0
# edge 366  nedges  13 :    0   0   0   0   0   0   0   0   0   0   0   0   0
# edge 367  nedges  12 :    0   0   0   0   0   0   0   0   0   0   0   0
# edge 368  nedges  12 :    0   0   0   0   0   0   0   0   0   0   0   0
# edge 369  nedges  12 :    0   0   0   0   0   0   0   0   0   0   0   0
# edge 370  nedges  13 :    0   0   0   0   0   0   0   0   0   0   0   0   0
# edge 371  nedges  14 :    0   0   0   0   0   0   0   0   0   0   0   0   0   0
# edge 372  nedges  14 :    0   0   0   0   0   0   0   0   0   0   0   0   0   0
# edge 373  nedges  15 :    0   0   0   0   0   0   0   0   0   0   0   0   0   0   0
# edge 374  nedges  15 :    0   0   0   0   0   0   0   0   0   0   0   0   0   0   0
# edge 375  nedges  16 :    0   0   0   0   0   0   0   0   0   0   0   0   0   0   0   0
# edge 376  nedges  17 :    0   0   0   0   0   0   0   0   0   0   0   0   0   0   0   0   0
# edge 377  nedges  16 :    0   0   0   0   0   0   0   0   0   0   0   0   0   0   0   0
# edge 378  nedges  17 :    0   0   0   0   0   0   0   0   0   0   0   0   0   0   0   0   0
# edge 379  nedges  16 :    0   0   0   0   0   0   0   0   0   0   0   0   0   0   0   0
# edge 380  nedges  16 :    0   0   0   0   0   0   0   0   0   0   0   0   0   0   0   0
# edge 381  nedges  16 :    0   0   0   0   0   0   0   0   0   0   0   0   0   0   0   0
# edge 382  nedges  16 :    0   0   0   0   0   0   0   0   0   0   0   0   0   0   0   0
# edge 383  nedges  17 :    0   0   0   0   0   0   0   0   0   0   0   0   0   0   0   0   0
# edge 384  nedges  16 :    0   0   0   0   0   0   0   0   0   0   0   0   0   0   0   0
# edge 385  nedges  16 :    0   0   0   0   0   0   0   0   0   0   0   0   0   0   0   0
# edge 386  nedges  16 :    0   0   0   0   0   0   0   0   0   0   0   0   0   0   0   0
# edge 387  nedges  16 :    0   0   0   0   0   0   0   0   0   0   0   0   0   0   0   0
# edge 388  nedges  16 :    0   0   0   0   0   0   0   0   0   0   0   0   0   0   0   0
# edge 389  nedges  17 :    0   0   0   0   0   0   0   0   0   0   0   0   0   0   0   0   0
# edge 390  nedges  16 :    0   0   0   0   0   0   0   0   0   0   0   0   0   0   0   0
# edge 391  nedges  17 :    0   0   0   0   0   0   0   0   0   0   0   0   0   0   0   0   0
# edge 392  nedges  17 :    0   0   0   0   0   0   0   0   0   0   0   0   0   0   0   0   0
# edge 393  nedges  17 :    0   0   0   0   0   0   0   0   0   0   0   0   0   0   0   0   0
# edge 394  nedges  16 :    0   0   0   0   0   0   0   0   0   0   0   0   0   0   0   0
# edge 395  nedges  16 :    0   0   0   0   0   0   0   0   0   0   0   0   0   0   0   0
# edge 396  nedges  16 :    0   0   0   0   0   0   0   0   0   0   0   0   0   0   0   0
# edge 397  nedges  17 :    0   0   0   0   0   0   0   0   0   0   0   0   0   0   0   0   0
# edge 398  nedges  16 :    0   0   0   0   0   0   0   0   0   0   0   0   0   0   0   0
# edge 399  nedges  16 :    0   0   0   0   0   0   0   0   0   0   0   0   0   0   0   0
# edge 400  nedges  17 :    0   0   0   0   0   0   0   0   0   0   0   0   0   0   0   0   0
# edge 401  nedges  16 :    0   0   0   0   0   0   0   0   0   0   0   0   0   0   0   0
# edge 402  nedges  16 :    0   0   0   0   0   0   0   0   0   0   0   0   0   0   0   0
# edge 403  nedges  17 :    0   0   0   0   0   0   0   0   0   0   0   0   0   0   0   0   0
# edge 404  nedges  16 :    0   0   0   0   0   0   0   0   0   0   0   0   0   0   0   0
# edge 405  nedges  17 :    0   0   0   0   0   0   0   0   0   0   0   0   0   0   0   0   0
#  EEdgeType:
#  EEdgeUnknown	 (-1):   0
#  EEdgeRegular	  (0): 5506
#  EEdgeDummy      (1):   0
#  EEdgeDust		  (2):   0
#  EEdgeCavern	  (3):   0
#  EEdgeMaxPointErr(4):   8
#  EEdgeGlare	  (5):   0
#   0  norm     1.0000000000   -0.0000000000    0.0000000000
# nedges  15 
#  type   0  conf  1.0000
   0.0000000000   2.7651778012  -4.5912967715
   0.0000000000   3.3488962716  -4.3769584684
      
      
#  type   0  conf  1.0000
   0.0000000000   3.3488962716  -4.3769584684
   0.0000000000   3.8524792856  -3.8598983537
      
      
#  type   0  conf  1.0000
   0.0000000000   3.8524792856  -3.8598983537
   0.0000000000   3.8663168783  -3.6348923708
      
      
#  type   0  conf  1.0000
   0.0000000000   3.8663168783  -3.6348923708
   0.0000000000   3.4810148098  -3.0001735789
      
      
#  type   0  conf  1.0000
   0.0000000000   3.4810148098  -3.0001735789
   0.0000000000   2.8992984510  -2.4716980414
      
      
#  type   0  conf  1.0000
   0.0000000000   2.8992984510  -2.4716980414
   0.0000000000   2.5990765369  -2.2606101129
      
      
#  type   0  conf  1.0000
   0.0000000000   2.5990765369  -2.2606101129
   0.0000000000   0.6881884426  -1.1577788785
      
      
#  type   0  conf  1.0000
   0.0000000000   0.6881884426  -1.1577788785
  -0.0000000000  -0.1815772382  -0.8498292535
      
      
#  type   0  conf  1.0000
  -0.0000000000  -0.1815772382  -0.8498292535
  -0.0000000000  -1.0783851152  -1.1366822580
      
      
#  type   0  conf  1.0000
  -0.0000000000  -1.0783851152  -1.1366822580
  -0.0000000000  -3.2728774997  -2.3878092314
      
      
#  type   0  conf  1.0000
  -0.0000000000  -3.2728774997  -2.3878092314
  -0.0000000000  -3.9132740106  -2.9657745454
      
      
#  type   0  conf  1.0000
  -0.0000000000  -3.9132740106  -2.9657745454
  -0.0000000000  -4.2938644110  -3.5862640710
      
      
#  type   0  conf  1.0000
  -0.0000000000  -4.2938644110  -3.5862640710
  -0.0000000000  -4.2792339698  -3.8138620244
      
      
#  type   0  conf  1.0000
  -0.0000000000  -4.2792339698  -3.8138620244
  -0.0000000000  -3.7489056267  -4.3633466476
      
      
#  type   0  conf  1.0000
  -0.0000000000  -3.7489056267  -4.3633466476
  -0.0000000000  -3.1629422978  -4.6023367543
      
      
#   1  norm     0.9999691576   -0.0078539009    0.0000000000
# nedges  15 
#  type   0  conf  1.0000
   0.0217643358   2.7710643171  -4.5903231481
   0.0263016707   3.3487638692  -4.3786661924
      
      
#  type   0  conf  1.0000
   0.0263016707   3.3487638692  -4.3786661924
   0.0302785557   3.8551061741  -3.8615395436
      
      
#  type   0  conf  1.0000
   0.0302785557   3.8551061741  -3.8615395436
   0.0303897158   3.8692592254  -3.6330998319
      
      
#  type   0  conf  1.0000
   0.0303897158   3.8692592254  -3.6330998319
   0.0273549915   3.4828740826  -2.9991962033
      
      
#  type   0  conf  1.0000
   0.0273549915   3.4828740826  -2.9991962033
   0.0227344890   2.8945855270  -2.4710058295
      
      
#  type   0  conf  1.0000
   0.0227344890   2.8945855270  -2.4710058295
   0.0203539023   2.5914860373  -2.2610668878
      
      
#  type   0  conf  1.0000
   0.0203539023   2.5914860373  -2.2610668878
   0.0053843984   0.6855488048  -1.1582630428
      
      
#  type   0  conf  1.0000
   0.0053843984   0.6855488048  -1.1582630428
  -0.0014342865  -0.1826152706  -0.8497408080
      
      
#  type   0  conf  1.0000
  -0.0014342865  -0.1826152706  -0.8497408080
  -0.0084580744  -1.0768933358  -1.1365860791
      
      
#  type   0  conf  1.0000
  -0.0084580744  -1.0768933358  -1.1365860791
  -0.0257336678  -3.2764449764  -2.3921280288
      
      
#  type   0  conf  1.0000
  -0.0257336678  -3.2764449764  -2.3921280288
  -0.0307824809  -3.9192666133  -2.9657051070
      
      
#  type   0  conf  1.0000
  -0.0307824809  -3.9192666133  -2.9657051070
  -0.0337694963  -4.2995774058  -3.5843951252
      
      
#  type   0  conf  1.0000
  -0.0337694963  -4.2995774058  -3.5843951252
  -0.0336626936  -4.2859791420  -3.8141095988
      
      
#  type   0  conf  1.0000
  -0.0336626936  -4.2859791420  -3.8141095988
  -0.0294911767  -3.7548560266  -4.3632968153
      
      
#  type   0  conf  1.0000
  -0.0294911767  -3.7548560266  -4.3632968153
  -0.0248414650  -3.1628485195  -4.6056955401
      
      
#   2  norm     0.9998766325   -0.0157073173    0.0000000000
# nedges  16 
#  type   0  conf  1.0000
   0.0435818060   2.7742757456  -4.5908623322
   0.0523832496   3.3345469635  -4.3841042644
      
      
#  type   0  conf  1.0000
   0.0523832496   3.3345469635  -4.3841042644
   0.0529753102   3.3722356079  -4.3590592979
      
      
#  type   0  conf  1.0000
   0.0529753102   3.3722356079  -4.3590592979
   0.0606180924   3.8587502179  -3.8588217183
      
      
#  type   0  conf  1.0000
   0.0606180924   3.8587502179  -3.8588217183
   0.0608236461   3.8718350942  -3.6328526241
      
      
#  type   0  conf  1.0000
   0.0608236461   3.8718350942  -3.6328526241
   0.0547505083   3.4852389370  -2.9988687541
      
      
#  type   0  conf  1.0000
   0.0547505083   3.4852389370  -2.9988687541
   0.0453937482   2.8896180818  -2.4703968278
      
      
#  type   0  conf  1.0000
   0.0453937482   2.8896180818  -2.4703968278
   0.0405641490   2.5821815360  -2.2607575487
      
      
#  type   0  conf  1.0000
   0.0405641490   2.5821815360  -2.2607575487
   0.0107128389   0.6819444128  -1.1582361952
      
      
#  type   0  conf  1.0000
   0.0107128389   0.6819444128  -1.1582361952
  -0.0028889828  -0.1839032301  -0.8497643878
      
      
#  type   0  conf  1.0000
  -0.0028889828  -0.1839032301  -0.8497643878
  -0.0168841431  -1.0747895267  -1.1361789869
      
      
#  type   0  conf  1.0000
  -0.0168841431  -1.0747895267  -1.1361789869
  -0.0515270614  -3.2800448074  -2.3965500594
      
      
#  type   0  conf  1.0000
  -0.0515270614  -3.2800448074  -2.3965500594
  -0.0616657232  -3.9254389777  -2.9661148926
      
      
#  type   0  conf  1.0000
  -0.0616657232  -3.9254389777  -2.9661148926
  -0.0676526167  -4.3065451089  -3.5860176535
      
      
#  type   0  conf  1.0000
  -0.0676526167  -4.3065451089  -3.5860176535
  -0.0674216123  -4.2918401218  -3.8135432518
      
      
#  type   0  conf  1.0000
  -0.0674216123  -4.2918401218  -3.8135432518
  -0.0590742439  -3.7604738521  -4.3639890296
      
      
#  type   0  conf  1.0000
  -0.0590742439  -3.7604738521  -4.3639890296
  -0.0498700580  -3.1745653750  -4.6030216653
      
      
#   3  norm     0.9997224302   -0.0235597648    0.0000000000
# nedges  15 
#  type   0  conf  1.0000
   0.0654597196   2.7776826482  -4.5910849585
   0.0791295308   3.3577400856  -4.3765839272
      
      
#  type   0  conf  1.0000
   0.0791295308   3.3577400856  -4.3765839272
   0.0910086059   3.8618103934  -3.8591618971
      
      
#  type   0  conf  1.0000
   0.0910086059   3.8618103934  -3.8591618971
   0.0913003132   3.8741885423  -3.6325232843
      
      
#  type   0  conf  1.0000
   0.0913003132   3.8741885423  -3.6325232843
   0.0821911768   3.4876563308  -2.9988967663
      
      
#  type   0  conf  1.0000
   0.0821911768   3.4876563308  -2.9988967663
   0.0679701813   2.8842102347  -2.4699310367
      
      
#  type   0  conf  1.0000
   0.0679701813   2.8842102347  -2.4699310367
   0.0606375842   2.5730627397  -2.2609971257
      
      
#  type   0  conf  1.0000
   0.0606375842   2.5730627397  -2.2609971257
   0.0159813164   0.6781426111  -1.1583990190
      
      
#  type   0  conf  1.0000
   0.0159813164   0.6781426111  -1.1583990190
  -0.0043675265  -0.1853292793  -0.8497521629
      
      
#  type   0  conf  1.0000
  -0.0043675265  -0.1853292793  -0.8497521629
  -0.0252700525  -1.0722958612  -1.1357872893
      
      
#  type   0  conf  1.0000
  -0.0252700525  -1.0722958612  -1.1357872893
  -0.0773556605  -3.2824686280  -2.4005462744
      
      
#  type   0  conf  1.0000
  -0.0773556605  -3.2824686280  -2.4005462744
  -0.0926364739  -3.9308864700  -2.9658242391
      
      
#  type   0  conf  1.0000
  -0.0926364739  -3.9308864700  -2.9658242391
  -0.1016129244  -4.3117883588  -3.5840845389
      
      
#  type   0  conf  1.0000
  -0.1016129244  -4.3117883588  -3.5840845389
  -0.1012890748  -4.2980462986  -3.8138704506
      
      
#  type   0  conf  1.0000
  -0.1012890748  -4.2980462986  -3.8138704506
  -0.0887315485  -3.7651869570  -4.3645271029
      
      
#  type   0  conf  1.0000
  -0.0887315485  -3.7651869570  -4.3645271029
  -0.0748644962  -3.1767598960  -4.6052796101
      
      
#   4  norm     0.9995065604   -0.0314107591    0.0000000000
# nedges  15 
#  type   0  conf  1.0000
   0.0874278631   2.7819997125  -4.5907034729
   0.1055952318   3.3600947593  -4.3763826119
      
      
#  type   0  conf  1.0000
   0.1055952318   3.3600947593  -4.3763826119
   0.1214008459   3.8630375541  -3.8593985449
      
      
#  type   0  conf  1.0000
   0.1214008459   3.8630375541  -3.8593985449
   0.1218301931   3.8766996038  -3.6332849883
      
      
#  type   0  conf  1.0000
   0.1218301931   3.8766996038  -3.6332849883
   0.1096615017   3.4894855643  -2.9988925519
      
      
#  type   0  conf  1.0000
   0.1096615017   3.4894855643  -2.9988925519
   0.0904540284   2.8782938522  -2.4695209481
      
      
#  type   0  conf  1.0000
   0.0904540284   2.8782938522  -2.4695209481
   0.0805039122   2.5616760228  -2.2602042677
      
      
#  type   0  conf  1.0000
   0.0805039122   2.5616760228  -2.2602042677
   0.0211723310   0.6737144969  -1.1582081223
      
      
#  type   0  conf  1.0000
   0.0211723310   0.6737144969  -1.1582081223
  -0.0058760055  -0.1869775260  -0.8497170383
      
      
#  type   0  conf  1.0000
  -0.0058760055  -0.1869775260  -0.8497170383
  -0.0336301228  -1.0701278605  -1.1355805356
      
      
#  type   0  conf  1.0000
  -0.0336301228  -1.0701278605  -1.1355805356
  -0.1032167727  -3.2844109629  -2.4042198357
      
      
#  type   0  conf  1.0000
  -0.1032167727  -3.2844109629  -2.4042198357
  -0.1236961685  -3.9360759033  -2.9657685845
      
      
#  type   0  conf  1.0000
  -0.1236961685  -3.9360759033  -2.9657685845
  -0.1357059766  -4.3182341939  -3.5858808104
      
      
#  type   0  conf  1.0000
  -0.1357059766  -4.3182341939  -3.5858808104
  -0.1352396181  -4.3033944256  -3.8133399218
      
      
#  type   0  conf  1.0000
  -0.1352396181  -4.3033944256  -3.8133399218
  -0.1185344291  -3.7718266927  -4.3639185583
      
      
#  type   0  conf  1.0000
  -0.1185344291  -3.7718266927  -4.3639185583
  -0.0998005292  -3.1757043311  -4.6087879414
      
      
#   5  norm     0.9992290362   -0.0392598158    0.0000000000
# nedges  15 
#  type   0  conf  1.0000
   0.1094328309   2.7852515365  -4.5906577723
   0.1320738552   3.3615040837  -4.3764883370
      
      
#  type   0  conf  1.0000
   0.1320738552   3.3615040837  -4.3764883370
   0.1518214838   3.8641147966  -3.8604596390
      
      
#  type   0  conf  1.0000
   0.1518214838   3.8641147966  -3.8604596390
   0.1523711393   3.8781044625  -3.6329445244
      
      
#  type   0  conf  1.0000
   0.1523711393   3.8781044625  -3.6329445244
   0.1371633355   3.4910400082  -2.9991453230
      
      
#  type   0  conf  1.0000
   0.1371633355   3.4910400082  -2.9991453230
   0.1128576890   2.8724199966  -2.4690977618
      
      
#  type   0  conf  1.0000
   0.1128576890   2.8724199966  -2.4690977618
   0.1002962519   2.5527100715  -2.2609339277
      
      
#  type   0  conf  1.0000
   0.1002962519   2.5527100715  -2.2609339277
   0.0263527927   0.6707233616  -1.1587736479
      
      
#  type   0  conf  1.0000
   0.0263527927   0.6707233616  -1.1587736479
  -0.0073963914  -0.1882507327  -0.8497523116
      
      
#  type   0  conf  1.0000
  -0.0073963914  -0.1882507327  -0.8497523116
  -0.0419467206  -1.0676153304  -1.1352748226
      
      
#  type   0  conf  1.0000
  -0.0419467206  -1.0676153304  -1.1352748226
  -0.1290714772  -3.2850884622  -2.4072809871
      
      
#  type   0  conf  1.0000
  -0.1290714772  -3.2850884622  -2.4072809871
  -0.1548498087  -3.9411908105  -2.9662492481
      
      
#  type   0  conf  1.0000
  -0.1548498087  -3.9411908105  -2.9662492481
  -0.1698585373  -4.3231884620  -3.5858752465
      
      
#  type   0  conf  1.0000
  -0.1698585373  -4.3231884620  -3.5858752465
  -0.1692453061  -4.3075806859  -3.8148165273
      
      
#  type   0  conf  1.0000
  -0.1692453061  -4.3075806859  -3.8148165273
  -0.1482972378  -3.7744167438  -4.3651803654
      
      
#  type   0  conf  1.0000
  -0.1482972378  -3.7744167438  -4.3651803654
  -0.1247601788  -3.1753585904  -4.6109282025
      
      
#   6  norm     0.9988898750   -0.0471064507   -0.0000000000
# nedges  15 
#  type   0  conf  1.0000
   0.1314624418   2.7876543470  -4.5910055110
   0.1585710475   3.3624909428  -4.3761970880
      
      
#  type   0  conf  1.0000
   0.1585710475   3.3624909428  -4.3761970880
   0.1822476633   3.8645523670  -3.8618872515
      
      
#  type   0  conf  1.0000
   0.1822476633   3.8645523670  -3.8618872515
   0.1829372354   3.8791747086  -3.6331627204
      
      
#  type   0  conf  1.0000
   0.1829372354   3.8791747086  -3.6331627204
   0.1646775992   3.4919800577  -2.9990847124
      
      
#  type   0  conf  1.0000
   0.1646775992   3.4919800577  -2.9990847124
   0.1351239782   2.8652970376  -2.4680473985
      
      
#  type   0  conf  1.0000
   0.1351239782   2.8652970376  -2.4680473985
   0.1195552511   2.5351629774  -2.2565405858
      
      
#  type   0  conf  1.0000
   0.1195552511   2.5351629774  -2.2565405858
   0.0314230715   0.6663246227  -1.1587339676
      
      
#  type   0  conf  1.0000
   0.0314230715   0.6663246227  -1.1587339676
  -0.0089390060  -0.1895511644  -0.8496497769
      
      
#  type   0  conf  1.0000
  -0.0089390060  -0.1895511644  -0.8496497769
  -0.0502355230  -1.0652416921  -1.1350890687
      
      
#  type   0  conf  1.0000
  -0.0502355230  -1.0652416921  -1.1350890687
  -0.1549433085  -3.2855649226  -2.4102408319
      
      
#  type   0  conf  1.0000
  -0.1549433085  -3.2855649226  -2.4102408319
  -0.1860580503  -3.9453514291  -2.9662275938
      
      
#  type   0  conf  1.0000
  -0.1860580503  -3.9453514291  -2.9662275938
  -0.2040755869  -4.3274123687  -3.5856115556
      
      
#  type   0  conf  1.0000
  -0.2040755869  -4.3274123687  -3.5856115556
  -0.2033685800  -4.3124203246  -3.8130357947
      
      
#  type   0  conf  1.0000
  -0.2033685800  -4.3124203246  -3.8130357947
  -0.1782622782  -3.7800424798  -4.3647718596
      
      
#  type   0  conf  1.0000
  -0.1782622782  -3.7800424798  -4.3647718596
  -0.1497412733  -3.1752560313  -4.6133298240
      
      
#   7  norm     0.9984890975   -0.0549501799    0.0000000000
# nedges  15 
#  type   0  conf  1.0000
   0.1535312725   2.7897870750  -4.5910375689
   0.1850901173   3.3632367439  -4.3760367615
      
      
#  type   0  conf  1.0000
   0.1850901173   3.3632367439  -4.3760367615
   0.2126984210   3.8649018943  -3.8621779155
      
      
#  type   0  conf  1.0000
   0.2126984210   3.8649018943  -3.8621779155
   0.2134899854   3.8792852583  -3.6327863851
      
      
#  type   0  conf  1.0000
   0.2134899854   3.8792852583  -3.6327863851
   0.1921863163   3.4921804040  -2.9987986781
      
      
#  type   0  conf  1.0000
   0.1921863163   3.4921804040  -2.9987986781
   0.1573258665   2.8587379088  -2.4676302908
      
      
#  type   0  conf  1.0000
   0.1573258665   2.8587379088  -2.4676302908
   0.1393775477   2.5326024775  -2.2606637588
      
      
#  type   0  conf  1.0000
   0.1393775477   2.5326024775  -2.2606637588
   0.0364841004   0.6629455356  -1.1588982832
      
      
#  type   0  conf  1.0000
   0.0364841004   0.6629455356  -1.1588982832
  -0.0104902285  -0.1906159146  -0.8497525687
      
      
#  type   0  conf  1.0000
  -0.0104902285  -0.1906159146  -0.8497525687
  -0.0584810486  -1.0626478297  -1.1348348916
      
      
#  type   0  conf  1.0000
  -0.0584810486  -1.0626478297  -1.1348348916
  -0.1807490270  -3.2843556313  -2.4120587109
      
      
#  type   0  conf  1.0000
  -0.1807490270  -3.2843556313  -2.4120587109
  -0.2172699025  -3.9479694011  -2.9656961004
      
      
#  type   0  conf  1.0000
  -0.2172699025  -3.9479694011  -2.9656961004
  -0.2383508167  -4.3310266172  -3.5857933116
      
      
#  type   0  conf  1.0000
  -0.2383508167  -4.3310266172  -3.5857933116
  -0.2374699614  -4.3150207671  -3.8145042996
      
      
#  type   0  conf  1.0000
  -0.2374699614  -4.3150207671  -3.8145042996
  -0.2082076996  -3.7833018628  -4.3648852880
      
      
#  type   0  conf  1.0000
  -0.2082076996  -3.7833018628  -4.3648852880
  -0.1747271659  -3.1749335581  -4.6156816771
      
      
#   8  norm     0.9980267284   -0.0627905195   -0.0000000000
# nedges  14 
#  type   0  conf  1.0000
   0.1756331284   2.7916086354  -4.5910267215
   0.2116785068   3.3645335194  -4.3758062706
      
      
#  type   0  conf  1.0000
   0.2116785068   3.3645335194  -4.3758062706
   0.2432040694   3.8656179872  -3.8605338186
      
      
#  type   0  conf  1.0000
   0.2432040694   3.8656179872  -3.8605338186
   0.2440732117   3.8794326092  -3.6326009489
      
      
#  type   0  conf  1.0000
   0.2440732117   3.8794326092  -3.6326009489
   0.2197048199   3.4921081124  -2.9987553410
      
      
#  type   0  conf  1.0000
   0.2197048199   3.4921081124  -2.9987553410
   0.1771648926   2.8159553298  -2.4374875647
      
      
#  type   0  conf  1.0000
   0.1771648926   2.8159553298  -2.4374875647
   0.0419349133   0.6665363603  -1.1619006065
      
      
#  type   0  conf  1.0000
   0.0419349133   0.6665363603  -1.1619006065
  -0.0120512433  -0.1915490269  -0.8498475821
      
      
#  type   0  conf  1.0000
  -0.0120512433  -0.1915490269  -0.8498475821
  -0.0667138535  -1.0603863367  -1.1347881678
      
      
#  type   0  conf  1.0000
  -0.0667138535  -1.0603863367  -1.1347881678
  -0.2065795284  -3.2834875781  -2.4144957121
      
      
#  type   0  conf  1.0000
  -0.2065795284  -3.2834875781  -2.4144957121
  -0.2486041790  -3.9514502708  -2.9662805485
      
      
#  type   0  conf  1.0000
  -0.2486041790  -3.9514502708  -2.9662805485
  -0.2726202306  -4.3331744799  -3.5838172486
      
      
#  type   0  conf  1.0000
  -0.2726202306  -4.3331744799  -3.5838172486
  -0.2717195314  -4.3188582773  -3.8136109926
      
      
#  type   0  conf  1.0000
  -0.2717195314  -4.3188582773  -3.8136109926
  -0.2382603226  -3.7870393821  -4.3643571586
      
      
#  type   0  conf  1.0000
  -0.2382603226  -3.7870393821  -4.3643571586
  -0.2011949707  -3.1979024845  -4.6089153088
      
      
#   9  norm     0.9975027964   -0.0706269859    0.0000000000
# nedges  15 
#  type   0  conf  1.0000
   0.1978292078   2.7940479886  -4.5907940027
   0.2373300346   3.3519393478  -4.3805062264
      
      
#  type   0  conf  1.0000
   0.2373300346   3.3519393478  -4.3805062264
   0.2393904173   3.3810392382  -4.3590770211
      
      
#  type   0  conf  1.0000
   0.2393904173   3.3810392382  -4.3590770211
   0.2736802856   3.8653334363  -3.8592977916
      
      
#  type   0  conf  1.0000
   0.2736802856   3.8653334363  -3.8592977916
   0.2746231308   3.8786497439  -3.6323145461
      
      
#  type   0  conf  1.0000
   0.2746231308   3.8786497439  -3.6323145461
   0.2472146186   3.4915446282  -2.9985540952
      
      
#  type   0  conf  1.0000
   0.2472146186   3.4915446282  -2.9985540952
   0.1992602022   2.8142586896  -2.4419279042
      
      
#  type   0  conf  1.0000
   0.1992602022   2.8142586896  -2.4419279042
   0.0467514140   0.6602952905  -1.1611635644
      
      
#  type   0  conf  1.0000
   0.0467514140   0.6602952905  -1.1611635644
  -0.0136654713  -0.1930047796  -0.8497572897
      
      
#  type   0  conf  1.0000
  -0.0136654713  -0.1930047796  -0.8497572897
  -0.0748768146  -1.0575254057  -1.1345645588
      
      
#  type   0  conf  1.0000
  -0.0748768146  -1.0575254057  -1.1345645588
  -0.2322621526  -3.2803629329  -2.4153860387
      
      
#  type   0  conf  1.0000
  -0.2322621526  -3.2803629329  -2.4153860387
  -0.2799153979  -3.9533952714  -2.9657573729
      
      
#  type   0  conf  1.0000
  -0.2799153979  -3.9533952714  -2.9657573729
  -0.3070218871  -4.3362347540  -3.5853276465
      
      
#  type   0  conf  1.0000
  -0.3070218871  -4.3362347540  -3.5853276465
  -0.3059363024  -4.3209024587  -3.8130086290
      
      
#  type   0  conf  1.0000
  -0.3059363024  -4.3209024587  -3.8130086290
  -0.2683327609  -3.7898074772  -4.3645072381
      
      
#  type   0  conf  1.0000
  -0.2683327609  -3.7898074772  -4.3645072381
  -0.2271993867  -3.2088587752  -4.6062195423
      
      
#  10  norm     0.9969173337   -0.0784590957    0.0000000000
# nedges  14 
#  type   0  conf  1.0000
   0.2199649104   2.7949191857  -4.5908237309
   0.2647466652   3.3639253315  -4.3757404294
      
      
#  type   0  conf  1.0000
   0.2647466652   3.3639253315  -4.3757404294
   0.3040930668   3.8638687651  -3.8608774440
      
      
#  type   0  conf  1.0000
   0.3040930668   3.8638687651  -3.8608774440
   0.3051846915   3.8777391725  -3.6324471636
      
      
#  type   0  conf  1.0000
   0.3051846915   3.8777391725  -3.6324471636
   0.2747220969   3.4906752082  -2.9985802998
      
      
#  type   0  conf  1.0000
   0.2747220969   3.4906752082  -2.9985802998
   0.2214049988   2.8132172439  -2.4470651069
      
      
#  type   0  conf  1.0000
   0.2214049988   2.8132172439  -2.4470651069
   0.0515508271   0.6550153639  -1.1607768782
      
      
#  type   0  conf  1.0000
   0.0515508271   0.6550153639  -1.1607768782
  -0.0152838456  -0.1941996716  -0.8496983593
      
      
#  type   0  conf  1.0000
  -0.0152838456  -0.1941996716  -0.8496983593
  -0.0830001906  -1.0546174154  -1.1342663882
      
      
#  type   0  conf  1.0000
  -0.0830001906  -1.0546174154  -1.1342663882
  -0.2579333975  -3.2773545570  -2.4165221536
      
      
#  type   0  conf  1.0000
  -0.2579333975  -3.2773545570  -2.4165221536
  -0.3113209612  -3.9557078720  -2.9660978058
      
      
#  type   0  conf  1.0000
  -0.3113209612  -3.9557078720  -2.9660978058
  -0.3414246252  -4.3382111899  -3.5852288886
      
      
#  type   0  conf  1.0000
  -0.3414246252  -4.3382111899  -3.5852288886
  -0.3401635361  -4.3221875332  -3.8142455101
      
      
#  type   0  conf  1.0000
  -0.3401635361  -4.3221875332  -3.8142455101
  -0.2984142839  -3.7917129871  -4.3647021778
      
      
#  type   0  conf  1.0000
  -0.2984142839  -3.7917129871  -4.3647021778
  -0.2524491377  -3.2076704294  -4.6081108164
      
      
#  11  norm     0.9962703765   -0.0862863658    0.0000000000
# nedges  14 
#  type   0  conf  1.0000
   0.2419668716   2.7937719252  -4.5917491130
   0.2912790793   3.3631352450  -4.3756169048
      
      
#  type   0  conf  1.0000
   0.2912790793   3.3631352450  -4.3756169048
   0.3345190122   3.8623875178  -3.8610854865
      
      
#  type   0  conf  1.0000
   0.3345190122   3.8623875178  -3.8610854865
   0.3357419722   3.8765079273  -3.6334022569
      
      
#  type   0  conf  1.0000
   0.3357419722   3.8765079273  -3.6334022569
   0.3022721068   3.4900617593  -2.9991057011
      
      
#  type   0  conf  1.0000
   0.3022721068   3.4900617593  -2.9991057011
   0.2435347909   2.8118752667  -2.4523228073
      
      
#  type   0  conf  1.0000
   0.2435347909   2.8118752667  -2.4523228073
   0.0562813690   0.6498299030  -1.1606793198
      
      
#  type   0  conf  1.0000
   0.0562813690   0.6498299030  -1.1606793198
  -0.0169152357  -0.1953048786  -0.8496796670
      
      
#  type   0  conf  1.0000
  -0.0169152357  -0.1953048786  -0.8496796670
  -0.0910708601  -1.0515125913  -1.1340691451
      
      
#  type   0  conf  1.0000
  -0.0910708601  -1.0515125913  -1.1340691451
  -0.2834075509  -3.2722498485  -2.4166558630
      
      
#  type   0  conf  1.0000
  -0.2834075509  -3.2722498485  -2.4166558630
  -0.3427240526  -3.9571236745  -2.9658694433
      
      
#  type   0  conf  1.0000
  -0.3427240526  -3.9571236745  -2.9658694433
  -0.3758173212  -4.3392216208  -3.5838801270
      
      
#  type   0  conf  1.0000
  -0.3758173212  -4.3392216208  -3.5838801270
  -0.3745246166  -4.3242959341  -3.8136426526
      
      
#  type   0  conf  1.0000
  -0.3745246166  -4.3242959341  -3.8136426526
  -0.3286181610  -3.7942557431  -4.3640591656
      
      
#  type   0  conf  1.0000
  -0.3286181610  -3.7942557431  -4.3640591656
  -0.2786855953  -3.2177297122  -4.6062083336
      
      
#  12  norm     0.9955619646   -0.0941083133    0.0000000000
# nedges  14 
#  type   0  conf  1.0000
   0.2643014372   2.7960171513  -4.5909482331
   0.3178101868   3.3620805936  -4.3756476123
      
      
#  type   0  conf  1.0000
   0.3178101868   3.3620805936  -4.3756476123
   0.3648788762   3.8600153167  -3.8609845352
      
      
#  type   0  conf  1.0000
   0.3648788762   3.8600153167  -3.8609845352
   0.3662901119   3.8749446305  -3.6333717136
      
      
#  type   0  conf  1.0000
   0.3662901119   3.8749446305  -3.6333717136
   0.3297084594   3.4879511705  -2.9988207297
      
      
#  type   0  conf  1.0000
   0.3297084594   3.4879511705  -2.9988207297
   0.2655031144   2.8087295680  -2.4565052246
      
      
#  type   0  conf  1.0000
   0.2655031144   2.8087295680  -2.4565052246
   0.0606650389   0.6417690760  -1.1591965495
      
      
#  type   0  conf  1.0000
   0.0606650389   0.6417690760  -1.1591965495
  -0.0186534370  -0.1973327517  -0.8498977962
      
      
#  type   0  conf  1.0000
  -0.0186534370  -0.1973327517  -0.8498977962
  -0.0991097669  -1.0484718171  -1.1338462913
      
      
#  type   0  conf  1.0000
  -0.0991097669  -1.0484718171  -1.1338462913
  -0.3088634542  -3.2674340491  -2.4170330861
      
      
#  type   0  conf  1.0000
  -0.3088634542  -3.2674340491  -2.4170330861
  -0.3741786294  -3.9583964297  -2.9660236255
      
      
#  type   0  conf  1.0000
  -0.3741786294  -3.9583964297  -2.9660236255
  -0.4103558054  -4.3411109750  -3.5851626727
      
      
#  type   0  conf  1.0000
  -0.4103558054  -4.3411109750  -3.5851626727
  -0.4088711772  -4.3254052497  -3.8128822888
      
      
#  type   0  conf  1.0000
  -0.4088711772  -4.3254052497  -3.8128822888
  -0.3587950612  -3.7956552764  -4.3645544993
      
      
#  type   0  conf  1.0000
  -0.3587950612  -3.7956552764  -4.3645544993
  -0.3040324339  -3.2163271932  -4.6081338138
      
      
#  13  norm     0.9947921418   -0.1019244558    0.0000000000
# nedges  14 
#  type   0  conf  1.0000
   0.2865115307   2.7963791132  -4.5912667426
   0.3443899669   3.3612780182  -4.3747797084
      
      
#  type   0  conf  1.0000
   0.3443899669   3.3612780182  -4.3747797084
   0.3952208283   3.8573919399  -3.8613987637
      
      
#  type   0  conf  1.0000
   0.3952208283   3.8573919399  -3.8613987637
   0.3967864977   3.8726730181  -3.6346138165
      
      
#  type   0  conf  1.0000
   0.3967864977   3.8726730181  -3.6346138165
   0.3572343736   3.4866406191  -2.9992999536
      
      
#  type   0  conf  1.0000
   0.3572343736   3.4866406191  -2.9992999536
   0.2874453053   2.8054928391  -2.4606915164
      
      
#  type   0  conf  1.0000
   0.2874453053   2.8054928391  -2.4606915164
   0.0652956222   0.6372913282  -1.1595144086
      
      
#  type   0  conf  1.0000
   0.0652956222   0.6372913282  -1.1595144086
  -0.0203100384  -0.1982278586  -0.8498137308
      
      
#  type   0  conf  1.0000
  -0.0203100384  -0.1982278586  -0.8498137308
  -0.1070582753  -1.0448986963  -1.1334827388
      
      
#  type   0  conf  1.0000
  -0.1070582753  -1.0448986963  -1.1334827388
  -0.3341740626  -3.2615698447  -2.4171471617
      
      
#  type   0  conf  1.0000
  -0.3341740626  -3.2615698447  -2.4171471617
  -0.4056057673  -3.9587499072  -2.9657345810
      
      
#  type   0  conf  1.0000
  -0.4056057673  -3.9587499072  -2.9657345810
  -0.4447941329  -4.3412319901  -3.5840528524
      
      
#  type   0  conf  1.0000
  -0.4447941329  -4.3412319901  -3.5840528524
  -0.4431866896  -4.3255431952  -3.8137794773
      
      
#  type   0  conf  1.0000
  -0.4431866896  -4.3255431952  -3.8137794773
  -0.3888335812  -3.7950518158  -4.3654292945
      
      
#  type   0  conf  1.0000
  -0.3888335812  -3.7950518158  -4.3654292945
  -0.3304439608  -3.2251637056  -4.6057080484
      
      
#  14  norm     0.9939609555   -0.1097343111    0.0000000000
# nedges  14 
#  type   0  conf  1.0000
   0.3087992525   2.7970686378  -4.5910500605
   0.3708337672   3.3589702431  -4.3747824087
      
      
#  type   0  conf  1.0000
   0.3708337672   3.3589702431  -4.3747824087
   0.4255340908   3.8544395752  -3.8617795049
      
      
#  type   0  conf  1.0000
   0.4255340908   3.8544395752  -3.8617795049
   0.4272535968   3.8700146657  -3.6349054772
      
      
#  type   0  conf  1.0000
   0.4272535968   3.8700146657  -3.6349054772
   0.3846755183   3.4843472561  -2.9996617960
      
      
#  type   0  conf  1.0000
   0.3846755183   3.4843472561  -2.9996617960
   0.3093138740   2.8017300215  -2.4646151012
      
      
#  type   0  conf  1.0000
   0.3093138740   2.8017300215  -2.4646151012
   0.0698813364   0.6329772267  -1.1599960379
      
      
#  type   0  conf  1.0000
   0.0698813364   0.6329772267  -1.1599960379
  -0.0219366296  -0.1986995048  -0.8495853609
      
      
#  type   0  conf  1.0000
  -0.0219366296  -0.1986995048  -0.8495853609
  -0.1150621446  -1.0422198677  -1.1336268760
      
      
#  type   0  conf  1.0000
  -0.1150621446  -1.0422198677  -1.1336268760
  -0.3593580123  -3.2550241553  -2.4168491760
      
      
#  type   0  conf  1.0000
  -0.3593580123  -3.2550241553  -2.4168491760
  -0.4370888304  -3.9591010980  -2.9658846893
      
      
#  type   0  conf  1.0000
  -0.4370888304  -3.9591010980  -2.9658846893
  -0.4792385475  -4.3408884587  -3.5834418046
      
      
#  type   0  conf  1.0000
  -0.4792385475  -4.3408884587  -3.5834418046
  -0.4775946142  -4.3259978975  -3.8130161562
      
      
#  type   0  conf  1.0000
  -0.4775946142  -4.3259978975  -3.8130161562
  -0.4191062080  -3.7962165411  -4.3650806981
      
      
#  type   0  conf  1.0000
  -0.4191062080  -3.7962165411  -4.3650806981
  -0.3558485015  -3.2232354039  -4.6075881146
      
      
#  15  norm     0.9930684570   -0.1175373975    0.0000000000
# nedges  14 
#  type   0  conf  1.0000
   0.3308626245   2.7954441998  -4.5913127979
   0.3972580837   3.3564166022  -4.3747935606
      
      
#  type   0  conf  1.0000
   0.3972580837   3.3564166022  -4.3747935606
   0.4558013103   3.8510458262  -3.8617805714
      
      
#  type   0  conf  1.0000
   0.4558013103   3.8510458262  -3.8617805714
   0.4576291299   3.8664889964  -3.6345976591
      
      
#  type   0  conf  1.0000
   0.4576291299   3.8664889964  -3.6345976591
   0.4120322320   3.4812427512  -2.9995649094
      
      
#  type   0  conf  1.0000
   0.4120322320   3.4812427512  -2.9995649094
   0.3309779932   2.7964189446  -2.4670597637
      
      
#  type   0  conf  1.0000
   0.3309779932   2.7964189446  -2.4670597637
   0.0741453440   0.6264508484  -1.1592662248
      
      
#  type   0  conf  1.0000
   0.0741453440   0.6264508484  -1.1592662248
  -0.0236275034  -0.1996277682  -0.8496688734
      
      
#  type   0  conf  1.0000
  -0.0236275034  -0.1996277682  -0.8496688734
  -0.1229660273  -1.0389347188  -1.1333186657
      
      
#  type   0  conf  1.0000
  -0.1229660273  -1.0389347188  -1.1333186657
  -0.3844578884  -3.2482682980  -2.4165976889
      
      
#  type   0  conf  1.0000
  -0.3844578884  -3.2482682980  -2.4165976889
  -0.4685506721  -3.9587646400  -2.9660737506
      
      
#  type   0  conf  1.0000
  -0.4685506721  -3.9587646400  -2.9660737506
  -0.5137251618  -4.3404419768  -3.5847696341
      
      
#  type   0  conf  1.0000
  -0.5137251618  -4.3404419768  -3.5847696341
  -0.5119002627  -4.3250234820  -3.8118955451
      
      
#  type   0  conf  1.0000
  -0.5119002627  -4.3250234820  -3.8118955451
  -0.4493821641  -3.7968107336  -4.3649309035
      
      
#  type   0  conf  1.0000
  -0.4493821641  -3.7968107336  -4.3649309035
  -0.3822910295  -3.2299605993  -4.6054443227
      
      
#  16  norm     0.9921147013   -0.1253332336    0.0000000000
# nedges  14 
#  type   0  conf  1.0000
   0.3530776263   2.7948972019  -4.5914880105
   0.4236901842   3.3538531529  -4.3744619683
      
      
#  type   0  conf  1.0000
   0.4236901842   3.3538531529  -4.3744619683
   0.4860071065   3.8471423867  -3.8618686454
      
      
#  type   0  conf  1.0000
   0.4860071065   3.8471423867  -3.8618686454
   0.4879935600   3.8628667856  -3.6345751746
      
      
#  type   0  conf  1.0000
   0.4879935600   3.8628667856  -3.6345751746
   0.4392664309   3.4771518415  -2.9988042221
      
      
#  type   0  conf  1.0000
   0.4392664309   3.4771518415  -2.9988042221
   0.3524050077   2.7895728774  -2.4690423740
      
      
#  type   0  conf  1.0000
   0.3524050077   2.7895728774  -2.4690423740
   0.0784668876   0.6211293726  -1.1591088889
      
      
#  type   0  conf  1.0000
   0.0784668876   0.6211293726  -1.1591088889
  -0.0253349961  -0.2005471447  -0.8496732087
      
      
#  type   0  conf  1.0000
  -0.0253349961  -0.2005471447  -0.8496732087
  -0.1308652574  -1.0359051787  -1.1333456227
      
      
#  type   0  conf  1.0000
  -0.1308652574  -1.0359051787  -1.1333456227
  -0.4094387578  -3.2410414966  -2.4164950882
      
      
#  type   0  conf  1.0000
  -0.4094387578  -3.2410414966  -2.4164950882
  -0.4999397935  -3.9574309604  -2.9658160232
      
      
#  type   0  conf  1.0000
  -0.4999397935  -3.9574309604  -2.9658160232
  -0.5482142943  -4.3395629827  -3.5849038112
      
      
#  type   0  conf  1.0000
  -0.5482142943  -4.3395629827  -3.5849038112
  -0.5461385024  -4.3231313975  -3.8128440609
      
      
#  type   0  conf  1.0000
  -0.5461385024  -4.3231313975  -3.8128440609
  -0.4796108158  -3.7965105324  -4.3647068305
      
      
#  type   0  conf  1.0000
  -0.4796108158  -3.7965105324  -4.3647068305
  -0.4080743116  -3.2302407933  -4.6065459555
      
      
#  17  norm     0.9910997474   -0.1331213385   -0.0000000000
# nedges  14 
#  type   0  conf  1.0000
   0.3749511435   2.7915433225  -4.5923429975
   0.4500333058   3.3505364402  -4.3744057463
      
      
#  type   0  conf  1.0000
   0.4500333058   3.3505364402  -4.3744057463
   0.5161425397   3.8427253388  -3.8621316644
      
      
#  type   0  conf  1.0000
   0.5161425397   3.8427253388  -3.8621316644
   0.5182327670   3.8582872598  -3.6342858035
      
      
#  type   0  conf  1.0000
   0.5182327670   3.8582872598  -3.6342858035
   0.4665956759   3.4738447018  -2.9992964362
      
      
#  type   0  conf  1.0000
   0.4665956759   3.4738447018  -2.9992964362
   0.3738702001   2.7834956062  -2.4714665977
      
      
#  type   0  conf  1.0000
   0.3738702001   2.7834956062  -2.4714665977
   0.0827054952   0.6157494832  -1.1589172261
      
      
#  type   0  conf  1.0000
   0.0827054952   0.6157494832  -1.1589172261
  -0.0270646584  -0.2014986956  -0.8497535668
      
      
#  type   0  conf  1.0000
  -0.0270646584  -0.2014986956  -0.8497535668
  -0.1386995916  -1.0326303185  -1.1332900345
      
      
#  type   0  conf  1.0000
  -0.1386995916  -1.0326303185  -1.1332900345
  -0.4344013130  -3.2341549174  -2.4166419778
      
      
#  type   0  conf  1.0000
  -0.4344013130  -3.2341549174  -2.4166419778
  -0.5313342882  -3.9558292055  -2.9657896093
      
      
#  type   0  conf  1.0000
  -0.5313342882  -3.9558292055  -2.9657896093
  -0.5826431364  -4.3378279669  -3.5848507553
      
      
#  type   0  conf  1.0000
  -0.5826431364  -4.3378279669  -3.5848507553
  -0.5804150774  -4.3212398776  -3.8128277539
      
      
#  type   0  conf  1.0000
  -0.5804150774  -4.3212398776  -3.8128277539
  -0.5097627558  -3.7952273023  -4.3647925598
      
      
#  type   0  conf  1.0000
  -0.5097627558  -3.7952273023  -4.3647925598
  -0.4335013180  -3.2274543776  -4.6081104099
      
      
#  18  norm     0.9900236577   -0.1409012319    0.0000000000
# nedges  14 
#  type   0  conf  1.0000
   0.3968645032   2.7885153429  -4.5928650867
   0.4762909938   3.3465949540  -4.3744048562
      
      
#  type   0  conf  1.0000
   0.4762909938   3.3465949540  -4.3744048562
   0.5462332098   3.8380345785  -3.8625637676
      
      
#  type   0  conf  1.0000
   0.5462332098   3.8380345785  -3.8625637676
   0.5484523866   3.8536273273  -3.6344738035
      
      
#  type   0  conf  1.0000
   0.5484523866   3.8536273273  -3.6344738035
   0.4937821471   3.4694942026  -2.9990852703
      
      
#  type   0  conf  1.0000
   0.4937821471   3.4694942026  -2.9990852703
   0.3946767761   2.7731435709  -2.4710727508
      
      
#  type   0  conf  1.0000
   0.3946767761   2.7731435709  -2.4710727508
   0.0867115180   0.6092668815  -1.1583600589
      
      
#  type   0  conf  1.0000
   0.0867115180   0.6092668815  -1.1583600589
  -0.0287908572  -0.2022951067  -0.8496313297
      
      
#  type   0  conf  1.0000
  -0.0287908572  -0.2022951067  -0.8496313297
  -0.1465083309  -1.0294211888  -1.1332611001
      
      
#  type   0  conf  1.0000
  -0.1465083309  -1.0294211888  -1.1332611001
  -0.4592230337  -3.2266692153  -2.4166996043
      
      
#  type   0  conf  1.0000
  -0.4592230337  -3.2266692153  -2.4166996043
  -0.5627748812  -3.9542624197  -2.9661749060
      
      
#  type   0  conf  1.0000
  -0.5627748812  -3.9542624197  -2.9661749060
  -0.6169390092  -4.3348394198  -3.5836107820
      
      
#  type   0  conf  1.0000
  -0.6169390092  -4.3348394198  -3.5836107820
  -0.6146662317  -4.3188700525  -3.8132994640
      
      
#  type   0  conf  1.0000
  -0.6146662317  -4.3188700525  -3.8132994640
  -0.5397816739  -3.7927037246  -4.3653131163
      
      
#  type   0  conf  1.0000
  -0.5397816739  -3.7927037246  -4.3653131163
  -0.4601458173  -3.2331530310  -4.6060236101
      
      
#  19  norm     0.9888864987   -0.1486724339   -0.0000000000
# nedges  14 
#  type   0  conf  1.0000
   0.4195772869   2.7907951953  -4.5911412943
   0.5024688256   3.3421436955  -4.3745815848
      
      
#  type   0  conf  1.0000
   0.5024688256   3.3421436955  -4.3745815848
   0.5762554404   3.8329312964  -3.8625181066
      
      
#  type   0  conf  1.0000
   0.5762554404   3.8329312964  -3.8625181066
   0.5785872454   3.8484411691  -3.6346387473
      
      
#  type   0  conf  1.0000
   0.5785872454   3.8484411691  -3.6346387473
   0.5209161557   3.4648450949  -2.9991896638
      
      
#  type   0  conf  1.0000
   0.5209161557   3.4648450949  -2.9991896638
   0.4156885920   2.7649297558  -2.4725829656
      
      
#  type   0  conf  1.0000
   0.4156885920   2.7649297558  -2.4725829656
   0.0907632147   0.6037065191  -1.1582016221
      
      
#  type   0  conf  1.0000
   0.0907632147   0.6037065191  -1.1582016221
  -0.0306175078  -0.2036506654  -0.8496542366
      
      
#  type   0  conf  1.0000
  -0.0306175078  -0.2036506654  -0.8496542366
  -0.1542684005  -1.0261077622  -1.1333579554
      
      
#  type   0  conf  1.0000
  -0.1542684005  -1.0261077622  -1.1333579554
  -0.4838061286  -3.2180097951  -2.4164582055
      
      
#  type   0  conf  1.0000
  -0.4838061286  -3.2180097951  -2.4164582055
  -0.5941545543  -3.9519862660  -2.9661792235
      
      
#  type   0  conf  1.0000
  -0.5941545543  -3.9519862660  -2.9661792235
  -0.6512607884  -4.3318252345  -3.5830958304
      
      
#  type   0  conf  1.0000
  -0.6512607884  -4.3318252345  -3.5830958304
  -0.6489524650  -4.3164715486  -3.8130287441
      
      
#  type   0  conf  1.0000
  -0.6489524650  -4.3164715486  -3.8130287441
  -0.5697338506  -3.7895533015  -4.3660894972
      
      
#  type   0  conf  1.0000
  -0.5697338506  -3.7895533015  -4.3660894972
  -0.4860010633  -3.2326092826  -4.6068381612
      
      
#  20  norm     0.9876883406   -0.1564344650    0.0000000000
# nedges  14 
#  type   0  conf  1.0000
   0.4413362270   2.7864872718  -4.5921548740
   0.5286237076   3.3375987348  -4.3743805419
      
      
#  type   0  conf  1.0000
   0.5286237076   3.3375987348  -4.3743805419
   0.6061664840   3.8271845564  -3.8625080899
      
      
#  type   0  conf  1.0000
   0.6061664840   3.8271845564  -3.8625080899
   0.6085464757   3.8422112329  -3.6325327574
      
      
#  type   0  conf  1.0000
   0.6085464757   3.8422112329  -3.6325327574
   0.5478892065   3.4592363073  -2.9990079240
      
      
#  type   0  conf  1.0000
   0.5478892065   3.4592363073  -2.9990079240
   0.4362223211   2.7541993408  -2.4726905818
      
      
#  type   0  conf  1.0000
   0.4362223211   2.7541993408  -2.4726905818
   0.0946451498   0.5975659582  -1.1579853323
      
      
#  type   0  conf  1.0000
   0.0946451498   0.5975659582  -1.1579853323
  -0.0324226363  -0.2047084690  -0.8496274958
      
      
#  type   0  conf  1.0000
  -0.0324226363  -0.2047084690  -0.8496274958
  -0.1618973322  -1.0221795262  -1.1330243789
      
      
#  type   0  conf  1.0000
  -0.1618973322  -1.0221795262  -1.1330243789
  -0.5082879409  -3.2092037564  -2.4162821541
      
      
#  type   0  conf  1.0000
  -0.5082879409  -3.2092037564  -2.4162821541
  -0.6255059836  -3.9492893513  -2.9661407345
      
      
#  type   0  conf  1.0000
  -0.6255059836  -3.9492893513  -2.9661407345
  -0.6857097896  -4.3294012226  -3.5846134517
      
      
#  type   0  conf  1.0000
  -0.6857097896  -4.3294012226  -3.5846134517
  -0.6829195449  -4.3117843113  -3.8144559886
      
      
#  type   0  conf  1.0000
  -0.6829195449  -4.3117843113  -3.8144559886
  -0.5999112780  -3.7876907400  -4.3657675932
      
      
#  type   0  conf  1.0000
  -0.5999112780  -3.7876907400  -4.3657675932
  -0.5115181055  -3.2295982131  -4.6081804226
      
      
#  21  norm     0.9864292572   -0.1641868466    0.0000000000
# nedges  15 
#  type   0  conf  1.0000
   0.4637489165   2.7861884721  -4.5909199194
   0.5506213696   3.3081153572  -4.3847130812
      
      
#  type   0  conf  1.0000
   0.5506213696   3.3081153572  -4.3847130812
   0.5559998715   3.3404292223  -4.3656739699
      
      
#  type   0  conf  1.0000
   0.5559998715   3.3404292223  -4.3656739699
   0.6360099308   3.8211270676  -3.8619040367
      
      
#  type   0  conf  1.0000
   0.6360099308   3.8211270676  -3.8619040367
   0.6385089267   3.8361409544  -3.6328204515
      
      
#  type   0  conf  1.0000
   0.6385089267   3.8361409544  -3.6328204515
   0.5748510165   3.4536862914  -2.9989294831
      
      
#  type   0  conf  1.0000
   0.5748510165   3.4536862914  -2.9989294831
   0.4565817607   2.7431284324  -2.4726249904
      
      
#  type   0  conf  1.0000
   0.4565817607   2.7431284324  -2.4726249904
   0.0984487178   0.5914767084  -1.1575891124
      
      
#  type   0  conf  1.0000
   0.0984487178   0.5914767084  -1.1575891124
  -0.0342493654  -0.2057690784  -0.8497260060
      
      
#  type   0  conf  1.0000
  -0.0342493654  -0.2057690784  -0.8497260060
  -0.1695874664  -1.0188760065  -1.1333518848
      
      
#  type   0  conf  1.0000
  -0.1695874664  -1.0188760065  -1.1333518848
  -0.5327319819  -3.2006364951  -2.4166932975
      
      
#  type   0  conf  1.0000
  -0.5327319819  -3.2006364951  -2.4166932975
  -0.6567572463  -3.9457762675  -2.9661549028
      
      
#  type   0  conf  1.0000
  -0.6567572463  -3.9457762675  -2.9661549028
  -0.7199506871  -4.3254404130  -3.5845884005
      
      
#  type   0  conf  1.0000
  -0.7199506871  -4.3254404130  -3.5845884005
  -0.7172529127  -4.3092322724  -3.8115229201
      
      
#  type   0  conf  1.0000
  -0.7172529127  -4.3092322724  -3.8115229201
  -0.6302825740  -3.7867172937  -4.3650323927
      
      
#  type   0  conf  1.0000
  -0.6302825740  -3.7867172937  -4.3650323927
  -0.5368803331  -3.2255596553  -4.6101862181
      
      
#  22  norm     0.9851093262   -0.1719291003    0.0000000000
# nedges  15 
#  type   0  conf  1.0000
   0.4857594778   2.7832763100  -4.5911696893
   0.5777176840   3.3101730743  -4.3812262478
      
      
#  type   0  conf  1.0000
   0.5777176840   3.3101730743  -4.3812262478
   0.5832801488   3.3420445602  -4.3590801984
      
      
#  type   0  conf  1.0000
   0.5832801488   3.3420445602  -4.3590801984
   0.6656942425   3.8142560250  -3.8615418403
      
      
#  type   0  conf  1.0000
   0.6656942425   3.8142560250  -3.8615418403
   0.6683069404   3.8292261091  -3.6324263626
      
      
#  type   0  conf  1.0000
   0.6683069404   3.8292261091  -3.6324263626
   0.6016743874   3.4474387953  -2.9986503009
      
      
#  type   0  conf  1.0000
   0.6016743874   3.4474387953  -2.9986503009
   0.4766113064   2.7308596518  -2.4720225574
      
      
#  type   0  conf  1.0000
   0.4766113064   2.7308596518  -2.4720225574
   0.1022074515   0.5856222912  -1.1574888812
      
      
#  type   0  conf  1.0000
   0.1022074515   0.5856222912  -1.1574888812
  -0.0360123131  -0.2063412503  -0.8495942784
      
      
#  type   0  conf  1.0000
  -0.0360123131  -0.2063412503  -0.8495942784
  -0.1771271741  -1.0148929465  -1.1331644129
      
      
#  type   0  conf  1.0000
  -0.1771271741  -1.0148929465  -1.1331644129
  -0.5571066641  -3.1920772547  -2.4171701712
      
      
#  type   0  conf  1.0000
  -0.5571066641  -3.1920772547  -2.4171701712
  -0.6881458107  -3.9428977104  -2.9673371958
      
      
#  type   0  conf  1.0000
  -0.6881458107  -3.9428977104  -2.9673371958
  -0.7541545622  -4.3211108028  -3.5845576588
      
      
#  type   0  conf  1.0000
  -0.7541545622  -4.3211108028  -3.5845576588
  -0.7512673679  -4.3045679256  -3.8119503085
      
      
#  type   0  conf  1.0000
  -0.7512673679  -4.3045679256  -3.8119503085
  -0.6603227844  -3.7834789581  -4.3649433539
      
      
#  type   0  conf  1.0000
  -0.6603227844  -3.7834789581  -4.3649433539
  -0.5642369881  -3.2329321695  -4.6065442422
      
      
#  23  norm     0.9837286289   -0.1796607486    0.0000000000
# nedges  15 
#  type   0  conf  1.0000
   0.5077537927   2.7801951527  -4.5911775318
   0.6013030381   3.2924220671  -4.3858487872
      
      
#  type   0  conf  1.0000
   0.6013030381   3.2924220671  -4.3858487872
   0.6084183998   3.3313820798  -4.3642852991
      
      
#  type   0  conf  1.0000
   0.6084183998   3.3313820798  -4.3642852991
   0.6953349249   3.8072916742  -3.8616199973
      
      
#  type   0  conf  1.0000
   0.6953349249   3.8072916742  -3.8616199973
   0.6980580872   3.8222022920  -3.6324169424
      
      
#  type   0  conf  1.0000
   0.6980580872   3.8222022920  -3.6324169424
   0.6284916091   3.4412925123  -2.9987754104
      
      
#  type   0  conf  1.0000
   0.6284916091   3.4412925123  -2.9987754104
   0.4964868505   2.7185032487  -2.4711107270
      
      
#  type   0  conf  1.0000
   0.4964868505   2.7185032487  -2.4711107270
   0.1059047277   0.5798790967  -1.1572208624
      
      
#  type   0  conf  1.0000
   0.1059047277   0.5798790967  -1.1572208624
  -0.0378569775  -0.2072850798  -0.8496846171
      
      
#  type   0  conf  1.0000
  -0.0378569775  -0.2072850798  -0.8496846171
  -0.1847096025  -1.0113735220  -1.1333014251
      
      
#  type   0  conf  1.0000
  -0.1847096025  -1.0113735220  -1.1333014251
  -0.5810007572  -3.1812573571  -2.4162931165
      
      
#  type   0  conf  1.0000
  -0.5810007572  -3.1812573571  -2.4162931165
  -0.7190561856  -3.9371769356  -2.9658989821
      
      
#  type   0  conf  1.0000
  -0.7190561856  -3.9371769356  -2.9658989821
  -0.7882846553  -4.3162359573  -3.5844848537
      
      
#  type   0  conf  1.0000
  -0.7882846553  -4.3162359573  -3.5844848537
  -0.7851771041  -4.2992206261  -3.8121516899
      
      
#  type   0  conf  1.0000
  -0.7851771041  -4.2992206261  -3.8121516899
  -0.6903636076  -3.7800713319  -4.3645147828
      
      
#  type   0  conf  1.0000
  -0.6903636076  -3.7800713319  -4.3645147828
  -0.5896809599  -3.2287856238  -4.6082889984
      
      
#  24  norm     0.9822872507   -0.1873813146    0.0000000000
# nedges  14 
#  type   0  conf  1.0000
   0.5295619661   2.7760610441  -4.5913179905
   0.6323695676   3.3149973646  -4.3744141338
      
      
#  type   0  conf  1.0000
   0.6323695676   3.3149973646  -4.3744141338
   0.7246944927   3.7989815709  -3.8637562190
      
      
#  type   0  conf  1.0000
   0.7246944927   3.7989815709  -3.8637562190
   0.7277067668   3.8147724650  -3.6326118481
      
      
#  type   0  conf  1.0000
   0.7277067668   3.8147724650  -3.6326118481
   0.6551939366   3.4346468969  -2.9990384734
      
      
#  type   0  conf  1.0000
   0.6551939366   3.4346468969  -2.9990384734
   0.5165977175   2.7081000729  -2.4719788086
      
      
#  type   0  conf  1.0000
   0.5165977175   2.7081000729  -2.4719788086
   0.1096385911   0.5747456221  -1.1574201673
      
      
#  type   0  conf  1.0000
   0.1096385911   0.5747456221  -1.1574201673
  -0.0397004399  -0.2081169941  -0.8495715895
      
      
#  type   0  conf  1.0000
  -0.0397004399  -0.2081169941  -0.8495715895
  -0.1922062868  -1.0075806409  -1.1334096270
      
      
#  type   0  conf  1.0000
  -0.1922062868  -1.0075806409  -1.1334096270
  -0.6052971675  -3.1730788731  -2.4175095658
      
      
#  type   0  conf  1.0000
  -0.6052971675  -3.1730788731  -2.4175095658
  -0.7503450284  -3.9334463879  -2.9672582905
      
      
#  type   0  conf  1.0000
  -0.7503450284  -3.9334463879  -2.9672582905
  -0.8222453969  -4.3103613193  -3.5840502421
      
      
#  type   0  conf  1.0000
  -0.8222453969  -4.3103613193  -3.5840502421
  -0.8190944205  -4.2938433227  -3.8117628438
      
      
#  type   0  conf  1.0000
  -0.8190944205  -4.2938433227  -3.8117628438
  -0.7202088802  -3.7754671666  -4.3647484021
      
      
#  type   0  conf  1.0000
  -0.7202088802  -3.7754671666  -4.3647484021
  -0.6151349928  -3.2246505597  -4.6093645124
      
      
#  25  norm     0.9807852804   -0.1950903220   -0.0000000000
# nedges  14 
#  type   0  conf  1.0000
   0.5514922095   2.7725385642  -4.5910453822
   0.6578379541   3.3071747259  -4.3752897641
      
      
#  type   0  conf  1.0000
   0.6578379541   3.3071747259  -4.3752897641
   0.7541648785   3.7914428774  -3.8631738595
      
      
#  type   0  conf  1.0000
   0.7541648785   3.7914428774  -3.8631738595
   0.7572055701   3.8067294661  -3.6323878397
      
      
#  type   0  conf  1.0000
   0.7572055701   3.8067294661  -3.6323878397
   0.6817777483   3.4275281988  -2.9992501969
      
      
#  type   0  conf  1.0000
   0.6817777483   3.4275281988  -2.9992501969
   0.5363893798   2.6966115124  -2.4721961245
      
      
#  type   0  conf  1.0000
   0.5363893798   2.6966115124  -2.4721961245
   0.1133498949   0.5698484032  -1.1576943302
      
      
#  type   0  conf  1.0000
   0.1133498949   0.5698484032  -1.1576943302
  -0.0415273025  -0.2087718480  -0.8495993503
      
      
#  type   0  conf  1.0000
  -0.0415273025  -0.2087718480  -0.8495993503
  -0.1995987625  -1.0034507412  -1.1333737142
      
      
#  type   0  conf  1.0000
  -0.1995987625  -1.0034507412  -1.1333737142
  -0.6291948317  -3.1631760258  -2.4177047823
      
      
#  type   0  conf  1.0000
  -0.6291948317  -3.1631760258  -2.4177047823
  -0.7813354378  -3.9280385030  -2.9672583426
      
      
#  type   0  conf  1.0000
  -0.7813354378  -3.9280385030  -2.9672583426
  -0.8563195256  -4.3050089687  -3.5853056381
      
      
#  type   0  conf  1.0000
  -0.8563195256  -4.3050089687  -3.5853056381
  -0.8526471803  -4.2865468424  -3.8137311751
      
      
#  type   0  conf  1.0000
  -0.8526471803  -4.2865468424  -3.8137311751
  -0.7498001623  -3.7694999669  -4.3655886615
      
      
#  type   0  conf  1.0000
  -0.7498001623  -3.7694999669  -4.3655886615
  -0.6404684952  -3.2198525593  -4.6104880228
      
      
#  26  norm     0.9792228106   -0.2027872954    0.0000000000
# nedges  14 
#  type   0  conf  1.0000
   0.5732817571   2.7682728964  -4.5913098385
   0.6837957382   3.3019247260  -4.3737733914
      
      
#  type   0  conf  1.0000
   0.6837957382   3.3019247260  -4.3737733914
   0.7833326208   3.7825701520  -3.8642342826
      
      
#  type   0  conf  1.0000
   0.7833326208   3.7825701520  -3.8642342826
   0.7866670546   3.7986715235  -3.6340758953
      
      
#  type   0  conf  1.0000
   0.7866670546   3.7986715235  -3.6340758953
   0.7082070034   3.4198022672  -2.9987128891
      
      
#  type   0  conf  1.0000
   0.7082070034   3.4198022672  -2.9987128891
   0.5556209368   2.6829920208  -2.4713177734
      
      
#  type   0  conf  1.0000
   0.5556209368   2.6829920208  -2.4713177734
   0.1168170308   0.5640881053  -1.1574977493
      
      
#  type   0  conf  1.0000
   0.1168170308   0.5640881053  -1.1574977493
  -0.0433420018  -0.2092906103  -0.8495694204
      
      
#  type   0  conf  1.0000
  -0.0433420018  -0.2092906103  -0.8495694204
  -0.2069274643  -0.9992149304  -1.1332339852
      
      
#  type   0  conf  1.0000
  -0.2069274643  -0.9992149304  -1.1332339852
  -0.6527004581  -3.1517712978  -2.4172605762
      
      
#  type   0  conf  1.0000
  -0.6527004581  -3.1517712978  -2.4172605762
  -0.8121378628  -3.9216654043  -2.9664829978
      
      
#  type   0  conf  1.0000
  -0.8121378628  -3.9216654043  -2.9664829978
  -0.8900107484  -4.2976993456  -3.5838959905
      
      
#  type   0  conf  1.0000
  -0.8900107484  -4.2976993456  -3.5838959905
  -0.8865819800  -4.2811424493  -3.8123546543
      
      
#  type   0  conf  1.0000
  -0.8865819800  -4.2811424493  -3.8123546543
  -0.7796180687  -3.7646332582  -4.3651291635
      
      
#  type   0  conf  1.0000
  -0.7796180687  -3.7646332582  -4.3651291635
  -0.6681845389  -3.2265410960  -4.6069262858
      
      
#  27  norm     0.9775999378   -0.2104717598    0.0000000000
# nedges  14 
#  type   0  conf  1.0000
   0.5950047531   2.7636800778  -4.5913306970
   0.7092649839   3.2943963823  -4.3738536755
      
      
#  type   0  conf  1.0000
   0.7092649839   3.2943963823  -4.3738536755
   0.8123445727   3.7731808029  -3.8644558647
      
      
#  type   0  conf  1.0000
   0.8123445727   3.7731808029  -3.8644558647
   0.8158974055   3.7896830125  -3.6333294337
      
      
#  type   0  conf  1.0000
   0.8158974055   3.7896830125  -3.6333294337
   0.7344636849   3.4114393933  -2.9986554295
      
      
#  type   0  conf  1.0000
   0.7344636849   3.4114393933  -2.9986554295
   0.5747613938   2.6696536548  -2.4710018590
      
      
#  type   0  conf  1.0000
   0.5747613938   2.6696536548  -2.4710018590
   0.1201967737   0.5582903788  -1.1575216070
      
      
#  type   0  conf  1.0000
   0.1201967737   0.5582903788  -1.1575216070
  -0.0452127110  -0.2100041519  -0.8495126528
      
      
#  type   0  conf  1.0000
  -0.0452127110  -0.2100041519  -0.8495126528
  -0.2141393594  -0.9946352166  -1.1332046147
      
      
#  type   0  conf  1.0000
  -0.2141393594  -0.9946352166  -1.1332046147
  -0.6761628780  -3.1406436095  -2.4174110463
      
      
#  type   0  conf  1.0000
  -0.6761628780  -3.1406436095  -2.4174110463
  -0.8430554371  -3.9158267290  -2.9671920380
      
      
#  type   0  conf  1.0000
  -0.8430554371  -3.9158267290  -2.9671920380
  -0.9238757782  -4.2912213212  -3.5849308925
      
      
#  type   0  conf  1.0000
  -0.9238757782  -4.2912213212  -3.5849308925
  -0.9198953968  -4.2727332322  -3.8138064720
      
      
#  type   0  conf  1.0000
  -0.9198953968  -4.2727332322  -3.8138064720
  -0.8090154961  -3.7577178969  -4.3661815466
      
      
#  type   0  conf  1.0000
  -0.8090154961  -3.7577178969  -4.3661815466
  -0.6934823842  -3.2210893100  -4.6077048256
      
      
#  28  norm     0.9759167619   -0.2181432414    0.0000000000
# nedges  15 
#  type   0  conf  1.0000
   0.6166900436   2.7589126604  -4.5912477435
   0.7330130094   3.2793116947  -4.3766026371
      
      
#  type   0  conf  1.0000
   0.7330130094   3.2793116947  -4.3766026371
   0.7414138452   3.3168948736  -4.3418513264
      
      
#  type   0  conf  1.0000
   0.7414138452   3.3168948736  -4.3418513264
   0.8413348383   3.7639156999  -3.8626011607
      
      
#  type   0  conf  1.0000
   0.8413348383   3.7639156999  -3.8626011607
   0.8449201538   3.7799554792  -3.6328892956
      
      
#  type   0  conf  1.0000
   0.8449201538   3.7799554792  -3.6328892956
   0.7606958543   3.4031576235  -2.9989496139
      
      
#  type   0  conf  1.0000
   0.7606958543   3.4031576235  -2.9989496139
   0.5939816488   2.6573211419  -2.4716605984
      
      
#  type   0  conf  1.0000
   0.5939816488   2.6573211419  -2.4716605984
   0.1234353729   0.5522181143  -1.1573870476
      
      
#  type   0  conf  1.0000
   0.1234353729   0.5522181143  -1.1573870476
  -0.0471391147  -0.2108882765  -0.8496301119
      
      
#  type   0  conf  1.0000
  -0.0471391147  -0.2108882765  -0.8496301119
  -0.2212708290  -0.9899087845  -1.1330141338
      
      
#  type   0  conf  1.0000
  -0.2212708290  -0.9899087845  -1.1330141338
  -0.6996993507  -3.1302749529  -2.4181637325
      
      
#  type   0  conf  1.0000
  -0.6996993507  -3.1302749529  -2.4181637325
  -0.8737599272  -3.9089772089  -2.9670833286
      
      
#  type   0  conf  1.0000
  -0.8737599272  -3.9089772089  -2.9670833286
  -0.9574385289  -4.2833337531  -3.5842259721
      
      
#  type   0  conf  1.0000
  -0.9574385289  -4.2833337531  -3.5842259721
  -0.9535585276  -4.2659756253  -3.8119210516
      
      
#  type   0  conf  1.0000
  -0.9535585276  -4.2659756253  -3.8119210516
  -0.8388627153  -3.7528560574  -4.3655716978
      
      
#  type   0  conf  1.0000
  -0.8388627153  -3.7528560574  -4.3655716978
  -0.7189095923  -3.2162166334  -4.6089927704
      
      
#  29  norm     0.9741733870   -0.2258012669    0.0000000000
# nedges  14 
#  type   0  conf  1.0000
   0.6383281106   2.7539360880  -4.5911984191
   0.7600125499   3.2789187153  -4.3731568965
      
      
#  type   0  conf  1.0000
   0.7600125499   3.2789187153  -4.3731568965
   0.8700520821   3.7536617726  -3.8643678833
      
      
#  type   0  conf  1.0000
   0.8700520821   3.7536617726  -3.8643678833
   0.8738054670   3.7698549842  -3.6327910436
      
      
#  type   0  conf  1.0000
   0.8738054670   3.7698549842  -3.6327910436
   0.7868299620   3.3946169554  -2.9995725128
      
      
#  type   0  conf  1.0000
   0.7868299620   3.3946169554  -2.9995725128
   0.6130824995   2.6450190619  -2.4724453426
      
      
#  type   0  conf  1.0000
   0.6130824995   2.6450190619  -2.4724453426
   0.1264709612   0.5456330972  -1.1570407200
      
      
#  type   0  conf  1.0000
   0.1264709612   0.5456330972  -1.1570407200
  -0.0489897804  -0.2113563886  -0.8497146230
      
      
#  type   0  conf  1.0000
  -0.0489897804  -0.2113563886  -0.8497146230
  -0.2282454795  -0.9847184426  -1.1327373453
      
      
#  type   0  conf  1.0000
  -0.2282454795  -0.9847184426  -1.1327373453
  -0.7226079381  -3.1175441676  -2.4178558965
      
      
#  type   0  conf  1.0000
  -0.7226079381  -3.1175441676  -2.4178558965
  -0.9043195248  -3.9015016461  -2.9669176032
      
      
#  type   0  conf  1.0000
  -0.9043195248  -3.9015016461  -2.9669176032
  -0.9908745957  -4.2749257978  -3.5838302548
      
      
#  type   0  conf  1.0000
  -0.9908745957  -4.2749257978  -3.5838302548
  -0.9869727288  -4.2580919914  -3.8114179228
      
      
#  type   0  conf  1.0000
  -0.9869727288  -4.2580919914  -3.8114179228
  -0.8682876857  -3.7460496452  -4.3656622975
      
      
#  type   0  conf  1.0000
  -0.8682876857  -3.7460496452  -4.3656622975
  -0.7442008584  -3.2107024058  -4.6099822467
      
      
#  30  norm     0.9723699204   -0.2334453639    0.0000000000
# nedges  14 
#  type   0  conf  1.0000
   0.6598925963   2.7486504796  -4.5909666256
   0.7850205446   3.2698458938  -4.3734781157
      
      
#  type   0  conf  1.0000
   0.7850205446   3.2698458938  -4.3734781157
   0.8986560899   3.7431720048  -3.8646810737
      
      
#  type   0  conf  1.0000
   0.8986560899   3.7431720048  -3.8646810737
   0.9025820449   3.7595247842  -3.6341929802
      
      
#  type   0  conf  1.0000
   0.9025820449   3.7595247842  -3.6341929802
   0.8128127916   3.3856089341  -2.9996335334
      
      
#  type   0  conf  1.0000
   0.8128127916   3.3856089341  -2.9996335334
   0.6313887959   2.6299236066  -2.4717283453
      
      
#  type   0  conf  1.0000
   0.6313887959   2.6299236066  -2.4717283453
   0.1295967074   0.5398091353  -1.1570705944
      
      
#  type   0  conf  1.0000
   0.1295967074   0.5398091353  -1.1570705944
  -0.0508941399  -0.2119893490  -0.8497366130
      
      
#  type   0  conf  1.0000
  -0.0508941399  -0.2119893490  -0.8497366130
  -0.2353661855  -0.9803707184  -1.1329369860
      
      
#  type   0  conf  1.0000
  -0.2353661855  -0.9803707184  -1.1329369860
  -0.7448923193  -3.1026998064  -2.4164048829
      
      
#  type   0  conf  1.0000
  -0.7448923193  -3.1026998064  -2.4164048829
  -0.9347369794  -3.8934597253  -2.9665424428
      
      
#  type   0  conf  1.0000
  -0.9347369794  -3.8934597253  -2.9665424428
  -1.0242644960  -4.2663686696  -3.5840359428
      
      
#  type   0  conf  1.0000
  -1.0242644960  -4.2663686696  -3.5840359428
  -1.0201512951  -4.2492359548  -3.8113621405
      
      
#  type   0  conf  1.0000
  -1.0201512951  -4.2492359548  -3.8113621405
  -0.8977059907  -3.7392145569  -4.3655698071
      
      
#  type   0  conf  1.0000
  -0.8977059907  -3.7392145569  -4.3655698071
  -0.7694539157  -3.2050062181  -4.6109423143
      
      
#  31  norm     0.9705064735   -0.2410750608   -0.0000000000
# nedges  14 
#  type   0  conf  1.0000
   0.6812810918   2.7426632499  -4.5911321063
   0.8102236573   3.2617530062  -4.3728884752
      
      
#  type   0  conf  1.0000
   0.8102236573   3.2617530062  -4.3728884752
   0.9272797654   3.7329909279  -3.8638213563
      
      
#  type   0  conf  1.0000
   0.9272797654   3.7329909279  -3.8638213563
   0.9311152390   3.7484315626  -3.6318650960
      
      
#  type   0  conf  1.0000
   0.9311152390   3.7484315626  -3.6318650960
   0.8383785114   3.3750972402  -2.9986271034
      
      
#  type   0  conf  1.0000
   0.8383785114   3.3750972402  -2.9986271034
   0.6495222416   2.6148102503  -2.4706434970
      
      
#  type   0  conf  1.0000
   0.6495222416   2.6148102503  -2.4706434970
   0.1327250303   0.5343169910  -1.1570922210
      
      
#  type   0  conf  1.0000
   0.1327250303   0.5343169910  -1.1570922210
  -0.0528309724  -0.2126839689  -0.8497432188
      
      
#  type   0  conf  1.0000
  -0.0528309724  -0.2126839689  -0.8497432188
  -0.2423676496  -0.9757101050  -1.1328736336
      
      
#  type   0  conf  1.0000
  -0.2423676496  -0.9757101050  -1.1328736336
  -0.7676496592  -3.0903609897  -2.4163348446
      
      
#  type   0  conf  1.0000
  -0.7676496592  -3.0903609897  -2.4163348446
  -0.9649858893  -3.8847861291  -2.9659913854
      
      
#  type   0  conf  1.0000
  -0.9649858893  -3.8847861291  -2.9659913854
  -1.0574839113  -4.2571594836  -3.5837767057
      
      
#  type   0  conf  1.0000
  -1.0574839113  -4.2571594836  -3.5837767057
  -1.0532450414  -4.2400948789  -3.8109763894
      
      
#  type   0  conf  1.0000
  -1.0532450414  -4.2400948789  -3.8109763894
  -0.9269767493  -3.7317710625  -4.3656370028
      
      
#  type   0  conf  1.0000
  -0.9269767493  -3.7317710625  -4.3656370028
  -0.7946677006  -3.1991287073  -4.6115525199
      
      
#  32  norm     0.9685831611   -0.2486898872    0.0000000000
# nedges  15 
#  type   0  conf  1.0000
   0.7025917394   2.7364141570  -4.5911814366
   0.8348975307   3.2517111923  -4.3731635774
      
      
#  type   0  conf  1.0000
   0.8348975307   3.2517111923  -4.3731635774
   0.9554935205   3.7214015620  -3.8650193897
      
      
#  type   0  conf  1.0000
   0.9554935205   3.7214015620  -3.8650193897
   0.9595813767   3.7373227104  -3.6322162189
      
      
#  type   0  conf  1.0000
   0.9595813767   3.7373227104  -3.6322162189
   0.8640348707   3.3651936392  -2.9987563766
      
      
#  type   0  conf  1.0000
   0.8640348707   3.3651936392  -2.9987563766
   0.6678555787   2.6011257431  -2.4710309411
      
      
#  type   0  conf  1.0000
   0.6678555787   2.6011257431  -2.4710309411
   0.1357826531   0.5288385180  -1.1573152163
      
      
#  type   0  conf  1.0000
   0.1357826531   0.5288385180  -1.1573152163
  -0.0546700503  -0.2129257879  -0.8496832479
      
      
#  type   0  conf  1.0000
  -0.0546700503  -0.2129257879  -0.8496832479
  -0.2491959100  -0.9705539899  -1.1327483488
      
      
#  type   0  conf  1.0000
  -0.2491959100  -0.9705539899  -1.1327483488
  -0.7905317959  -3.0789180637  -2.4173759201
      
      
#  type   0  conf  1.0000
  -0.7905317959  -3.0789180637  -2.4173759201
  -0.9954165590  -3.8768915309  -2.9671464453
      
      
#  type   0  conf  1.0000
  -0.9954165590  -3.8768915309  -2.9671464453
  -1.0904968082  -4.2472046520  -3.5835781685
      
      
#  type   0  conf  1.0000
  -1.0904968082  -4.2472046520  -3.5835781685
  -1.0862649532  -4.2307226650  -3.8096021019
      
      
#  type   0  conf  1.0000
  -1.0862649532  -4.2307226650  -3.8096021019
  -0.9579725797  -3.7310568600  -4.3577798249
      
      
#  type   0  conf  1.0000
  -0.9579725797  -3.7310568600  -4.3577798249
  -0.9512860776  -3.7050146538  -4.3744302829
      
      
#  type   0  conf  1.0000
  -0.9512860776  -3.7050146538  -4.3744302829
  -0.8226958092  -3.2041886245  -4.6072530888
      
      
#  33  norm     0.9666001020   -0.2562893731    0.0000000000
# nedges  14 
#  type   0  conf  1.0000
   0.7236932611   2.7294224940  -4.5912997718
   0.8596507413   3.2421886406  -4.3729047662
      
      
#  type   0  conf  1.0000
   0.8596507413   3.2421886406  -4.3729047662
   0.9834382928   3.7090556760  -3.8661521412
      
      
#  type   0  conf  1.0000
   0.9834382928   3.7090556760  -3.8661521412
   0.9880099099   3.7262976145  -3.6329977382
      
      
#  type   0  conf  1.0000
   0.9880099099   3.7262976145  -3.6329977382
   0.8895825552   3.3550770292  -2.9992060476
      
      
#  type   0  conf  1.0000
   0.8895825552   3.3550770292  -2.9992060476
   0.6870016131   2.5910392661  -2.4736622661
      
      
#  type   0  conf  1.0000
   0.6870016131   2.5910392661  -2.4736622661
   0.1387249944   0.5232038773  -1.1573667507
      
      
#  type   0  conf  1.0000
   0.1387249944   0.5232038773  -1.1573667507
  -0.0565631481  -0.2133289572  -0.8497239878
      
      
#  type   0  conf  1.0000
  -0.0565631481  -0.2133289572  -0.8497239878
  -0.2560427917  -0.9656701154  -1.1326818460
      
      
#  type   0  conf  1.0000
  -0.2560427917  -0.9656701154  -1.1326818460
  -0.8121933686  -3.0632022832  -2.4157849311
      
      
#  type   0  conf  1.0000
  -0.8121933686  -3.0632022832  -2.4157849311
  -1.0251995686  -3.8665590986  -2.9656960675
      
      
#  type   0  conf  1.0000
  -1.0251995686  -3.8665590986  -2.9656960675
  -1.1234365345  -4.2370616292  -3.5834346113
      
      
#  type   0  conf  1.0000
  -1.1234365345  -4.2370616292  -3.5834346113
  -1.1190181348  -4.2203975532  -3.8114169869
      
      
#  type   0  conf  1.0000
  -1.1190181348  -4.2203975532  -3.8114169869
  -0.9848346762  -3.7143221619  -4.3660900588
      
      
#  type   0  conf  1.0000
  -0.9848346762  -3.7143221619  -4.3660900588
  -0.8478753579  -3.1977775645  -4.6080093171
      
      
#  34  norm     0.9645574185   -0.2638730500    0.0000000000
# nedges  14 
#  type   0  conf  1.0000
   0.7450314712   2.7233763835  -4.5908494971
   0.8841674376   3.2319718184  -4.3731078132
      
      
#  type   0  conf  1.0000
   0.8841674376   3.2319718184  -4.3731078132
   1.0116106991   3.6978259225  -3.8652062612
      
      
#  type   0  conf  1.0000
   1.0116106991   3.6978259225  -3.8652062612
   1.0159389476   3.7136473344  -3.6317353647
      
      
#  type   0  conf  1.0000
   1.0159389476   3.7136473344  -3.6317353647
   0.9147380402   3.3437191209  -2.9982824460
      
      
#  type   0  conf  1.0000
   0.9147380402   3.3437191209  -2.9982824460
   0.7030671379   2.5699806162  -2.4695429558
      
      
#  type   0  conf  1.0000
   0.7030671379   2.5699806162  -2.4695429558
   0.1417970997   0.5183228997  -1.1577889503
      
      
#  type   0  conf  1.0000
   0.1417970997   0.5183228997  -1.1577889503
  -0.0586424997  -0.2143608760  -0.8494774834
      
      
#  type   0  conf  1.0000
  -0.0586424997  -0.2143608760  -0.8494774834
  -0.2630906267  -0.9616973608  -1.1332681460
      
      
#  type   0  conf  1.0000
  -0.2630906267  -0.9616973608  -1.1332681460
  -0.8346662981  -3.0510261276  -2.4165799694
      
      
#  type   0  conf  1.0000
  -0.8346662981  -3.0510261276  -2.4165799694
  -1.0552214236  -3.8572398824  -2.9659490357
      
      
#  type   0  conf  1.0000
  -1.0552214236  -3.8572398824  -2.9659490357
  -1.1561392254  -4.2261332364  -3.5824966003
      
      
#  type   0  conf  1.0000
  -1.1561392254  -4.2261332364  -3.5824966003
  -1.1515200061  -4.2092482142  -3.8118924869
      
      
#  type   0  conf  1.0000
  -1.1515200061  -4.2092482142  -3.8118924869
  -1.0137836116  -3.7057687528  -4.3660039980
      
      
#  type   0  conf  1.0000
  -1.0137836116  -3.7057687528  -4.3660039980
  -0.8729792537  -3.1910747060  -4.6085478997
      
      
#  35  norm     0.9624552365   -0.2714404499    0.0000000000
# nedges  14 
#  type   0  conf  1.0000
   0.7660158955   2.7160874887  -4.5910614957
   0.9086312197   3.2217632848  -4.3726737565
      
      
#  type   0  conf  1.0000
   0.9086312197   3.2217632848  -4.3726737565
   1.0392799959   3.6850089023  -3.8654093942
      
      
#  type   0  conf  1.0000
   1.0392799959   3.6850089023  -3.8654093942
   1.0438368942   3.7011664451  -3.6322709974
      
      
#  type   0  conf  1.0000
   1.0438368942   3.7011664451  -3.6322709974
   0.9398336028   3.3323985902  -2.9982317240
      
      
#  type   0  conf  1.0000
   0.9398336028   3.3323985902  -2.9982317240
   0.7215646463   2.5584752478  -2.4720404537
      
      
#  type   0  conf  1.0000
   0.7215646463   2.5584752478  -2.4720404537
   0.1446333188   0.5128310653  -1.1580223644
      
      
#  type   0  conf  1.0000
   0.1446333188   0.5128310653  -1.1580223644
  -0.0605632044  -0.2147409246  -0.8495822952
      
      
#  type   0  conf  1.0000
  -0.0605632044  -0.2147409246  -0.8495822952
  -0.2697210215  -0.9563586033  -1.1332026618
      
      
#  type   0  conf  1.0000
  -0.2697210215  -0.9563586033  -1.1332026618
  -0.8564247419  -3.0366530777  -2.4165676076
      
      
#  type   0  conf  1.0000
  -0.8564247419  -3.0366530777  -2.4165676076
  -1.0850182095  -3.8471843748  -2.9660215379
      
      
#  type   0  conf  1.0000
  -1.0850182095  -3.8471843748  -2.9660215379
  -1.1888014018  -4.2151718169  -3.5833075691
      
      
#  type   0  conf  1.0000
  -1.1888014018  -4.2151718169  -3.5833075691
  -1.1835965688  -4.1967168712  -3.8131172504
      
      
#  type   0  conf  1.0000
  -1.1835965688  -4.1967168712  -3.8131172504
  -1.0424679178  -3.6963124206  -4.3660608942
      
      
#  type   0  conf  1.0000
  -1.0424679178  -3.6963124206  -4.3660608942
  -0.8980746435  -3.1843324890  -4.6091105349
      
      
#  36  norm     0.9602936857   -0.2789911060    0.0000000000
# nedges  14 
#  type   0  conf  1.0000
   0.7857870270   2.7046966874  -4.5928241946
   0.9328573024   3.2109158955  -4.3722945631
      
      
#  type   0  conf  1.0000
   0.9328573024   3.2109158955  -4.3722945631
   1.0667469559   3.6717671056  -3.8656105027
      
      
#  type   0  conf  1.0000
   1.0667469559   3.6717671056  -3.8656105027
   1.0715254678   3.6882148517  -3.6339487975
      
      
#  type   0  conf  1.0000
   1.0715254678   3.6882148517  -3.6339487975
   0.9648666633   3.3210928387  -2.9987646582
      
      
#  type   0  conf  1.0000
   0.9648666633   3.3210928387  -2.9987646582
   0.7396038388   2.5457331110  -2.4738302719
      
      
#  type   0  conf  1.0000
   0.7396038388   2.5457331110  -2.4738302719
   0.1473190628   0.5070755403  -1.1582343811
      
      
#  type   0  conf  1.0000
   0.1473190628   0.5070755403  -1.1582343811
  -0.0625347024  -0.2152458576  -0.8494391066
      
      
#  type   0  conf  1.0000
  -0.0625347024  -0.2152458576  -0.8494391066
  -0.2764678801  -0.9516086849  -1.1335198110
      
      
#  type   0  conf  1.0000
  -0.2764678801  -0.9516086849  -1.1335198110
  -0.8777292149  -3.0211637740  -2.4159906225
      
      
#  type   0  conf  1.0000
  -0.8777292149  -3.0211637740  -2.4159906225
  -1.1144798241  -3.8360647157  -2.9656100017
      
      
#  type   0  conf  1.0000
  -1.1144798241  -3.8360647157  -2.9656100017
  -1.2213100171  -4.2037766520  -3.5838640816
      
      
#  type   0  conf  1.0000
  -1.2213100171  -4.2037766520  -3.5838640816
  -1.2158505416  -4.1849850139  -3.8129218050
      
      
#  type   0  conf  1.0000
  -1.2158505416  -4.1849850139  -3.8129218050
  -1.0709360383  -3.6861860220  -4.3664598707
      
      
#  type   0  conf  1.0000
  -1.0709360383  -3.6861860220  -4.3664598707
  -0.9230462604  -3.1771460677  -4.6095550649
      
      
#  37  norm     0.9580728995   -0.2865245527   -0.0000000000
# nedges  14 
#  type   0  conf  1.0000
   0.8068380216   2.6978827308  -4.5918678659
   0.9560477595   3.1968061384  -4.3741430200
      
      
#  type   0  conf  1.0000
   0.9560477595   3.1968061384  -4.3741430200
   1.0939715084   3.6579917672  -3.8664979067
      
      
#  type   0  conf  1.0000
   1.0939715084   3.6579917672  -3.8664979067
   1.0988224427   3.6742121874  -3.6317113070
      
      
#  type   0  conf  1.0000
   1.0988224427   3.6742121874  -3.6317113070
   0.9892280434   3.3077534569  -2.9975773715
      
      
#  type   0  conf  1.0000
   0.9892280434   3.3077534569  -2.9975773715
   0.7565074207   2.5295886554  -2.4735008597
      
      
#  type   0  conf  1.0000
   0.7565074207   2.5295886554  -2.4735008597
   0.1499420946   0.5013722418  -1.1583329383
      
      
#  type   0  conf  1.0000
   0.1499420946   0.5013722418  -1.1583329383
  -0.0645252325  -0.2157576932  -0.8496630382
      
      
#  type   0  conf  1.0000
  -0.0645252325  -0.2157576932  -0.8496630382
  -0.2829231566  -0.9460306504  -1.1333968162
      
      
#  type   0  conf  1.0000
  -0.2829231566  -0.9460306504  -1.1333968162
  -0.8995328902  -3.0078332765  -2.4171622243
      
      
#  type   0  conf  1.0000
  -0.8995328902  -3.0078332765  -2.4171622243
  -1.1441176292  -3.8256689834  -2.9662170771
      
      
#  type   0  conf  1.0000
  -1.1441176292  -3.8256689834  -2.9662170771
  -1.2533888378  -4.1910470380  -3.5835965341
      
      
#  type   0  conf  1.0000
  -1.2533888378  -4.1910470380  -3.5835965341
  -1.2482283603  -4.1737915756  -3.8104382440
      
      
#  type   0  conf  1.0000
  -1.2482283603  -4.1737915756  -3.8104382440
  -1.0995443939  -3.6766262282  -4.3659946583
      
      
#  type   0  conf  1.0000
  -1.0995443939  -3.6766262282  -4.3659946583
  -0.9480005819  -3.1698982078  -4.6099396176
      
      
#  38  norm     0.9557930148   -0.2940403252    0.0000000000
# nedges  14 
#  type   0  conf  1.0000
   0.8281102523   2.6918144441  -4.5912065163
   0.9805767878   3.1874146632  -4.3722915282
      
      
#  type   0  conf  1.0000
   0.9805767878   3.1874146632  -4.3722915282
   1.1209385076   3.6436675641  -3.8664605991
      
      
#  type   0  conf  1.0000
   1.1209385076   3.6436675641  -3.8664605991
   1.1261553987   3.6606253336  -3.6323981111
      
      
#  type   0  conf  1.0000
   1.1261553987   3.6606253336  -3.6323981111
   1.0136257353   3.2948419461  -2.9970708711
      
      
#  type   0  conf  1.0000
   1.0136257353   3.2948419461  -2.9970708711
   0.7706148347   2.5049226683  -2.4674527978
      
      
#  type   0  conf  1.0000
   0.7706148347   2.5049226683  -2.4674527978
   0.1526823082   0.4963015991  -1.1590359863
      
      
#  type   0  conf  1.0000
   0.1526823082   0.4963015991  -1.1590359863
  -0.0664785903  -0.2160920351  -0.8495116548
      
      
#  type   0  conf  1.0000
  -0.0664785903  -0.2160920351  -0.8495116548
  -0.2894347439  -0.9408223387  -1.1334926870
      
      
#  type   0  conf  1.0000
  -0.2894347439  -0.9408223387  -1.1334926870
  -0.9212611710  -2.9946062376  -2.4185342723
      
      
#  type   0  conf  1.0000
  -0.9212611710  -2.9946062376  -2.4185342723
  -1.1733773030  -3.8141225326  -2.9663259575
      
      
#  type   0  conf  1.0000
  -1.1733773030  -3.8141225326  -2.9663259575
  -1.2853070187  -4.1779557594  -3.5834092721
      
      
#  type   0  conf  1.0000
  -1.2853070187  -4.1779557594  -3.5834092721
  -1.2800926528  -4.1610061982  -3.8110947329
      
      
#  type   0  conf  1.0000
  -1.2800926528  -4.1610061982  -3.8110947329
  -1.1276244997  -3.6654007212  -4.3663250738
      
      
#  type   0  conf  1.0000
  -1.1276244997  -3.6654007212  -4.3663250738
  -0.9729718495  -3.1626944252  -4.6100135414
      
      
#  39  norm     0.9534541723   -0.3015379599    0.0000000000
# nedges  14 
#  type   0  conf  1.0000
   0.8487098034   2.6835954695  -4.5911248371
   1.0044055773   3.1759009332  -4.3720347351
      
      
#  type   0  conf  1.0000
   1.0044055773   3.1759009332  -4.3720347351
   1.1478978106   3.6296191601  -3.8665985720
      
      
#  type   0  conf  1.0000
   1.1478978106   3.6296191601  -3.8665985720
   1.1533164038   3.6467525926  -3.6331367565
      
      
#  type   0  conf  1.0000
   1.1533164038   3.6467525926  -3.6331367565
   1.0381553556   3.2826167408  -2.9975413871
      
      
#  type   0  conf  1.0000
   1.0381553556   3.2826167408  -2.9975413871
   0.7904848035   2.4994897300  -2.4732667654
      
      
#  type   0  conf  1.0000
   0.7904848035   2.4994897300  -2.4732667654
   0.1552402169   0.4908650059  -1.1592047660
      
      
#  type   0  conf  1.0000
   0.1552402169   0.4908650059  -1.1592047660
  -0.0684050418  -0.2162947330  -0.8494861201
      
      
#  type   0  conf  1.0000
  -0.0684050418  -0.2162947330  -0.8494861201
  -0.2959863862  -0.9359002592  -1.1336937252
      
      
#  type   0  conf  1.0000
  -0.2959863862  -0.9359002592  -1.1336937252
  -0.9408030193  -2.9747915129  -2.4154812928
      
      
#  type   0  conf  1.0000
  -0.9408030193  -2.9747915129  -2.4154812928
  -1.2019902776  -3.8006579520  -2.9646569422
      
      
#  type   0  conf  1.0000
  -1.2019902776  -3.8006579520  -2.9646569422
  -1.3170827942  -4.1645771087  -3.5817830326
      
      
#  type   0  conf  1.0000
  -1.3170827942  -4.1645771087  -3.5817830326
  -1.3116960888  -4.1475445046  -3.8114413961
      
      
#  type   0  conf  1.0000
  -1.3116960888  -4.1475445046  -3.8114413961
  -1.1554304360  -3.6534371002  -4.3670840815
      
      
#  type   0  conf  1.0000
  -1.1554304360  -3.6534371002  -4.3670840815
  -0.9977281680  -3.1547871612  -4.6102364719
      
      
#  40  norm     0.9510565163   -0.3090169944    0.0000000000
# nedges  14 
#  type   0  conf  1.0000
   0.8692028812   2.6751313981  -4.5907410960
   1.0274311086   3.1621078085  -4.3731261821
      
      
#  type   0  conf  1.0000
   1.0274311086   3.1621078085  -4.3731261821
   1.1744272309   3.6145153543  -3.8674696322
      
      
#  type   0  conf  1.0000
   1.1744272309   3.6145153543  -3.8674696322
   1.1801422382   3.6321043382  -3.6329181264
      
      
#  type   0  conf  1.0000
   1.1801422382   3.6321043382  -3.6329181264
   1.0610044814   3.2654360254  -2.9904163912
      
      
#  type   0  conf  1.0000
   1.0610044814   3.2654360254  -2.9904163912
   0.1600995574   0.4927357720  -1.1627269623
      
      
#  type   0  conf  1.0000
   0.1600995574   0.4927357720  -1.1627269623
  -0.0704138904  -0.2167116713  -0.8495193382
      
      
#  type   0  conf  1.0000
  -0.0704138904  -0.2167116713  -0.8495193382
  -0.3024840220  -0.9309500949  -1.1339911216
      
      
#  type   0  conf  1.0000
  -0.3024840220  -0.9309500949  -1.1339911216
  -0.9611173191  -2.9580149504  -2.4148358291
      
      
#  type   0  conf  1.0000
  -0.9611173191  -2.9580149504  -2.4148358291
  -1.2310314095  -3.7887251029  -2.9649988674
      
      
#  type   0  conf  1.0000
  -1.2310314095  -3.7887251029  -2.9649988674
  -1.3487804597  -4.1511194159  -3.5827699976
      
      
#  type   0  conf  1.0000
  -1.3487804597  -4.1511194159  -3.5827699976
  -1.3431433712  -4.1337702415  -3.8098713185
      
      
#  type   0  conf  1.0000
  -1.3431433712  -4.1337702415  -3.8098713185
  -1.1862775386  -3.6509868510  -4.3573837999
      
      
#  type   0  conf  1.0000
  -1.1862775386  -3.6509868510  -4.3573837999
  -1.1781639733  -3.6260158647  -4.3748569399
      
      
#  type   0  conf  1.0000
  -1.1781639733  -3.6260158647  -4.3748569399
  -1.0224761950  -3.1468581525  -4.6101504980
      
      
#  41  norm     0.9486001946   -0.3164769672    0.0000000000
# nedges  13 
#  type   0  conf  1.0000
   0.8890286734   2.6647524467  -4.5915426968
   1.0513268908   3.1512210891  -4.3718050915
      
      
#  type   0  conf  1.0000
   1.0513268908   3.1512210891  -4.3718050915
   1.2012064958   3.6004664915  -3.8657805902
      
      
#  type   0  conf  1.0000
   1.2012064958   3.6004664915  -3.8657805902
   1.2066805320   3.6168742316  -3.6321581935
      
      
#  type   0  conf  1.0000
   1.2066805320   3.6168742316  -3.6321581935
   1.0853239166   3.2531229293  -2.9925309513
      
      
#  type   0  conf  1.0000
   1.0853239166   3.2531229293  -2.9925309513
   0.1615455309   0.4842125588  -1.1617201962
      
      
#  type   0  conf  1.0000
   0.1615455309   0.4842125588  -1.1617201962
  -0.0723687025  -0.2169161500  -0.8496145681
      
      
#  type   0  conf  1.0000
  -0.0723687025  -0.2169161500  -0.8496145681
  -0.3088544050  -0.9257525161  -1.1341520967
      
      
#  type   0  conf  1.0000
  -0.3088544050  -0.9257525161  -1.1341520967
  -0.9867832763  -2.9577596634  -2.4244273537
      
      
#  type   0  conf  1.0000
  -0.9867832763  -2.9577596634  -2.4244273537
  -1.2599502927  -3.7765436882  -2.9656942536
      
      
#  type   0  conf  1.0000
  -1.2599502927  -3.7765436882  -2.9656942536
  -1.3801589898  -4.1368542487  -3.5829049484
      
      
#  type   0  conf  1.0000
  -1.3801589898  -4.1368542487  -3.5829049484
  -1.3744826082  -4.1198400037  -3.8099287701
      
      
#  type   0  conf  1.0000
  -1.3744826082  -4.1198400037  -3.8099287701
  -1.2114976602  -3.6313129720  -4.3661758170
      
      
#  type   0  conf  1.0000
  -1.2114976602  -3.6313129720  -4.3661758170
  -1.0469264155  -3.1380312138  -4.6107170780
      
      
#  42  norm     0.9460853588   -0.3239174182    0.0000000000
# nedges  13 
#  type   0  conf  1.0000
   0.9095532500   2.6565876502  -4.5907425829
   1.0737756195   3.1362419408  -4.3731057886
      
      
#  type   0  conf  1.0000
   1.0737756195   3.1362419408  -4.3731057886
   1.2273671554   3.5848461071  -3.8669784592
      
      
#  type   0  conf  1.0000
   1.2273671554   3.5848461071  -3.8669784592
   1.2330915602   3.6015657252  -3.6323501525
      
      
#  type   0  conf  1.0000
   1.2330915602   3.6015657252  -3.6323501525
   1.1094477791   3.2404317930  -2.9943959530
      
      
#  type   0  conf  1.0000
   1.1094477791   3.2404317930  -2.9943959530
   0.1631734235   0.4765905697  -1.1611579543
      
      
#  type   0  conf  1.0000
   0.1631734235   0.4765905697  -1.1611579543
  -0.0742706195  -0.2169267282  -0.8495262828
      
      
#  type   0  conf  1.0000
  -0.0742706195  -0.2169267282  -0.8495262828
  -0.3153785975  -0.9211455045  -1.1346755735
      
      
#  type   0  conf  1.0000
  -0.3153785975  -0.9211455045  -1.1346755735
  -1.0048920356  -2.9350494559  -2.4198070001
      
      
#  type   0  conf  1.0000
  -1.0048920356  -2.9350494559  -2.4198070001
  -1.2882999633  -3.7628162753  -2.9650376461
      
      
#  type   0  conf  1.0000
  -1.2882999633  -3.7628162753  -2.9650376461
  -1.4112995132  -4.1220685623  -3.5820080117
      
      
#  type   0  conf  1.0000
  -1.4112995132  -4.1220685623  -3.5820080117
  -1.4053129016  -4.1045831008  -3.8113768641
      
      
#  type   0  conf  1.0000
  -1.4053129016  -4.1045831008  -3.8113768641
  -1.2385623817  -3.6175446872  -4.3670927758
      
      
#  type   0  conf  1.0000
  -1.2385623817  -3.6175446872  -4.3670927758
  -1.0718149397  -3.1305152636  -4.6103869602
      
      
#  43  norm     0.9435121640   -0.3313378885    0.0000000000
# nedges  14 
#  type   0  conf  1.0000
   0.9287912943   2.6448103720  -4.5921162909
   1.0971645364   3.1242671667  -4.3717830798
      
      
#  type   0  conf  1.0000
   1.0971645364   3.1242671667  -4.3717830798
   1.2533054108   3.5688912785  -3.8666965382
      
      
#  type   0  conf  1.0000
   1.2533054108   3.5688912785  -3.8666965382
   1.2591786714   3.5856158759  -3.6335690683
      
      
#  type   0  conf  1.0000
   1.2591786714   3.5856158759  -3.6335690683
   1.1332891093   3.2271348893  -2.9961699235
      
      
#  type   0  conf  1.0000
   1.1332891093   3.2271348893  -2.9961699235
   0.1641039553   0.4672996461  -1.1597431239
      
      
#  type   0  conf  1.0000
   0.1641039553   0.4672996461  -1.1597431239
  -0.0764707112  -0.2177567031  -0.8496599997
      
      
#  type   0  conf  1.0000
  -0.0764707112  -0.2177567031  -0.8496599997
  -0.3215905938  -0.9157559328  -1.1350464971
      
      
#  type   0  conf  1.0000
  -0.3215905938  -0.9157559328  -1.1350464971
  -1.0249123566  -2.9185230822  -2.4194538947
      
      
#  type   0  conf  1.0000
  -1.0249123566  -2.9185230822  -2.4194538947
  -1.3163686647  -3.7484691329  -2.9644627437
      
      
#  type   0  conf  1.0000
  -1.3163686647  -3.7484691329  -2.9644627437
  -1.4422231324  -4.1068501855  -3.5823209474
      
      
#  type   0  conf  1.0000
  -1.4422231324  -4.1068501855  -3.5823209474
  -1.4361104238  -4.0894437398  -3.8097056659
      
      
#  type   0  conf  1.0000
  -1.4361104238  -4.0894437398  -3.8097056659
  -1.2719853781  -3.6220840371  -4.3478154537
      
      
#  type   0  conf  1.0000
  -1.2719853781  -3.6220840371  -4.3478154537
  -1.2633439249  -3.5974767813  -4.3706855975
      
      
#  type   0  conf  1.0000
  -1.2633439249  -3.5974767813  -4.3706855975
  -1.0963468657  -3.1219387815  -4.6102938252
      
      
#  44  norm     0.9408807690   -0.3387379202    0.0000000000
# nedges  12 
#  type   0  conf  1.0000
   0.9495077465   2.6373592246  -4.5907320054
   1.1198731524   3.1105673437  -4.3713844811
      
      
#  type   0  conf  1.0000
   1.1198731524   3.1105673437  -4.3713844811
   1.2788620020   3.5521758620  -3.8668059124
      
      
#  type   0  conf  1.0000
   1.2788620020   3.5521758620  -3.8668059124
   1.2848374676   3.5687733561  -3.6324415656
      
      
#  type   0  conf  1.0000
   1.2848374676   3.5687733561  -3.6324415656
   1.1566610254   3.2127495917  -2.9974458509
      
      
#  type   0  conf  1.0000
   1.1566610254   3.2127495917  -2.9974458509
   0.1653725521   0.4593399342  -1.1591598778
      
      
#  type   0  conf  1.0000
   0.1653725521   0.4593399342  -1.1591598778
  -0.0783688650  -0.2176778964  -0.8495717622
      
      
#  type   0  conf  1.0000
  -0.0783688650  -0.2176778964  -0.8495717622
  -0.3303082558  -0.9174664751  -1.1381716053
      
      
#  type   0  conf  1.0000
  -0.3303082558  -0.9174664751  -1.1381716053
  -1.3428739864  -3.7299759886  -2.9569194863
      
      
#  type   0  conf  1.0000
  -1.3428739864  -3.7299759886  -2.9569194863
  -1.4729827290  -4.0913669237  -3.5839858006
      
      
#  type   0  conf  1.0000
  -1.4729827290  -4.0913669237  -3.5839858006
  -1.4665708064  -4.0735571235  -3.8100454651
      
      
#  type   0  conf  1.0000
  -1.4665708064  -4.0735571235  -3.8100454651
  -1.2933428518  -3.5923979695  -4.3665586934
      
      
#  type   0  conf  1.0000
  -1.2933428518  -3.5923979695  -4.3665586934
  -1.1208595597  -3.1133071954  -4.6100139128
      
      
#  45  norm     0.9381913359   -0.3461170571    0.0000000000
# nedges  12 
#  type   0  conf  1.0000
   0.9690285853   2.6266669162  -4.5904399598
   1.1419955679   3.0955144382  -4.3721093108
      
      
#  type   0  conf  1.0000
   1.1419955679   3.0955144382  -4.3721093108
   1.3041421454   3.5350319686  -3.8672410356
      
      
#  type   0  conf  1.0000
   1.3041421454   3.5350319686  -3.8672410356
   1.3103395157   3.5518306759  -3.6328494245
      
      
#  type   0  conf  1.0000
   1.3103395157   3.5518306759  -3.6328494245
   1.1799173986   3.1983060581  -2.9986514287
      
      
#  type   0  conf  1.0000
   1.1799173986   3.1983060581  -2.9986514287
   0.1664705109   0.4512380648  -1.1583439574
      
      
#  type   0  conf  1.0000
   0.1664705109   0.4512380648  -1.1583439574
  -0.0804539914  -0.2180800862  -0.8496618437
      
      
#  type   0  conf  1.0000
  -0.0804539914  -0.2180800862  -0.8496618437
  -0.3353886384  -0.9091106846  -1.1373888120
      
      
#  type   0  conf  1.0000
  -0.3353886384  -0.9091106846  -1.1373888120
  -1.3711109405  -3.7165588307  -2.9594719029
      
      
#  type   0  conf  1.0000
  -1.3711109405  -3.7165588307  -2.9594719029
  -1.5031136106  -4.0743677249  -3.5817511791
      
      
#  type   0  conf  1.0000
  -1.5031136106  -4.0743677249  -3.5817511791
  -1.4967439744  -4.0571020703  -3.8110811273
      
      
#  type   0  conf  1.0000
  -1.4967439744  -4.0571020703  -3.8110811273
  -1.3196294243  -3.5770120750  -4.3674302536
      
      
#  type   0  conf  1.0000
  -1.3196294243  -3.5770120750  -4.3674302536
  -1.1452842942  -3.1044289208  -4.6095287976
      
      
#  46  norm     0.9354440308   -0.3534748438   -0.0000000000
# nedges  12 
#  type   0  conf  1.0000
   0.9885360815   2.6160848304  -4.5907268445
   1.1643887115   3.0814653120  -4.3710995231
      
      
#  type   0  conf  1.0000
   1.1643887115   3.0814653120  -4.3710995231
   1.3291058693   3.5173766215  -3.8677186778
      
      
#  type   0  conf  1.0000
   1.3291058693   3.5173766215  -3.8677186778
   1.3356567093   3.5347129165  -3.6329816949
      
      
#  type   0  conf  1.0000
   1.3356567093   3.5347129165  -3.6329816949
   1.2026304682   3.1826691843  -2.9991293850
      
      
#  type   0  conf  1.0000
   1.2026304682   3.1826691843  -2.9991293850
   0.1677728452   0.4439979515  -1.1582098745
      
      
#  type   0  conf  1.0000
   0.1677728452   0.4439979515  -1.1582098745
  -0.0822587008  -0.2176913350  -0.8496394507
      
      
#  type   0  conf  1.0000
  -0.0822587008  -0.2176913350  -0.8496394507
  -0.3400689695  -0.8999664140  -1.1361441823
      
      
#  type   0  conf  1.0000
  -0.3400689695  -0.8999664140  -1.1361441823
  -1.3988793034  -3.7020266568  -2.9611353303
      
      
#  type   0  conf  1.0000
  -1.3988793034  -3.7020266568  -2.9611353303
  -1.5333264322  -4.0578306590  -3.5825414329
      
      
#  type   0  conf  1.0000
  -1.5333264322  -4.0578306590  -3.5825414329
  -1.5266862909  -4.0402580351  -3.8100540758
      
      
#  type   0  conf  1.0000
  -1.5266862909  -4.0402580351  -3.8100540758
  -1.3467176901  -3.5639849528  -4.3668458958
      
      
#  type   0  conf  1.0000
  -1.3467176901  -3.5639849528  -4.3668458958
  -1.1695847010  -3.0952160990  -4.6092540618
      
      
#  47  norm     0.9326390231   -0.3608108265    0.0000000000
# nedges  12 
#  type   0  conf  1.0000
   1.0078604710   2.6051602008  -4.5904228840
   1.1859825257   3.0655775909  -4.3720707370
      
      
#  type   0  conf  1.0000
   1.1859825257   3.0655775909  -4.3720707370
   1.3542497760   3.5005218676  -3.8676355099
      
      
#  type   0  conf  1.0000
   1.3542497760   3.5005218676  -3.8676355099
   1.3605603286   3.5168336498  -3.6316199051
      
      
#  type   0  conf  1.0000
   1.3605603286   3.5168336498  -3.6316199051
   1.2254903751   3.1676991443  -2.9996763578
      
      
#  type   0  conf  1.0000
   1.2254903751   3.1676991443  -2.9996763578
   0.1691190029   0.4371459227  -1.1577758032
      
      
#  type   0  conf  1.0000
   0.1691190029   0.4371459227  -1.1577758032
  -0.0843606069  -0.2180588502  -0.8494921063
      
      
#  type   0  conf  1.0000
  -0.0843606069  -0.2180588502  -0.8494921063
  -0.3453107573  -0.8925737914  -1.1357296706
      
      
#  type   0  conf  1.0000
  -0.3453107573  -0.8925737914  -1.1357296706
  -1.4269487657  -3.6884372787  -2.9632895363
      
      
#  type   0  conf  1.0000
  -1.4269487657  -3.6884372787  -2.9632895363
  -1.5633506577  -4.0410146348  -3.5831373963
      
      
#  type   0  conf  1.0000
  -1.5633506577  -4.0410146348  -3.5831373963
  -1.5563793706  -4.0229949582  -3.8112723317
      
      
#  type   0  conf  1.0000
  -1.5563793706  -4.0229949582  -3.8112723317
  -1.3730190813  -3.5490375585  -4.3671352254
      
      
#  type   0  conf  1.0000
  -1.3730190813  -3.5490375585  -4.3671352254
  -1.1938914627  -3.0860209445  -4.6087062790
      
      
#  48  norm     0.9297764859   -0.3681245527   -0.0000000000
# nedges  13 
#  type   0  conf  1.0000
   1.0270911148   2.5941360347  -4.5906484491
   1.2081375232   3.0514070648  -4.3710116753
      
      
#  type   0  conf  1.0000
   1.2081375232   3.0514070648  -4.3710116753
   1.3787490900   3.4823226934  -3.8682129727
      
      
#  type   0  conf  1.0000
   1.3787490900   3.4823226934  -3.8682129727
   1.3856095872   3.4996503315  -3.6342191589
      
      
#  type   0  conf  1.0000
   1.3856095872   3.4996503315  -3.6342191589
   1.2478166849   3.1516251873  -2.9998787743
      
      
#  type   0  conf  1.0000
   1.2478166849   3.1516251873  -2.9998787743
   0.1701555119   0.4297637655  -1.1571915699
      
      
#  type   0  conf  1.0000
   0.1701555119   0.4297637655  -1.1571915699
  -0.0864190633  -0.2182696383  -0.8496446927
      
      
#  type   0  conf  1.0000
  -0.0864190633  -0.2182696383  -0.8496446927
  -0.3501001262  -0.8842519812  -1.1349189271
      
      
#  type   0  conf  1.0000
  -0.3501001262  -0.8842519812  -1.1349189271
  -1.4543311643  -3.6732212220  -2.9647557539
      
      
#  type   0  conf  1.0000
  -1.4543311643  -3.6732212220  -2.9647557539
  -1.5928258643  -4.0230189048  -3.5823441838
      
      
#  type   0  conf  1.0000
  -1.5928258643  -4.0230189048  -3.5823441838
  -1.5861181074  -4.0060770448  -3.8087841321
      
      
#  type   0  conf  1.0000
  -1.5861181074  -4.0060770448  -3.8087841321
  -1.4037647742  -3.5455050994  -4.3543096209
      
      
#  type   0  conf  1.0000
  -1.4037647742  -3.5455050994  -4.3543096209
  -1.3941138001  -3.5211295214  -4.3737779021
      
      
#  type   0  conf  1.0000
  -1.3941138001  -3.5211295214  -4.3737779021
  -1.2138462223  -3.0658255929  -4.6134562072
      
      
#  49  norm     0.9268565956   -0.3754155712   -0.0000000000
# nedges  12 
#  type   0  conf  1.0000
   1.0457092781   2.5817323943  -4.5909653302
   1.2294506585   3.0353681072  -4.3715831906
      
      
#  type   0  conf  1.0000
   1.2294506585   3.0353681072  -4.3715831906
   1.4031572835   3.4642291972  -3.8681505036
      
      
#  type   0  conf  1.0000
   1.4031572835   3.4642291972  -3.8681505036
   1.4101516801   3.4814975343  -3.6327855377
      
      
#  type   0  conf  1.0000
   1.4101516801   3.4814975343  -3.6327855377
   1.2700319788   3.1355585822  -3.0002189246
      
      
#  type   0  conf  1.0000
   1.2700319788   3.1355585822  -3.0002189246
   0.1721211006   0.4249466179  -1.1581148170
      
      
#  type   0  conf  1.0000
   0.1721211006   0.4249466179  -1.1581148170
  -0.0882947884  -0.2179893783  -0.8494840855
      
      
#  type   0  conf  1.0000
  -0.0882947884  -0.2179893783  -0.8494840855
  -0.3550959477  -0.8766898510  -1.1344219906
      
      
#  type   0  conf  1.0000
  -0.3550959477  -0.8766898510  -1.1344219906
  -1.4814489881  -3.6575221459  -2.9657055378
      
      
#  type   0  conf  1.0000
  -1.4814489881  -3.6575221459  -2.9657055378
  -1.6225900070  -4.0059826104  -3.5837655940
      
      
#  type   0  conf  1.0000
  -1.6225900070  -4.0059826104  -3.5837655940
  -1.6146386582  -3.9863516717  -3.8122256091
      
      
#  type   0  conf  1.0000
  -1.6146386582  -3.9863516717  -3.8122256091
  -1.4254542456  -3.5192777566  -4.3668656849
      
      
#  type   0  conf  1.0000
  -1.4254542456  -3.5192777566  -4.3668656849
  -1.2378497435  -3.0561044535  -4.6129378011
      
      
#  50  norm     0.9238795325   -0.3826834324    0.0000000000
# nedges  13 
#  type   0  conf  1.0000
   1.0646269057   2.5702367146  -4.5908706309
   1.2507253594   3.0195181254  -4.3715649082
      
      
#  type   0  conf  1.0000
   1.2507253594   3.0195181254  -4.3715649082
   1.4273507091   3.4459294403  -3.8683271389
      
      
#  type   0  conf  1.0000
   1.4273507091   3.4459294403  -3.8683271389
   1.4343320816   3.4627839644  -3.6324943883
      
      
#  type   0  conf  1.0000
   1.4343320816   3.4627839644  -3.6324943883
   1.2919539556   3.1190527616  -3.0002843524
      
      
#  type   0  conf  1.0000
   1.2919539556   3.1190527616  -3.0002843524
   0.1738678411   0.4197541000  -1.1586415411
      
      
#  type   0  conf  1.0000
   0.1738678411   0.4197541000  -1.1586415411
  -0.0904135009  -0.2182775000  -0.8495182379
      
      
#  type   0  conf  1.0000
  -0.0904135009  -0.2182775000  -0.8495182379
  -0.3600581220  -0.8692572014  -1.1340989867
      
      
#  type   0  conf  1.0000
  -0.3600581220  -0.8692572014  -1.1340989867
  -1.5081635471  -3.6410288898  -2.9661855021
      
      
#  type   0  conf  1.0000
  -1.5081635471  -3.6410288898  -2.9661855021
  -1.6514064320  -3.9868478051  -3.5818166952
      
      
#  type   0  conf  1.0000
  -1.6514064320  -3.9868478051  -3.5818166952
  -1.6442575112  -3.9695887835  -3.8088225230
      
      
#  type   0  conf  1.0000
  -1.6442575112  -3.9695887835  -3.8088225230
  -1.4542051851  -3.5107618804  -4.3588456456
      
      
#  type   0  conf  1.0000
  -1.4542051851  -3.5107618804  -4.3588456456
  -1.4440578644  -3.4862640811  -4.3765619059
      
      
#  type   0  conf  1.0000
  -1.4440578644  -3.4862640811  -4.3765619059
  -1.2612015964  -3.0448099990  -4.6125496449
      
      
#  51  norm     0.9208454801   -0.3899276878    0.0000000000
# nedges  12 
#  type   0  conf  1.0000
   1.0828219257   2.5571707455  -4.5911623208
   1.2716386971   3.0030766813  -4.3715606085
      
      
#  type   0  conf  1.0000
   1.2716386971   3.0030766813  -4.3715606085
   1.4508342081   3.4262612398  -3.8690654832
      
      
#  type   0  conf  1.0000
   1.4508342081   3.4262612398  -3.8690654832
   1.4582763306   3.4438364084  -3.6331699611
      
      
#  type   0  conf  1.0000
   1.4582763306   3.4438364084  -3.6331699611
   1.3132068063   3.1012431022  -2.9996877801
      
      
#  type   0  conf  1.0000
   1.3132068063   3.1012431022  -2.9996877801
   0.1752526862   0.4138732617  -1.1588303581
      
      
#  type   0  conf  1.0000
   0.1752526862   0.4138732617  -1.1588303581
  -0.0923456488  -0.2180816493  -0.8495573702
      
      
#  type   0  conf  1.0000
  -0.0923456488  -0.2180816493  -0.8495573702
  -0.3648989183  -0.8617380353  -1.1338380056
      
      
#  type   0  conf  1.0000
  -0.3648989183  -0.8617380353  -1.1338380056
  -1.5347473513  -3.6244288515  -2.9671899066
      
      
#  type   0  conf  1.0000
  -1.5347473513  -3.6244288515  -2.9671899066
  -1.6801277077  -3.9677562127  -3.5827085251
      
      
#  type   0  conf  1.0000
  -1.6801277077  -3.9677562127  -3.5827085251
  -1.6727388683  -3.9503068764  -3.8101262895
      
      
#  type   0  conf  1.0000
  -1.6727388683  -3.9503068764  -3.8101262895
  -1.4761529579  -3.4860534961  -4.3683863688
      
      
#  type   0  conf  1.0000
  -1.4761529579  -3.4860534961  -4.3683863688
  -1.2854396410  -3.0356687163  -4.6116021846
      
      
#  52  norm     0.9177546257   -0.3971478906    0.0000000000
# nedges  13 
#  type   0  conf  1.0000
   1.1022471012   2.5471427638  -4.5901734694
   1.2925908276   2.9870011629  -4.3708460287
      
      
#  type   0  conf  1.0000
   1.2925908276   2.9870011629  -4.3708460287
   1.4743266445   3.4069678567  -3.8683194689
      
      
#  type   0  conf  1.0000
   1.4743266445   3.4069678567  -3.8683194689
   1.4813611001   3.4232235244  -3.6315386590
      
      
#  type   0  conf  1.0000
   1.4813611001   3.4232235244  -3.6315386590
   1.3339692937   3.0826211563  -2.9984092143
      
      
#  type   0  conf  1.0000
   1.3339692937   3.0826211563  -2.9984092143
   0.1773857058   0.4099141802  -1.1604337586
      
      
#  type   0  conf  1.0000
   0.1773857058   0.4099141802  -1.1604337586
  -0.0943784401  -0.2180957069  -0.8493328966
      
      
#  type   0  conf  1.0000
  -0.0943784401  -0.2180957069  -0.8493328966
  -0.3695500238  -0.8539797183  -1.1334138953
      
      
#  type   0  conf  1.0000
  -0.3695500238  -0.8539797183  -1.1334138953
  -1.5605350395  -3.6061837035  -2.9669861211
      
      
#  type   0  conf  1.0000
  -1.5605350395  -3.6061837035  -2.9669861211
  -1.7085233505  -3.9481645126  -3.5817367324
      
      
#  type   0  conf  1.0000
  -1.7085233505  -3.9481645126  -3.5817367324
  -1.7010244739  -3.9308356311  -3.8089228903
      
      
#  type   0  conf  1.0000
  -1.7010244739  -3.9308356311  -3.8089228903
  -1.5041954106  -3.4759905027  -4.3609833769
      
      
#  type   0  conf  1.0000
  -1.5041954106  -3.4759905027  -4.3609833769
  -1.4935527794  -3.4513968331  -4.3779142050
      
      
#  type   0  conf  1.0000
  -1.4935527794  -3.4513968331  -4.3779142050
  -1.3092235325  -3.0254370761  -4.6106631553
      
      
#  53  norm     0.9146071598   -0.4043435955    0.0000000000
# nedges  12 
#  type   0  conf  1.0000
   1.1202706695   2.5340022361  -4.5903648215
   1.3131610074   2.9703115683  -4.3706261243
      
      
#  type   0  conf  1.0000
   1.3131610074   2.9703115683  -4.3706261243
   1.4972081937   3.3866180862  -3.8687505070
      
      
#  type   0  conf  1.0000
   1.4972081937   3.3866180862  -3.8687505070
   1.5046306644   3.4034073835  -3.6318017257
      
      
#  type   0  conf  1.0000
   1.5046306644   3.4034073835  -3.6318017257
   1.3541739050   3.0630809113  -2.9961630127
      
      
#  type   0  conf  1.0000
   1.3541739050   3.0630809113  -2.9961630127
   0.1785637356   0.4039031975  -1.1606197471
      
      
#  type   0  conf  1.0000
   0.1785637356   0.4039031975  -1.1606197471
  -0.0964403197  -0.2181436972  -0.8495652132
      
      
#  type   0  conf  1.0000
  -0.0964403197  -0.2181436972  -0.8495652132
  -0.3742454100  -0.8465264079  -1.1331881660
      
      
#  type   0  conf  1.0000
  -0.3742454100  -0.8465264079  -1.1331881660
  -1.5864870923  -3.5885629687  -2.9675796799
      
      
#  type   0  conf  1.0000
  -1.5864870923  -3.5885629687  -2.9675796799
  -1.7365133836  -3.9279157411  -3.5824416460
      
      
#  type   0  conf  1.0000
  -1.7365133836  -3.9279157411  -3.5824416460
  -1.7289601820  -3.9108307364  -3.8096754650
      
      
#  type   0  conf  1.0000
  -1.7289601820  -3.9108307364  -3.8096754650
  -1.5262151050  -3.4522304244  -4.3684491137
      
      
#  type   0  conf  1.0000
  -1.5262151050  -3.4522304244  -4.3684491137
  -1.3329287686  -3.0150253615  -4.6096153200
      
      
#  54  norm     0.9114032766   -0.4115143586    0.0000000000
# nedges  12 
#  type   0  conf  1.0000
   1.1384602771   2.5214100192  -4.5902545273
   1.3328268999   2.9518843714  -4.3709702557
      
      
#  type   0  conf  1.0000
   1.3328268999   2.9518843714  -4.3709702557
   1.5197156913   3.3657971627  -3.8696885717
      
      
#  type   0  conf  1.0000
   1.5197156913   3.3657971627  -3.8696885717
   1.5275069693   3.3830529307  -3.6327232925
      
      
#  type   0  conf  1.0000
   1.5275069693   3.3830529307  -3.6327232925
   1.3740906701   3.0432734919  -2.9932443103
      
      
#  type   0  conf  1.0000
   1.3740906701   3.0432734919  -2.9932443103
   0.1796631388   0.3979097447  -1.1610950607
      
      
#  type   0  conf  1.0000
   0.1796631388   0.3979097447  -1.1610950607
  -0.0984460558  -0.2180338448  -0.8494605419
      
      
#  type   0  conf  1.0000
  -0.0984460558  -0.2180338448  -0.8494605419
  -0.3790295956  -0.8394575016  -1.1332402397
      
      
#  type   0  conf  1.0000
  -0.3790295956  -0.8394575016  -1.1332402397
  -1.6118251007  -3.5697968914  -2.9675598590
      
      
#  type   0  conf  1.0000
  -1.6118251007  -3.5697968914  -2.9675598590
  -1.7642280957  -3.9073321102  -3.5819885492
      
      
#  type   0  conf  1.0000
  -1.7642280957  -3.9073321102  -3.5819885492
  -1.7563901696  -3.8899730281  -3.8094438336
      
      
#  type   0  conf  1.0000
  -1.7563901696  -3.8899730281  -3.8094438336
  -1.5503198465  -3.4335778532  -4.3699240331
      
      
#  type   0  conf  1.0000
  -1.5503198465  -3.4335778532  -4.3699240331
  -1.3517306483  -2.9937515332  -4.6139516749
      
      
#  55  norm     0.9081431738   -0.4186597375    0.0000000000
# nedges  12 
#  type   0  conf  1.0000
   1.1562910989   2.5081892867  -4.5907606248
   1.3535274622   2.9360280322  -4.3703260631
      
      
#  type   0  conf  1.0000
   1.3535274622   2.9360280322  -4.3703260631
   1.5426653607   3.3462998498  -3.8688374072
      
      
#  type   0  conf  1.0000
   1.5426653607   3.3462998498  -3.8688374072
   1.5501310482   3.3624941779  -3.6318604236
      
      
#  type   0  conf  1.0000
   1.5501310482   3.3624941779  -3.6318604236
   1.3939042831   3.0236121274  -2.9898770693
      
      
#  type   0  conf  1.0000
   1.3939042831   3.0236121274  -2.9898770693
   0.1808083960   0.3922037299  -1.1613482910
      
      
#  type   0  conf  1.0000
   0.1808083960   0.3922037299  -1.1613482910
  -0.1004179415  -0.2178233538  -0.8494562419
      
      
#  type   0  conf  1.0000
  -0.1004179415  -0.2178233538  -0.8494562419
  -0.3838229646  -0.8325763716  -1.1331478285
      
      
#  type   0  conf  1.0000
  -0.3838229646  -0.8325763716  -1.1331478285
  -1.6373469193  -3.5516800272  -2.9679522668
      
      
#  type   0  conf  1.0000
  -1.6373469193  -3.5516800272  -2.9679522668
  -1.7919240956  -3.8869838428  -3.5826424498
      
      
#  type   0  conf  1.0000
  -1.7919240956  -3.8869838428  -3.5826424498
  -1.7838948312  -3.8695670218  -3.8102281884
      
      
#  type   0  conf  1.0000
  -1.7838948312  -3.8695670218  -3.8102281884
  -1.5744495599  -3.4152451074  -4.3709344696
      
      
#  type   0  conf  1.0000
  -1.5744495599  -3.4152451074  -4.3709344696
  -1.3750370661  -2.9826859701  -4.6132385129
      
      
#  56  norm     0.9048270525   -0.4257792916    0.0000000000
# nedges  12 
#  type   0  conf  1.0000
   1.1742194399   2.4953433289  -4.5906464791
   1.3734450068   2.9187192093  -4.3703734610
      
      
#  type   0  conf  1.0000
   1.3734450068   2.9187192093  -4.3703734610
   1.5648292144   3.3254313532  -3.8694772854
      
      
#  type   0  conf  1.0000
   1.5648292144   3.3254313532  -3.8694772854
   1.5729197792   3.3426246784  -3.6322849647
      
      
#  type   0  conf  1.0000
   1.5729197792   3.3426246784  -3.6322849647
   1.4133639846   3.0035513554  -2.9857678786
      
      
#  type   0  conf  1.0000
   1.4133639846   3.0035513554  -2.9857678786
   0.1812325201   0.3851387098  -1.1610634067
      
      
#  type   0  conf  1.0000
   0.1812325201   0.3851387098  -1.1610634067
  -0.1025246743  -0.2178760232  -0.8496450060
      
      
#  type   0  conf  1.0000
  -0.1025246743  -0.2178760232  -0.8496450060
  -0.3885221111  -0.8256515137  -1.1332493426
      
      
#  type   0  conf  1.0000
  -0.3885221111  -0.8256515137  -1.1332493426
  -1.6621746173  -3.5323008644  -2.9680366446
      
      
#  type   0  conf  1.0000
  -1.6621746173  -3.5323008644  -2.9680366446
  -1.8190513597  -3.8656809120  -3.5824187543
      
      
#  type   0  conf  1.0000
  -1.8190513597  -3.8656809120  -3.5824187543
  -1.8108765369  -3.8483085291  -3.8094969968
      
      
#  type   0  conf  1.0000
  -1.8108765369  -3.8483085291  -3.8094969968
  -1.5982278661  -3.3964071008  -4.3724854373
      
      
#  type   0  conf  1.0000
  -1.5982278661  -3.3964071008  -4.3724854373
  -1.3982791132  -2.9714943718  -4.6118150659
      
      
#  57  norm     0.9014551171   -0.4328725815    0.0000000000
# nedges  12 
#  type   0  conf  1.0000
   1.1920187179   2.4823733792  -4.5904700550
   1.3933670954   2.9016804293  -4.3704913572
      
      
#  type   0  conf  1.0000
   1.3933670954   2.9016804293  -4.3704913572
   1.5876350248   3.3062424794  -3.8693977235
      
      
#  type   0  conf  1.0000
   1.5876350248   3.3062424794  -3.8693977235
   1.5960862611   3.3238421394  -3.6318507860
      
      
#  type   0  conf  1.0000
   1.5960862611   3.3238421394  -3.6318507860
   1.4334701270   2.9851948041  -2.9822745846
      
      
#  type   0  conf  1.0000
   1.4334701270   2.9851948041  -2.9822745846
   0.1812457929   0.3774435121  -1.1604050718
      
      
#  type   0  conf  1.0000
   0.1812457929   0.3774435121  -1.1604050718
  -0.1045062558  -0.2176337866  -0.8496383883
      
      
#  type   0  conf  1.0000
  -0.1045062558  -0.2176337866  -0.8496383883
  -0.3930308047  -0.8184848042  -1.1330880134
      
      
#  type   0  conf  1.0000
  -0.3930308047  -0.8184848042  -1.1330880134
  -1.6867024699  -3.5125499685  -2.9677878349
      
      
#  type   0  conf  1.0000
  -1.6867024699  -3.5125499685  -2.9677878349
  -1.8458521395  -3.8439784076  -3.5813889987
      
      
#  type   0  conf  1.0000
  -1.8458521395  -3.8439784076  -3.5813889987
  -1.8375921745  -3.8267770693  -3.8114163925
      
      
#  type   0  conf  1.0000
  -1.8375921745  -3.8267770693  -3.8114163925
  -1.6219796011  -3.3777648981  -4.3737882384
      
      
#  type   0  conf  1.0000
  -1.6219796011  -3.3777648981  -4.3737882384
  -1.4214373062  -2.9601365114  -4.6107509092
      
      
#  58  norm     0.8980275758   -0.4399391699    0.0000000000
# nedges  12 
#  type   0  conf  1.0000
   1.2093479100   2.4685862189  -4.5905004198
   1.4134313011   2.8851722507  -4.3705535106
      
      
#  type   0  conf  1.0000
   1.4134313011   2.8851722507  -4.3705535106
   1.6113804054   3.2892366451  -3.8676629925
      
      
#  type   0  conf  1.0000
   1.6113804054   3.2892366451  -3.8676629925
   1.6199545168   3.3067385840  -3.6305836100
      
      
#  type   0  conf  1.0000
   1.6199545168   3.3067385840  -3.6305836100
   1.4543039880   2.9686037850  -2.9799375416
      
      
#  type   0  conf  1.0000
   1.4543039880   2.9686037850  -2.9799375416
   0.1816548503   0.3708036838  -1.1604210764
      
      
#  type   0  conf  1.0000
   0.1816548503   0.3708036838  -1.1604210764
  -0.1062617560  -0.2169072311  -0.8494602088
      
      
#  type   0  conf  1.0000
  -0.1062617560  -0.2169072311  -0.8494602088
  -0.3976952441  -0.8117969948  -1.1331444457
      
      
#  type   0  conf  1.0000
  -0.3976952441  -0.8117969948  -1.1331444457
  -1.7114993996  -3.4936049391  -2.9686392613
      
      
#  type   0  conf  1.0000
  -1.7114993996  -3.4936049391  -2.9686392613
  -1.8727114406  -3.8226796574  -3.5827905621
      
      
#  type   0  conf  1.0000
  -1.8727114406  -3.8226796574  -3.5827905621
  -1.8640971381  -3.8050956782  -3.8134227589
      
      
#  type   0  conf  1.0000
  -1.8640971381  -3.8050956782  -3.8134227589
  -1.6452579411  -3.3583892993  -4.3765622932
      
      
#  type   0  conf  1.0000
  -1.6452579411  -3.3583892993  -4.3765622932
  -1.4394853248  -2.9383551298  -4.6142539070
      
      
#  59  norm     0.8945446398   -0.4469786207    0.0000000000
# nedges  12 
#  type   0  conf  1.0000
   1.2262687674   2.4541490402  -4.5906906082
   1.4340485186   2.8699815969  -4.3695133424
      
      
#  type   0  conf  1.0000
   1.4340485186   2.8699815969  -4.3695133424
   1.6362435875   3.2746374501  -3.8642578440
      
      
#  type   0  conf  1.0000
   1.6362435875   3.2746374501  -3.8642578440
   1.6445612649   3.2912837356  -3.6290189948
      
      
#  type   0  conf  1.0000
   1.6445612649   3.2912837356  -3.6290189948
   1.4757131470   2.9533656075  -2.9783557810
      
      
#  type   0  conf  1.0000
   1.4757131470   2.9533656075  -2.9783557810
   0.1806540786   0.3615455644  -1.1589565707
      
      
#  type   0  conf  1.0000
   0.1806540786   0.3615455644  -1.1589565707
  -0.1084572076  -0.2170569446  -0.8495959697
      
      
#  type   0  conf  1.0000
  -0.1084572076  -0.2170569446  -0.8495959697
  -0.4030561336  -0.8066419449  -1.1343598250
      
      
#  type   0  conf  1.0000
  -0.4030561336  -0.8066419449  -1.1343598250
  -1.7361334053  -3.4745483564  -2.9698672630
      
      
#  type   0  conf  1.0000
  -1.7361334053  -3.4745483564  -2.9698672630
  -1.8991661792  -3.8008281542  -3.5829362249
      
      
#  type   0  conf  1.0000
  -1.8991661792  -3.8008281542  -3.5829362249
  -1.8900795971  -3.7826430488  -3.8166038357
      
      
#  type   0  conf  1.0000
  -1.8900795971  -3.7826430488  -3.8166038357
  -1.6706507175  -3.3434969263  -4.3754332869
      
      
#  type   0  conf  1.0000
  -1.6706507175  -3.3434969263  -4.3754332869
  -1.4623937199  -2.9267092495  -4.6128855680
      
      
#  60  norm     0.8910065242   -0.4539904997    0.0000000000
# nedges  12 
#  type   0  conf  1.0000
   1.2432634735   2.4400419542  -4.5905199409
   1.4551844601   2.8559603089  -4.3678490367
      
      
#  type   0  conf  1.0000
   1.4551844601   2.8559603089  -4.3678490367
   1.6617065404   3.2612827133  -3.8604748971
      
      
#  type   0  conf  1.0000
   1.6617065404   3.2612827133  -3.8604748971
   1.6702592867   3.2780684230  -3.6296665944
      
      
#  type   0  conf  1.0000
   1.6702592867   3.2780684230  -3.6296665944
   1.4977116017   2.9394245237  -2.9776148930
      
      
#  type   0  conf  1.0000
   1.4977116017   2.9394245237  -2.9776148930
   0.1800718122   0.3534108304  -1.1583405582
      
      
#  type   0  conf  1.0000
   0.1800718122   0.3534108304  -1.1583405582
  -0.1102301872  -0.2163389234  -0.8495299046
      
      
#  type   0  conf  1.0000
  -0.1102301872  -0.2163389234  -0.8495299046
  -0.4077380192  -0.8002309199  -1.1347785469
      
      
#  type   0  conf  1.0000
  -0.4077380192  -0.8002309199  -1.1347785469
  -1.7614649223  -3.4570695615  -2.9721013069
      
      
#  type   0  conf  1.0000
  -1.7614649223  -3.4570695615  -2.9721013069
  -1.9263746803  -3.7807231851  -3.5833397824
      
      
#  type   0  conf  1.0000
  -1.9263746803  -3.7807231851  -3.5833397824
  -1.9165595950  -3.7614599956  -3.8226926001
      
      
#  type   0  conf  1.0000
  -1.9165595950  -3.7614599956  -3.8226926001
  -1.6947721717  -3.3261776687  -4.3764089305
      
      
#  type   0  conf  1.0000
  -1.6947721717  -3.3261776687  -4.3764089305
  -1.4849478667  -2.9143742833  -4.6112749402
      
      
#  61  norm     0.8874134471   -0.4609743745    0.0000000000
# nedges  12 
#  type   0  conf  1.0000
   1.2595755802   2.4247862120  -4.5911139515
   1.4776370030   2.8445723207  -4.3643176520
      
      
#  type   0  conf  1.0000
   1.4776370030   2.8445723207  -4.3643176520
   1.6872085379   3.2480146994  -3.8585416382
      
      
#  type   0  conf  1.0000
   1.6872085379   3.2480146994  -3.8585416382
   1.6960401102   3.2650161998  -3.6315713628
      
      
#  type   0  conf  1.0000
   1.6960401102   3.2650161998  -3.6315713628
   1.5205723611   2.9272264034  -2.9782469259
      
      
#  type   0  conf  1.0000
   1.5205723611   2.9272264034  -2.9782469259
   0.1799142879   0.3463497478  -1.1582568136
      
      
#  type   0  conf  1.0000
   0.1799142879   0.3463497478  -1.1582568136
  -0.1122193532  -0.2160314511  -0.8494332254
      
      
#  type   0  conf  1.0000
  -0.1122193532  -0.2160314511  -0.8494332254
  -0.4129757816  -0.7950122223  -1.1360322009
      
      
#  type   0  conf  1.0000
  -0.4129757816  -0.7950122223  -1.1360322009
  -1.7878358633  -3.4417305470  -2.9759932008
      
      
#  type   0  conf  1.0000
  -1.7878358633  -3.4417305470  -2.9759932008
  -1.9542238631  -3.7620410819  -3.5818300111
      
      
#  type   0  conf  1.0000
  -1.9542238631  -3.7620410819  -3.5818300111
  -1.9448693464  -3.7440328706  -3.8248004061
      
      
#  type   0  conf  1.0000
  -1.9448693464  -3.7440328706  -3.8248004061
  -1.7198647820  -3.3108806454  -4.3761708910
      
      
#  type   0  conf  1.0000
  -1.7198647820  -3.3108806454  -4.3761708910
  -1.5024477636  -2.8923350680  -4.6146721420
      
      
#  62  norm     0.8837656301   -0.4679298143    0.0000000000
# nedges  12 
#  type   0  conf  1.0000
   1.2755327168   2.4090620875  -4.5914307280
   1.4994649237   2.8319964291  -4.3622288667
      
      
#  type   0  conf  1.0000
   1.4994649237   2.8319964291  -4.3622288667
   1.7129461907   3.2351923801  -3.8569213174
      
      
#  type   0  conf  1.0000
   1.7129461907   3.2351923801  -3.8569213174
   1.7211900166   3.2507622579  -3.6288256632
      
      
#  type   0  conf  1.0000
   1.7211900166   3.2507622579  -3.6288256632
   1.5423937571   2.9130748865  -2.9776954899
      
      
#  type   0  conf  1.0000
   1.5423937571   2.9130748865  -2.9776954899
   0.1784454971   0.3370248963  -1.1566046018
      
      
#  type   0  conf  1.0000
   0.1784454971   0.3370248963  -1.1566046018
  -0.1145419915  -0.2163321768  -0.8495742263
      
      
#  type   0  conf  1.0000
  -0.1145419915  -0.2163321768  -0.8495742263
  -0.4175892111  -0.7886887755  -1.1367192827
      
      
#  type   0  conf  1.0000
  -0.4175892111  -0.7886887755  -1.1367192827
  -1.8152850902  -3.4284769267  -2.9808072833
      
      
#  type   0  conf  1.0000
  -1.8152850902  -3.4284769267  -2.9808072833
  -1.9834648279  -3.7461131776  -3.5822439879
      
      
#  type   0  conf  1.0000
  -1.9834648279  -3.7461131776  -3.5822439879
  -1.9738650254  -3.7279823058  -3.8263512374
      
      
#  type   0  conf  1.0000
  -1.9738650254  -3.7279823058  -3.8263512374
  -1.7448812330  -3.2955071793  -4.3763693404
      
      
#  type   0  conf  1.0000
  -1.7448812330  -3.2955071793  -4.3763693404
  -1.5246116073  -2.8794902499  -4.6126761655
      
      
#  63  norm     0.8800632983   -0.4748563899   -0.0000000000
# nedges  12 
#  type   0  conf  1.0000
   1.2923976432   2.3952330785  -4.5906343774
   1.5209685308   2.8188492570  -4.3609732366
      
      
#  type   0  conf  1.0000
   1.5209685308   2.8188492570  -4.3609732366
   1.7379908101   3.2210621092  -3.8571278134
      
      
#  type   0  conf  1.0000
   1.7379908101   3.2210621092  -3.8571278134
   1.7466225840   3.2370595930  -3.6295944768
      
      
#  type   0  conf  1.0000
   1.7466225840   3.2370595930  -3.6295944768
   1.5643463493   2.8992424597  -2.9773211656
      
      
#  type   0  conf  1.0000
   1.5643463493   2.8992424597  -2.9773211656
   0.1791499279   0.3320230701  -1.1576645550
      
      
#  type   0  conf  1.0000
   0.1791499279   0.3320230701  -1.1576645550
  -0.1161106577  -0.2151908041  -0.8495647450
      
      
#  type   0  conf  1.0000
  -0.1161106577  -0.2151908041  -0.8495647450
  -0.4217823391  -0.7816998243  -1.1367322618
      
      
#  type   0  conf  1.0000
  -0.4217823391  -0.7816998243  -1.1367322618
  -1.8432303940  -3.4161052788  -2.9856918806
      
      
#  type   0  conf  1.0000
  -1.8432303940  -3.4161052788  -2.9856918806
  -2.0130661449  -3.7308661502  -3.5822107408
      
      
#  type   0  conf  1.0000
  -2.0130661449  -3.7308661502  -3.5822107408
  -2.0035605633  -3.7132492166  -3.8262294647
      
      
#  type   0  conf  1.0000
  -2.0035605633  -3.7132492166  -3.8262294647
  -1.7707853294  -3.2818410172  -4.3751770269
      
      
#  type   0  conf  1.0000
  -1.7707853294  -3.2818410172  -4.3751770269
  -1.5469269089  -2.8669585725  -4.6108307142
      
      
#  64  norm     0.8763066800   -0.4817536741    0.0000000000
# nedges  12 
#  type   0  conf  1.0000
   1.3083795525   2.3799335708  -4.5904648914
   1.5421186100   2.8051033381  -4.3601958311
      
      
#  type   0  conf  1.0000
   1.5421186100   2.8051033381  -4.3601958311
   1.7629537227   3.2068009169  -3.8571448322
      
      
#  type   0  conf  1.0000
   1.7629537227   3.2068009169  -3.8571448322
   1.7717074339   3.2227238583  -3.6297764075
      
      
#  type   0  conf  1.0000
   1.7717074339   3.2227238583  -3.6297764075
   1.5862813732   2.8854351062  -2.9776447001
      
      
#  type   0  conf  1.0000
   1.5862813732   2.8854351062  -2.9776447001
   0.1775571199   0.3229752022  -1.1559472518
      
      
#  type   0  conf  1.0000
   0.1775571199   0.3229752022  -1.1559472518
  -0.1182685022  -0.2151296069  -0.8496713653
      
      
#  type   0  conf  1.0000
  -0.1182685022  -0.2151296069  -0.8496713653
  -0.4256749010  -0.7742997704  -1.1370125213
      
      
#  type   0  conf  1.0000
  -0.4256749010  -0.7742997704  -1.1370125213
  -1.8714424969  -3.4041412646  -2.9905501515
      
      
#  type   0  conf  1.0000
  -1.8714424969  -3.4041412646  -2.9905501515
  -2.0430226010  -3.7162443153  -3.5838875825
      
      
#  type   0  conf  1.0000
  -2.0430226010  -3.7162443153  -3.5838875825
  -2.0329092058  -3.6978481177  -3.8265766658
      
      
#  type   0  conf  1.0000
  -2.0329092058  -3.6978481177  -3.8265766658
  -1.7963940663  -3.2676286761  -4.3745545784
      
      
#  type   0  conf  1.0000
  -1.7963940663  -3.2676286761  -4.3745545784
  -1.5637757075  -2.8444974522  -4.6136550805
      
      
#  65  norm     0.8724960071   -0.4886212415    0.0000000000
# nedges  12 
#  type   0  conf  1.0000
   1.3242358906   2.3645933268  -4.5902447269
   1.5632968732   2.7914674269  -4.3591919282
      
      
#  type   0  conf  1.0000
   1.5632968732   2.7914674269  -4.3591919282
   1.7876022906   3.1919935695  -3.8571876420
      
      
#  type   0  conf  1.0000
   1.7876022906   3.1919935695  -3.8571876420
   1.7966195861   3.2080951092  -3.6300917513
      
      
#  type   0  conf  1.0000
   1.7966195861   3.2080951092  -3.6300917513
   1.6078756774   2.8710686094  -2.9775390125
      
      
#  type   0  conf  1.0000
   1.6078756774   2.8710686094  -2.9775390125
   0.1761149322   0.3144758394  -1.1545031433
      
      
#  type   0  conf  1.0000
   0.1761149322   0.3144758394  -1.1545031433
  -0.1203384168  -0.2148797049  -0.8495187647
      
      
#  type   0  conf  1.0000
  -0.1203384168  -0.2148797049  -0.8495187647
  -0.4296163197  -0.7671351380  -1.1372467031
      
      
#  type   0  conf  1.0000
  -0.4296163197  -0.7671351380  -1.1372467031
  -1.8991098442  -3.3911046336  -2.9943256310
      
      
#  type   0  conf  1.0000
  -1.8991098442  -3.3911046336  -2.9943256310
  -2.0723644145  -3.7004729293  -3.5834472298
      
      
#  type   0  conf  1.0000
  -2.0723644145  -3.7004729293  -3.5834472298
  -2.0625072734  -3.6828717374  -3.8259775221
      
      
#  type   0  conf  1.0000
  -2.0625072734  -3.6828717374  -3.8259775221
  -1.8218610815  -3.2531670424  -4.3737703956
      
      
#  type   0  conf  1.0000
  -1.8218610815  -3.2531670424  -4.3737703956
  -1.5856077339  -2.8313063353  -4.6119098829
      
      
#  66  norm     0.8686315144   -0.4954586684    0.0000000000
# nedges  12 
#  type   0  conf  1.0000
   1.3395856702   2.3485436900  -4.5902317022
   1.5841969748   2.7773929594  -4.3586272177
      
      
#  type   0  conf  1.0000
   1.5841969748   2.7773929594  -4.3586272177
   1.8122430532   3.1772002956  -3.8566923753
      
      
#  type   0  conf  1.0000
   1.8122430532   3.1772002956  -3.8566923753
   1.8212058334   3.1929137221  -3.6301796781
      
      
#  type   0  conf  1.0000
   1.8212058334   3.1929137221  -3.6301796781
   1.6292765427   2.8564258553  -2.9777004255
      
      
#  type   0  conf  1.0000
   1.6292765427   2.8564258553  -2.9777004255
   0.1777839383   0.3116884240  -1.1569607491
      
      
#  type   0  conf  1.0000
   0.1777839383   0.3116884240  -1.1569607491
  -0.1220697177  -0.2140109972  -0.8494386104
      
      
#  type   0  conf  1.0000
  -0.1220697177  -0.2140109972  -0.8494386104
  -0.4330263324  -0.7591759775  -1.1371067744
      
      
#  type   0  conf  1.0000
  -0.4330263324  -0.7591759775  -1.1371067744
  -1.9259509415  -3.3765514454  -2.9965677438
      
      
#  type   0  conf  1.0000
  -1.9259509415  -3.3765514454  -2.9965677438
  -2.1017297796  -3.6847245546  -3.5837947154
      
      
#  type   0  conf  1.0000
  -2.1017297796  -3.6847245546  -3.5837947154
  -2.0912803461  -3.6664047475  -3.8266303375
      
      
#  type   0  conf  1.0000
  -2.0912803461  -3.6664047475  -3.8266303375
  -1.8468019378  -3.2377884703  -4.3738439909
      
      
#  type   0  conf  1.0000
  -1.8468019378  -3.2377884703  -4.3738439909
  -1.6019577491  -2.8085309114  -4.6145636338
      
      
#  67  norm     0.8647134405   -0.5022655331    0.0000000000
# nedges  12 
#  type   0  conf  1.0000
   1.3550331639   2.3328604331  -4.5897783580
   1.6041315974   2.7617147926  -4.3585888386
      
      
#  type   0  conf  1.0000
   1.6041315974   2.7617147926  -4.3585888386
   1.8364417635   3.1616660328  -3.8574177975
      
      
#  type   0  conf  1.0000
   1.8364417635   3.1616660328  -3.8574177975
   1.8456259482   3.1774777648  -3.6305789638
      
      
#  type   0  conf  1.0000
   1.8456259482   3.1774777648  -3.6305789638
   1.6504985861   2.8415414095  -2.9779512729
      
      
#  type   0  conf  1.0000
   1.6504985861   2.8415414095  -2.9779512729
   0.1764475698   0.3037767378  -1.1561025504
      
      
#  type   0  conf  1.0000
   0.1764475698   0.3037767378  -1.1561025504
  -0.1240702456  -0.2136025705  -0.8495448147
      
      
#  type   0  conf  1.0000
  -0.1240702456  -0.2136025705  -0.8495448147
  -0.4353873323  -0.7495741858  -1.1361972179
      
      
#  type   0  conf  1.0000
  -0.4353873323  -0.7495741858  -1.1361972179
  -1.9526332155  -3.3617042668  -2.9985843213
      
      
#  type   0  conf  1.0000
  -1.9526332155  -3.3617042668  -2.9985843213
  -2.1305263184  -3.6679696721  -3.5833150076
      
      
#  type   0  conf  1.0000
  -2.1305263184  -3.6679696721  -3.5833150076
  -2.1204181413  -3.6505671708  -3.8258856327
      
      
#  type   0  conf  1.0000
  -2.1204181413  -3.6505671708  -3.8258856327
  -1.8716526608  -3.2222860319  -4.3734416271
      
      
#  type   0  conf  1.0000
  -1.8716526608  -3.2222860319  -4.3734416271
  -1.6233881787  -2.7948674250  -4.6124340807
      
      
#  68  norm     0.8607420270   -0.5090414158    0.0000000000
# nedges  12 
#  type   0  conf  1.0000
   1.3696699334   2.3159853763  -4.5898752729
   1.6239852881   2.7460091566  -4.3586775278
      
      
#  type   0  conf  1.0000
   1.6239852881   2.7460091566  -4.3586775278
   1.8605238066   3.1459739484  -3.8568992857
      
      
#  type   0  conf  1.0000
   1.8605238066   3.1459739484  -3.8568992857
   1.8695009280   3.1611534316  -3.6301275081
      
      
#  type   0  conf  1.0000
   1.8695009280   3.1611534316  -3.6301275081
   1.6711918725   2.8258311314  -2.9778070047
      
      
#  type   0  conf  1.0000
   1.6711918725   2.8258311314  -2.9778070047
   0.1757430002   0.2971651846  -1.1562408626
      
      
#  type   0  conf  1.0000
   0.1757430002   0.2971651846  -1.1562408626
  -0.1259458880  -0.2129628663  -0.8495205990
      
      
#  type   0  conf  1.0000
  -0.1259458880  -0.2129628663  -0.8495205990
  -0.4377148683  -0.7401354219  -1.1353701596
      
      
#  type   0  conf  1.0000
  -0.4377148683  -0.7401354219  -1.1353701596
  -1.9787276276  -3.3458456943  -2.9995470555
      
      
#  type   0  conf  1.0000
  -1.9787276276  -3.3458456943  -2.9995470555
  -2.1594907609  -3.6514994603  -3.5839271487
      
      
#  type   0  conf  1.0000
  -2.1594907609  -3.6514994603  -3.5839271487
  -2.1487462360  -3.6333314607  -3.8265393929
      
      
#  type   0  conf  1.0000
  -2.1487462360  -3.6333314607  -3.8265393929
  -1.8960858049  -3.2061060036  -4.3734623357
      
      
#  type   0  conf  1.0000
  -1.8960858049  -3.2061060036  -4.3734623357
  -1.6393546954  -2.7719974050  -4.6148892701
      
      
#  69  norm     0.8567175189   -0.5157858983   -0.0000000000
# nedges  12 
#  type   0  conf  1.0000
   1.3844342375   2.2995375968  -4.5895240911
   1.6437564958   2.7302704307  -4.3583856846
      
      
#  type   0  conf  1.0000
   1.6437564958   2.7302704307  -4.3583856846
   1.8844308210   3.1300291513  -3.8564324422
      
      
#  type   0  conf  1.0000
   1.8844308210   3.1300291513  -3.8564324422
   1.8931505411   3.1445125580  -3.6308338748
      
      
#  type   0  conf  1.0000
   1.8931505411   3.1445125580  -3.6308338748
   1.6922086359   2.8107491670  -2.9783852110
      
      
#  type   0  conf  1.0000
   1.6922086359   2.8107491670  -2.9783852110
   0.1743262268   0.2895548966  -1.1556449882
      
      
#  type   0  conf  1.0000
   0.1743262268   0.2895548966  -1.1556449882
  -0.1278449943  -0.2123498271  -0.8494206474
      
      
#  type   0  conf  1.0000
  -0.1278449943  -0.2123498271  -0.8494206474
  -0.4401822257  -0.7311402377  -1.1349558657
      
      
#  type   0  conf  1.0000
  -0.4401822257  -0.7311402377  -1.1349558657
  -2.0043254455  -3.3291734581  -2.9998845749
      
      
#  type   0  conf  1.0000
  -2.0043254455  -3.3291734581  -2.9998845749
  -2.1878641202  -3.6340301798  -3.5839164093
      
      
#  type   0  conf  1.0000
  -2.1878641202  -3.6340301798  -3.5839164093
  -2.1770636842  -3.6160907153  -3.8263528083
      
      
#  type   0  conf  1.0000
  -2.1770636842  -3.6160907153  -3.8263528083
  -1.9208537358  -3.1905274109  -4.3723221454
      
      
#  type   0  conf  1.0000
  -1.9208537358  -3.1905274109  -4.3723221454
  -1.6603778121  -2.7578783450  -4.6128847778
      
      
#  70  norm     0.8526401644   -0.5224985647   -0.0000000000
# nedges  13 
#  type   0  conf  1.0000
   1.3986427936   2.2823776024  -4.5895751354
   1.6633067458   2.7142699194  -4.3584584989
      
      
#  type   0  conf  1.0000
   1.6633067458   2.7142699194  -4.3584584989
   1.9076481179   3.1129987996  -3.8565365945
      
      
#  type   0  conf  1.0000
   1.9076481179   3.1129987996  -3.8565365945
   1.9167275597   3.1278151021  -3.6298809311
      
      
#  type   0  conf  1.0000
   1.9167275597   3.1278151021  -3.6298809311
   1.7121723732   2.7940113758  -2.9781330297
      
      
#  type   0  conf  1.0000
   1.7121723732   2.7940113758  -2.9781330297
   0.1733873817   0.2829424913  -1.1557186230
      
      
#  type   0  conf  1.0000
   0.1733873817   0.2829424913  -1.1557186230
  -0.1298966530  -0.2119720724  -0.8494201671
      
      
#  type   0  conf  1.0000
  -0.1298966530  -0.2119720724  -0.8494201671
  -0.4424655336  -0.7220381274  -1.1344504877
      
      
#  type   0  conf  1.0000
  -0.4424655336  -0.7220381274  -1.1344504877
  -2.0299642596  -3.3126006018  -3.0004649070
      
      
#  type   0  conf  1.0000
  -2.0299642596  -3.3126006018  -3.0004649070
  -2.2159506568  -3.6161028179  -3.5841194303
      
      
#  type   0  conf  1.0000
  -2.2159506568  -3.6161028179  -3.5841194303
  -2.2051016842  -3.5983989036  -3.8264633367
      
      
#  type   0  conf  1.0000
  -2.2051016842  -3.5983989036  -3.8264633367
  -1.9498734906  -3.1819043452  -4.3613395282
      
      
#  type   0  conf  1.0000
  -1.9498734906  -3.1819043452  -4.3613395282
  -1.9313818115  -3.1517286675  -4.3855562602
      
      
#  type   0  conf  1.0000
  -1.9313818115  -3.1517286675  -4.3855562602
  -1.6635035750  -2.7145911154  -4.6243388456
      
      
#  71  norm     0.8485102150   -0.5291790010    0.0000000000
# nedges  12 
#  type   0  conf  1.0000
   1.4133899898   2.2662952269  -4.5892940764
   1.6825292842   2.6978456855  -4.3586457804
      
      
#  type   0  conf  1.0000
   1.6825292842   2.6978456855  -4.3586457804
   1.9309680173   3.0962039016  -3.8560487330
      
      
#  type   0  conf  1.0000
   1.9309680173   3.0962039016  -3.8560487330
   1.9401934303   3.1109963578  -3.6304741830
      
      
#  type   0  conf  1.0000
   1.9401934303   3.1109963578  -3.6304741830
   1.7324630895   2.7779118706  -2.9782623838
      
      
#  type   0  conf  1.0000
   1.7324630895   2.7779118706  -2.9782623838
   0.1728513511   0.2771578933  -1.1559557540
      
      
#  type   0  conf  1.0000
   0.1728513511   0.2771578933  -1.1559557540
  -0.1317803969  -0.2113028158  -0.8493722436
      
      
#  type   0  conf  1.0000
  -0.1317803969  -0.2113028158  -0.8493722436
  -0.4449823064  -0.7135053200  -1.1339448288
      
      
#  type   0  conf  1.0000
  -0.4449823064  -0.7135053200  -1.1339448288
  -2.0547176437  -3.2946298065  -3.0002041588
      
      
#  type   0  conf  1.0000
  -2.0547176437  -3.2946298065  -3.0002041588
  -2.2436522530  -3.5975763437  -3.5825783438
      
      
#  type   0  conf  1.0000
  -2.2436522530  -3.5975763437  -3.5825783438
  -2.2330620118  -3.5805954586  -3.8262495016
      
      
#  type   0  conf  1.0000
  -2.2330620118  -3.5805954586  -3.8262495016
  -1.9670642652  -3.1540823039  -4.3745711013
      
      
#  type   0  conf  1.0000
  -1.9670642652  -3.1540823039  -4.3745711013
  -1.6841455034  -2.7004372065  -4.6226330129
      
      
#  72  norm     0.8443279255   -0.5358267950    0.0000000000
# nedges  12 
#  type   0  conf  1.0000
   1.4273148872   2.2490883791  -4.5894235211
   1.7010873253   2.6804847125  -4.3590072760
      
      
#  type   0  conf  1.0000
   1.7010873253   2.6804847125  -4.3590072760
   1.9537324267   3.0785896903  -3.8569657462
      
      
#  type   0  conf  1.0000
   1.9537324267   3.0785896903  -3.8569657462
   1.9633991376   3.0938219893  -3.6310446587
      
      
#  type   0  conf  1.0000
   1.9633991376   3.0938219893  -3.6310446587
   1.7523094128   2.7611978072  -2.9783353365
      
      
#  type   0  conf  1.0000
   1.7523094128   2.7611978072  -2.9783353365
   0.1730372096   0.2726630128  -1.1574318388
      
      
#  type   0  conf  1.0000
   0.1730372096   0.2726630128  -1.1574318388
  -0.1335854111  -0.2104969256  -0.8494392482
      
      
#  type   0  conf  1.0000
  -0.1335854111  -0.2104969256  -0.8494392482
  -0.4467899001  -0.7040282290  -1.1331200067
      
      
#  type   0  conf  1.0000
  -0.4467899001  -0.7040282290  -1.1331200067
  -2.0793475235  -3.2765274103  -3.0000760108
      
      
#  type   0  conf  1.0000
  -2.0793475235  -3.2765274103  -3.0000760108
  -2.2712304037  -3.5788864481  -3.5826898207
      
      
#  type   0  conf  1.0000
  -2.2712304037  -3.5788864481  -3.5826898207
  -2.2605639468  -3.5620788014  -3.8258863054
      
      
#  type   0  conf  1.0000
  -2.2605639468  -3.5620788014  -3.8258863054
  -1.9908644723  -3.1371004317  -4.3737762544
      
      
#  type   0  conf  1.0000
  -1.9908644723  -3.1371004317  -4.3737762544
  -1.7047598697  -2.6862717164  -4.6204746243
      
      
#  73  norm     0.8400935539   -0.5424415367    0.0000000000
# nedges  12 
#  type   0  conf  1.0000
   1.4410666551   2.2318180410  -4.5895876357
   1.7200668031   2.6639129489  -4.3588921439
      
      
#  type   0  conf  1.0000
   1.7200668031   2.6639129489  -4.3588921439
   1.9765937674   3.0612030430  -3.8570915304
      
      
#  type   0  conf  1.0000
   1.9765937674   3.0612030430  -3.8570915304
   1.9861370002   3.0759829000  -3.6310762049
      
      
#  type   0  conf  1.0000
   1.9861370002   3.0759829000  -3.6310762049
   1.7720801941   2.7444674633  -2.9784197878
      
      
#  type   0  conf  1.0000
   1.7720801941   2.7444674633  -2.9784197878
   0.1704301745   0.2639497186  -1.1556809623
      
      
#  type   0  conf  1.0000
   0.1704301745   0.2639497186  -1.1556809623
  -0.1353958075  -0.2096910679  -0.8494587933
      
      
#  type   0  conf  1.0000
  -0.1353958075  -0.2096910679  -0.8494587933
  -0.4487150614  -0.6949368829  -1.1322559616
      
      
#  type   0  conf  1.0000
  -0.4487150614  -0.6949368829  -1.1322559616
  -2.1038284088  -3.2582546972  -3.0000917684
      
      
#  type   0  conf  1.0000
  -2.1038284088  -3.2582546972  -3.0000917684
  -2.2984898981  -3.5597320939  -3.5826728384
      
      
#  type   0  conf  1.0000
  -2.2984898981  -3.5597320939  -3.5826728384
  -2.2877170756  -3.5430479387  -3.8259666922
      
      
#  type   0  conf  1.0000
  -2.2877170756  -3.5430479387  -3.8259666922
  -2.0145351689  -3.1199638950  -4.3729521017
      
      
#  type   0  conf  1.0000
  -2.0145351689  -3.1199638950  -4.3729521017
  -1.7254570929  -2.6722610333  -4.6182923262
      
      
#  74  norm     0.8358073614   -0.5490228180    0.0000000000
# nedges  12 
#  type   0  conf  1.0000
   1.4549331587   2.2149240514  -4.5893363880
   1.7384379347   2.6465188249  -4.3591548744
      
      
#  type   0  conf  1.0000
   1.7384379347   2.6465188249  -4.3591548744
   1.9992522813   3.0435707209  -3.8567372151
      
      
#  type   0  conf  1.0000
   1.9992522813   3.0435707209  -3.8567372151
   2.0084939704   3.0576398479  -3.6312941887
      
      
#  type   0  conf  1.0000
   2.0084939704   3.0576398479  -3.6312941887
   1.7917218144   2.7276357792  -2.9786659783
      
      
#  type   0  conf  1.0000
   1.7917218144   2.7276357792  -2.9786659783
   0.1677287977   0.2553426912  -1.1540190792
      
      
#  type   0  conf  1.0000
   0.1677287977   0.2553426912  -1.1540190792
  -0.1375850905  -0.2094532826  -0.8495539400
      
      
#  type   0  conf  1.0000
  -0.1375850905  -0.2094532826  -0.8495539400
  -0.4513597729  -0.6871295846  -1.1323613620
      
      
#  type   0  conf  1.0000
  -0.4513597729  -0.6871295846  -1.1323613620
  -2.1281957053  -3.2398683235  -3.0004557421
      
      
#  type   0  conf  1.0000
  -2.1281957053  -3.2398683235  -3.0004557421
  -2.3257035531  -3.5405452857  -3.5835827876
      
      
#  type   0  conf  1.0000
  -2.3257035531  -3.5405452857  -3.5835827876
  -2.3146732204  -3.5237532091  -3.8258268687
      
      
#  type   0  conf  1.0000
  -2.3146732204  -3.5237532091  -3.8258268687
  -2.0380548937  -3.1026420528  -4.3719759836
      
      
#  type   0  conf  1.0000
  -2.0380548937  -3.1026420528  -4.3719759836
  -1.7460048104  -2.6580382922  -4.6159709970
      
      
#  75  norm     0.8314696123   -0.5555702330    0.0000000000
# nedges  12 
#  type   0  conf  1.0000
   1.4682348628   2.1973687565  -4.5892920874
   1.7560524901   2.6281182762  -4.3595639650
      
      
#  type   0  conf  1.0000
   1.7560524901   2.6281182762  -4.3595639650
   2.0214347573   3.0252909067  -3.8564300297
      
      
#  type   0  conf  1.0000
   2.0214347573   3.0252909067  -3.8564300297
   2.0303713703   3.0386654932  -3.6298320452
      
      
#  type   0  conf  1.0000
   2.0303713703   3.0386654932  -3.6298320452
   1.8105404408   2.7096652573  -2.9785549896
      
      
#  type   0  conf  1.0000
   1.8105404408   2.7096652573  -2.9785549896
   0.1677095360   0.2509950580  -1.1556872867
      
      
#  type   0  conf  1.0000
   0.1677095360   0.2509950580  -1.1556872867
  -0.1390139869  -0.2080491338  -0.8493453962
      
      
#  type   0  conf  1.0000
  -0.1390139869  -0.2080491338  -0.8493453962
  -0.4544009588  -0.6800590936  -1.1331627097
      
      
#  type   0  conf  1.0000
  -0.4544009588  -0.6800590936  -1.1331627097
  -2.1521409565  -3.2209065575  -3.0008115542
      
      
#  type   0  conf  1.0000
  -2.1521409565  -3.2209065575  -3.0008115542
  -2.3523873786  -3.5205965069  -3.5837130887
      
      
#  type   0  conf  1.0000
  -2.3523873786  -3.5205965069  -3.5837130887
  -2.3411134554  -3.5037238884  -3.8255472106
      
      
#  type   0  conf  1.0000
  -2.3411134554  -3.5037238884  -3.8255472106
  -2.0603652165  -3.0835544562  -4.3721056336
      
      
#  type   0  conf  1.0000
  -2.0603652165  -3.0835544562  -4.3721056336
  -1.7663893252  -2.6435884432  -4.6130830672
      
      
#  76  norm     0.8270805743   -0.5620833779    0.0000000000
# nedges  12 
#  type   0  conf  1.0000
   1.4808981532   2.1790754597  -4.5892248671
   1.7744948062   2.6110898155  -4.3590730302
      
      
#  type   0  conf  1.0000
   1.7744948062   2.6110898155  -4.3590730302
   2.0431033442   3.0063352766  -3.8560625882
      
      
#  type   0  conf  1.0000
   2.0431033442   3.0063352766  -3.8560625882
   2.0523815106   3.0199876838  -3.6303754394
      
      
#  type   0  conf  1.0000
   2.0523815106   3.0199876838  -3.6303754394
   1.8290312172   2.6913377073  -2.9782066645
      
      
#  type   0  conf  1.0000
   1.8290312172   2.6913377073  -2.9782066645
   0.1627143231   0.2394268557  -1.1521181193
      
      
#  type   0  conf  1.0000
   0.1627143231   0.2394268557  -1.1521181193
  -0.1411936376  -0.2077601286  -0.8494722301
      
      
#  type   0  conf  1.0000
  -0.1411936376  -0.2077601286  -0.8494722301
  -0.4569535370  -0.6723867111  -1.1335674597
      
      
#  type   0  conf  1.0000
  -0.4569535370  -0.6723867111  -1.1335674597
  -2.1757968581  -3.2015878530  -3.0010218820
      
      
#  type   0  conf  1.0000
  -2.1757968581  -3.2015878530  -3.0010218820
  -2.3786952577  -3.5001437817  -3.5838766072
      
      
#  type   0  conf  1.0000
  -2.3786952577  -3.5001437817  -3.5838766072
  -2.3675199292  -3.4836997852  -3.8262370397
      
      
#  type   0  conf  1.0000
  -2.3675199292  -3.4836997852  -3.8262370397
  -2.0821347424  -3.0637682350  -4.3722698491
      
      
#  type   0  conf  1.0000
  -2.0821347424  -3.0637682350  -4.3722698491
  -1.7867912605  -2.6291834985  -4.6101838281
      
      
#  77  norm     0.8226405180   -0.5685618507    0.0000000000
# nedges  13 
#  type   0  conf  1.0000
   1.4933821010   2.1607440309  -4.5893673288
   1.7909017249   2.5912190921  -4.3601437990
      
      
#  type   0  conf  1.0000
   1.7909017249   2.5912190921  -4.3601437990
   2.0642194025   2.9866768521  -3.8572408161
      
      
#  type   0  conf  1.0000
   2.0642194025   2.9866768521  -3.8572408161
   2.0743516392   3.0013369782  -3.6332990775
      
      
#  type   0  conf  1.0000
   2.0743516392   3.0013369782  -3.6332990775
   1.8478110833   2.6735600793  -2.9784311245
      
      
#  type   0  conf  1.0000
   1.8478110833   2.6735600793  -2.9784311245
   0.1619802010   0.2343658413  -1.1533300899
      
      
#  type   0  conf  1.0000
   0.1619802010   0.2343658413  -1.1533300899
  -0.1426889727  -0.2064537574  -0.8491292913
      
      
#  type   0  conf  1.0000
  -0.1426889727  -0.2064537574  -0.8491292913
  -0.4577970497  -0.6623771919  -1.1324112717
      
      
#  type   0  conf  1.0000
  -0.4577970497  -0.6623771919  -1.1324112717
  -2.1988392731  -3.1814555907  -3.0009071737
      
      
#  type   0  conf  1.0000
  -2.1988392731  -3.1814555907  -3.0009071737
  -2.4047753628  -3.4794203086  -3.5842971456
      
      
#  type   0  conf  1.0000
  -2.4047753628  -3.4794203086  -3.5842971456
  -2.3935432091  -3.4631687351  -3.8243524525
      
      
#  type   0  conf  1.0000
  -2.3935432091  -3.4631687351  -3.8243524525
  -2.1089921292  -3.0514575950  -4.3637265857
      
      
#  type   0  conf  1.0000
  -2.1089921292  -3.0514575950  -4.3637265857
  -2.0941758013  -3.0300201531  -4.3801087094
      
      
#  type   0  conf  1.0000
  -2.0941758013  -3.0300201531  -4.3801087094
  -1.8072425016  -2.6148622278  -4.6070008090
      
      
#  78  norm     0.8181497174   -0.5750052520    0.0000000000
# nedges  12 
#  type   0  conf  1.0000
   1.5056648138   2.1423443310  -4.5892564158
   1.8084923730   2.5732243640  -4.3596324942
      
      
#  type   0  conf  1.0000
   1.8084923730   2.5732243640  -4.3596324942
   2.0859806325   2.9680502203  -3.8559908202
      
      
#  type   0  conf  1.0000
   2.0859806325   2.9680502203  -3.8559908202
   2.0950271261   2.9809220788  -3.6305299926
      
      
#  type   0  conf  1.0000
   2.0950271261   2.9809220788  -3.6305299926
   1.8655010250   2.6543394709  -2.9781427707
      
      
#  type   0  conf  1.0000
   1.8655010250   2.6543394709  -2.9781427707
   0.1617032794   0.2300804939  -1.1549474095
      
      
#  type   0  conf  1.0000
   0.1617032794   0.2300804939  -1.1549474095
  -0.1444611191  -0.2055473813  -0.8489492746
      
      
#  type   0  conf  1.0000
  -0.1444611191  -0.2055473813  -0.8489492746
  -0.4601834401  -0.6547748044  -1.1329126633
      
      
#  type   0  conf  1.0000
  -0.4601834401  -0.6547748044  -1.1329126633
  -2.2219427117  -3.1615046910  -3.0013942135
      
      
#  type   0  conf  1.0000
  -2.2219427117  -3.1615046910  -3.0013942135
  -2.4304087517  -3.4581218631  -3.5839844440
      
      
#  type   0  conf  1.0000
  -2.4304087517  -3.4581218631  -3.5839844440
  -2.4186990591  -3.4414606558  -3.8263660204
      
      
#  type   0  conf  1.0000
  -2.4186990591  -3.4414606558  -3.8263660204
  -2.1266717152  -3.0259477746  -4.3709511731
      
      
#  type   0  conf  1.0000
  -2.1266717152  -3.0259477746  -4.3709511731
  -1.8262992954  -2.5985610517  -4.6048881472
      
      
#  79  norm     0.8136084495   -0.5814131843   -0.0000000000
# nedges  12 
#  type   0  conf  1.0000
   1.5178933373   2.1240846923  -4.5898318574
   1.8264788023   2.5559079609  -4.3587989631
      
      
#  type   0  conf  1.0000
   1.8264788023   2.5559079609  -4.3587989631
   2.1066770211   2.9480071504  -3.8562434735
      
      
#  type   0  conf  1.0000
   2.1066770211   2.9480071504  -3.8562434735
   2.1163858871   2.9615933842  -3.6309713104
      
      
#  type   0  conf  1.0000
   2.1163858871   2.9615933842  -3.6309713104
   1.8833570027   2.6355012444  -2.9775999965
      
      
#  type   0  conf  1.0000
   1.8833570027   2.6355012444  -2.9775999965
   0.1528047908   0.2138294629  -1.1471563648
      
      
#  type   0  conf  1.0000
   0.1528047908   0.2138294629  -1.1471563648
  -0.1465070121  -0.2050165806  -0.8492546781
      
      
#  type   0  conf  1.0000
  -0.1465070121  -0.2050165806  -0.8492546781
  -0.4619111384  -0.6463816357  -1.1326528421
      
      
#  type   0  conf  1.0000
  -0.4619111384  -0.6463816357  -1.1326528421
  -2.2447263213  -3.1411883168  -3.0015188337
      
      
#  type   0  conf  1.0000
  -2.2447263213  -3.1411883168  -3.0015188337
  -2.4560820862  -3.4369518818  -3.5848118947
      
      
#  type   0  conf  1.0000
  -2.4560820862  -3.4369518818  -3.5848118947
  -2.4436019928  -3.4194876934  -3.8276675691
      
      
#  type   0  conf  1.0000
  -2.4436019928  -3.4194876934  -3.8276675691
  -2.1472498050  -3.0047832276  -4.3716784945
      
      
#  type   0  conf  1.0000
  -2.1472498050  -3.0047832276  -4.3716784945
  -1.8445936684  -2.5812572452  -4.6033146693
      
      
#  80  norm     0.8090169944   -0.5877852523    0.0000000000
# nedges  12 
#  type   0  conf  1.0000
   1.5300956238   2.1059959532  -4.5891965954
   1.8420921026   2.5354222659  -4.3600885076
      
      
#  type   0  conf  1.0000
   1.8420921026   2.5354222659  -4.3600885076
   2.1273972859   2.9281111619  -3.8561769503
      
      
#  type   0  conf  1.0000
   2.1273972859   2.9281111619  -3.8561769503
   2.1369757314   2.9412947612  -3.6312453353
      
      
#  type   0  conf  1.0000
   2.1369757314   2.9412947612  -3.6312453353
   1.9010717813   2.6166008293  -2.9777556980
      
      
#  type   0  conf  1.0000
   1.9010717813   2.6166008293  -2.9777556980
   0.1588765556   0.2186748187  -1.1551919468
      
      
#  type   0  conf  1.0000
   0.1588765556   0.2186748187  -1.1551919468
  -0.1477696116  -0.2033874218  -0.8488697157
      
      
#  type   0  conf  1.0000
  -0.1477696116  -0.2033874218  -0.8488697157
  -0.4632243126  -0.6375735690  -1.1323951191
      
      
#  type   0  conf  1.0000
  -0.4632243126  -0.6375735690  -1.1323951191
  -2.2667529596  -3.1199177918  -3.0013901908
      
      
#  type   0  conf  1.0000
  -2.2667529596  -3.1199177918  -3.0013901908
  -2.4807987829  -3.4145265931  -3.5839486940
      
      
#  type   0  conf  1.0000
  -2.4807987829  -3.4145265931  -3.5839486940
  -2.4692206686  -3.3985906860  -3.8251726444
      
      
#  type   0  conf  1.0000
  -2.4692206686  -3.3985906860  -3.8251726444
  -2.1693462558  -2.9858489658  -4.3703083259
      
      
#  type   0  conf  1.0000
  -2.1693462558  -2.9858489658  -4.3703083259
  -1.8589205190  -2.5585845940  -4.6049633526
      
      
#  81  norm     0.8043756353   -0.5941210629    0.0000000000
# nedges  13 
#  type   0  conf  1.0000
   1.5414285362   2.0869274555  -4.5894144560
   1.8586853225   2.5164588169  -4.3600744796
      
      
#  type   0  conf  1.0000
   1.8586853225   2.5164588169  -4.3600744796
   2.1481625861   2.9083797104  -3.8556874615
      
      
#  type   0  conf  1.0000
   2.1481625861   2.9083797104  -3.8556874615
   2.1572541705   2.9206887320  -3.6321576250
      
      
#  type   0  conf  1.0000
   2.1572541705   2.9206887320  -3.6321576250
   1.9260366355   2.6076452073  -2.9975792454
      
      
#  type   0  conf  1.0000
   1.9260366355   2.6076452073  -2.9975792454
   1.9040275224   2.5778472496  -2.9612634473
      
      
#  type   0  conf  1.0000
   1.9040275224   2.5778472496  -2.9612634473
  -0.0757091529  -0.1025020013  -0.9166412604
      
      
#  type   0  conf  1.0000
  -0.0757091529  -0.1025020013  -0.9166412604
  -0.1546316506  -0.2093545238  -0.8532597922
      
      
#  type   0  conf  1.0000
  -0.1546316506  -0.2093545238  -0.8532597922
  -0.4663401109  -0.6313740522  -1.1337622839
      
      
#  type   0  conf  1.0000
  -0.4663401109  -0.6313740522  -1.1337622839
  -2.2892160346  -3.0993508177  -3.0019683409
      
      
#  type   0  conf  1.0000
  -2.2892160346  -3.0993508177  -3.0019683409
  -2.5057665463  -3.3925367797  -3.5847681501
      
      
#  type   0  conf  1.0000
  -2.5057665463  -3.3925367797  -3.5847681501
  -2.4936330667  -3.3761093613  -3.8263737417
      
      
#  type   0  conf  1.0000
  -2.4936330667  -3.3761093613  -3.8263737417
  -2.1899248184  -2.9649212542  -4.3704211646
      
      
#  type   0  conf  1.0000
  -2.1899248184  -2.9649212542  -4.3704211646
  -1.8799068210  -2.5451904297  -4.6006966286
      
      
#  82  norm     0.7996846585   -0.6004202253    0.0000000000
# nedges  12 
#  type   0  conf  1.0000
   1.5533480692   2.0688653843  -4.5895382215
   1.8758929082   2.4984547761  -4.3589096625
      
      
#  type   0  conf  1.0000
   1.8758929082   2.4984547761  -4.3589096625
   2.1680790776   2.8876102163  -3.8556161591
      
      
#  type   0  conf  1.0000
   2.1680790776   2.8876102163  -3.8556161591
   2.1772806886   2.8998656115  -3.6305529110
      
      
#  type   0  conf  1.0000
   2.1772806886   2.8998656115  -3.6305529110
   1.9395008573   2.5831726102  -2.9881305736
      
      
#  type   0  conf  1.0000
   1.9395008573   2.5831726102  -2.9881305736
   1.9154374144   2.5511231134  -2.9556659549
      
      
#  type   0  conf  1.0000
   1.9154374144   2.5511231134  -2.9556659549
  -0.1481005950  -0.1972514728  -0.8457774348
      
      
#  type   0  conf  1.0000
  -0.1481005950  -0.1972514728  -0.8457774348
  -0.4674679221  -0.6226088161  -1.1333371188
      
      
#  type   0  conf  1.0000
  -0.4674679221  -0.6226088161  -1.1333371188
  -2.3106265236  -3.0774655891  -3.0018401411
      
      
#  type   0  conf  1.0000
  -2.3106265236  -3.0774655891  -3.0018401411
  -2.5297433398  -3.3693017880  -3.5830548898
      
      
#  type   0  conf  1.0000
  -2.5297433398  -3.3693017880  -3.5830548898
  -2.5180703144  -3.3537547779  -3.8263410419
      
      
#  type   0  conf  1.0000
  -2.5180703144  -3.3537547779  -3.8263410419
  -2.2098929526  -2.9433010691  -4.3708560292
      
      
#  type   0  conf  1.0000
  -2.2098929526  -2.9433010691  -4.3708560292
  -1.8974554325  -2.5271733621  -4.5990073038
      
      
#  83  norm     0.7949443534   -0.6066823510    0.0000000000
# nedges  13 
#  type   0  conf  1.0000
   1.5641275036   2.0494981021  -4.5893191249
   1.8907583529   2.4774870634  -4.3601426517
      
      
#  type   0  conf  1.0000
   1.8907583529   2.4774870634  -4.3601426517
   2.1872500821   2.8659843151  -3.8566945666
      
      
#  type   0  conf  1.0000
   2.1872500821   2.8659843151  -3.8566945666
   2.1974199558   2.8793100426  -3.6335846766
      
      
#  type   0  conf  1.0000
   2.1974199558   2.8793100426  -3.6335846766
   1.9612390701   2.5698389311  -3.0009134805
      
      
#  type   0  conf  1.0000
   1.9612390701   2.5698389311  -3.0009134805
   1.9432620092   2.5462833373  -2.9677981265
      
      
#  type   0  conf  1.0000
   1.9432620092   2.5462833373  -2.9677981265
  -0.1400736968  -0.1835405202  -0.8572611588
      
      
#  type   4  conf  0.0000
#  type   0  conf  1.0000
  -0.1649960005  -0.2161965626  -0.8594478228
  -0.4668130162  -0.6116716115  -1.1316274270
      
      
#  type   0  conf  1.0000
  -0.4668130162  -0.6116716115  -1.1316274270
  -2.3318193964  -3.0554155057  -3.0017575831
      
      
#  type   0  conf  1.0000
  -2.3318193964  -3.0554155057  -3.0017575831
  -2.5538627447  -3.3463620045  -3.5837854408
      
      
#  type   0  conf  1.0000
  -2.5538627447  -3.3463620045  -3.5837854408
  -2.5419080427  -3.3306975916  -3.8256599054
      
      
#  type   0  conf  1.0000
  -2.5419080427  -3.3306975916  -3.8256599054
  -2.2304015443  -2.9225262783  -4.3702482463
      
      
#  type   0  conf  1.0000
  -2.2304015443  -2.9225262783  -4.3702482463
  -1.9149752988  -2.5092188658  -4.5968957498
      
      
#  84  norm     0.7901550124   -0.6129070537    0.0000000000
# nedges  12 
#  type   0  conf  1.0000
   1.5751717329   2.0306991618  -4.5892295576
   1.9068589981   2.4583078074  -4.3589445854
      
      
#  type   0  conf  1.0000
   1.9068589981   2.4583078074  -4.3589445854
   2.2066379014   2.8447804409  -3.8560250860
      
      
#  type   0  conf  1.0000
   2.2066379014   2.8447804409  -3.8560250860
   2.2164603263   2.8574434347  -3.6322035018
      
      
#  type   0  conf  1.0000
   2.2164603263   2.8574434347  -3.6322035018
   1.9680658188   2.5372151652  -2.9765970677
      
      
#  type   0  conf  1.0000
   1.9680658188   2.5372151652  -2.9765970677
  -0.1532885299  -0.1976183820  -0.8472198123
      
      
#  type   0  conf  1.0000
  -0.1532885299  -0.1976183820  -0.8472198123
  -0.4686904472  -0.6042320837  -1.1324291501
      
      
#  type   0  conf  1.0000
  -0.4686904472  -0.6042320837  -1.1324291501
  -2.3529194867  -3.0333655242  -3.0020614089
      
      
#  type   0  conf  1.0000
  -2.3529194867  -3.0333655242  -3.0020614089
  -2.5773595812  -3.3227119506  -3.5842729628
      
      
#  type   0  conf  1.0000
  -2.5773595812  -3.3227119506  -3.5842729628
  -2.5656352120  -3.3075969849  -3.8256790675
      
      
#  type   0  conf  1.0000
  -2.5656352120  -3.3075969849  -3.8256790675
  -2.2550859225  -2.9072392533  -4.3612440068
      
      
#  type   0  conf  1.0000
  -2.2550859225  -2.9072392533  -4.3612440068
  -2.2414846500  -2.8897045984  -4.3761890859
      
      
#  type   0  conf  1.0000
  -2.2414846500  -2.8897045984  -4.3761890859
  -1.9322124437  -2.4909932725  -4.5949745408
      
      
#  85  norm     0.7853169309   -0.6190939493    0.0000000000
# nedges  12 
#  type   0  conf  1.0000
   1.5919404910   2.0193668860  -4.5843109739
   1.9215512532   2.4374761446  -4.3597191495
      
      
#  type   0  conf  1.0000
   1.9215512532   2.4374761446  -4.3597191495
   2.2255745921   2.8231279114  -3.8557023979
      
      
#  type   0  conf  1.0000
   2.2255745921   2.8231279114  -3.8557023979
   2.2352515764   2.8354031075  -3.6313362310
      
      
#  type   0  conf  1.0000
   2.2352515764   2.8354031075  -3.6313362310
   1.9841997470   2.5169453801  -2.9772348422
      
      
#  type   0  conf  1.0000
   1.9841997470   2.5169453801  -2.9772348422
  -0.1556211574  -0.1974044971  -0.8477576077
      
      
#  type   0  conf  1.0000
  -0.1556211574  -0.1974044971  -0.8477576077
  -0.4679609039  -0.5936055767  -1.1308680516
      
      
#  type   0  conf  1.0000
  -0.4679609039  -0.5936055767  -1.1308680516
  -2.3732347584  -3.0104339394  -3.0018901499
      
      
#  type   0  conf  1.0000
  -2.3732347584  -3.0104339394  -3.0018901499
  -2.6002508711  -3.2984025056  -3.5831135135
      
      
#  type   0  conf  1.0000
  -2.6002508711  -3.2984025056  -3.5831135135
  -2.5883821899  -3.2833471552  -3.8262851973
      
      
#  type   0  conf  1.0000
  -2.5883821899  -3.2833471552  -3.8262851973
  -2.2724261740  -2.8825588598  -4.3644510331
      
      
#  type   0  conf  1.0000
  -2.2724261740  -2.8825588598  -4.3644510331
  -2.2560241245  -2.8617529592  -4.3789770836
      
      
#  type   0  conf  1.0000
  -2.2560241245  -2.8617529592  -4.3789770836
  -1.9486083235  -2.4717978746  -4.5941804034
      
      
#  86  norm     0.7804304073   -0.6252426563    0.0000000000
# nedges  12 
#  type   0  conf  1.0000
   1.5948228088   1.9906642672  -4.5894306495
   1.9363256173   2.4169294512  -4.3592236271
      
      
#  type   0  conf  1.0000
   1.9363256173   2.4169294512  -4.3592236271
   2.2439334946   2.8008868453  -3.8563014052
      
      
#  type   0  conf  1.0000
   2.2439334946   2.8008868453  -3.8563014052
   2.2538448351   2.8132582205  -3.6332069244
      
      
#  type   0  conf  1.0000
   2.2538448351   2.8132582205  -3.6332069244
   2.0002728844   2.4967486881  -2.9778812167
      
      
#  type   0  conf  1.0000
   2.0002728844   2.4967486881  -2.9778812167
  -0.1582406434  -0.1975166099  -0.8479514787
      
      
#  type   0  conf  1.0000
  -0.1582406434  -0.1975166099  -0.8479514787
  -0.4712088757  -0.5881648206  -1.1331171524
      
      
#  type   0  conf  1.0000
  -0.4712088757  -0.5881648206  -1.1331171524
  -2.3933478907  -2.9873864976  -3.0018110968
      
      
#  type   0  conf  1.0000
  -2.3933478907  -2.9873864976  -3.0018110968
  -2.6234538800  -3.2746057222  -3.5847511117
      
      
#  type   0  conf  1.0000
  -2.6234538800  -3.2746057222  -3.5847511117
  -2.6111060917  -3.2591931630  -3.8255328447
      
      
#  type   0  conf  1.0000
  -2.6111060917  -3.2591931630  -3.8255328447
  -2.2934726739  -2.8627218489  -4.3613250193
      
      
#  type   0  conf  1.0000
  -2.2934726739  -2.8627218489  -4.3613250193
  -2.2784223561  -2.8439359814  -4.3765327937
      
      
#  type   0  conf  1.0000
  -2.2784223561  -2.8439359814  -4.3765327937
  -1.9647322191  -2.4523866863  -4.5919336924
      
      
#  87  norm     0.7754957432   -0.6313527954    0.0000000000
# nedges  11 
#  type   0  conf  1.0000
   1.6047146112   1.9710839311  -4.5890866155
   1.9502433389   2.3954996610  -4.3605316547
      
      
#  type   0  conf  1.0000
   1.9502433389   2.3954996610  -4.3605316547
   2.2626127374   2.7791855188  -3.8557044250
      
      
#  type   0  conf  1.0000
   2.2626127374   2.7791855188  -3.8557044250
   2.2722462027   2.7910183820  -3.6314792995
      
      
#  type   0  conf  1.0000
   2.2722462027   2.7910183820  -3.6314792995
   2.0157771322   2.4759953491  -2.9780205520
      
      
#  type   0  conf  1.0000
   2.0157771322   2.4759953491  -2.9780205520
  -0.1604578811  -0.1970917126  -0.8481849934
      
      
#  type   0  conf  1.0000
  -0.1604578811  -0.1970917126  -0.8481849934
  -0.4752980818  -0.5838124767  -1.1357972737
      
      
#  type   0  conf  1.0000
  -0.4752980818  -0.5838124767  -1.1357972737
  -2.4135560048  -2.9645903545  -3.0019781909
      
      
#  type   0  conf  1.0000
  -2.4135560048  -2.9645903545  -3.0019781909
  -2.6458496273  -3.2499184891  -3.5844167078
      
      
#  type   0  conf  1.0000
  -2.6458496273  -3.2499184891  -3.5844167078
  -2.6338360280  -3.2351620879  -3.8259452180
      
      
#  type   0  conf  1.0000
  -2.6338360280  -3.2351620879  -3.8259452180
  -2.3062157523  -2.8327434544  -4.3710653805
      
      
#  type   0  conf  1.0000
  -2.3062157523  -2.8327434544  -4.3710653805
  -1.9829335513  -2.4356533132  -4.5878228791
      
      
#  88  norm     0.7705132428   -0.6374239897   -0.0000000000
# nedges  12 
#  type   0  conf  1.0000
   1.6219746099   1.9606305010  -4.5838909993
   1.9637519351   2.3737683173  -4.3610935762
      
      
#  type   0  conf  1.0000
   1.9637519351   2.3737683173  -4.3610935762
   2.2804389078   2.7565771073  -3.8563598641
      
      
#  type   0  conf  1.0000
   2.2804389078   2.7565771073  -3.8563598641
   2.2903869437   2.7686022170  -3.6335297571
      
      
#  type   0  conf  1.0000
   2.2903869437   2.7686022170  -3.6335297571
   2.0357178772   2.4607601975  -2.9896879803
      
      
#  type   0  conf  1.0000
   2.0357178772   2.4607601975  -2.9896879803
   2.0175209869   2.4387639357  -2.9650919764
      
      
#  type   0  conf  1.0000
   2.0175209869   2.4387639357  -2.9650919764
  -0.1552948029  -0.1877191698  -0.8557521650
      
      
#  type   4  conf  0.0000
#  type   0  conf  1.0000
  -0.2165667582  -0.2617842406  -0.8907060156
  -2.4317524525  -2.9394837626  -2.9994231225
      
      
#  type   0  conf  1.0000
  -2.4317524525  -2.9394837626  -2.9994231225
  -2.6673979880  -3.2243302834  -3.5828906095
      
      
#  type   0  conf  1.0000
  -2.6673979880  -3.2243302834  -3.5828906095
  -2.6557973017  -3.2103074625  -3.8257687083
      
      
#  type   0  conf  1.0000
  -2.6557973017  -3.2103074625  -3.8257687083
  -2.3248043182  -2.8102056760  -4.3706428610
      
      
#  type   0  conf  1.0000
  -2.3248043182  -2.8102056760  -4.3706428610
  -1.9973074734  -2.4143299952  -4.5869901698
      
      
#  89  norm     0.7654832135   -0.6434558647    0.0000000000
# nedges  12 
#  type   0  conf  1.0000
   1.6285894658   1.9374411922  -4.5858118749
   1.9777277746   2.3527913806  -4.3612086403
      
      
#  type   0  conf  1.0000
   1.9777277746   2.3527913806  -4.3612086403
   2.2981654764   2.7339980726  -3.8561783605
      
      
#  type   0  conf  1.0000
   2.2981654764   2.7339980726  -3.8561783605
   2.3080196875   2.7457210728  -3.6319220617
      
      
#  type   0  conf  1.0000
   2.3080196875   2.7457210728  -3.6319220617
   2.0461654892   2.4342078763  -2.9789789304
      
      
#  type   0  conf  1.0000
   2.0461654892   2.4342078763  -2.9789789304
  -0.1568117868  -0.1865501537  -0.8556750593
      
      
#  type   4  conf  0.0000
#  type   0  conf  1.0000
  -0.2004484563  -0.2384622425  -0.8758374347
  -2.4380812422  -2.9004479814  -2.9874926765
      
      
#  type   0  conf  1.0000
  -2.4380812422  -2.9004479814  -2.9874926765
  -2.4603880085  -2.9269850854  -3.0220661236
      
      
#  type   0  conf  1.0000
  -2.4603880085  -2.9269850854  -3.0220661236
  -2.6898355371  -3.1999458915  -3.5846587792
      
      
#  type   0  conf  1.0000
  -2.6898355371  -3.1999458915  -3.5846587792
  -2.6772673000  -3.1849941674  -3.8253432560
      
      
#  type   0  conf  1.0000
  -2.6772673000  -3.1849941674  -3.8253432560
  -2.3431562701  -2.7875210868  -4.3707018235
      
      
#  type   0  conf  1.0000
  -2.3431562701  -2.7875210868  -4.3707018235
  -2.0112275636  -2.3926441933  -4.5858794845
      
      
#  90  norm     0.7604059656   -0.6494480483   -0.0000000000
# nedges  10 
#  type   0  conf  1.0000
   1.6362348985   1.9157849210  -4.5866806391
   1.9917534309   2.3320436404  -4.3609438016
      
      
#  type   0  conf  1.0000
   1.9917534309   2.3320436404  -4.3609438016
   2.3154462618   2.7110392510  -3.8564963039
      
      
#  type   0  conf  1.0000
   2.3154462618   2.7110392510  -3.8564963039
   2.3258099763   2.7231736017  -3.6344577109
      
      
#  type   0  conf  1.0000
   2.3258099763   2.7231736017  -3.6344577109
   2.0610594310   2.4131905405  -2.9792074162
      
      
#  type   0  conf  1.0000
   2.0610594310   2.4131905405  -2.9792074162
  -0.1685928310  -0.1973968430  -0.8461569111
      
      
#  type   0  conf  1.0000
  -0.1685928310  -0.1973968430  -0.8461569111
  -2.4703027168  -2.8923528641  -3.0004143888
      
      
#  type   0  conf  1.0000
  -2.4703027168  -2.8923528641  -3.0004143888
  -2.7110459729  -3.1742270011  -3.5840595255
      
      
#  type   0  conf  1.0000
  -2.7110459729  -3.1742270011  -3.5840595255
  -2.6986855753  -3.1597548349  -3.8262344438
      
      
#  type   0  conf  1.0000
  -2.6986855753  -3.1597548349  -3.8262344438
  -2.3603529151  -2.7636181865  -4.3705947862
      
      
#  type   0  conf  1.0000
  -2.3603529151  -2.7636181865  -4.3705947862
  -2.0239026595  -2.3696855507  -4.5866013974
      
      
#  91  norm     0.7552818123   -0.6554001709    0.0000000000
# nedges  10 
#  type   0  conf  1.0000
   1.6514247707   1.9030985175  -4.5825819860
   2.0057144649   2.3113812343  -4.3600431360
      
      
#  type   0  conf  1.0000
   2.0057144649   2.3113812343  -4.3600431360
   2.3324483028   2.6879086387  -3.8554521279
      
      
#  type   0  conf  1.0000
   2.3324483028   2.6879086387  -3.8554521279
   2.3419663311   2.6988771950  -3.6314416244
      
      
#  type   0  conf  1.0000
   2.3419663311   2.6988771950  -3.6314416244
   2.0746875107   2.3908656307  -2.9791493048
      
      
#  type   0  conf  1.0000
   2.0746875107   2.3908656307  -2.9791493048
  -0.1693711827  -0.1951830035  -0.8470326931
      
      
#  type   0  conf  1.0000
  -0.1693711827  -0.1951830035  -0.8470326931
  -2.4888131330  -2.8681031482  -3.0011304800
      
      
#  type   0  conf  1.0000
  -2.4888131330  -2.8681031482  -3.0011304800
  -2.7319845387  -3.1483333772  -3.5848418596
      
      
#  type   0  conf  1.0000
  -2.7319845387  -3.1483333772  -3.5848418596
  -2.7192726343  -3.1336842047  -3.8258630855
      
      
#  type   0  conf  1.0000
  -2.7192726343  -3.1336842047  -3.8258630855
  -2.3778183725  -2.7401930140  -4.3702173643
      
      
#  type   0  conf  1.0000
  -2.3778183725  -2.7401930140  -4.3702173643
  -2.0361467725  -2.3464513631  -4.5865570119
      
      
#  92  norm     0.7501110696   -0.6613118653    0.0000000000
# nedges  10 
#  type   0  conf  1.0000
   1.6568515310   1.8793291626  -4.5839435167
   2.0175961993   2.2885136688  -4.3611829165
      
      
#  type   0  conf  1.0000
   2.0175961993   2.2885136688  -4.3611829165
   2.3490454381   2.6644690328  -3.8554397798
      
      
#  type   0  conf  1.0000
   2.3490454381   2.6644690328  -3.8554397798
   2.3585892729   2.6752943885  -3.6322478471
      
      
#  type   0  conf  1.0000
   2.3585892729   2.6752943885  -3.6322478471
   2.0886028968   2.3690549574  -2.9798149043
      
      
#  type   0  conf  1.0000
   2.0886028968   2.3690549574  -2.9798149043
  -0.1700980214  -0.1929383328  -0.8477282608
      
      
#  type   0  conf  1.0000
  -0.1700980214  -0.1929383328  -0.8477282608
  -2.5067766262  -2.8433799467  -3.0014065089
      
      
#  type   0  conf  1.0000
  -2.5067766262  -2.8433799467  -3.0014065089
  -2.7522098146  -3.1217692531  -3.5844354731
      
      
#  type   0  conf  1.0000
  -2.7522098146  -3.1217692531  -3.5844354731
  -2.7395888976  -3.1074536328  -3.8262454369
      
      
#  type   0  conf  1.0000
  -2.7395888976  -3.1074536328  -3.8262454369
  -2.3948799013  -2.7164580263  -4.3697440081
      
      
#  type   0  conf  1.0000
  -2.3948799013  -2.7164580263  -4.3697440081
  -2.0489141267  -2.3240368845  -4.5860558149
      
      
#  93  norm     0.7448940566   -0.6671827669    0.0000000000
# nedges  10 
#  type   0  conf  1.0000
   1.6638442476   1.8576434413  -4.5848304785
   2.0309681891   2.2675287916  -4.3597756008
      
      
#  type   0  conf  1.0000
   2.0309681891   2.2675287916  -4.3597756008
   2.3647883618   2.6402312578  -3.8554016128
      
      
#  type   0  conf  1.0000
   2.3647883618   2.6402312578  -3.8554016128
   2.3746288779   2.6512179653  -3.6326389637
      
      
#  type   0  conf  1.0000
   2.3746288779   2.6512179653  -3.6326389637
   2.1018134436   2.3466258720  -2.9796883767
      
      
#  type   0  conf  1.0000
   2.1018134436   2.3466258720  -2.9796883767
  -0.1710145234  -0.1909337417  -0.8483639037
      
      
#  type   0  conf  1.0000
  -0.1710145234  -0.1909337417  -0.8483639037
  -2.5245940771  -2.8186506256  -3.0022043942
      
      
#  type   0  conf  1.0000
  -2.5245940771  -2.8186506256  -3.0022043942
  -2.7724529662  -3.0953793161  -3.5853229553
      
      
#  type   0  conf  1.0000
  -2.7724529662  -3.0953793161  -3.5853229553
  -2.7592625285  -3.0806524989  -3.8259835600
      
      
#  type   0  conf  1.0000
  -2.7592625285  -3.0806524989  -3.8259835600
  -2.4112617573  -2.6921177240  -4.3695976313
      
      
#  type   0  conf  1.0000
  -2.4112617573  -2.6921177240  -4.3695976313
  -2.0601260635  -2.3000828808  -4.5860291329
      
      
#  94  norm     0.7396310950   -0.6730125135    0.0000000000
# nedges  10 
#  type   0  conf  1.0000
   1.6696591838   1.8349314843  -4.5857710297
   2.0427904925   2.2449974383  -4.3599572137
      
      
#  type   0  conf  1.0000
   2.0427904925   2.2449974383  -4.3599572137
   2.3805970231   2.6162419681  -3.8548674034
      
      
#  type   0  conf  1.0000
   2.3805970231   2.6162419681  -3.8548674034
   2.3900325781   2.6266115077  -3.6323109407
      
      
#  type   0  conf  1.0000
   2.3900325781   2.6266115077  -3.6323109407
   2.1147106428   2.3240366514  -2.9799826247
      
      
#  type   0  conf  1.0000
   2.1147106428   2.3240366514  -2.9799826247
  -0.1720023211  -0.1890280828  -0.8487262540
      
      
#  type   0  conf  1.0000
  -0.1720023211  -0.1890280828  -0.8487262540
  -2.5419426234  -2.7935584676  -3.0027967491
      
      
#  type   0  conf  1.0000
  -2.5419426234  -2.7935584676  -3.0027967491
  -2.7915587559  -3.0678830154  -3.5844993889
      
      
#  type   0  conf  1.0000
  -2.7915587559  -3.0678830154  -3.5844993889
  -2.7788689772  -3.0539371307  -3.8263452932
      
      
#  type   0  conf  1.0000
  -2.7788689772  -3.0539371307  -3.8263452932
  -2.4268133110  -2.6670330053  -4.3700336436
      
      
#  type   0  conf  1.0000
  -2.4268133110  -2.6670330053  -4.3700336436
  -2.0713810404  -2.2764180402  -4.5854301337
      
      
#  95  norm     0.7343225094   -0.6788007455   -0.0000000000
# nedges  10 
#  type   0  conf  1.0000
   1.6748814935   1.8118765918  -4.5867765536
   2.0531949260   2.2211337574  -4.3617422077
      
      
#  type   0  conf  1.0000
   2.0531949260   2.2211337574  -4.3617422077
   2.3957687185   2.5917279982  -3.8561791057
      
      
#  type   0  conf  1.0000
   2.3957687185   2.5917279982  -3.8561791057
   2.4061566470   2.6029655960  -3.6339005411
      
      
#  type   0  conf  1.0000
   2.4061566470   2.6029655960  -3.6339005411
   2.1277838699   2.3018236223  -2.9799105916
      
      
#  type   0  conf  1.0000
   2.1277838699   2.3018236223  -2.9799105916
  -0.1732449760  -0.1874153591  -0.8490903320
      
      
#  type   0  conf  1.0000
  -0.1732449760  -0.1874153591  -0.8490903320
  -2.5594150400  -2.7687595915  -3.0035436989
      
      
#  type   0  conf  1.0000
  -2.5594150400  -2.7687595915  -3.0035436989
  -2.8112796199  -3.0412251590  -3.5854532189
      
      
#  type   0  conf  1.0000
  -2.8112796199  -3.0412251590  -3.5854532189
  -2.7983367762  -3.0272236695  -3.8254052727
      
      
#  type   0  conf  1.0000
  -2.7983367762  -3.0272236695  -3.8254052727
  -2.4427238565  -2.6425237803  -4.3701213767
      
      
#  type   0  conf  1.0000
  -2.4427238565  -2.6425237803  -4.3701213767
  -2.0831134665  -2.2534994522  -4.5851927718
      
      
#  96  norm     0.7289686274   -0.6845471059    0.0000000000
# nedges  10 
#  type   0  conf  1.0000
   1.6894224678   1.7990522008  -4.5826562633
   2.0660357433   2.2001046048  -4.3602792484
      
      
#  type   0  conf  1.0000
   2.0660357433   2.2001046048  -4.3602792484
   2.4111042255   2.5675652159  -3.8550617233
      
      
#  type   0  conf  1.0000
   2.4111042255   2.5675652159  -3.8550617233
   2.4204924837   2.5775626955  -3.6321968196
      
      
#  type   0  conf  1.0000
   2.4204924837   2.5775626955  -3.6321968196
   2.1400492657   2.2789210010  -2.9800391525
      
      
#  type   0  conf  1.0000
   2.1400492657   2.2789210010  -2.9800391525
  -0.1743046488  -0.1856155982  -0.8492951316
      
      
#  type   0  conf  1.0000
  -0.1743046488  -0.1856155982  -0.8492951316
  -2.5756515922  -2.7427903640  -3.0037399011
      
      
#  type   0  conf  1.0000
  -2.5756515922  -2.7427903640  -3.0037399011
  -2.8293757268  -3.0129791247  -3.5837415573
      
      
#  type   0  conf  1.0000
  -2.8293757268  -3.0129791247  -3.5837415573
  -2.8170738844  -2.9998789931  -3.8259442253
      
      
#  type   0  conf  1.0000
  -2.8170738844  -2.9998789931  -3.8259442253
  -2.4584421980  -2.6179750366  -4.3693367279
      
      
#  type   0  conf  1.0000
  -2.4584421980  -2.6179750366  -4.3693367279
  -2.0935385251  -2.2293920927  -4.5853072414
      
      
#  97  norm     0.7235697792   -0.6902512402    0.0000000000
# nedges  10 
#  type   0  conf  1.0000
   1.6937659099   1.7755242642  -4.5840837961
   2.0772335485   2.1775019477  -4.3606694960
      
      
#  type   0  conf  1.0000
   2.0772335485   2.1775019477  -4.3606694960
   2.4256186271   2.5427036303  -3.8556971422
      
      
#  type   0  conf  1.0000
   2.4256186271   2.5427036303  -3.8556971422
   2.4358750015   2.5534550816  -3.6334946663
      
      
#  type   0  conf  1.0000
   2.4358750015   2.5534550816  -3.6334946663
   2.1523542107   2.2562486964  -2.9802065159
      
      
#  type   0  conf  1.0000
   2.1523542107   2.2562486964  -2.9802065159
  -0.1757372848  -0.1842201520  -0.8493691775
      
      
#  type   0  conf  1.0000
  -0.1757372848  -0.1842201520  -0.8493691775
  -2.5924564347  -2.7175947259  -3.0046357032
      
      
#  type   0  conf  1.0000
  -2.5924564347  -2.7175947259  -3.0046357032
  -2.8489847475  -2.9865057018  -3.5871672819
      
      
#  type   0  conf  1.0000
  -2.8489847475  -2.9865057018  -3.5871672819
  -2.8344740244  -2.9712945438  -3.8279127683
      
      
#  type   0  conf  1.0000
  -2.8344740244  -2.9712945438  -3.8279127683
  -2.4724083717  -2.5917519235  -4.3705111658
      
      
#  type   0  conf  1.0000
  -2.4724083717  -2.5917519235  -4.3705111658
  -2.1040595052  -2.2056227977  -4.5845864076
      
      
#  98  norm     0.7181262978   -0.6959127966    0.0000000000
# nedges  10 
#  type   0  conf  1.0000
   1.6996367550   1.7538890741  -4.5844190924
   2.0880236663   2.1546732758  -4.3608435264
      
      
#  type   0  conf  1.0000
   2.0880236663   2.1546732758  -4.3608435264
   2.4401191938   2.5180076747  -3.8553764226
      
      
#  type   0  conf  1.0000
   2.4401191938   2.5180076747  -3.8553764226
   2.4499410498   2.5281430439  -3.6327014024
      
      
#  type   0  conf  1.0000
   2.4499410498   2.5281430439  -3.6327014024
   2.1641524515   2.2332320880  -2.9802374759
      
      
#  type   0  conf  1.0000
   2.1641524515   2.2332320880  -2.9802374759
  -0.1770296114  -0.1826803876  -0.8493686168
      
      
#  type   0  conf  1.0000
  -0.1770296114  -0.1826803876  -0.8493686168
  -2.6081155190  -2.6913664341  -3.0048357388
      
      
#  type   0  conf  1.0000
  -2.6081155190  -2.6913664341  -3.0048357388
  -2.8665097588  -2.9580086049  -3.5850343734
      
      
#  type   0  conf  1.0000
  -2.8665097588  -2.9580086049  -3.5850343734
  -2.8532055123  -2.9442796875  -3.8269171027
      
      
#  type   0  conf  1.0000
  -2.8532055123  -2.9442796875  -3.8269171027
  -2.4869492359  -2.5663325294  -4.3704607897
      
      
#  type   0  conf  1.0000
  -2.4869492359  -2.5663325294  -4.3704607897
  -2.1136091490  -2.1810754458  -4.5847876778
      
      
#  99  norm     0.7126385189   -0.7015314258    0.0000000000
# nedges  10 
#  type   0  conf  1.0000
   1.7039785484   1.7309570240  -4.5849677727
   2.0961053738   2.1292922515  -4.3627148059
      
      
#  type   0  conf  1.0000
   2.0961053738   2.1292922515  -4.3627148059
   2.4535551087   2.4924013587  -3.8564039056
      
      
#  type   0  conf  1.0000
   2.4535551087   2.4924013587  -3.8564039056
   2.4635909015   2.5025960446  -3.6328552997
      
      
#  type   0  conf  1.0000
   2.4635909015   2.5025960446  -3.6328552997
   2.1751672488   2.2096058845  -2.9801765496
      
      
#  type   0  conf  1.0000
   2.1751672488   2.2096058845  -2.9801765496
  -0.1784136842  -0.1812384435  -0.8493908118
      
      
#  type   0  conf  1.0000
  -0.1784136842  -0.1812384435  -0.8493908118
  -2.6232129716  -2.6647453532  -3.0051088506
      
      
#  type   0  conf  1.0000
  -2.6232129716  -2.6647453532  -3.0051088506
  -2.8837874821  -2.9294454455  -3.5851262798
      
      
#  type   0  conf  1.0000
  -2.8837874821  -2.9294454455  -3.5851262798
  -2.8705249483  -2.9159729308  -3.8264995500
      
      
#  type   0  conf  1.0000
  -2.8705249483  -2.9159729308  -3.8264995500
  -2.5019345393  -2.5415467633  -4.3694234657
      
      
#  type   0  conf  1.0000
  -2.5019345393  -2.5415467633  -4.3694234657
  -2.1223420757  -2.1559443496  -4.5851791426
      
      
# 100  norm     0.7071067812   -0.7071067812    0.0000000000
# nedges  10 
#  type   0  conf  1.0000
   1.7083522790   1.7083522790  -4.5855321027
   2.1071077839   2.1071077839  -4.3618601227
      
      
#  type   0  conf  1.0000
   2.1071077839   2.1071077839  -4.3618601227
   2.4668904778   2.4668904778  -3.8554511777
      
      
#  type   0  conf  1.0000
   2.4668904778   2.4668904778  -3.8554511777
   2.4771815015   2.4771815015  -3.6354579317
      
      
#  type   0  conf  1.0000
   2.4771815015   2.4771815015  -3.6354579317
   2.1863347909   2.1863347909  -2.9807144321
      
      
#  type   0  conf  1.0000
   2.1863347909   2.1863347909  -2.9807144321
  -0.1799360507  -0.1799360507  -0.8493350377
      
      
#  type   0  conf  1.0000
  -0.1799360507  -0.1799360507  -0.8493350377
  -2.6380830927  -2.6380830927  -3.0056813178
      
      
#  type   0  conf  1.0000
  -2.6380830927  -2.6380830927  -3.0056813178
  -2.9007184480  -2.9007184480  -3.5854713697
      
      
#  type   0  conf  1.0000
  -2.9007184480  -2.9007184480  -3.5854713697
  -2.8874481008  -2.8874481008  -3.8261356903
      
      
#  type   0  conf  1.0000
  -2.8874481008  -2.8874481008  -3.8261356903
  -2.5148126398  -2.5148126398  -4.3699473304
      
      
#  type   0  conf  1.0000
  -2.5148126398  -2.5148126398  -4.3699473304
  -2.1305892825  -2.1305892825  -4.5851463472
      
      
# 101  norm     0.7015314258   -0.7126385189    0.0000000000
# nedges  10 
#  type   0  conf  1.0000
   1.7123965528   1.6857073583  -4.5861503020
   2.1160548454   2.0830742842  -4.3623252249
      
      
#  type   0  conf  1.0000
   2.1160548454   2.0830742842  -4.3623252249
   2.4794864490   2.4408414891  -3.8561624519
      
      
#  type   0  conf  1.0000
   2.4794864490   2.4408414891  -3.8561624519
   2.4905525530   2.4517351183  -3.6362918624
      
      
#  type   0  conf  1.0000
   2.4905525530   2.4517351183  -3.6362918624
   2.1964564784   2.1622227876  -2.9803656879
      
      
#  type   0  conf  1.0000
   2.1964564784   2.1622227876  -2.9803656879
  -0.1813658312  -0.1785390865  -0.8493669596
      
      
#  type   0  conf  1.0000
  -0.1813658312  -0.1785390865  -0.8493669596
  -2.6522833765  -2.6109452257  -3.0058795919
      
      
#  type   0  conf  1.0000
  -2.6522833765  -2.6109452257  -3.0058795919
  -2.9168142593  -2.8713531639  -3.5847909457
      
      
#  type   0  conf  1.0000
  -2.9168142593  -2.8713531639  -3.5847909457
  -2.9033191610  -2.8580683985  -3.8273252661
      
      
#  type   0  conf  1.0000
  -2.9033191610  -2.8580683985  -3.8273252661
  -2.5276450098  -2.4882494567  -4.3701397343
      
      
#  type   0  conf  1.0000
  -2.5276450098  -2.4882494567  -4.3701397343
  -2.1386333063  -2.1053008400  -4.5852024702
      
      
# 102  norm     0.6959127966   -0.7181262978    0.0000000000
# nedges  11 
#  type   0  conf  1.0000
   1.7259962090   1.6726066884  -4.5812852593
   2.1262085770   2.0604394541  -4.3611962431
      
      
#  type   0  conf  1.0000
   2.1262085770   2.0604394541  -4.3611962431
   2.4923304313   2.4152362138  -3.8550298269
      
      
#  type   0  conf  1.0000
   2.4923304313   2.4152362138  -3.8550298269
   2.5018663388   2.4244771511  -3.6331182003
      
      
#  type   0  conf  1.0000
   2.5018663388   2.4244771511  -3.6331182003
   2.2059853818   2.1377485563  -2.9802860093
      
      
#  type   0  conf  1.0000
   2.2059853818   2.1377485563  -2.9802860093
  -0.1762271211  -0.1707759610  -0.8550471874
      
      
#  type   4  conf  0.0000
#  type   0  conf  1.0000
  -0.1927540679  -0.1867916867  -0.8578586771
  -2.6663411329  -2.5838643150  -3.0065656165
      
      
#  type   0  conf  1.0000
  -2.6663411329  -2.5838643150  -3.0065656165
  -2.9328732873  -2.8421519415  -3.5854548841
      
      
#  type   0  conf  1.0000
  -2.9328732873  -2.8421519415  -3.5854548841
  -2.9195376097  -2.8292287708  -3.8266030334
      
      
#  type   0  conf  1.0000
  -2.9195376097  -2.8292287708  -3.8266030334
  -2.5401099510  -2.4615377896  -4.3701139237
      
      
#  type   0  conf  1.0000
  -2.5401099510  -2.4615377896  -4.3701139237
  -2.1463991779  -2.0800055076  -4.5852676634
      
      
# 103  norm     0.6902512402   -0.7235697792    0.0000000000
# nedges  10 
#  type   0  conf  1.0000
   1.7297163057   1.6500672908  -4.5819081524
   2.1334398646   2.0352004117  -4.3629104059
      
      
#  type   0  conf  1.0000
   2.1334398646   2.0352004117  -4.3629104059
   2.5049517316   2.3896051067  -3.8557485701
      
      
#  type   0  conf  1.0000
   2.5049517316   2.3896051067  -3.8557485701
   2.5148358067   2.3990340455  -3.6343260505
      
      
#  type   0  conf  1.0000
   2.5148358067   2.3990340455  -3.6343260505
   2.2165670647   2.1144998167  -2.9807178393
      
      
#  type   0  conf  1.0000
   2.2165670647   2.1144998167  -2.9807178393
  -0.1840403640  -0.1755657756  -0.8491700807
      
      
#  type   0  conf  1.0000
  -0.1840403640  -0.1755657756  -0.8491700807
  -2.6801808889  -2.5567654093  -3.0065563976
      
      
#  type   0  conf  1.0000
  -2.6801808889  -2.5567654093  -3.0065563976
  -2.9491724359  -2.8133705831  -3.5862507962
      
      
#  type   0  conf  1.0000
  -2.9491724359  -2.8133705831  -3.5862507962
  -2.9355663687  -2.8003910405  -3.8264573801
      
      
#  type   0  conf  1.0000
  -2.9355663687  -2.8003910405  -3.8264573801
  -2.5537659284  -2.4361715346  -4.3694537849
      
      
#  type   0  conf  1.0000
  -2.5537659284  -2.4361715346  -4.3694537849
  -2.1540741234  -2.0548845157  -4.5856238999
      
      
# 104  norm     0.6845471059   -0.7289686274    0.0000000000
# nedges  10 
#  type   0  conf  1.0000
   1.7331140402   1.6275024135  -4.5826602161
   2.1441436366   2.0134848962  -4.3611368957
      
      
#  type   0  conf  1.0000
   2.1441436366   2.0134848962  -4.3611368957
   2.5169918669   2.3636126897  -3.8545955761
      
      
#  type   0  conf  1.0000
   2.5169918669   2.3636126897  -3.8545955761
   2.5257962227   2.3718805301  -3.6324977056
      
      
#  type   0  conf  1.0000
   2.5257962227   2.3718805301  -3.6324977056
   2.2258197143   2.0901838384  -2.9807851459
      
      
#  type   0  conf  1.0000
   2.2258197143   2.0901838384  -2.9807851459
  -0.1852739008  -0.1739837735  -0.8491537855
      
      
#  type   0  conf  1.0000
  -0.1852739008  -0.1739837735  -0.8491537855
  -2.6928649331  -2.5287684919  -3.0064304382
      
      
#  type   0  conf  1.0000
  -2.6928649331  -2.5287684919  -3.0064304382
  -2.9641039523  -2.7834788850  -3.5857197109
      
      
#  type   0  conf  1.0000
  -2.9641039523  -2.7834788850  -3.5857197109
  -2.9504929838  -2.7706973348  -3.8257793709
      
      
#  type   0  conf  1.0000
  -2.9504929838  -2.7706973348  -3.8257793709
  -2.5662014544  -2.4098235682  -4.3692216897
      
      
#  type   0  conf  1.0000
  -2.5662014544  -2.4098235682  -4.3692216897
  -2.1611416369  -2.0294470810  -4.5854283296
      
      
# 105  norm     0.6788007455   -0.7343225094   -0.0000000000
# nedges  10 
#  type   0  conf  1.0000
   1.7363512165   1.6050665547  -4.5832179204
   2.1526114919   1.9898535953  -4.3611949692
      
      
#  type   0  conf  1.0000
   2.1526114919   1.9898535953  -4.3611949692
   2.5276859657   2.3365688726  -3.8561876706
      
      
#  type   0  conf  1.0000
   2.5276859657   2.3365688726  -3.8561876706
   2.5382711972   2.3463537600  -3.6341653965
      
      
#  type   0  conf  1.0000
   2.5382711972   2.3463537600  -3.6341653965
   2.2348549234   2.0658786414  -2.9804174207
      
      
#  type   0  conf  1.0000
   2.2348549234   2.0658786414  -2.9804174207
  -0.1866436433  -0.1725316092  -0.8491958370
      
      
#  type   0  conf  1.0000
  -0.1866436433  -0.1725316092  -0.8491958370
  -2.7059001718  -2.5013083902  -3.0066840548
      
      
#  type   0  conf  1.0000
  -2.7059001718  -2.5013083902  -3.0066840548
  -2.9789076669  -2.7536739228  -3.5853094028
      
      
#  type   0  conf  1.0000
  -2.9789076669  -2.7536739228  -3.5853094028
  -2.9654149541  -2.7412013874  -3.8266038118
      
      
#  type   0  conf  1.0000
  -2.9654149541  -2.7412013874  -3.8266038118
  -2.5768495795  -2.3820152497  -4.3700279898
      
      
#  type   0  conf  1.0000
  -2.5768495795  -2.3820152497  -4.3700279898
  -2.1681641274  -2.0042303037  -4.5854803655
      
      
# 106  norm     0.6730125135   -0.7396310950    0.0000000000
# nedges  11 
#  type   0  conf  1.0000
   1.7392625072   1.5826071126  -4.5837623560
   2.1601747696   1.9656078026  -4.3615699816
      
      
#  type   0  conf  1.0000
   2.1601747696   1.9656078026  -4.3615699816
   2.5389455091   2.3102626571  -3.8559812816
      
      
#  type   0  conf  1.0000
   2.5389455091   2.3102626571  -3.8559812816
   2.5496302329   2.3199850076  -3.6347535561
      
      
#  type   0  conf  1.0000
   2.5496302329   2.3199850076  -3.6347535561
   2.2438343179   2.0417321344  -2.9805552952
      
      
#  type   0  conf  1.0000
   2.2438343179   2.0417321344  -2.9805552952
  -0.1875429609  -0.1706509642  -0.8491664948
      
      
#  type   0  conf  1.0000
  -0.1875429609  -0.1706509642  -0.8491664948
  -2.7135919855  -2.4691787233  -3.0025851800
      
      
#  type   0  conf  1.0000
  -2.7135919855  -2.4691787233  -3.0025851800
  -2.7289906553  -2.4831904347  -3.0291190393
      
      
#  type   0  conf  1.0000
  -2.7289906553  -2.4831904347  -3.0291190393
  -2.9933215011  -2.7237129981  -3.5855030427
      
      
#  type   0  conf  1.0000
  -2.9933215011  -2.7237129981  -3.5855030427
  -2.9798970041  -2.7114976457  -3.8267357438
      
      
#  type   0  conf  1.0000
  -2.9798970041  -2.7114976457  -3.8267357438
  -2.5880054912  -2.3549038060  -4.3701260086
      
      
#  type   0  conf  1.0000
  -2.5880054912  -2.3549038060  -4.3701260086
  -2.1748715750  -1.9789808665  -4.5854345998
      
      
# 107  norm     0.6671827669   -0.7448940566    0.0000000000
# nedges  11 
#  type   0  conf  1.0000
   1.7420738426   1.5603314809  -4.5837540838
   2.1671100487   1.9410256609  -4.3618879436
      
      
#  type   0  conf  1.0000
   2.1671100487   1.9410256609  -4.3618879436
   2.5500560925   2.2840207470  -3.8548601258
      
      
#  type   0  conf  1.0000
   2.5500560925   2.2840207470  -3.8548601258
   2.5596619998   2.2926245152  -3.6341975894
      
      
#  type   0  conf  1.0000
   2.5596619998   2.2926245152  -3.6341975894
   2.2516578954   2.0167530288  -2.9801931483
      
      
#  type   0  conf  1.0000
   2.2516578954   2.0167530288  -2.9801931483
  -0.1886239805  -0.1689457287  -0.8490571638
      
      
#  type   0  conf  1.0000
  -0.1886239805  -0.1689457287  -0.8490571638
  -2.7236213232  -2.4394787343  -3.0015324937
      
      
#  type   0  conf  1.0000
  -2.7236213232  -2.4394787343  -3.0015324937
  -2.7342270797  -2.4489780422  -3.0159657369
      
      
#  type   0  conf  1.0000
  -2.7342270797  -2.4489780422  -3.0159657369
  -3.0071885539  -2.6934627310  -3.5863201576
      
      
#  type   0  conf  1.0000
  -3.0071885539  -2.6934627310  -3.5863201576
  -2.9933266488  -2.6810469732  -3.8266841787
      
      
#  type   0  conf  1.0000
  -2.9933266488  -2.6810469732  -3.8266841787
  -2.5995533858  -2.3283542208  -4.3692628350
      
      
#  type   0  conf  1.0000
  -2.5995533858  -2.3283542208  -4.3692628350
  -2.1802587475  -1.9528026179  -4.5856124283
      
      
# 108  norm     0.6613118653   -0.7501110696    0.0000000000
# nedges  10 
#  type   0  conf  1.0000
   1.7444965243   1.5379805701  -4.5834919735
   2.1720553002   1.9149243363  -4.3633813804
      
      
#  type   0  conf  1.0000
   2.1720553002   1.9149243363  -4.3633813804
   2.5598024929   2.2567694706  -3.8552204021
      
      
#  type   0  conf  1.0000
   2.5598024929   2.2567694706  -3.8552204021
   2.5690227513   2.2648982217  -3.6336235789
      
      
#  type   0  conf  1.0000
   2.5690227513   2.2648982217  -3.6336235789
   2.2589484368   1.9915309411  -2.9797042516
      
      
#  type   0  conf  1.0000
   2.2589484368   1.9915309411  -2.9797042516
  -0.1898135607  -0.1673431642  -0.8486962624
      
      
#  type   0  conf  1.0000
  -0.1898135607  -0.1673431642  -0.8486962624
  -2.7414916722  -2.4169500290  -3.0075782698
      
      
#  type   0  conf  1.0000
  -2.7414916722  -2.4169500290  -3.0075782698
  -3.0202014008  -2.6626657076  -3.5863891865
      
      
#  type   0  conf  1.0000
  -3.0202014008  -2.6626657076  -3.5863891865
  -3.0063237725  -2.6504309325  -3.8265223552
      
      
#  type   0  conf  1.0000
  -3.0063237725  -2.6504309325  -3.8265223552
  -2.6080700673  -2.2993230615  -4.3706460974
      
      
#  type   0  conf  1.0000
  -2.6080700673  -2.2993230615  -4.3706460974
  -2.1850221890  -1.9263561866  -4.5849647700
      
      
# 109  norm     0.6554001709   -0.7552818123    0.0000000000
# nedges  10 
#  type   0  conf  1.0000
   1.7469350983   1.5159130584  -4.5841226212
   2.1807998510   1.8924017126  -4.3613701200
      
      
#  type   0  conf  1.0000
   2.1807998510   1.8924017126  -4.3613701200
   2.5694487026   2.2296540066  -3.8549064193
      
      
#  type   0  conf  1.0000
   2.5694487026   2.2296540066  -3.8549064193
   2.5782724277   2.2373108452  -3.6329423161
      
      
#  type   0  conf  1.0000
   2.5782724277   2.2373108452  -3.6329423161
   2.2654149188   1.9658269282  -2.9780114679
      
      
#  type   0  conf  1.0000
   2.2654149188   1.9658269282  -2.9780114679
  -0.1907780583  -0.1655487660  -0.8485219811
      
      
#  type   0  conf  1.0000
  -0.1907780583  -0.1655487660  -0.8485219811
  -2.7518307361  -2.3879170734  -3.0074782650
      
      
#  type   0  conf  1.0000
  -2.7518307361  -2.3879170734  -3.0074782650
  -3.0321258271  -2.6311447634  -3.5844933127
      
      
#  type   0  conf  1.0000
  -3.0321258271  -2.6311447634  -3.5844933127
  -3.0192241439  -2.6199492531  -3.8263219667
      
      
#  type   0  conf  1.0000
  -3.0192241439  -2.6199492531  -3.8263219667
  -2.6190774580  -2.2727196468  -4.3694684775
      
      
#  type   0  conf  1.0000
  -2.6190774580  -2.2727196468  -4.3694684775
  -2.1904395331  -1.9007666026  -4.5855856901
      
      
# 110  norm     0.6494480483   -0.7604059656   -0.0000000000
# nedges  11 
#  type   0  conf  1.0000
   1.7487131863   1.4935421568  -4.5835411084
   2.1842714318   1.8655440417  -4.3635673832
      
      
#  type   0  conf  1.0000
   2.1842714318   1.8655440417  -4.3635673832
   2.5776367182   2.2015097351  -3.8562476279
      
      
#  type   0  conf  1.0000
   2.5776367182   2.2015097351  -3.8562476279
   2.5885543722   2.2108342926  -3.6369607277
      
      
#  type   0  conf  1.0000
   2.5885543722   2.2108342926  -3.6369607277
   2.2714107926   1.9399680867  -2.9761224828
      
      
#  type   0  conf  1.0000
   2.2714107926   1.9399680867  -2.9761224828
  -0.1914661650  -0.1635275535  -0.8483198806
      
      
#  type   0  conf  1.0000
  -0.1914661650  -0.1635275535  -0.8483198806
  -2.7560019630  -2.3538480457  -3.0024699483
      
      
#  type   0  conf  1.0000
  -2.7560019630  -2.3538480457  -3.0024699483
  -2.7705416048  -2.3662660729  -3.0249355728
      
      
#  type   0  conf  1.0000
  -2.7705416048  -2.3662660729  -3.0249355728
  -3.0448293293  -2.6005299207  -3.5861906320
      
      
#  type   0  conf  1.0000
  -3.0448293293  -2.6005299207  -3.5861906320
  -3.0309351530  -2.5886631731  -3.8267805637
      
      
#  type   0  conf  1.0000
  -3.0309351530  -2.5886631731  -3.8267805637
  -2.6277358528  -2.2442984384  -4.3697694276
      
      
#  type   0  conf  1.0000
  -2.6277358528  -2.2442984384  -4.3697694276
  -2.1953454123  -1.8750021146  -4.5852966251
      
      
# 111  norm     0.6434558647   -0.7654832135    0.0000000000
# nedges  11 
#  type   0  conf  1.0000
   1.7504120858   1.4713750772  -4.5840225449
   2.1918290032   1.8424247609  -4.3629389168
      
      
#  type   0  conf  1.0000
   2.1918290032   1.8424247609  -4.3629389168
   2.5878087713   2.1752805305  -3.8546575312
      
      
#  type   0  conf  1.0000
   2.5878087713   2.1752805305  -3.8546575312
   2.5969140353   2.1829343044  -3.6340372050
      
      
#  type   0  conf  1.0000
   2.5969140353   2.1829343044  -3.6340372050
   2.2769984862   1.9140171909  -2.9732378311
      
      
#  type   0  conf  1.0000
   2.2769984862   1.9140171909  -2.9732378311
  -0.1681824028  -0.1413720791  -0.8687138348
      
      
#  type   0  conf  1.0000
  -0.1681824028  -0.1413720791  -0.8687138348
  -0.1991974766  -0.1674429724  -0.8535990471
      
      
#  type   0  conf  1.0000
  -0.1991974766  -0.1674429724  -0.8535990471
  -2.7719630408  -2.3300783662  -3.0073473612
      
      
#  type   0  conf  1.0000
  -2.7719630408  -2.3300783662  -3.0073473612
  -3.0565904700  -2.5693327161  -3.5844043225
      
      
#  type   0  conf  1.0000
  -3.0565904700  -2.5693327161  -3.5844043225
  -3.0435825604  -2.5583984257  -3.8265053248
      
      
#  type   0  conf  1.0000
  -3.0435825604  -2.5583984257  -3.8265053248
  -2.6371574422  -2.2167624221  -4.3698220921
      
      
#  type   0  conf  1.0000
  -2.6371574422  -2.2167624221  -4.3698220921
  -2.2006836882  -1.8498679013  -4.5850984516
      
      
# 112  norm     0.6374239897   -0.7705132428   -0.0000000000
# nedges  10 
#  type   0  conf  1.0000
   1.7521721532   1.4495228669  -4.5837122874
   2.1965995717   1.8171852022  -4.3633608795
      
      
#  type   0  conf  1.0000
   2.1965995717   1.8171852022  -4.3633608795
   2.5952055558   2.1469407503  -3.8560852398
      
      
#  type   0  conf  1.0000
   2.5952055558   2.1469407503  -3.8560852398
   2.6059776857   2.1558522312  -3.6355780613
      
      
#  type   0  conf  1.0000
   2.6059776857   2.1558522312  -3.6355780613
   2.2814073408   1.8873442904  -2.9697597514
      
      
#  type   0  conf  1.0000
   2.2814073408   1.8873442904  -2.9697597514
  -0.1929817524  -0.1596483899  -0.8474744187
      
      
#  type   0  conf  1.0000
  -0.1929817524  -0.1596483899  -0.8474744187
  -2.7818982641  -2.3013863905  -3.0080045540
      
      
#  type   0  conf  1.0000
  -2.7818982641  -2.3013863905  -3.0080045540
  -3.0681605013  -2.5382031084  -3.5859165897
      
      
#  type   0  conf  1.0000
  -3.0681605013  -2.5382031084  -3.5859165897
  -3.0548746605  -2.5272121051  -3.8260302796
      
      
#  type   0  conf  1.0000
  -3.0548746605  -2.5272121051  -3.8260302796
  -2.6466085303  -2.1894649891  -4.3690709208
      
      
#  type   0  conf  1.0000
  -2.6466085303  -2.1894649891  -4.3690709208
  -2.2040286693  -1.8233310863  -4.5854677180
      
      
# 113  norm     0.6313527954   -0.7754957432    0.0000000000
# nedges  11 
#  type   0  conf  1.0000
   1.7533675910   1.4274656434  -4.5844375868
   2.2035224617   1.7939493264  -4.3620268814
      
      
#  type   0  conf  1.0000
   2.2035224617   1.7939493264  -4.3620268814
   2.6045596938   2.1204449645  -3.8543043028
      
      
#  type   0  conf  1.0000
   2.6045596938   2.1204449645  -3.8543043028
   2.6136871971   2.1278759204  -3.6347007150
      
      
#  type   0  conf  1.0000
   2.6136871971   2.1278759204  -3.6347007150
   2.2917935668   1.8658133042  -2.9783712259
      
      
#  type   0  conf  1.0000
   2.2917935668   1.8658133042  -2.9783712259
   1.5432837177   1.2564304807  -2.3268110325
      
      
#  type   0  conf  1.0000
   1.5432837177   1.2564304807  -2.3268110325
  -0.1956177962  -0.1592579245  -0.8486143088
      
      
#  type   0  conf  1.0000
  -0.1956177962  -0.1592579245  -0.8486143088
  -2.7915864924  -2.2727087173  -3.0084959795
      
      
#  type   0  conf  1.0000
  -2.7915864924  -2.2727087173  -3.0084959795
  -3.0795402643  -2.5071399446  -3.5864842399
      
      
#  type   0  conf  1.0000
  -3.0795402643  -2.5071399446  -3.5864842399
  -3.0658961210  -2.4960318656  -3.8265151828
      
      
#  type   0  conf  1.0000
  -3.0658961210  -2.4960318656  -3.8265151828
  -2.6540881352  -2.1607674552  -4.3697961327
      
      
#  type   0  conf  1.0000
  -2.6540881352  -2.1607674552  -4.3697961327
  -2.2077601058  -1.7973993110  -4.5854004051
      
      
# 114  norm     0.6252426563   -0.7804304073    0.0000000000
# nedges  11 
#  type   0  conf  1.0000
   1.7639522067   1.4131921988  -4.5795019504
   2.2064452148   1.7676959460  -4.3638758073
      
      
#  type   0  conf  1.0000
   2.2064452148   1.7676959460  -4.3638758073
   2.6117808205   2.0924310004  -3.8556687790
      
      
#  type   0  conf  1.0000
   2.6117808205   2.0924310004  -3.8556687790
   2.6220659854   2.1006709713  -3.6356807313
      
      
#  type   0  conf  1.0000
   2.6220659854   2.1006709713  -3.6356807313
   2.2978004176   1.8408852645  -2.9788677475
      
      
#  type   0  conf  1.0000
   2.2978004176   1.8408852645  -2.9788677475
   1.5530090645   1.2441948746  -2.3280372316
      
      
#  type   0  conf  1.0000
   1.5530090645   1.2441948746  -2.3280372316
  -0.1968611127  -0.1577154912  -0.8485426589
      
      
#  type   0  conf  1.0000
  -0.1968611127  -0.1577154912  -0.8485426589
  -2.8003970034  -2.2435410573  -3.0084895285
      
      
#  type   0  conf  1.0000
  -2.8003970034  -2.2435410573  -3.0084895285
  -3.0904232130  -2.4758958656  -3.5874286709
      
      
#  type   0  conf  1.0000
  -3.0904232130  -2.4758958656  -3.5874286709
  -3.0760676681  -2.4643949054  -3.8270536341
      
      
#  type   0  conf  1.0000
  -3.0760676681  -2.4643949054  -3.8270536341
  -2.6611632216  -2.1319937639  -4.3706535726
      
      
#  type   0  conf  1.0000
  -2.6611632216  -2.1319937639  -4.3706535726
  -2.2118598642  -1.7720338982  -4.5840929620
      
      
# 115  norm     0.6190939493   -0.7853169309    0.0000000000
# nedges  11 
#  type   0  conf  1.0000
   1.7537572021   1.3825506998  -4.5844599870
   2.2104010401   1.7425396749  -4.3639992724
      
      
#  type   0  conf  1.0000
   2.2104010401   1.7425396749  -4.3639992724
   2.6185682469   2.0643127555  -3.8556683244
      
      
#  type   0  conf  1.0000
   2.6185682469   2.0643127555  -3.8556683244
   2.6286800908   2.0722842904  -3.6356377819
      
      
#  type   0  conf  1.0000
   2.6286800908   2.0722842904  -3.6356377819
   2.3030703768   1.8155942894  -2.9796315316
      
      
#  type   0  conf  1.0000
   2.3030703768   1.8155942894  -2.9796315316
   1.5613889202   1.2308997744  -2.3278280853
      
      
#  type   0  conf  1.0000
   1.5613889202   1.2308997744  -2.3278280853
  -0.1981388514  -0.1562000757  -0.8485666579
      
      
#  type   0  conf  1.0000
  -0.1981388514  -0.1562000757  -0.8485666579
  -2.8082101443  -2.2138143727  -3.0083066230
      
      
#  type   0  conf  1.0000
  -2.8082101443  -2.2138143727  -3.0083066230
  -3.0996742757  -2.4435861669  -3.5870757914
      
      
#  type   0  conf  1.0000
  -3.0996742757  -2.4435861669  -3.5870757914
  -3.0858753508  -2.4327079716  -3.8261634470
      
      
#  type   0  conf  1.0000
  -3.0858753508  -2.4327079716  -3.8261634470
  -2.6685271113  -2.1036971485  -4.3703577363
      
      
#  type   0  conf  1.0000
  -2.6685271113  -2.1036971485  -4.3703577363
  -2.2144158908  -1.7457047281  -4.5840526245
      
      
# 116  norm     0.6129070537   -0.7901550124   -0.0000000000
# nedges  11 
#  type   0  conf  1.0000
   1.7560217324   1.3621100788  -4.5834596404
   2.2157008538   1.7186737549  -4.3625125020
      
      
#  type   0  conf  1.0000
   2.2157008538   1.7186737549  -4.3625125020
   2.6247198621   2.0359414193  -3.8554282971
      
      
#  type   0  conf  1.0000
   2.6247198621   2.0359414193  -3.8554282971
   2.6352779151   2.0441310847  -3.6377122207
      
      
#  type   0  conf  1.0000
   2.6352779151   2.0441310847  -3.6377122207
   2.3081466423   1.7903820589  -2.9806509004
      
      
#  type   0  conf  1.0000
   2.3081466423   1.7903820589  -2.9806509004
   1.5644082197   1.2134794029  -2.3227412946
      
      
#  type   0  conf  1.0000
   1.5644082197   1.2134794029  -2.3227412946
  -0.1997805869  -0.1549657079  -0.8485628175
      
      
#  type   0  conf  1.0000
  -0.1997805869  -0.1549657079  -0.8485628175
  -2.8147003715  -2.1833054079  -3.0071656614
      
      
#  type   0  conf  1.0000
  -2.8147003715  -2.1833054079  -3.0071656614
  -3.1090611231  -2.4116350118  -3.5871653507
      
      
#  type   0  conf  1.0000
  -3.1090611231  -2.4116350118  -3.5871653507
  -3.0946599347  -2.4004643050  -3.8270674223
      
      
#  type   0  conf  1.0000
  -3.0946599347  -2.4004643050  -3.8270674223
  -2.6748781927  -2.0748482087  -4.3699581985
      
      
#  type   0  conf  1.0000
  -2.6748781927  -2.0748482087  -4.3699581985
  -2.2166554056  -1.7194141812  -4.5847289541
      
      
# 117  norm     0.6066823510   -0.7949443534    0.0000000000
# nedges  11 
#  type   0  conf  1.0000
   1.7562365066   1.3403173294  -4.5832911354
   2.2191557993   1.6936061648  -4.3625446407
      
      
#  type   0  conf  1.0000
   2.2191557993   1.6936061648  -4.3625446407
   2.6307290703   2.0077089552  -3.8553515231
      
      
#  type   0  conf  1.0000
   2.6307290703   2.0077089552  -3.8553515231
   2.6413240212   2.0157947662  -3.6373361667
      
      
#  type   0  conf  1.0000
   2.6413240212   2.0157947662  -3.6373361667
   2.3114412528   1.7640361963  -2.9798557112
      
      
#  type   0  conf  1.0000
   2.3114412528   1.7640361963  -2.9798557112
   1.5713749173   1.1992354245  -2.3211448425
      
      
#  type   0  conf  1.0000
   1.5713749173   1.1992354245  -2.3211448425
  -0.2011748811  -0.1535318155  -0.8483461165
      
      
#  type   0  conf  1.0000
  -0.2011748811  -0.1535318155  -0.8483461165
  -2.8213596878  -2.1531936432  -3.0061095557
      
      
#  type   0  conf  1.0000
  -2.8213596878  -2.1531936432  -3.0061095557
  -3.1175632396  -2.3792490475  -3.5877957874
      
      
#  type   0  conf  1.0000
  -3.1175632396  -2.3792490475  -3.5877957874
  -3.1034973297  -2.3685142844  -3.8260677774
      
      
#  type   0  conf  1.0000
  -3.1034973297  -2.3685142844  -3.8260677774
  -2.6830887003  -2.0476685616  -4.3683674819
      
      
#  type   0  conf  1.0000
  -2.6830887003  -2.0476685616  -4.3683674819
  -2.2186161160  -1.6931942915  -4.5851791267
      
      
# 118  norm     0.6004202253   -0.7996846585    0.0000000000
# nedges  12 
#  type   0  conf  1.0000
   1.7566883355   1.3189589109  -4.5825959654
   2.2217566036   1.6681420437  -4.3626619552
      
      
#  type   0  conf  1.0000
   2.2217566036   1.6681420437  -4.3626619552
   2.6363597139   1.9794348643  -3.8549621262
      
      
#  type   0  conf  1.0000
   2.6363597139   1.9794348643  -3.8549621262
   2.6464442336   1.9870065359  -3.6374660766
      
      
#  type   0  conf  1.0000
   2.6464442336   1.9870065359  -3.6374660766
   2.3162250855   1.7390709863  -2.9816111612
      
      
#  type   0  conf  1.0000
   2.3162250855   1.7390709863  -2.9816111612
   1.5816370690   1.1875267023  -2.3223903204
      
      
#  type   0  conf  1.0000
   1.5816370690   1.1875267023  -2.3223903204
  -0.1862099476  -0.1398103834  -0.8614752155
      
      
#  type   0  conf  1.0000
  -0.1862099476  -0.1398103834  -0.8614752155
  -0.2122485763  -0.1593607389  -0.8560099156
      
      
#  type   0  conf  1.0000
  -0.2122485763  -0.1593607389  -0.8560099156
  -2.8259907268  -2.1218138562  -3.0029875886
      
      
#  type   0  conf  1.0000
  -2.8259907268  -2.1218138562  -3.0029875886
  -3.1254971012  -2.3466896030  -3.5869005647
      
      
#  type   0  conf  1.0000
  -3.1254971012  -2.3466896030  -3.5869005647
  -3.1115154838  -2.3361919077  -3.8259742523
      
      
#  type   0  conf  1.0000
  -3.1115154838  -2.3361919077  -3.8259742523
  -2.6889067580  -2.0188883010  -4.3682123673
      
      
#  type   0  conf  1.0000
  -2.6889067580  -2.0188883010  -4.3682123673
  -2.2195950819  -1.6665191273  -4.5851651728
      
      
# 119  norm     0.5941210629   -0.8043756353    0.0000000000
# nedges  13 
#  type   0  conf  1.0000
   1.7564105315   1.2973049483  -4.5826875147
   2.2250834935   1.6434721692  -4.3627246825
      
      
#  type   0  conf  1.0000
   2.2250834935   1.6434721692  -4.3627246825
   2.6428466576   1.9520368301  -3.8544490230
      
      
#  type   0  conf  1.0000
   2.6428466576   1.9520368301  -3.8544490230
   2.6514902542   1.9584210896  -3.6345578022
      
      
#  type   0  conf  1.0000
   2.6514902542   1.9584210896  -3.6345578022
   2.3195606567   1.7132540848  -2.9809502833
      
      
#  type   0  conf  1.0000
   2.3195606567   1.7132540848  -2.9809502833
   1.6091997859   1.1885734044  -2.3396315103
      
      
#  type   0  conf  1.0000
   1.6091997859   1.1885734044  -2.3396315103
   1.5780666057   1.1655780807  -2.3121696988
      
      
#  type   0  conf  1.0000
   1.5780666057   1.1655780807  -2.3121696988
  -0.1869917768  -0.1381142694  -0.8616771340
      
      
#  type   4  conf  0.0000
#  type   0  conf  1.0000
  -0.2137171137  -0.1578539096  -0.8556473083
  -2.8309584162  -2.0909783309  -2.9995840905
      
      
#  type   0  conf  1.0000
  -2.8309584162  -2.0909783309  -2.9995840905
  -3.1338516489  -2.3146987439  -3.5867002825
      
      
#  type   0  conf  1.0000
  -3.1338516489  -2.3146987439  -3.5867002825
  -3.1199688533  -2.3044447520  -3.8259319167
      
      
#  type   0  conf  1.0000
  -3.1199688533  -2.3044447520  -3.8259319167
  -2.6941527829  -1.9899321223  -4.3691139260
      
      
#  type   0  conf  1.0000
  -2.6941527829  -1.9899321223  -4.3691139260
  -2.2209590667  -1.6404258204  -4.5850604892
      
      
# 120  norm     0.5877852523   -0.8090169944    0.0000000000
# nedges  13 
#  type   0  conf  1.0000
   1.7563693635   1.2760770375  -4.5819886174
   2.2271472089   1.6181171634  -4.3627945139
      
      
#  type   0  conf  1.0000
   2.2271472089   1.6181171634  -4.3627945139
   2.6468738261   1.9230664010  -3.8553235921
      
      
#  type   0  conf  1.0000
   2.6468738261   1.9230664010  -3.8553235921
   2.6573250659   1.9306596711  -3.6382465815
      
      
#  type   0  conf  1.0000
   2.6573250659   1.9306596711  -3.6382465815
   2.3231553418   1.6878711550  -2.9816134743
      
      
#  type   0  conf  1.0000
   2.3231553418   1.6878711550  -2.9816134743
   1.5918403935   1.1565397437  -2.3165425097
      
      
#  type   0  conf  1.0000
   1.5918403935   1.1565397437  -2.3165425097
  -0.2033483616  -0.1477412327  -0.8485025662
      
      
#  type   0  conf  1.0000
  -0.2033483616  -0.1477412327  -0.8485025662
  -1.8801483128  -1.3660077082  -2.2125470039
      
      
#  type   0  conf  1.0000
  -1.8801483128  -1.3660077082  -2.2125470039
  -2.1044348856  -1.5289614418  -2.3956234309
      
      
#  type   0  conf  1.0000
  -2.1044348856  -1.5289614418  -2.3956234309
  -2.8397265005  -2.0631820705  -3.0059195191
      
      
#  type   0  conf  1.0000
  -2.8397265005  -2.0631820705  -3.0059195191
  -3.1411308087  -2.2821651185  -3.5872326057
      
      
#  type   0  conf  1.0000
  -3.1411308087  -2.2821651185  -3.5872326057
  -3.1270485778  -2.2719337789  -3.8264772915
      
      
#  type   0  conf  1.0000
  -3.1270485778  -2.2719337789  -3.8264772915
  -2.6970827438  -1.9595453149  -4.3702291157
      
      
#  type   0  conf  1.0000
  -2.6970827438  -1.9595453149  -4.3702291157
  -2.2216856720  -1.6141491246  -4.5842129641
      
      
# 121  norm     0.5814131843   -0.8136084495    0.0000000000
# nedges  12 
#  type   0  conf  1.0000
   1.7557901735   1.2547061875  -4.5817464706
   2.2295351439   1.5932493430  -4.3628079085
      
      
#  type   0  conf  1.0000
   2.2295351439   1.5932493430  -4.3628079085
   2.6525892574   1.8955682771  -3.8543420813
      
      
#  type   0  conf  1.0000
   2.6525892574   1.8955682771  -3.8543420813
   2.6608870268   1.9014979507  -3.6344380575
      
      
#  type   0  conf  1.0000
   2.6608870268   1.9014979507  -3.6344380575
   2.3256071446   1.6619034085  -2.9810797191
      
      
#  type   0  conf  1.0000
   2.3256071446   1.6619034085  -2.9810797191
   1.5947059486   1.1395937004  -2.3116706179
      
      
#  type   0  conf  1.0000
   1.5947059486   1.1395937004  -2.3116706179
  -0.2041832826  -0.1459115286  -0.8484400561
      
      
#  type   0  conf  1.0000
  -0.2041832826  -0.1459115286  -0.8484400561
  -2.0979982701  -1.4992517048  -2.3822371972
      
      
#  type   0  conf  1.0000
  -2.0979982701  -1.4992517048  -2.3822371972
  -2.8461098175  -2.0338601116  -3.0071616593
      
      
#  type   0  conf  1.0000
  -2.8461098175  -2.0338601116  -3.0071616593
  -3.1481838778  -2.2497254230  -3.5870143827
      
      
#  type   0  conf  1.0000
  -3.1481838778  -2.2497254230  -3.5870143827
  -3.1343354438  -2.2398291859  -3.8257850268
      
      
#  type   0  conf  1.0000
  -3.1343354438  -2.2398291859  -3.8257850268
  -2.7043542678  -1.9325600998  -4.3684367685
      
      
#  type   0  conf  1.0000
  -2.7043542678  -1.9325600998  -4.3684367685
  -2.2227081059  -1.5883706695  -4.5848856141
      
      
# 122  norm     0.5750052520   -0.8181497174    0.0000000000
# nedges  14 
#  type   0  conf  1.0000
   1.7552700932   1.2336244832  -4.5813104790
   2.2314049404   1.5682576585  -4.3629777214
      
      
#  type   0  conf  1.0000
   2.2314049404   1.5682576585  -4.3629777214
   2.6560023450   1.8666697125  -3.8556776743
      
      
#  type   0  conf  1.0000
   2.6560023450   1.8666697125  -3.8556776743
   2.6667843214   1.8742474124  -3.6384998716
      
      
#  type   0  conf  1.0000
   2.6667843214   1.8742474124  -3.6384998716
   2.3290146512   1.6368589122  -2.9817725360
      
      
#  type   0  conf  1.0000
   2.3290146512   1.6368589122  -2.9817725360
   1.5958463661   1.1215796112  -2.3054163757
      
      
#  type   0  conf  1.0000
   1.5958463661   1.1215796112  -2.3054163757
  -0.2045090521  -0.1437313691  -0.8485011048
      
      
#  type   0  conf  1.0000
  -0.2045090521  -0.1437313691  -0.8485011048
  -2.0706795413  -1.4552979561  -2.3521103911
      
      
#  type   0  conf  1.0000
  -2.0706795413  -1.4552979561  -2.3521103911
  -2.1233295052  -1.4923009704  -2.3952859280
      
      
#  type   0  conf  1.0000
  -2.1233295052  -1.4923009704  -2.3952859280
  -2.8454522236  -1.9998173172  -3.0024128712
      
      
#  type   0  conf  1.0000
  -2.8454522236  -1.9998173172  -3.0024128712
  -2.8648337125  -2.0134388558  -3.0318122354
      
      
#  type   0  conf  1.0000
  -2.8648337125  -2.0134388558  -3.0318122354
  -3.1552608871  -2.2175544928  -3.5894746845
      
      
#  type   0  conf  1.0000
  -3.1552608871  -2.2175544928  -3.5894746845
  -3.1406921297  -2.2073153986  -3.8268307707
      
      
#  type   0  conf  1.0000
  -3.1406921297  -2.2073153986  -3.8268307707
  -2.7068736395  -1.9024226571  -4.3698918572
      
      
#  type   0  conf  1.0000
  -2.7068736395  -1.9024226571  -4.3698918572
  -2.2231650065  -1.5624665360  -4.5845374523
      
      
# 123  norm     0.5685618507   -0.8226405180    0.0000000000
# nedges  13 
#  type   0  conf  1.0000
   1.7541726652   1.2123833378  -4.5805084472
   2.2321339735   1.5427227267  -4.3630642577
      
      
#  type   0  conf  1.0000
   2.2321339735   1.5427227267  -4.3630642577
   2.6592122113   1.8378946615  -3.8553911950
      
      
#  type   0  conf  1.0000
   2.6592122113   1.8378946615  -3.8553911950
   2.6696772347   1.8451274842  -3.6386863301
      
      
#  type   0  conf  1.0000
   2.6696772347   1.8451274842  -3.6386863301
   2.3305657980   1.6107531471  -2.9818711218
      
      
#  type   0  conf  1.0000
   2.3305657980   1.6107531471  -2.9818711218
   1.5936718143   1.1014543732  -2.2963216589
      
      
#  type   0  conf  1.0000
   1.5936718143   1.1014543732  -2.2963216589
  -0.2052481452  -0.1418557228  -0.8484937350
      
      
#  type   0  conf  1.0000
  -0.2052481452  -0.1418557228  -0.8484937350
  -2.1147058044  -1.4615631245  -2.3797214138
      
      
#  type   0  conf  1.0000
  -2.1147058044  -1.4615631245  -2.3797214138
  -2.8557596105  -1.9737369286  -3.0081360436
      
      
#  type   0  conf  1.0000
  -2.8557596105  -1.9737369286  -3.0081360436
  -3.1602052112  -2.1841522320  -3.5870973498
      
      
#  type   0  conf  1.0000
  -3.1602052112  -2.1841522320  -3.5870973498
  -3.1466575384  -2.1747888591  -3.8256969966
      
      
#  type   0  conf  1.0000
  -3.1466575384  -2.1747888591  -3.8256969966
  -2.7119414067  -1.8743380511  -4.3676479912
      
      
#  type   0  conf  1.0000
  -2.7119414067  -1.8743380511  -4.3676479912
  -2.5511018814  -1.7631750143  -4.4397392765
      
      
#  type   0  conf  1.0000
  -2.5511018814  -1.7631750143  -4.4397392765
  -2.2220406284  -1.5357467866  -4.5844346697
      
      
# 124  norm     0.5620833779   -0.8270805743    0.0000000000
# nedges  12 
#  type   0  conf  1.0000
   1.7510317377   1.1899999401  -4.5803414345
   2.2305367936   1.5158712396  -4.3645749509
      
      
#  type   0  conf  1.0000
   2.2305367936   1.5158712396  -4.3645749509
   2.6622930814   1.8092925098  -3.8555422072
      
      
#  type   0  conf  1.0000
   2.6622930814   1.8092925098  -3.8555422072
   2.6719007297   1.8158218608  -3.6365234524
      
      
#  type   0  conf  1.0000
   2.6719007297   1.8158218608  -3.6365234524
   2.3305464895   1.5838377587  -2.9806678245
      
      
#  type   0  conf  1.0000
   2.3305464895   1.5838377587  -2.9806678245
   1.5895367540   1.0802480625  -2.2856532266
      
      
#  type   0  conf  1.0000
   1.5895367540   1.0802480625  -2.2856532266
  -0.2057009085  -0.1397941930  -0.8485717056
      
      
#  type   0  conf  1.0000
  -0.2057009085  -0.1397941930  -0.8485717056
  -2.1244284615  -1.4437600916  -2.3792503691
      
      
#  type   0  conf  1.0000
  -2.1244284615  -1.4437600916  -2.3792503691
  -2.8595508691  -1.9433487639  -3.0087499322
      
      
#  type   0  conf  1.0000
  -2.8595508691  -1.9433487639  -3.0087499322
  -3.1654923138  -2.1512663550  -3.5879583879
      
      
#  type   0  conf  1.0000
  -3.1654923138  -2.1512663550  -3.5879583879
  -3.1505296811  -2.1410977603  -3.8280424034
      
      
#  type   0  conf  1.0000
  -3.1505296811  -2.1410977603  -3.8280424034
  -2.7121350150  -1.8431650529  -4.3705120067
      
      
#  type   0  conf  1.0000
  -2.7121350150  -1.8431650529  -4.3705120067
  -2.2211340630  -1.5094811505  -4.5833938630
      
      
# 125  norm     0.5555702330   -0.8314696123    0.0000000000
# nedges  13 
#  type   0  conf  1.0000
   1.7512453511   1.1701447334  -4.5792116302
   2.2331001998   1.4921098499  -4.3628779548
      
      
#  type   0  conf  1.0000
   2.2331001998   1.4921098499  -4.3628779548
   2.6655490015   1.7810629012  -3.8535569374
      
      
#  type   0  conf  1.0000
   2.6655490015   1.7810629012  -3.8535569374
   2.6734529984   1.7863441830  -3.6350077445
      
      
#  type   0  conf  1.0000
   2.6734529984   1.7863441830  -3.6350077445
   2.3313691525   1.5577710648  -2.9806352226
      
      
#  type   0  conf  1.0000
   2.3313691525   1.5577710648  -2.9806352226
   1.5898756296   1.0623209327  -2.2785831439
      
      
#  type   0  conf  1.0000
   1.5898756296   1.0623209327  -2.2785831439
  -0.2057671916  -0.1374892418  -0.8485687009
      
      
#  type   0  conf  1.0000
  -0.2057671916  -0.1374892418  -0.8485687009
  -2.1149613454  -1.4131719910  -2.3636845336
      
      
#  type   0  conf  1.0000
  -2.1149613454  -1.4131719910  -2.3636845336
  -2.1365310865  -1.4275844312  -2.3813006722
      
      
#  type   0  conf  1.0000
  -2.1365310865  -1.4275844312  -2.3813006722
  -2.8622869167  -1.9125189734  -3.0082548065
      
      
#  type   0  conf  1.0000
  -2.8622869167  -1.9125189734  -3.0082548065
  -3.1694377666  -2.1177506099  -3.5864510047
      
      
#  type   0  conf  1.0000
  -3.1694377666  -2.1177506099  -3.5864510047
  -3.1559603578  -2.1087452932  -3.8268507639
      
      
#  type   0  conf  1.0000
  -3.1559603578  -2.1087452932  -3.8268507639
  -2.7152584929  -1.8142777214  -4.3697847025
      
      
#  type   0  conf  1.0000
  -2.7152584929  -1.8142777214  -4.3697847025
  -2.2190195680  -1.4827014725  -4.5845553093
      
      
# 126  norm     0.5490228180   -0.8358073614    0.0000000000
# nedges  12 
#  type   0  conf  1.0000
   1.7385024315   1.1419826483  -4.5828277892
   2.2298247792   1.4647211074  -4.3649373230
      
      
#  type   0  conf  1.0000
   2.2298247792   1.4647211074  -4.3649373230
   2.6671693007   1.7520027619  -3.8547367000
      
      
#  type   0  conf  1.0000
   2.6671693007   1.7520027619  -3.8547367000
   2.6758533141   1.7577070925  -3.6364069823
      
      
#  type   0  conf  1.0000
   2.6758533141   1.7577070925  -3.6364069823
   2.3317499858   1.5316734540  -2.9809650604
      
      
#  type   0  conf  1.0000
   2.3317499858   1.5316734540  -2.9809650604
   1.5872519798   1.0426296718  -2.2690742298
      
      
#  type   0  conf  1.0000
   1.5872519798   1.0426296718  -2.2690742298
  -0.2064749650  -0.1356287015  -0.8484171594
      
      
#  type   0  conf  1.0000
  -0.2064749650  -0.1356287015  -0.8484171594
  -2.1405581669  -1.4060839030  -2.3763193035
      
      
#  type   0  conf  1.0000
  -2.1405581669  -1.4060839030  -2.3763193035
  -2.8646363421  -1.8817143636  -3.0082346453
      
      
#  type   0  conf  1.0000
  -2.8646363421  -1.8817143636  -3.0082346453
  -3.1734560703  -2.0845710088  -3.5865701180
      
      
#  type   0  conf  1.0000
  -3.1734560703  -2.0845710088  -3.5865701180
  -3.1598873168  -2.0756580038  -3.8266568084
      
      
#  type   0  conf  1.0000
  -3.1598873168  -2.0756580038  -3.8266568084
  -2.7172940987  -1.7849286000  -4.3698221234
      
      
#  type   0  conf  1.0000
  -2.7172940987  -1.7849286000  -4.3698221234
  -2.2170713090  -1.4563436433  -4.5844367925
      
      
# 127  norm     0.5424415367   -0.8400935539    0.0000000000
# nedges  13 
#  type   0  conf  1.0000
   1.7368017915   1.1214387115  -4.5823682415
   2.2310418187   1.4405654547  -4.3644712013
      
      
#  type   0  conf  1.0000
   2.2310418187   1.4405654547  -4.3644712013
   2.6693091869   1.7235511098  -3.8546349865
      
      
#  type   0  conf  1.0000
   2.6693091869   1.7235511098  -3.8546349865
   2.6785417299   1.7295124873  -3.6390879511
      
      
#  type   0  conf  1.0000
   2.6785417299   1.7295124873  -3.6390879511
   2.3503188252   1.5175816423  -3.0136715829
      
      
#  type   0  conf  1.0000
   2.3503188252   1.5175816423  -3.0136715829
   2.3263521484   1.5021065551  -2.9748266356
      
      
#  type   0  conf  1.0000
   2.3263521484   1.5021065551  -2.9748266356
   1.5838808739   1.0226989258  -2.2589211496
      
      
#  type   0  conf  1.0000
   1.5838808739   1.0226989258  -2.2589211496
  -0.2069210444  -0.1336072260  -0.8483462582
      
      
#  type   0  conf  1.0000
  -0.2069210444  -0.1336072260  -0.8483462582
  -2.1502223065  -1.3883809567  -2.3765132663
      
      
#  type   0  conf  1.0000
  -2.1502223065  -1.3883809567  -2.3765132663
  -2.8679723428  -1.8518262847  -3.0085075821
      
      
#  type   0  conf  1.0000
  -2.8679723428  -1.8518262847  -3.0085075821
  -3.1776842321  -2.0518047185  -3.5865598538
      
      
#  type   0  conf  1.0000
  -3.1776842321  -2.0518047185  -3.5865598538
  -3.1640623462  -2.0430091782  -3.8271396814
      
      
#  type   0  conf  1.0000
  -3.1640623462  -2.0430091782  -3.8271396814
  -2.7198563828  -1.7561890208  -4.3695844448
      
      
#  type   0  conf  1.0000
  -2.7198563828  -1.7561890208  -4.3695844448
  -2.2155269173  -1.4305476098  -4.5844183619
      
      
# 128  norm     0.5358267950   -0.8443279255    0.0000000000
# nedges  14 
#  type   0  conf  1.0000
   1.7347922437   1.1009326351  -4.5813456962
   2.2299718356   1.4151831598  -4.3646144041
      
      
#  type   0  conf  1.0000
   2.2299718356   1.4151831598  -4.3646144041
   2.6702490028   1.6945915464  -3.8545909968
      
      
#  type   0  conf  1.0000
   2.6702490028   1.6945915464  -3.8545909968
   2.6797087747   1.7005949002  -3.6396299806
      
      
#  type   0  conf  1.0000
   2.6797087747   1.7005949002  -3.6396299806
   2.3440709851   1.4875926819  -3.0026243270
      
      
#  type   0  conf  1.0000
   2.3440709851   1.4875926819  -3.0026243270
   2.3258421797   1.4760243303  -2.9747240789
      
      
#  type   0  conf  1.0000
   2.3258421797   1.4760243303  -2.9747240789
   1.6411343617   1.0414955358  -2.3078286531
      
      
#  type   0  conf  1.0000
   1.6411343617   1.0414955358  -2.3078286531
   1.3407247379   0.8508497914  -2.0570160936
      
      
#  type   0  conf  1.0000
   1.3407247379   0.8508497914  -2.0570160936
  -0.2088431337  -0.1325358828  -0.8493360581
      
      
#  type   0  conf  1.0000
  -0.2088431337  -0.1325358828  -0.8493360581
  -2.1598545564  -1.3706853814  -2.3770769873
      
      
#  type   0  conf  1.0000
  -2.1598545564  -1.3706853814  -2.3770769873
  -2.8699349120  -1.8213160779  -3.0089436267
      
      
#  type   0  conf  1.0000
  -2.8699349120  -1.8213160779  -3.0089436267
  -3.1810758001  -2.0187720897  -3.5877463136
      
      
#  type   0  conf  1.0000
  -3.1810758001  -2.0187720897  -3.5877463136
  -3.1668676640  -2.0097553323  -3.8265537717
      
      
#  type   0  conf  1.0000
  -3.1668676640  -2.0097553323  -3.8265537717
  -2.7215326223  -1.7271371210  -4.3691551140
      
      
#  type   0  conf  1.0000
  -2.7215326223  -1.7271371210  -4.3691551140
  -2.2130321660  -1.4044329186  -4.5844559664
      
      
# 129  norm     0.5291790010   -0.8485102150    0.0000000000
# nedges  13 
#  type   0  conf  1.0000
   1.7326520532   1.0805798992  -4.5812142296
   2.2312172392   1.3915133710  -4.3628271045
      
      
#  type   0  conf  1.0000
   2.2312172392   1.3915133710  -4.3628271045
   2.6721620834   1.6665115361  -3.8538407844
      
      
#  type   0  conf  1.0000
   2.6721620834   1.6665115361  -3.8538407844
   2.6801225165   1.6714761127  -3.6359972422
      
      
#  type   0  conf  1.0000
   2.6801225165   1.6714761127  -3.6359972422
   2.3321513883   1.4544616199  -2.9808646136
      
      
#  type   0  conf  1.0000
   2.3321513883   1.4544616199  -2.9808646136
   1.6477517082   1.0276312381  -2.3080069856
      
      
#  type   0  conf  1.0000
   1.6477517082   1.0276312381  -2.3080069856
   1.3504233366   0.8422004350  -2.0571843201
      
      
#  type   0  conf  1.0000
   1.3504233366   0.8422004350  -2.0571843201
  -0.2096285876  -0.1307362535  -0.8493768188
      
      
#  type   0  conf  1.0000
  -0.2096285876  -0.1307362535  -0.8493768188
  -2.1693495615  -1.3529291851  -2.3775906043
      
      
#  type   0  conf  1.0000
  -2.1693495615  -1.3529291851  -2.3775906043
  -2.8721982236  -1.7912653964  -3.0091960741
      
      
#  type   0  conf  1.0000
  -2.8721982236  -1.7912653964  -3.0091960741
  -3.1842818218  -1.9858983940  -3.5885031751
      
      
#  type   0  conf  1.0000
  -3.1842818218  -1.9858983940  -3.5885031751
  -3.1702370514  -1.9771392803  -3.8264565976
      
      
#  type   0  conf  1.0000
  -3.1702370514  -1.9771392803  -3.8264565976
  -2.7227234470  -1.6980444645  -4.3692789088
      
      
#  type   0  conf  1.0000
  -2.7227234470  -1.6980444645  -4.3692789088
  -2.2098511691  -1.3781882802  -4.5848002100
      
      
# 130  norm     0.5224985647   -0.8526401644    0.0000000000
# nedges  13 
#  type   0  conf  1.0000
   1.7304988582   1.0604510642  -4.5804588975
   2.2302563363   1.3667028407  -4.3628401912
      
      
#  type   0  conf  1.0000
   2.2302563363   1.3667028407  -4.3628401912
   2.6730182151   1.6380276689  -3.8540609677
      
      
#  type   0  conf  1.0000
   2.6730182151   1.6380276689  -3.8540609677
   2.6810471451   1.6429478036  -3.6360131475
      
      
#  type   0  conf  1.0000
   2.6810471451   1.6429478036  -3.6360131475
   2.3316489810   1.4288363332  -2.9808644735
      
      
#  type   0  conf  1.0000
   2.3316489810   1.4288363332  -2.9808644735
   1.6565934774   1.0151617886  -2.3104956121
      
      
#  type   0  conf  1.0000
   1.6565934774   1.0151617886  -2.3104956121
   1.3607765996   0.8338849727  -2.0577085221
      
      
#  type   0  conf  1.0000
   1.3607765996   0.8338849727  -2.0577085221
  -0.2104534859  -0.1289660620  -0.8494455706
      
      
#  type   0  conf  1.0000
  -0.2104534859  -0.1289660620  -0.8494455706
  -2.1786226406  -1.3350616712  -2.3782275303
      
      
#  type   0  conf  1.0000
  -2.1786226406  -1.3350616712  -2.3782275303
  -2.8736042843  -1.7609469702  -3.0090969752
      
      
#  type   0  conf  1.0000
  -2.8736042843  -1.7609469702  -3.0090969752
  -3.1868519247  -1.9529053711  -3.5877965743
      
      
#  type   0  conf  1.0000
  -3.1868519247  -1.9529053711  -3.5877965743
  -3.1729282670  -1.9443729427  -3.8270406846
      
      
#  type   0  conf  1.0000
  -3.1729282670  -1.9443729427  -3.8270406846
  -2.7230622916  -1.6686947185  -4.3696063509
      
      
#  type   0  conf  1.0000
  -2.7230622916  -1.6686947185  -4.3696063509
  -2.2073640795  -1.3526744477  -4.5844055223
      
      
# 131  norm     0.5157858983   -0.8567175189    0.0000000000
# nedges  13 
#  type   0  conf  1.0000
   1.7272354084   1.0398802955  -4.5787922541
   2.2242099062   1.3390832791  -4.3655209900
      
      
#  type   0  conf  1.0000
   2.2242099062   1.3390832791  -4.3655209900
   2.6715050764   1.6083768748  -3.8558838472
      
      
#  type   0  conf  1.0000
   2.6715050764   1.6083768748  -3.8558838472
   2.6816690686   1.6144960959  -3.6383997416
      
      
#  type   0  conf  1.0000
   2.6816690686   1.6144960959  -3.6383997416
   2.3294405980   1.4024373086  -2.9804656259
      
      
#  type   0  conf  1.0000
   2.3294405980   1.4024373086  -2.9804656259
   1.6649202162   1.0023634984  -2.3130960626
      
      
#  type   0  conf  1.0000
   1.6649202162   1.0023634984  -2.3130960626
   1.3727493946   0.8264623567  -2.0592599703
      
      
#  type   0  conf  1.0000
   1.3727493946   0.8264623567  -2.0592599703
  -0.2112128799  -0.1271604964  -0.8494357081
      
      
#  type   0  conf  1.0000
  -0.2112128799  -0.1271604964  -0.8494357081
  -2.1866058684  -1.3164438070  -2.3781643600
      
      
#  type   0  conf  1.0000
  -2.1866058684  -1.3164438070  -2.3781643600
  -2.8734185576  -1.7299386779  -3.0090062824
      
      
#  type   0  conf  1.0000
  -2.8734185576  -1.7299386779  -3.0090062824
  -3.1876172994  -1.9191017062  -3.5870174405
      
      
#  type   0  conf  1.0000
  -3.1876172994  -1.9191017062  -3.5870174405
  -3.1743511553  -1.9111148378  -3.8268820387
      
      
#  type   0  conf  1.0000
  -3.1743511553  -1.9111148378  -3.8268820387
  -2.7220974495  -1.6388359609  -4.3696462000
      
      
#  type   0  conf  1.0000
  -2.7220974495  -1.6388359609  -4.3696462000
  -2.2033767827  -1.3265407186  -4.5845376674
      
      
# 132  norm     0.5090414158   -0.8607420270    0.0000000000
# nedges  13 
#  type   0  conf  1.0000
   1.7225133179   1.0186915365  -4.5783822420
   2.2217266041   1.3139254509  -4.3654465711
      
      
#  type   0  conf  1.0000
   2.2217266041   1.3139254509  -4.3654465711
   2.6707321682   1.5794666013  -3.8550374517
      
      
#  type   0  conf  1.0000
   2.6707321682   1.5794666013  -3.8550374517
   2.6803173548   1.5851352648  -3.6382870720
      
      
#  type   0  conf  1.0000
   2.6803173548   1.5851352648  -3.6382870720
   2.3276583578   1.3765733154  -2.9811152872
      
      
#  type   0  conf  1.0000
   2.3276583578   1.3765733154  -2.9811152872
   1.6705220179   0.9879439674  -2.3130898915
      
      
#  type   0  conf  1.0000
   1.6705220179   0.9879439674  -2.3130898915
   1.3812733661   0.8168827915  -2.0582881170
      
      
#  type   0  conf  1.0000
   1.3812733661   0.8168827915  -2.0582881170
  -0.2119600301  -0.1253528124  -0.8495455667
      
      
#  type   0  conf  1.0000
  -0.2119600301  -0.1253528124  -0.8495455667
  -2.1934876128  -1.2972249580  -2.3770666676
      
      
#  type   0  conf  1.0000
  -2.1934876128  -1.2972249580  -2.3770666676
  -2.8738156314  -1.6995698266  -3.0101318038
      
      
#  type   0  conf  1.0000
  -2.8738156314  -1.6995698266  -3.0101318038
  -3.1884913268  -1.8856685141  -3.5881922689
      
      
#  type   0  conf  1.0000
  -3.1884913268  -1.8856685141  -3.5881922689
  -3.1749049560  -1.8776335568  -3.8268343424
      
      
#  type   0  conf  1.0000
  -3.1749049560  -1.8776335568  -3.8268343424
  -2.7214743853  -1.6094754648  -4.3695091611
      
      
#  type   0  conf  1.0000
  -2.7214743853  -1.6094754648  -4.3695091611
  -2.1992083853  -1.3006082134  -4.5839762191
      
      
# 133  norm     0.5022655331   -0.8647134405    0.0000000000
# nedges  14 
#  type   0  conf  1.0000
   1.7094084260   0.9929034223  -4.5815306356
   2.2181699014   1.2884156021  -4.3656872140
      
      
#  type   0  conf  1.0000
   2.2181699014   1.2884156021  -4.3656872140
   2.6702540147   1.5510069504  -3.8545869147
      
      
#  type   0  conf  1.0000
   2.6702540147   1.5510069504  -3.8545869147
   2.6789043091   1.5560314412  -3.6397714339
      
      
#  type   0  conf  1.0000
   2.6789043091   1.5560314412  -3.6397714339
   2.3336366483   1.3554840256  -2.9960982735
      
      
#  type   0  conf  1.0000
   2.3336366483   1.3554840256  -2.9960982735
   2.3113405161   1.3425334015  -2.9668146257
      
      
#  type   0  conf  1.0000
   2.3113405161   1.3425334015  -2.9668146257
   1.6763522790   0.9737028843  -2.3134273160
      
      
#  type   0  conf  1.0000
   1.6763522790   0.9737028843  -2.3134273160
   1.3901396489   0.8074573601  -2.0576233766
      
      
#  type   0  conf  1.0000
   1.3901396489   0.8074573601  -2.0576233766
  -0.2127811350  -0.1235931179  -0.8493707434
      
      
#  type   0  conf  1.0000
  -0.2127811350  -0.1235931179  -0.8493707434
  -2.1977968557  -1.2765819955  -2.3743895936
      
      
#  type   0  conf  1.0000
  -2.1977968557  -1.2765819955  -2.3743895936
  -2.8725469532  -1.6685080390  -3.0091385871
      
      
#  type   0  conf  1.0000
  -2.8725469532  -1.6685080390  -3.0091385871
  -3.1888071272  -1.8522065655  -3.5881743876
      
      
#  type   0  conf  1.0000
  -3.1888071272  -1.8522065655  -3.5881743876
  -3.1750277128  -1.8442028447  -3.8266007890
      
      
#  type   0  conf  1.0000
  -3.1750277128  -1.8442028447  -3.8266007890
  -2.7205256367  -1.5802070320  -4.3695364687
      
      
#  type   0  conf  1.0000
  -2.7205256367  -1.5802070320  -4.3695364687
  -2.1933022125  -1.2739712991  -4.5843810858
      
      
# 134  norm     0.4954586684   -0.8686315144    0.0000000000
# nedges  14 
#  type   0  conf  1.0000
   1.7064533787   0.9733438227  -4.5805615688
   2.2178671245   1.2650490732  -4.3633271649
      
      
#  type   0  conf  1.0000
   2.2178671245   1.2650490732  -4.3633271649
   2.6679974521   1.5217988791  -3.8544307487
      
      
#  type   0  conf  1.0000
   2.6679974521   1.5217988791  -3.8544307487
   2.6773824907   1.5271520106  -3.6406440287
      
      
#  type   0  conf  1.0000
   2.6773824907   1.5271520106  -3.6406440287
   2.3327895055   1.3305996420  -3.0002290128
      
      
#  type   0  conf  1.0000
   2.3327895055   1.3305996420  -3.0002290128
   2.3103050744   1.3177747489  -2.9687176432
      
      
#  type   0  conf  1.0000
   2.3103050744   1.3177747489  -2.9687176432
   1.6822397963   0.9595326391  -2.3143451120
      
      
#  type   0  conf  1.0000
   1.6822397963   0.9595326391  -2.3143451120
   1.4004875129   0.7988239740  -2.0582769817
      
      
#  type   0  conf  1.0000
   1.4004875129   0.7988239740  -2.0582769817
  -0.2135720040  -0.1218193203  -0.8492756379
      
      
#  type   0  conf  1.0000
  -0.2135720040  -0.1218193203  -0.8492756379
  -2.2007563096  -1.2552892366  -2.3702099778
      
      
#  type   0  conf  1.0000
  -2.2007563096  -1.2552892366  -2.3702099778
  -2.8708983199  -1.6375314908  -3.0088157396
      
      
#  type   0  conf  1.0000
  -2.8708983199  -1.6375314908  -3.0088157396
  -3.1882294434  -1.8185339680  -3.5870485896
      
      
#  type   0  conf  1.0000
  -3.1882294434  -1.8185339680  -3.5870485896
  -3.1753485260  -1.8111868225  -3.8269679385
      
      
#  type   0  conf  1.0000
  -3.1753485260  -1.8111868225  -3.8269679385
  -2.7175515946  -1.5500640630  -4.3700351031
      
      
#  type   0  conf  1.0000
  -2.7175515946  -1.5500640630  -4.3700351031
  -2.1883919648  -1.2482367389  -4.5840778749
      
      
# 135  norm     0.4886212415   -0.8724960071    0.0000000000
# nedges  14 
#  type   0  conf  1.0000
   1.7027107919   0.9535638608  -4.5798477554
   2.2150371884   1.2404804288  -4.3633800327
      
      
#  type   0  conf  1.0000
   2.2150371884   1.2404804288  -4.3633800327
   2.6668013320   1.4934805055  -3.8546283584
      
      
#  type   0  conf  1.0000
   2.6668013320   1.4934805055  -3.8546283584
   2.6763991650   1.4988555502  -3.6409972400
      
      
#  type   0  conf  1.0000
   2.6763991650   1.4988555502  -3.6409972400
   2.3307884286   1.3053042380  -3.0008098350
      
      
#  type   0  conf  1.0000
   2.3307884286   1.3053042380  -3.0008098350
   2.3095592358   1.2934153188  -2.9700408228
      
      
#  type   0  conf  1.0000
   2.3095592358   1.2934153188  -2.9700408228
   1.6859607974   0.9441834132  -2.3130007537
      
      
#  type   0  conf  1.0000
   1.6859607974   0.9441834132  -2.3130007537
   1.4085560099   0.7888292677  -2.0576041925
      
      
#  type   0  conf  1.0000
   1.4085560099   0.7888292677  -2.0576041925
  -0.2139641942  -0.1198257062  -0.8492073790
      
      
#  type   0  conf  1.0000
  -0.2139641942  -0.1198257062  -0.8492073790
  -2.2027050622  -1.2335741063  -2.3651536686
      
      
#  type   0  conf  1.0000
  -2.2027050622  -1.2335741063  -2.3651536686
  -2.8701460017  -1.6073589922  -3.0088215984
      
      
#  type   0  conf  1.0000
  -2.8701460017  -1.6073589922  -3.0088215984
  -3.1885692740  -1.7856845930  -3.5872588062
      
      
#  type   0  conf  1.0000
  -3.1885692740  -1.7856845930  -3.5872588062
  -3.1753963999  -1.7783074290  -3.8268795875
      
      
#  type   0  conf  1.0000
  -3.1753963999  -1.7783074290  -3.8268795875
  -2.7171493335  -1.5216767411  -4.3696720059
      
      
#  type   0  conf  1.0000
  -2.7171493335  -1.5216767411  -4.3696720059
  -2.1833258469  -1.2227212243  -4.5843736055
      
      
# 136  norm     0.4817536741   -0.8763066800   -0.0000000000
# nedges  14 
#  type   0  conf  1.0000
   1.6974166232   0.9331626853  -4.5792235588
   2.2103681173   1.2151601556  -4.3634560334
      
      
#  type   0  conf  1.0000
   2.2103681173   1.2151601556  -4.3634560334
   2.6638191119   1.4644469494  -3.8550753451
      
      
#  type   0  conf  1.0000
   2.6638191119   1.4644469494  -3.8550753451
   2.6735774178   1.4698116234  -3.6402026340
      
      
#  type   0  conf  1.0000
   2.6735774178   1.4698116234  -3.6402026340
   2.3160673158   1.2732687816  -2.9808406855
      
      
#  type   0  conf  1.0000
   2.3160673158   1.2732687816  -2.9808406855
   1.6912020114   0.9297461735  -2.3135954463
      
      
#  type   0  conf  1.0000
   1.6912020114   0.9297461735  -2.3135954463
   1.4175731520   0.7793174351  -2.0574429305
      
      
#  type   0  conf  1.0000
   1.4175731520   0.7793174351  -2.0574429305
  -0.2147520178  -0.1180609209  -0.8491953711
      
      
#  type   0  conf  1.0000
  -0.2147520178  -0.1180609209  -0.8491953711
  -2.2038291621  -1.2115653345  -2.3594798843
      
      
#  type   0  conf  1.0000
  -2.2038291621  -1.2115653345  -2.3594798843
  -2.8608731231  -1.5727783088  -3.0024022038
      
      
#  type   0  conf  1.0000
  -2.8608731231  -1.5727783088  -3.0024022038
  -2.8794532328  -1.5829928105  -3.0284748805
      
      
#  type   0  conf  1.0000
  -2.8794532328  -1.5829928105  -3.0284748805
  -3.1876527383  -1.7524269224  -3.5902900966
      
      
#  type   0  conf  1.0000
  -3.1876527383  -1.7524269224  -3.5902900966
  -3.1739859099  -1.7449135200  -3.8270477100
      
      
#  type   0  conf  1.0000
  -3.1739859099  -1.7449135200  -3.8270477100
  -2.7139384835  -1.4920003070  -4.3700210462
      
      
#  type   0  conf  1.0000
  -2.7139384835  -1.4920003070  -4.3700210462
  -2.1772923067  -1.1969765748  -4.5842308996
      
      
# 137  norm     0.4748563899   -0.8800632983    0.0000000000
# nedges  13 
#  type   0  conf  1.0000
   1.6909392125   0.9123812929  -4.5790451251
   2.2054557083   1.1899993304  -4.3645057843
      
      
#  type   0  conf  1.0000
   2.2054557083   1.1899993304  -4.3645057843
   2.6620908095   1.4363862619  -3.8545132723
      
      
#  type   0  conf  1.0000
   2.6620908095   1.4363862619  -3.8545132723
   2.6706819516   1.4410217907  -3.6381059069
      
      
#  type   0  conf  1.0000
   2.6706819516   1.4410217907  -3.6381059069
   2.3123189279   1.2476595950  -2.9804457611
      
      
#  type   0  conf  1.0000
   2.3123189279   1.2476595950  -2.9804457611
   1.6967012314   0.9154903096  -2.3145048400
      
      
#  type   0  conf  1.0000
   1.6967012314   0.9154903096  -2.3145048400
   1.4261313938   0.7694987468  -2.0571984616
      
      
#  type   0  conf  1.0000
   1.4261313938   0.7694987468  -2.0571984616
  -0.2153986654  -0.1162228136  -0.8490728979
      
      
#  type   0  conf  1.0000
  -0.2153986654  -0.1162228136  -0.8490728979
  -2.2036958196  -1.1890497460  -2.3528279655
      
      
#  type   0  conf  1.0000
  -2.2036958196  -1.1890497460  -2.3528279655
  -2.8661335083  -1.5464817284  -3.0089275747
      
      
#  type   0  conf  1.0000
  -2.8661335083  -1.5464817284  -3.0089275747
  -3.1865980381  -1.7193950063  -3.5882779504
      
      
#  type   0  conf  1.0000
  -3.1865980381  -1.7193950063  -3.5882779504
  -3.1730833626  -1.7121028831  -3.8265646083
      
      
#  type   0  conf  1.0000
  -3.1730833626  -1.7121028831  -3.8265646083
  -2.7118999368  -1.4632618088  -4.3701100963
      
      
#  type   0  conf  1.0000
  -2.7118999368  -1.4632618088  -4.3701100963
  -2.1716593203  -1.1717637889  -4.5839172613
      
      
# 138  norm     0.4679298143   -0.8837656301    0.0000000000
# nedges  14 
#  type   0  conf  1.0000
   1.6789282782   0.8889467644  -4.5813750184
   2.2015596168   1.1656658140  -4.3645428417
      
      
#  type   0  conf  1.0000
   2.2015596168   1.1656658140  -4.3645428417
   2.6599817916   1.4083878613  -3.8539728402
      
      
#  type   0  conf  1.0000
   2.6599817916   1.4083878613  -3.8539728402
   2.6682338370   1.4127570945  -3.6385417414
      
      
#  type   0  conf  1.0000
   2.6682338370   1.4127570945  -3.6385417414
   2.3088898046   1.2224942231  -2.9807751835
      
      
#  type   0  conf  1.0000
   2.3088898046   1.2224942231  -2.9807751835
   1.7007348204   0.9004927342  -2.3140308606
      
      
#  type   0  conf  1.0000
   1.7007348204   0.9004927342  -2.3140308606
   1.4354297419   0.7600209259  -2.0577032868
      
      
#  type   0  conf  1.0000
   1.4354297419   0.7600209259  -2.0577032868
  -0.2158194908  -0.1142705382  -0.8489802576
      
      
#  type   0  conf  1.0000
  -0.2158194908  -0.1142705382  -0.8489802576
  -2.2023654547  -1.1660924832  -2.3449869323
      
      
#  type   0  conf  1.0000
  -2.2023654547  -1.1660924832  -2.3449869323
  -2.8637373506  -1.5162708765  -3.0085808781
      
      
#  type   0  conf  1.0000
  -2.8637373506  -1.5162708765  -3.0085808781
  -3.1847395641  -1.6862327997  -3.5870766533
      
      
#  type   0  conf  1.0000
  -3.1847395641  -1.6862327997  -3.5870766533
  -3.1724746628  -1.6797388687  -3.8247793652
      
      
#  type   0  conf  1.0000
  -3.1724746628  -1.6797388687  -3.8247793652
  -2.7186635125  -1.4394582332  -4.3595417436
      
      
#  type   0  conf  1.0000
  -2.7186635125  -1.4394582332  -4.3595417436
  -2.6947596367  -1.4268017825  -4.3757077463
      
      
#  type   0  conf  1.0000
  -2.6947596367  -1.4268017825  -4.3757077463
  -2.1654075177  -1.1465242628  -4.5845177712
      
      
# 139  norm     0.4609743745   -0.8874134471    0.0000000000
# nedges  14 
#  type   0  conf  1.0000
   1.6750752891   0.8701319394  -4.5795932489
   2.1963665879   1.1409210864  -4.3641360823
      
      
#  type   0  conf  1.0000
   2.1963665879   1.1409210864  -4.3641360823
   2.6549430186   1.3791324680  -3.8546856620
      
      
#  type   0  conf  1.0000
   2.6549430186   1.3791324680  -3.8546856620
   2.6646985791   1.3842000760  -3.6419484653
      
      
#  type   0  conf  1.0000
   2.6646985791   1.3842000760  -3.6419484653
   2.3220660176   1.2062167118  -3.0135421242
      
      
#  type   0  conf  1.0000
   2.3220660176   1.2062167118  -3.0135421242
   2.2981816314   1.1938097666  -2.9748299208
      
      
#  type   0  conf  1.0000
   2.2981816314   1.1938097666  -2.9748299208
   1.7084825291   0.8874856110  -2.3180629176
      
      
#  type   0  conf  1.0000
   1.7084825291   0.8874856110  -2.3180629176
   1.4439435460   0.7500686126  -2.0574828621
      
      
#  type   0  conf  1.0000
   1.4439435460   0.7500686126  -2.0574828621
  -0.2163352909  -0.1123771854  -0.8489239734
      
      
#  type   0  conf  1.0000
  -0.2163352909  -0.1123771854  -0.8489239734
  -2.1991834953  -1.1423843526  -2.3356312932
      
      
#  type   0  conf  1.0000
  -2.1991834953  -1.1423843526  -2.3356312932
  -2.8602602620  -1.4857862360  -3.0090667739
      
      
#  type   0  conf  1.0000
  -2.8602602620  -1.4857862360  -3.0090667739
  -3.1820557347  -1.6529455992  -3.5888772180
      
      
#  type   0  conf  1.0000
  -3.1820557347  -1.6529455992  -3.5888772180
  -3.1684876435  -1.6458975402  -3.8272604795
      
      
#  type   0  conf  1.0000
  -3.1684876435  -1.6458975402  -3.8272604795
  -2.7035573342  -1.4043855829  -4.3710880873
      
      
#  type   0  conf  1.0000
  -2.7035573342  -1.4043855829  -4.3710880873
  -2.1581040848  -1.1210453075  -4.5833959765
      
      
# 140  norm     0.4539904997   -0.8910065242    0.0000000000
# nedges  15 
#  type   0  conf  1.0000
   1.6681487430   0.8499642381  -4.5784414183
   2.1865877963   1.1141221297  -4.3666011322
      
      
#  type   0  conf  1.0000
   2.1865877963   1.1141221297  -4.3666011322
   2.6503600419   1.3504258917  -3.8555820829
      
      
#  type   0  conf  1.0000
   2.6503600419   1.3504258917  -3.8555820829
   2.6594868556   1.3550762355  -3.6407996066
      
      
#  type   0  conf  1.0000
   2.6594868556   1.3550762355  -3.6407996066
   2.2985044238   1.1711464997  -2.9810066918
      
      
#  type   0  conf  1.0000
   2.2985044238   1.1711464997  -2.9810066918
   1.7063993326   0.8694538870  -2.3122636851
      
      
#  type   0  conf  1.0000
   1.7063993326   0.8694538870  -2.3122636851
   1.5178884955   0.7734028179  -2.1230779541
      
      
#  type   0  conf  1.0000
   1.5178884955   0.7734028179  -2.1230779541
   1.4490527768   0.7383292674  -2.0548660123
      
      
#  type   0  conf  1.0000
   1.4490527768   0.7383292674  -2.0548660123
  -0.2065365180  -0.1052356122  -0.8565575310
      
      
#  type   4  conf  0.0000
#  type   0  conf  1.0000
  -0.2318510091  -0.1181339896  -0.8599231586
  -2.1971351860  -1.1194962932  -2.3272333309
      
      
#  type   0  conf  1.0000
  -2.1971351860  -1.1194962932  -2.3272333309
  -2.8553377124  -1.4548672314  -3.0084993479
      
      
#  type   0  conf  1.0000
  -2.8553377124  -1.4548672314  -3.0084993479
  -3.1781397156  -1.6193430672  -3.5875693695
      
      
#  type   0  conf  1.0000
  -3.1781397156  -1.6193430672  -3.5875693695
  -3.1654855225  -1.6128954337  -3.8267023617
      
      
#  type   0  conf  1.0000
  -3.1654855225  -1.6128954337  -3.8267023617
  -2.6997406041  -1.3755865448  -4.3702059090
      
      
#  type   0  conf  1.0000
  -2.6997406041  -1.3755865448  -4.3702059090
  -2.1505719639  -1.0957711466  -4.5842472209
      
      
# 141  norm     0.4469786207   -0.8945446398    0.0000000000
# nedges  14 
#  type   0  conf  1.0000
   1.6595428092   0.8292265391  -4.5784970121
   2.1801412260   1.0893548233  -4.3671023281
      
      
#  type   0  conf  1.0000
   2.1801412260   1.0893548233  -4.3671023281
   2.6463039911   1.3222831540  -3.8546343963
      
      
#  type   0  conf  1.0000
   2.6463039911   1.3222831540  -3.8546343963
   2.6543584347   1.3263077314  -3.6387293979
      
      
#  type   0  conf  1.0000
   2.6543584347   1.3263077314  -3.6387293979
   2.2918419819   1.1451685273  -2.9798889232
      
      
#  type   0  conf  1.0000
   2.2918419819   1.1451685273  -2.9798889232
   1.7113457103   0.8551109816  -2.3136071416
      
      
#  type   0  conf  1.0000
   1.7113457103   0.8551109816  -2.3136071416
   1.4606312171   0.7298360503  -2.0574245595
      
      
#  type   0  conf  1.0000
   1.4606312171   0.7298360503  -2.0574245595
  -0.2156295147  -0.1077439613  -0.8497214735
      
      
#  type   0  conf  1.0000
  -0.2156295147  -0.1077439613  -0.8497214735
  -2.0103417899  -1.0045108543  -2.1775457045
      
      
#  type   0  conf  1.0000
  -2.0103417899  -1.0045108543  -2.1775457045
  -2.2445694772  -1.1215477957  -2.3709496506
      
      
#  type   0  conf  1.0000
  -2.2445694772  -1.1215477957  -2.3709496506
  -2.8506760390  -1.4244020780  -3.0084151637
      
      
#  type   0  conf  1.0000
  -2.8506760390  -1.4244020780  -3.0084151637
  -3.1744260145  -1.5861707713  -3.5879153207
      
      
#  type   0  conf  1.0000
  -3.1744260145  -1.5861707713  -3.5879153207
  -3.1611109306  -1.5795176010  -3.8271457732
      
      
#  type   0  conf  1.0000
  -3.1611109306  -1.5795176010  -3.8271457732
  -2.6944986348  -1.3463646525  -4.3707134549
      
      
#  type   0  conf  1.0000
  -2.6944986348  -1.3463646525  -4.3707134549
  -2.1417391515  -1.0701663943  -4.5840386428
      
      
# 142  norm     0.4399391699   -0.8980275758    0.0000000000
# nedges  14 
#  type   0  conf  1.0000
   1.6481322801   0.8074116728  -4.5800500559
   2.1767915591   1.0663991812  -4.3649085747
      
      
#  type   0  conf  1.0000
   2.1767915591   1.0663991812  -4.3649085747
   2.6402055838   1.2934233693  -3.8544752670
      
      
#  type   0  conf  1.0000
   2.6402055838   1.2934233693  -3.8544752670
   2.6493080762   1.2978826343  -3.6407612861
      
      
#  type   0  conf  1.0000
   2.6493080762   1.2978826343  -3.6407612861
   2.2859564465   1.1198785077  -2.9801506444
      
      
#  type   0  conf  1.0000
   2.2859564465   1.1198785077  -2.9801506444
   1.7146725295   0.8400094046  -2.3138582565
      
      
#  type   0  conf  1.0000
   1.7146725295   0.8400094046  -2.3138582565
   1.4694947213   0.7198980357  -2.0579766118
      
      
#  type   0  conf  1.0000
   1.4694947213   0.7198980357  -2.0579766118
  -0.2157979830  -0.1057183410  -0.8498299116
      
      
#  type   0  conf  1.0000
  -0.2157979830  -0.1057183410  -0.8498299116
  -2.0204398709  -0.9898032795  -2.1776741798
      
      
#  type   0  conf  1.0000
  -2.0204398709  -0.9898032795  -2.1776741798
  -2.2516140111  -1.1030543222  -2.3730786017
      
      
#  type   0  conf  1.0000
  -2.2516140111  -1.1030543222  -2.3730786017
  -2.8467187945  -1.3945931473  -3.0096889969
      
      
#  type   0  conf  1.0000
  -2.8467187945  -1.3945931473  -3.0096889969
  -3.1701125200  -1.5530220987  -3.5894772712
      
      
#  type   0  conf  1.0000
  -3.1701125200  -1.5530220987  -3.5894772712
  -3.1566978088  -1.5464502995  -3.8267004082
      
      
#  type   0  conf  1.0000
  -3.1566978088  -1.5464502995  -3.8267004082
  -2.6892399826  -1.3174450734  -4.3705993809
      
      
#  type   0  conf  1.0000
  -2.6892399826  -1.3174450734  -4.3705993809
  -2.1347128993  -1.0457850584  -4.5840529153
      
      
# 143  norm     0.4328725815   -0.9014551171    0.0000000000
# nedges  14 
#  type   0  conf  1.0000
   1.6402281093   0.7876263193  -4.5793633422
   2.1664410759   1.0403101868  -4.3681418051
      
      
#  type   0  conf  1.0000
   2.1664410759   1.0403101868  -4.3681418051
   2.6357588411   1.2656733676  -3.8553144908
      
      
#  type   0  conf  1.0000
   2.6357588411   1.2656733676  -3.8553144908
   2.6441309459   1.2696935951  -3.6390678737
      
      
#  type   0  conf  1.0000
   2.6441309459   1.2696935951  -3.6390678737
   2.2800970783   1.0948870217  -2.9796255390
      
      
#  type   0  conf  1.0000
   2.2800970783   1.0948870217  -2.9796255390
   1.7170834703   0.8245317380  -2.3130039600
      
      
#  type   0  conf  1.0000
   1.7170834703   0.8245317380  -2.3130039600
   1.4764586333   0.7089853371  -2.0571796613
      
      
#  type   0  conf  1.0000
   1.4764586333   0.7089853371  -2.0571796613
  -0.2162109050  -0.1038229978  -0.8501466193
      
      
#  type   0  conf  1.0000
  -0.2162109050  -0.1038229978  -0.8501466193
  -2.0289155569  -0.9742713732  -2.1769081371
      
      
#  type   0  conf  1.0000
  -2.0289155569  -0.9742713732  -2.1769081371
  -2.2554049763  -1.0830300433  -2.3722763725
      
      
#  type   0  conf  1.0000
  -2.2554049763  -1.0830300433  -2.3722763725
  -2.8409699819  -1.3642143538  -3.0080409980
      
      
#  type   0  conf  1.0000
  -2.8409699819  -1.3642143538  -3.0080409980
  -3.1660760532  -1.5203280656  -3.5877421949
      
      
#  type   0  conf  1.0000
  -3.1660760532  -1.5203280656  -3.5877421949
  -3.1534199070  -1.5142506708  -3.8267513104
      
      
#  type   0  conf  1.0000
  -3.1534199070  -1.5142506708  -3.8267513104
  -2.6837788174  -1.2887322317  -4.3712649500
      
      
#  type   0  conf  1.0000
  -2.6837788174  -1.2887322317  -4.3712649500
  -2.1263455855  -1.0210566065  -4.5840339846
      
      
# 144  norm     0.4257792916   -0.9048270525    0.0000000000
# nedges  15 
#  type   0  conf  1.0000
   1.6331351602   0.7684950728  -4.5784609504
   2.1587740089   1.0158419398  -4.3684067522
      
      
#  type   0  conf  1.0000
   2.1587740089   1.0158419398  -4.3684067522
   2.6301956599   1.2376761302  -3.8542708856
      
      
#  type   0  conf  1.0000
   2.6301956599   1.2376761302  -3.8542708856
   2.6375556137   1.2411394615  -3.6406436629
      
      
#  type   0  conf  1.0000
   2.6375556137   1.2411394615  -3.6406436629
   2.2850025354   1.0752405757  -3.0006073906
      
      
#  type   0  conf  1.0000
   2.2850025354   1.0752405757  -3.0006073906
   2.2586968858   1.0628620765  -2.9623636045
      
      
#  type   0  conf  1.0000
   2.2586968858   1.0628620765  -2.9623636045
   1.7214937363   0.8100734627  -2.3147454425
      
      
#  type   0  conf  1.0000
   1.7214937363   0.8100734627  -2.3147454425
   1.4843528053   0.6984834109  -2.0572792518
      
      
#  type   0  conf  1.0000
   1.4843528053   0.6984834109  -2.0572792518
  -0.2161352236  -0.1017055161  -0.8501563214
      
      
#  type   0  conf  1.0000
  -0.2161352236  -0.1017055161  -0.8501563214
  -2.0394218731  -0.9596790878  -2.1775394453
      
      
#  type   0  conf  1.0000
  -2.0394218731  -0.9596790878  -2.1775394453
  -2.2609260893  -1.0639110601  -2.3735373758
      
      
#  type   0  conf  1.0000
  -2.2609260893  -1.0639110601  -2.3735373758
  -2.8352959452  -1.3341889985  -3.0085444347
      
      
#  type   0  conf  1.0000
  -2.8352959452  -1.3341889985  -3.0085444347
  -3.1607016046  -1.4873132787  -3.5893503600
      
      
#  type   0  conf  1.0000
  -3.1607016046  -1.4873132787  -3.5893503600
  -3.1472165864  -1.4809677108  -3.8274835523
      
      
#  type   0  conf  1.0000
  -3.1472165864  -1.4809677108  -3.8274835523
  -2.6757351352  -1.2591053806  -4.3727326971
      
      
#  type   0  conf  1.0000
  -2.6757351352  -1.2591053806  -4.3727326971
  -2.1159480414  -0.9956895692  -4.5837723794
      
      
# 145  norm     0.4186597375   -0.9081431738    0.0000000000
# nedges  16 
#  type   0  conf  1.0000
   1.6193974158   0.7465524343  -4.5807000246
   2.1511310202   0.9916849835  -4.3690111172
      
      
#  type   0  conf  1.0000
   2.1511310202   0.9916849835  -4.3690111172
   2.6235961126   1.2094943744  -3.8553621053
      
      
#  type   0  conf  1.0000
   2.6235961126   1.2094943744  -3.8553621053
   2.6326131237   1.2136512735  -3.6412742460
      
      
#  type   0  conf  1.0000
   2.6326131237   1.2136512735  -3.6412742460
   2.2670019148   1.0451021976  -2.9802046017
      
      
#  type   0  conf  1.0000
   2.2670019148   1.0451021976  -2.9802046017
   1.7216173736   0.7936764803  -2.3116789514
      
      
#  type   0  conf  1.0000
   1.7216173736   0.7936764803  -2.3116789514
   1.4922388268   0.6879315218  -2.0575803932
      
      
#  type   0  conf  1.0000
   1.4922388268   0.6879315218  -2.0575803932
  -0.2157579677  -0.0994657855  -0.8502666385
      
      
#  type   0  conf  1.0000
  -0.2157579677  -0.0994657855  -0.8502666385
  -2.0404258988  -0.9406492235  -2.1713263282
      
      
#  type   0  conf  1.0000
  -2.0404258988  -0.9406492235  -2.1713263282
  -2.0616330754  -0.9504258658  -2.1891557513
      
      
#  type   0  conf  1.0000
  -2.0616330754  -0.9504258658  -2.1891557513
  -2.2650598563  -1.0442068963  -2.3737238854
      
      
#  type   0  conf  1.0000
  -2.2650598563  -1.0442068963  -2.3737238854
  -2.8290348513  -1.3042029302  -3.0077264444
      
      
#  type   0  conf  1.0000
  -2.8290348513  -1.3042029302  -3.0077264444
  -3.1553561313  -1.4546391008  -3.5879187379
      
      
#  type   0  conf  1.0000
  -3.1553561313  -1.4546391008  -3.5879187379
  -3.1440963500  -1.4494482705  -3.8046168081
      
      
#  type   0  conf  1.0000
  -3.1440963500  -1.4494482705  -3.8046168081
  -3.1341482128  -1.4448621165  -3.8374170001
      
      
#  type   0  conf  1.0000
  -3.1341482128  -1.4448621165  -3.8374170001
  -2.6684100993  -1.2301539053  -4.3737034660
      
      
#  type   0  conf  1.0000
  -2.6684100993  -1.2301539053  -4.3737034660
  -2.1082004393  -0.9718937146  -4.5837895501
      
      
# 146  norm     0.4115143586   -0.9114032766    0.0000000000
# nedges  14 
#  type   0  conf  1.0000
   1.6209144061   0.7318709174  -4.5769577067
   2.1436598576   0.9678995391  -4.3697237200
      
      
#  type   0  conf  1.0000
   2.1436598576   0.9678995391  -4.3697237200
   2.6174687025   1.1818324356  -3.8555211965
      
      
#  type   0  conf  1.0000
   2.6174687025   1.1818324356  -3.8555211965
   2.6263450248   1.1858402488  -3.6402981961
      
      
#  type   0  conf  1.0000
   2.6263450248   1.1858402488  -3.6402981961
   2.2597564728   1.0203191708  -2.9795643004
      
      
#  type   0  conf  1.0000
   2.2597564728   1.0203191708  -2.9795643004
   1.7225082269   0.7777422864  -2.3094083952
      
      
#  type   0  conf  1.0000
   1.7225082269   0.7777422864  -2.3094083952
   1.4992712881   0.6769469436  -2.0572927138
      
      
#  type   0  conf  1.0000
   1.4992712881   0.6769469436  -2.0572927138
  -0.2162287019  -0.0976310025  -0.8501769177
      
      
#  type   0  conf  1.0000
  -0.2162287019  -0.0976310025  -0.8501769177
  -2.0575857823  -0.9290356039  -2.1773871124
      
      
#  type   0  conf  1.0000
  -2.0575857823  -0.9290356039  -2.1773871124
  -2.2701481882  -1.0250112102  -2.3749878226
      
      
#  type   0  conf  1.0000
  -2.2701481882  -1.0250112102  -2.3749878226
  -2.8237011827  -1.2749499710  -3.0087129443
      
      
#  type   0  conf  1.0000
  -2.8237011827  -1.2749499710  -3.0087129443
  -3.1502643041  -1.4223988741  -3.5892638670
      
      
#  type   0  conf  1.0000
  -3.1502643041  -1.4223988741  -3.5892638670
  -3.1370748528  -1.4164436085  -3.8268274520
      
      
#  type   0  conf  1.0000
  -3.1370748528  -1.4164436085  -3.8268274520
  -2.6654575732  -1.2035002416  -4.3716394640
      
      
#  type   0  conf  1.0000
  -2.6654575732  -1.2035002416  -4.3716394640
  -2.1009256810  -0.9486043185  -4.5848423619
      
      
# 147  norm     0.4043435955   -0.9146071598    0.0000000000
# nedges  15 
#  type   0  conf  1.0000
   1.6074634893   0.7106521745  -4.5787849556
   2.1340682389   0.9434616989  -4.3703517992
      
      
#  type   0  conf  1.0000
   2.1340682389   0.9434616989  -4.3703517992
   2.6100302347   1.1538822960  -3.8548019994
      
      
#  type   0  conf  1.0000
   2.6100302347   1.1538822960  -3.8548019994
   2.6180158017   1.1574126783  -3.6400834655
      
      
#  type   0  conf  1.0000
   2.6180158017   1.1574126783  -3.6400834655
   2.2514562093   0.9953583777  -2.9798348453
      
      
#  type   0  conf  1.0000
   2.2514562093   0.9953583777  -2.9798348453
   1.7280049954   0.7639430169  -2.3138053308
      
      
#  type   0  conf  1.0000
   1.7280049954   0.7639430169  -2.3138053308
   1.5061509640   0.6658623756  -2.0569784152
      
      
#  type   0  conf  1.0000
   1.5061509640   0.6658623756  -2.0569784152
  -0.2162152120  -0.0955877453  -0.8501986535
      
      
#  type   0  conf  1.0000
  -0.2162152120  -0.0955877453  -0.8501986535
  -2.0676498245  -0.9140984251  -2.1783057774
      
      
#  type   0  conf  1.0000
  -2.0676498245  -0.9140984251  -2.1783057774
  -2.2727729941  -1.0047824297  -2.3746588680
      
      
#  type   0  conf  1.0000
  -2.2727729941  -1.0047824297  -2.3746588680
  -2.8156545977  -1.2447878760  -3.0083847067
      
      
#  type   0  conf  1.0000
  -2.8156545977  -1.2447878760  -3.0083847067
  -3.1421607145  -1.3891347202  -3.5877818481
      
      
#  type   0  conf  1.0000
  -3.1421607145  -1.3891347202  -3.5877818481
  -3.1314461568  -1.3843978638  -3.8048036798
      
      
#  type   0  conf  1.0000
  -3.1314461568  -1.3843978638  -3.8048036798
  -3.1208267567  -1.3797030761  -3.8381305733
      
      
#  type   0  conf  1.0000
  -3.1208267567  -1.3797030761  -3.8381305733
  -2.6538197575  -1.1732414416  -4.3737972849
      
      
#  type   0  conf  1.0000
  -2.6538197575  -1.1732414416  -4.3737972849
  -2.0892096641  -0.9236299305  -4.5864155044
      
      
# 148  norm     0.3971478906   -0.9177546257    0.0000000000
# nedges  15 
#  type   0  conf  1.0000
   1.5996442179   0.6922278669  -4.5789713840
   2.1243454197   0.9192863526  -4.3708617001
      
      
#  type   0  conf  1.0000
   2.1243454197   0.9192863526  -4.3708617001
   2.6008114798   1.1254716285  -3.8562151488
      
      
#  type   0  conf  1.0000
   2.6008114798   1.1254716285  -3.8562151488
   2.6105961214   1.1297058210  -3.6430353497
      
      
#  type   0  conf  1.0000
   2.6105961214   1.1297058210  -3.6430353497
   2.2443415738   0.9712133254  -2.9820177302
      
      
#  type   0  conf  1.0000
   2.2443415738   0.9712133254  -2.9820177302
   1.7273776533   0.7475030604  -2.3106509402
      
      
#  type   0  conf  1.0000
   1.7273776533   0.7475030604  -2.3106509402
   1.5128748433   0.6546794056  -2.0566384845
      
      
#  type   0  conf  1.0000
   1.5128748433   0.6546794056  -2.0566384845
  -0.2163234445  -0.0936115136  -0.8502761817
      
      
#  type   0  conf  1.0000
  -0.2163234445  -0.0936115136  -0.8502761817
  -2.0758226977  -0.8982886957  -2.1779688525
      
      
#  type   0  conf  1.0000
  -2.0758226977  -0.8982886957  -2.1779688525
  -2.2761002589  -0.9849565356  -2.3749677419
      
      
#  type   0  conf  1.0000
  -2.2761002589  -0.9849565356  -2.3749677419
  -2.8012121182  -1.2121927287  -3.0010259091
      
      
#  type   0  conf  1.0000
  -2.8012121182  -1.2121927287  -3.0010259091
  -2.8205687392  -1.2205690866  -3.0308907707
      
      
#  type   0  conf  1.0000
  -2.8205687392  -1.2205690866  -3.0308907707
  -3.1354258870  -1.3568199412  -3.5910640459
      
      
#  type   0  conf  1.0000
  -3.1354258870  -1.3568199412  -3.5910640459
  -3.1218148437  -1.3509299168  -3.8277759393
      
      
#  type   0  conf  1.0000
  -3.1218148437  -1.3509299168  -3.8277759393
  -2.6456589558  -1.1448788644  -4.3742256235
      
      
#  type   0  conf  1.0000
  -2.6456589558  -1.1448788644  -4.3742256235
  -2.0773165486  -0.8989351428  -4.5879331919
      
      
# 149  norm     0.3899276878   -0.9208454801    0.0000000000
# nedges  14 
#  type   0  conf  1.0000
   1.5934076427   0.6747209724  -4.5796401178
   2.1184932918   0.8970660210  -4.3686304933
      
      
#  type   0  conf  1.0000
   2.1184932918   0.8970660210  -4.3686304933
   2.5940288896   1.0984293335  -3.8540661888
      
      
#  type   0  conf  1.0000
   2.5940288896   1.0984293335  -3.8540661888
   2.6012525312   1.1014881505  -3.6399087905
      
      
#  type   0  conf  1.0000
   2.6012525312   1.1014881505  -3.6399087905
   2.2341410008   0.9460364995  -2.9801306801
      
      
#  type   0  conf  1.0000
   2.2341410008   0.9460364995  -2.9801306801
   1.7279240298   0.7316813039  -2.3093890762
      
      
#  type   0  conf  1.0000
   1.7279240298   0.7316813039  -2.3093890762
   1.5204400961   0.6438232080  -2.0570648609
      
      
#  type   0  conf  1.0000
   1.5204400961   0.6438232080  -2.0570648609
  -0.2161890752  -0.0915442472  -0.8503214113
      
      
#  type   0  conf  1.0000
  -0.2161890752  -0.0915442472  -0.8503214113
  -2.0836161057  -0.8822974406  -2.1775677792
      
      
#  type   0  conf  1.0000
  -2.0836161057  -0.8822974406  -2.1775677792
  -2.2787938882  -0.9649445547  -2.3751400658
      
      
#  type   0  conf  1.0000
  -2.2787938882  -0.9649445547  -2.3751400658
  -2.7994257040  -1.1854036485  -3.0087557308
      
      
#  type   0  conf  1.0000
  -2.7994257040  -1.1854036485  -3.0087557308
  -3.1265277240  -1.3239134605  -3.5879351080
      
      
#  type   0  conf  1.0000
  -3.1265277240  -1.3239134605  -3.5879351080
  -3.1149152416  -1.3189962095  -3.8264075960
      
      
#  type   0  conf  1.0000
  -3.1149152416  -1.3189962095  -3.8264075960
  -2.6390451256  -1.1174912469  -4.3728727959
      
      
#  type   0  conf  1.0000
  -2.6390451256  -1.1174912469  -4.3728727959
  -2.0721359881  -0.8774362388  -4.5884566809
      
      
# 150  norm     0.3826834324   -0.9238795325    0.0000000000
# nedges  17 
#  type   0  conf  1.0000
   1.5867295942   0.6572449177  -4.5800954753
   2.1079833556   0.8731552951  -4.3693793509
      
      
#  type   0  conf  1.0000
   2.1079833556   0.8731552951  -4.3693793509
   2.5841652178   1.0703962806  -3.8547462855
      
      
#  type   0  conf  1.0000
   2.5841652178   1.0703962806  -3.8547462855
   2.5930273506   1.0740670962  -3.6426754520
      
      
#  type   0  conf  1.0000
   2.5930273506   1.0740670962  -3.6426754520
   2.2260232568   0.9220490231  -2.9819020369
      
      
#  type   0  conf  1.0000
   2.2260232568   0.9220490231  -2.9819020369
   1.7342803627   0.7183624472  -2.3159952976
      
      
#  type   0  conf  1.0000
   1.7342803627   0.7183624472  -2.3159952976
   1.5272969456   0.6326271086  -2.0571251334
      
      
#  type   0  conf  1.0000
   1.5272969456   0.6326271086  -2.0571251334
  -0.2159426989  -0.0894463946  -0.8504201268
      
      
#  type   0  conf  1.0000
  -0.2159426989  -0.0894463946  -0.8504201268
  -2.0869977282  -0.8644627637  -2.1740337184
      
      
#  type   0  conf  1.0000
  -2.0869977282  -0.8644627637  -2.1740337184
  -2.1106216686  -0.8742481202  -2.1971816271
      
      
#  type   0  conf  1.0000
  -2.1106216686  -0.8742481202  -2.1971816271
  -2.2818541925  -0.9451749539  -2.3759492714
      
      
#  type   0  conf  1.0000
  -2.2818541925  -0.9451749539  -2.3759492714
  -2.7841351734  -1.1532265483  -3.0007491627
      
      
#  type   0  conf  1.0000
  -2.7841351734  -1.1532265483  -3.0007491627
  -2.8082496405  -1.1632150876  -3.0393909186
      
      
#  type   0  conf  1.0000
  -2.8082496405  -1.1632150876  -3.0393909186
  -3.1186680739  -1.2917946128  -3.5909910206
      
      
#  type   0  conf  1.0000
  -3.1186680739  -1.2917946128  -3.5909910206
  -3.1053253377  -1.2862678705  -3.8276331803
      
      
#  type   0  conf  1.0000
  -3.1053253377  -1.2862678705  -3.8276331803
  -2.6382316382  -1.0927913252  -4.3627124553
      
      
#  type   0  conf  1.0000
  -2.6382316382  -1.0927913252  -4.3627124553
  -2.6026787161  -1.0780648227  -4.3835925774
      
      
#  type   0  conf  1.0000
  -2.6026787161  -1.0780648227  -4.3835925774
  -2.0644516298  -0.8551238639  -4.5907909517
      
      
# 151  norm     0.3754155712   -0.9268565956    0.0000000000
# nedges  14 
#  type   0  conf  1.0000
   1.5817912854   0.6406914314  -4.5811926850
   2.1001919492   0.8506653176  -4.3685762854
      
      
#  type   0  conf  1.0000
   2.1001919492   0.8506653176  -4.3685762854
   2.5765728342   1.0436194411  -3.8543619669
      
      
#  type   0  conf  1.0000
   2.5765728342   1.0436194411  -3.8543619669
   2.5838185648   1.0465542642  -3.6398277072
      
      
#  type   0  conf  1.0000
   2.5838185648   1.0465542642  -3.6398277072
   2.2166423217   0.8978325745  -2.9806942199
      
      
#  type   0  conf  1.0000
   2.2166423217   0.8978325745  -2.9806942199
   1.7362563075   0.7032562066  -2.3169402740
      
      
#  type   0  conf  1.0000
   1.7362563075   0.7032562066  -2.3169402740
   1.5337811391   0.6212453201  -2.0570731277
      
      
#  type   0  conf  1.0000
   1.5337811391   0.6212453201  -2.0570731277
  -0.2161230915  -0.0875388644  -0.8503370982
      
      
#  type   0  conf  1.0000
  -0.2161230915  -0.0875388644  -0.8503370982
  -2.0994798191  -0.8503768752  -2.1776338952
      
      
#  type   0  conf  1.0000
  -2.0994798191  -0.8503768752  -2.1776338952
  -2.2828768006  -0.9246603004  -2.3744000987
      
      
#  type   0  conf  1.0000
  -2.2828768006  -0.9246603004  -2.3744000987
  -2.7833632167  -1.1273781692  -3.0098985669
      
      
#  type   0  conf  1.0000
  -2.7833632167  -1.1273781692  -3.0098985669
  -3.1102263446  -1.2597713663  -3.5891162152
      
      
#  type   0  conf  1.0000
  -3.1102263446  -1.2597713663  -3.5891162152
  -3.0987946594  -1.2551410570  -3.8265766736
      
      
#  type   0  conf  1.0000
  -3.0987946594  -1.2551410570  -3.8265766736
  -2.6200606683  -1.0612338274  -4.3739850162
      
      
#  type   0  conf  1.0000
  -2.6200606683  -1.0612338274  -4.3739850162
  -2.0691435759  -0.8380894317  -4.5881795665
      
      
# 152  norm     0.3681245527   -0.9297764859    0.0000000000
# nedges  14 
#  type   0  conf  1.0000
   1.5748210550   0.6235157645  -4.5833185829
   2.0888000454   0.8270144428  -4.3690205828
      
      
#  type   0  conf  1.0000
   2.0888000454   0.8270144428  -4.3690205828
   2.5661158497   1.0159971387  -3.8549105678
      
      
#  type   0  conf  1.0000
   2.5661158497   1.0159971387  -3.8549105678
   2.5750164755   1.0195211458  -3.6437462379
      
      
#  type   0  conf  1.0000
   2.5750164755   1.0195211458  -3.6437462379
   2.2080586513   0.8742322651  -2.9830844759
      
      
#  type   0  conf  1.0000
   2.2080586513   0.8742322651  -2.9830844759
   1.7338403408   0.6864759537  -2.3125624686
      
      
#  type   0  conf  1.0000
   1.7338403408   0.6864759537  -2.3125624686
   1.5405469508   0.6099456867  -2.0572983778
      
      
#  type   0  conf  1.0000
   1.5405469508   0.6099456867  -2.0572983778
  -0.2161325145  -0.0855729161  -0.8503186977
      
      
#  type   0  conf  1.0000
  -0.2161325145  -0.0855729161  -0.8503186977
  -2.1073266921  -0.8343496611  -2.1779163152
      
      
#  type   0  conf  1.0000
  -2.1073266921  -0.8343496611  -2.1779163152
  -2.2844038107  -0.9044594520  -2.3743757782
      
      
#  type   0  conf  1.0000
  -2.2844038107  -0.9044594520  -2.3743757782
  -2.7727826644  -1.0978223191  -3.0091250135
      
      
#  type   0  conf  1.0000
  -2.7727826644  -1.0978223191  -3.0091250135
  -3.1005248367  -1.2275846248  -3.5892478750
      
      
#  type   0  conf  1.0000
  -3.1005248367  -1.2275846248  -3.5892478750
  -3.0886402864  -1.2228791985  -3.8257461752
      
      
#  type   0  conf  1.0000
  -3.0886402864  -1.2228791985  -3.8257461752
  -2.6132694160  -1.0346665563  -4.3716023709
      
      
#  type   0  conf  1.0000
  -2.6132694160  -1.0346665563  -4.3716023709
  -2.0702266043  -0.8196606972  -4.5880474891
      
      
# 153  norm     0.3608108265   -0.9326390231    0.0000000000
# nedges  15 
#  type   0  conf  1.0000
   1.5793480783   0.6110036909  -4.5816335665
   2.0798218603   0.8046223949  -4.3684487223
      
      
#  type   0  conf  1.0000
   2.0798218603   0.8046223949  -4.3684487223
   2.5574218211   0.9893918848  -3.8543469363
      
      
#  type   0  conf  1.0000
   2.5574218211   0.9893918848  -3.8543469363
   2.5651434059   0.9923791407  -3.6411166418
      
      
#  type   0  conf  1.0000
   2.5651434059   0.9923791407  -3.6411166418
   2.1941201349   0.8488410624  -2.9756942817
      
      
#  type   0  conf  1.0000
   2.1941201349   0.8488410624  -2.9756942817
   1.7304589264   0.6694640691  -2.3067031694
      
      
#  type   0  conf  1.0000
   1.7304589264   0.6694640691  -2.3067031694
   1.5459784219   0.5980939445  -2.0566871456
      
      
#  type   0  conf  1.0000
   1.5459784219   0.5980939445  -2.0566871456
  -0.2161511441  -0.0836225710  -0.8503261451
      
      
#  type   0  conf  1.0000
  -0.2161511441  -0.0836225710  -0.8503261451
  -2.1151227889  -0.8182792942  -2.1782969274
      
      
#  type   0  conf  1.0000
  -2.1151227889  -0.8182792942  -2.1782969274
  -2.2879910512  -0.8851569811  -2.3768570072
      
      
#  type   0  conf  1.0000
  -2.2879910512  -0.8851569811  -2.3768570072
  -2.7489126755  -1.0634741092  -2.9897843242
      
      
#  type   0  conf  1.0000
  -2.7489126755  -1.0634741092  -2.9897843242
  -2.7751346498  -1.0736186260  -3.0288117665
      
      
#  type   0  conf  1.0000
  -2.7751346498  -1.0736186260  -3.0288117665
  -3.0918611693  -1.1961508753  -3.5911365412
      
      
#  type   0  conf  1.0000
  -3.0918611693  -1.1961508753  -3.5911365412
  -3.0794500780  -1.1913493862  -3.8268585958
      
      
#  type   0  conf  1.0000
  -3.0794500780  -1.1913493862  -3.8268585958
  -2.6034445829  -1.0071967485  -4.3718329565
      
      
#  type   0  conf  1.0000
  -2.6034445829  -1.0071967485  -4.3718329565
  -2.0727058788  -0.8018694293  -4.5876718740
      
      
# 154  norm     0.3534748438   -0.9354440308    0.0000000000
# nedges  13 
#  type   0  conf  1.0000
   1.5840187229   0.5985507974  -4.5803504820
   2.0698368640   0.7821261754  -4.3683270121
      
      
#  type   0  conf  1.0000
   2.0698368640   0.7821261754  -4.3683270121
   2.5485774410   0.9630271648  -3.8539991015
      
      
#  type   0  conf  1.0000
   2.5485774410   0.9630271648  -3.8539991015
   2.5557920013   0.9657533200  -3.6429069897
      
      
#  type   0  conf  1.0000
   2.5557920013   0.9657533200  -3.6429069897
   2.1772216126   0.8227034906  -2.9621756705
      
      
#  type   0  conf  1.0000
   2.1772216126   0.8227034906  -2.9621756705
   1.5617493023   0.5901358846  -2.0633760024
      
      
#  type   0  conf  1.0000
   1.5617493023   0.5901358846  -2.0633760024
  -0.2160130368  -0.0816245247  -0.8503424978
      
      
#  type   0  conf  1.0000
  -0.2160130368  -0.0816245247  -0.8503424978
  -2.1212782882  -0.8015642698  -2.1777635279
      
      
#  type   0  conf  1.0000
  -2.1212782882  -0.8015642698  -2.1777635279
  -2.2874381157  -0.8643508365  -2.3743134727
      
      
#  type   0  conf  1.0000
  -2.2874381157  -0.8643508365  -2.3743134727
  -2.7533657818  -1.0404102303  -3.0084291502
      
      
#  type   0  conf  1.0000
  -2.7533657818  -1.0404102303  -3.0084291502
  -3.0821666015  -1.1646537067  -3.5885553337
      
      
#  type   0  conf  1.0000
  -3.0821666015  -1.1646537067  -3.5885553337
  -3.0702226132  -1.1601404497  -3.8271303415
      
      
#  type   0  conf  1.0000
  -3.0702226132  -1.1601404497  -3.8271303415
  -2.5924006931  -0.9795865918  -4.3726262073
      
      
#  type   0  conf  1.0000
  -2.5924006931  -0.9795865918  -4.3726262073
  -2.0760509813  -0.7844742947  -4.5870512668
      
      
# 155  norm     0.3461170571   -0.9381913359    0.0000000000
# nedges  14 
#  type   0  conf  1.0000
   1.5884314801   0.5860033111  -4.5791697897
   2.0562515482   0.7585912460  -4.3692030726
      
      
#  type   0  conf  1.0000
   2.0562515482   0.7585912460  -4.3692030726
   2.5369059084   0.9359140012  -3.8545930548
      
      
#  type   0  conf  1.0000
   2.5369059084   0.9359140012  -3.8545930548
   2.5437541905   0.9384404659  -3.6408320037
      
      
#  type   0  conf  1.0000
   2.5437541905   0.9384404659  -3.6408320037
   2.1648297642   0.7986478646  -2.9614941953
      
      
#  type   0  conf  1.0000
   2.1648297642   0.7986478646  -2.9614941953
   1.5663015477   0.5778391480  -2.0624637727
      
      
#  type   0  conf  1.0000
   1.5663015477   0.5778391480  -2.0624637727
  -0.2158299256  -0.0796238633  -0.8504127595
      
      
#  type   0  conf  1.0000
  -0.2158299256  -0.0796238633  -0.8504127595
  -2.1281038886  -0.7850989738  -2.1777917083
      
      
#  type   0  conf  1.0000
  -2.1281038886  -0.7850989738  -2.1777917083
  -2.2907393500  -0.8450983632  -2.3782368883
      
      
#  type   0  conf  1.0000
  -2.2907393500  -0.8450983632  -2.3782368883
  -2.7284997967  -1.0065967183  -2.9899048075
      
      
#  type   0  conf  1.0000
  -2.7284997967  -1.0065967183  -2.9899048075
  -2.7515124038  -1.0150865173  -3.0244835898
      
      
#  type   0  conf  1.0000
  -2.7515124038  -1.0150865173  -3.0244835898
  -3.0709822977  -1.1329451835  -3.5918529216
      
      
#  type   0  conf  1.0000
  -3.0709822977  -1.1329451835  -3.5918529216
  -3.0583100173  -1.1282701324  -3.8274988650
      
      
#  type   0  conf  1.0000
  -3.0583100173  -1.1282701324  -3.8274988650
  -2.5810853738  -0.9522126665  -4.3720695271
      
      
#  type   0  conf  1.0000
  -2.5810853738  -0.9522126665  -4.3720695271
  -2.0790761922  -0.7670117017  -4.5869485196
      
      
# 156  norm     0.3387379202   -0.9408807690   -0.0000000000
# nedges  14 
#  type   0  conf  1.0000
   1.5926742517   0.5733980133  -4.5783389871
   2.0447996157   0.7361731603  -4.3685471317
      
      
#  type   0  conf  1.0000
   2.0447996157   0.7361731603  -4.3685471317
   2.5257594561   0.9093293576  -3.8542552922
      
      
#  type   0  conf  1.0000
   2.5257594561   0.9093293576  -3.8542552922
   2.5325480562   0.9117734040  -3.6420447790
      
      
#  type   0  conf  1.0000
   2.5325480562   0.9117734040  -3.6420447790
   2.1520093781   0.7747710498  -2.9596496626
      
      
#  type   0  conf  1.0000
   2.1520093781   0.7747710498  -2.9596496626
   1.7110338698   0.6160100978  -2.2784924818
      
      
#  type   0  conf  1.0000
   1.7110338698   0.6160100978  -2.2784924818
   1.5624019735   0.5624993225  -2.0558997328
      
      
#  type   0  conf  1.0000
   1.5624019735   0.5624993225  -2.0558997328
  -0.2157385167  -0.0776706453  -0.8505196827
      
      
#  type   0  conf  1.0000
  -0.2157385167  -0.0776706453  -0.8505196827
  -2.1345424056  -0.7684825527  -2.1777559530
      
      
#  type   0  conf  1.0000
  -2.1345424056  -0.7684825527  -2.1777559530
  -2.2879193250  -0.8237016415  -2.3738617130
      
      
#  type   0  conf  1.0000
  -2.2879193250  -0.8237016415  -2.3738617130
  -2.7317870745  -0.9835038644  -3.0110516445
      
      
#  type   0  conf  1.0000
  -2.7317870745  -0.9835038644  -3.0110516445
  -3.0589605843  -1.1012935758  -3.5899530991
      
      
#  type   0  conf  1.0000
  -3.0589605843  -1.1012935758  -3.5899530991
  -3.0469745290  -1.0969783304  -3.8273834751
      
      
#  type   0  conf  1.0000
  -3.0469745290  -1.0969783304  -3.8273834751
  -2.5689859773  -0.9248918628  -4.3718951000
      
      
#  type   0  conf  1.0000
  -2.5689859773  -0.9248918628  -4.3718951000
  -2.0816911809  -0.7494549410  -4.5872740698
      
      
# 157  norm     0.3313378885   -0.9435121640    0.0000000000
# nedges  13 
#  type   0  conf  1.0000
   1.5854032409   0.5567539903  -4.5834472458
   2.0337676454   0.7142083620  -4.3676147269
      
      
#  type   0  conf  1.0000
   2.0337676454   0.7142083620  -4.3676147269
   2.5133776267   0.8826353994  -3.8548857393
      
      
#  type   0  conf  1.0000
   2.5133776267   0.8826353994  -3.8548857393
   2.5204907781   0.8851333604  -3.6433657845
      
      
#  type   0  conf  1.0000
   2.5204907781   0.8851333604  -3.6433657845
   2.1469893622   0.7539689990  -2.9705670840
      
      
#  type   0  conf  1.0000
   2.1469893622   0.7539689990  -2.9705670840
   1.5742828896   0.5528488009  -2.0601846098
      
      
#  type   0  conf  1.0000
   1.5742828896   0.5528488009  -2.0601846098
  -0.2152943193  -0.0756059835  -0.8504642146
      
      
#  type   0  conf  1.0000
  -0.2152943193  -0.0756059835  -0.8504642146
  -2.1407053244  -0.7517622020  -2.1777109866
      
      
#  type   0  conf  1.0000
  -2.1407053244  -0.7517622020  -2.1777109866
  -2.2903957959  -0.8043297540  -2.3774432163
      
      
#  type   0  conf  1.0000
  -2.2903957959  -0.8043297540  -2.3774432163
  -2.7189275912  -0.9548194091  -3.0099053789
      
      
#  type   0  conf  1.0000
  -2.7189275912  -0.9548194091  -3.0099053789
  -3.0464811332  -1.0698480257  -3.5895545129
      
      
#  type   0  conf  1.0000
  -3.0464811332  -1.0698480257  -3.5895545129
  -3.0351106141  -1.0658549836  -3.8272228973
      
      
#  type   0  conf  1.0000
  -3.0351106141  -1.0658549836  -3.8272228973
  -2.5580982136  -0.8983401517  -4.3711256627
      
      
#  type   0  conf  1.0000
  -2.5580982136  -0.8983401517  -4.3711256627
  -2.0857020841  -0.7324464388  -4.5868688123
      
      
# 158  norm     0.3239174182   -0.9460853588    0.0000000000
# nedges  14 
#  type   0  conf  1.0000
   1.5894784345   0.5442001041  -4.5831854247
   2.0224569310   0.6924417775  -4.3667756556
      
      
#  type   0  conf  1.0000
   2.0224569310   0.6924417775  -4.3667756556
   2.5017271715   0.8565326573  -3.8540695647
      
      
#  type   0  conf  1.0000
   2.5017271715   0.8565326573  -3.8540695647
   2.5073005753   0.8584408599  -3.6407659251
      
      
#  type   0  conf  1.0000
   2.5073005753   0.8584408599  -3.6407659251
   2.1294957748   0.7290893649  -2.9630763889
      
      
#  type   0  conf  1.0000
   2.1294957748   0.7290893649  -2.9630763889
   1.5794693741   0.5407732368  -2.0606845017
      
      
#  type   0  conf  1.0000
   1.5794693741   0.5407732368  -2.0606845017
  -0.2064910923  -0.0706977028  -0.8560323438
      
      
#  type   0  conf  1.0000
  -0.2064910923  -0.0706977028  -0.8560323438
  -0.2255628462  -0.0772274236  -0.8576426805
      
      
#  type   0  conf  1.0000
  -0.2255628462  -0.0772274236  -0.8576426805
  -2.1467642718  -0.7350016929  -2.1776895177
      
      
#  type   0  conf  1.0000
  -2.1467642718  -0.7350016929  -2.1776895177
  -2.2910988889  -0.7844184777  -2.3788660267
      
      
#  type   0  conf  1.0000
  -2.2910988889  -0.7844184777  -2.3788660267
  -2.7093315176  -0.9276115120  -3.0145760311
      
      
#  type   0  conf  1.0000
  -2.7093315176  -0.9276115120  -3.0145760311
  -3.0345416099  -1.0389558136  -3.5910751829
      
      
#  type   0  conf  1.0000
  -3.0345416099  -1.0389558136  -3.5910751829
  -3.0220640628  -1.0346837943  -3.8271666216
      
      
#  type   0  conf  1.0000
  -3.0220640628  -1.0346837943  -3.8271666216
  -2.5476438233  -0.8722534410  -4.3698344147
      
      
#  type   0  conf  1.0000
  -2.5476438233  -0.8722534410  -4.3698344147
  -2.0888263787  -0.7151651184  -4.5871949289
      
      
# 159  norm     0.3164769672   -0.9486001946    0.0000000000
# nedges  13 
#  type   0  conf  1.0000
   1.5940579911   0.5318179792  -4.5831887559
   2.0114761930   0.6710792268  -4.3662718482
      
      
#  type   0  conf  1.0000
   2.0114761930   0.6710792268  -4.3662718482
   2.4899608675   0.8307137909  -3.8543340384
      
      
#  type   0  conf  1.0000
   2.4899608675   0.8307137909  -3.8543340384
   2.4964119819   0.8328660455  -3.6421358868
      
      
#  type   0  conf  1.0000
   2.4964119819   0.8328660455  -3.6421358868
   2.1193811369   0.7070790395  -2.9659383253
      
      
#  type   0  conf  1.0000
   2.1193811369   0.7070790395  -2.9659383253
   1.5834960549   0.5282942506  -2.0598517360
      
      
#  type   0  conf  1.0000
   1.5834960549   0.5282942506  -2.0598517360
  -0.2146634008  -0.0716171285  -0.8503818899
      
      
#  type   0  conf  1.0000
  -0.2146634008  -0.0716171285  -0.8503818899
  -2.1633467336  -0.7217470723  -2.1854157043
      
      
#  type   0  conf  1.0000
  -2.1633467336  -0.7217470723  -2.1854157043
  -2.6866686418  -0.8963404693  -2.9952137486
      
      
#  type   0  conf  1.0000
  -2.6866686418  -0.8963404693  -2.9952137486
  -3.0223550269  -1.0083339199  -3.5902267556
      
      
#  type   0  conf  1.0000
  -3.0223550269  -1.0083339199  -3.5902267556
  -3.0113045185  -1.0046471914  -3.8253314804
      
      
#  type   0  conf  1.0000
  -3.0113045185  -1.0046471914  -3.8253314804
  -2.5437672237  -0.8486649494  -4.3608457165
      
      
#  type   0  conf  1.0000
  -2.5437672237  -0.8486649494  -4.3608457165
  -2.5125083349  -0.8382361951  -4.3815903507
      
      
#  type   0  conf  1.0000
  -2.5125083349  -0.8382361951  -4.3815903507
  -2.0917148089  -0.6978488542  -4.5872203496
      
      
# 160  norm     0.3090169944   -0.9510565163    0.0000000000
# nedges  11 
#  type   0  conf  1.0000
   1.5982826192   0.5193135031  -4.5835145882
   1.9995086445   0.6496797414  -4.3656970780
      
      
#  type   0  conf  1.0000
   1.9995086445   0.6496797414  -4.3656970780
   2.4769507169   0.8048100745  -3.8546955669
      
      
#  type   0  conf  1.0000
   2.4769507169   0.8048100745  -3.8546955669
   2.4831577657   0.8068268669  -3.6369194517
      
      
#  type   0  conf  1.0000
   2.4831577657   0.8068268669  -3.6369194517
   1.5932008793   0.5176623457  -2.0630867431
      
      
#  type   0  conf  1.0000
   1.5932008793   0.5176623457  -2.0630867431
  -0.2139289991  -0.0695097454  -0.8505293116
      
      
#  type   0  conf  1.0000
  -0.2139289991  -0.0695097454  -0.8505293116
  -2.1648837063  -0.7034133562  -2.1824145207
      
      
#  type   0  conf  1.0000
  -2.1648837063  -0.7034133562  -2.1824145207
  -2.6728079276  -0.8684479399  -2.9951808071
      
      
#  type   0  conf  1.0000
  -2.6728079276  -0.8684479399  -2.9951808071
  -3.0092453698  -0.9777630915  -3.5916693227
      
      
#  type   0  conf  1.0000
  -3.0092453698  -0.9777630915  -3.5916693227
  -2.9958424572  -0.9734082212  -3.8293038301
      
      
#  type   0  conf  1.0000
  -2.9958424572  -0.9734082212  -3.8293038301
  -2.5204719834  -0.8189509912  -4.3713454391
      
      
#  type   0  conf  1.0000
  -2.5204719834  -0.8189509912  -4.3713454391
  -2.0954418917  -0.6808503429  -4.5877980693
      
      
# 161  norm     0.3015379599   -0.9534541723    0.0000000000
# nedges  12 
#  type   0  conf  1.0000
   1.6110655232   0.5095131211  -4.5798210825
   1.9883023459   0.6288174624  -4.3663324032
      
      
#  type   0  conf  1.0000
   1.9883023459   0.6288174624  -4.3663324032
   2.4668761415   0.7801704799  -3.8539626087
      
      
#  type   0  conf  1.0000
   2.4668761415   0.7801704799  -3.8539626087
   2.4732530696   0.7821872374  -3.6319177281
      
      
#  type   0  conf  1.0000
   2.4732530696   0.7821872374  -3.6319177281
   1.5977053192   0.5052878434  -2.0625022592
      
      
#  type   0  conf  1.0000
   1.5977053192   0.5052878434  -2.0625022592
  -0.2137621424  -0.0676040886  -0.8506484083
      
      
#  type   0  conf  1.0000
  -0.2137621424  -0.0676040886  -0.8506484083
  -2.1598574292  -0.6830732109  -2.1754343656
      
      
#  type   0  conf  1.0000
  -2.1598574292  -0.6830732109  -2.1754343656
  -2.2038713280  -0.6969929793  -2.2401612901
      
      
#  type   0  conf  1.0000
  -2.2038713280  -0.6969929793  -2.2401612901
  -2.6629125017  -0.8421686396  -3.0004417004
      
      
#  type   0  conf  1.0000
  -2.6629125017  -0.8421686396  -3.0004417004
  -2.9971641677  -0.9478785609  -3.5933909967
      
      
#  type   0  conf  1.0000
  -2.9971641677  -0.9478785609  -3.5933909967
  -2.9825508061  -0.9432569615  -3.8308064008
      
      
#  type   0  conf  1.0000
  -2.9825508061  -0.9432569615  -3.8308064008
  -2.5076271401  -0.7930583284  -4.3728444509
      
      
#  type   0  conf  1.0000
  -2.5076271401  -0.7930583284  -4.3728444509
  -2.0990122523  -0.6638304083  -4.5889713881
      
      
# 162  norm     0.2977914387   -0.9546309544    0.0000000000
# nedges  15 
#  type   0  conf  1.0000
   1.6144106017   0.5036057689  -4.5797690271
   1.9843821468   0.6190161882  -4.3674996605
      
      
#  type   0  conf  1.0000
   1.9843821468   0.6190161882  -4.3674996605
   2.4678762326   0.7698392877  -3.8509160559
      
      
#  type   0  conf  1.0000
   2.4678762326   0.7698392877  -3.8509160559
   2.4747177314   0.7719734525  -3.6210633887
      
      
#  type   0  conf  1.0000
   2.4747177314   0.7719734525  -3.6210633887
   1.6524212074   0.5154629509  -2.1542683140
      
      
#  type   0  conf  1.0000
   1.6524212074   0.5154629509  -2.1542683140
   1.5906237798   0.4961856115  -2.0565856096
      
      
#  type   0  conf  1.0000
   1.5906237798   0.4961856115  -2.0565856096
  -0.1971530752  -0.0615007272  -0.8610918966
      
      
#  type   4  conf  0.0000
#  type   0  conf  1.0000
  -0.2230831410  -0.0695894568  -0.8573317477
  -2.1696039035  -0.6767950117  -2.1805909507
      
      
#  type   0  conf  1.0000
  -2.1696039035  -0.6767950117  -2.1805909507
  -2.6048358565  -0.8125630264  -2.9124694200
      
      
#  type   0  conf  1.0000
  -2.6048358565  -0.8125630264  -2.9124694200
  -2.6881243201  -0.8385443665  -3.0543347622
      
      
#  type   0  conf  1.0000
  -2.6881243201  -0.8385443665  -3.0543347622
  -2.9912655673  -0.9331074725  -3.5935057915
      
      
#  type   0  conf  1.0000
  -2.9912655673  -0.9331074725  -3.5935057915
  -2.9785924400  -0.9291541659  -3.8295224620
      
      
#  type   0  conf  1.0000
  -2.9785924400  -0.9291541659  -3.8295224620
  -2.5157258400  -0.7847656877  -4.3586761145
      
      
#  type   0  conf  1.0000
  -2.5157258400  -0.7847656877  -4.3586761145
  -2.4908197752  -0.7769963892  -4.3798477484
      
      
#  type   0  conf  1.0000
  -2.4908197752  -0.7769963892  -4.3798477484
  -2.0958547110  -0.6537893905  -4.5924722439
      
      
# 163  norm     0.2940403252   -0.9557930148    0.0000000000
# nedges  11 
#  type   0  conf  1.0000
   1.6155849308   0.4970188222  -4.5795068160
   1.9844794664   0.6105055997  -4.3670847457
      
      
#  type   0  conf  1.0000
   1.9844794664   0.6105055997  -4.3670847457
   2.4757027775   0.7616256225  -3.8408594432
      
      
#  type   0  conf  1.0000
   2.4757027775   0.7616256225  -3.8408594432
   2.4830865158   0.7638971570  -3.6069946586
      
      
#  type   0  conf  1.0000
   2.4830865158   0.7638971570  -3.6069946586
   1.6046782287   0.4936634825  -2.0644574276
      
      
#  type   0  conf  1.0000
   1.6046782287   0.4936634825  -2.0644574276
  -0.2132679713  -0.0656097949  -0.8505955819
      
      
#  type   0  conf  1.0000
  -0.2132679713  -0.0656097949  -0.8505955819
  -2.1601046103  -0.6645349488  -2.1722395530
      
      
#  type   0  conf  1.0000
  -2.1601046103  -0.6645349488  -2.1722395530
  -2.2014221423  -0.6772458814  -2.2268684100
      
      
#  type   0  conf  1.0000
  -2.2014221423  -0.6772458814  -2.2268684100
  -2.9847853343  -0.9182398666  -3.5872876198
      
      
#  type   0  conf  1.0000
  -2.9847853343  -0.9182398666  -3.5872876198
  -2.9713161647  -0.9140962090  -3.8315602054
      
      
#  type   0  conf  1.0000
  -2.9713161647  -0.9140962090  -3.8315602054
  -2.4918533872  -0.7665941988  -4.3795394222
      
      
#  type   0  conf  1.0000
  -2.4918533872  -0.7665941988  -4.3795394222
  -2.1022921644  -0.6467495181  -4.5890784184
      
      
# 164  norm     0.2884051709   -0.9575084633    0.0000000000
# nedges  12 
#  type   0  conf  1.0000
   1.6191276336   0.4876873676  -4.5805740973
   2.0011463977   0.6027528643  -4.3605762127
      
      
#  type   0  conf  1.0000
   2.0011463977   0.6027528643  -4.3605762127
   2.4986950096   0.7526163882  -3.8304112878
      
      
#  type   0  conf  1.0000
   2.4986950096   0.7526163882  -3.8304112878
   2.5048104892   0.7544583938  -3.6095417168
      
      
#  type   0  conf  1.0000
   2.5048104892   0.7544583938  -3.6095417168
   2.0962652742   0.6314030297  -2.8840386941
      
      
#  type   0  conf  1.0000
   2.0962652742   0.6314030297  -2.8840386941
   1.6030302721   0.4828387814  -2.0609409980
      
      
#  type   0  conf  1.0000
   1.6030302721   0.4828387814  -2.0609409980
  -0.2128709085  -0.0641175228  -0.8504390396
      
      
#  type   0  conf  1.0000
  -0.2128709085  -0.0641175228  -0.8504390396
  -2.1786342082  -0.6562128642  -2.1828337474
      
      
#  type   0  conf  1.0000
  -2.1786342082  -0.6562128642  -2.1828337474
  -2.9809209419  -0.8978646630  -3.6004426196
      
      
#  type   0  conf  1.0000
  -2.9809209419  -0.8978646630  -3.6004426196
  -2.9693789692  -0.8943881772  -3.8329700486
      
      
#  type   0  conf  1.0000
  -2.9693789692  -0.8943881772  -3.8329700486
  -2.4982436987  -0.7524804517  -4.3713807170
      
      
#  type   0  conf  1.0000
  -2.4982436987  -0.7524804517  -4.3713807170
  -2.4757001000  -0.7456902345  -4.3899758692
      
      
#  type   0  conf  1.0000
  -2.4757001000  -0.7456902345  -4.3899758692
  -2.1007444434  -0.6327521724  -4.5919520178
      
      
# 165  norm     0.2865245527   -0.9580728995    0.0000000000
# nedges  12 
#  type   0  conf  1.0000
   1.6199356075   0.4844634742  -4.5805671000
   2.0083092473   0.6006118210  -4.3578295825
      
      
#  type   0  conf  1.0000
   2.0083092473   0.6006118210  -4.3578295825
   2.5034695143   0.7486961412  -3.8302448758
      
      
#  type   0  conf  1.0000
   2.5034695143   0.7486961412  -3.8302448758
   2.5099076494   0.7506215519  -3.6100535296
      
      
#  type   0  conf  1.0000
   2.5099076494   0.7506215519  -3.6100535296
   2.1039686225   0.6292200404  -2.8887705546
      
      
#  type   0  conf  1.0000
   2.1039686225   0.6292200404  -2.8887705546
   1.6038368541   0.4796489260  -2.0609390849
      
      
#  type   0  conf  1.0000
   1.6038368541   0.4796489260  -2.0609390849
  -0.2131696434  -0.0637512414  -0.8505291972
      
      
#  type   0  conf  1.0000
  -0.2131696434  -0.0637512414  -0.8505291972
  -2.1802759366  -0.6520407663  -2.1830068363
      
      
#  type   0  conf  1.0000
  -2.1802759366  -0.6520407663  -2.1830068363
  -2.9845321726  -0.8925643825  -3.6045241842
      
      
#  type   0  conf  1.0000
  -2.9845321726  -0.8925643825  -3.6045241842
  -2.9730322194  -0.8891251672  -3.8315890976
      
      
#  type   0  conf  1.0000
  -2.9730322194  -0.8891251672  -3.8315890976
  -2.5012834586  -0.7480423720  -4.3712590431
      
      
#  type   0  conf  1.0000
  -2.5012834586  -0.7480423720  -4.3712590431
  -2.4771225318  -0.7408167227  -4.3904288350
      
      
#  type   0  conf  1.0000
  -2.4771225318  -0.7408167227  -4.3904288350
  -2.1021337053  -0.6286712838  -4.5920459688
      
      
# 166  norm     0.2846428299   -0.9586336419    0.0000000000
# nedges  12 
#  type   0  conf  1.0000
   1.6212837570   0.4814005856  -4.5808549006
   2.0146658867   0.5982057943  -4.3564859935
      
      
#  type   0  conf  1.0000
   2.0146658867   0.5982057943  -4.3564859935
   2.5098106922   0.7452269425  -3.8302532879
      
      
#  type   0  conf  1.0000
   2.5098106922   0.7452269425  -3.8302532879
   2.5170823478   0.7473860829  -3.6113532634
      
      
#  type   0  conf  1.0000
   2.5170823478   0.7473860829  -3.6113532634
   2.1108116886   0.6267539403  -2.8900868824
      
      
#  type   0  conf  1.0000
   2.1108116886   0.6267539403  -2.8900868824
   1.6059316543   0.4768421540  -2.0612913451
      
      
#  type   0  conf  1.0000
   1.6059316543   0.4768421540  -2.0612913451
  -0.2123816264  -0.0630615331  -0.8505381330
      
      
#  type   0  conf  1.0000
  -0.2123816264  -0.0630615331  -0.8505381330
  -2.1805229353  -0.6474529912  -2.1827985059
      
      
#  type   0  conf  1.0000
  -2.1805229353  -0.6474529912  -2.1827985059
  -2.9890820532  -0.8875348592  -3.6083875565
      
      
#  type   0  conf  1.0000
  -2.9890820532  -0.8875348592  -3.6083875565
  -2.9761654636  -0.8836995936  -3.8323491474
      
      
#  type   0  conf  1.0000
  -2.9761654636  -0.8836995936  -3.8323491474
  -2.5488948029  -0.7568320139  -4.3196062094
      
      
#  type   0  conf  1.0000
  -2.5488948029  -0.7568320139  -4.3196062094
  -2.4896722377  -0.7392473206  -4.3849263433
      
      
#  type   0  conf  1.0000
  -2.4896722377  -0.7392473206  -4.3849263433
  -2.1023348003  -0.6242369355  -4.5918529746
      
      
# 167  norm     0.2789911060   -0.9602936857    0.0000000000
# nedges  12 
#  type   0  conf  1.0000
   1.6254341203   0.4722322658  -4.5788372100
   2.0353474298   0.5913230911  -4.3540776442
      
      
#  type   0  conf  1.0000
   2.0353474298   0.5913230911  -4.3540776442
   2.5318405484   0.7355676763  -3.8285055905
      
      
#  type   0  conf  1.0000
   2.5318405484   0.7355676763  -3.8285055905
   2.5382408506   0.7374271360  -3.6088851657
      
      
#  type   0  conf  1.0000
   2.5382408506   0.7374271360  -3.6088851657
   2.1260980266   0.6176885768  -2.8820681071
      
      
#  type   0  conf  1.0000
   2.1260980266   0.6176885768  -2.8820681071
   1.6091022184   0.4674874097  -2.0613739975
      
      
#  type   0  conf  1.0000
   1.6091022184   0.4674874097  -2.0613739975
  -0.2039125975  -0.0592420860  -0.8565270147
      
      
#  type   0  conf  1.0000
  -0.2039125975  -0.0592420860  -0.8565270147
  -0.2236396137  -0.0649733140  -0.8576958428
      
      
#  type   0  conf  1.0000
  -0.2236396137  -0.0649733140  -0.8576958428
  -2.1873554847  -0.6354855135  -2.1853506266
      
      
#  type   0  conf  1.0000
  -2.1873554847  -0.6354855135  -2.1853506266
  -3.0092747612  -0.8742751374  -3.6062527112
      
      
#  type   0  conf  1.0000
  -3.0092747612  -0.8742751374  -3.6062527112
  -2.9979244502  -0.8709775672  -3.8292658470
      
      
#  type   0  conf  1.0000
  -2.9979244502  -0.8709775672  -3.8292658470
  -2.5100171652  -0.7292273973  -4.3826084309
      
      
#  type   0  conf  1.0000
  -2.5100171652  -0.7292273973  -4.3826084309
  -2.1095821663  -0.6128902758  -4.5880317236
      
      
# 168  norm     0.2714404499   -0.9624552365    0.0000000000
# nedges  13 
#  type   0  conf  1.0000
   1.6269788740   0.4588554987  -4.5802242756
   2.0610749868   0.5812832643  -4.3535846282
      
      
#  type   0  conf  1.0000
   2.0610749868   0.5812832643  -4.3535846282
   2.5594002231   0.7218255163  -3.8280855021
      
      
#  type   0  conf  1.0000
   2.5594002231   0.7218255163  -3.8280855021
   2.5656813978   0.7235969908  -3.6080601378
      
      
#  type   0  conf  1.0000
   2.5656813978   0.7235969908  -3.6080601378
   2.1478750767   0.6057634215  -2.8756769842
      
      
#  type   0  conf  1.0000
   2.1478750767   0.6057634215  -2.8756769842
   1.6146983610   0.4553920358  -2.0623040692
      
      
#  type   0  conf  1.0000
   1.6146983610   0.4553920358  -2.0623040692
  -0.2125141468  -0.0599351881  -0.8507433297
      
      
#  type   0  conf  1.0000
  -0.2125141468  -0.0599351881  -0.8507433297
  -2.1853449107  -0.6163310076  -2.1807679672
      
      
#  type   0  conf  1.0000
  -2.1853449107  -0.6163310076  -2.1807679672
  -2.6673655195  -0.7522748790  -2.9666865700
      
      
#  type   0  conf  1.0000
  -2.6673655195  -0.7522748790  -2.9666865700
  -3.0352497278  -0.8560289563  -3.6112140017
      
      
#  type   0  conf  1.0000
  -3.0352497278  -0.8560289563  -3.6112140017
  -3.0245993813  -0.8530252479  -3.8270600279
      
      
#  type   0  conf  1.0000
  -3.0245993813  -0.8530252479  -3.8270600279
  -2.5389235515  -0.7160504976  -4.3765662298
      
      
#  type   0  conf  1.0000
  -2.5389235515  -0.7160504976  -4.3765662298
  -2.5133111130  -0.7088270429  -4.3910536537
      
      
#  type   0  conf  1.0000
  -2.5133111130  -0.7088270429  -4.3910536537
  -2.1090988510  -0.5948273948  -4.5905820782
      
      
# 169  norm     0.2638730500   -0.9645574185    0.0000000000
# nedges  12 
#  type   0  conf  1.0000
   1.6341331852   0.4470482517  -4.5791871185
   2.0854367780   0.5705109438  -4.3542434820
      
      
#  type   0  conf  1.0000
   2.0854367780   0.5705109438  -4.3542434820
   2.5861591685   0.7074930890  -3.8283609168
      
      
#  type   0  conf  1.0000
   2.5861591685   0.7074930890  -3.8283609168
   2.5939570369   0.7096263444  -3.6105602322
      
      
#  type   0  conf  1.0000
   2.5939570369   0.7096263444  -3.6105602322
   2.1760037995   0.5952872772  -2.8800687471
      
      
#  type   0  conf  1.0000
   2.1760037995   0.5952872772  -2.8800687471
   1.6209051961   0.4434294834  -2.0640135384
      
      
#  type   0  conf  1.0000
   1.6209051961   0.4434294834  -2.0640135384
  -0.2118630984  -0.0579591851  -0.8506471949
      
      
#  type   0  conf  1.0000
  -0.2118630984  -0.0579591851  -0.8506471949
  -2.1907851332  -0.5993309925  -2.1818146768
      
      
#  type   0  conf  1.0000
  -2.1907851332  -0.5993309925  -2.1818146768
  -2.6888218232  -0.7355784132  -2.9610510589
      
      
#  type   0  conf  1.0000
  -2.6888218232  -0.7355784132  -2.9610510589
  -3.0619379938  -0.8376514469  -3.6108319072
      
      
#  type   0  conf  1.0000
  -3.0619379938  -0.8376514469  -3.6108319072
  -3.0511505352  -0.8347003322  -3.8269896232
      
      
#  type   0  conf  1.0000
  -3.0511505352  -0.8347003322  -3.8269896232
  -2.5599273516  -0.7003168759  -4.3802275348
      
      
#  type   0  conf  1.0000
  -2.5599273516  -0.7003168759  -4.3802275348
  -2.1178021711  -0.5793651134  -4.5870728414
      
      
# 170  norm     0.2562893731   -0.9666001020    0.0000000000
# nedges  13 
#  type   0  conf  1.0000
   1.6384946348   0.4344389805  -4.5801856266
   2.1092484142   0.5592570834  -4.3544973863
      
      
#  type   0  conf  1.0000
   2.1092484142   0.5592570834  -4.3544973863
   2.6132962174   0.6929029368  -3.8259437423
      
      
#  type   0  conf  1.0000
   2.6132962174   0.6929029368  -3.8259437423
   2.6182026999   0.6942038670  -3.6064395157
      
      
#  type   0  conf  1.0000
   2.6182026999   0.6942038670  -3.6064395157
   2.2091998234   0.5857587193  -2.8973806721
      
      
#  type   0  conf  1.0000
   2.2091998234   0.5857587193  -2.8973806721
   1.7761770295   0.4709448059  -2.2725705239
      
      
#  type   0  conf  1.0000
   1.7761770295   0.4709448059  -2.2725705239
   1.6137633094   0.4278815883  -2.0569966372
      
      
#  type   0  conf  1.0000
   1.6137633094   0.4278815883  -2.0569966372
  -0.2111895591  -0.0559958970  -0.8506860362
      
      
#  type   0  conf  1.0000
  -0.2111895591  -0.0559958970  -0.8506860362
  -2.1964024987  -0.5823655702  -2.1832145317
      
      
#  type   0  conf  1.0000
  -2.1964024987  -0.5823655702  -2.1832145317
  -2.7136340948  -0.7195070429  -2.9642166885
      
      
#  type   0  conf  1.0000
  -2.7136340948  -0.7195070429  -2.9642166885
  -3.0870201021  -0.8185085489  -3.6123313902
      
      
#  type   0  conf  1.0000
  -3.0870201021  -0.8185085489  -3.6123313902
  -3.0757249557  -0.8155136950  -3.8271737119
      
      
#  type   0  conf  1.0000
  -3.0757249557  -0.8155136950  -3.8271737119
  -2.5803437096  -0.6841657376  -4.3815670330
      
      
#  type   0  conf  1.0000
  -2.5803437096  -0.6841657376  -4.3815670330
  -2.1222965325  -0.5627167293  -4.5864880350
      
      
# 171  norm     0.2486898872   -0.9685831611    0.0000000000
# nedges  13 
#  type   0  conf  1.0000
   1.6548618721   0.4248963112  -4.5761134290
   2.1313304749   0.5472326555  -4.3564150076
      
      
#  type   0  conf  1.0000
   2.1313304749   0.5472326555  -4.3564150076
   2.6401805052   0.6778831372  -3.8277252421
      
      
#  type   0  conf  1.0000
   2.6401805052   0.6778831372  -3.8277252421
   2.6457072156   0.6793021553  -3.6068479863
      
      
#  type   0  conf  1.0000
   2.6457072156   0.6793021553  -3.6068479863
   2.2356538940   0.5740183569  -2.8992659775
      
      
#  type   0  conf  1.0000
   2.2356538940   0.5740183569  -2.8992659775
   1.7887646989   0.4592767136  -2.2751369023
      
      
#  type   0  conf  1.0000
   1.7887646989   0.4592767136  -2.2751369023
   1.6175102554   0.4153060460  -2.0572589977
      
      
#  type   0  conf  1.0000
   1.6175102554   0.4153060460  -2.0572589977
  -0.2107758059  -0.0541180288  -0.8507521482
      
      
#  type   0  conf  1.0000
  -0.2107758059  -0.0541180288  -0.8507521482
  -2.2021456949  -0.5654149136  -2.1848608119
      
      
#  type   0  conf  1.0000
  -2.2021456949  -0.5654149136  -2.1848608119
  -2.7351563540  -0.7022687905  -2.9601198642
      
      
#  type   0  conf  1.0000
  -2.7351563540  -0.7022687905  -2.9601198642
  -3.1134985172  -0.7994105473  -3.6119458607
      
      
#  type   0  conf  1.0000
  -3.1134985172  -0.7994105473  -3.6119458607
  -3.1007131078  -0.7961278121  -3.8295250860
      
      
#  type   0  conf  1.0000
  -3.1007131078  -0.7961278121  -3.8295250860
  -2.6016267639  -0.6679842189  -4.3833545928
      
      
#  type   0  conf  1.0000
  -2.6016267639  -0.6679842189  -4.3833545928
  -2.1257363340  -0.5457963242  -4.5866168563
      
      
# 172  norm     0.2410750608   -0.9705064735    0.0000000000
# nedges  14 
#  type   0  conf  1.0000
   1.6583481226   0.4119358144  -4.5780017545
   2.1536032288   0.5349578221  -4.3576277592
      
      
#  type   0  conf  1.0000
   2.1536032288   0.5349578221  -4.3576277592
   2.6645608130   0.6618803456  -3.8284362689
      
      
#  type   0  conf  1.0000
   2.6645608130   0.6618803456  -3.8284362689
   2.6726973477   0.6639014713  -3.6107845632
      
      
#  type   0  conf  1.0000
   2.6726973477   0.6639014713  -3.6107845632
   2.2614115540   0.5617375492  -2.9022672672
      
      
#  type   0  conf  1.0000
   2.2614115540   0.5617375492  -2.9022672672
   1.7972002225   0.4464268553  -2.2729277136
      
      
#  type   0  conf  1.0000
   1.7972002225   0.4464268553  -2.2729277136
   1.6205747798   0.4025528673  -2.0572051056
      
      
#  type   0  conf  1.0000
   1.6205747798   0.4025528673  -2.0572051056
  -0.2100466766  -0.0521758656  -0.8507158215
      
      
#  type   0  conf  1.0000
  -0.2100466766  -0.0521758656  -0.8507158215
  -2.1938356275  -0.5449516019  -2.1772611507
      
      
#  type   0  conf  1.0000
  -2.1938356275  -0.5449516019  -2.1772611507
  -2.3640646950  -0.5872367220  -2.4010100778
      
      
#  type   0  conf  1.0000
  -2.3640646950  -0.5872367220  -2.4010100778
  -2.7699856986  -0.6880680233  -2.9814706079
      
      
#  type   0  conf  1.0000
  -2.7699856986  -0.6880680233  -2.9814706079
  -3.1388100223  -0.7796844614  -3.6132827893
      
      
#  type   0  conf  1.0000
  -3.1388100223  -0.7796844614  -3.6132827893
  -3.1240293867  -0.7760129325  -3.8300807075
      
      
#  type   0  conf  1.0000
  -3.1240293867  -0.7760129325  -3.8300807075
  -2.6260129721  -0.6523050122  -4.3820266744
      
      
#  type   0  conf  1.0000
  -2.6260129721  -0.6523050122  -4.3820266744
  -2.1312972456  -0.5294169871  -4.5876366173
      
      
# 173  norm     0.2334453639   -0.9723699204    0.0000000000
# nedges  14 
#  type   0  conf  1.0000
   1.6608075322   0.3987246114  -4.5808648366
   2.1784062042   0.5229890583  -4.3569910761
      
      
#  type   0  conf  1.0000
   2.1784062042   0.5229890583  -4.3569910761
   2.6906210287   0.6459609577  -3.8276815342
      
      
#  type   0  conf  1.0000
   2.6906210287   0.6459609577  -3.8276815342
   2.6966458621   0.6474073923  -3.6063321681
      
      
#  type   0  conf  1.0000
   2.6966458621   0.6474073923  -3.6063321681
   2.2823202515   0.5479366138  -2.8989148136
      
      
#  type   0  conf  1.0000
   2.2823202515   0.5479366138  -2.8989148136
   1.8073121452   0.4338972571  -2.2733289418
      
      
#  type   0  conf  1.0000
   1.8073121452   0.4338972571  -2.2733289418
   1.6229272389   0.3896303576  -2.0566805160
      
      
#  type   0  conf  1.0000
   1.6229272389   0.3896303576  -2.0566805160
  -0.2096342953  -0.0503287415  -0.8507386993
      
      
#  type   0  conf  1.0000
  -0.2096342953  -0.0503287415  -0.8507386993
  -2.1977136930  -0.5276243762  -2.1780582732
      
      
#  type   0  conf  1.0000
  -2.1977136930  -0.5276243762  -2.1780582732
  -2.3769966249  -0.5706664001  -2.4055039421
      
      
#  type   0  conf  1.0000
  -2.3769966249  -0.5706664001  -2.4055039421
  -2.7923123028  -0.6703748726  -2.9814407113
      
      
#  type   0  conf  1.0000
  -2.7923123028  -0.6703748726  -2.9814407113
  -3.1622565980  -0.7591906399  -3.6119770667
      
      
#  type   0  conf  1.0000
  -3.1622565980  -0.7591906399  -3.6119770667
  -3.1492972252  -0.7560793698  -3.8292216884
      
      
#  type   0  conf  1.0000
  -3.1492972252  -0.7560793698  -3.8292216884
  -2.6456430875  -0.6351627094  -4.3836296330
      
      
#  type   0  conf  1.0000
  -2.6456430875  -0.6351627094  -4.3836296330
  -2.1389542115  -0.5135174728  -4.5875341879
      
      
# 174  norm     0.2258012669   -0.9741733870    0.0000000000
# nedges  15 
#  type   0  conf  1.0000
   1.6757718564   0.3884230602  -4.5799145016
   2.2036295367   0.5107739010  -4.3567988517
      
      
#  type   0  conf  1.0000
   2.2036295367   0.5107739010  -4.3567988517
   2.7177651108   0.6299441283  -3.8265653955
      
      
#  type   0  conf  1.0000
   2.7177651108   0.6299441283  -3.8265653955
   2.7242914207   0.6314568457  -3.6088806872
      
      
#  type   0  conf  1.0000
   2.7242914207   0.6314568457  -3.6088806872
   2.3078379837   0.5349281220  -2.8997423957
      
      
#  type   0  conf  1.0000
   2.3078379837   0.5349281220  -2.8997423957
   1.8171260736   0.4211872085  -2.2731034726
      
      
#  type   0  conf  1.0000
   1.8171260736   0.4211872085  -2.2731034726
   1.6261261991   0.3769158147  -2.0569625224
      
      
#  type   0  conf  1.0000
   1.6261261991   0.3769158147  -2.0569625224
  -0.2089011941  -0.0484206969  -0.8508145618
      
      
#  type   0  conf  1.0000
  -0.2089011941  -0.0484206969  -0.8508145618
  -2.1996116157  -0.5098425969  -2.1777965562
      
      
#  type   0  conf  1.0000
  -2.1996116157  -0.5098425969  -2.1777965562
  -2.3865936892  -0.5531827144  -2.4049560874
      
      
#  type   0  conf  1.0000
  -2.3865936892  -0.5531827144  -2.4049560874
  -2.8151070376  -0.6525067755  -2.9806312922
      
      
#  type   0  conf  1.0000
  -2.8151070376  -0.6525067755  -2.9806312922
  -3.1871692051  -0.7387461553  -3.6112690688
      
      
#  type   0  conf  1.0000
  -3.1871692051  -0.7387461553  -3.6112690688
  -3.1760369786  -0.7361658438  -3.8253251183
      
      
#  type   0  conf  1.0000
  -3.1760369786  -0.7361658438  -3.8253251183
  -2.6923302260  -0.6240486386  -4.3591152637
      
      
#  type   0  conf  1.0000
  -2.6923302260  -0.6240486386  -4.3591152637
  -2.6591655997  -0.6163614909  -4.3864312348
      
      
#  type   0  conf  1.0000
  -2.6591655997  -0.6163614909  -4.3864312348
  -2.1493090784  -0.4981830948  -4.5886673135
      
      
# 175  norm     0.2181432414   -0.9759167619    0.0000000000
# nedges  14 
#  type   0  conf  1.0000
   1.6913839745   0.3780691110  -4.5798673180
   2.2279972323   0.4980163852  -4.3562784853
      
      
#  type   0  conf  1.0000
   2.2279972323   0.4980163852  -4.3562784853
   2.7432126026   0.6131806649  -3.8274109920
      
      
#  type   0  conf  1.0000
   2.7432126026   0.6131806649  -3.8274109920
   2.7509695736   0.6149145533  -3.6099434425
      
      
#  type   0  conf  1.0000
   2.7509695736   0.6149145533  -3.6099434425
   2.3327860287   0.5214394563  -2.9007030205
      
      
#  type   0  conf  1.0000
   2.3327860287   0.5214394563  -2.9007030205
   1.8291752321   0.4088691062  -2.2758035003
      
      
#  type   0  conf  1.0000
   1.8291752321   0.4088691062  -2.2758035003
   1.6293875447   0.3642112671  -2.0575952870
      
      
#  type   0  conf  1.0000
   1.6293875447   0.3642112671  -2.0575952870
  -0.2081478348  -0.0465265534  -0.8507391123
      
      
#  type   0  conf  1.0000
  -0.2081478348  -0.0465265534  -0.8507391123
  -2.2021798841  -0.4922455242  -2.1781069811
      
      
#  type   0  conf  1.0000
  -2.2021798841  -0.4922455242  -2.1781069811
  -2.3960414071  -0.5355787086  -2.4046739254
      
      
#  type   0  conf  1.0000
  -2.3960414071  -0.5355787086  -2.4046739254
  -2.8384299765  -0.6344642696  -2.9810871975
      
      
#  type   0  conf  1.0000
  -2.8384299765  -0.6344642696  -2.9810871975
  -3.2114429470  -0.7178425470  -3.6107215541
      
      
#  type   0  conf  1.0000
  -3.2114429470  -0.7178425470  -3.6107215541
  -3.2010350048  -0.7155160962  -3.8259308660
      
      
#  type   0  conf  1.0000
  -3.2010350048  -0.7155160962  -3.8259308660
  -2.6955640602  -0.6025299538  -4.3802882109
      
      
#  type   0  conf  1.0000
  -2.6955640602  -0.6025299538  -4.3802882109
  -2.1651135828  -0.4839602242  -4.5881717595
      
      
# 176  norm     0.2104717598   -0.9775999378    0.0000000000
# nedges  14 
#  type   0  conf  1.0000
   1.7144280771   0.3691067077  -4.5773894029
   2.2501105952   0.4844361364  -4.3574917632
      
      
#  type   0  conf  1.0000
   2.2501105952   0.4844361364  -4.3574917632
   2.7688777443   0.5961237814  -3.8278038086
      
      
#  type   0  conf  1.0000
   2.7688777443   0.5961237814  -3.8278038086
   2.7763696187   0.5977367397  -3.6089444393
      
      
#  type   0  conf  1.0000
   2.7763696187   0.5977367397  -3.6089444393
   2.3558733579   0.5072062634  -2.8997200434
      
      
#  type   0  conf  1.0000
   2.3558733579   0.5072062634  -2.8997200434
   1.8342630005   0.3949064917  -2.2704330587
      
      
#  type   0  conf  1.0000
   1.8342630005   0.3949064917  -2.2704330587
   1.6312023644   0.3511886806  -2.0572240717
      
      
#  type   0  conf  1.0000
   1.6312023644   0.3511886806  -2.0572240717
  -0.2073395211  -0.0446390310  -0.8507351848
      
      
#  type   0  conf  1.0000
  -0.2073395211  -0.0446390310  -0.8507351848
  -2.2038398963  -0.4744743155  -2.1779725971
      
      
#  type   0  conf  1.0000
  -2.2038398963  -0.4744743155  -2.1779725971
  -2.4022746099  -0.5171961916  -2.4011118907
      
      
#  type   0  conf  1.0000
  -2.4022746099  -0.5171961916  -2.4011118907
  -2.8614569312  -0.6160555588  -2.9818748662
      
      
#  type   0  conf  1.0000
  -2.8614569312  -0.6160555588  -2.9818748662
  -3.2357164311  -0.6966315210  -3.6118668547
      
      
#  type   0  conf  1.0000
  -3.2357164311  -0.6966315210  -3.6118668547
  -3.2244938594  -0.6942153645  -3.8273113803
      
      
#  type   0  conf  1.0000
  -3.2244938594  -0.6942153645  -3.8273113803
  -2.7146125590  -0.5844407927  -4.3821179436
      
      
#  type   0  conf  1.0000
  -2.7146125590  -0.5844407927  -4.3821179436
  -2.1846291289  -0.4703383455  -4.5860700483
      
      
# 177  norm     0.2027872954   -0.9792228106    0.0000000000
# nedges  15 
#  type   0  conf  1.0000
   1.7364204753   0.3595953934  -4.5760849568
   2.2741762337   0.4709592573  -4.3570964814
      
      
#  type   0  conf  1.0000
   2.2741762337   0.4709592573  -4.3570964814
   2.7950938013   0.5788360995  -3.8270259901
      
      
#  type   0  conf  1.0000
   2.7950938013   0.5788360995  -3.8270259901
   2.8017865963   0.5802221107  -3.6085205985
      
      
#  type   0  conf  1.0000
   2.8017865963   0.5802221107  -3.6085205985
   2.3795763552   0.4927865731  -2.8996846360
      
      
#  type   0  conf  1.0000
   2.3795763552   0.4927865731  -2.8996846360
   1.8456213056   0.3822097982  -2.2729087031
      
      
#  type   0  conf  1.0000
   1.8456213056   0.3822097982  -2.2729087031
   1.6339980034   0.3383847191  -2.0576961058
      
      
#  type   0  conf  1.0000
   1.6339980034   0.3383847191  -2.0576961058
  -0.2063451720  -0.0427320308  -0.8508927949
      
      
#  type   0  conf  1.0000
  -0.2063451720  -0.0427320308  -0.8508927949
  -2.1994477055  -0.4554837230  -2.1738187132
      
      
#  type   0  conf  1.0000
  -2.1994477055  -0.4554837230  -2.1738187132
  -2.2151302171  -0.4587314151  -2.1886409728
      
      
#  type   0  conf  1.0000
  -2.2151302171  -0.4587314151  -2.1886409728
  -2.4115299522  -0.4994038449  -2.4012837954
      
      
#  type   0  conf  1.0000
  -2.4115299522  -0.4994038449  -2.4012837954
  -2.8829788416  -0.5970362164  -2.9808357252
      
      
#  type   0  conf  1.0000
  -2.8829788416  -0.5970362164  -2.9808357252
  -3.2596206622  -0.6750349878  -3.6104828975
      
      
#  type   0  conf  1.0000
  -3.2596206622  -0.6750349878  -3.6104828975
  -3.2477092830  -0.6725682597  -3.8284487100
      
      
#  type   0  conf  1.0000
  -3.2477092830  -0.6725682597  -3.8284487100
  -2.7393237737  -0.5672866820  -4.3800450824
      
      
#  type   0  conf  1.0000
  -2.7393237737  -0.5672866820  -4.3800450824
  -2.2047520820  -0.4565822066  -4.5855917761
      
      
# 178  norm     0.1950903220   -0.9807852804    0.0000000000
# nedges  14 
#  type   0  conf  1.0000
   1.7753899160   0.3531470112  -4.5677348539
   2.2970023394   0.4569021732  -4.3562361252
      
      
#  type   0  conf  1.0000
   2.2970023394   0.4569021732  -4.3562361252
   2.8183639381   0.5606074431  -3.8276369063
      
      
#  type   0  conf  1.0000
   2.8183639381   0.5606074431  -3.8276369063
   2.8248357856   0.5618947736  -3.6063197638
      
      
#  type   0  conf  1.0000
   2.8248357856   0.5618947736  -3.6063197638
   2.4003424899   0.4774578072  -2.8982122864
      
      
#  type   0  conf  1.0000
   2.4003424899   0.4774578072  -2.8982122864
   1.8536625814   0.3687164124  -2.2723323751
      
      
#  type   0  conf  1.0000
   1.8536625814   0.3687164124  -2.2723323751
   1.6355979075   0.3253406519  -2.0574923685
      
      
#  type   0  conf  1.0000
   1.6355979075   0.3253406519  -2.0574923685
  -0.2055162991  -0.0408797336  -0.8509253432
      
      
#  type   0  conf  1.0000
  -0.2055162991  -0.0408797336  -0.8509253432
  -2.2067535228  -0.4389505674  -2.1777833883
      
      
#  type   0  conf  1.0000
  -2.2067535228  -0.4389505674  -2.1777833883
  -2.4226272610  -0.4818905238  -2.4046344633
      
      
#  type   0  conf  1.0000
  -2.4226272610  -0.4818905238  -2.4046344633
  -2.9045316452  -0.5777472657  -2.9823048618
      
      
#  type   0  conf  1.0000
  -2.9045316452  -0.5777472657  -2.9823048618
  -3.2823906727  -0.6529080994  -3.6122766778
      
      
#  type   0  conf  1.0000
  -3.2823906727  -0.6529080994  -3.6122766778
  -3.2691755056  -0.6502794392  -3.8297552028
      
      
#  type   0  conf  1.0000
  -3.2691755056  -0.6502794392  -3.8297552028
  -2.7579574641  -0.5485918483  -4.3807359693
      
      
#  type   0  conf  1.0000
  -2.7579574641  -0.5485918483  -4.3807359693
  -2.2227394723  -0.4421303705  -4.5850623740
      
      
# 179  norm     0.1873813146   -0.9822872507   -0.0000000000
# nedges  14 
#  type   0  conf  1.0000
   1.7793339898   0.3394261117  -4.5747059752
   2.3231547157   0.4431654634  -4.3548019896
      
      
#  type   0  conf  1.0000
   2.3231547157   0.4431654634  -4.3548019896
   2.8442840562   0.5425762017  -3.8253524119
      
      
#  type   0  conf  1.0000
   2.8442840562   0.5425762017  -3.8253524119
   2.8503076041   0.5437252549  -3.6063831791
      
      
#  type   0  conf  1.0000
   2.8503076041   0.5437252549  -3.6063831791
   2.4238156986   0.4623675728  -2.8984194092
      
      
#  type   0  conf  1.0000
   2.4238156986   0.4623675728  -2.8984194092
   1.8638223491   0.3555431282  -2.2733791689
      
      
#  type   0  conf  1.0000
   1.8638223491   0.3555431282  -2.2733791689
   1.6365665767   0.3121917711  -2.0568851153
      
      
#  type   0  conf  1.0000
   1.6365665767   0.3121917711  -2.0568851153
  -0.2048927554  -0.0390853835  -0.8509672573
      
      
#  type   0  conf  1.0000
  -0.2048927554  -0.0390853835  -0.8509672573
  -2.2069070506  -0.4209900353  -2.1773235987
      
      
#  type   0  conf  1.0000
  -2.2069070506  -0.4209900353  -2.1773235987
  -2.4274668067  -0.4630640589  -2.4004684065
      
      
#  type   0  conf  1.0000
  -2.4274668067  -0.4630640589  -2.4004684065
  -2.9254161763  -0.5580529814  -2.9810577507
      
      
#  type   0  conf  1.0000
  -2.9254161763  -0.5580529814  -2.9810577507
  -3.3056675695  -0.6305898140  -3.6113269983
      
      
#  type   0  conf  1.0000
  -3.3056675695  -0.6305898140  -3.6113269983
  -3.2941410180  -0.6283910067  -3.8278837558
      
      
#  type   0  conf  1.0000
  -3.2941410180  -0.6283910067  -3.8278837558
  -2.7800543070  -0.5303237218  -4.3800785706
      
      
#  type   0  conf  1.0000
  -2.7800543070  -0.5303237218  -4.3800785706
  -2.2418532178  -0.4276563732  -4.5853377198
      
      
# 180  norm     0.1796607486   -0.9837286289    0.0000000000
# nedges  14 
#  type   0  conf  1.0000
   1.8053979378   0.3297242100  -4.5724280085
   2.3431410947   0.4279335487  -4.3552770982
      
      
#  type   0  conf  1.0000
   2.3431410947   0.4279335487  -4.3552770982
   2.8668289323   0.5235759303  -3.8276843931
      
      
#  type   0  conf  1.0000
   2.8668289323   0.5235759303  -3.8276843931
   2.8742495920   0.5249311834  -3.6084734706
      
      
#  type   0  conf  1.0000
   2.8742495920   0.5249311834  -3.6084734706
   2.4470087800   0.4469031563  -2.8999660781
      
      
#  type   0  conf  1.0000
   2.4470087800   0.4469031563  -2.8999660781
   1.8714251851   0.3417829265  -2.2727661559
      
      
#  type   0  conf  1.0000
   1.8714251851   0.3417829265  -2.2727661559
   1.6390321950   0.2993404303  -2.0575236656
      
      
#  type   0  conf  1.0000
   1.6390321950   0.2993404303  -2.0575236656
  -0.2042832913  -0.0373087536  -0.8508472998
      
      
#  type   0  conf  1.0000
  -0.2042832913  -0.0373087536  -0.8508472998
  -2.2077334549  -0.4032037226  -2.1773792880
      
      
#  type   0  conf  1.0000
  -2.2077334549  -0.4032037226  -2.1773792880
  -2.4361410986  -0.4449183653  -2.4013552421
      
      
#  type   0  conf  1.0000
  -2.4361410986  -0.4449183653  -2.4013552421
  -2.9462595315  -0.5380825335  -2.9818601952
      
      
#  type   0  conf  1.0000
  -2.9462595315  -0.5380825335  -2.9818601952
  -3.3263791852  -0.6075047091  -3.6093616921
      
      
#  type   0  conf  1.0000
  -3.3263791852  -0.6075047091  -3.6093616921
  -3.3163536604  -0.6056737231  -3.8271862357
      
      
#  type   0  conf  1.0000
  -3.3163536604  -0.6056737231  -3.8271862357
  -2.8026908694  -0.5118622401  -4.3783166541
      
      
#  type   0  conf  1.0000
  -2.8026908694  -0.5118622401  -4.3783166541
  -2.2604991752  -0.4128404542  -4.5851593395
      
      
# 181  norm     0.1719291003   -0.9851093262    0.0000000000
# nedges  14 
#  type   0  conf  1.0000
   1.8337425915   0.3200393150  -4.5692330539
   2.3655720191   0.4128584088  -4.3546218321
      
      
#  type   0  conf  1.0000
   2.3655720191   0.4128584088  -4.3546218321
   2.8905998677   0.5044904371  -3.8270923568
      
      
#  type   0  conf  1.0000
   2.8905998677   0.5044904371  -3.8270923568
   2.8971747722   0.5056379416  -3.6068482413
      
      
#  type   0  conf  1.0000
   2.8971747722   0.5056379416  -3.6068482413
   2.4677990988   0.4306998903  -2.8989370350
      
      
#  type   0  conf  1.0000
   2.4677990988   0.4306998903  -2.8989370350
   1.8792387299   0.3279796622  -2.2723384194
      
      
#  type   0  conf  1.0000
   1.8792387299   0.3279796622  -2.2723384194
   1.6400493504   0.2862344328  -2.0572092453
      
      
#  type   0  conf  1.0000
   1.6400493504   0.2862344328  -2.0572092453
  -0.2034713942  -0.0355114431  -0.8508954294
      
      
#  type   0  conf  1.0000
  -0.2034713942  -0.0355114431  -0.8508954294
  -2.2086801798  -0.3854763995  -2.1776744062
      
      
#  type   0  conf  1.0000
  -2.2086801798  -0.3854763995  -2.1776744062
  -2.4441129023  -0.4265659873  -2.4020376248
      
      
#  type   0  conf  1.0000
  -2.4441129023  -0.4265659873  -2.4020376248
  -2.9658924278  -0.5176310924  -2.9813163556
      
      
#  type   0  conf  1.0000
  -2.9658924278  -0.5176310924  -2.9813163556
  -3.3485773128  -0.5844202966  -3.6108655315
      
      
#  type   0  conf  1.0000
  -3.3485773128  -0.5844202966  -3.6108655315
  -3.3374381805  -0.5824762068  -3.8269937609
      
      
#  type   0  conf  1.0000
  -3.3374381805  -0.5824762068  -3.8269937609
  -2.8235315676  -0.4927851449  -4.3776610410
      
      
#  type   0  conf  1.0000
  -2.8235315676  -0.4927851449  -4.3776610410
  -2.2790783472  -0.3977628465  -4.5854593138
      
      
# 182  norm     0.1641868466   -0.9864292572    0.0000000000
# nedges  14 
#  type   0  conf  1.0000
   1.8456450162   0.3071995613  -4.5733194641
   2.3892506111   0.3976803411  -4.3540546905
      
      
#  type   0  conf  1.0000
   2.3892506111   0.3976803411  -4.3540546905
   2.9145807407   0.4851192495  -3.8271274872
      
      
#  type   0  conf  1.0000
   2.9145807407   0.4851192495  -3.8271274872
   2.9215354306   0.4862768273  -3.6069995169
      
      
#  type   0  conf  1.0000
   2.9215354306   0.4862768273  -3.6069995169
   2.4908956322   0.4145987115  -2.8994660656
      
      
#  type   0  conf  1.0000
   2.4908956322   0.4145987115  -2.8994660656
   1.8891759363   0.3144450931  -2.2737914271
      
      
#  type   0  conf  1.0000
   1.8891759363   0.3144450931  -2.2737914271
   1.6410029797   0.2731377871  -2.0570831991
      
      
#  type   0  conf  1.0000
   1.6410029797   0.2731377871  -2.0570831991
  -0.2026772566  -0.0337347452  -0.8510303510
      
      
#  type   0  conf  1.0000
  -0.2026772566  -0.0337347452  -0.8510303510
  -2.2091429990  -0.3677022148  -2.1779771380
      
      
#  type   0  conf  1.0000
  -2.2091429990  -0.3677022148  -2.1779771380
  -2.4516109372  -0.4080599454  -2.4019138477
      
      
#  type   0  conf  1.0000
  -2.4516109372  -0.4080599454  -2.4019138477
  -2.9872912616  -0.4972215985  -2.9819934787
      
      
#  type   0  conf  1.0000
  -2.9872912616  -0.4972215985  -2.9819934787
  -3.3711041581  -0.5611055807  -3.6115630136
      
      
#  type   0  conf  1.0000
  -3.3711041581  -0.5611055807  -3.6115630136
  -3.3601376659  -0.5592802559  -3.8261732949
      
      
#  type   0  conf  1.0000
  -3.3601376659  -0.5592802559  -3.8261732949
  -2.8445229423  -0.4734584345  -4.3774220327
      
      
#  type   0  conf  1.0000
  -2.8445229423  -0.4734584345  -4.3774220327
  -2.2996503830  -0.3827667740  -4.5848851133
      
      
# 183  norm     0.1564344650   -0.9876883406    0.0000000000
# nedges  14 
#  type   0  conf  1.0000
   1.8770139287   0.2972898006  -4.5693969357
   2.4135104423   0.3822625006  -4.3528970372
      
      
#  type   0  conf  1.0000
   2.4135104423   0.3822625006  -4.3528970372
   2.9387426878   0.4654511159  -3.8266537414
      
      
#  type   0  conf  1.0000
   2.9387426878   0.4654511159  -3.8266537414
   2.9448360973   0.4664162171  -3.6053240231
      
      
#  type   0  conf  1.0000
   2.9448360973   0.4664162171  -3.6053240231
   2.5124811156   0.3979379153  -2.8985422500
      
      
#  type   0  conf  1.0000
   2.5124811156   0.3979379153  -2.8985422500
   1.8981241564   0.3006333322  -2.2744998128
      
      
#  type   0  conf  1.0000
   1.8981241564   0.3006333322  -2.2744998128
   1.6415499090   0.2599959636  -2.0569674532
      
      
#  type   0  conf  1.0000
   1.6415499090   0.2599959636  -2.0569674532
  -0.2016524842  -0.0319386159  -0.8509175235
      
      
#  type   0  conf  1.0000
  -0.2016524842  -0.0319386159  -0.8509175235
  -2.2093204694  -0.3499219860  -2.1782404359
      
      
#  type   0  conf  1.0000
  -2.2093204694  -0.3499219860  -2.1782404359
  -2.4595182698  -0.3895494246  -2.4024567354
      
      
#  type   0  conf  1.0000
  -2.4595182698  -0.3895494246  -2.4024567354
  -3.0070036272  -0.4762625866  -2.9812632051
      
      
#  type   0  conf  1.0000
  -3.0070036272  -0.4762625866  -2.9812632051
  -3.3925490625  -0.5373269845  -3.6102026723
      
      
#  type   0  conf  1.0000
  -3.3925490625  -0.5373269845  -3.6102026723
  -3.3823701341  -0.5357148007  -3.8260276070
      
      
#  type   0  conf  1.0000
  -3.3823701341  -0.5357148007  -3.8260276070
  -2.8639472144  -0.4536046767  -4.3779486455
      
      
#  type   0  conf  1.0000
  -2.8639472144  -0.4536046767  -4.3779486455
  -2.3187606552  -0.3672556086  -4.5853200246
      
      
# 184  norm     0.1486724339   -0.9888864987    0.0000000000
# nedges  14 
#  type   0  conf  1.0000
   1.9046721009   0.2863546397  -4.5669032300
   2.4347993759   0.3660557099  -4.3531548316
      
      
#  type   0  conf  1.0000
   2.4347993759   0.3660557099  -4.3531548316
   2.9624679674   0.4453871335  -3.8262945031
      
      
#  type   0  conf  1.0000
   2.9624679674   0.4453871335  -3.8262945031
   2.9689616188   0.4463634103  -3.6078650240
      
      
#  type   0  conf  1.0000
   2.9689616188   0.4463634103  -3.6078650240
   2.5351929400   0.3811492070  -2.8993031158
      
      
#  type   0  conf  1.0000
   2.5351929400   0.3811492070  -2.8993031158
   1.9033905127   0.2861619615  -2.2723068595
      
      
#  type   0  conf  1.0000
   1.9033905127   0.2861619615  -2.2723068595
   1.6441201300   0.2471824033  -2.0582963249
      
      
#  type   0  conf  1.0000
   1.6441201300   0.2471824033  -2.0582963249
  -0.2002993114  -0.0301136543  -0.8509563230
      
      
#  type   0  conf  1.0000
  -0.2002993114  -0.0301136543  -0.8509563230
  -2.2075807678  -0.3318949204  -2.1772469570
      
      
#  type   0  conf  1.0000
  -2.2075807678  -0.3318949204  -2.1772469570
  -2.4653463432  -0.3706482409  -2.4015292836
      
      
#  type   0  conf  1.0000
  -2.4653463432  -0.3706482409  -2.4015292836
  -3.0268885741  -0.4550723385  -2.9812884139
      
      
#  type   0  conf  1.0000
  -3.0268885741  -0.4550723385  -2.9812884139
  -3.4144711868  -0.5133427774  -3.6118974682
      
      
#  type   0  conf  1.0000
  -3.4144711868  -0.5133427774  -3.6118974682
  -3.4025505631  -0.5115505918  -3.8278070742
      
      
#  type   0  conf  1.0000
  -3.4025505631  -0.5115505918  -3.8278070742
  -2.8827319472  -0.4333993592  -4.3784251298
      
      
#  type   0  conf  1.0000
  -2.8827319472  -0.4333993592  -4.3784251298
  -2.3374498336  -0.3514198609  -4.5850538551
      
      
# 185  norm     0.1409012319   -0.9900236577    0.0000000000
# nedges  14 
#  type   0  conf  1.0000
   1.9194641585   0.2731802038  -4.5695091169
   2.4574180649   0.3497423824  -4.3527989442
      
      
#  type   0  conf  1.0000
   2.4574180649   0.3497423824  -4.3527989442
   2.9847495670   0.4247927691  -3.8269842698
      
      
#  type   0  conf  1.0000
   2.9847495670   0.4247927691  -3.8269842698
   2.9920007597   0.4258247666  -3.6077430528
      
      
#  type   0  conf  1.0000
   2.9920007597   0.4258247666  -3.6077430528
   2.5571828399   0.3639410125  -2.8998421466
      
      
#  type   0  conf  1.0000
   2.5571828399   0.3639410125  -2.8998421466
   1.9110542481   0.2719832963  -2.2723300725
      
      
#  type   0  conf  1.0000
   1.9110542481   0.2719832963  -2.2723300725
   1.6428946665   0.2338185362  -2.0571762212
      
      
#  type   0  conf  1.0000
   1.6428946665   0.2338185362  -2.0571762212
  -0.1996944407  -0.0284207276  -0.8509012207
      
      
#  type   0  conf  1.0000
  -0.1996944407  -0.0284207276  -0.8509012207
  -2.2073018085  -0.3141455678  -2.1776073028
      
      
#  type   0  conf  1.0000
  -2.2073018085  -0.3141455678  -2.1776073028
  -2.4732255900  -0.3519921264  -2.4026383778
      
      
#  type   0  conf  1.0000
  -2.4732255900  -0.3519921264  -2.4026383778
  -3.0465082248  -0.4335823277  -2.9810361520
      
      
#  type   0  conf  1.0000
  -3.0465082248  -0.4335823277  -2.9810361520
  -3.4350044919  -0.4888735343  -3.6104163979
      
      
#  type   0  conf  1.0000
  -3.4350044919  -0.4888735343  -3.6104163979
  -3.4250024577  -0.4874500341  -3.8264696496
      
      
#  type   0  conf  1.0000
  -3.4250024577  -0.4874500341  -3.8264696496
  -2.9039843114  -0.4132981710  -4.3771885627
      
      
#  type   0  conf  1.0000
  -2.9039843114  -0.4132981710  -4.3771885627
  -2.3562200351  -0.3353397700  -4.5855432913
      
      
# 186  norm     0.1331213385   -0.9910997474    0.0000000000
# nedges  14 
#  type   0  conf  1.0000
   1.9281372069   0.2589812040  -4.5748427185
   2.4782183007   0.3328663318  -4.3518803376
      
      
#  type   0  conf  1.0000
   2.4782183007   0.3328663318  -4.3518803376
   3.0069614612   0.4038854169  -3.8260151929
      
      
#  type   0  conf  1.0000
   3.0069614612   0.4038854169  -3.8260151929
   3.0123201726   0.4046051818  -3.6048647543
      
      
#  type   0  conf  1.0000
   3.0123201726   0.4046051818  -3.6048647543
   2.5763256809   0.3460438004  -2.8990721361
      
      
#  type   0  conf  1.0000
   2.5763256809   0.3460438004  -2.8990721361
   1.9167046568   0.2574456205  -2.2710654224
      
      
#  type   0  conf  1.0000
   1.9167046568   0.2574456205  -2.2710654224
   1.6428258836   0.2206591024  -2.0571369058
      
      
#  type   0  conf  1.0000
   1.6428258836   0.2206591024  -2.0571369058
  -0.1981641017  -0.0266167664  -0.8509235962
      
      
#  type   0  conf  1.0000
  -0.1981641017  -0.0266167664  -0.8509235962
  -2.2070661882  -0.2964460499  -2.1779442298
      
      
#  type   0  conf  1.0000
  -2.2070661882  -0.2964460499  -2.1779442298
  -2.4797506969  -0.3330721583  -2.4031496828
      
      
#  type   0  conf  1.0000
  -2.4797506969  -0.3330721583  -2.4031496828
  -3.0646516913  -0.4116341835  -2.9814726842
      
      
#  type   0  conf  1.0000
  -3.0646516913  -0.4116341835  -2.9814726842
  -3.4541426404  -0.4639493582  -3.6099831856
      
      
#  type   0  conf  1.0000
  -3.4541426404  -0.4639493582  -3.6099831856
  -3.4441374890  -0.4626054984  -3.8255177008
      
      
#  type   0  conf  1.0000
  -3.4441374890  -0.4626054984  -3.8255177008
  -2.9220253616  -0.3924770724  -4.3772715968
      
      
#  type   0  conf  1.0000
  -2.9220253616  -0.3924770724  -4.3772715968
  -2.3739663222  -0.3188635405  -4.5852956247
      
      
# 187  norm     0.1253332336   -0.9921147013    0.0000000000
# nedges  14 
#  type   0  conf  1.0000
   1.9618919133   0.2478445860  -4.5688068620
   2.4993587380   0.3157424359  -4.3522641522
      
      
#  type   0  conf  1.0000
   2.4993587380   0.3157424359  -4.3522641522
   3.0277685155   0.3824961146  -3.8277173181
      
      
#  type   0  conf  1.0000
   3.0277685155   0.3824961146  -3.8277173181
   3.0364642848   0.3835946458  -3.6083756496
      
      
#  type   0  conf  1.0000
   3.0364642848   0.3835946458  -3.6083756496
   2.5984815718   0.3282645619  -2.8999110381
      
      
#  type   0  conf  1.0000
   2.5984815718   0.3282645619  -2.8999110381
   1.9234481812   0.2429880132  -2.2706684450
      
      
#  type   0  conf  1.0000
   1.9234481812   0.2429880132  -2.2706684450
   1.6425363679   0.2075005984  -2.0568292784
      
      
#  type   0  conf  1.0000
   1.6425363679   0.2075005984  -2.0568292784
  -0.1976204034  -0.0249652627  -0.8508075506
      
      
#  type   0  conf  1.0000
  -0.1976204034  -0.0249652627  -0.8508075506
  -2.2051670393  -0.2785773814  -2.1778067172
      
      
#  type   0  conf  1.0000
  -2.2051670393  -0.2785773814  -2.1778067172
  -2.4830735976  -0.3136851442  -2.4006385838
      
      
#  type   0  conf  1.0000
  -2.4830735976  -0.3136851442  -2.4006385838
  -3.0835399589  -0.3895416864  -2.9810960115
      
      
#  type   0  conf  1.0000
  -3.0835399589  -0.3895416864  -2.9810960115
  -3.4748224557  -0.4389721610  -3.6107817014
      
      
#  type   0  conf  1.0000
  -3.4748224557  -0.4389721610  -3.6107817014
  -3.4640071683  -0.4376058725  -3.8269219619
      
      
#  type   0  conf  1.0000
  -3.4640071683  -0.4376058725  -3.8269219619
  -2.9413378578  -0.3715773834  -4.3766216598
      
      
#  type   0  conf  1.0000
  -2.9413378578  -0.3715773834  -4.3766216598
  -2.3917575252  -0.3021492416  -4.5857897813
      
      
# 188  norm     0.1175373975   -0.9930684570    0.0000000000
# nedges  14 
#  type   0  conf  1.0000
   1.9893978394   0.2354607509  -4.5654845477
   2.5197401272   0.2982308971  -4.3521588063
      
      
#  type   0  conf  1.0000
   2.5197401272   0.2982308971  -4.3521588063
   3.0501396511   0.3610078177  -3.8262153037
      
      
#  type   0  conf  1.0000
   3.0501396511   0.3610078177  -3.8262153037
   3.0563652126   0.3617446615  -3.6051903804
      
      
#  type   0  conf  1.0000
   3.0563652126   0.3617446615  -3.6051903804
   2.6174931819   0.3098007336  -2.8993850148
      
      
#  type   0  conf  1.0000
   2.6174931819   0.3098007336  -2.8993850148
   1.9296743794   0.2283920136  -2.2701592781
      
      
#  type   0  conf  1.0000
   1.9296743794   0.2283920136  -2.2701592781
   1.6425140532   0.1944043492  -2.0570168926
      
      
#  type   0  conf  1.0000
   1.6425140532   0.1944043492  -2.0570168926
  -0.1963884857  -0.0232441090  -0.8505489324
      
      
#  type   0  conf  1.0000
  -0.1963884857  -0.0232441090  -0.8505489324
  -2.2046645135  -0.2609392408  -2.1784538524
      
      
#  type   0  conf  1.0000
  -2.2046645135  -0.2609392408  -2.1784538524
  -2.4898112345  -0.2946885792  -2.4016950965
      
      
#  type   0  conf  1.0000
  -2.4898112345  -0.2946885792  -2.4016950965
  -3.1010653753  -0.3670352744  -2.9810306278
      
      
#  type   0  conf  1.0000
  -3.1010653753  -0.3670352744  -2.9810306278
  -3.4940406251  -0.4135469602  -3.6110765904
      
      
#  type   0  conf  1.0000
  -3.4940406251  -0.4135469602  -3.6110765904
  -3.4827685196  -0.4122128186  -3.8269404662
      
      
#  type   0  conf  1.0000
  -3.4827685196  -0.4122128186  -3.8269404662
  -2.9573809198  -0.3500290984  -4.3779757598
      
      
#  type   0  conf  1.0000
  -2.9573809198  -0.3500290984  -4.3779757598
  -2.4097512873  -0.2852128600  -4.5850877075
      
      
# 189  norm     0.1097343111   -0.9939609555    0.0000000000
# nedges  14 
#  type   0  conf  1.0000
   1.9875828425   0.2194311887  -4.5750170178
   2.5399522745   0.2804133417  -4.3515199166
      
      
#  type   0  conf  1.0000
   2.5399522745   0.2804133417  -4.3515199166
   3.0709085747   0.3390314630  -3.8261041458
      
      
#  type   0  conf  1.0000
   3.0709085747   0.3390314630  -3.8261041458
   3.0767049227   0.3396713858  -3.6043090471
      
      
#  type   0  conf  1.0000
   3.0767049227   0.3396713858  -3.6043090471
   2.6368213761   0.2911077901  -2.8990551448
      
      
#  type   0  conf  1.0000
   2.6368213761   0.2911077901  -2.8990551448
   1.9345065653   0.2135715131  -2.2688924066
      
      
#  type   0  conf  1.0000
   1.9345065653   0.2135715131  -2.2688924066
   1.6426502443   0.1813502753  -2.0570427220
      
      
#  type   0  conf  1.0000
   1.6426502443   0.1813502753  -2.0570427220
  -0.1953415181  -0.0215659044  -0.8503780404
      
      
#  type   0  conf  1.0000
  -0.1953415181  -0.0215659044  -0.8503780404
  -2.2030170636  -0.2432153481  -2.1785580153
      
      
#  type   0  conf  1.0000
  -2.2030170636  -0.2432153481  -2.1785580153
  -2.4936730580  -0.2753040686  -2.4004217154
      
      
#  type   0  conf  1.0000
  -2.4936730580  -0.2753040686  -2.4004217154
  -3.1187036164  -0.3443080847  -2.9813650233
      
      
#  type   0  conf  1.0000
  -3.1187036164  -0.3443080847  -2.9813650233
  -3.5124654317  -0.3877797938  -3.6109608008
      
      
#  type   0  conf  1.0000
  -3.5124654317  -0.3877797938  -3.6109608008
  -3.5011962633  -0.3865356661  -3.8276011487
      
      
#  type   0  conf  1.0000
  -3.5011962633  -0.3865356661  -3.8276011487
  -2.9750529499  -0.3284489035  -4.3776352939
      
      
#  type   0  conf  1.0000
  -2.9750529499  -0.3284489035  -4.3776352939
  -2.4265478577  -0.2678933775  -4.5853270211
      
      
# 190  norm     0.1019244558   -0.9947921418    0.0000000000
# nedges  14 
#  type   0  conf  1.0000
   2.0188166697   0.2068440047  -4.5698912831
   2.5609732320   0.2623923049  -4.3515503469
      
      
#  type   0  conf  1.0000
   2.5609732320   0.2623923049  -4.3515503469
   3.0920275260   0.3168030885  -3.8261532437
      
      
#  type   0  conf  1.0000
   3.0920275260   0.3168030885  -3.8261532437
   3.0997742714   0.3175968048  -3.6075680464
      
      
#  type   0  conf  1.0000
   3.0997742714   0.3175968048  -3.6075680464
   2.6584952022   0.2723842151  -2.9003727673
      
      
#  type   0  conf  1.0000
   2.6584952022   0.2723842151  -2.9003727673
   1.9391573568   0.1986822674  -2.2672828530
      
      
#  type   0  conf  1.0000
   1.9391573568   0.1986822674  -2.2672828530
   1.6397396488   0.1680045151  -2.0551733527
      
      
#  type   0  conf  1.0000
   1.6397396488   0.1680045151  -2.0551733527
  -0.1942467285  -0.0199021396  -0.8502206399
      
      
#  type   0  conf  1.0000
  -0.1942467285  -0.0199021396  -0.8502206399
  -2.2012823175  -0.2255390778  -2.1789563945
      
      
#  type   0  conf  1.0000
  -2.2012823175  -0.2255390778  -2.1789563945
  -2.4969468194  -0.2558322840  -2.3989517291
      
      
#  type   0  conf  1.0000
  -2.4969468194  -0.2558322840  -2.3989517291
  -3.1362457861  -0.3213336048  -2.9808134784
      
      
#  type   0  conf  1.0000
  -3.1362457861  -0.3213336048  -2.9808134784
  -3.5309491032  -0.3617741342  -3.6096343256
      
      
#  type   0  conf  1.0000
  -3.5309491032  -0.3617741342  -3.6096343256
  -3.5212644686  -0.3607818655  -3.8255141147
      
      
#  type   0  conf  1.0000
  -3.5212644686  -0.3607818655  -3.8255141147
  -2.9939885595  -0.3067582078  -4.3772377195
      
      
#  type   0  conf  1.0000
  -2.9939885595  -0.3067582078  -4.3772377195
  -2.4439648656  -0.2504038567  -4.5855312878
      
      
# 191  norm     0.0941083133   -0.9955619646    0.0000000000
# nedges  14 
#  type   0  conf  1.0000
   2.0298052935   0.1918730921  -4.5732630995
   2.5814468926   0.2440185761  -4.3515461626
      
      
#  type   0  conf  1.0000
   2.5814468926   0.2440185761  -4.3515461626
   3.1146414530   0.2944203015  -3.8242745065
      
      
#  type   0  conf  1.0000
   3.1146414530   0.2944203015  -3.8242745065
   3.1197209000   0.2949004506  -3.6043437918
      
      
#  type   0  conf  1.0000
   3.1197209000   0.2949004506  -3.6043437918
   2.6777577705   0.2531226345  -2.8993888992
      
      
#  type   0  conf  1.0000
   2.6777577705   0.2531226345  -2.8993888992
   1.9040120199   0.1799821268  -2.2317067953
      
      
#  type   0  conf  1.0000
   1.9040120199   0.1799821268  -2.2317067953
  -0.1918381746  -0.0181340466  -0.8493252912
      
      
#  type   0  conf  1.0000
  -0.1918381746  -0.0181340466  -0.8493252912
  -2.1980418241  -0.2077761265  -2.1780857423
      
      
#  type   0  conf  1.0000
  -2.1980418241  -0.2077761265  -2.1780857423
  -2.5004627773  -0.2363633233  -2.3977153241
      
      
#  type   0  conf  1.0000
  -2.5004627773  -0.2363633233  -2.3977153241
  -3.1544616977  -0.2981844228  -2.9813715399
      
      
#  type   0  conf  1.0000
  -3.1544616977  -0.2981844228  -2.9813715399
  -3.5496211573  -0.3355379895  -3.6093681676
      
      
#  type   0  conf  1.0000
  -3.5496211573  -0.3355379895  -3.6093681676
  -3.5398694737  -0.3346161840  -3.8260369019
      
      
#  type   0  conf  1.0000
  -3.5398694737  -0.3346161840  -3.8260369019
  -3.0165793997  -0.2851507082  -4.3717129393
      
      
#  type   0  conf  1.0000
  -3.0165793997  -0.2851507082  -4.3717129393
  -2.9948639415  -0.2830979931  -4.3830984104
      
      
#  type   0  conf  1.0000
  -2.9948639415  -0.2830979931  -4.3830984104
  -2.4574990892  -0.2323020590  -4.5879335065
      
      
# 192  norm     0.0862863658   -0.9962703765   -0.0000000000
# nedges  12 
#  type   0  conf  1.0000
   2.0603658861   0.1784470247  -4.5689702979
   2.6000993550   0.2251930092  -4.3520146807
      
      
#  type   0  conf  1.0000
   2.6000993550   0.2251930092  -4.3520146807
   3.1340583295   0.2714388682  -3.8265766028
      
      
#  type   0  conf  1.0000
   3.1340583295   0.2714388682  -3.8265766028
   3.1407382477   0.2720174118  -3.6049112226
      
      
#  type   0  conf  1.0000
   3.1407382477   0.2720174118  -3.6049112226
   2.6970613170   0.2335908252  -2.8992395254
      
      
#  type   0  conf  1.0000
   2.6970613170   0.2335908252  -2.8992395254
   1.9178145892   0.1661007444  -2.2391969400
      
      
#  type   0  conf  1.0000
   1.9178145892   0.1661007444  -2.2391969400
  -0.1926297000  -0.0166835401  -0.8485431031
      
      
#  type   0  conf  1.0000
  -0.1926297000  -0.0166835401  -0.8485431031
  -2.4512368117  -0.2123001157  -2.3509676175
      
      
#  type   0  conf  1.0000
  -2.4512368117  -0.2123001157  -2.3509676175
  -3.1709731524  -0.2746360384  -2.9808515989
      
      
#  type   0  conf  1.0000
  -3.1709731524  -0.2746360384  -2.9808515989
  -3.5683165878  -0.3090497094  -3.6105941852
      
      
#  type   0  conf  1.0000
  -3.5683165878  -0.3090497094  -3.6105941852
  -3.5571419573  -0.3080818815  -3.8274473673
      
      
#  type   0  conf  1.0000
  -3.5571419573  -0.3080818815  -3.8274473673
  -3.0276802798  -0.2622255306  -4.3775936282
      
      
#  type   0  conf  1.0000
  -3.0276802798  -0.2622255306  -4.3775936282
  -2.4784359045  -0.2146558124  -4.5856649005
      
      
# 193  norm     0.0784590957   -0.9969173337    0.0000000000
# nedges  13 
#  type   0  conf  1.0000
   2.0741675240   0.1632405244  -4.5712336009
   2.6205230655   0.2062396380  -4.3516237911
      
      
#  type   0  conf  1.0000
   2.6205230655   0.2062396380  -4.3516237911
   3.1550629913   0.2483088426  -3.8254680533
      
      
#  type   0  conf  1.0000
   3.1550629913   0.2483088426  -3.8254680533
   3.1615571404   0.2488199432  -3.6069361681
      
      
#  type   0  conf  1.0000
   3.1615571404   0.2488199432  -3.6069361681
   2.7174229180   0.2138658218  -2.9001096875
      
      
#  type   0  conf  1.0000
   2.7174229180   0.2138658218  -2.9001096875
   1.9569071145   0.1540119300  -2.2676016213
      
      
#  type   0  conf  1.0000
   1.9569071145   0.1540119300  -2.2676016213
   1.7379187147   0.1367771692  -2.1191236338
      
      
#  type   0  conf  1.0000
   1.7379187147   0.1367771692  -2.1191236338
  -0.1916861265  -0.0150860253  -0.8489421230
      
      
#  type   0  conf  1.0000
  -0.1916861265  -0.0150860253  -0.8489421230
  -2.4672092122  -0.1941735761  -2.3617803008
      
      
#  type   0  conf  1.0000
  -2.4672092122  -0.1941735761  -2.3617803008
  -3.1880007901  -0.2509011035  -2.9811236130
      
      
#  type   0  conf  1.0000
  -3.1880007901  -0.2509011035  -2.9811236130
  -3.5865175437  -0.2822650522  -3.6111751190
      
      
#  type   0  conf  1.0000
  -3.5865175437  -0.2822650522  -3.6111751190
  -3.5749042383  -0.2813510653  -3.8277548042
      
      
#  type   0  conf  1.0000
  -3.5749042383  -0.2813510653  -3.8277548042
  -3.0441992440  -0.2395836764  -4.3778559856
      
      
#  type   0  conf  1.0000
  -3.0441992440  -0.2395836764  -4.3778559856
  -2.4950150503  -0.1963619430  -4.5857291810
      
      
# 194  norm     0.0706269859   -0.9975027964    0.0000000000
# nedges  13 
#  type   0  conf  1.0000
   2.0846757388   0.1476029587  -4.5743551179
   2.6397929456   0.1869073650  -4.3508363599
      
      
#  type   0  conf  1.0000
   2.6397929456   0.1869073650  -4.3508363599
   3.1736144189   0.2247039524  -3.8242858799
      
      
#  type   0  conf  1.0000
   3.1736144189   0.2247039524  -3.8242858799
   3.1793486949   0.2251099609  -3.6045589610
      
      
#  type   0  conf  1.0000
   3.1793486949   0.2251099609  -3.6045589610
   2.7339982660   0.1935774594  -2.8992562686
      
      
#  type   0  conf  1.0000
   2.7339982660   0.1935774594  -2.8992562686
   1.9705182340   0.1395201739  -2.2746135000
      
      
#  type   0  conf  1.0000
   1.9705182340   0.1395201739  -2.2746135000
   1.8430160634   0.1304925360  -2.1866111030
      
      
#  type   0  conf  1.0000
   1.8430160634   0.1304925360  -2.1866111030
  -0.1905712915  -0.0134931711  -0.8492715000
      
      
#  type   0  conf  1.0000
  -0.1905712915  -0.0134931711  -0.8492715000
  -2.4794643926  -0.1755554946  -2.3698407763
      
      
#  type   0  conf  1.0000
  -2.4794643926  -0.1755554946  -2.3698407763
  -3.2030132606  -0.2267855021  -2.9811340016
      
      
#  type   0  conf  1.0000
  -3.2030132606  -0.2267855021  -2.9811340016
  -3.6016702313  -0.2550119295  -3.6096470623
      
      
#  type   0  conf  1.0000
  -3.6016702313  -0.2550119295  -3.6096470623
  -3.5914905430  -0.2542911689  -3.8271447761
      
      
#  type   0  conf  1.0000
  -3.5914905430  -0.2542911689  -3.8271447761
  -3.0591785234  -0.2166014565  -4.3779672287
      
      
#  type   0  conf  1.0000
  -3.0591785234  -0.2166014565  -4.3779672287
  -2.5103085148  -0.1777393756  -4.5854145817
      
      
# 195  norm     0.0627905195   -0.9980267284    0.0000000000
# nedges  13 
#  type   0  conf  1.0000
   2.1284917557   0.1339133506  -4.5642603370
   2.6573460984   0.1671860456  -4.3515488722
      
      
#  type   0  conf  1.0000
   2.6573460984   0.1671860456  -4.3515488722
   3.1923550839   0.2008459579  -3.8264271634
      
      
#  type   0  conf  1.0000
   3.1923550839   0.2008459579  -3.8264271634
   3.2001237391   0.2013347202  -3.6075863130
      
      
#  type   0  conf  1.0000
   3.2001237391   0.2013347202  -3.6075863130
   2.7533191203   0.1732241563  -2.8996266472
      
      
#  type   0  conf  1.0000
   2.7533191203   0.1732241563  -2.8996266472
   1.9592960017   0.1232684560  -2.2612992590
      
      
#  type   0  conf  1.0000
   1.9592960017   0.1232684560  -2.2612992590
  -0.1890079678  -0.0118913734  -0.8494195851
      
      
#  type   0  conf  1.0000
  -0.1890079678  -0.0118913734  -0.8494195851
  -2.4936080416  -0.1568845202  -2.3791590023
      
      
#  type   0  conf  1.0000
  -2.4936080416  -0.1568845202  -2.3791590023
  -3.2192684328  -0.2025392023  -2.9812600228
      
      
#  type   0  conf  1.0000
  -3.2192684328  -0.2025392023  -2.9812600228
  -3.6185813333  -0.2276618405  -3.6093966673
      
      
#  type   0  conf  1.0000
  -3.6185813333  -0.2276618405  -3.6093966673
  -3.6092920282  -0.2270774070  -3.8253914492
      
      
#  type   0  conf  1.0000
  -3.6092920282  -0.2270774070  -3.8253914492
  -3.0814181762  -0.1938663992  -4.3721173643
      
      
#  type   0  conf  1.0000
  -3.0814181762  -0.1938663992  -4.3721173643
  -3.0543812057  -0.1921653772  -4.3856872249
      
      
#  type   0  conf  1.0000
  -3.0543812057  -0.1921653772  -4.3856872249
  -2.5265905687  -0.1589596049  -4.5858712079
      
      
# 196  norm     0.0549501799   -0.9984890975    0.0000000000
# nedges  13 
#  type   0  conf  1.0000
   2.1293765901   0.1171866844  -4.5712673575
   2.6754690885   0.1472399730  -4.3512667358
      
      
#  type   0  conf  1.0000
   2.6754690885   0.1472399730  -4.3512667358
   3.2112922267   0.1767281046  -3.8255807973
      
      
#  type   0  conf  1.0000
   3.2112922267   0.1767281046  -3.8255807973
   3.2178872865   0.1770910527  -3.6081307641
      
      
#  type   0  conf  1.0000
   3.2178872865   0.1770910527  -3.6081307641
   2.7865476077   0.1533529938  -2.9237395066
      
      
#  type   0  conf  1.0000
   2.7865476077   0.1533529938  -2.9237395066
   2.7601754849   0.1519016481  -2.8916591108
      
      
#  type   0  conf  1.0000
   2.7601754849   0.1519016481  -2.8916591108
   1.9719153292   0.1085210669  -2.2675751069
      
      
#  type   0  conf  1.0000
   1.9719153292   0.1085210669  -2.2675751069
  -0.1877541137  -0.0103327341  -0.8497160011
      
      
#  type   0  conf  1.0000
  -0.1877541137  -0.0103327341  -0.8497160011
  -2.5044264811  -0.1378269288  -2.3858666899
      
      
#  type   0  conf  1.0000
  -2.5044264811  -0.1378269288  -2.3858666899
  -3.2334041159  -0.1779449954  -2.9806571328
      
      
#  type   0  conf  1.0000
  -3.2334041159  -0.1779449954  -2.9806571328
  -3.6340423772  -0.1999934531  -3.6091186611
      
      
#  type   0  conf  1.0000
  -3.6340423772  -0.1999934531  -3.6091186611
  -3.6251344954  -0.1995032227  -3.8253724279
      
      
#  type   0  conf  1.0000
  -3.6251344954  -0.1995032227  -3.8253724279
  -3.0906667132  -0.1700896809  -4.3778041752
      
      
#  type   0  conf  1.0000
  -3.0906667132  -0.1700896809  -4.3778041752
  -2.5414915442  -0.1398667426  -4.5856088318
      
      
# 197  norm     0.0471064507   -0.9988898750    0.0000000000
# nedges  12 
#  type   0  conf  1.0000
   2.1384573728   0.1008470897  -4.5743821857
   2.6915852358   0.1269319376  -4.3519528351
      
      
#  type   0  conf  1.0000
   2.6915852358   0.1269319376  -4.3519528351
   3.2291512917   0.1522829092  -3.8258452315
      
      
#  type   0  conf  1.0000
   3.2291512917   0.1522829092  -3.8258452315
   3.2353355922   0.1525745534  -3.6045638213
      
      
#  type   0  conf  1.0000
   3.2353355922   0.1525745534  -3.6045638213
   2.7871950280   0.1314407809  -2.8991713253
      
      
#  type   0  conf  1.0000
   2.7871950280   0.1314407809  -2.8991713253
   1.9812359280   0.0934327146  -2.2714697684
      
      
#  type   0  conf  1.0000
   1.9812359280   0.0934327146  -2.2714697684
  -0.1865511093  -0.0087975270  -0.8499272600
      
      
#  type   0  conf  1.0000
  -0.1865511093  -0.0087975270  -0.8499272600
  -2.5151150612  -0.1186098154  -2.3925267063
      
      
#  type   0  conf  1.0000
  -2.5151150612  -0.1186098154  -2.3925267063
  -3.2475690691  -0.1531514696  -2.9803587152
      
      
#  type   0  conf  1.0000
  -3.2475690691  -0.1531514696  -2.9803587152
  -3.6493869175  -0.1721007183  -3.6092382501
      
      
#  type   0  conf  1.0000
  -3.6493869175  -0.1721007183  -3.6092382501
  -3.6400429654  -0.1716600687  -3.8257245648
      
      
#  type   0  conf  1.0000
  -3.6400429654  -0.1716600687  -3.8257245648
  -3.1057227212  -0.1464621656  -4.3774385068
      
      
#  type   0  conf  1.0000
  -3.1057227212  -0.1464621656  -4.3774385068
  -2.5557137751  -0.1205244021  -4.5857745566
      
      
# 198  norm     0.0392598158   -0.9992290362    0.0000000000
# nedges  13 
#  type   0  conf  1.0000
   2.1700266273   0.0852605784  -4.5694802821
   2.7094397244   0.1064541767  -4.3520295818
      
      
#  type   0  conf  1.0000
   2.7094397244   0.1064541767  -4.3520295818
   3.2467089107   0.1275635405  -3.8270021164
      
      
#  type   0  conf  1.0000
   3.2467089107   0.1275635405  -3.8270021164
   3.2548750989   0.1278843909  -3.6070254743
      
      
#  type   0  conf  1.0000
   3.2548750989   0.1278843909  -3.6070254743
   2.8061536215   0.1102540761  -2.9002609347
      
      
#  type   0  conf  1.0000
   2.8061536215   0.1102540761  -2.9002609347
   1.9926370801   0.0782909241  -2.2766894596
      
      
#  type   0  conf  1.0000
   1.9926370801   0.0782909241  -2.2766894596
  -0.1848996000  -0.0072647251  -0.8502879863
      
      
#  type   0  conf  1.0000
  -0.1848996000  -0.0072647251  -0.8502879863
  -2.5150837771  -0.0988179107  -2.3916848949
      
      
#  type   0  conf  1.0000
  -2.5150837771  -0.0988179107  -2.3916848949
  -2.5378250355  -0.0997114172  -2.4084660396
      
      
#  type   0  conf  1.0000
  -2.5378250355  -0.0997114172  -2.4084660396
  -3.2629230088  -0.1282005942  -2.9809170693
      
      
#  type   0  conf  1.0000
  -3.2629230088  -0.1282005942  -2.9809170693
  -3.6649141545  -0.1439948693  -3.6087582602
      
      
#  type   0  conf  1.0000
  -3.6649141545  -0.1439948693  -3.6087582602
  -3.6557813583  -0.1436360408  -3.8264251548
      
      
#  type   0  conf  1.0000
  -3.6557813583  -0.1436360408  -3.8264251548
  -3.1196067653  -0.1225696836  -4.3779672264
      
      
#  type   0  conf  1.0000
  -3.1196067653  -0.1225696836  -4.3779672264
  -2.5708108222  -0.1010074323  -4.5858716230
      
      
# 199  norm     0.0314107591   -0.9995065604    0.0000000000
# nedges  15 
#  type   0  conf  1.0000
   2.2065204280   0.0693426980  -4.5620483458
   2.7291822142   0.0857680063  -4.3511131009
      
      
#  type   0  conf  1.0000
   2.7291822142   0.0857680063  -4.3511131009
   3.2659910645   0.1026379041  -3.8251657835
      
      
#  type   0  conf  1.0000
   3.2659910645   0.1026379041  -3.8251657835
   3.2727712417   0.1028509797  -3.6066366414
      
      
#  type   0  conf  1.0000
   3.2727712417   0.1028509797  -3.6066366414
   2.8391092200   0.0892226017  -2.9243655433
      
      
#  type   0  conf  1.0000
   2.8391092200   0.0892226017  -2.9243655433
   2.8134679701   0.0884167929  -2.8923692191
      
      
#  type   0  conf  1.0000
   2.8134679701   0.0884167929  -2.8923692191
   1.9978792673   0.0627858854  -2.2774171281
      
      
#  type   0  conf  1.0000
   1.9978792673   0.0627858854  -2.2774171281
  -0.1835556787  -0.0057684696  -0.8505861179
      
      
#  type   0  conf  1.0000
  -0.1835556787  -0.0057684696  -0.8505861179
  -2.5199524701  -0.0791926967  -2.3940763825
      
      
#  type   0  conf  1.0000
  -2.5199524701  -0.0791926967  -2.3940763825
  -2.5380068545  -0.0797600786  -2.4065870555
      
      
#  type   0  conf  1.0000
  -2.5380068545  -0.0797600786  -2.4065870555
  -3.2785072766  -0.1030312419  -2.9819716660
      
      
#  type   0  conf  1.0000
  -3.2785072766  -0.1030312419  -2.9819716660
  -3.6805104046  -0.1156646992  -3.6095765973
      
      
#  type   0  conf  1.0000
  -3.6805104046  -0.1156646992  -3.6095765973
  -3.6708134504  -0.1153599601  -3.8258681011
      
      
#  type   0  conf  1.0000
  -3.6708134504  -0.1153599601  -3.8258681011
  -3.1415197022  -0.0987262339  -4.3715759261
      
      
#  type   0  conf  1.0000
  -3.1415197022  -0.0987262339  -4.3715759261
  -3.1183829217  -0.0979991313  -4.3835155180
      
      
#  type   0  conf  1.0000
  -3.1183829217  -0.0979991313  -4.3835155180
  -2.5820478622  -0.0811441231  -4.5882748356
      
      
# 200  norm     0.0235597648   -0.9997224302    0.0000000000
# nedges  12 
#  type   0  conf  1.0000
   2.1927789528   0.0516757001  -4.5745926400
   2.7446170760   0.0646804862  -4.3519028598
      
      
#  type   0  conf  1.0000
   2.7446170760   0.0646804862  -4.3519028598
   3.2835460721   0.0773810519  -3.8257969338
      
      
#  type   0  conf  1.0000
   3.2835460721   0.0773810519  -3.8257969338
   3.2898144266   0.0775287739  -3.6056184102
      
      
#  type   0  conf  1.0000
   3.2898144266   0.0775287739  -3.6056184102
   2.8408036315   0.0669472480  -2.9004341417
      
      
#  type   0  conf  1.0000
   2.8408036315   0.0669472480  -2.9004341417
   2.0012064252   0.0471610432  -2.2767524264
      
      
#  type   0  conf  1.0000
   2.0012064252   0.0471610432  -2.2767524264
  -0.1825990447  -0.0043031850  -0.8505880230
      
      
#  type   0  conf  1.0000
  -0.1825990447  -0.0043031850  -0.8505880230
  -2.5391661477  -0.0598387667  -2.4061814724
      
      
#  type   0  conf  1.0000
  -2.5391661477  -0.0598387667  -2.4061814724
  -3.2909925517  -0.0775565379  -2.9805059968
      
      
#  type   0  conf  1.0000
  -3.2909925517  -0.0775565379  -2.9805059968
  -3.6953886671  -0.0870866606  -3.6101054337
      
      
#  type   0  conf  1.0000
  -3.6953886671  -0.0870866606  -3.6101054337
  -3.6847402540  -0.0868357168  -3.8273354636
      
      
#  type   0  conf  1.0000
  -3.6847402540  -0.0868357168  -3.8273354636
  -3.1492148679  -0.0742153616  -4.3775026878
      
      
#  type   0  conf  1.0000
  -3.1492148679  -0.0742153616  -4.3775026878
  -2.6005551076  -0.0612854778  -4.5860940259
      
      
# 201  norm     0.0157073173   -0.9998766325   -0.0000000000
# nedges  12 
#  type   0  conf  1.0000
   2.2232645223   0.0349258300  -4.5700447606
   2.7637600372   0.0434166121  -4.3507168496
      
      
#  type   0  conf  1.0000
   2.7637600372   0.0434166121  -4.3507168496
   3.3004337244   0.0518473561  -3.8251851319
      
      
#  type   0  conf  1.0000
   3.3004337244   0.0518473561  -3.8251851319
   3.3075121531   0.0519585529  -3.6059141500
      
      
#  type   0  conf  1.0000
   3.3075121531   0.0519585529  -3.6059141500
   2.8560246272   0.0448660201  -2.8988289805
      
      
#  type   0  conf  1.0000
   2.8560246272   0.0448660201  -2.8988289805
   2.0016214497   0.0314439824  -2.2745432101
      
      
#  type   0  conf  1.0000
   2.0016214497   0.0314439824  -2.2745432101
  -0.1811893780  -0.0028463502  -0.8507705373
      
      
#  type   0  conf  1.0000
  -0.1811893780  -0.0028463502  -0.8507705373
  -2.5448218503  -0.0399772562  -2.4088672310
      
      
#  type   0  conf  1.0000
  -2.5448218503  -0.0399772562  -2.4088672310
  -3.3060316931  -0.0519352960  -2.9818763407
      
      
#  type   0  conf  1.0000
  -3.3060316931  -0.0519352960  -2.9818763407
  -3.7098247128  -0.0582785836  -3.6103933732
      
      
#  type   0  conf  1.0000
  -3.7098247128  -0.0582785836  -3.6103933732
  -3.6990370139  -0.0581091169  -3.8274934501
      
      
#  type   0  conf  1.0000
  -3.6990370139  -0.0581091169  -3.8274934501
  -3.1626287322  -0.0496825422  -4.3777425890
      
      
#  type   0  conf  1.0000
  -3.1626287322  -0.0496825422  -4.3777425890
  -2.6148300868  -0.0410770335  -4.5860648219
      
      
# 202  norm     0.0078539009   -0.9999691576    0.0000000000
# nedges  12 
#  type   0  conf  1.0000
   2.2362888943   0.0175641331  -4.5714445122
   2.7809217153   0.0218417572  -4.3493829069
      
      
#  type   0  conf  1.0000
   2.7809217153   0.0218417572  -4.3493829069
   3.3160695385   0.0260448848  -3.8249035053
      
      
#  type   0  conf  1.0000
   3.3160695385   0.0260448848  -3.8249035053
   3.3229807693   0.0260991666  -3.6057988587
      
      
#  type   0  conf  1.0000
   3.3229807693   0.0260991666  -3.6057988587
   2.8712873138   0.0225515015  -2.8991608062
      
      
#  type   0  conf  1.0000
   2.8712873138   0.0225515015  -2.8991608062
   2.0055697427   0.0157520318  -2.2750402973
      
      
#  type   0  conf  1.0000
   2.0055697427   0.0157520318  -2.2750402973
  -0.1797782702  -0.0014120043  -0.8508992974
      
      
#  type   0  conf  1.0000
  -0.1797782702  -0.0014120043  -0.8508992974
  -2.5460924991  -0.0199973749  -2.4088727431
      
      
#  type   0  conf  1.0000
  -2.5460924991  -0.0199973749  -2.4088727431
  -3.3182986126  -0.0260623922  -2.9822278812
      
      
#  type   0  conf  1.0000
  -3.3182986126  -0.0260623922  -2.9822278812
  -3.7219845965  -0.0292329997  -3.6103000793
      
      
#  type   0  conf  1.0000
  -3.7219845965  -0.0292329997  -3.6103000793
  -3.7119540812  -0.0291542186  -3.8272762888
      
      
#  type   0  conf  1.0000
  -3.7119540812  -0.0291542186  -3.8272762888
  -3.1747635727  -0.0249350475  -4.3778901581
      
      
#  type   0  conf  1.0000
  -3.1747635727  -0.0249350475  -4.3778901581
  -2.6271025725  -0.0206336396  -4.5861325404
      
      
# 203  norm     0.0000000000   -1.0000000000    0.0000000000
# nedges  12 
#  type   0  conf  1.0000
   2.2620699118   0.0000000000  -4.5672233997
   2.7958381312   0.0000000000  -4.3505197221
      
      
#  type   0  conf  1.0000
   2.7958381312   0.0000000000  -4.3505197221
   3.3328931908   0.0000000000  -3.8249944432
      
      
#  type   0  conf  1.0000
   3.3328931908   0.0000000000  -3.8249944432
   3.3387602057   0.0000000000  -3.6035467251
      
      
#  type   0  conf  1.0000
   3.3387602057   0.0000000000  -3.6035467251
   2.8866686259   0.0000000000  -2.8986542072
      
      
#  type   0  conf  1.0000
   2.8866686259   0.0000000000  -2.8986542072
   2.0088339523   0.0000000000  -2.2751244900
      
      
#  type   0  conf  1.0000
   2.0088339523   0.0000000000  -2.2751244900
  -0.1783115268  -0.0000000000  -0.8508629463
      
      
#  type   0  conf  1.0000
  -0.1783115268  -0.0000000000  -0.8508629463
  -2.5457680474  -0.0000000000  -2.4078864297
      
      
#  type   0  conf  1.0000
  -2.5457680474  -0.0000000000  -2.4078864297
  -3.3308422408  -0.0000000000  -2.9818136137
      
      
#  type   0  conf  1.0000
  -3.3308422408  -0.0000000000  -2.9818136137
  -3.7351235187  -0.0000000000  -3.6094092687
      
      
#  type   0  conf  1.0000
  -3.7351235187  -0.0000000000  -3.6094092687
  -3.7257622596  -0.0000000000  -3.8268634640
      
      
#  type   0  conf  1.0000
  -3.7257622596  -0.0000000000  -3.8268634640
  -3.1887115774  -0.0000000000  -4.3771347359
      
      
#  type   0  conf  1.0000
  -3.1887115774  -0.0000000000  -4.3771347359
  -2.6410286938  -0.0000000000  -4.5863152426
      
      
# 204  norm    -0.0078539009   -0.9999691576   -0.0000000000
# nedges  13 
#  type   0  conf  1.0000
   2.2589508462  -0.0177421233  -4.5757896745
   2.8135761295  -0.0220982296  -4.3487738065
      
      
#  type   0  conf  1.0000
   2.8135761295  -0.0220982296  -4.3487738065
   3.3481681744  -0.0262969921  -3.8236412449
      
      
#  type   0  conf  1.0000
   3.3481681744  -0.0262969921  -3.8236412449
   3.3538552663  -0.0263416593  -3.6036624943
      
      
#  type   0  conf  1.0000
   3.3538552663  -0.0263416593  -3.6036624943
   2.9016587167  -0.0227900429  -2.8987917093
      
      
#  type   0  conf  1.0000
   2.9016587167  -0.0227900429  -2.8987917093
   2.0116753125  -0.0157999858  -2.2750493871
      
      
#  type   0  conf  1.0000
   2.0116753125  -0.0157999858  -2.2750493871
  -0.1770221072   0.0013903570  -0.8508796296
      
      
#  type   0  conf  1.0000
  -0.1770221072   0.0013903570  -0.8508796296
  -2.5463889122   0.0199997030  -2.4078565772
      
      
#  type   0  conf  1.0000
  -2.5463889122   0.0199997030  -2.4078565772
  -3.3421988563   0.0262501082  -2.9815351732
      
      
#  type   0  conf  1.0000
  -3.3421988563   0.0262501082  -2.9815351732
  -3.7474904422   0.0294333263  -3.6095097238
      
      
#  type   0  conf  1.0000
  -3.7474904422   0.0294333263  -3.6095097238
  -3.7376862703   0.0293563229  -3.8267200495
      
      
#  type   0  conf  1.0000
  -3.7376862703   0.0293563229  -3.8267200495
  -3.2063403082   0.0251830557  -4.3712018076
      
      
#  type   0  conf  1.0000
  -3.2063403082   0.0251830557  -4.3712018076
  -3.1925460316   0.0250747135  -4.3800317375
      
      
#  type   0  conf  1.0000
  -3.1925460316   0.0250747135  -4.3800317375
  -2.6502344997   0.0208153211  -4.5884818284
      
      
# 205  norm    -0.0157073173   -0.9998766325    0.0000000000
# nedges  13 
#  type   0  conf  1.0000
   2.2844701117  -0.0358873243  -4.5707821102
   2.8248603148  -0.0443764519  -4.3510337500
      
      
#  type   0  conf  1.0000
   2.8248603148  -0.0443764519  -4.3510337500
   3.3614241984  -0.0528054710  -3.8263865951
      
      
#  type   0  conf  1.0000
   3.3614241984  -0.0528054710  -3.8263865951
   3.3690485130  -0.0529252433  -3.6040727464
      
      
#  type   0  conf  1.0000
   3.3690485130  -0.0529252433  -3.6040727464
   2.9157122785  -0.0458036686  -2.8982090936
      
      
#  type   0  conf  1.0000
   2.9157122785  -0.0458036686  -2.8982090936
   2.0131734467  -0.0316254557  -2.2743649781
      
      
#  type   0  conf  1.0000
   2.0131734467  -0.0316254557  -2.2743649781
  -0.1754935788   0.0027568734  -0.8506964162
      
      
#  type   0  conf  1.0000
  -0.1754935788   0.0027568734  -0.8506964162
  -2.5480966798   0.0400287013  -2.4088600991
      
      
#  type   0  conf  1.0000
  -2.5480966798   0.0400287013  -2.4088600991
  -3.3533955442   0.0526793468  -2.9813071271
      
      
#  type   0  conf  1.0000
  -3.3533955442   0.0526793468  -2.9813071271
  -3.7588412359   0.0590485967  -3.6091527755
      
      
#  type   0  conf  1.0000
  -3.7588412359   0.0590485967  -3.6091527755
  -3.7498057466   0.0589066559  -3.8257213344
      
      
#  type   0  conf  1.0000
  -3.7498057466   0.0589066559  -3.8257213344
  -3.2186306361   0.0505622905  -4.3707440881
      
      
#  type   0  conf  1.0000
  -3.2186306361   0.0505622905  -4.3707440881
  -3.1954280526   0.0501977951  -4.3833231322
      
      
#  type   0  conf  1.0000
  -3.1954280526   0.0501977951  -4.3833231322
  -2.6621876292   0.0418209852  -4.5884230433
      
      
# 206  norm    -0.0235597648   -0.9997224302    0.0000000000
# nedges  12 
#  type   0  conf  1.0000
   2.3002120302  -0.0542075009  -4.5708562296
   2.8409502663  -0.0669507037  -4.3507645873
      
      
#  type   0  conf  1.0000
   2.8409502663  -0.0669507037  -4.3507645873
   3.3777179012  -0.0796003341  -3.8251325968
      
      
#  type   0  conf  1.0000
   3.3777179012  -0.0796003341  -3.8251325968
   3.3842181226  -0.0797535203  -3.6037701534
      
      
#  type   0  conf  1.0000
   3.3842181226  -0.0797535203  -3.6037701534
   2.9302401293  -0.0690549359  -2.8976521121
      
      
#  type   0  conf  1.0000
   2.9302401293  -0.0690549359  -2.8976521121
   2.0240703700  -0.0476998620  -2.2797838930
      
      
#  type   0  conf  1.0000
   2.0240703700  -0.0476998620  -2.2797838930
  -0.1738579152   0.0040971889  -0.8502451209
      
      
#  type   0  conf  1.0000
  -0.1738579152   0.0040971889  -0.8502451209
  -2.5435893074   0.0599430043  -2.4059580801
      
      
#  type   0  conf  1.0000
  -2.5435893074   0.0599430043  -2.4059580801
  -3.3638932569   0.0792745383  -2.9797844120
      
      
#  type   0  conf  1.0000
  -3.3638932569   0.0792745383  -2.9797844120
  -3.7709852484   0.0888681928  -3.6095177232
      
      
#  type   0  conf  1.0000
  -3.7709852484   0.0888681928  -3.6095177232
  -3.7616682343   0.0886486252  -3.8270061518
      
      
#  type   0  conf  1.0000
  -3.7616682343   0.0886486252  -3.8270061518
  -3.2239849910   0.0759774172  -4.3769457043
      
      
#  type   0  conf  1.0000
  -3.2239849910   0.0759774172  -4.3769457043
  -2.6787138690   0.0631273911  -4.5863001757
      
      
# 207  norm    -0.0314107591   -0.9995065604    0.0000000000
# nedges  12 
#  type   0  conf  1.0000
   2.3066679383  -0.0724899603  -4.5758065388
   2.8578496359  -0.0898115430  -4.3491492210
      
      
#  type   0  conf  1.0000
   2.8578496359  -0.0898115430  -4.3491492210
   3.3928818122  -0.1066256065  -3.8248201147
      
      
#  type   0  conf  1.0000
   3.3928818122  -0.1066256065  -3.8248201147
   3.3993430066  -0.1068286577  -3.6048460240
      
      
#  type   0  conf  1.0000
   3.3993430066  -0.1068286577  -3.6048460240
   2.9453792907  -0.0925622732  -2.8980482669
      
      
#  type   0  conf  1.0000
   2.9453792907  -0.0925622732  -2.8980482669
   2.0298171556  -0.0637895740  -2.2814142080
      
      
#  type   0  conf  1.0000
   2.0298171556  -0.0637895740  -2.2814142080
  -0.1720706374   0.0054075376  -0.8500973548
      
      
#  type   0  conf  1.0000
  -0.1720706374   0.0054075376  -0.8500973548
  -2.5416787995   0.0798754742  -2.4045894203
      
      
#  type   0  conf  1.0000
  -2.5416787995   0.0798754742  -2.4045894203
  -3.3741048696   0.1060355173  -2.9788774714
      
      
#  type   0  conf  1.0000
  -3.3741048696   0.1060355173  -2.9788774714
  -3.7819960512   0.1188540141  -3.6082288258
      
      
#  type   0  conf  1.0000
  -3.7819960512   0.1188540141  -3.6082288258
  -3.7736188313   0.1185907493  -3.8257601699
      
      
#  type   0  conf  1.0000
  -3.7736188313   0.1185907493  -3.8257601699
  -3.2361676138   0.1017006644  -4.3767134562
      
      
#  type   0  conf  1.0000
  -3.2361676138   0.1017006644  -4.3767134562
  -2.6912701871   0.0845765729  -4.5864387357
      
      
# 208  norm    -0.0392598158   -0.9992290362    0.0000000000
# nedges  13 
#  type   0  conf  1.0000
   2.3377400042  -0.0918500549  -4.5684724036
   2.8705627470  -0.1127847175  -4.3506118107
      
      
#  type   0  conf  1.0000
   2.8705627470  -0.1127847175  -4.3506118107
   3.4073232446  -0.1338740949  -3.8247671241
      
      
#  type   0  conf  1.0000
   3.4073232446  -0.1338740949  -3.8247671241
   3.4131058997  -0.1341012960  -3.6035597630
      
      
#  type   0  conf  1.0000
   3.4131058997  -0.1341012960  -3.6035597630
   2.9585321177  -0.1162410435  -2.8968928150
      
      
#  type   0  conf  1.0000
   2.9585321177  -0.1162410435  -2.8968928150
   2.0330271666  -0.0798778549  -2.2811801724
      
      
#  type   0  conf  1.0000
   2.0330271666  -0.0798778549  -2.2811801724
  -0.1705113963   0.0066994110  -0.8498192962
      
      
#  type   0  conf  1.0000
  -0.1705113963   0.0066994110  -0.8498192962
  -2.5287147211   0.0993534720  -2.3960046212
      
      
#  type   0  conf  1.0000
  -2.5287147211   0.0993534720  -2.3960046212
  -2.5475118038   0.1000920114  -2.4085734907
      
      
#  type   0  conf  1.0000
  -2.5475118038   0.1000920114  -2.4085734907
  -3.3843687767   0.1329722114  -2.9783857648
      
      
#  type   0  conf  1.0000
  -3.3843687767   0.1329722114  -2.9783857648
  -3.7927947450   0.1490193114  -3.6082660107
      
      
#  type   0  conf  1.0000
  -3.7927947450   0.1490193114  -3.6082660107
  -3.7846696791   0.1487000767  -3.8256604987
      
      
#  type   0  conf  1.0000
  -3.7846696791   0.1487000767  -3.8256604987
  -3.2464263363   0.1275524381  -4.3773695875
      
      
#  type   0  conf  1.0000
  -3.2464263363   0.1275524381  -4.3773695875
  -2.7027905571   0.1061929302  -4.5864337973
      
      
# 209  norm    -0.0471064507   -0.9988898750    0.0000000000
# nedges  12 
#  type   0  conf  1.0000
   2.3501066944  -0.1108282183  -4.5698924446
   2.8844829759  -0.1360287641  -4.3503928277
      
      
#  type   0  conf  1.0000
   2.8844829759  -0.1360287641  -4.3503928277
   3.4213098117  -0.1613448750  -3.8248831013
      
      
#  type   0  conf  1.0000
   3.4213098117  -0.1613448750  -3.8248831013
   3.4270835754  -0.1616171588  -3.6030457533
      
      
#  type   0  conf  1.0000
   3.4270835754  -0.1616171588  -3.6030457533
   2.9671820056  -0.1399287513  -2.8890165508
      
      
#  type   0  conf  1.0000
   2.9671820056  -0.1399287513  -2.8890165508
  -0.1676338981   0.0079054140  -0.8486791566
      
      
#  type   0  conf  1.0000
  -0.1676338981   0.0079054140  -0.8486791566
  -2.5015216999   0.1179687687  -2.3777772182
      
      
#  type   0  conf  1.0000
  -2.5015216999   0.1179687687  -2.3777772182
  -2.6443225876   0.1247030877  -2.4730994447
      
      
#  type   0  conf  1.0000
  -2.6443225876   0.1247030877  -2.4730994447
  -3.3961103723   0.1601564996  -2.9797146200
      
      
#  type   0  conf  1.0000
  -3.3961103723   0.1601564996  -2.9797146200
  -3.8034517448   0.1793662311  -3.6086709393
      
      
#  type   0  conf  1.0000
  -3.8034517448   0.1793662311  -3.6086709393
  -3.7955613981   0.1789941318  -3.8252625595
      
      
#  type   0  conf  1.0000
  -3.7955613981   0.1789941318  -3.8252625595
  -3.2570261330   0.1535974534  -4.3774837938
      
      
#  type   0  conf  1.0000
  -3.2570261330   0.1535974534  -4.3774837938
  -2.7140085987   0.1279893965  -4.5865201243
      
      
# 210  norm    -0.0549501799   -0.9984890975   -0.0000000000
# nedges  11 
#  type   0  conf  1.0000
   2.3620134705  -0.1299894666  -4.5704144303
   2.8987823906  -0.1595296476  -4.3498856133
      
      
#  type   0  conf  1.0000
   2.8987823906  -0.1595296476  -4.3498856133
   3.4338769758  -0.1889776845  -3.8229384057
      
      
#  type   0  conf  1.0000
   3.4338769758  -0.1889776845  -3.8229384057
   3.4389850387  -0.1892587982  -3.6035535722
      
      
#  type   0  conf  1.0000
   3.4389850387  -0.1892587982  -3.6035535722
   2.9818142959  -0.1640991699  -2.8925802610
      
      
#  type   0  conf  1.0000
   2.9818142959  -0.1640991699  -2.8925802610
  -0.1587354381   0.0087357397  -0.8544693952
      
      
#  type   0  conf  1.0000
  -0.1587354381   0.0087357397  -0.8544693952
  -0.2016321960   0.0110964912  -0.8694037154
      
      
#  type   0  conf  1.0000
  -0.2016321960   0.0110964912  -0.8694037154
  -3.3984319018   0.1870270240  -2.9697409908
      
      
#  type   0  conf  1.0000
  -3.3984319018   0.1870270240  -2.9697409908
  -3.8131078130   0.2098480203  -3.6099676679
      
      
#  type   0  conf  1.0000
  -3.8131078130   0.2098480203  -3.6099676679
  -3.8026711779   0.2092736575  -3.8278454296
      
      
#  type   0  conf  1.0000
  -3.8026711779   0.2092736575  -3.8278454296
  -3.2655348694   0.1797132578  -4.3778654220
      
      
#  type   0  conf  1.0000
  -3.2655348694   0.1797132578  -4.3778654220
  -2.7241865726   0.1499210584  -4.5864447792
      
      
# 211  norm    -0.0627905195   -0.9980267284   -0.0000000000
# nedges  10 
#  type   0  conf  1.0000
   2.3737160623  -0.1493415562  -4.5715931498
   2.9117953680  -0.1831946367  -4.3500433643
      
      
#  type   0  conf  1.0000
   2.9117953680  -0.1831946367  -4.3500433643
   3.4463573837  -0.2168264280  -3.8235860646
      
      
#  type   0  conf  1.0000
   3.4463573837  -0.2168264280  -3.8235860646
   3.4521354122  -0.2171899508  -3.6029193265
      
      
#  type   0  conf  1.0000
   3.4521354122  -0.2171899508  -3.6029193265
   2.9962438648  -0.1885076858  -2.8953263755
      
      
#  type   0  conf  1.0000
   2.9962438648  -0.1885076858  -2.8953263755
  -0.1671957597   0.0105190656  -0.8486693291
      
      
#  type   0  conf  1.0000
  -0.1671957597   0.0105190656  -0.8486693291
  -3.4088796877   0.2144685313  -2.9724306934
      
      
#  type   0  conf  1.0000
  -3.4088796877   0.2144685313  -2.9724306934
  -3.8225114899   0.2404920385  -3.6091838980
      
      
#  type   0  conf  1.0000
  -3.8225114899   0.2404920385  -3.6091838980
  -3.8133282204   0.2399142761  -3.8265523013
      
      
#  type   0  conf  1.0000
  -3.8133282204   0.2399142761  -3.8265523013
  -3.2758930640   0.2061017221  -4.3772785791
      
      
#  type   0  conf  1.0000
  -3.2758930640   0.2061017221  -4.3772785791
  -2.7350399840   0.1720741305  -4.5866773371
      
      
# 212  norm    -0.0706269859   -0.9975027964   -0.0000000000
# nedges  10 
#  type   0  conf  1.0000
   2.3853233622  -0.1688899521  -4.5724556130
   2.9235827655  -0.2070007619  -4.3502867934
      
      
#  type   0  conf  1.0000
   2.9235827655  -0.2070007619  -4.3502867934
   3.4577288751  -0.2448203348  -3.8240843604
      
      
#  type   0  conf  1.0000
   3.4577288751  -0.2448203348  -3.8240843604
   3.4641608396  -0.2452757423  -3.6031969185
      
      
#  type   0  conf  1.0000
   3.4641608396  -0.2452757423  -3.6031969185
   3.0094037821  -0.2130772158  -2.8972957154
      
      
#  type   0  conf  1.0000
   3.0094037821  -0.2130772158  -2.8972957154
  -0.1656785538   0.0117306708  -0.8492449139
      
      
#  type   0  conf  1.0000
  -0.1656785538   0.0117306708  -0.8492449139
  -3.4204914496   0.2421837837  -2.9764233142
      
      
#  type   0  conf  1.0000
  -3.4204914496   0.2421837837  -2.9764233142
  -3.8310512517   0.2712529768  -3.6098991308
      
      
#  type   0  conf  1.0000
  -3.8310512517   0.2712529768  -3.6098991308
  -3.8214099327   0.2705703348  -3.8270313481
      
      
#  type   0  conf  1.0000
  -3.8214099327   0.2705703348  -3.8270313481
  -3.2832834597   0.2324689370  -4.3782351491
      
      
#  type   0  conf  1.0000
  -3.2832834597   0.2324689370  -4.3782351491
  -2.7459083133   0.1944207360  -4.5860908784
      
      
# 213  norm    -0.0784590957   -0.9969173337   -0.0000000000
# nedges  11 
#  type   0  conf  1.0000
   2.3920807412  -0.1882608372  -4.5747835303
   2.9350732472  -0.2309952742  -4.3504961254
      
      
#  type   0  conf  1.0000
   2.9350732472  -0.2309952742  -4.3504961254
   3.4680651592  -0.2729426474  -3.8259659287
      
      
#  type   0  conf  1.0000
   3.4680651592  -0.2729426474  -3.8259659287
   3.4759977633  -0.2735669569  -3.6053060798
      
      
#  type   0  conf  1.0000
   3.4759977633  -0.2735669569  -3.6053060798
   3.0391382822  -0.2391853701  -2.9249299892
      
      
#  type   0  conf  1.0000
   3.0391382822  -0.2391853701  -2.9249299892
   3.0136633923  -0.2371804528  -2.8935357807
      
      
#  type   0  conf  1.0000
   3.0136633923  -0.2371804528  -2.8935357807
  -0.1642313822   0.0129252901  -0.8497616882
      
      
#  type   0  conf  1.0000
  -0.1642313822   0.0129252901  -0.8497616882
  -3.4304654874   0.2699834891  -2.9792068897
      
      
#  type   0  conf  1.0000
  -3.4304654874   0.2699834891  -2.9792068897
  -3.8386144960   0.3021055127  -3.6097879629
      
      
#  type   0  conf  1.0000
  -3.8386144960   0.3021055127  -3.6097879629
  -3.8293860170   0.3013792156  -3.8272226863
      
      
#  type   0  conf  1.0000
  -3.8293860170   0.3013792156  -3.8272226863
  -3.2912212618   0.2590247308  -4.3784309275
      
      
#  type   0  conf  1.0000
  -3.2912212618   0.2590247308  -4.3784309275
  -2.7544493450   0.2167798648  -4.5863870194
      
      
# 214  norm    -0.0862863658   -0.9962703765    0.0000000000
# nedges  11 
#  type   0  conf  1.0000
   2.4059360904  -0.2083766480  -4.5750537686
   2.9474930862  -0.2552805670  -4.3503731820
      
      
#  type   0  conf  1.0000
   2.9474930862  -0.2552805670  -4.3503731820
   3.4806830666  -0.3014598240  -3.8251517617
      
      
#  type   0  conf  1.0000
   3.4806830666  -0.3014598240  -3.8251517617
   3.4870578201  -0.3020119374  -3.6026972214
      
      
#  type   0  conf  1.0000
   3.4870578201  -0.3020119374  -3.6026972214
   3.0343550316  -0.2628036268  -2.8998304061
      
      
#  type   0  conf  1.0000
   3.0343550316  -0.2628036268  -2.8998304061
  -0.1619162634   0.0140234682  -0.8502538982
      
      
#  type   0  conf  1.0000
  -0.1619162634   0.0140234682  -0.8502538982
  -3.4227081812   0.2964386547  -2.9696478732
      
      
#  type   0  conf  1.0000
  -3.4227081812   0.2964386547  -2.9696478732
  -3.4451635724   0.2983835024  -2.9904226179
      
      
#  type   0  conf  1.0000
  -3.4451635724   0.2983835024  -2.9904226179
  -3.8462501998   0.3331213690  -3.6081172975
      
      
#  type   0  conf  1.0000
  -3.8462501998   0.3331213690  -3.6081172975
  -3.8385095145   0.3324509530  -3.8257591016
      
      
#  type   0  conf  1.0000
  -3.8385095145   0.3324509530  -3.8257591016
  -3.3004215104   0.2858474812  -4.3780131192
      
      
#  type   0  conf  1.0000
  -3.3004215104   0.2858474812  -4.3780131192
  -2.7641423294   0.2394006705  -4.5869184777
      
      
# 215  norm    -0.0941083133   -0.9955619646   -0.0000000000
# nedges  10 
#  type   0  conf  1.0000
   2.4323719044  -0.2299268407  -4.5697536343
   2.9601786330  -0.2798192661  -4.3499359192
      
      
#  type   0  conf  1.0000
   2.9601786330  -0.2798192661  -4.3499359192
   3.4902980072  -0.3299303008  -3.8267373070
      
      
#  type   0  conf  1.0000
   3.4902980072  -0.3299303008  -3.8267373070
   3.4997976902  -0.3308282852  -3.6064493723
      
      
#  type   0  conf  1.0000
   3.4997976902  -0.3308282852  -3.6064493723
   3.0469602850  -0.2880225474  -2.9007459362
      
      
#  type   0  conf  1.0000
   3.0469602850  -0.2880225474  -2.9007459362
  -0.1605382009   0.0151753280  -0.8503868339
      
      
#  type   0  conf  1.0000
  -0.1605382009   0.0151753280  -0.8503868339
  -3.4479597123   0.3259281536  -2.9819992065
      
      
#  type   0  conf  1.0000
  -3.4479597123   0.3259281536  -2.9819992065
  -3.8537708035   0.3642885959  -3.6084809328
      
      
#  type   0  conf  1.0000
  -3.8537708035   0.3642885959  -3.6084809328
  -3.8465283110   0.3636039788  -3.8248167183
      
      
#  type   0  conf  1.0000
  -3.8465283110   0.3636039788  -3.8248167183
  -3.3100598105   0.3128927750  -4.3771539484
      
      
#  type   0  conf  1.0000
  -3.3100598105   0.3128927750  -4.3771539484
  -2.7746363419   0.2622803557  -4.5867332783
      
      
# 216  norm    -0.1019244558   -0.9947921418    0.0000000000
# nedges  13 
#  type   0  conf  1.0000
   2.4430625272  -0.2503114049  -4.5708586610
   2.9578426666  -0.3030547704  -4.3556309022
      
      
#  type   0  conf  1.0000
   2.9578426666  -0.3030547704  -4.3556309022
   2.9838527265  -0.3057197102  -4.3386668494
      
      
#  type   0  conf  1.0000
   2.9838527265  -0.3057197102  -4.3386668494
   3.5029787440  -0.3589083459  -3.8233524327
      
      
#  type   0  conf  1.0000
   3.5029787440  -0.3589083459  -3.8233524327
   3.5095263030  -0.3595791960  -3.6042327880
      
      
#  type   0  conf  1.0000
   3.5095263030  -0.3595791960  -3.6042327880
   3.0634979445  -0.3138800034  -2.9102559356
      
      
#  type   0  conf  1.0000
   3.0634979445  -0.3138800034  -2.9102559356
   3.0338137469  -0.3108386186  -2.8852675608
      
      
#  type   0  conf  1.0000
   3.0338137469  -0.3108386186  -2.8852675608
  -0.1585593944   0.0162456852  -0.8508006293
      
      
#  type   0  conf  1.0000
  -0.1585593944   0.0162456852  -0.8508006293
  -3.4429677994   0.3527597420  -2.9742635440
      
      
#  type   0  conf  1.0000
  -3.4429677994   0.3527597420  -2.9742635440
  -3.4601796700   0.3545232366  -2.9903631885
      
      
#  type   0  conf  1.0000
  -3.4601796700   0.3545232366  -2.9903631885
  -3.8614299198   0.3956345518  -3.6096011319
      
      
#  type   0  conf  1.0000
  -3.8614299198   0.3956345518  -3.6096011319
  -3.8528310077   0.3947535241  -3.8263588459
      
      
#  type   0  conf  1.0000
  -3.8528310077   0.3947535241  -3.8263588459
  -3.3165128881   0.3398034193  -4.3779523895
      
      
#  type   0  conf  1.0000
  -3.3165128881   0.3398034193  -4.3779523895
  -2.7824410526   0.2850834643  -4.5870272743
      
      
# 217  norm    -0.1097343111   -0.9939609555    0.0000000000
# nedges  12 
#  type   0  conf  1.0000
   2.4540513902  -0.2709297958  -4.5721897475
   2.9852363586  -0.3295731623  -4.3482219525
      
      
#  type   0  conf  1.0000
   2.9852363586  -0.3295731623  -4.3482219525
   3.5131140488  -0.3878514018  -3.8242999201
      
      
#  type   0  conf  1.0000
   3.5131140488  -0.3878514018  -3.8242999201
   3.5199421046  -0.3886052262  -3.6048186826
      
      
#  type   0  conf  1.0000
   3.5199421046  -0.3886052262  -3.6048186826
   3.0815854653  -0.3402102027  -2.9208862188
      
      
#  type   0  conf  1.0000
   3.0815854653  -0.3402102027  -2.9208862188
   3.0557492539  -0.3373578584  -2.8926118962
      
      
#  type   0  conf  1.0000
   3.0557492539  -0.3373578584  -2.8926118962
  -0.1568797577   0.0173196865  -0.8508966675
      
      
#  type   0  conf  1.0000
  -0.1568797577   0.0173196865  -0.8508966675
  -3.4530584426   0.3812212012  -2.9765230357
      
      
#  type   0  conf  1.0000
  -3.4530584426   0.3812212012  -2.9765230357
  -3.4671686342   0.3827789808  -2.9902090572
      
      
#  type   0  conf  1.0000
  -3.4671686342   0.3827789808  -2.9902090572
  -3.8681243210   0.4270449008  -3.6095523656
      
      
#  type   0  conf  1.0000
  -3.8681243210   0.4270449008  -3.6095523656
  -3.8591766475   0.4260570684  -3.8267871678
      
      
#  type   0  conf  1.0000
  -3.8591766475   0.4260570684  -3.8267871678
  -3.3238873537   0.3669605802  -4.3779310998
      
      
#  type   0  conf  1.0000
  -3.3238873537   0.3669605802  -4.3779310998
  -2.7918398391   0.3082219877  -4.5868145557
      
      
# 218  norm    -0.1175373975   -0.9930684570    0.0000000000
# nedges  13 
#  type   0  conf  1.0000
   2.4644570185  -0.2916877100  -4.5717093528
   2.9724815847  -0.3518163798  -4.3583255121
      
      
#  type   0  conf  1.0000
   2.9724815847  -0.3518163798  -4.3583255121
   3.0042370535  -0.3555748872  -4.3386497955
      
      
#  type   0  conf  1.0000
   3.0042370535  -0.3555748872  -4.3386497955
   3.5219965070  -0.4168557569  -3.8232539465
      
      
#  type   0  conf  1.0000
   3.5219965070  -0.4168557569  -3.8232539465
   3.5281590199  -0.4175851384  -3.6040466318
      
      
#  type   0  conf  1.0000
   3.5281590199  -0.4175851384  -3.6040466318
   3.0916446953  -0.3659202634  -2.9224631640
      
      
#  type   0  conf  1.0000
   3.0916446953  -0.3659202634  -2.9224631640
   3.0658227448  -0.3628640342  -2.8933706970
      
      
#  type   0  conf  1.0000
   3.0658227448  -0.3628640342  -2.8933706970
  -0.1552077182   0.0183700440  -0.8510058350
      
      
#  type   0  conf  1.0000
  -0.1552077182   0.0183700440  -0.8510058350
  -3.4590384896   0.4094041845  -2.9770372753
      
      
#  type   0  conf  1.0000
  -3.4590384896   0.4094041845  -2.9770372753
  -3.4755678540   0.4113605637  -2.9954243319
      
      
#  type   0  conf  1.0000
  -3.4755678540   0.4113605637  -2.9954243319
  -3.8720093149   0.4582825027  -3.6075571398
      
      
#  type   0  conf  1.0000
  -3.8720093149   0.4582825027  -3.6075571398
  -3.8652086937   0.4574775961  -3.8258793812
      
      
#  type   0  conf  1.0000
  -3.8652086937   0.4574775961  -3.8258793812
  -3.3298062122   0.3941085365  -4.3775941311
      
      
#  type   0  conf  1.0000
  -3.3298062122   0.3941085365  -4.3775941311
  -2.7985733093   0.3312329790  -4.5871316189
      
      
# 219  norm    -0.1253332336   -0.9921147013    0.0000000000
# nedges  11 
#  type   0  conf  1.0000
   2.4749708117  -0.3126615243  -4.5724305674
   3.0030210019  -0.3793697766  -4.3496140166
      
      
#  type   0  conf  1.0000
   3.0030210019  -0.3793697766  -4.3496140166
   3.5312447406  -0.4460999532  -3.8243061502
      
      
#  type   0  conf  1.0000
   3.5312447406  -0.4460999532  -3.8243061502
   3.5374411287  -0.4468827391  -3.6039105782
      
      
#  type   0  conf  1.0000
   3.5374411287  -0.4468827391  -3.6039105782
   3.1013038544  -0.3917857883  -2.9224484569
      
      
#  type   0  conf  1.0000
   3.1013038544  -0.3917857883  -2.9224484569
   3.0756486116  -0.3885447774  -2.8932841139
      
      
#  type   0  conf  1.0000
   3.0756486116  -0.3885447774  -2.8932841139
  -0.1538503283   0.0194358164  -0.8510693599
      
      
#  type   0  conf  1.0000
  -0.1538503283   0.0194358164  -0.8510693599
  -3.4736862605   0.4388286262  -2.9828741974
      
      
#  type   0  conf  1.0000
  -3.4736862605   0.4388286262  -2.9828741974
  -3.8783399732   0.4899482782  -3.6090172202
      
      
#  type   0  conf  1.0000
  -3.8783399732   0.4899482782  -3.6090172202
  -3.8704669223   0.4889536806  -3.8264984724
      
      
#  type   0  conf  1.0000
  -3.8704669223   0.4889536806  -3.8264984724
  -3.3353389653   0.4213512984  -4.3782971094
      
      
#  type   0  conf  1.0000
  -3.3353389653   0.4213512984  -4.3782971094
  -2.8067608882   0.3545763585  -4.5869091514
      
      
# 220  norm    -0.1331213385   -0.9910997474   -0.0000000000
# nedges  10 
#  type   0  conf  1.0000
   2.5047037045  -0.3364237663  -4.5643767549
   3.0132296996  -0.4047273465  -4.3492216207
      
      
#  type   0  conf  1.0000
   3.0132296996  -0.4047273465  -4.3492216207
   3.5396757813  -0.4754378953  -3.8235461527
      
      
#  type   0  conf  1.0000
   3.5396757813  -0.4754378953  -3.8235461527
   3.5455785099  -0.4762307309  -3.6022746668
      
      
#  type   0  conf  1.0000
   3.5455785099  -0.4762307309  -3.6022746668
   3.0953089491  -0.4157519680  -2.9002062086
      
      
#  type   0  conf  1.0000
   3.0953089491  -0.4157519680  -2.9002062086
  -0.1520808078   0.0204270062  -0.8510174674
      
      
#  type   0  conf  1.0000
  -0.1520808078   0.0204270062  -0.8510174674
  -3.4784539348   0.4672147733  -2.9826933070
      
      
#  type   0  conf  1.0000
  -3.4784539348   0.4672147733  -2.9826933070
  -3.8833106887   0.5215938337  -3.6098225044
      
      
#  type   0  conf  1.0000
  -3.8833106887   0.5215938337  -3.6098225044
  -3.8743802466   0.5203943253  -3.8269660827
      
      
#  type   0  conf  1.0000
  -3.8743802466   0.5203943253  -3.8269660827
  -3.3410469243   0.4487587045  -4.3781161567
      
      
#  type   0  conf  1.0000
  -3.3410469243   0.4487587045  -4.3781161567
  -2.8137146106   0.3779291198  -4.5872122791
      
      
# 221  norm    -0.1409012319   -0.9900236577    0.0000000000
# nedges  10 
#  type   0  conf  1.0000
   2.4906499895  -0.3544719857  -4.5750228876
   3.0207744847  -0.4299198741  -4.3498439822
      
      
#  type   0  conf  1.0000
   3.0207744847  -0.4299198741  -4.3498439822
   3.5467021805  -0.5047704695  -3.8253374150
      
      
#  type   0  conf  1.0000
   3.5467021805  -0.5047704695  -3.8253374150
   3.5533085591  -0.5057106964  -3.6018647174
      
      
#  type   0  conf  1.0000
   3.5533085591  -0.5057106964  -3.6018647174
   3.1033966957  -0.4416787561  -2.8999344766
      
      
#  type   0  conf  1.0000
   3.1033966957  -0.4416787561  -2.8999344766
  -0.1502505935   0.0213838261  -0.8509554807
      
      
#  type   0  conf  1.0000
  -0.1502505935   0.0213838261  -0.8509554807
  -3.4832011206   0.4957329304  -2.9830414367
      
      
#  type   0  conf  1.0000
  -3.4832011206   0.4957329304  -2.9830414367
  -3.8861906748   0.5530868372  -3.6076757998
      
      
#  type   0  conf  1.0000
  -3.8861906748   0.5530868372  -3.6076757998
  -3.8796731065   0.5521592499  -3.8257755391
      
      
#  type   0  conf  1.0000
  -3.8796731065   0.5521592499  -3.8257755391
  -3.3452519254   0.4760998525  -4.3785220352
      
      
#  type   0  conf  1.0000
  -3.3452519254   0.4760998525  -4.3785220352
  -2.8203063736   0.4013890369  -4.5872394564
      
      
# 222  norm    -0.1486724339   -0.9888864987    0.0000000000
# nedges  11 
#  type   0  conf  1.0000
   2.5015089675  -0.3760850483  -4.5752134961
   3.0303182192  -0.4555879625  -4.3495553034
      
      
#  type   0  conf  1.0000
   3.0303182192  -0.4555879625  -4.3495553034
   3.5547992087  -0.5344401517  -3.8250119285
      
      
#  type   0  conf  1.0000
   3.5547992087  -0.5344401517  -3.8250119285
   3.5617589868  -0.5354865075  -3.6033029601
      
      
#  type   0  conf  1.0000
   3.5617589868  -0.5354865075  -3.6033029601
   3.1122995481  -0.4679133039  -2.8999261003
      
      
#  type   0  conf  1.0000
   3.1122995481  -0.4679133039  -2.8999261003
  -0.1482754473   0.0222922162  -0.8509524299
      
      
#  type   0  conf  1.0000
  -0.1482754473   0.0222922162  -0.8509524299
  -3.4877609460   0.5243613998  -2.9829950221
      
      
#  type   0  conf  1.0000
  -3.4877609460   0.5243613998  -2.9829950221
  -3.8909703200   0.5849812172  -3.6090631032
      
      
#  type   0  conf  1.0000
  -3.8909703200   0.5849812172  -3.6090631032
  -3.8837576629   0.5838968427  -3.8247654100
      
      
#  type   0  conf  1.0000
  -3.8837576629   0.5838968427  -3.8247654100
  -3.3599899811   0.5051518946  -4.3692970687
      
      
#  type   0  conf  1.0000
  -3.3599899811   0.5051518946  -4.3692970687
  -3.3337243016   0.5012030263  -4.3850050626
      
      
#  type   0  conf  1.0000
  -3.3337243016   0.5012030263  -4.3850050626
  -2.8274297985   0.4250850531  -4.5871545100
      
      
# 223  norm    -0.1564344650   -0.9876883406    0.0000000000
# nedges  11 
#  type   0  conf  1.0000
   2.5280837398  -0.4004091282  -4.5684370014
   3.0399085566  -0.4814742154  -4.3492040533
      
      
#  type   0  conf  1.0000
   3.0399085566  -0.4814742154  -4.3492040533
   3.5636539643  -0.5644273386  -3.8228421070
      
      
#  type   0  conf  1.0000
   3.5636539643  -0.5644273386  -3.8228421070
   3.5688337566  -0.5652477372  -3.6018899654
      
      
#  type   0  conf  1.0000
   3.5688337566  -0.5652477372  -3.6018899654
   3.1201609770  -0.4941849501  -2.8997000582
      
      
#  type   0  conf  1.0000
   3.1201609770  -0.4941849501  -2.8997000582
  -0.1457778862   0.0230889489  -0.8507092489
      
      
#  type   0  conf  1.0000
  -0.1457778862   0.0230889489  -0.8507092489
  -3.4822721843   0.5515377310  -2.9767504686
      
      
#  type   0  conf  1.0000
  -3.4822721843   0.5515377310  -2.9767504686
  -3.4963373757   0.5537654384  -2.9903188188
      
      
#  type   0  conf  1.0000
  -3.4963373757   0.5537654384  -2.9903188188
  -3.8947953369   0.6168749796  -3.6091108992
      
      
#  type   0  conf  1.0000
  -3.8947953369   0.6168749796  -3.6091108992
  -3.8867694032   0.6156037966  -3.8266670908
      
      
#  type   0  conf  1.0000
  -3.8867694032   0.6156037966  -3.8266670908
  -3.3553972500   0.5314427155  -4.3784317975
      
      
#  type   0  conf  1.0000
  -3.3553972500   0.5314427155  -4.3784317975
  -2.8337030568   0.4488144727  -4.5872512934
      
      
# 224  norm    -0.1641868466   -0.9864292572    0.0000000000
# nedges  11 
#  type   0  conf  1.0000
   2.5224011297  -0.4198426641  -4.5753101911
   3.0499861919  -0.5076568961  -4.3483487927
      
      
#  type   0  conf  1.0000
   3.0499861919  -0.5076568961  -4.3483487927
   3.5707867443  -0.5943418761  -3.8222629858
      
      
#  type   0  conf  1.0000
   3.5707867443  -0.5943418761  -3.8222629858
   3.5760257305  -0.5952138825  -3.6032505121
      
      
#  type   0  conf  1.0000
   3.5760257305  -0.5952138825  -3.6032505121
   3.1353543042  -0.5218660460  -2.9108256277
      
      
#  type   0  conf  1.0000
   3.1353543042  -0.5218660460  -2.9108256277
   3.1095908854  -0.5175778373  -2.8878545029
      
      
#  type   0  conf  1.0000
   3.1095908854  -0.5175778373  -2.8878545029
  -0.1436133244   0.0239038113  -0.8503972528
      
      
#  type   0  conf  1.0000
  -0.1436133244   0.0239038113  -0.8503972528
  -3.4947264206   0.5816819670  -2.9826327785
      
      
#  type   0  conf  1.0000
  -3.4947264206   0.5816819670  -2.9826327785
  -3.8967951192   0.6486045479  -3.6073835069
      
      
#  type   0  conf  1.0000
  -3.8967951192   0.6486045479  -3.6073835069
  -3.8906192088   0.6475765945  -3.8255218783
      
      
#  type   0  conf  1.0000
  -3.8906192088   0.6475765945  -3.8255218783
  -3.3592853984   0.5591383997  -4.3784678844
      
      
#  type   0  conf  1.0000
  -3.3592853984   0.5591383997  -4.3784678844
  -2.8402451146   0.4727464088  -4.5869945827
      
      
# 225  norm    -0.1719291003   -0.9851093262   -0.0000000000
# nedges  11 
#  type   0  conf  1.0000
   2.5323881251  -0.4419724800  -4.5753186832
   3.0564476785  -0.5334355137  -4.3489928577
      
      
#  type   0  conf  1.0000
   3.0564476785  -0.5334355137  -4.3489928577
   3.5771319806  -0.6243094717  -3.8233081374
      
      
#  type   0  conf  1.0000
   3.5771319806  -0.6243094717  -3.8233081374
   3.5828408253  -0.6253058246  -3.6034694648
      
      
#  type   0  conf  1.0000
   3.5828408253  -0.6253058246  -3.6034694648
   3.1419631949  -0.5483603605  -2.9102229148
      
      
#  type   0  conf  1.0000
   3.1419631949  -0.5483603605  -2.9102229148
   3.1178278792  -0.5441480736  -2.8882916059
      
      
#  type   0  conf  1.0000
   3.1178278792  -0.5441480736  -2.8882916059
  -0.1410625338   0.0246193533  -0.8499144082
      
      
#  type   0  conf  1.0000
  -0.1410625338   0.0246193533  -0.8499144082
  -3.4986008019   0.6106035870  -2.9830364570
      
      
#  type   0  conf  1.0000
  -3.4986008019   0.6106035870  -2.9830364570
  -3.9003221875   0.6807151924  -3.6092750109
      
      
#  type   0  conf  1.0000
  -3.9003221875   0.6807151924  -3.6092750109
  -3.8929637054   0.6794309317  -3.8263364319
      
      
#  type   0  conf  1.0000
  -3.8929637054   0.6794309317  -3.8263364319
  -3.3627870780   0.5869002977  -4.3786106012
      
      
#  type   0  conf  1.0000
  -3.3627870780   0.5869002977  -4.3786106012
  -2.8453026242   0.4965848025  -4.5875317916
      
      
# 226  norm    -0.1796607486   -0.9837286289    0.0000000000
# nedges  12 
#  type   0  conf  1.0000
   2.5528098195  -0.4662258571  -4.5703128198
   3.0641668543  -0.5596162342  -4.3483511661
      
      
#  type   0  conf  1.0000
   3.0641668543  -0.5596162342  -4.3483511661
   3.5814237236  -0.6540841125  -3.8241952797
      
      
#  type   0  conf  1.0000
   3.5814237236  -0.6540841125  -3.8241952797
   3.5881630069  -0.6553149242  -3.6024868299
      
      
#  type   0  conf  1.0000
   3.5881630069  -0.6553149242  -3.6024868299
   3.1403998070  -0.5735388435  -2.8987911532
      
      
#  type   0  conf  1.0000
   3.1403998070  -0.5735388435  -2.8987911532
  -0.1379912031   0.0252016685  -0.8495694452
      
      
#  type   0  conf  1.0000
  -0.1379912031   0.0252016685  -0.8495694452
  -3.4879927352   0.6370205842  -2.9748571655
      
      
#  type   0  conf  1.0000
  -3.4879927352   0.6370205842  -2.9748571655
  -3.5078614118   0.6406492489  -2.9952601167
      
      
#  type   0  conf  1.0000
  -3.5078614118   0.6406492489  -2.9952601167
  -3.9007156813   0.7123971782  -3.6075245804
      
      
#  type   0  conf  1.0000
  -3.9007156813   0.7123971782  -3.6075245804
  -3.8943730322   0.7112388048  -3.8256018084
      
      
#  type   0  conf  1.0000
  -3.8943730322   0.7112388048  -3.8256018084
  -3.3724132013   0.6159120132  -4.3715951995
      
      
#  type   0  conf  1.0000
  -3.3724132013   0.6159120132  -4.3715951995
  -3.3513327140   0.6120620326  -4.3836337354
      
      
#  type   0  conf  1.0000
  -3.3513327140   0.6120620326  -4.3836337354
  -2.8460092495   0.5197735811  -4.5899603093
      
      
# 227  norm    -0.1873813146   -0.9822872507    0.0000000000
# nedges  11 
#  type   0  conf  1.0000
   2.5488123509  -0.4862119595  -4.5762325675
   3.0711482778  -0.5858528665  -4.3483427024
      
      
#  type   0  conf  1.0000
   3.0711482778  -0.5858528665  -4.3483427024
   3.5871759605  -0.6842904116  -3.8237461893
      
      
#  type   0  conf  1.0000
   3.5871759605  -0.6842904116  -3.8237461893
   3.5936337083  -0.6855222929  -3.6033429818
      
      
#  type   0  conf  1.0000
   3.5936337083  -0.6855222929  -3.6033429818
   3.1464344842  -0.6002144785  -2.8981938161
      
      
#  type   0  conf  1.0000
   3.1464344842  -0.6002144785  -2.8981938161
  -0.1353923435   0.0258274708  -0.8487611067
      
      
#  type   0  conf  1.0000
  -0.1353923435   0.0258274708  -0.8487611067
  -3.5024498572   0.6681280430  -2.9827529234
      
      
#  type   0  conf  1.0000
  -3.5024498572   0.6681280430  -2.9827529234
  -3.9031291793   0.7445617115  -3.6092461287
      
      
#  type   0  conf  1.0000
  -3.9031291793   0.7445617115  -3.6092461287
  -3.8956118746   0.7431277090  -3.8264787606
      
      
#  type   0  conf  1.0000
  -3.8956118746   0.7431277090  -3.8264787606
  -3.3745196422   0.6437240493  -4.3717342934
      
      
#  type   0  conf  1.0000
  -3.3745196422   0.6437240493  -4.3717342934
  -3.3541956588   0.6398470422  -4.3836171286
      
      
#  type   0  conf  1.0000
  -3.3541956588   0.6398470422  -4.3836171286
  -2.8506697750   0.5437943427  -4.5903451439
      
      
# 228  norm    -0.1950903220   -0.9807852804   -0.0000000000
# nedges  13 
#  type   0  conf  1.0000
   2.5592302694  -0.5090625516  -4.5750616454
   3.0762840356  -0.6119109403  -4.3487538424
      
      
#  type   0  conf  1.0000
   3.0762840356  -0.6119109403  -4.3487538424
   3.5919432221  -0.7144819298  -3.8241464697
      
      
#  type   0  conf  1.0000
   3.5919432221  -0.7144819298  -3.8241464697
   3.5974796592  -0.7155831956  -3.6027075797
      
      
#  type   0  conf  1.0000
   3.5974796592  -0.7155831956  -3.6027075797
   3.1801257654  -0.6325663446  -2.9419868056
      
      
#  type   0  conf  1.0000
   3.1801257654  -0.6325663446  -2.9419868056
   3.1426013363  -0.6251022715  -2.8924284385
      
      
#  type   0  conf  1.0000
   3.1426013363  -0.6251022715  -2.8924284385
  -0.0372654838   0.0074125656  -0.9071019191
      
      
#  type   0  conf  1.0000
  -0.0372654838   0.0074125656  -0.9071019191
  -0.1408710297   0.0280209900  -0.8534094480
      
      
#  type   0  conf  1.0000
  -0.1408710297   0.0280209900  -0.8534094480
  -3.4962876005   0.6954548437  -2.9779081005
      
      
#  type   0  conf  1.0000
  -3.4962876005   0.6954548437  -2.9779081005
  -3.5168963582   0.6995541804  -3.0033852581
      
      
#  type   0  conf  1.0000
  -3.5168963582   0.6995541804  -3.0033852581
  -3.9031399394   0.7763828056  -3.6082217083
      
      
#  type   0  conf  1.0000
  -3.9031399394   0.7763828056  -3.6082217083
  -3.8962094326   0.7750042421  -3.8265446964
      
      
#  type   0  conf  1.0000
  -3.8962094326   0.7750042421  -3.8265446964
  -3.3710835958   0.6705502187  -4.3778816522
      
      
#  type   0  conf  1.0000
  -3.3710835958   0.6705502187  -4.3778816522
  -2.8590751876   0.5687054141  -4.5878997075
      
      
# 229  norm    -0.2027872954   -0.9792228106    0.0000000000
# nedges  12 
#  type   0  conf  1.0000
   2.5664002301  -0.5314759377  -4.5753945462
   3.0831879813  -0.6384975360  -4.3481826247
      
      
#  type   0  conf  1.0000
   3.0831879813  -0.6384975360  -4.3481826247
   3.5965547181  -0.7448106764  -3.8223969402
      
      
#  type   0  conf  1.0000
   3.5965547181  -0.7448106764  -3.8223969402
   3.6014054333  -0.7458152112  -3.6007750922
      
      
#  type   0  conf  1.0000
   3.6014054333  -0.7458152112  -3.6007750922
   3.1570312536  -0.6537897426  -2.8979891606
      
      
#  type   0  conf  1.0000
   3.1570312536  -0.6537897426  -2.8979891606
  -0.0136182047   0.0028201946  -0.9189011684
      
      
#  type   0  conf  1.0000
  -0.0136182047   0.0028201946  -0.9189011684
  -0.1402217565   0.0290385298  -0.8541031511
      
      
#  type   0  conf  1.0000
  -0.1402217565   0.0290385298  -0.8541031511
  -3.4905063809   0.7228491215  -2.9734225751
      
      
#  type   0  conf  1.0000
  -3.4905063809   0.7228491215  -2.9734225751
  -3.5092325607   0.7267271269  -2.9902602556
      
      
#  type   0  conf  1.0000
  -3.5092325607   0.7267271269  -2.9902602556
  -3.9033846086   0.8083520920  -3.6081218153
      
      
#  type   0  conf  1.0000
  -3.9033846086   0.8083520920  -3.6081218153
  -3.8970361516   0.8070373898  -3.8249493534
      
      
#  type   0  conf  1.0000
  -3.8970361516   0.8070373898  -3.8249493534
  -3.3719036541   0.6982876775  -4.3786483358
      
      
#  type   0  conf  1.0000
  -3.3719036541   0.6982876775  -4.3786483358
  -2.8624836219   0.5927918604  -4.5876578662
      
      
# 230  norm    -0.2104717598   -0.9775999378    0.0000000000
# nedges  12 
#  type   0  conf  1.0000
   2.5748215907  -0.5543445846  -4.5752604020
   3.0882109474  -0.6648744212  -4.3486093591
      
      
#  type   0  conf  1.0000
   3.0882109474  -0.6648744212  -4.3486093591
   3.6008096254  -0.7752340291  -3.8226921143
      
      
#  type   0  conf  1.0000
   3.6008096254  -0.7752340291  -3.8226921143
   3.6059518546  -0.7763411221  -3.6029024674
      
      
#  type   0  conf  1.0000
   3.6059518546  -0.7763411221  -3.6029024674
   3.1706642359  -0.6826261498  -2.9106806594
      
      
#  type   0  conf  1.0000
   3.1706642359  -0.6826261498  -2.9106806594
   3.1189874818  -0.6715004357  -2.8707186208
      
      
#  type   0  conf  1.0000
   3.1189874818  -0.6715004357  -2.8707186208
   0.0111775523  -0.0024064641  -0.9312127954
      
      
#  type   0  conf  1.0000
   0.0111775523  -0.0024064641  -0.9312127954
  -0.1397866634   0.0300952812  -0.8544343331
      
      
#  type   0  conf  1.0000
  -0.1397866634   0.0300952812  -0.8544343331
  -3.5051268592   0.7546340686  -2.9822233509
      
      
#  type   0  conf  1.0000
  -3.5051268592   0.7546340686  -2.9822233509
  -3.9030806551   0.8403112792  -3.6076244543
      
      
#  type   0  conf  1.0000
  -3.9030806551   0.8403112792  -3.6076244543
  -3.8966582751   0.8389285769  -3.8263769161
      
      
#  type   0  conf  1.0000
  -3.8966582751   0.8389285769  -3.8263769161
  -3.3740608151   0.7264162875  -4.3779822816
      
      
#  type   0  conf  1.0000
  -3.3740608151   0.7264162875  -4.3779822816
  -2.8670318202   0.6172558010  -4.5877642785
      
      
# 231  norm    -0.2181432414   -0.9759167619    0.0000000000
# nedges  12 
#  type   0  conf  1.0000
   2.5826199185  -0.5772839470  -4.5754640299
   3.0932897932  -0.6914321881  -4.3487080873
      
      
#  type   0  conf  1.0000
   3.0932897932  -0.6914321881  -4.3487080873
   3.6038393607  -0.8055535372  -3.8240292643
      
      
#  type   0  conf  1.0000
   3.6038393607  -0.8055535372  -3.8240292643
   3.6101877620  -0.8069725730  -3.6021186936
      
      
#  type   0  conf  1.0000
   3.6101877620  -0.8069725730  -3.6021186936
   3.1685773617  -0.7082609534  -2.9004574050
      
      
#  type   0  conf  1.0000
   3.1685773617  -0.7082609534  -2.9004574050
   0.3554527598  -0.0794531052  -1.1392061835
      
      
#  type   0  conf  1.0000
   0.3554527598  -0.0794531052  -1.1392061835
  -0.1318471626   0.0294713325  -0.8500776573
      
      
#  type   0  conf  1.0000
  -0.1318471626   0.0294713325  -0.8500776573
  -3.5054911712   0.7835701123  -2.9819836193
      
      
#  type   0  conf  1.0000
  -3.5054911712   0.7835701123  -2.9819836193
  -3.9038607926   0.8726162727  -3.6099813934
      
      
#  type   0  conf  1.0000
  -3.9038607926   0.8726162727  -3.6099813934
  -3.8952675090   0.8706954462  -3.8273691761
      
      
#  type   0  conf  1.0000
  -3.8952675090   0.8706954462  -3.8273691761
  -3.3937973638   0.7586035884  -4.3580469677
      
      
#  type   0  conf  1.0000
  -3.3937973638   0.7586035884  -4.3580469677
  -3.3686522979   0.7529830003  -4.3803399115
      
      
#  type   0  conf  1.0000
  -3.3686522979   0.7529830003  -4.3803399115
  -2.8661110796   0.6406517292  -4.5904551458
      
      
# 232  norm    -0.2258012669   -0.9741733870   -0.0000000000
# nedges  11 
#  type   0  conf  1.0000
   2.5909574434  -0.6005516892  -4.5755081062
   3.0997990752  -0.7184948466  -4.3477714829
      
      
#  type   0  conf  1.0000
   3.0997990752  -0.7184948466  -4.3477714829
   3.6071813996  -0.8360997547  -3.8236458248
      
      
#  type   0  conf  1.0000
   3.6071813996  -0.8360997547  -3.8236458248
   3.6130919765  -0.8374697528  -3.6013713788
      
      
#  type   0  conf  1.0000
   3.6130919765  -0.8374697528  -3.6013713788
   3.1730472944  -0.7354728722  -2.9006752633
      
      
#  type   0  conf  1.0000
   3.1730472944  -0.7354728722  -2.9006752633
   0.3651978642  -0.0846483198  -1.1408095546
      
      
#  type   0  conf  1.0000
   0.3651978642  -0.0846483198  -1.1408095546
  -0.1305753851   0.0302657492  -0.8497969579
      
      
#  type   0  conf  1.0000
  -0.1305753851   0.0302657492  -0.8497969579
  -3.5050363063   0.8124237933  -2.9816128239
      
      
#  type   0  conf  1.0000
  -3.5050363063   0.8124237933  -2.9816128239
  -3.9016377180   0.9043510646  -3.6079515983
      
      
#  type   0  conf  1.0000
  -3.9016377180   0.9043510646  -3.6079515983
  -3.8950544669   0.9028251489  -3.8264952572
      
      
#  type   0  conf  1.0000
  -3.8950544669   0.9028251489  -3.8264952572
  -3.3743057178   0.7821220699  -4.3792363154
      
      
#  type   0  conf  1.0000
  -3.3743057178   0.7821220699  -4.3792363154
  -2.8728146478   0.6658826813  -4.5874373122
      
      
# 233  norm    -0.2334453639   -0.9723699204   -0.0000000000
# nedges  12 
#  type   0  conf  1.0000
   2.5984212807  -0.6238257566  -4.5748988038
   3.1035468653  -0.7450956802  -4.3483493817
      
      
#  type   0  conf  1.0000
   3.1035468653  -0.7450956802  -4.3483493817
   3.6099551862  -0.8666735614  -3.8235636395
      
      
#  type   0  conf  1.0000
   3.6099551862  -0.8666735614  -3.8235636395
   3.6152189522  -0.8679372798  -3.6006491029
      
      
#  type   0  conf  1.0000
   3.6152189522  -0.8679372798  -3.6006491029
   3.1772447727  -0.7627889823  -2.9010541991
      
      
#  type   0  conf  1.0000
   3.1772447727  -0.7627889823  -2.9010541991
   0.3721186088  -0.0893377738  -1.1406556488
      
      
#  type   0  conf  1.0000
   0.3721186088  -0.0893377738  -1.1406556488
  -0.1293257959   0.0310483766  -0.8493841332
      
      
#  type   0  conf  1.0000
  -0.1293257959   0.0310483766  -0.8493841332
  -3.4914516046   0.8382233686  -2.9730347346
      
      
#  type   0  conf  1.0000
  -3.4914516046   0.8382233686  -2.9730347346
  -3.5162957318   0.8441879159  -3.0003464743
      
      
#  type   0  conf  1.0000
  -3.5162957318   0.8441879159  -3.0003464743
  -3.9004187322   0.9364076891  -3.6082628273
      
      
#  type   0  conf  1.0000
  -3.9004187322   0.9364076891  -3.6082628273
  -3.8941417336   0.9349007151  -3.8261005351
      
      
#  type   0  conf  1.0000
  -3.8941417336   0.9349007151  -3.8261005351
  -3.3751287115   0.8102967128  -4.3785846117
      
      
#  type   0  conf  1.0000
  -3.3751287115   0.8102967128  -4.3785846117
  -2.8751525890   0.6902630657  -4.5883308791
      
      
# 234  norm    -0.2410750608   -0.9705064735    0.0000000000
# nedges  11 
#  type   0  conf  1.0000
   2.6038014592  -0.6467876437  -4.5754892282
   3.1077559273  -0.7719705841  -4.3476020384
      
      
#  type   0  conf  1.0000
   3.1077559273  -0.7719705841  -4.3476020384
   3.6120504770  -0.8972380013  -3.8221077179
      
      
#  type   0  conf  1.0000
   3.6120504770  -0.8972380013  -3.8221077179
   3.6169930330  -0.8984657386  -3.6018067034
      
      
#  type   0  conf  1.0000
   3.6169930330  -0.8984657386  -3.6018067034
   3.1803310750  -0.7899983445  -2.9016214389
      
      
#  type   0  conf  1.0000
   3.1803310750  -0.7899983445  -2.9016214389
   0.3751473798  -0.0931870934  -1.1383598346
      
      
#  type   0  conf  1.0000
   0.3751473798  -0.0931870934  -1.1383598346
  -0.1289949933   0.0320425228  -0.8490311854
      
      
#  type   0  conf  1.0000
  -0.1289949933   0.0320425228  -0.8490311854
  -3.5026812967   0.8700705557  -2.9812115632
      
      
#  type   0  conf  1.0000
  -3.5026812967   0.8700705557  -2.9812115632
  -3.8971595319   0.9680594586  -3.6076084135
      
      
#  type   0  conf  1.0000
  -3.8971595319   0.9680594586  -3.6076084135
  -3.8914493073   0.9666410314  -3.8261012537
      
      
#  type   0  conf  1.0000
  -3.8914493073   0.9666410314  -3.8261012537
  -3.3744883072   0.8382272516  -4.3784156948
      
      
#  type   0  conf  1.0000
  -3.3744883072   0.8382272516  -4.3784156948
  -2.8770632506   0.7146662254  -4.5882134536
      
      
# 235  norm    -0.2486898872   -0.9685831611    0.0000000000
# nedges  11 
#  type   0  conf  1.0000
   2.6101764531  -0.6701794060  -4.5750979079
   3.1105701967  -0.7986586824  -4.3480809902
      
      
#  type   0  conf  1.0000
   3.1105701967  -0.7986586824  -4.3480809902
   3.6129712804  -0.9276533561  -3.8231334089
      
      
#  type   0  conf  1.0000
   3.6129712804  -0.9276533561  -3.8231334089
   3.6191130506  -0.9292302946  -3.6028210782
      
      
#  type   0  conf  1.0000
   3.6191130506  -0.9292302946  -3.6028210782
   3.1835918698  -0.8174074614  -2.9020192182
      
      
#  type   0  conf  1.0000
   3.1835918698  -0.8174074614  -2.9020192182
   0.3832571219  -0.0984037037  -1.1389165595
      
      
#  type   0  conf  1.0000
   0.3832571219  -0.0984037037  -1.1389165595
  -0.1284006366   0.0329676801  -0.8484090369
      
      
#  type   0  conf  1.0000
  -0.1284006366   0.0329676801  -0.8484090369
  -3.5007161362   0.8988311338  -2.9806485962
      
      
#  type   0  conf  1.0000
  -3.5007161362   0.8988311338  -2.9806485962
  -3.8956675521   1.0002374219  -3.6092045720
      
      
#  type   0  conf  1.0000
  -3.8956675521   1.0002374219  -3.6092045720
  -3.8884528306   0.9983849962  -3.8266980164
      
      
#  type   0  conf  1.0000
  -3.8884528306   0.9983849962  -3.8266980164
  -3.3723022925   0.8658600627  -4.3796198687
      
      
#  type   0  conf  1.0000
  -3.3723022925   0.8658600627  -4.3796198687
  -2.8787162764   0.7391287137  -4.5876701020
      
      
# 236  norm    -0.2562893731   -0.9666001020    0.0000000000
# nedges  11 
#  type   0  conf  1.0000
   2.6158267738  -0.6935739016  -4.5752031256
   3.1147336998  -0.8258566761  -4.3473388509
      
      
#  type   0  conf  1.0000
   3.1147336998  -0.8258566761  -4.3473388509
   3.6140362019  -0.9582443357  -3.8226784548
      
      
#  type   0  conf  1.0000
   3.6140362019  -0.9582443357  -3.8226784548
   3.6191169408  -0.9595914692  -3.6003143360
      
      
#  type   0  conf  1.0000
   3.6191169408  -0.9595914692  -3.6003143360
   3.1850177585  -0.8444921566  -2.9015627053
      
      
#  type   0  conf  1.0000
   3.1850177585  -0.8444921566  -2.9015627053
   0.3889137675  -0.1031186170  -1.1381783347
      
      
#  type   0  conf  1.0000
   0.3889137675  -0.1031186170  -1.1381783347
  -0.1280293266   0.0339463608  -0.8477990659
      
      
#  type   0  conf  1.0000
  -0.1280293266   0.0339463608  -0.8477990659
  -3.4985414729   0.9276214632  -2.9804577048
      
      
#  type   0  conf  1.0000
  -3.4985414729   0.9276214632  -2.9804577048
  -3.8912347702   1.0317422043  -3.6073876050
      
      
#  type   0  conf  1.0000
  -3.8912347702   1.0317422043  -3.6073876050
  -3.8861688046   1.0303989879  -3.8251289761
      
      
#  type   0  conf  1.0000
  -3.8861688046   1.0303989879  -3.8251289761
  -3.3715577597   0.8939523417  -4.3789930007
      
      
#  type   0  conf  1.0000
  -3.3715577597   0.8939523417  -4.3789930007
  -2.8796326128   0.7635207524  -4.5884696191
      
      
# 237  norm    -0.2638730500   -0.9645574185    0.0000000000
# nedges  13 
#  type   0  conf  1.0000
   2.6271436816  -0.7187051830  -4.5720823306
   3.1162297116  -0.8525039802  -4.3478475044
      
      
#  type   0  conf  1.0000
   3.1162297116  -0.8525039802  -4.3478475044
   3.6150122785  -0.9889554498  -3.8223184282
      
      
#  type   0  conf  1.0000
   3.6150122785  -0.9889554498  -3.8223184282
   3.6196945124  -0.9902363640  -3.6007346508
      
      
#  type   0  conf  1.0000
   3.6196945124  -0.9902363640  -3.6007346508
   3.1870932197  -0.8718900423  -2.9018621053
      
      
#  type   0  conf  1.0000
   3.1870932197  -0.8718900423  -2.9018621053
   0.3994261406  -0.1092706271  -1.1404782024
      
      
#  type   0  conf  1.0000
   0.3994261406  -0.1092706271  -1.1404782024
  -0.1270104716   0.0347461332  -0.8469289501
      
      
#  type   0  conf  1.0000
  -0.1270104716   0.0347461332  -0.8469289501
  -3.4861317313   0.9536977218  -2.9738836010
      
      
#  type   0  conf  1.0000
  -3.4861317313   0.9536977218  -2.9738836010
  -3.5087720575   0.9598914142  -3.0010689746
      
      
#  type   0  conf  1.0000
  -3.5087720575   0.9598914142  -3.0010689746
  -3.8879488637   1.0636224502  -3.6083966898
      
      
#  type   0  conf  1.0000
  -3.8879488637   1.0636224502  -3.6083966898
  -3.8813950656   1.0618295339  -3.8268499401
      
      
#  type   0  conf  1.0000
  -3.8813950656   1.0618295339  -3.8268499401
  -3.3759900117   0.9235663569  -4.3716874061
      
      
#  type   0  conf  1.0000
  -3.3759900117   0.9235663569  -4.3716874061
  -3.3539715163   0.9175427782  -4.3859661862
      
      
#  type   0  conf  1.0000
  -3.3539715163   0.9175427782  -4.3859661862
  -2.8759922019   0.7867824346  -4.5894896468
      
      
# 238  norm    -0.2714404499   -0.9624552365    0.0000000000
# nedges  15 
#  type   0  conf  1.0000
   2.6368663378  -0.7436732202  -4.5703357923
   3.1103149750  -0.8771995456  -4.3515812310
      
      
#  type   0  conf  1.0000
   3.1103149750  -0.8771995456  -4.3515812310
   3.1350500366  -0.8841755544  -4.3310703206
      
      
#  type   0  conf  1.0000
   3.1350500366  -0.8841755544  -4.3310703206
   3.6146525623  -1.0194374559  -3.8217346451
      
      
#  type   0  conf  1.0000
   3.6146525623  -1.0194374559  -3.8217346451
   3.6202567758  -1.0210180075  -3.6022402087
      
      
#  type   0  conf  1.0000
   3.6202567758  -1.0210180075  -3.6022402087
   3.1897514459  -0.8996029474  -2.9025159356
      
      
#  type   0  conf  1.0000
   3.1897514459  -0.8996029474  -2.9025159356
   0.4049898739  -0.1142189573  -1.1394993320
      
      
#  type   0  conf  1.0000
   0.4049898739  -0.1142189573  -1.1394993320
  -0.1109917387   0.0313029077  -0.8548357222
      
      
#  type   4  conf  0.0000
#  type   0  conf  1.0000
  -0.2383658368   0.0672261187  -0.9164565382
  -3.4812041872   0.9818011216  -2.9723355973
      
      
#  type   0  conf  1.0000
  -3.4812041872   0.9818011216  -2.9723355973
  -3.5076271214   0.9892531598  -3.0036580020
      
      
#  type   0  conf  1.0000
  -3.5076271214   0.9892531598  -3.0036580020
  -3.8842428247   1.0954697733  -3.6088806508
      
      
#  type   0  conf  1.0000
  -3.8842428247   1.0954697733  -3.6088806508
  -3.8779507604   1.0936952277  -3.8261666213
      
      
#  type   0  conf  1.0000
  -3.8779507604   1.0936952277  -3.8261666213
  -3.3821363879   0.9538611126  -4.3634563275
      
      
#  type   0  conf  1.0000
  -3.3821363879   0.9538611126  -4.3634563275
  -3.3570427404   0.9467839720  -4.3827206033
      
      
#  type   0  conf  1.0000
  -3.3570427404   0.9467839720  -4.3827206033
  -2.8765224923   0.8112632461  -4.5917908091
      
      
# 239  norm    -0.2789911060   -0.9602936857    0.0000000000
# nedges  12 
#  type   0  conf  1.0000
   2.6433488682  -0.7679638379  -4.5694502864
   3.1209839058  -0.9067296441  -4.3475575722
      
      
#  type   0  conf  1.0000
   3.1209839058  -0.9067296441  -4.3475575722
   3.6139951276  -1.0499626447  -3.8237660629
      
      
#  type   0  conf  1.0000
   3.6139951276  -1.0499626447  -3.8237660629
   3.6195103682  -1.0515649702  -3.6000889540
      
      
#  type   0  conf  1.0000
   3.6195103682  -1.0515649702  -3.6000889540
   3.1904094751  -0.9268996365  -2.9022537060
      
      
#  type   0  conf  1.0000
   3.1904094751  -0.9268996365  -2.9022537060
   0.4088739134  -0.1187888528  -1.1375157787
      
      
#  type   0  conf  1.0000
   0.4088739134  -0.1187888528  -1.1375157787
  -0.1177610691   0.0342127532  -0.8506635679
      
      
#  type   0  conf  1.0000
  -0.1177610691   0.0342127532  -0.8506635679
  -0.6225743817   0.1808745782  -1.1560270004
      
      
#  type   0  conf  1.0000
  -0.6225743817   0.1808745782  -1.1560270004
  -3.4910089330   1.0142318521  -2.9824702437
      
      
#  type   0  conf  1.0000
  -3.4910089330   1.0142318521  -2.9824702437
  -3.8789425247   1.1269369791  -3.6076697059
      
      
#  type   0  conf  1.0000
  -3.8789425247   1.1269369791  -3.6076697059
  -3.8739425349   1.1254843478  -3.8252965709
      
      
#  type   0  conf  1.0000
  -3.8739425349   1.1254843478  -3.8252965709
  -3.3640170898   0.9773373111  -4.3799119330
      
      
#  type   0  conf  1.0000
  -3.3640170898   0.9773373111  -4.3799119330
  -2.8813320979   0.8371043576  -4.5877654745
      
      
# 240  norm    -0.2865245527   -0.9580728995    0.0000000000
# nedges  13 
#  type   0  conf  1.0000
   2.6346861425  -0.7879382341  -4.5760884122
   3.1241020926  -0.9343046393  -4.3466296836
      
      
#  type   0  conf  1.0000
   3.1241020926  -0.9343046393  -4.3466296836
   3.6142682257  -1.0808953968  -3.8220104631
      
      
#  type   0  conf  1.0000
   3.6142682257  -1.0808953968  -3.8220104631
   3.6193837080  -1.0824252504  -3.6016468462
      
      
#  type   0  conf  1.0000
   3.6193837080  -1.0824252504  -3.6016468462
   3.1917323723  -0.9545303817  -2.9024522294
      
      
#  type   0  conf  1.0000
   3.1917323723  -0.9545303817  -2.9024522294
   0.4186049890  -0.1251894374  -1.1393528519
      
      
#  type   0  conf  1.0000
   0.4186049890  -0.1251894374  -1.1393528519
  -0.1151003194   0.0344222945  -0.8504792574
      
      
#  type   0  conf  1.0000
  -0.1151003194   0.0344222945  -0.8504792574
  -0.6281350091   0.1878522006  -1.1580978728
      
      
#  type   0  conf  1.0000
  -0.6281350091   0.1878522006  -1.1580978728
  -3.4872091069   1.0428966629  -2.9825300482
      
      
#  type   0  conf  1.0000
  -3.4872091069   1.0428966629  -2.9825300482
  -3.8738968811   1.1585408290  -3.6075312401
      
      
#  type   0  conf  1.0000
  -3.8738968811   1.1585408290  -3.6075312401
  -3.8682265578   1.1568450427  -3.8264441200
      
      
#  type   0  conf  1.0000
  -3.8682265578   1.1568450427  -3.8264441200
  -3.3684169743   1.0073702821  -4.3721878352
      
      
#  type   0  conf  1.0000
  -3.3684169743   1.0073702821  -4.3721878352
  -3.3491262328   1.0016011270  -4.3841842343
      
      
#  type   0  conf  1.0000
  -3.3491262328   1.0016011270  -4.3841842343
  -2.8773172721   0.8605003282  -4.5913317729
      
      
# 241  norm    -0.2940403252   -0.9557930148   -0.0000000000
# nedges  13 
#  type   0  conf  1.0000
   2.6555107493  -0.8169417774  -4.5677429940
   3.1015276695  -0.9541544984  -4.3580120369
      
      
#  type   0  conf  1.0000
   3.1015276695  -0.9541544984  -4.3580120369
   3.1374911832  -0.9652183199  -4.3330117194
      
      
#  type   0  conf  1.0000
   3.1374911832  -0.9652183199  -4.3330117194
   3.6127641391  -1.1114313727  -3.8217215786
      
      
#  type   0  conf  1.0000
   3.6127641391  -1.1114313727  -3.8217215786
   3.6177769623  -1.1129735185  -3.6000931557
      
      
#  type   0  conf  1.0000
   3.6177769623  -1.1129735185  -3.6000931557
   3.1916239705  -0.9818717398  -2.9022440048
      
      
#  type   0  conf  1.0000
   3.1916239705  -0.9818717398  -2.9022440048
   0.4248964062  -0.1307152025  -1.1390041100
      
      
#  type   0  conf  1.0000
   0.4248964062  -0.1307152025  -1.1390041100
  -0.1130508621   0.0347789864  -0.8506417557
      
      
#  type   0  conf  1.0000
  -0.1130508621   0.0347789864  -0.8506417557
  -0.6280644316   0.1932178483  -1.1565467748
      
      
#  type   0  conf  1.0000
  -0.6280644316   0.1932178483  -1.1565467748
  -3.4833131620   1.0716070521  -2.9828224367
      
      
#  type   0  conf  1.0000
  -3.4833131620   1.0716070521  -2.9828224367
  -3.8687701008   1.1901890902  -3.6083342875
      
      
#  type   0  conf  1.0000
  -3.8687701008   1.1901890902  -3.6083342875
  -3.8628382818   1.1883642244  -3.8267000181
      
      
#  type   0  conf  1.0000
  -3.8628382818   1.1883642244  -3.8267000181
  -3.3567679423   1.0326766593  -4.3803839574
      
      
#  type   0  conf  1.0000
  -3.3567679423   1.0326766593  -4.3803839574
  -2.8809110720   0.8862839710  -4.5880380193
      
      
# 242  norm    -0.3015379599   -0.9534541723    0.0000000000
# nedges  12 
#  type   0  conf  1.0000
   2.6489105442  -0.8377404020  -4.5733276371
   3.1251754673  -0.9883632189  -4.3461390095
      
      
#  type   0  conf  1.0000
   3.1251754673  -0.9883632189  -4.3461390095
   3.6110892141  -1.1420375582  -3.8219286665
      
      
#  type   0  conf  1.0000
   3.6110892141  -1.1420375582  -3.8219286665
   3.6153689453  -1.1433910594  -3.5999477603
      
      
#  type   0  conf  1.0000
   3.6153689453  -1.1433910594  -3.5999477603
   3.1908584269  -1.0091360114  -2.9022352836
      
      
#  type   0  conf  1.0000
   3.1908584269  -1.0091360114  -2.9022352836
   0.4313785981  -0.1364271364  -1.1394730658
      
      
#  type   0  conf  1.0000
   0.4313785981  -0.1364271364  -1.1394730658
  -0.1109619675   0.0350926623  -0.8506097236
      
      
#  type   0  conf  1.0000
  -0.1109619675   0.0350926623  -0.8506097236
  -0.6351059175   0.2008576272  -1.1596400877
      
      
#  type   0  conf  1.0000
  -0.6351059175   0.2008576272  -1.1596400877
  -3.4782032709   1.1000112528  -2.9830840925
      
      
#  type   0  conf  1.0000
  -3.4782032709   1.1000112528  -2.9830840925
  -3.8619567552   1.2213765435  -3.6078041738
      
      
#  type   0  conf  1.0000
  -3.8619567552   1.2213765435  -3.6078041738
  -3.8569763639   1.2198014525  -3.8247902001
      
      
#  type   0  conf  1.0000
  -3.8569763639   1.2198014525  -3.8247902001
  -3.3552598687   1.0611293602  -4.3785570005
      
      
#  type   0  conf  1.0000
  -3.3552598687   1.0611293602  -4.3785570005
  -2.8794009071   0.9106349320  -4.5889341217
      
      
# 243  norm    -0.3090169944   -0.9510565163    0.0000000000
# nedges  14 
#  type   0  conf  1.0000
   2.6543356664  -0.8624459384  -4.5712707662
   3.1101981004  -1.0105646220  -4.3539226337
      
      
#  type   0  conf  1.0000
   3.1101981004  -1.0105646220  -4.3539226337
   3.1349691005  -1.0186132078  -4.3361662281
      
      
#  type   0  conf  1.0000
   3.1349691005  -1.0186132078  -4.3361662281
   3.6080181913  -1.1723161747  -3.8215446473
      
      
#  type   0  conf  1.0000
   3.6080181913  -1.1723161747  -3.8215446473
   3.6133247097  -1.1740403671  -3.6019601026
      
      
#  type   0  conf  1.0000
   3.6133247097  -1.1740403671  -3.6019601026
   3.2034192280  -1.0408540025  -2.9230232508
      
      
#  type   0  conf  1.0000
   3.2034192280  -1.0408540025  -2.9230232508
   3.1827499653  -1.0341381519  -2.8974391559
      
      
#  type   0  conf  1.0000
   3.1827499653  -1.0341381519  -2.8974391559
   0.4380364681  -0.1423266762  -1.1395824139
      
      
#  type   0  conf  1.0000
   0.4380364681  -0.1423266762  -1.1395824139
  -0.1084867528   0.0352494828  -0.8506626748
      
      
#  type   0  conf  1.0000
  -0.1084867528   0.0352494828  -0.8506626748
  -0.6325531916   0.2055289909  -1.1564708460
      
      
#  type   0  conf  1.0000
  -0.6325531916   0.2055289909  -1.1564708460
  -3.4733503622   1.1285599446  -2.9832399465
      
      
#  type   0  conf  1.0000
  -3.4733503622   1.1285599446  -2.9832399465
  -3.8549158925   1.2525381008  -3.6071703818
      
      
#  type   0  conf  1.0000
  -3.8549158925   1.2525381008  -3.6071703818
  -3.8504565442   1.2510891707  -3.8254898292
      
      
#  type   0  conf  1.0000
  -3.8504565442   1.2510891707  -3.8254898292
  -3.3501989358   1.0885456206  -4.3791510200
      
      
#  type   0  conf  1.0000
  -3.3501989358   1.0885456206  -4.3791510200
  -2.8783423300   0.9352301155  -4.5886664665
      
      
# 244  norm    -0.3164769672   -0.9486001946   -0.0000000000
# nedges  12 
#  type   0  conf  1.0000
   2.6598466355  -0.8873919710  -4.5696894753
   3.1238025116  -1.0421793613  -4.3473005804
      
      
#  type   0  conf  1.0000
   3.1238025116  -1.0421793613  -4.3473005804
   3.6057974503  -1.2029850382  -3.8213488270
      
      
#  type   0  conf  1.0000
   3.6057974503  -1.2029850382  -3.8213488270
   3.6099518752  -1.2043710592  -3.5995073292
      
      
#  type   0  conf  1.0000
   3.6099518752  -1.2043710592  -3.5995073292
   3.1892646549  -1.0640191845  -2.9025174876
      
      
#  type   0  conf  1.0000
   3.1892646549  -1.0640191845  -2.9025174876
   0.4439980333  -0.1481289502  -1.1394253633
      
      
#  type   0  conf  1.0000
   0.4439980333  -0.1481289502  -1.1394253633
  -0.1071753111   0.0357563889  -0.8507823235
      
      
#  type   0  conf  1.0000
  -0.1071753111   0.0357563889  -0.8507823235
  -0.6381779149   0.2129122597  -1.1586999282
      
      
#  type   0  conf  1.0000
  -0.6381779149   0.2129122597  -1.1586999282
  -3.4676494421   1.1568953758  -2.9833289401
      
      
#  type   0  conf  1.0000
  -3.4676494421   1.1568953758  -2.9833289401
  -3.8482904532   1.2838868244  -3.6080663793
      
      
#  type   0  conf  1.0000
  -3.8482904532   1.2838868244  -3.6080663793
  -3.8424432040   1.2819360344  -3.8267843056
      
      
#  type   0  conf  1.0000
  -3.8424432040   1.2819360344  -3.8267843056
  -3.3457563414   1.1162287609  -4.3785792635
      
      
#  type   0  conf  1.0000
  -3.3457563414   1.1162287609  -4.3785792635
  -2.8766524918   0.9597238767  -4.5890003320
      
      
# 245  norm    -0.3239174182   -0.9460853588    0.0000000000
# nedges  13 
#  type   0  conf  1.0000
   2.6652413849  -0.9125160856  -4.5686435044
   3.1244486960  -1.0697378894  -4.3459711219
      
      
#  type   0  conf  1.0000
   3.1244486960  -1.0697378894  -4.3459711219
   3.6017053974  -1.2331393806  -3.8222439112
      
      
#  type   0  conf  1.0000
   3.6017053974  -1.2331393806  -3.8222439112
   3.6069206244  -1.2349249520  -3.6017379126
      
      
#  type   0  conf  1.0000
   3.6069206244  -1.2349249520  -3.6017379126
   3.2006516991  -1.0958280088  -2.9234291024
      
      
#  type   0  conf  1.0000
   3.2006516991  -1.0958280088  -2.9234291024
   3.1793286386  -1.0885274934  -2.8971618959
      
      
#  type   0  conf  1.0000
   3.1793286386  -1.0885274934  -2.8971618959
   0.4482368734  -0.1534657834  -1.1382839720
      
      
#  type   0  conf  1.0000
   0.4482368734  -0.1534657834  -1.1382839720
  -0.1051379390   0.0359967623  -0.8509403851
      
      
#  type   0  conf  1.0000
  -0.1051379390   0.0359967623  -0.8509403851
  -0.6369768232   0.2180859117  -1.1566893087
      
      
#  type   0  conf  1.0000
  -0.6369768232   0.2180859117  -1.1566893087
  -3.4613719912   1.1850925166  -2.9832375417
      
      
#  type   0  conf  1.0000
  -3.4613719912   1.1850925166  -2.9832375417
  -3.8410347841   1.3150801446  -3.6089601325
      
      
#  type   0  conf  1.0000
  -3.8410347841   1.3150801446  -3.6089601325
  -3.8348680651   1.3129688047  -3.8267219014
      
      
#  type   0  conf  1.0000
  -3.8348680651   1.3129688047  -3.8267219014
  -3.3389502942   1.1431782013  -4.3799669303
      
      
#  type   0  conf  1.0000
  -3.3389502942   1.1431782013  -4.3799669303
  -2.8739001637   0.9839559533  -4.5884337204
      
      
# 246  norm    -0.3313378885   -0.9435121640   -0.0000000000
# nedges  13 
#  type   0  conf  1.0000
   2.6697659418  -0.9375550667  -4.5669073822
   3.1233277617  -1.0968346408  -4.3463987174
      
      
#  type   0  conf  1.0000
   3.1233277617  -1.0968346408  -4.3463987174
   3.5989259102  -1.2638528228  -3.8208840612
      
      
#  type   0  conf  1.0000
   3.5989259102  -1.2638528228  -3.8208840612
   3.6027985551  -1.2652127988  -3.5990268217
      
      
#  type   0  conf  1.0000
   3.6027985551  -1.2652127988  -3.5990268217
   3.1856362985  -1.1187158415  -2.9022791985
      
      
#  type   0  conf  1.0000
   3.1856362985  -1.1187158415  -2.9022791985
   0.4572493912  -0.1605745570  -1.1400724349
      
      
#  type   0  conf  1.0000
   0.4572493912  -0.1605745570  -1.1400724349
  -0.1026517515   0.0360487293  -0.8506698941
      
      
#  type   0  conf  1.0000
  -0.1026517515   0.0360487293  -0.8506698941
  -0.6421054194   0.2254913736  -1.1585383087
      
      
#  type   0  conf  1.0000
  -0.6421054194   0.2254913736  -1.1585383087
  -3.4549048142   1.2132762137  -2.9833131755
      
      
#  type   0  conf  1.0000
  -3.4549048142   1.2132762137  -2.9833131755
  -3.8321984295   1.3457723008  -3.6074244957
      
      
#  type   0  conf  1.0000
  -3.8321984295   1.3457723008  -3.6074244957
  -3.8280690091   1.3443221516  -3.8241508625
      
      
#  type   0  conf  1.0000
  -3.8280690091   1.3443221516  -3.8241508625
  -3.3526673380   1.1773729676  -4.3590427304
      
      
#  type   0  conf  1.0000
  -3.3526673380   1.1773729676  -4.3590427304
  -3.3279827598   1.1687043607  -4.3820254345
      
      
#  type   0  conf  1.0000
  -3.3279827598   1.1687043607  -4.3820254345
  -2.8716521651   1.0084524621  -4.5890600339
      
      
# 247  norm    -0.3387379202   -0.9408807690    0.0000000000
# nedges  14 
#  type   0  conf  1.0000
   2.6867884225  -0.9673033528  -4.5602153884
   3.1212039319  -1.1237025598  -4.3464352265
      
      
#  type   0  conf  1.0000
   3.1212039319  -1.1237025598  -4.3464352265
   3.5938779158  -1.2938756652  -3.8225141550
      
      
#  type   0  conf  1.0000
   3.5938779158  -1.2938756652  -3.8225141550
   3.5995758591  -1.2959270510  -3.6020428596
      
      
#  type   0  conf  1.0000
   3.5995758591  -1.2959270510  -3.6020428596
   3.1964047060  -1.1507765044  -2.9231010700
      
      
#  type   0  conf  1.0000
   3.1964047060  -1.1507765044  -2.9231010700
   3.1754952211  -1.1432486266  -2.8971667836
      
      
#  type   0  conf  1.0000
   3.1754952211  -1.1432486266  -2.8971667836
   0.4623112216  -0.1664422814  -1.1393471944
      
      
#  type   0  conf  1.0000
   0.4623112216  -0.1664422814  -1.1393471944
  -0.1005731166   0.0362085500  -0.8507338988
      
      
#  type   0  conf  1.0000
  -0.1005731166   0.0362085500  -0.8507338988
  -0.6432326353   0.2315779983  -1.1580603037
      
      
#  type   0  conf  1.0000
  -0.6432326353   0.2315779983  -1.1580603037
  -3.4477595962   1.2412698332  -2.9830351688
      
      
#  type   0  conf  1.0000
  -3.4477595962   1.2412698332  -2.9830351688
  -3.8236569119   1.3766011941  -3.6072960196
      
      
#  type   0  conf  1.0000
  -3.8236569119   1.3766011941  -3.6072960196
  -3.8195585282   1.3751256852  -3.8245655897
      
      
#  type   0  conf  1.0000
  -3.8195585282   1.3751256852  -3.8245655897
  -3.3326647829   1.1998331507  -4.3744760332
      
      
#  type   0  conf  1.0000
  -3.3326647829   1.1998331507  -4.3744760332
  -3.3181496995   1.1946073991  -4.3830587379
      
      
#  type   0  conf  1.0000
  -3.3181496995   1.1946073991  -4.3830587379
  -2.8627294366   1.0306460155  -4.5935633275
      
      
# 248  norm    -0.3461170571   -0.9381913359    0.0000000000
# nedges  14 
#  type   0  conf  1.0000
   2.6914025657  -0.9929108272  -4.5581681990
   3.1198595753  -1.1509769632  -4.3462899014
      
      
#  type   0  conf  1.0000
   3.1198595753  -1.1509769632  -4.3462899014
   3.5900682469  -1.3244461004  -3.8219026360
      
      
#  type   0  conf  1.0000
   3.5900682469  -1.3244461004  -3.8219026360
   3.5945654331  -1.3261052000  -3.6013353207
      
      
#  type   0  conf  1.0000
   3.5945654331  -1.3261052000  -3.6013353207
   3.1938739964  -1.1782823247  -2.9232512691
      
      
#  type   0  conf  1.0000
   3.1938739964  -1.1782823247  -2.9232512691
   3.1731299257  -1.1706294330  -2.8973875697
      
      
#  type   0  conf  1.0000
   3.1731299257  -1.1706294330  -2.8973875697
   0.4686512569  -0.1728945766  -1.1394540527
      
      
#  type   0  conf  1.0000
   0.4686512569  -0.1728945766  -1.1394540527
  -0.0986359770   0.0363887331  -0.8506869244
      
      
#  type   0  conf  1.0000
  -0.0986359770   0.0363887331  -0.8506869244
  -0.6465581015   0.2385278767  -1.1589743444
      
      
#  type   0  conf  1.0000
  -0.6465581015   0.2385278767  -1.1589743444
  -3.4405494124   1.2692856902  -2.9832169572
      
      
#  type   0  conf  1.0000
  -3.4405494124   1.2692856902  -2.9832169572
  -3.8142770899   1.4071611096  -3.6068511546
      
      
#  type   0  conf  1.0000
  -3.8142770899   1.4071611096  -3.6068511546
  -3.8103015168   1.4056944432  -3.8249790212
      
      
#  type   0  conf  1.0000
  -3.8103015168   1.4056944432  -3.8249790212
  -3.5658353100   1.3155060980  -4.1025498385
      
      
#  type   0  conf  1.0000
  -3.5658353100   1.3155060980  -4.1025498385
  -3.3216186299   1.2254098081  -4.3785200172
      
      
#  type   0  conf  1.0000
  -3.3216186299   1.2254098081  -4.3785200172
  -2.8606288053   1.0553416830  -4.5927082735
      
      
# 249  norm    -0.3534748438   -0.9354440308   -0.0000000000
# nedges  13 
#  type   0  conf  1.0000
   2.6953624796  -1.0184926089  -4.5559944860
   3.1164510422  -1.1776087173  -4.3471504753
      
      
#  type   0  conf  1.0000
   3.1164510422  -1.1776087173  -4.3471504753
   3.5846228358  -1.3545160963  -3.8220623596
      
      
#  type   0  conf  1.0000
   3.5846228358  -1.3545160963  -3.8220623596
   3.5892056877  -1.3562478117  -3.5991415545
      
      
#  type   0  conf  1.0000
   3.5892056877  -1.3562478117  -3.5991415545
   3.1782597242  -1.2009642720  -2.9027222472
      
      
#  type   0  conf  1.0000
   3.1782597242  -1.2009642720  -2.9027222472
   0.4755961237  -0.1797127995  -1.1401577638
      
      
#  type   0  conf  1.0000
   0.4755961237  -0.1797127995  -1.1401577638
  -0.0962235364   0.0363598445  -0.8507139264
      
      
#  type   0  conf  1.0000
  -0.0962235364   0.0363598445  -0.8507139264
  -0.6456990530   0.2439893402  -1.1573352150
      
      
#  type   0  conf  1.0000
  -0.6456990530   0.2439893402  -1.1573352150
  -3.4325617648   1.2970570057  -2.9830130086
      
      
#  type   0  conf  1.0000
  -3.4325617648   1.2970570057  -2.9830130086
  -3.8048576990   1.4377359162  -3.6069955822
      
      
#  type   0  conf  1.0000
  -3.8048576990   1.4377359162  -3.6069955822
  -3.8006097177   1.4361307379  -3.8259637046
      
      
#  type   0  conf  1.0000
  -3.8006097177   1.4361307379  -3.8259637046
  -3.3188831201   1.2541014254  -4.3745417921
      
      
#  type   0  conf  1.0000
  -3.3188831201   1.2541014254  -4.3745417921
  -3.2986946000   1.2464728193  -4.3864779969
      
      
#  type   0  conf  1.0000
  -3.2986946000   1.2464728193  -4.3864779969
  -2.8564510132   1.0793628933  -4.5928279736
      
      
# 250  norm    -0.3608108265   -0.9326390231    0.0000000000
# nedges  13 
#  type   0  conf  1.0000
   2.6970886246  -1.0434248960  -4.5551555073
   3.1136777035  -1.2045910559  -4.3469200468
      
      
#  type   0  conf  1.0000
   3.1136777035  -1.2045910559  -4.3469200468
   3.5789919710  -1.3846075695  -3.8217074085
      
      
#  type   0  conf  1.0000
   3.5789919710  -1.3846075695  -3.8217074085
   3.5836457889  -1.3864079958  -3.6007079587
      
      
#  type   0  conf  1.0000
   3.5836457889  -1.3864079958  -3.6007079587
   3.1746476172  -1.2281785365  -2.9032085607
      
      
#  type   0  conf  1.0000
   3.1746476172  -1.2281785365  -2.9032085607
   0.4795509834  -0.1855242836  -1.1392882351
      
      
#  type   0  conf  1.0000
   0.4795509834  -0.1855242836  -1.1392882351
  -0.0950284366   0.0367637295  -0.8507226118
      
      
#  type   0  conf  1.0000
  -0.0950284366   0.0367637295  -0.8507226118
  -0.6488240042   0.2510110765  -1.1585942637
      
      
#  type   0  conf  1.0000
  -0.6488240042   0.2510110765  -1.1585942637
  -3.4242209640   1.3247311826  -2.9830982070
      
      
#  type   0  conf  1.0000
  -3.4242209640   1.3247311826  -2.9830982070
  -3.7945251656   1.4679910739  -3.6070436022
      
      
#  type   0  conf  1.0000
  -3.7945251656   1.4679910739  -3.6070436022
  -3.7901117387   1.4662836478  -3.8263458721
      
      
#  type   0  conf  1.0000
  -3.7901117387   1.4662836478  -3.8263458721
  -3.3136231598   1.2819441191  -4.3715943637
      
      
#  type   0  conf  1.0000
  -3.3136231598   1.2819441191  -4.3715943637
  -3.2905193901   1.2730059447  -4.3864847930
      
      
#  type   0  conf  1.0000
  -3.2905193901   1.2730059447  -4.3864847930
  -2.8521137454   1.1033995921  -4.5933635563
      
      
# 251  norm    -0.3681245527   -0.9297764859    0.0000000000
# nedges  13 
#  type   0  conf  1.0000
   2.7033504223  -1.0703321498  -4.5519683406
   3.1102693041  -1.2314427324  -4.3468519409
      
      
#  type   0  conf  1.0000
   3.1102693041  -1.2314427324  -4.3468519409
   3.5723759490  -1.4144036962  -3.8222143155
      
      
#  type   0  conf  1.0000
   3.5723759490  -1.4144036962  -3.8222143155
   3.5767765826  -1.4161460303  -3.5985695290
      
      
#  type   0  conf  1.0000
   3.5767765826  -1.4161460303  -3.5985695290
   3.1700150605  -1.2550977508  -2.9027295927
      
      
#  type   0  conf  1.0000
   3.1700150605  -1.2550977508  -2.9027295927
   0.4855111602  -0.1922274669  -1.1396234747
      
      
#  type   0  conf  1.0000
   0.4855111602  -0.1922274669  -1.1396234747
  -0.0924722617   0.0366123584  -0.8507288292
      
      
#  type   0  conf  1.0000
  -0.0924722617   0.0366123584  -0.8507288292
  -0.6500502309   0.2573730936  -1.1582683391
      
      
#  type   0  conf  1.0000
  -0.6500502309   0.2573730936  -1.1582683391
  -3.4157715558   1.3523996306  -2.9834004275
      
      
#  type   0  conf  1.0000
  -3.4157715558   1.3523996306  -2.9834004275
  -3.7845712726   1.4984177681  -3.6079028525
      
      
#  type   0  conf  1.0000
  -3.7845712726   1.4984177681  -3.6079028525
  -3.7797195257   1.4964968256  -3.8266384095
      
      
#  type   0  conf  1.0000
  -3.7797195257   1.4964968256  -3.8266384095
  -3.3031518323   1.3078103277  -4.3743959301
      
      
#  type   0  conf  1.0000
  -3.3031518323   1.3078103277  -4.3743959301
  -3.2790256372   1.2982580913  -4.3886676201
      
      
#  type   0  conf  1.0000
  -3.2790256372   1.2982580913  -4.3886676201
  -2.8478321190   1.1275365003  -4.5930613039
      
      
# 252  norm    -0.3754155712   -0.9268565956    0.0000000000
# nedges  13 
#  type   0  conf  1.0000
   2.6942692609  -1.0912914019  -4.5563022690
   3.1074264011  -1.2586372724  -4.3461159499
      
      
#  type   0  conf  1.0000
   3.1074264011  -1.2586372724  -4.3461159499
   3.5656545528  -1.4442387819  -3.8218333685
      
      
#  type   0  conf  1.0000
   3.5656545528  -1.4442387819  -3.8218333685
   3.5709915667  -1.4464004951  -3.6009914672
      
      
#  type   0  conf  1.0000
   3.5709915667  -1.4464004951  -3.6009914672
   3.1658984241  -1.2823208800  -2.9030961136
      
      
#  type   0  conf  1.0000
   3.1658984241  -1.2823208800  -2.9030961136
   0.4901921950  -0.1985482800  -1.1391925103
      
      
#  type   0  conf  1.0000
   0.4901921950  -0.1985482800  -1.1391925103
  -0.0905740064   0.0366862495  -0.8506900028
      
      
#  type   0  conf  1.0000
  -0.0905740064   0.0366862495  -0.8506900028
  -0.6514559844   0.2638668395  -1.1583654113
      
      
#  type   0  conf  1.0000
  -0.6514559844   0.2638668395  -1.1583654113
  -3.4065047442   1.3797764729  -2.9832769916
      
      
#  type   0  conf  1.0000
  -3.4065047442   1.3797764729  -2.9832769916
  -3.7734848946   1.5284187369  -3.6078117163
      
      
#  type   0  conf  1.0000
  -3.7734848946   1.5284187369  -3.6078117163
  -3.7688923795   1.5265585768  -3.8263049449
      
      
#  type   0  conf  1.0000
  -3.7688923795   1.5265585768  -3.8263049449
  -3.3051234668   1.3387128280  -4.3634179302
      
      
#  type   0  conf  1.0000
  -3.3051234668   1.3387128280  -4.3634179302
  -3.2809903754   1.3289379196  -4.3834813068
      
      
#  type   0  conf  1.0000
  -3.2809903754   1.3289379196  -4.3834813068
  -2.8427705777   1.1514406277  -4.5934899203
      
      
# 253  norm    -0.3826834324   -0.9238795325    0.0000000000
# nedges  13 
#  type   0  conf  1.0000
   2.6975815794  -1.1173748758  -4.5540329767
   3.1032850888  -1.2854227717  -4.3461266156
      
      
#  type   0  conf  1.0000
   3.1032850888  -1.2854227717  -4.3461266156
   3.5593473261  -1.4743299357  -3.8204050370
      
      
#  type   0  conf  1.0000
   3.5593473261  -1.4743299357  -3.8204050370
   3.5630478209  -1.4758627308  -3.5986054596
      
      
#  type   0  conf  1.0000
   3.5630478209  -1.4758627308  -3.5986054596
   3.1604964423  -1.3091204902  -2.9029149791
      
      
#  type   0  conf  1.0000
   3.1604964423  -1.3091204902  -2.9029149791
   0.4963737039  -0.2056047201  -1.1397800598
      
      
#  type   0  conf  1.0000
   0.4963737039  -0.2056047201  -1.1397800598
  -0.0886073732   0.0367023757  -0.8506607015
      
      
#  type   0  conf  1.0000
  -0.0886073732   0.0367023757  -0.8506607015
  -0.6524569334   0.2702565107  -1.1583670665
      
      
#  type   0  conf  1.0000
  -0.6524569334   0.2702565107  -1.1583670665
  -3.3965781471   1.4069087342  -2.9829834841
      
      
#  type   0  conf  1.0000
  -3.3965781471   1.4069087342  -2.9829834841
  -3.7620479770   1.5582912944  -3.6078319976
      
      
#  type   0  conf  1.0000
  -3.7620479770   1.5582912944  -3.6078319976
  -3.7575968447   1.5564475750  -3.8257062004
      
      
#  type   0  conf  1.0000
  -3.7575968447   1.5564475750  -3.8257062004
  -3.2868286851   1.3614490186  -4.3744347219
      
      
#  type   0  conf  1.0000
  -3.2868286851   1.3614490186  -4.3744347219
  -3.2678385370   1.3535830417  -4.3860534698
      
      
#  type   0  conf  1.0000
  -3.2678385370   1.3535830417  -4.3860534698
  -2.8373108083   1.1752526175  -4.5933580762
      
      
# 254  norm    -0.3899276878   -0.9208454801   -0.0000000000
# nedges  13 
#  type   0  conf  1.0000
   2.6987527358  -1.1427741536  -4.5531050847
   3.0990263981  -1.3122681534  -4.3458387933
      
      
#  type   0  conf  1.0000
   3.0990263981  -1.3122681534  -4.3458387933
   3.5517326972  -1.5039645067  -3.8210471294
      
      
#  type   0  conf  1.0000
   3.5517326972  -1.5039645067  -3.8210471294
   3.5548709708  -1.5052933939  -3.5972240792
      
      
#  type   0  conf  1.0000
   3.5548709708  -1.5052933939  -3.5972240792
   3.1555937969  -1.3362213524  -2.9032699775
      
      
#  type   0  conf  1.0000
   3.1555937969  -1.3362213524  -2.9032699775
   0.5027118532  -0.2128709700  -1.1402740343
      
      
#  type   0  conf  1.0000
   0.5027118532  -0.2128709700  -1.1402740343
  -0.0860369613   0.0364319466  -0.8507574716
      
      
#  type   0  conf  1.0000
  -0.0860369613   0.0364319466  -0.8507574716
  -0.6522769297   0.2762035982  -1.1573176632
      
      
#  type   0  conf  1.0000
  -0.6522769297   0.2762035982  -1.1573176632
  -3.3869345295   1.4341814976  -2.9832613565
      
      
#  type   0  conf  1.0000
  -3.3869345295   1.4341814976  -2.9832613565
  -3.7503407419   1.5880641492  -3.6082671986
      
      
#  type   0  conf  1.0000
  -3.7503407419   1.5880641492  -3.6082671986
  -3.7458393282   1.5861580467  -3.8262121092
      
      
#  type   0  conf  1.0000
  -3.7458393282   1.5861580467  -3.8262121092
  -3.2799429806   1.3888764294  -4.3715296936
      
      
#  type   0  conf  1.0000
  -3.2799429806   1.3888764294  -4.3715296936
  -3.2610500645   1.3808763130  -4.3851723342
      
      
#  type   0  conf  1.0000
  -3.2610500645   1.3808763130  -4.3851723342
  -2.8325711191   1.1994389187  -4.5930413353
      
      
# 255  norm    -0.3971478906   -0.9177546257    0.0000000000
# nedges  13 
#  type   0  conf  1.0000
   2.7030880441  -1.1697306501  -4.5498373118
   3.0937177051  -1.3387711992  -4.3461345781
      
      
#  type   0  conf  1.0000
   3.0937177051  -1.3387711992  -4.3461345781
   3.5434735264  -1.5333979226  -3.8216111067
      
      
#  type   0  conf  1.0000
   3.5434735264  -1.5333979226  -3.8216111067
   3.5485483394  -1.5355939904  -3.6007387993
      
      
#  type   0  conf  1.0000
   3.5485483394  -1.5355939904  -3.6007387993
   3.1500385061  -1.3631433861  -2.9032217349
      
      
#  type   0  conf  1.0000
   3.1500385061  -1.3631433861  -2.9032217349
   0.5067447240  -0.2192880238  -1.1394639306
      
      
#  type   0  conf  1.0000
   0.5067447240  -0.2192880238  -1.1394639306
  -0.0847169958   0.0366603177  -0.8506369338
      
      
#  type   0  conf  1.0000
  -0.0847169958   0.0366603177  -0.8506369338
  -0.6556249981   0.2837142715  -1.1588246156
      
      
#  type   0  conf  1.0000
  -0.6556249981   0.2837142715  -1.1588246156
  -3.3762910693   1.4610516132  -2.9830220220
      
      
#  type   0  conf  1.0000
  -3.3762910693   1.4610516132  -2.9830220220
  -3.7380239693   1.6175874172  -3.6083612430
      
      
#  type   0  conf  1.0000
  -3.7380239693   1.6175874172  -3.6083612430
  -3.7335375844   1.6156459850  -3.8262632928
      
      
#  type   0  conf  1.0000
  -3.7335375844   1.6156459850  -3.8262632928
  -3.2965316469   1.4265366290  -4.3411126140
      
      
#  type   0  conf  1.0000
  -3.2965316469   1.4265366290  -4.3411126140
  -3.2608456716   1.4110939285  -4.3803237789
      
      
#  type   0  conf  1.0000
  -3.2608456716   1.4110939285  -4.3803237789
  -2.8266828064   1.2232148797  -4.5935766037
      
      
# 256  norm    -0.4043435955   -0.9146071598    0.0000000000
# nedges  14 
#  type   0  conf  1.0000
   2.7010665996  -1.1941290520  -4.5498699236
   3.0892683583  -1.3657512541  -4.3456982475
      
      
#  type   0  conf  1.0000
   3.0892683583  -1.3657512541  -4.3456982475
   3.5357661157  -1.5631458478  -3.8204336940
      
      
#  type   0  conf  1.0000
   3.5357661157  -1.5631458478  -3.8204336940
   3.5392191041  -1.5646723980  -3.5981166867
      
      
#  type   0  conf  1.0000
   3.5392191041  -1.5646723980  -3.5981166867
   3.1440494761  -1.3899697330  -2.9035550964
      
      
#  type   0  conf  1.0000
   3.1440494761  -1.3899697330  -2.9035550964
   0.5534425914  -0.2446744101  -1.1670710952
      
      
#  type   0  conf  1.0000
   0.5534425914  -0.2446744101  -1.1670710952
   0.5079011928  -0.2245407684  -1.1375603696
      
      
#  type   0  conf  1.0000
   0.5079011928  -0.2245407684  -1.1375603696
  -0.0824373068   0.0364451521  -0.8505118073
      
      
#  type   0  conf  1.0000
  -0.0824373068   0.0364451521  -0.8505118073
  -0.6574698699   0.2906643889  -1.1593179856
      
      
#  type   0  conf  1.0000
  -0.6574698699   0.2906643889  -1.1593179856
  -3.3656787821   1.4879510242  -2.9833063921
      
      
#  type   0  conf  1.0000
  -3.3656787821   1.4879510242  -2.9833063921
  -3.7252420778   1.6469122943  -3.6086279071
      
      
#  type   0  conf  1.0000
  -3.7252420778   1.6469122943  -3.6086279071
  -3.7203562565   1.6447522953  -3.8265867376
      
      
#  type   0  conf  1.0000
  -3.7203562565   1.6447522953  -3.8265867376
  -3.2697056062   1.4455217270  -4.3610805668
      
      
#  type   0  conf  1.0000
  -3.2697056062   1.4455217270  -4.3610805668
  -3.2498866455   1.4367598561  -4.3812472202
      
      
#  type   0  conf  1.0000
  -3.2498866455   1.4367598561  -4.3812472202
  -2.8200641905   1.2467373366  -4.5937463056
      
      
# 257  norm    -0.4115143586   -0.9114032766   -0.0000000000
# nedges  13 
#  type   0  conf  1.0000
   2.6946420606  -1.2166775429  -4.5520066153
   3.0829633345  -1.3920113211  -4.3460176212
      
      
#  type   0  conf  1.0000
   3.0829633345  -1.3920113211  -4.3460176212
   3.5261792867  -1.5921309970  -3.8213853649
      
      
#  type   0  conf  1.0000
   3.5261792867  -1.5921309970  -3.8213853649
   3.5304357999  -1.5940528864  -3.5981630700
      
      
#  type   0  conf  1.0000
   3.5304357999  -1.5940528864  -3.5981630700
   3.1370150363  -1.4164166003  -2.9029611057
      
      
#  type   0  conf  1.0000
   3.1370150363  -1.4164166003  -2.9029611057
   0.5172096775  -0.2335291239  -1.1396007510
      
      
#  type   0  conf  1.0000
   0.5172096775  -0.2335291239  -1.1396007510
  -0.0805149364   0.0363538877  -0.8504908983
      
      
#  type   0  conf  1.0000
  -0.0805149364   0.0363538877  -0.8504908983
  -0.6578846298   0.2970463004  -1.1590026692
      
      
#  type   0  conf  1.0000
  -0.6578846298   0.2970463004  -1.1590026692
  -3.3541182614   1.5144424652  -2.9829959256
      
      
#  type   0  conf  1.0000
  -3.3541182614   1.5144424652  -2.9829959256
  -3.7116446843   1.6758718350  -3.6079669453
      
      
#  type   0  conf  1.0000
  -3.7116446843   1.6758718350  -3.6079669453
  -3.7071646528   1.6738490232  -3.8265310886
      
      
#  type   0  conf  1.0000
  -3.7071646528   1.6738490232  -3.8265310886
  -3.2500399226   1.4674492933  -4.3716408865
      
      
#  type   0  conf  1.0000
  -3.2500399226   1.4674492933  -4.3716408865
  -3.2277157465   1.4573695413  -4.3872394096
      
      
#  type   0  conf  1.0000
  -3.2277157465   1.4573695413  -4.3872394096
  -2.8140150777   1.2705765268  -4.5934437398
      
      
# 258  norm    -0.4186597375   -0.9081431738    0.0000000000
# nedges  14 
#  type   0  conf  1.0000
   2.6958310375  -1.2427951309  -4.5496879243
   3.0638525278  -1.4124553618  -4.3525735243
      
      
#  type   0  conf  1.0000
   3.0638525278  -1.4124553618  -4.3525735243
   3.0872261849  -1.4232307653  -4.3337512325
      
      
#  type   0  conf  1.0000
   3.0872261849  -1.4232307653  -4.3337512325
   3.5164423392  -1.6211021227  -3.8207309114
      
      
#  type   0  conf  1.0000
   3.5164423392  -1.6211021227  -3.8207309114
   3.5213374328  -1.6233587917  -3.5989271890
      
      
#  type   0  conf  1.0000
   3.5213374328  -1.6233587917  -3.5989271890
   3.1297214093  -1.4428213321  -2.9030299527
      
      
#  type   0  conf  1.0000
   3.1297214093  -1.4428213321  -2.9030299527
   0.5208818917  -0.2401298411  -1.1391630892
      
      
#  type   0  conf  1.0000
   0.5208818917  -0.2401298411  -1.1391630892
  -0.0787408200   0.0363000152  -0.8507124452
      
      
#  type   0  conf  1.0000
  -0.0787408200   0.0363000152  -0.8507124452
  -0.6586981856   0.3036640229  -1.1592522179
      
      
#  type   0  conf  1.0000
  -0.6586981856   0.3036640229  -1.1592522179
  -3.3421500293   1.5407522673  -2.9829864380
      
      
#  type   0  conf  1.0000
  -3.3421500293   1.5407522673  -2.9829864380
  -3.6977054551   1.7046655637  -3.6077269305
      
      
#  type   0  conf  1.0000
  -3.6977054551   1.7046655637  -3.6077269305
  -3.6933845441   1.7026735964  -3.8266518309
      
      
#  type   0  conf  1.0000
  -3.6933845441   1.7026735964  -3.8266518309
  -3.2386030711   1.4930164657  -4.3728010346
      
      
#  type   0  conf  1.0000
  -3.2386030711   1.4930164657  -4.3728010346
  -3.2266750870   1.4875175897  -4.3823749346
      
      
#  type   0  conf  1.0000
  -3.2266750870   1.4875175897  -4.3823749346
  -2.8067314435   1.2939209184  -4.5938830343
      
      
# 259  norm    -0.4257792916   -0.9048270525    0.0000000000
# nedges  13 
#  type   0  conf  1.0000
   2.6901985142  -1.2659113302  -4.5518022604
   3.0695429142  -1.4444172551  -4.3456905876
      
      
#  type   0  conf  1.0000
   3.0695429142  -1.4444172551  -4.3456905876
   3.5074805127  -1.6504950463  -3.8211975698
      
      
#  type   0  conf  1.0000
   3.5074805127  -1.6504950463  -3.8211975698
   3.5111183044  -1.6522068611  -3.5982984281
      
      
#  type   0  conf  1.0000
   3.5111183044  -1.6522068611  -3.5982984281
   3.1223842335  -1.4692824925  -2.9032834535
      
      
#  type   0  conf  1.0000
   3.1223842335  -1.4692824925  -2.9032834535
   0.5265242355  -0.2477634984  -1.1397096927
      
      
#  type   0  conf  1.0000
   0.5265242355  -0.2477634984  -1.1397096927
  -0.0765537512   0.0360234609  -0.8504865068
      
      
#  type   0  conf  1.0000
  -0.0765537512   0.0360234609  -0.8504865068
  -0.6605341993   0.3108238007  -1.1598175666
      
      
#  type   0  conf  1.0000
  -0.6605341993   0.3108238007  -1.1598175666
  -3.3302746262   1.5671082857  -2.9831927834
      
      
#  type   0  conf  1.0000
  -3.3302746262   1.5671082857  -2.9831927834
  -3.6834385456   1.7332946116  -3.6076208392
      
      
#  type   0  conf  1.0000
  -3.6834385456   1.7332946116  -3.6076208392
  -3.6794179306   1.7314026538  -3.8265455179
      
      
#  type   0  conf  1.0000
  -3.6794179306   1.7314026538  -3.8265455179
  -3.2285588894   1.5192444931  -4.3715926905
      
      
#  type   0  conf  1.0000
  -3.2285588894   1.5192444931  -4.3715926905
  -3.2161433710   1.5134021937  -4.3820172274
      
      
#  type   0  conf  1.0000
  -3.2161433710   1.5134021937  -4.3820172274
  -2.7999859424   1.3175733724  -4.5939619996
      
      
# 260  norm    -0.4328725815   -0.9014551171    0.0000000000
# nedges  13 
#  type   0  conf  1.0000
   2.6890686532  -1.2912723747  -4.5497073539
   3.0630032904  -1.4708332299  -4.3456867626
      
      
#  type   0  conf  1.0000
   3.0630032904  -1.4708332299  -4.3456867626
   3.4969649573  -1.6792186541  -3.8205640501
      
      
#  type   0  conf  1.0000
   3.4969649573  -1.6792186541  -3.8205640501
   3.5004552620  -1.6808946746  -3.5979654060
      
      
#  type   0  conf  1.0000
   3.5004552620  -1.6808946746  -3.5979654060
   3.1148118629  -1.4957113520  -2.9036734553
      
      
#  type   0  conf  1.0000
   3.1148118629  -1.4957113520  -2.9036734553
   0.5320843623  -0.2555032715  -1.1402715814
      
      
#  type   0  conf  1.0000
   0.5320843623  -0.2555032715  -1.1402715814
  -0.0746128539   0.0358285821  -0.8503918622
      
      
#  type   0  conf  1.0000
  -0.0746128539   0.0358285821  -0.8503918622
  -0.6626357138   0.3181931375  -1.1607546103
      
      
#  type   0  conf  1.0000
  -0.6626357138   0.3181931375  -1.1607546103
  -3.3178549678   1.5932112623  -2.9834082022
      
      
#  type   0  conf  1.0000
  -3.3178549678   1.5932112623  -2.9834082022
  -3.6689843000   1.7618211660  -3.6080867256
      
      
#  type   0  conf  1.0000
  -3.6689843000   1.7618211660  -3.6080867256
  -3.6643754702   1.7596080374  -3.8274165382
      
      
#  type   0  conf  1.0000
  -3.6643754702   1.7596080374  -3.8274165382
  -3.2142603218   1.5434658218  -4.3744042429
      
      
#  type   0  conf  1.0000
  -3.2142603218   1.5434658218  -4.3744042429
  -3.1905396744   1.5320753292  -4.3895863479
      
      
#  type   0  conf  1.0000
  -3.1905396744   1.5320753292  -4.3895863479
  -2.7916467162   1.3405296590  -4.5944385409
      
      
# 261  norm    -0.4399391699   -0.8980275758    0.0000000000
# nedges  13 
#  type   0  conf  1.0000
   2.6853809455  -1.3155545506  -4.5497128515
   3.0551082185  -1.4966820727  -4.3459450720
      
      
#  type   0  conf  1.0000
   3.0551082185  -1.4966820727  -4.3459450720
   3.4857506911  -1.7076516432  -3.8217163680
      
      
#  type   0  conf  1.0000
   3.4857506911  -1.7076516432  -3.8217163680
   3.4896423228  -1.7095581339  -3.5976446199
      
      
#  type   0  conf  1.0000
   3.4896423228  -1.7095581339  -3.5976446199
   3.1065117891  -1.5218644221  -2.9038416128
      
      
#  type   0  conf  1.0000
   3.1065117891  -1.5218644221  -2.9038416128
   0.5364554788  -0.2628068273  -1.1401630478
      
      
#  type   0  conf  1.0000
   0.5364554788  -0.2628068273  -1.1401630478
  -0.0722747579   0.0354070386  -0.8506962908
      
      
#  type   0  conf  1.0000
  -0.0722747579   0.0354070386  -0.8506962908
  -0.6631094423   0.3248539638  -1.1605690419
      
      
#  type   0  conf  1.0000
  -0.6631094423   0.3248539638  -1.1605690419
  -3.3047726036   1.6189913930  -2.9832143836
      
      
#  type   0  conf  1.0000
  -3.3047726036   1.6189913930  -2.9832143836
  -3.6537619455   1.7899595074  -3.6079105863
      
      
#  type   0  conf  1.0000
  -3.6537619455   1.7899595074  -3.6079105863
  -3.6494567178   1.7878503981  -3.8269794082
      
      
#  type   0  conf  1.0000
  -3.6494567178   1.7878503981  -3.8269794082
  -3.2030505069   1.5691582520  -4.3740211247
      
      
#  type   0  conf  1.0000
  -3.2030505069   1.5691582520  -4.3740211247
  -3.1905215167   1.5630203630  -4.3836601872
      
      
#  type   0  conf  1.0000
  -3.1905215167   1.5630203630  -4.3836601872
  -2.7836381708   1.3636902686  -4.5946584239
      
      
# 262  norm    -0.4469786207   -0.8945446398    0.0000000000
# nedges  13 
#  type   0  conf  1.0000
   2.6810609637  -1.3396502289  -4.5501812025
   3.0477058785  -1.5228523085  -4.3457173405
      
      
#  type   0  conf  1.0000
   3.0477058785  -1.5228523085  -4.3457173405
   3.4743040540  -1.7360113344  -3.8214926712
      
      
#  type   0  conf  1.0000
   3.4743040540  -1.7360113344  -3.8214926712
   3.4789575556  -1.7383365573  -3.5984151799
      
      
#  type   0  conf  1.0000
   3.4789575556  -1.7383365573  -3.5984151799
   3.0979394641  -1.5479526084  -2.9039310188
      
      
#  type   0  conf  1.0000
   3.0979394641  -1.5479526084  -2.9039310188
   0.5424137063  -0.2710287665  -1.1409474681
      
      
#  type   0  conf  1.0000
   0.5424137063  -0.2710287665  -1.1409474681
  -0.0706839749   0.0353187803  -0.8505817776
      
      
#  type   0  conf  1.0000
  -0.0706839749   0.0353187803  -0.8505817776
  -0.6664146104   0.3329885062  -1.1622472940
      
      
#  type   0  conf  1.0000
  -0.6664146104   0.3329885062  -1.1622472940
  -3.2912875734   1.6445631825  -2.9827741012
      
      
#  type   0  conf  1.0000
  -3.2912875734   1.6445631825  -2.9827741012
  -3.6380381440   1.8178246217  -3.6079799803
      
      
#  type   0  conf  1.0000
  -3.6380381440   1.8178246217  -3.6079799803
  -3.6341883008   1.8159009642  -3.8268089140
      
      
#  type   0  conf  1.0000
  -3.6341883008   1.8159009642  -3.8268089140
  -3.1907140280   1.5943094304  -4.3741716682
      
      
#  type   0  conf  1.0000
  -3.1907140280   1.5943094304  -4.3741716682
  -3.1783152056   1.5881140900  -4.3839913404
      
      
#  type   0  conf  1.0000
  -3.1783152056   1.5881140900  -4.3839913404
  -2.7758322102   1.3870047366  -4.5947226026
      
      
# 263  norm    -0.4539904997   -0.8910065242    0.0000000000
# nedges  13 
#  type   0  conf  1.0000
   2.6770602049  -1.3640303042  -4.5505397801
   3.0392304718  -1.5485652723  -4.3460277204
      
      
#  type   0  conf  1.0000
   3.0392304718  -1.5485652723  -4.3460277204
   3.4633328077  -1.7646562056  -3.8209400978
      
      
#  type   0  conf  1.0000
   3.4633328077  -1.7646562056  -3.8209400978
   3.4674946374  -1.7667767637  -3.5986963103
      
      
#  type   0  conf  1.0000
   3.4674946374  -1.7667767637  -3.5986963103
   3.0889711773  -1.5739094276  -2.9041087874
      
      
#  type   0  conf  1.0000
   3.0889711773  -1.5739094276  -2.9041087874
   0.5477880614  -0.2791119582  -1.1412715802
      
      
#  type   0  conf  1.0000
   0.5477880614  -0.2791119582  -1.1412715802
  -0.0688027138   0.0350567337  -0.8505448357
      
      
#  type   0  conf  1.0000
  -0.0688027138   0.0350567337  -0.8505448357
  -0.6678010978   0.3402616545  -1.1627954057
      
      
#  type   0  conf  1.0000
  -0.6678010978   0.3402616545  -1.1627954057
  -3.2766467171   1.6695348913  -2.9813365345
      
      
#  type   0  conf  1.0000
  -3.2766467171   1.6695348913  -2.9813365345
  -3.6216803887   1.8453383280  -3.6072834522
      
      
#  type   0  conf  1.0000
  -3.6216803887   1.8453383280  -3.6072834522
  -3.6188894720   1.8439162849  -3.8261159460
      
      
#  type   0  conf  1.0000
  -3.6188894720   1.8439162849  -3.8261159460
  -3.1780497658   1.6192972354  -4.3742929976
      
      
#  type   0  conf  1.0000
  -3.1780497658   1.6192972354  -4.3742929976
  -3.1655601049   1.6129334353  -4.3845216800
      
      
#  type   0  conf  1.0000
  -3.1655601049   1.6129334353  -4.3845216800
  -2.7673737280   1.4100473427  -4.5950324134
      
      
# 264  norm    -0.4609743745   -0.8874134471   -0.0000000000
# nedges  13 
#  type   0  conf  1.0000
   2.6717879944  -1.3878827323  -4.5507425873
   3.0295704500  -1.5737358363  -4.3474305009
      
      
#  type   0  conf  1.0000
   3.0295704500  -1.5737358363  -4.3474305009
   3.4515789103  -1.7929516784  -3.8205038826
      
      
#  type   0  conf  1.0000
   3.4515789103  -1.7929516784  -3.8205038826
   3.4552542629  -1.7948608712  -3.5981723666
      
      
#  type   0  conf  1.0000
   3.4552542629  -1.7948608712  -3.5981723666
   3.0797592985  -1.5998068556  -2.9038955386
      
      
#  type   0  conf  1.0000
   3.0797592985  -1.5998068556  -2.9038955386
   0.5518624058  -0.2866695656  -1.1411086803
      
      
#  type   0  conf  1.0000
   0.5518624058  -0.2866695656  -1.1411086803
  -0.0663891637   0.0344864091  -0.8505517013
      
      
#  type   0  conf  1.0000
  -0.0663891637   0.0344864091  -0.8505517013
  -0.6683431189   0.3471764511  -1.1629207099
      
      
#  type   0  conf  1.0000
  -0.6683431189   0.3471764511  -1.1629207099
  -3.2614378189   1.6941812902  -2.9792081087
      
      
#  type   0  conf  1.0000
  -3.2614378189   1.6941812902  -2.9792081087
  -3.6051300295   1.8727150980  -3.6070028641
      
      
#  type   0  conf  1.0000
  -3.6051300295   1.8727150980  -3.6070028641
  -3.6028160591   1.8715130866  -3.8253472766
      
      
#  type   0  conf  1.0000
  -3.6028160591   1.8715130866  -3.8253472766
  -3.1660624221   1.6446377386  -4.3742381214
      
      
#  type   0  conf  1.0000
  -3.1660624221   1.6446377386  -4.3742381214
  -3.1497921946   1.6361860321  -4.3867505113
      
      
#  type   0  conf  1.0000
  -3.1497921946   1.6361860321  -4.3867505113
  -2.7583851390   1.4328663470  -4.5956278697
      
      
# 265  norm    -0.4679298143   -0.8837656301    0.0000000000
# nedges  13 
#  type   0  conf  1.0000
   2.6680708746  -1.4126708103  -4.5502782019
   3.0190383160  -1.5984985050  -4.3489535615
      
      
#  type   0  conf  1.0000
   3.0190383160  -1.5984985050  -4.3489535615
   3.4389710833  -1.8208414601  -3.8210567705
      
      
#  type   0  conf  1.0000
   3.4389710833  -1.8208414601  -3.8210567705
   3.4428355703  -1.8228876006  -3.5961955301
      
      
#  type   0  conf  1.0000
   3.4428355703  -1.8228876006  -3.5961955301
   3.0710290153  -1.6260261633  -2.9042221132
      
      
#  type   0  conf  1.0000
   3.0710290153  -1.6260261633  -2.9042221132
   0.5593115788  -0.2961402370  -1.1429637449
      
      
#  type   0  conf  1.0000
   0.5593115788  -0.2961402370  -1.1429637449
  -0.0644006212   0.0340983737  -0.8504297161
      
      
#  type   0  conf  1.0000
  -0.0644006212   0.0340983737  -0.8504297161
  -0.6681952911   0.3537911951  -1.1628241448
      
      
#  type   0  conf  1.0000
  -0.6681952911   0.3537911951  -1.1628241448
  -3.2465139622   1.7189406598  -2.9767149940
      
      
#  type   0  conf  1.0000
  -3.2465139622   1.7189406598  -2.9767149940
  -3.5886036374   1.9000678193  -3.6067135900
      
      
#  type   0  conf  1.0000
  -3.5886036374   1.9000678193  -3.6067135900
  -3.5860917021   1.8987378180  -3.8268402039
      
      
#  type   0  conf  1.0000
  -3.5860917021   1.8987378180  -3.8268402039
  -3.1516247837   1.6686994260  -4.3767500945
      
      
#  type   0  conf  1.0000
  -3.1516247837   1.6686994260  -4.3767500945
  -3.1284293651   1.6564180841  -4.3928610404
      
      
#  type   0  conf  1.0000
  -3.1284293651   1.6564180841  -4.3928610404
  -2.7484961513   1.4552538023  -4.5942164230
      
      
# 266  norm    -0.4748563899   -0.8800632983    0.0000000000
# nedges  13 
#  type   0  conf  1.0000
   2.6611764352  -1.4358928923  -4.5508206630
   3.0085541240  -1.6233277229  -4.3505952661
      
      
#  type   0  conf  1.0000
   3.0085541240  -1.6233277229  -4.3505952661
   3.4262753755  -1.8487178805  -3.8203259894
      
      
#  type   0  conf  1.0000
   3.4262753755  -1.8487178805  -3.8203259894
   3.4299683484  -1.8507105006  -3.5919033652
      
      
#  type   0  conf  1.0000
   3.4299683484  -1.8507105006  -3.5919033652
   3.0634783396  -1.6529632216  -2.9052496953
      
      
#  type   0  conf  1.0000
   3.0634783396  -1.6529632216  -2.9052496953
   0.5615174326  -0.3029783669  -1.1420643473
      
      
#  type   0  conf  1.0000
   0.5615174326  -0.3029783669  -1.1420643473
  -0.0626541954   0.0338063695  -0.8504830135
      
      
#  type   0  conf  1.0000
  -0.0626541954   0.0338063695  -0.8504830135
  -0.6678451825   0.3603497078  -1.1628862320
      
      
#  type   0  conf  1.0000
  -0.6678451825   0.3603497078  -1.1628862320
  -3.2328905685   1.7443731004  -2.9750748021
      
      
#  type   0  conf  1.0000
  -3.2328905685   1.7443731004  -2.9750748021
  -3.5733548466   1.9280776570  -3.6061240168
      
      
#  type   0  conf  1.0000
  -3.5733548466   1.9280776570  -3.6061240168
  -3.5687196917   1.9255766631  -3.8319437563
      
      
#  type   0  conf  1.0000
  -3.5687196917   1.9255766631  -3.8319437563
  -3.1383885557   1.6933825811  -4.3776591028
      
      
#  type   0  conf  1.0000
  -3.1383885557   1.6933825811  -4.3776591028
  -3.1149999351   1.6807627661  -4.3931269229
      
      
#  type   0  conf  1.0000
  -3.1149999351   1.6807627661  -4.3931269229
  -2.7396567804   1.4782385889  -4.5952249745
      
      
# 267  norm    -0.4817536741   -0.8763066800    0.0000000000
# nedges  13 
#  type   0  conf  1.0000
   2.6563814843  -1.4603580790  -4.5503567284
   2.9974005534  -1.6478348987  -4.3526395370
      
      
#  type   0  conf  1.0000
   2.9974005534  -1.6478348987  -4.3526395370
   3.4145454864  -1.8771622663  -3.8193063888
      
      
#  type   0  conf  1.0000
   3.4145454864  -1.8771622663  -3.8193063888
   3.4189107769  -1.8795621050  -3.5866370846
      
      
#  type   0  conf  1.0000
   3.4189107769  -1.8795621050  -3.5866370846
   3.0569667787  -1.6805817082  -2.9063444177
      
      
#  type   0  conf  1.0000
   3.0569667787  -1.6805817082  -2.9063444177
   0.5651996565  -0.3107211406  -1.1419362723
      
      
#  type   0  conf  1.0000
   0.5651996565  -0.3107211406  -1.1419362723
  -0.0608111700   0.0334312236  -0.8505451996
      
      
#  type   0  conf  1.0000
  -0.0608111700   0.0334312236  -0.8505451996
  -0.6671003077   0.3667414977  -1.1625861909
      
      
#  type   0  conf  1.0000
  -0.6671003077   0.3667414977  -1.1625861909
  -3.2212501043   1.7708972307  -2.9743733386
      
      
#  type   0  conf  1.0000
  -3.2212501043   1.7708972307  -2.9743733386
  -3.5578856080   1.9559641650  -3.6013672697
      
      
#  type   0  conf  1.0000
  -3.5578856080   1.9559641650  -3.6013672697
  -3.5548627053   1.9543023102  -3.8324753791
      
      
#  type   0  conf  1.0000
  -3.5548627053   1.9543023102  -3.8324753791
  -3.1253713281   1.7181874274  -4.3797860931
      
      
#  type   0  conf  1.0000
  -3.1253713281   1.7181874274  -4.3797860931
  -3.0674010517   1.6863179983  -4.4127886668
      
      
#  type   0  conf  1.0000
  -3.0674010517   1.6863179983  -4.4127886668
  -2.7301183771   1.5008952789  -4.5950097034
      
      
# 268  norm    -0.4886212415   -0.8724960071   -0.0000000000
# nedges  13 
#  type   0  conf  1.0000
   2.6496979838  -1.4839021703  -4.5507121355
   2.9882505646  -1.6735007255  -4.3535449933
      
      
#  type   0  conf  1.0000
   2.9882505646  -1.6735007255  -4.3535449933
   3.4058749509  -1.9073816194  -3.8143720769
      
      
#  type   0  conf  1.0000
   3.4058749509  -1.9073816194  -3.8143720769
   3.4093927346  -1.9093516729  -3.5824651119
      
      
#  type   0  conf  1.0000
   3.4093927346  -1.9093516729  -3.5824651119
   3.0533058186  -1.7099334182  -2.9096011376
      
      
#  type   0  conf  1.0000
   3.0533058186  -1.7099334182  -2.9096011376
   0.5702061305  -0.3193307764  -1.1428032734
      
      
#  type   0  conf  1.0000
   0.5702061305  -0.3193307764  -1.1428032734
  -0.0586590988   0.0328506738  -0.8503991839
      
      
#  type   0  conf  1.0000
  -0.0586590988   0.0328506738  -0.8503991839
  -0.6651024455   0.3724752664  -1.1617130116
      
      
#  type   0  conf  1.0000
  -0.6651024455   0.3724752664  -1.1617130116
  -3.2100043749   1.7976888263  -2.9735678106
      
      
#  type   0  conf  1.0000
  -3.2100043749   1.7976888263  -2.9735678106
  -3.5447496991   1.9851552153  -3.5977632813
      
      
#  type   0  conf  1.0000
  -3.5447496991   1.9851552153  -3.5977632813
  -3.5421066096   1.9836750140  -3.8330015891
      
      
#  type   0  conf  1.0000
  -3.5421066096   1.9836750140  -3.8330015891
  -3.1183256221   1.7463462578  -4.3744918054
      
      
#  type   0  conf  1.0000
  -3.1183256221   1.7463462578  -4.3744918054
  -3.0879565703   1.7293387716  -4.3953151481
      
      
#  type   0  conf  1.0000
  -3.0879565703   1.7293387716  -4.3953151481
  -2.7192577076   1.5228574873  -4.5954009730
      
      
# 269  norm    -0.4954586684   -0.8686315144    0.0000000000
# nedges  13 
#  type   0  conf  1.0000
   2.6377599973  -1.5045517393  -4.5544688586
   2.9799169403  -1.6997146140  -4.3535083916
      
      
#  type   0  conf  1.0000
   2.9799169403  -1.6997146140  -4.3535083916
   3.3976453794  -1.9379827090  -3.8097274869
      
      
#  type   0  conf  1.0000
   3.3976453794  -1.9379827090  -3.8097274869
   3.4018857281  -1.9404013612  -3.5778376608
      
      
#  type   0  conf  1.0000
   3.4018857281  -1.9404013612  -3.5778376608
   3.0492063577  -1.7392365999  -2.9120065676
      
      
#  type   0  conf  1.0000
   3.0492063577  -1.7392365999  -2.9120065676
   0.5723809464  -0.3264803278  -1.1421708111
      
      
#  type   0  conf  1.0000
   0.5723809464  -0.3264803278  -1.1421708111
  -0.0568852562   0.0324467773  -0.8504836453
      
      
#  type   0  conf  1.0000
  -0.0568852562   0.0324467773  -0.8504836453
  -0.6632245014   0.3782965767  -1.1609381699
      
      
#  type   0  conf  1.0000
  -0.6632245014   0.3782965767  -1.1609381699
  -3.2005520316   1.8255626482  -2.9739887496
      
      
#  type   0  conf  1.0000
  -3.2005520316   1.8255626482  -2.9739887496
  -3.5328313432   2.0150914214  -3.5941760975
      
      
#  type   0  conf  1.0000
  -3.5328313432   2.0150914214  -3.5941760975
  -3.5304570767   2.0137371637  -3.8334553453
      
      
#  type   0  conf  1.0000
  -3.5304570767   2.0137371637  -3.8334553453
  -3.1086608133   1.7731488227  -4.3737524512
      
      
#  type   0  conf  1.0000
  -3.1086608133   1.7731488227  -4.3737524512
  -3.0913567843   1.7632787788  -4.3869124786
      
      
#  type   0  conf  1.0000
  -3.0913567843   1.7632787788  -4.3869124786
  -2.7091584261   1.5452766841  -4.5952534275
      
      
# 270  norm    -0.5022655331   -0.8647134405    0.0000000000
# nedges  12 
#  type   0  conf  1.0000
   2.6335052941  -1.5296615949  -4.5523481505
   2.9705999591  -1.7254617568  -4.3551053567
      
      
#  type   0  conf  1.0000
   2.9705999591  -1.7254617568  -4.3551053567
   3.3913179458  -1.9698342090  -3.8050579703
      
      
#  type   0  conf  1.0000
   3.3913179458  -1.9698342090  -3.8050579703
   3.3956566378  -1.9723543218  -3.5763439809
      
      
#  type   0  conf  1.0000
   3.3956566378  -1.9723543218  -3.5763439809
   3.0462697935  -1.7694142941  -2.9147345065
      
      
#  type   0  conf  1.0000
   3.0462697935  -1.7694142941  -2.9147345065
   0.5759770651  -0.3345541009  -1.1421869912
      
      
#  type   0  conf  1.0000
   0.5759770651  -0.3345541009  -1.1421869912
  -0.0550385994   0.0319689624  -0.8505448554
      
      
#  type   0  conf  1.0000
  -0.0550385994   0.0319689624  -0.8505448554
  -0.6615373602   0.3842514750  -1.1603097876
      
      
#  type   0  conf  1.0000
  -0.6615373602   0.3842514750  -1.1603097876
  -3.1923294715   1.8542525059  -2.9749414705
      
      
#  type   0  conf  1.0000
  -3.1923294715   1.8542525059  -2.9749414705
  -3.5232132468   2.0464450960  -3.5953799930
      
      
#  type   0  conf  1.0000
  -3.5232132468   2.0464450960  -3.5953799930
  -3.5207436075   2.0450106153  -3.8328055985
      
      
#  type   0  conf  1.0000
  -3.5207436075   2.0450106153  -3.8328055985
  -3.0935630715   1.7968844158  -4.3793252324
      
      
#  type   0  conf  1.0000
  -3.0935630715   1.7968844158  -4.3793252324
  -2.6982775726   1.5672843281  -4.5952483904
      
      
# 271  norm    -0.5090414158   -0.8607420270   -0.0000000000
# nedges  12 
#  type   0  conf  1.0000
   2.6300675146  -1.5554175922  -4.5502471474
   2.9630572847  -1.7523471933  -4.3552490627
      
      
#  type   0  conf  1.0000
   2.9630572847  -1.7523471933  -4.3552490627
   3.3858173051  -2.0023667724  -3.8003938255
      
      
#  type   0  conf  1.0000
   3.3858173051  -2.0023667724  -3.8003938255
   3.3889810452  -2.0042378030  -3.5745268104
      
      
#  type   0  conf  1.0000
   3.3889810452  -2.0042378030  -3.5745268104
   3.0415922944  -1.7987926685  -2.9157051618
      
      
#  type   0  conf  1.0000
   3.0415922944  -1.7987926685  -2.9157051618
   0.5779151983  -0.3417780955  -1.1414218847
      
      
#  type   0  conf  1.0000
   0.5779151983  -0.3417780955  -1.1414218847
  -0.0529134769   0.0312929430  -0.8504029537
      
      
#  type   0  conf  1.0000
  -0.0529134769   0.0312929430  -0.8504029537
  -0.6593013415   0.3899097264  -1.1594508652
      
      
#  type   0  conf  1.0000
  -0.6593013415   0.3899097264  -1.1594508652
  -3.1822511490   1.8819780833  -2.9744548381
      
      
#  type   0  conf  1.0000
  -3.1822511490   1.8819780833  -2.9744548381
  -3.5126867647   2.0773971617  -3.5942957188
      
      
#  type   0  conf  1.0000
  -3.5126867647   2.0773971617  -3.5942957188
  -3.5096031729   2.0755735305  -3.8333383075
      
      
#  type   0  conf  1.0000
  -3.5096031729   2.0755735305  -3.8333383075
  -3.0850152175   1.8244729137  -4.3775314573
      
      
#  type   0  conf  1.0000
  -3.0850152175   1.8244729137  -4.3775314573
  -2.6869302052   1.5890460937  -4.5957897673
      
      
# 272  norm    -0.5157858983   -0.8567175189    0.0000000000
# nedges  14 
#  type   0  conf  1.0000
   2.6226218098  -1.5789467546  -4.5503158467
   2.9553210561  -1.7792479926  -4.3553604454
      
      
#  type   0  conf  1.0000
   2.9553210561  -1.7792479926  -4.3553604454
   3.3789673463  -2.0343038044  -3.7998453474
      
      
#  type   0  conf  1.0000
   3.3789673463  -2.0343038044  -3.7998453474
   3.3830179334  -2.0367424563  -3.5772315602
      
      
#  type   0  conf  1.0000
   3.3830179334  -2.0367424563  -3.5772315602
   3.0607838459  -1.8427417563  -2.9619240461
      
      
#  type   0  conf  1.0000
   3.0607838459  -1.8427417563  -2.9619240461
   3.0328466984  -1.8259222255  -2.9139375950
      
      
#  type   0  conf  1.0000
   3.0328466984  -1.8259222255  -2.9139375950
   0.5812342271  -0.3499314667  -1.1414850313
      
      
#  type   0  conf  1.0000
   0.5812342271  -0.3499314667  -1.1414850313
  -0.0509072459   0.0306486549  -0.8503580142
      
      
#  type   0  conf  1.0000
  -0.0509072459   0.0306486549  -0.8503580142
  -0.6575028641   0.3958489209  -1.1589096444
      
      
#  type   0  conf  1.0000
  -0.6575028641   0.3958489209  -1.1589096444
  -3.1721164318   1.9097694248  -2.9742239810
      
      
#  type   0  conf  1.0000
  -3.1721164318   1.9097694248  -2.9742239810
  -3.5009849086   2.1077643520  -3.5928128060
      
      
#  type   0  conf  1.0000
  -3.5009849086   2.1077643520  -3.5928128060
  -3.5002519697   2.1073230868  -3.8295823793
      
      
#  type   0  conf  1.0000
  -3.5002519697   2.1073230868  -3.8295823793
  -3.0877132033   1.8589545482  -4.3616071775
      
      
#  type   0  conf  1.0000
  -3.0877132033   1.8589545482  -4.3616071775
  -3.0657070016   1.8457057372  -4.3821618180
      
      
#  type   0  conf  1.0000
  -3.0657070016   1.8457057372  -4.3821618180
  -2.6749322278   1.6104401878  -4.5951877415
      
      
# 273  norm    -0.5224985647   -0.8526401644    0.0000000000
# nedges  14 
#  type   0  conf  1.0000
   2.6112918238  -1.6002016877  -4.5523675752
   2.9486580757  -1.8069399928  -4.3547272541
      
      
#  type   0  conf  1.0000
   2.9486580757  -1.8069399928  -4.3547272541
   3.3720960115  -2.0664230935  -3.7988620133
      
      
#  type   0  conf  1.0000
   3.3720960115  -2.0664230935  -3.7988620133
   3.3759835548  -2.0688053831  -3.5772690076
      
      
#  type   0  conf  1.0000
   3.3759835548  -2.0688053831  -3.5772690076
   3.0404165318  -1.8631696470  -2.9345967117
      
      
#  type   0  conf  1.0000
   3.0404165318  -1.8631696470  -2.9345967117
   3.0222583740  -1.8520423135  -2.9105112763
      
      
#  type   0  conf  1.0000
   3.0222583740  -1.8520423135  -2.9105112763
   0.5830984275  -0.3573231759  -1.1409144831
      
      
#  type   0  conf  1.0000
   0.5830984275  -0.3573231759  -1.1409144831
  -0.0490746016   0.0300729545  -0.8503617142
      
      
#  type   0  conf  1.0000
  -0.0490746016   0.0300729545  -0.8503617142
  -0.6564534772   0.4022752082  -1.1589083077
      
      
#  type   0  conf  1.0000
  -0.6564534772   0.4022752082  -1.1589083077
  -3.1615562864   1.9374041841  -2.9739919389
      
      
#  type   0  conf  1.0000
  -3.1615562864   1.9374041841  -2.9739919389
  -3.4902332693   2.1388176982  -3.5940298053
      
      
#  type   0  conf  1.0000
  -3.4902332693   2.1388176982  -3.5940298053
  -3.4868827089   2.1367644722  -3.8331021937
      
      
#  type   0  conf  1.0000
  -3.4868827089   2.1367644722  -3.8331021937
  -3.1070335608   1.9039926149  -4.3223288691
      
      
#  type   0  conf  1.0000
  -3.1070335608   1.9039926149  -4.3223288691
  -3.0625220096   1.8767159012  -4.3773482884
      
      
#  type   0  conf  1.0000
  -3.0625220096   1.8767159012  -4.3773482884
  -2.6623369455   1.6314821785  -4.5955033199
      
      
# 274  norm    -0.5291790010   -0.8485102150   -0.0000000000
# nedges  13 
#  type   0  conf  1.0000
   2.6063599751  -1.6254736165  -4.5503473040
   2.9405732051  -1.8339079053  -4.3548843717
      
      
#  type   0  conf  1.0000
   2.9405732051  -1.8339079053  -4.3548843717
   3.3630841979  -2.0974096771  -3.7994162675
      
      
#  type   0  conf  1.0000
   3.3630841979  -2.0974096771  -3.7994162675
   3.3678487604  -2.1003811280  -3.5769012700
      
      
#  type   0  conf  1.0000
   3.3678487604  -2.1003811280  -3.5769012700
   3.0234549538  -1.8855976554  -2.9165377535
      
      
#  type   0  conf  1.0000
   3.0234549538  -1.8855976554  -2.9165377535
   0.5849479399  -0.3648066470  -1.1406659509
      
      
#  type   0  conf  1.0000
   0.5849479399  -0.3648066470  -1.1406659509
  -0.0472527494   0.0294694893  -0.8504415736
      
      
#  type   0  conf  1.0000
  -0.0472527494   0.0294694893  -0.8504415736
  -0.6546611065   0.4082837238  -1.1584439211
      
      
#  type   0  conf  1.0000
  -0.6546611065   0.4082837238  -1.1584439211
  -3.1503348770   1.9647271577  -2.9741176916
      
      
#  type   0  conf  1.0000
  -3.1503348770   1.9647271577  -2.9741176916
  -3.4784614461   2.1693654602  -3.5958264103
      
      
#  type   0  conf  1.0000
  -3.4784614461   2.1693654602  -3.5958264103
  -3.4749925160   2.1672020390  -3.8320786530
      
      
#  type   0  conf  1.0000
  -3.4749925160   2.1672020390  -3.8320786530
  -3.0589232978   1.9077177224  -4.3690497869
      
      
#  type   0  conf  1.0000
  -3.0589232978   1.9077177224  -4.3690497869
  -3.0473883162   1.9005238550  -4.3790572686
      
      
#  type   0  conf  1.0000
  -3.0473883162   1.9005238550  -4.3790572686
  -2.6510529763   1.6533467020  -4.5949722889
      
      
# 275  norm    -0.5358267950   -0.8443279255    0.0000000000
# nedges  13 
#  type   0  conf  1.0000
   2.5967624413  -1.6479555564  -4.5508782501
   2.9336471044  -1.8617490646  -4.3544660991
      
      
#  type   0  conf  1.0000
   2.9336471044  -1.8617490646  -4.3544660991
   3.3549557514  -2.1291196622  -3.7984137928
      
      
#  type   0  conf  1.0000
   3.3549557514  -2.1291196622  -3.7984137928
   3.3587681908  -2.1315391099  -3.5741435324
      
      
#  type   0  conf  1.0000
   3.3587681908  -2.1315391099  -3.5741435324
   3.0157347848  -1.9138434907  -2.9157985838
      
      
#  type   0  conf  1.0000
   3.0157347848  -1.9138434907  -2.9157985838
   0.5870957152  -0.3725822704  -1.1403234111
      
      
#  type   0  conf  1.0000
   0.5870957152  -0.3725822704  -1.1403234111
  -0.0454820879   0.0288638107  -0.8504292861
      
      
#  type   0  conf  1.0000
  -0.0454820879   0.0288638107  -0.8504292861
  -0.6532863854   0.4145881470  -1.1582084769
      
      
#  type   0  conf  1.0000
  -0.6532863854   0.4145881470  -1.1582084769
  -3.1387247973   1.9918953261  -2.9737953872
      
      
#  type   0  conf  1.0000
  -3.1387247973   1.9918953261  -2.9737953872
  -3.4653907722   2.1992038576  -3.5937843325
      
      
#  type   0  conf  1.0000
  -3.4653907722   2.1992038576  -3.5937843325
  -3.4625854439   2.1974235421  -3.8319748218
      
      
#  type   0  conf  1.0000
  -3.4625854439   2.1974235421  -3.8319748218
  -3.0531166794   1.9375667624  -4.3612744115
      
      
#  type   0  conf  1.0000
  -3.0531166794   1.9375667624  -4.3612744115
  -3.0325093881   1.9244889777  -4.3807876273
      
      
#  type   0  conf  1.0000
  -3.0325093881   1.9244889777  -4.3807876273
  -2.6369795231   1.6734780926  -4.5955698811
      
      
# 276  norm    -0.5424415367   -0.8400935539    0.0000000000
# nedges  13 
#  type   0  conf  1.0000
   2.5858971243  -1.6696926232  -4.5523987894
   2.9247491341  -1.8884865945  -4.3547102259
      
      
#  type   0  conf  1.0000
   2.9247491341  -1.8884865945  -4.3547102259
   3.3464552346  -2.1607787745  -3.7982428244
      
      
#  type   0  conf  1.0000
   3.3464552346  -2.1607787745  -3.7982428244
   3.3493216491  -2.1626295949  -3.5730761219
      
      
#  type   0  conf  1.0000
   3.3493216491  -2.1626295949  -3.5730761219
   3.0080377144  -1.9422653496  -2.9158709561
      
      
#  type   0  conf  1.0000
   3.0080377144  -1.9422653496  -2.9158709561
   0.5896819606  -0.3807528190  -1.1403422652
      
      
#  type   0  conf  1.0000
   0.5896819606  -0.3807528190  -1.1403422652
  -0.0434910827   0.0280818364  -0.8503955625
      
      
#  type   0  conf  1.0000
  -0.0434910827   0.0280818364  -0.8503955625
  -0.6518626333   0.4209023708  -1.1581212030
      
      
#  type   0  conf  1.0000
  -0.6518626333   0.4209023708  -1.1581212030
  -3.1265533676   2.0187899375  -2.9735231993
      
      
#  type   0  conf  1.0000
  -3.1265533676   2.0187899375  -2.9735231993
  -3.4527657163   2.2294225830  -3.5947140596
      
      
#  type   0  conf  1.0000
  -3.4527657163   2.2294225830  -3.5947140596
  -3.4490444019   2.2270197607  -3.8330159219
      
      
#  type   0  conf  1.0000
  -3.4490444019   2.2270197607  -3.8330159219
  -3.0322975342   1.9579297168  -4.3720659120
      
      
#  type   0  conf  1.0000
  -3.0322975342   1.9579297168  -4.3720659120
  -3.0140988895   1.9461790008  -4.3840472911
      
      
#  type   0  conf  1.0000
  -3.0140988895   1.9461790008  -4.3840472911
  -2.6251370165   1.6950295007  -4.5948518097
      
      
# 277  norm    -0.5490228180   -0.8358073614    0.0000000000
# nedges  14 
#  type   0  conf  1.0000
   2.5795114111  -1.6944222909  -4.5505294063
   2.9165890817  -1.9158409349  -4.3544833480
      
      
#  type   0  conf  1.0000
   2.9165890817  -1.9158409349  -4.3544833480
   3.3369794615  -2.1919857999  -3.7981594685
      
      
#  type   0  conf  1.0000
   3.3369794615  -2.1919857999  -3.7981594685
   3.3409521820  -2.1945953895  -3.5768178571
      
      
#  type   0  conf  1.0000
   3.3409521820  -2.1945953895  -3.5768178571
   3.0109522558  -1.9778259546  -2.9360868623
      
      
#  type   0  conf  1.0000
   3.0109522558  -1.9778259546  -2.9360868623
   2.9924723854  -1.9656869487  -2.9100659120
      
      
#  type   0  conf  1.0000
   2.9924723854  -1.9656869487  -2.9100659120
   0.5925477221  -0.3892311018  -1.1406366346
      
      
#  type   0  conf  1.0000
   0.5925477221  -0.3892311018  -1.1406366346
  -0.0415154309   0.0272705409  -0.8503949845
      
      
#  type   0  conf  1.0000
  -0.0415154309   0.0272705409  -0.8503949845
  -0.6508051313   0.4274990669  -1.1583332061
      
      
#  type   0  conf  1.0000
  -0.6508051313   0.4274990669  -1.1583332061
  -3.1147102862   2.0459822414  -2.9738980917
      
      
#  type   0  conf  1.0000
  -3.1147102862   2.0459822414  -2.9738980917
  -3.4391244140   2.2590824926  -3.5956323317
      
      
#  type   0  conf  1.0000
  -3.4391244140   2.2590824926  -3.5956323317
  -3.4359569097   2.2570018311  -3.8320158034
      
      
#  type   0  conf  1.0000
  -3.4359569097   2.2570018311  -3.8320158034
  -3.0283757349   1.9892710412  -4.3613152639
      
      
#  type   0  conf  1.0000
  -3.0283757349   1.9892710412  -4.3613152639
  -3.0127058139   1.9789778270  -4.3777106431
      
      
#  type   0  conf  1.0000
  -3.0127058139   1.9789778270  -4.3777106431
  -2.6115980401   1.7154992666  -4.5952703708
      
      
# 278  norm    -0.5555702330   -0.8314696123    0.0000000000
# nedges  14 
#  type   0  conf  1.0000
   2.5681377523  -1.7159747853  -4.5518395989
   2.9073569310  -1.9426337941  -4.3548522944
      
      
#  type   0  conf  1.0000
   2.9073569310  -1.9426337941  -4.3548522944
   3.3265675120  -2.2227413491  -3.7993035212
      
      
#  type   0  conf  1.0000
   3.3265675120  -2.2227413491  -3.7993035212
   3.3314346003  -2.2259934335  -3.5765803165
      
      
#  type   0  conf  1.0000
   3.3314346003  -2.2259934335  -3.5765803165
   3.0025745818  -2.0062561943  -2.9362041039
      
      
#  type   0  conf  1.0000
   3.0025745818  -2.0062561943  -2.9362041039
   2.9844759586  -1.9941630809  -2.9099258593
      
      
#  type   0  conf  1.0000
   2.9844759586  -1.9941630809  -2.9099258593
   0.5953242936  -0.3977829756  -1.1407181968
      
      
#  type   0  conf  1.0000
   0.5953242936  -0.3977829756  -1.1407181968
  -0.0397832246   0.0265823008  -0.8503760451
      
      
#  type   0  conf  1.0000
  -0.0397832246   0.0265823008  -0.8503760451
  -0.6492536207   0.4338173999  -1.1581483467
      
      
#  type   0  conf  1.0000
  -0.6492536207   0.4338173999  -1.1581483467
  -3.1013493186   2.0722553634  -2.9731814984
      
      
#  type   0  conf  1.0000
  -3.1013493186   2.0722553634  -2.9731814984
  -3.4250383445   2.2885374559  -3.5933874870
      
      
#  type   0  conf  1.0000
  -3.4250383445   2.2885374559  -3.5933874870
  -3.4216724936   2.2862884662  -3.8323886659
      
      
#  type   0  conf  1.0000
  -3.4216724936   2.2862884662  -3.8323886659
  -3.0154223119   2.0148407731  -4.3614882971
      
      
#  type   0  conf  1.0000
  -3.0154223119   2.0148407731  -4.3614882971
  -2.9970329695   2.0025534074  -4.3793488957
      
      
#  type   0  conf  1.0000
  -2.9970329695   2.0025534074  -4.3793488957
  -2.5981052600   1.7359984338  -4.5952505119
      
      
# 279  norm    -0.5620833779   -0.8270805743    0.0000000000
# nedges  13 
#  type   0  conf  1.0000
   2.5543998504  -1.7359683457  -4.5547060711
   2.8991221046  -1.9702413478  -4.3541341902
      
      
#  type   0  conf  1.0000
   2.8991221046  -1.9702413478  -4.3541341902
   3.3170236368  -2.2542469358  -3.7979023887
      
      
#  type   0  conf  1.0000
   3.3170236368  -2.2542469358  -3.7979023887
   3.3207821057  -2.2568011886  -3.5733746419
      
      
#  type   0  conf  1.0000
   3.3207821057  -2.2568011886  -3.5733746419
   2.9822785812  -2.0267544309  -2.9144304607
      
      
#  type   0  conf  1.0000
   2.9822785812  -2.0267544309  -2.9144304607
   0.5984350787  -0.4066960595  -1.1409535928
      
      
#  type   0  conf  1.0000
   0.5984350787  -0.4066960595  -1.1409535928
  -0.0379085379   0.0257626157  -0.8503619254
      
      
#  type   0  conf  1.0000
  -0.0379085379   0.0257626157  -0.8503619254
  -0.6480423695   0.4404091395  -1.1582646393
      
      
#  type   0  conf  1.0000
  -0.6480423695   0.4404091395  -1.1582646393
  -3.0885756234   2.0989938261  -2.9734275594
      
      
#  type   0  conf  1.0000
  -3.0885756234   2.0989938261  -2.9734275594
  -3.4112963369   2.3183145966  -3.5951781286
      
      
#  type   0  conf  1.0000
  -3.4112963369   2.3183145966  -3.5951781286
  -3.4075441090   2.3157645851  -3.8322474944
      
      
#  type   0  conf  1.0000
  -3.4075441090   2.3157645851  -3.8322474944
  -3.0020580460   2.0401965413  -4.3613906565
      
      
#  type   0  conf  1.0000
  -3.0020580460   2.0401965413  -4.3613906565
  -2.9809752444   2.0258686841  -4.3810943575
      
      
#  type   0  conf  1.0000
  -2.9809752444   2.0258686841  -4.3810943575
  -2.5835809091   1.7557997727  -4.5955641174
      
      
# 280  norm    -0.5685618507   -0.8226405180   -0.0000000000
# nedges  14 
#  type   0  conf  1.0000
   2.5503932762  -1.7626852671  -4.5509749685
   2.8881378537  -1.9961149096  -4.3551869608
      
      
#  type   0  conf  1.0000
   2.8881378537  -1.9961149096  -4.3551869608
   3.3064529151  -2.2852302404  -3.7985117096
      
      
#  type   0  conf  1.0000
   3.3064529151  -2.2852302404  -3.7985117096
   3.3106570413  -2.2881358909  -3.5759318617
      
      
#  type   0  conf  1.0000
   3.3106570413  -2.2881358909  -3.5759318617
   2.9778653500  -2.0581293986  -2.9229163612
      
      
#  type   0  conf  1.0000
   2.9778653500  -2.0581293986  -2.9229163612
   2.9437764346  -2.0345690993  -2.8919892750
      
      
#  type   0  conf  1.0000
   2.9437764346  -2.0345690993  -2.8919892750
   0.6008036180  -0.4152409339  -1.1409622528
      
      
#  type   0  conf  1.0000
   0.6008036180  -0.4152409339  -1.1409622528
  -0.0359100343   0.0248189521  -0.8502987665
      
      
#  type   0  conf  1.0000
  -0.0359100343   0.0248189521  -0.8502987665
  -0.6470736206   0.4472201007  -1.1585548454
      
      
#  type   0  conf  1.0000
  -0.6470736206   0.4472201007  -1.1585548454
  -3.0758444549   2.1258469253  -2.9741203159
      
      
#  type   0  conf  1.0000
  -3.0758444549   2.1258469253  -2.9741203159
  -3.3959511494   2.3470862767  -3.5949196872
      
      
#  type   0  conf  1.0000
  -3.3959511494   2.3470862767  -3.5949196872
  -3.3932594399   2.3452259217  -3.8304478336
      
      
#  type   0  conf  1.0000
  -3.3932594399   2.3452259217  -3.8304478336
  -2.9867424004   2.0642647057  -4.3638105751
      
      
#  type   0  conf  1.0000
  -2.9867424004   2.0642647057  -4.3638105751
  -2.9651322649   2.0493290219  -4.3821396370
      
      
#  type   0  conf  1.0000
  -2.9651322649   2.0493290219  -4.3821396370
  -2.5704273007   1.7765316335  -4.5950538769
      
      
# 281  norm    -0.5750052520   -0.8181497174    0.0000000000
# nedges  13 
#  type   0  conf  1.0000
   2.5377398986  -1.7835534731  -4.5524305392
   2.8781077326  -2.0227679933  -4.3552052504
      
      
#  type   0  conf  1.0000
   2.8781077326  -2.0227679933  -4.3552052504
   3.2946048347  -2.3154870594  -3.7992708847
      
      
#  type   0  conf  1.0000
   3.2946048347  -2.3154870594  -3.7992708847
   3.2998845529  -2.3191977075  -3.5760527280
      
      
#  type   0  conf  1.0000
   3.2998845529  -2.3191977075  -3.5760527280
   2.9630290321  -2.0824516823  -2.9129869868
      
      
#  type   0  conf  1.0000
   2.9630290321  -2.0824516823  -2.9129869868
   0.6038278197  -0.4243772995  -1.1413835573
      
      
#  type   0  conf  1.0000
   0.6038278197  -0.4243772995  -1.1413835573
  -0.0341627782   0.0240100026  -0.8503355924
      
      
#  type   0  conf  1.0000
  -0.0341627782   0.0240100026  -0.8503355924
  -0.6461168566   0.4540985324  -1.1590015350
      
      
#  type   0  conf  1.0000
  -0.6461168566   0.4540985324  -1.1590015350
  -3.0611729773   2.1514284022  -2.9734758342
      
      
#  type   0  conf  1.0000
  -3.0611729773   2.1514284022  -2.9734758342
  -3.3805753742   2.3759081666  -3.5929660607
      
      
#  type   0  conf  1.0000
  -3.3805753742   2.3759081666  -3.5929660607
  -3.3774760473   2.3737299231  -3.8323079065
      
      
#  type   0  conf  1.0000
  -3.3774760473   2.3737299231  -3.8323079065
  -2.9842364100   2.0973564771  -4.3483304495
      
      
#  type   0  conf  1.0000
  -2.9842364100   2.0973564771  -4.3483304495
  -2.9597928260   2.0801772386  -4.3772824264
      
      
#  type   0  conf  1.0000
  -2.9597928260   2.0801772386  -4.3772824264
  -2.5562923353   1.7965923440  -4.5950058495
      
      
# 282  norm    -0.5814131843   -0.8136084495    0.0000000000
# nedges  12 
#  type   0  conf  1.0000
   2.5216117183  -1.8019703454  -4.5556301333
   2.8670359954  -2.0488141792  -4.3551152153
      
      
#  type   0  conf  1.0000
   2.8670359954  -2.0488141792  -4.3551152153
   3.2821425614  -2.3454537120  -3.7997405822
      
      
#  type   0  conf  1.0000
   3.2821425614  -2.3454537120  -3.7997405822
   3.2873242352  -2.3491565908  -3.5738038998
      
      
#  type   0  conf  1.0000
   3.2873242352  -2.3491565908  -3.5738038998
   2.9511528931  -2.1089250020  -2.9114229137
      
      
#  type   0  conf  1.0000
   2.9511528931  -2.1089250020  -2.9114229137
   0.6069995768  -0.4337683035  -1.1423191914
      
      
#  type   0  conf  1.0000
   0.6069995768  -0.4337683035  -1.1423191914
  -0.0321326207   0.0229623099  -0.8504628604
      
      
#  type   0  conf  1.0000
  -0.0321326207   0.0229623099  -0.8504628604
  -0.6433233185   0.4597256326  -1.1583276280
      
      
#  type   0  conf  1.0000
  -0.6433233185   0.4597256326  -1.1583276280
  -3.0466108592   2.1771402719  -2.9734488314
      
      
#  type   0  conf  1.0000
  -3.0466108592   2.1771402719  -2.9734488314
  -3.3651441118   2.4047674958  -3.5945593602
      
      
#  type   0  conf  1.0000
  -3.3651441118   2.4047674958  -3.5945593602
  -3.3608214371   2.4016784669  -3.8331535044
      
      
#  type   0  conf  1.0000
  -3.3608214371   2.4016784669  -3.8331535044
  -2.9499281722   2.1080498035  -4.3739280544
      
      
#  type   0  conf  1.0000
  -2.9499281722   2.1080498035  -4.3739280544
  -2.5414494248   1.8161465798  -4.5957424572
      
      
# 283  norm    -0.5877852523   -0.8090169944    0.0000000000
# nedges  13 
#  type   0  conf  1.0000
   2.5090309991  -1.8229177249  -4.5564807168
   2.8568261890  -2.0756057214  -4.3547078143
      
      
#  type   0  conf  1.0000
   2.8568261890  -2.0756057214  -4.3547078143
   3.2706337329  -2.3762545005  -3.7983252302
      
      
#  type   0  conf  1.0000
   3.2706337329  -2.3762545005  -3.7983252302
   3.2753623793  -2.3796900632  -3.5749406465
      
      
#  type   0  conf  1.0000
   3.2753623793  -2.3796900632  -3.5749406465
   2.9399722565  -2.1360148755  -2.9099916410
      
      
#  type   0  conf  1.0000
   2.9399722565  -2.1360148755  -2.9099916410
   0.6093724650  -0.4427350112  -1.1424626552
      
      
#  type   0  conf  1.0000
   0.6093724650  -0.4427350112  -1.1424626552
  -0.0304168646   0.0220991457  -0.8504582463
      
      
#  type   0  conf  1.0000
  -0.0304168646   0.0220991457  -0.8504582463
  -0.6420525831   0.4664785069  -1.1585128491
      
      
#  type   0  conf  1.0000
  -0.6420525831   0.4664785069  -1.1585128491
  -3.0318835821   2.2027923623  -2.9733700124
      
      
#  type   0  conf  1.0000
  -3.0318835821   2.2027923623  -2.9733700124
  -3.3492583146   2.4333786028  -3.5950566158
      
      
#  type   0  conf  1.0000
  -3.3492583146   2.4333786028  -3.5950566158
  -3.3448957007   2.4302089783  -3.8329231709
      
      
#  type   0  conf  1.0000
  -3.3448957007   2.4302089783  -3.8329231709
  -2.9375679176   2.1342680210  -4.3706469649
      
      
#  type   0  conf  1.0000
  -2.9375679176   2.1342680210  -4.3706469649
  -2.9266871333   2.1263626685  -4.3793187966
      
      
#  type   0  conf  1.0000
  -2.9266871333   2.1263626685  -4.3793187966
  -2.5265666320   1.8356581080  -4.5951193279
      
      
# 284  norm    -0.5941210629   -0.8043756353    0.0000000000
# nedges  12 
#  type   0  conf  1.0000
   2.4946703664  -1.8425921233  -4.5589313991
   2.8464117475  -2.1023923385  -4.3536340758
      
      
#  type   0  conf  1.0000
   2.8464117475  -2.1023923385  -4.3536340758
   3.2578417706  -2.4062792689  -3.7976429299
      
      
#  type   0  conf  1.0000
   3.2578417706  -2.4062792689  -3.7976429299
   3.2617908307  -2.4091960899  -3.5726790417
      
      
#  type   0  conf  1.0000
   3.2617908307  -2.4091960899  -3.5726790417
   2.9280277809  -2.1626748761  -2.9085713327
      
      
#  type   0  conf  1.0000
   2.9280277809  -2.1626748761  -2.9085713327
   0.6141384157  -0.4536096723  -1.1443787628
      
      
#  type   0  conf  1.0000
   0.6141384157  -0.4536096723  -1.1443787628
  -0.0286871466   0.0211886553  -0.8502099495
      
      
#  type   0  conf  1.0000
  -0.0286871466   0.0211886553  -0.8502099495
  -0.6419584426   0.4741578630  -1.1597999604
      
      
#  type   0  conf  1.0000
  -0.6419584426   0.4741578630  -1.1597999604
  -3.0161100631   2.2277334593  -2.9727348197
      
      
#  type   0  conf  1.0000
  -3.0161100631   2.2277334593  -2.9727348197
  -3.3317076011   2.4608374178  -3.5932639337
      
      
#  type   0  conf  1.0000
  -3.3317076011   2.4608374178  -3.5932639337
  -3.3289614873   2.4588091067  -3.8314549772
      
      
#  type   0  conf  1.0000
  -3.3289614873   2.4588091067  -3.8314549772
  -2.9189274697   2.1559532820  -4.3749610091
      
      
#  type   0  conf  1.0000
  -2.9189274697   2.1559532820  -4.3749610091
  -2.5111287743   1.8547484920  -4.5959988782
      
      
# 285  norm    -0.6004202253   -0.7996846585    0.0000000000
# nedges  13 
#  type   0  conf  1.0000
   2.4907529731  -1.8701102309  -4.5538358637
   2.8338107980  -2.1276853317  -4.3542340005
      
      
#  type   0  conf  1.0000
   2.8338107980  -2.1276853317  -4.3542340005
   3.2447862693  -2.4362544439  -3.7977884068
      
      
#  type   0  conf  1.0000
   3.2447862693  -2.4362544439  -3.7977884068
   3.2490974920  -2.4394914015  -3.5752251671
      
      
#  type   0  conf  1.0000
   3.2490974920  -2.4394914015  -3.5752251671
   2.9243235058  -2.1956441951  -2.9236911860
      
      
#  type   0  conf  1.0000
   2.9243235058  -2.1956441951  -2.9236911860
   2.8312580700  -2.1257686893  -2.8418259924
      
      
#  type   0  conf  1.0000
   2.8312580700  -2.1257686893  -2.8418259924
   0.6164514877  -0.4628448692  -1.1447032692
      
      
#  type   0  conf  1.0000
   0.6164514877  -0.4628448692  -1.1447032692
  -0.0272485254   0.0204587716  -0.8502900846
      
      
#  type   0  conf  1.0000
  -0.0272485254   0.0204587716  -0.8502900846
  -0.6401447343   0.4806342619  -1.1598696220
      
      
#  type   0  conf  1.0000
  -0.6401447343   0.4806342619  -1.1598696220
  -3.0000534706   2.2525038610  -2.9718705546
      
      
#  type   0  conf  1.0000
  -3.0000534706   2.2525038610  -2.9718705546
  -3.3142174007   2.4883848120  -3.5919435929
      
      
#  type   0  conf  1.0000
  -3.3142174007   2.4883848120  -3.5919435929
  -3.3115112576   2.4863529822  -3.8318176063
      
      
#  type   0  conf  1.0000
  -3.3115112576   2.4863529822  -3.8318176063
  -2.9030787054   2.1796931477  -4.3752792179
      
      
#  type   0  conf  1.0000
  -2.9030787054   2.1796931477  -4.3752792179
  -2.4953015620   1.8735254081  -4.5959848069
      
      
# 286  norm    -0.6066823510   -0.7949443534    0.0000000000
# nedges  13 
#  type   0  conf  1.0000
   2.4740574436  -1.8881409498  -4.5567079095
   2.8217364689  -2.1534811935  -4.3544083301
      
      
#  type   0  conf  1.0000
   2.8217364689  -2.1534811935  -4.3544083301
   3.2312353639  -2.4660008702  -3.7975491327
      
      
#  type   0  conf  1.0000
   3.2312353639  -2.4660008702  -3.7975491327
   3.2347422676  -2.4686772545  -3.5713442016
      
      
#  type   0  conf  1.0000
   3.2347422676  -2.4686772545  -3.5713442016
   2.9068611831  -2.2184463215  -2.9131062730
      
      
#  type   0  conf  1.0000
   2.9068611831  -2.2184463215  -2.9131062730
   2.2434257267  -1.7121283878  -2.3927008912
      
      
#  type   0  conf  1.0000
   2.2434257267  -1.7121283878  -2.3927008912
   0.6104387393  -0.4658721179  -1.1410117753
      
      
#  type   0  conf  1.0000
   0.6104387393  -0.4658721179  -1.1410117753
  -0.0255618334   0.0195081745  -0.8502963113
      
      
#  type   0  conf  1.0000
  -0.0255618334   0.0195081745  -0.8502963113
  -0.6398262365   0.4882999467  -1.1607951019
      
      
#  type   0  conf  1.0000
  -0.6398262365   0.4882999467  -1.1607951019
  -2.9840655134   2.2773668037  -2.9712914581
      
      
#  type   0  conf  1.0000
  -2.9840655134   2.2773668037  -2.9712914581
  -3.2971709715   2.5163213351  -3.5925716813
      
      
#  type   0  conf  1.0000
  -3.2971709715   2.5163213351  -3.5925716813
  -3.2935987032   2.5135950661  -3.8327756355
      
      
#  type   0  conf  1.0000
  -3.2935987032   2.5135950661  -3.8327756355
  -2.8868727194   2.2031916083  -4.3755831549
      
      
#  type   0  conf  1.0000
  -2.8868727194   2.2031916083  -4.3755831549
  -2.4803043111   1.8929084083  -4.5949711455
      
      
# 287  norm    -0.6129070537   -0.7901550124    0.0000000000
# nedges  14 
#  type   0  conf  1.0000
   2.4608073319  -1.9087978280  -4.5572378315
   2.8092934635  -2.1791113801  -4.3543122439
      
      
#  type   0  conf  1.0000
   2.8092934635  -2.1791113801  -4.3543122439
   3.2175483264  -2.4957863126  -3.7974189717
      
      
#  type   0  conf  1.0000
   3.2175483264  -2.4957863126  -3.7974189717
   3.2214011498  -2.4987748687  -3.5721464558
      
      
#  type   0  conf  1.0000
   3.2214011498  -2.4987748687  -3.5721464558
   2.8944795548  -2.2451884858  -2.9128074511
      
      
#  type   0  conf  1.0000
   2.8944795548  -2.2451884858  -2.9128074511
   2.2350782111  -1.7337043740  -2.3901543524
      
      
#  type   0  conf  1.0000
   2.2350782111  -1.7337043740  -2.3901543524
   0.6114702115  -0.4743049147  -1.1408739890
      
      
#  type   0  conf  1.0000
   0.6114702115  -0.4743049147  -1.1408739890
  -0.0234358811   0.0181787328  -0.8502302819
      
      
#  type   0  conf  1.0000
  -0.0234358811   0.0181787328  -0.8502302819
  -0.6381860262   0.4950278248  -1.1608684916
      
      
#  type   0  conf  1.0000
  -0.6381860262   0.4950278248  -1.1608684916
  -2.9672351989   2.3016235482  -2.9700983130
      
      
#  type   0  conf  1.0000
  -2.9672351989   2.3016235482  -2.9700983130
  -3.2798792156   2.5441351062  -3.5944082909
      
      
#  type   0  conf  1.0000
  -3.2798792156   2.5441351062  -3.5944082909
  -3.2760390770   2.5411563894  -3.8322161983
      
      
#  type   0  conf  1.0000
  -3.2760390770   2.5411563894  -3.8322161983
  -2.8791088718   2.2332657619  -4.3640472076
      
      
#  type   0  conf  1.0000
  -2.8791088718   2.2332657619  -4.3640472076
  -2.8582585204   2.2170925716  -4.3821893014
      
      
#  type   0  conf  1.0000
  -2.8582585204   2.2170925716  -4.3821893014
  -2.4638673905   1.9111714528  -4.5952025738
      
      
# 288  norm    -0.6190939493   -0.7853169309   -0.0000000000
# nedges  14 
#  type   0  conf  1.0000
   2.4456923100  -1.9280283558  -4.5588556191
   2.7961856735  -2.2043350443  -4.3543830504
      
      
#  type   0  conf  1.0000
   2.7961856735  -2.2043350443  -4.3543830504
   3.2023201034  -2.5245056127  -3.7982542487
      
      
#  type   0  conf  1.0000
   3.2023201034  -2.5245056127  -3.7982542487
   3.2073719131  -2.5284881384  -3.5730746417
      
      
#  type   0  conf  1.0000
   3.2073719131  -2.5284881384  -3.5730746417
   2.8824607241  -2.2723488100  -2.9138359117
      
      
#  type   0  conf  1.0000
   2.8824607241  -2.2723488100  -2.9138359117
   2.2376328723  -1.7640075204  -2.3961434273
      
      
#  type   0  conf  1.0000
   2.2376328723  -1.7640075204  -2.3961434273
   0.6117824603  -0.4822904035  -1.1403596741
      
      
#  type   0  conf  1.0000
   0.6117824603  -0.4822904035  -1.1403596741
  -0.0220882499   0.0174129722  -0.8503597940
      
      
#  type   0  conf  1.0000
  -0.0220882499   0.0174129722  -0.8503597940
  -0.6377740973   0.5027805580  -1.1619965472
      
      
#  type   0  conf  1.0000
  -0.6377740973   0.5027805580  -1.1619965472
  -2.9499490832   2.3255523424  -2.9685210491
      
      
#  type   0  conf  1.0000
  -2.9499490832   2.3255523424  -2.9685210491
  -3.2618612667   2.5714440811  -3.5958053420
      
      
#  type   0  conf  1.0000
  -3.2618612667   2.5714440811  -3.5958053420
  -3.2571840620   2.5677568702  -3.8330543501
      
      
#  type   0  conf  1.0000
  -3.2571840620   2.5677568702  -3.8330543501
  -2.8615150977   2.2558366096  -4.3647467307
      
      
#  type   0  conf  1.0000
  -2.8615150977   2.2558366096  -4.3647467307
  -2.8409451878   2.2396206002  -4.3824394425
      
      
#  type   0  conf  1.0000
  -2.8409451878   2.2396206002  -4.3824394425
  -2.4474023268   1.9293764243  -4.5951502775
      
      
# 289  norm    -0.6252426563   -0.7804304073    0.0000000000
# nedges  14 
#  type   0  conf  1.0000
   2.4409239044  -1.9555487992  -4.5542822134
   2.7838435725  -2.2302792584  -4.3536650387
      
      
#  type   0  conf  1.0000
   2.7838435725  -2.2302792584  -4.3536650387
   3.1886488072  -2.5545894056  -3.7958318934
      
      
#  type   0  conf  1.0000
   3.1886488072  -2.5545894056  -3.7958318934
   3.1913007580  -2.5567140188  -3.5703456394
      
      
#  type   0  conf  1.0000
   3.1913007580  -2.5567140188  -3.5703456394
   2.8691328482  -2.2986088529  -2.9134289018
      
      
#  type   0  conf  1.0000
   2.8691328482  -2.2986088529  -2.9134289018
   2.2303805582  -1.7868717720  -2.3945352988
      
      
#  type   0  conf  1.0000
   2.2303805582  -1.7868717720  -2.3945352988
   0.6123005193  -0.4905452165  -1.1402985463
      
      
#  type   0  conf  1.0000
   0.6123005193  -0.4905452165  -1.1402985463
  -0.0201181990   0.0161177167  -0.8502982595
      
      
#  type   0  conf  1.0000
  -0.0201181990   0.0161177167  -0.8502982595
  -0.6365158682   0.5099453693  -1.1625139706
      
      
#  type   0  conf  1.0000
  -0.6365158682   0.5099453693  -1.1625139706
  -2.9312125420   2.3483440661  -2.9658540967
      
      
#  type   0  conf  1.0000
  -2.9312125420   2.3483440661  -2.9658540967
  -3.2422207055   2.5975085892  -3.5928922982
      
      
#  type   0  conf  1.0000
  -3.2422207055   2.5975085892  -3.5928922982
  -3.2394079140   2.5952551183  -3.8304266785
      
      
#  type   0  conf  1.0000
  -3.2394079140   2.5952551183  -3.8304266785
  -2.8439769922   2.2784552119  -4.3658405920
      
      
#  type   0  conf  1.0000
  -2.8439769922   2.2784552119  -4.3658405920
  -2.8231673004   2.2617835051  -4.3829241340
      
      
#  type   0  conf  1.0000
  -2.8231673004   2.2617835051  -4.3829241340
  -2.4304185302   1.9471324074  -4.5954065553
      
      
# 290  norm    -0.6313527954   -0.7754957432    0.0000000000
# nedges  14 
#  type   0  conf  1.0000
   2.4255275786  -1.9746899073  -4.5553069645
   2.7691885385  -2.2544739159  -4.3541652508
      
      
#  type   0  conf  1.0000
   2.7691885385  -2.2544739159  -4.3541652508
   3.1717427753  -2.5822045901  -3.7977399525
      
      
#  type   0  conf  1.0000
   3.1717427753  -2.5822045901  -3.7977399525
   3.1762932240  -2.5859092378  -3.5720468519
      
      
#  type   0  conf  1.0000
   3.1762932240  -2.5859092378  -3.5720468519
   2.8552334610  -2.3245254963  -2.9136967332
      
      
#  type   0  conf  1.0000
   2.8552334610  -2.3245254963  -2.9136967332
   2.2286931750  -1.8144415087  -2.3982636661
      
      
#  type   0  conf  1.0000
   2.2286931750  -1.8144415087  -2.3982636661
   0.6136473268  -0.4995874685  -1.1408383662
      
      
#  type   0  conf  1.0000
   0.6136473268  -0.4995874685  -1.1408383662
  -0.0181282655   0.0147587284  -0.8503103551
      
      
#  type   0  conf  1.0000
  -0.0181282655   0.0147587284  -0.8503103551
  -0.6352920590   0.5172090510  -1.1631950984
      
      
#  type   0  conf  1.0000
  -0.6352920590   0.5172090510  -1.1631950984
  -2.9128399822   2.3714245780  -2.9640167650
      
      
#  type   0  conf  1.0000
  -2.9128399822   2.3714245780  -2.9640167650
  -3.2233917987   2.6242535060  -3.5941136060
      
      
#  type   0  conf  1.0000
  -3.2233917987   2.6242535060  -3.5941136060
  -3.2187037620   2.6204368441  -3.8332271371
      
      
#  type   0  conf  1.0000
  -3.2187037620   2.6204368441  -3.8332271371
  -2.8456418150   2.3167166687  -4.3394482695
      
      
#  type   0  conf  1.0000
  -2.8456418150   2.3167166687  -4.3394482695
  -2.8156697468   2.2923155689  -4.3773737371
      
      
#  type   0  conf  1.0000
  -2.8156697468   2.2923155689  -4.3773737371
  -2.4137723793   1.9651196705  -4.5953665989
      
      
# 291  norm    -0.6374239897   -0.7705132428    0.0000000000
# nedges  14 
#  type   0  conf  1.0000
   2.4082294519  -1.9922606650  -4.5576590543
   2.7548494487  -2.2790096643  -4.3543178796
      
      
#  type   0  conf  1.0000
   2.7548494487  -2.2790096643  -4.3543178796
   3.1561720331  -2.6110125796  -3.7975626507
      
      
#  type   0  conf  1.0000
   3.1561720331  -2.6110125796  -3.7975626507
   3.1602922949  -2.6144211566  -3.5716707684
      
      
#  type   0  conf  1.0000
   3.1602922949  -2.6144211566  -3.5716707684
   2.8414128198  -2.3506211127  -2.9138263002
      
      
#  type   0  conf  1.0000
   2.8414128198  -2.3506211127  -2.9138263002
   2.2132147847  -1.8309305018  -2.3903149506
      
      
#  type   0  conf  1.0000
   2.2132147847  -1.8309305018  -2.3903149506
   0.6113234708  -0.5057307573  -1.1392802309
      
      
#  type   0  conf  1.0000
   0.6113234708  -0.5057307573  -1.1392802309
  -0.0170103632   0.0140721963  -0.8503005138
      
      
#  type   0  conf  1.0000
  -0.0170103632   0.0140721963  -0.8503005138
  -0.6350319888   0.5253441491  -1.1644300093
      
      
#  type   0  conf  1.0000
  -0.6350319888   0.5253441491  -1.1644300093
  -2.8934064276   2.3936339658  -2.9609602604
      
      
#  type   0  conf  1.0000
  -2.8934064276   2.3936339658  -2.9609602604
  -3.2032187345   2.6499329958  -3.5921771661
      
      
#  type   0  conf  1.0000
  -3.2032187345   2.6499329958  -3.5921771661
  -3.2001913635   2.6474285367  -3.8305957184
      
      
#  type   0  conf  1.0000
  -3.2001913635   2.6474285367  -3.8305957184
  -2.8707899767   2.3749240105  -4.2811574885
      
      
#  type   0  conf  1.0000
  -2.8707899767   2.3749240105  -4.2811574885
  -2.7988818881   2.3154364661  -4.3765189625
      
      
#  type   0  conf  1.0000
  -2.7988818881   2.3154364661  -4.3765189625
  -2.3966999444   1.9827226269  -4.5956367774
      
      
# 292  norm    -0.6434558647   -0.7654832135    0.0000000000
# nedges  14 
#  type   0  conf  1.0000
   2.3942434411  -2.0125718717  -4.5576000312
   2.7404813078  -2.3036152049  -4.3539454017
      
      
#  type   0  conf  1.0000
   2.7404813078  -2.3036152049  -4.3539454017
   3.1396482394  -2.6391500653  -3.7974653152
      
      
#  type   0  conf  1.0000
   3.1396482394  -2.6391500653  -3.7974653152
   3.1430861539  -2.6420399343  -3.5700707512
      
      
#  type   0  conf  1.0000
   3.1430861539  -2.6420399343  -3.5700707512
   2.8271417924  -2.3764609526  -2.9145390920
      
      
#  type   0  conf  1.0000
   2.8271417924  -2.3764609526  -2.9145390920
   2.2143666418  -1.8613696254  -2.3963837277
      
      
#  type   0  conf  1.0000
   2.2143666418  -1.8613696254  -2.3963837277
   0.6124796383  -0.5148429232  -1.1396601863
      
      
#  type   0  conf  1.0000
   0.6124796383  -0.5148429232  -1.1396601863
  -0.0153404229   0.0128949726  -0.8502825613
      
      
#  type   0  conf  1.0000
  -0.0153404229   0.0128949726  -0.8502825613
  -0.6236166637   0.5242045711  -1.1601563007
      
      
#  type   0  conf  1.0000
  -0.6236166637   0.5242045711  -1.1601563007
  -2.2331236693   1.8771365542  -2.4408577467
      
      
#  type   0  conf  1.0000
  -2.2331236693   1.8771365542  -2.4408577467
  -2.8798354677   2.4207546142  -2.9706438659
      
      
#  type   0  conf  1.0000
  -2.8798354677   2.4207546142  -2.9706438659
  -3.1830812753   2.6756593462  -3.5920215010
      
      
#  type   0  conf  1.0000
  -3.1830812753   2.6756593462  -3.5920215010
  -3.1799395265   2.6730184304  -3.8316560085
      
      
#  type   0  conf  1.0000
  -3.1799395265   2.6730184304  -3.8316560085
  -2.7834832409   2.3397621060  -4.3751022954
      
      
#  type   0  conf  1.0000
  -2.7834832409   2.3397621060  -4.3751022954
  -2.3790163427   1.9997721583  -4.5957517274
      
      
# 293  norm    -0.6494480483   -0.7604059656   -0.0000000000
# nedges  14 
#  type   0  conf  1.0000
   2.3781907068  -2.0311667490  -4.5586746555
   2.7251292225  -2.3274802343  -4.3541698315
      
      
#  type   0  conf  1.0000
   2.7251292225  -2.3274802343  -4.3541698315
   3.1229294449  -2.6672337210  -3.7974419972
      
      
#  type   0  conf  1.0000
   3.1229294449  -2.6672337210  -3.7974419972
   3.1266027230  -2.6703709969  -3.5706379940
      
      
#  type   0  conf  1.0000
   3.1266027230  -2.6703709969  -3.5706379940
   2.8123255690  -2.4019529497  -2.9146519673
      
      
#  type   0  conf  1.0000
   2.8123255690  -2.4019529497  -2.9146519673
   2.2080318493  -1.8858373554  -2.3965290552
      
      
#  type   0  conf  1.0000
   2.2080318493  -1.8858373554  -2.3965290552
   0.6116604248  -0.5224073549  -1.1391027215
      
      
#  type   0  conf  1.0000
   0.6116604248  -0.5224073549  -1.1391027215
  -0.0136707241   0.0116759014  -0.8502449459
      
      
#  type   0  conf  1.0000
  -0.0136707241   0.0116759014  -0.8502449459
  -0.6204124519   0.5298822922  -1.1599211144
      
      
#  type   0  conf  1.0000
  -0.6204124519   0.5298822922  -1.1599211144
  -2.2306266908   1.9051351731  -2.4475339117
      
      
#  type   0  conf  1.0000
  -2.2306266908   1.9051351731  -2.4475339117
  -2.8611624281   2.4436635678  -2.9707399736
      
      
#  type   0  conf  1.0000
  -2.8611624281   2.4436635678  -2.9707399736
  -3.1626705354   2.7011758188  -3.5920386304
      
      
#  type   0  conf  1.0000
  -3.1626705354   2.7011758188  -3.5920386304
  -3.1593538771   2.6983431249  -3.8317720063
      
      
#  type   0  conf  1.0000
  -3.1593538771   2.6983431249  -3.8317720063
  -2.7645564260   2.3611542473  -4.3754987894
      
      
#  type   0  conf  1.0000
  -2.7645564260   2.3611542473  -4.3754987894
  -2.3613138835   2.0167525802  -4.5954674995
      
      
# 294  norm    -0.6554001709   -0.7552818123    0.0000000000
# nedges  15 
#  type   0  conf  1.0000
   2.3621563396  -2.0497748569  -4.5596448022
   2.7107735161  -2.3522894327  -4.3535894682
      
      
#  type   0  conf  1.0000
   2.7107735161  -2.3522894327  -4.3535894682
   3.1056931371  -2.6949832232  -3.7966673668
      
      
#  type   0  conf  1.0000
   3.1056931371  -2.6949832232  -3.7966673668
   3.1098200174  -2.6985643474  -3.5710787001
      
      
#  type   0  conf  1.0000
   3.1098200174  -2.6985643474  -3.5710787001
   2.7973488882  -2.4274157137  -2.9149154877
      
      
#  type   0  conf  1.0000
   2.7973488882  -2.4274157137  -2.9149154877
   2.2026458866  -1.9113587366  -2.3975145907
      
      
#  type   0  conf  1.0000
   2.2026458866  -1.9113587366  -2.3975145907
   0.6123053537  -0.5313315201  -1.1392353728
      
      
#  type   0  conf  1.0000
   0.6123053537  -0.5313315201  -1.1392353728
  -0.0120090454   0.0104209188  -0.8502491406
      
      
#  type   0  conf  1.0000
  -0.0120090454   0.0104209188  -0.8502491406
  -0.6169076611   0.5353251991  -1.1595620413
      
      
#  type   0  conf  1.0000
  -0.6169076611   0.5353251991  -1.1595620413
  -2.2214980961   1.9277178507  -2.4484273229
      
      
#  type   0  conf  1.0000
  -2.2214980961   1.9277178507  -2.4484273229
  -2.8428415172   2.4668922063  -2.9718038912
      
      
#  type   0  conf  1.0000
  -2.8428415172   2.4668922063  -2.9718038912
  -3.1422606610   2.7267149040  -3.5925063962
      
      
#  type   0  conf  1.0000
  -3.1422606610   2.7267149040  -3.5925063962
  -3.1384262138   2.7233875402  -3.8322727974
      
      
#  type   0  conf  1.0000
  -3.1384262138   2.7233875402  -3.8322727974
  -2.7811773674   2.4133827828  -4.3264996245
      
      
#  type   0  conf  1.0000
  -2.7811773674   2.4133827828  -4.3264996245
  -2.7422724587   2.3796228227  -4.3774093496
      
      
#  type   0  conf  1.0000
  -2.7422724587   2.3796228227  -4.3774093496
  -2.3434825277   2.0335705484  -4.5952513342
      
      
# 295  norm    -0.6613118653   -0.7501110696   -0.0000000000
# nedges  15 
#  type   0  conf  1.0000
   2.3457513525  -2.0680580055  -4.5605115197
   2.6949521016  -2.3759198783  -4.3536799445
      
      
#  type   0  conf  1.0000
   2.6949521016  -2.3759198783  -4.3536799445
   3.0878450890  -2.7223016408  -3.7972251801
      
      
#  type   0  conf  1.0000
   3.0878450890  -2.7223016408  -3.7972251801
   3.0925227416  -2.7264255463  -3.5714477148
      
      
#  type   0  conf  1.0000
   3.0925227416  -2.7264255463  -3.5714477148
   2.7816353480  -2.4523414400  -2.9144935185
      
      
#  type   0  conf  1.0000
   2.7816353480  -2.4523414400  -2.9144935185
   2.1942328539  -1.9344764800  -2.3963257795
      
      
#  type   0  conf  1.0000
   2.1942328539  -1.9344764800  -2.3963257795
   0.6119321751  -0.5394907828  -1.1388314334
      
      
#  type   0  conf  1.0000
   0.6119321751  -0.5394907828  -1.1388314334
  -0.0104243862   0.0091903327  -0.8502756848
      
      
#  type   0  conf  1.0000
  -0.0104243862   0.0091903327  -0.8502756848
  -0.6133624552   0.5407517443  -1.1592358091
      
      
#  type   0  conf  1.0000
  -0.6133624552   0.5407517443  -1.1592358091
  -2.2097314919   1.9481403674  -2.4474805647
      
      
#  type   0  conf  1.0000
  -2.2097314919   1.9481403674  -2.4474805647
  -2.8231860933   2.4889733496  -2.9714759512
      
      
#  type   0  conf  1.0000
  -2.8231860933   2.4889733496  -2.9714759512
  -3.1210909549   2.7516118143  -3.5924590448
      
      
#  type   0  conf  1.0000
  -3.1210909549   2.7516118143  -3.5924590448
  -3.1169836113   2.7479907038  -3.8324489138
      
      
#  type   0  conf  1.0000
  -3.1169836113   2.7479907038  -3.8324489138
  -2.7334911182   2.4098965918  -4.3658548065
      
      
#  type   0  conf  1.0000
  -2.7334911182   2.4098965918  -4.3658548065
  -2.7136425313   2.3923977086  -4.3825283618
      
      
#  type   0  conf  1.0000
  -2.7136425313   2.3923977086  -4.3825283618
  -2.3251206450   2.0498695901  -4.5952813456
      
      
# 296  norm    -0.6671827669   -0.7448940566    0.0000000000
# nedges  15 
#  type   0  conf  1.0000
   2.3393978572  -2.0953394935  -4.5553964841
   2.6782727850  -2.3988611956  -4.3540763907
      
      
#  type   0  conf  1.0000
   2.6782727850  -2.3988611956  -4.3540763907
   3.0701520320  -2.7498575259  -3.7973243212
      
      
#  type   0  conf  1.0000
   3.0701520320  -2.7498575259  -3.7973243212
   3.0746797490  -2.7539128875  -3.5735850680
      
      
#  type   0  conf  1.0000
   3.0746797490  -2.7539128875  -3.5735850680
   2.7699401897  -2.4809653717  -2.9232519519
      
      
#  type   0  conf  1.0000
   2.7699401897  -2.4809653717  -2.9232519519
   2.7519103076  -2.4648164622  -2.9019660260
      
      
#  type   0  conf  1.0000
   2.7519103076  -2.4648164622  -2.9019660260
   2.1862461706  -1.9581654013  -2.3960093588
      
      
#  type   0  conf  1.0000
   2.1862461706  -1.9581654013  -2.3960093588
   0.6122593530  -0.5483852174  -1.1390749259
      
      
#  type   0  conf  1.0000
   0.6122593530  -0.5483852174  -1.1390749259
  -0.0087916520   0.0078744603  -0.8503231254
      
      
#  type   0  conf  1.0000
  -0.0087916520   0.0078744603  -0.8503231254
  -0.6096516347   0.5460495501  -1.1590223454
      
      
#  type   0  conf  1.0000
  -0.6096516347   0.5460495501  -1.1590223454
  -2.1959017556   1.9668136645  -2.4449790353
      
      
#  type   0  conf  1.0000
  -2.1959017556   1.9668136645  -2.4449790353
  -2.8035551940   2.5110734808  -2.9716018744
      
      
#  type   0  conf  1.0000
  -2.8035551940   2.5110734808  -2.9716018744
  -3.0994172855   2.7760696733  -3.5923165746
      
      
#  type   0  conf  1.0000
  -3.0994172855   2.7760696733  -3.5923165746
  -3.0954856094   2.7725481705  -3.8319936081
      
      
#  type   0  conf  1.0000
  -3.0954856094   2.7725481705  -3.8319936081
  -2.7069485022   2.4245453103  -4.3753932505
      
      
#  type   0  conf  1.0000
  -2.7069485022   2.4245453103  -4.3753932505
  -2.3059891794   2.0654161858  -4.5959471870
      
      
# 297  norm    -0.6730125135   -0.7396310950    0.0000000000
# nedges  15 
#  type   0  conf  1.0000
   2.3227977911  -2.1135833666  -4.5559394785
   2.6618098619  -2.4220606162  -4.3542169683
      
      
#  type   0  conf  1.0000
   2.6618098619  -2.4220606162  -4.3542169683
   3.0515433321  -2.7766907881  -3.7973660573
      
      
#  type   0  conf  1.0000
   3.0515433321  -2.7766907881  -3.7973660573
   3.0557307214  -2.7805010192  -3.5707156544
      
      
#  type   0  conf  1.0000
   3.0557307214  -2.7805010192  -3.5707156544
   2.7497443302  -2.5020748259  -2.9150722991
      
      
#  type   0  conf  1.0000
   2.7497443302  -2.5020748259  -2.9150722991
   2.1802023658  -1.9838315130  -2.3973969375
      
      
#  type   0  conf  1.0000
   2.1802023658  -1.9838315130  -2.3973969375
   0.6118357762  -0.5567277206  -1.1389026677
      
      
#  type   0  conf  1.0000
   0.6118357762  -0.5567277206  -1.1389026677
  -0.0071360427   0.0064932993  -0.8502683333
      
      
#  type   0  conf  1.0000
  -0.0071360427   0.0064932993  -0.8502683333
  -0.6059945638   0.5514126263  -1.1586345211
      
      
#  type   0  conf  1.0000
  -0.6059945638   0.5514126263  -1.1586345211
  -2.1849629031   1.9881632686  -2.4450539229
      
      
#  type   0  conf  1.0000
  -2.1849629031   1.9881632686  -2.4450539229
  -2.7837929807   2.5330567140  -2.9720226574
      
      
#  type   0  conf  1.0000
  -2.7837929807   2.5330567140  -2.9720226574
  -3.0772514455   2.8000833714  -3.5919946885
      
      
#  type   0  conf  1.0000
  -3.0772514455   2.8000833714  -3.5919946885
  -3.0736139532   2.7967735081  -3.8317977197
      
      
#  type   0  conf  1.0000
  -3.0736139532   2.7967735081  -3.8317977197
  -2.6951916351   2.4524356927  -4.3639502742
      
      
#  type   0  conf  1.0000
  -2.6951916351   2.4524356927  -4.3639502742
  -2.6758466860   2.4348331434  -4.3818102925
      
      
#  type   0  conf  1.0000
  -2.6758466860   2.4348331434  -4.3818102925
  -2.2877345443   2.0816782669  -4.5953054818
      
      
# 298  norm    -0.6788007455   -0.7343225094    0.0000000000
# nedges  15 
#  type   0  conf  1.0000
   2.3060573587  -2.1316974956  -4.5565597787
   2.6450514996  -2.4450604562  -4.3540918506
      
      
#  type   0  conf  1.0000
   2.6450514996  -2.4450604562  -4.3540918506
   3.0320105429  -2.8027617164  -3.7976155948
      
      
#  type   0  conf  1.0000
   3.0320105429  -2.8027617164  -3.7976155948
   3.0367468059  -2.8071398730  -3.5706393580
      
      
#  type   0  conf  1.0000
   3.0367468059  -2.8071398730  -3.5706393580
   2.7323073570  -2.5257189411  -2.9143781566
      
      
#  type   0  conf  1.0000
   2.7323073570  -2.5257189411  -2.9143781566
   2.1691605637  -2.0051514000  -2.3956336414
      
      
#  type   0  conf  1.0000
   2.1691605637  -2.0051514000  -2.3956336414
   0.6102165955  -0.5640784188  -1.1382970546
      
      
#  type   0  conf  1.0000
   0.6102165955  -0.5640784188  -1.1382970546
  -0.0058665183   0.0054229537  -0.8502728163
      
      
#  type   0  conf  1.0000
  -0.0058665183   0.0054229537  -0.8502728163
  -0.6027747123   0.5571992127  -1.1588355519
      
      
#  type   0  conf  1.0000
  -0.6027747123   0.5571992127  -1.1588355519
  -2.1732868352   2.0089656861  -2.4452747602
      
      
#  type   0  conf  1.0000
  -2.1732868352   2.0089656861  -2.4452747602
  -2.7636996248   2.5547376550  -2.9723575349
      
      
#  type   0  conf  1.0000
  -2.7636996248   2.5547376550  -2.9723575349
  -3.0548836864   2.8239054328  -3.5921286308
      
      
#  type   0  conf  1.0000
  -3.0548836864   2.8239054328  -3.5921286308
  -3.0511420105   2.8204466632  -3.8318742232
      
      
#  type   0  conf  1.0000
  -3.0511420105   2.8204466632  -3.8318742232
  -2.6672802701   2.4656085203  -4.3748479920
      
      
#  type   0  conf  1.0000
  -2.6672802701   2.4656085203  -4.3748479920
  -2.5519456337   2.3589942790  -4.4392700029
      
      
#  type   0  conf  1.0000
  -2.5519456337   2.3589942790  -4.4392700029
  -2.2688701564   2.0973219994  -4.5952018102
      
      
# 299  norm    -0.6845471059   -0.7289686274    0.0000000000
# nedges  15 
#  type   0  conf  1.0000
   2.2893776814  -2.1498687423  -4.5570057640
   2.6281406953  -2.4679883869  -4.3538367380
      
      
#  type   0  conf  1.0000
   2.6281406953  -2.4679883869  -4.3538367380
   3.0127155355  -2.8291282000  -3.7975608026
      
      
#  type   0  conf  1.0000
   3.0127155355  -2.8291282000  -3.7975608026
   3.0179296544  -2.8340245836  -3.5740095840
      
      
#  type   0  conf  1.0000
   3.0179296544  -2.8340245836  -3.5740095840
   2.7257359684  -2.5596364487  -2.9362869232
      
      
#  type   0  conf  1.0000
   2.7257359684  -2.5596364487  -2.9362869232
   2.7103979852  -2.5452331237  -2.9101702375
      
      
#  type   0  conf  1.0000
   2.7103979852  -2.5452331237  -2.9101702375
   2.1623408852  -2.0305732501  -2.3972897621
      
      
#  type   0  conf  1.0000
   2.1623408852  -2.0305732501  -2.3972897621
   0.6105555794  -0.5733498524  -1.1387913752
      
      
#  type   0  conf  1.0000
   0.6105555794  -0.5733498524  -1.1387913752
  -0.0042850672   0.0040239460  -0.8501772218
      
      
#  type   0  conf  1.0000
  -0.0042850672   0.0040239460  -0.8501772218
  -0.5990833297   0.5625766928  -1.1586355369
      
      
#  type   0  conf  1.0000
  -0.5990833297   0.5625766928  -1.1586355369
  -2.1619667954   2.0302219564  -2.4455486108
      
      
#  type   0  conf  1.0000
  -2.1619667954   2.0302219564  -2.4455486108
  -2.7432482818   2.5760816056  -2.9725810179
      
      
#  type   0  conf  1.0000
  -2.7432482818   2.5760816056  -2.9725810179
  -3.0322912476   2.8475110173  -3.5921516373
      
      
#  type   0  conf  1.0000
  -3.0322912476   2.8475110173  -3.5921516373
  -3.0283234662   2.8437850226  -3.8320417450
      
      
#  type   0  conf  1.0000
  -3.0283234662   2.8437850226  -3.8320417450
  -2.6462768272   2.4850193484  -4.3757224949
      
      
#  type   0  conf  1.0000
  -2.6462768272   2.4850193484  -4.3757224949
  -2.2494903847   2.1124120775  -4.5954399754
      
      
# 300  norm    -0.6902512402   -0.7235697792    0.0000000000
# nedges  14 
#  type   0  conf  1.0000
   2.2725390048  -2.1678943920  -4.5574073888
   2.6108080756  -2.4905870367  -4.3536273378
      
      
#  type   0  conf  1.0000
   2.6108080756  -2.4905870367  -4.3536273378
   2.9933791416  -2.8555416829  -3.7960810928
      
      
#  type   0  conf  1.0000
   2.9933791416  -2.8555416829  -3.7960810928
   2.9973179693  -2.8592991377  -3.5699668873
      
      
#  type   0  conf  1.0000
   2.9973179693  -2.8592991377  -3.5699668873
   2.6974339931  -2.5732240521  -2.9142083348
      
      
#  type   0  conf  1.0000
   2.6974339931  -2.5732240521  -2.9142083348
   2.1515988326  -2.0525232057  -2.3961806903
      
      
#  type   0  conf  1.0000
   2.1515988326  -2.0525232057  -2.3961806903
   0.6092381678  -0.5811843073  -1.1383614582
      
      
#  type   0  conf  1.0000
   0.6092381678  -0.5811843073  -1.1383614582
  -0.0028735774   0.0027412565  -0.8502665047
      
      
#  type   0  conf  1.0000
  -0.0028735774   0.0027412565  -0.8502665047
  -0.5955436910   0.5681204262  -1.1585919975
      
      
#  type   0  conf  1.0000
  -0.5955436910   0.5681204262  -1.1585919975
  -2.1518960433   2.0528067306  -2.4475322193
      
      
#  type   0  conf  1.0000
  -2.1518960433   2.0528067306  -2.4475322193
  -2.7223654546   2.5970074835  -2.9729263885
      
      
#  type   0  conf  1.0000
  -2.7223654546   2.5970074835  -2.9729263885
  -3.0094067115   2.8708312242  -3.5926474845
      
      
#  type   0  conf  1.0000
  -3.0094067115   2.8708312242  -3.5926474845
  -3.0042141833   2.8658777986  -3.8339225273
      
      
#  type   0  conf  1.0000
  -3.0042141833   2.8658777986  -3.8339225273
  -2.6246086963   2.5037521741  -4.3763158784
      
      
#  type   0  conf  1.0000
  -2.6246086963   2.5037521741  -4.3763158784
  -2.2298921763   2.1272113410  -4.5955824866
      
      
# 301  norm    -0.6959127966   -0.7181262978    0.0000000000
# nedges  15 
#  type   0  conf  1.0000
   2.2541560549  -2.1844291860  -4.5583723542
   2.5791403733  -2.4993609001  -4.3620956702
      
      
#  type   0  conf  1.0000
   2.5791403733  -2.4993609001  -4.3620956702
   2.5984598037  -2.5180827306  -4.3455101913
      
      
#  type   0  conf  1.0000
   2.5984598037  -2.5180827306  -4.3455101913
   2.9728348163  -2.8808773572  -3.7962001500
      
      
#  type   0  conf  1.0000
   2.9728348163  -2.8808773572  -3.7962001500
   2.9771341517  -2.8850437030  -3.5699042724
      
      
#  type   0  conf  1.0000
   2.9771341517  -2.8850437030  -3.5699042724
   2.6796739594  -2.5967847228  -2.9146557434
      
      
#  type   0  conf  1.0000
   2.6796739594  -2.5967847228  -2.9146557434
   2.1430838390  -2.0767927206  -2.3971258921
      
      
#  type   0  conf  1.0000
   2.1430838390  -2.0767927206  -2.3971258921
   0.6084553403  -0.5896342451  -1.1384742948
      
      
#  type   0  conf  1.0000
   0.6084553403  -0.5896342451  -1.1384742948
  -0.0014724512   0.0014269045  -0.8502920496
      
      
#  type   0  conf  1.0000
  -0.0014724512   0.0014269045  -0.8502920496
  -0.5918591669   0.5735514342  -1.1585271307
      
      
#  type   0  conf  1.0000
  -0.5918591669   0.5735514342  -1.1585271307
  -2.1360841531   2.0700095532  -2.4447269294
      
      
#  type   0  conf  1.0000
  -2.1360841531   2.0700095532  -2.4447269294
  -2.7008551496   2.6173107240  -2.9725228521
      
      
#  type   0  conf  1.0000
  -2.7008551496   2.6173107240  -2.9725228521
  -2.9854735429   2.8931251353  -3.5916932018
      
      
#  type   0  conf  1.0000
  -2.9854735429   2.8931251353  -3.5916932018
  -2.9822006633   2.8899534943  -3.8309078081
      
      
#  type   0  conf  1.0000
  -2.9822006633   2.8899534943  -3.8309078081
  -2.6050772449   2.5244954773  -4.3749828212
      
      
#  type   0  conf  1.0000
  -2.6050772449   2.5244954773  -4.3749828212
  -2.2104460204   2.1420712158  -4.5952713876
      
      
# 302  norm    -0.7015314258   -0.7126385189    0.0000000000
# nedges  14 
#  type   0  conf  1.0000
   2.2369596000  -2.2020946327  -4.5585243395
   2.5743553562  -2.5342317817  -4.3539134517
      
      
#  type   0  conf  1.0000
   2.5743553562  -2.5342317817  -4.3539134517
   2.9517960979  -2.9057897800  -3.7977331341
      
      
#  type   0  conf  1.0000
   2.9517960979  -2.9057897800  -3.7977331341
   2.9570990704  -2.9110101011  -3.5725202841
      
      
#  type   0  conf  1.0000
   2.9570990704  -2.9110101011  -3.5725202841
   2.6621397460  -2.6206479751  -2.9152117222
      
      
#  type   0  conf  1.0000
   2.6621397460  -2.6206479751  -2.9152117222
   2.1338472300  -2.1005893589  -2.3975505873
      
      
#  type   0  conf  1.0000
   2.1338472300  -2.1005893589  -2.3975505873
   0.6074486298  -0.5979810128  -1.1382034654
      
      
#  type   0  conf  1.0000
   0.6074486298  -0.5979810128  -1.1382034654
  -0.0000054166   0.0000053322  -0.8502745464
      
      
#  type   0  conf  1.0000
  -0.0000054166   0.0000053322  -0.8502745464
  -0.5885192945   0.5793467077  -1.1585781776
      
      
#  type   0  conf  1.0000
  -0.5885192945   0.5793467077  -1.1585781776
  -2.1237265471   2.0906264158  -2.4450408312
      
      
#  type   0  conf  1.0000
  -2.1237265471   2.0906264158  -2.4450408312
  -2.6794593290   2.6376976173  -2.9728767668
      
      
#  type   0  conf  1.0000
  -2.6794593290   2.6376976173  -2.9728767668
  -2.9617380101   2.9155767388  -3.5921925869
      
      
#  type   0  conf  1.0000
  -2.9617380101   2.9155767388  -3.5921925869
  -2.9584013799   2.9122921129  -3.8315806282
      
      
#  type   0  conf  1.0000
  -2.9584013799   2.9122921129  -3.8315806282
  -2.5812758791   2.5410444422  -4.3769882093
      
      
#  type   0  conf  1.0000
  -2.5812758791   2.5410444422  -4.3769882093
  -2.1901076229   2.1559728845  -4.5950726638
      
      
# 303  norm    -0.7071067812   -0.7071067812    0.0000000000
# nedges  14 
#  type   0  conf  1.0000
   2.2193921335  -2.2193921335  -4.5588158740
   2.5556167030  -2.5556167030  -4.3540975235
      
      
#  type   0  conf  1.0000
   2.5556167030  -2.5556167030  -4.3540975235
   2.9312891636  -2.9312891636  -3.7973394107
      
      
#  type   0  conf  1.0000
   2.9312891636  -2.9312891636  -3.7973394107
   2.9354247862  -2.9354247862  -3.5686804992
      
      
#  type   0  conf  1.0000
   2.9354247862  -2.9354247862  -3.5686804992
   2.6422934158  -2.6422934158  -2.9137786931
      
      
#  type   0  conf  1.0000
   2.6422934158  -2.6422934158  -2.9137786931
   2.1228743999  -2.1228743999  -2.3967294861
      
      
#  type   0  conf  1.0000
   2.1228743999  -2.1228743999  -2.3967294861
   0.6066451556  -0.6066451556  -1.1382692162
      
      
#  type   0  conf  1.0000
   0.6066451556  -0.6066451556  -1.1382692162
   0.0015623676  -0.0015623676  -0.8502159145
      
      
#  type   0  conf  1.0000
   0.0015623676  -0.0015623676  -0.8502159145
  -0.5846627799   0.5846627799  -1.1584899114
      
      
#  type   0  conf  1.0000
  -0.5846627799   0.5846627799  -1.1584899114
  -2.1109528933   2.1109528933  -2.4452737649
      
      
#  type   0  conf  1.0000
  -2.1109528933   2.1109528933  -2.4452737649
  -2.6573170394   2.6573170394  -2.9727769331
      
      
#  type   0  conf  1.0000
  -2.6573170394   2.6573170394  -2.9727769331
  -2.9376520739   2.9376520739  -3.5919235626
      
      
#  type   0  conf  1.0000
  -2.9376520739   2.9376520739  -3.5919235626
  -2.9337696473   2.9337696473  -3.8323648461
      
      
#  type   0  conf  1.0000
  -2.9337696473   2.9337696473  -3.8323648461
  -2.5602055106   2.5602055106  -4.3764524022
      
      
#  type   0  conf  1.0000
  -2.5602055106   2.5602055106  -4.3764524022
  -2.1702152707   2.1702152707  -4.5952141114
      
      
# 304  norm    -0.7126385189   -0.7015314258    0.0000000000
# nedges  14 
#  type   0  conf  1.0000
   2.2032488085  -2.2381320494  -4.5580251272
   2.5364071628  -2.5765651794  -4.3541952232
      
      
#  type   0  conf  1.0000
   2.5364071628  -2.5765651794  -4.3541952232
   2.9101088577  -2.9561835580  -3.7971864058
      
      
#  type   0  conf  1.0000
   2.9101088577  -2.9561835580  -3.7971864058
   2.9142250868  -2.9603649579  -3.5690455370
      
      
#  type   0  conf  1.0000
   2.9142250868  -2.9603649579  -3.5690455370
   2.6237094090  -2.6652496505  -2.9141619393
      
      
#  type   0  conf  1.0000
   2.6237094090  -2.6652496505  -2.9141619393
   2.1122536132  -2.1456961602  -2.3965935968
      
      
#  type   0  conf  1.0000
   2.1122536132  -2.1456961602  -2.3965935968
   0.6044799381  -0.6140504502  -1.1374303901
      
      
#  type   0  conf  1.0000
   0.6044799381  -0.6140504502  -1.1374303901
   0.0028666459  -0.0029120325  -0.8503274385
      
      
#  type   0  conf  1.0000
   0.0028666459  -0.0029120325  -0.8503274385
  -0.5809368215   0.5901345839  -1.1586794306
      
      
#  type   0  conf  1.0000
  -0.5809368215   0.5901345839  -1.1586794306
  -2.0958431966   2.1290259234  -2.4438483800
      
      
#  type   0  conf  1.0000
  -2.0958431966   2.1290259234  -2.4438483800
  -2.6349582601   2.6766766005  -2.9725562822
      
      
#  type   0  conf  1.0000
  -2.6349582601   2.6766766005  -2.9725562822
  -2.9134194929   2.9595466093  -3.5932887417
      
      
#  type   0  conf  1.0000
  -2.9134194929   2.9595466093  -3.5932887417
  -2.9094813458   2.9555461109  -3.8312182538
      
      
#  type   0  conf  1.0000
  -2.9094813458   2.9555461109  -3.8312182538
  -2.5393663729   2.5795712416  -4.3754295288
      
      
#  type   0  conf  1.0000
  -2.5393663729   2.5795712416  -4.3754295288
  -2.1495483476   2.1835813686  -4.5954874927
      
      
# 305  norm    -0.7181262978   -0.6959127966    0.0000000000
# nedges  14 
#  type   0  conf  1.0000
   2.1787182917  -2.2482628690  -4.5625443441
   2.5172285665  -2.5975783746  -4.3539898799
      
      
#  type   0  conf  1.0000
   2.5172285665  -2.5975783746  -4.3539898799
   2.8884232463  -2.9806215698  -3.7971502575
      
      
#  type   0  conf  1.0000
   2.8884232463  -2.9806215698  -3.7971502575
   2.8924633485  -2.9847906319  -3.5689569042
      
      
#  type   0  conf  1.0000
   2.8924633485  -2.9847906319  -3.5689569042
   2.6047180818  -2.6878605509  -2.9149125739
      
      
#  type   0  conf  1.0000
   2.6047180818  -2.6878605509  -2.9149125739
   2.1018844637  -2.1689765092  -2.3969299824
      
      
#  type   0  conf  1.0000
   2.1018844637  -2.1689765092  -2.3969299824
   0.6036345945  -0.6229025801  -1.1377289794
      
      
#  type   0  conf  1.0000
   0.6036345945  -0.6229025801  -1.1377289794
   0.0041060051  -0.0042370685  -0.8502963429
      
      
#  type   0  conf  1.0000
   0.0041060051  -0.0042370685  -0.8502963429
  -0.5775065393   0.5959405187  -1.1589495549
      
      
#  type   0  conf  1.0000
  -0.5775065393   0.5959405187  -1.1589495549
  -2.0832576332   2.1497551112  -2.4448679635
      
      
#  type   0  conf  1.0000
  -2.0832576332   2.1497551112  -2.4448679635
  -2.6121647147   2.6955448799  -2.9724996591
      
      
#  type   0  conf  1.0000
  -2.6121647147   2.6955448799  -2.9724996591
  -2.8885987311   2.9808026561  -3.5932340087
      
      
#  type   0  conf  1.0000
  -2.8885987311   2.9808026561  -3.5932340087
  -2.8843060010   2.9763729022  -3.8320611195
      
      
#  type   0  conf  1.0000
  -2.8843060010   2.9763729022  -3.8320611195
  -2.5160378701   2.5963496713  -4.3761537637
      
      
#  type   0  conf  1.0000
  -2.5160378701   2.5963496713  -4.3761537637
  -2.1285140323   2.1964560923  -4.5960544409
      
      
# 306  norm    -0.7235697792   -0.6902512402    0.0000000000
# nedges  15 
#  type   0  conf  1.0000
   2.1677143419  -2.2723502636  -4.5580216080
   2.4981948706  -2.6187831408  -4.3539034659
      
      
#  type   0  conf  1.0000
   2.4981948706  -2.6187831408  -4.3539034659
   2.8651051177  -3.0034042049  -3.7985578175
      
      
#  type   0  conf  1.0000
   2.8651051177  -3.0034042049  -3.7985578175
   2.8708397006  -3.0094155970  -3.5713450232
      
      
#  type   0  conf  1.0000
   2.8708397006  -3.0094155970  -3.5713450232
   2.5852544013  -2.7100450492  -2.9150258353
      
      
#  type   0  conf  1.0000
   2.5852544013  -2.7100450492  -2.9150258353
   2.0903383120  -2.1912392803  -2.3972356678
      
      
#  type   0  conf  1.0000
   2.0903383120  -2.1912392803  -2.3972356678
   0.6020957633  -0.6311590231  -1.1378611475
      
      
#  type   0  conf  1.0000
   0.6020957633  -0.6311590231  -1.1378611475
   0.0055575478  -0.0058258115  -0.8503132827
      
      
#  type   0  conf  1.0000
   0.0055575478  -0.0058258115  -0.8503132827
  -0.5730243895   0.6006843695  -1.1585916463
      
      
#  type   0  conf  1.0000
  -0.5730243895   0.6006843695  -1.1585916463
  -2.0688849650   2.1687503767  -2.4448477399
      
      
#  type   0  conf  1.0000
  -2.0688849650   2.1687503767  -2.4448477399
  -2.5890419434   2.7140154166  -2.9721637435
      
      
#  type   0  conf  1.0000
  -2.5890419434   2.7140154166  -2.9721637435
  -2.8632046027   3.0014119518  -3.5919835830
      
      
#  type   0  conf  1.0000
  -2.8632046027   3.0014119518  -3.5919835830
  -2.8592986673   2.9973174762  -3.8318651993
      
      
#  type   0  conf  1.0000
  -2.8592986673   2.9973174762  -3.8318651993
  -2.4978338523   2.6184046962  -4.3700307131
      
      
#  type   0  conf  1.0000
  -2.4978338523   2.6184046962  -4.3700307131
  -2.4793481459   2.5990266817  -4.3846027069
      
      
#  type   0  conf  1.0000
  -2.4793481459   2.5990266817  -4.3846027069
  -2.1086585811   2.2104438717  -4.5952330524
      
      
# 307  norm    -0.7289686274   -0.6845471059   -0.0000000000
# nedges  15 
#  type   0  conf  1.0000
   2.1497672206  -2.2892695718  -4.5580194763
   2.4794330858  -2.6403280617  -4.3526077984
      
      
#  type   0  conf  1.0000
   2.4794330858  -2.6403280617  -4.3526077984
   2.8432430789  -3.0277463548  -3.7969246139
      
      
#  type   0  conf  1.0000
   2.8432430789  -3.0277463548  -3.7969246139
   2.8478801468  -3.0326843305  -3.5692734061
      
      
#  type   0  conf  1.0000
   2.8478801468  -3.0326843305  -3.5692734061
   2.5648759831  -2.7313155059  -2.9146353928
      
      
#  type   0  conf  1.0000
   2.5648759831  -2.7313155059  -2.9146353928
   2.0788959612  -2.2137993460  -2.3974139050
      
      
#  type   0  conf  1.0000
   2.0788959612  -2.2137993460  -2.3974139050
   0.6002026020  -0.6391508534  -1.1375253148
      
      
#  type   0  conf  1.0000
   0.6002026020  -0.6391508534  -1.1375253148
   0.0068600077  -0.0073051663  -0.8502713091
      
      
#  type   0  conf  1.0000
   0.0068600077  -0.0073051663  -0.8502713091
  -0.5693399049   0.6062854191  -1.1588343524
      
      
#  type   0  conf  1.0000
  -0.5693399049   0.6062854191  -1.1588343524
  -2.0542881349   2.1875946725  -2.4445870522
      
      
#  type   0  conf  1.0000
  -2.0542881349   2.1875946725  -2.4445870522
  -2.5663541621   2.7328896066  -2.9725336433
      
      
#  type   0  conf  1.0000
  -2.5663541621   2.7328896066  -2.9725336433
  -2.8376824470   3.0218248832  -3.5920487385
      
      
#  type   0  conf  1.0000
  -2.8376824470   3.0218248832  -3.5920487385
  -2.8338873846   3.0177835522  -3.8313608770
      
      
#  type   0  conf  1.0000
  -2.8338873846   3.0177835522  -3.8313608770
  -2.4771332599   2.6378789959  -4.3674864844
      
      
#  type   0  conf  1.0000
  -2.4771332599   2.6378789959  -4.3674864844
  -2.4589286723   2.6184930791  -4.3831163925
      
      
#  type   0  conf  1.0000
  -2.4589286723   2.6184930791  -4.3831163925
  -2.0878396102   2.2233233648  -4.5950883822
      
      
# 308  norm    -0.7343225094   -0.6788007455   -0.0000000000
# nedges  14 
#  type   0  conf  1.0000
   2.1318642569  -2.3062377600  -4.5574867457
   2.4584236561  -2.6595077279  -4.3535335235
      
      
#  type   0  conf  1.0000
   2.4584236561  -2.6595077279  -4.3535335235
   2.8201942978  -3.0508690032  -3.7971023605
      
      
#  type   0  conf  1.0000
   2.8201942978  -3.0508690032  -3.7971023605
   2.8251543476  -3.0562347547  -3.5712523391
      
      
#  type   0  conf  1.0000
   2.8251543476  -3.0562347547  -3.5712523391
   2.5452145524  -2.7533975905  -2.9156107138
      
      
#  type   0  conf  1.0000
   2.5452145524  -2.7533975905  -2.9156107138
   2.0667937022  -2.2358448306  -2.3975924621
      
      
#  type   0  conf  1.0000
   2.0667937022  -2.2358448306  -2.3975924621
   0.5985347688  -0.6474912650  -1.1376601531
      
      
#  type   0  conf  1.0000
   0.5985347688  -0.6474912650  -1.1376601531
   0.0082368577  -0.0089105824  -0.8502602266
      
      
#  type   0  conf  1.0000
   0.0082368577  -0.0089105824  -0.8502602266
  -0.5655535154   0.6118123461  -1.1591386172
      
      
#  type   0  conf  1.0000
  -0.5655535154   0.6118123461  -1.1591386172
  -2.0388624961   2.2056290221  -2.4441362024
      
      
#  type   0  conf  1.0000
  -2.0388624961   2.2056290221  -2.4441362024
  -2.5427500099   2.7507314635  -2.9720989306
      
      
#  type   0  conf  1.0000
  -2.5427500099   2.7507314635  -2.9720989306
  -2.8119398671   3.0419394104  -3.5925061861
      
      
#  type   0  conf  1.0000
  -2.8119398671   3.0419394104  -3.5925061861
  -2.8085069156   3.0382256643  -3.8297596927
      
      
#  type   0  conf  1.0000
  -2.8085069156   3.0382256643  -3.8297596927
  -2.4495294108   2.6498859875  -4.3749800313
      
      
#  type   0  conf  1.0000
  -2.4495294108   2.6498859875  -4.3749800313
  -2.0662448922   2.2352511312  -4.5957962502
      
      
# 309  norm    -0.7396310950   -0.6730125135   -0.0000000000
# nedges  16 
#  type   0  conf  1.0000
   2.1053421265  -2.3137407865  -4.5623783575
   2.4270010211  -2.6672392961  -4.3604731537
      
      
#  type   0  conf  1.0000
   2.4270010211  -2.6672392961  -4.3604731537
   2.4428606370  -2.6846687863  -4.3459622651
      
      
#  type   0  conf  1.0000
   2.4428606370  -2.6846687863  -4.3459622651
   2.7968213640  -3.0736665462  -3.7966014095
      
      
#  type   0  conf  1.0000
   2.7968213640  -3.0736665462  -3.7966014095
   2.8022934032  -3.0796802387  -3.5717835282
      
      
#  type   0  conf  1.0000
   2.8022934032  -3.0796802387  -3.5717835282
   2.5245066304  -2.7743965615  -2.9157010056
      
      
#  type   0  conf  1.0000
   2.5245066304  -2.7743965615  -2.9157010056
   2.0540467928  -2.2573679508  -2.3973037815
      
      
#  type   0  conf  1.0000
   2.0540467928  -2.2573679508  -2.3973037815
   0.5966711085  -0.6557329864  -1.1376680126
      
      
#  type   0  conf  1.0000
   0.5966711085  -0.6557329864  -1.1376680126
   0.0093866571  -0.0103158015  -0.8502305880
      
      
#  type   0  conf  1.0000
   0.0093866571  -0.0103158015  -0.8502305880
  -0.5614997806   0.6170802017  -1.1592663350
      
      
#  type   0  conf  1.0000
  -0.5614997806   0.6170802017  -1.1592663350
  -2.0263311698   2.2269088788  -2.4463924907
      
      
#  type   0  conf  1.0000
  -2.0263311698   2.2269088788  -2.4463924907
  -2.5197825061   2.7692048166  -2.9735461174
      
      
#  type   0  conf  1.0000
  -2.5197825061   2.7692048166  -2.9735461174
  -2.7866512297   3.0624897145  -3.5944098953
      
      
#  type   0  conf  1.0000
  -2.7866512297   3.0624897145  -3.5944098953
  -2.7813848943   3.0567020874  -3.8331055180
      
      
#  type   0  conf  1.0000
  -2.7813848943   3.0567020874  -3.8331055180
  -2.4267980239   2.6670162050  -4.3725701716
      
      
#  type   0  conf  1.0000
  -2.4267980239   2.6670162050  -4.3725701716
  -2.3997336077   2.6372728000  -4.3908290910
      
      
#  type   0  conf  1.0000
  -2.3997336077   2.6372728000  -4.3908290910
  -2.0456152025   2.2481017540  -4.5949656703
      
      
# 310  norm    -0.7448940566   -0.6671827669   -0.0000000000
# nedges  14 
#  type   0  conf  1.0000
   2.0865696626  -2.3296065447  -4.5622626731
   2.4166809211  -2.6981680944  -4.3538985272
      
      
#  type   0  conf  1.0000
   2.4166809211  -2.6981680944  -4.3538985272
   2.7733619069  -3.0963941272  -3.7974311626
      
      
#  type   0  conf  1.0000
   2.7733619069  -3.0963941272  -3.7974311626
   2.7784413216  -3.1020651757  -3.5696159128
      
      
#  type   0  conf  1.0000
   2.7784413216  -3.1020651757  -3.5696159128
   2.5027166388  -2.7942249741  -2.9147251730
      
      
#  type   0  conf  1.0000
   2.5027166388  -2.7942249741  -2.9147251730
   2.0415296745  -2.2793204446  -2.3973803538
      
      
#  type   0  conf  1.0000
   2.0415296745  -2.2793204446  -2.3973803538
   0.5947605901  -0.6640363790  -1.1376075529
      
      
#  type   0  conf  1.0000
   0.5947605901  -0.6640363790  -1.1376075529
   0.0108033583  -0.0120616985  -0.8502687074
      
      
#  type   0  conf  1.0000
   0.0108033583  -0.0120616985  -0.8502687074
  -0.5568773502   0.6217406219  -1.1588817456
      
      
#  type   0  conf  1.0000
  -0.5568773502   0.6217406219  -1.1588817456
  -2.0092949455   2.2433311187  -2.4448002055
      
      
#  type   0  conf  1.0000
  -2.0092949455   2.2433311187  -2.4448002055
  -2.4952421337   2.7858798629  -2.9723988458
      
      
#  type   0  conf  1.0000
  -2.4952421337   2.7858798629  -2.9723988458
  -2.7598178019   3.0812724487  -3.5939350141
      
      
#  type   0  conf  1.0000
  -2.7598178019   3.0812724487  -3.5939350141
  -2.7552186284   3.0761375784  -3.8322602041
      
      
#  type   0  conf  1.0000
  -2.7552186284   3.0761375784  -3.8322602041
  -2.4009257827   2.6805778485  -4.3762351743
      
      
#  type   0  conf  1.0000
  -2.4009257827   2.6805778485  -4.3762351743
  -2.0233583781   2.2590326144  -4.5957974966
      
      
# 311  norm    -0.7501110696   -0.6613118653    0.0000000000
# nedges  15 
#  type   0  conf  1.0000
   2.0671851693  -2.3447613143  -4.5625137922
   2.3959340164  -2.7176536852  -4.3534819196
      
      
#  type   0  conf  1.0000
   2.3959340164  -2.7176536852  -4.3534819196
   2.7495884069  -3.1187958498  -3.7970997076
      
      
#  type   0  conf  1.0000
   2.7495884069  -3.1187958498  -3.7970997076
   2.7542010079  -3.1240278185  -3.5690117628
      
      
#  type   0  conf  1.0000
   2.7542010079  -3.1240278185  -3.5690117628
   2.4811566913  -2.8143198349  -2.9140215425
      
      
#  type   0  conf  1.0000
   2.4811566913  -2.8143198349  -2.9140215425
   2.0279738642  -2.3002848190  -2.3968159857
      
      
#  type   0  conf  1.0000
   2.0279738642  -2.3002848190  -2.3968159857
   0.5927656672  -0.6723606697  -1.1374685845
      
      
#  type   0  conf  1.0000
   0.5927656672  -0.6723606697  -1.1374685845
   0.0118719651  -0.0134661011  -0.8502257454
      
      
#  type   0  conf  1.0000
   0.0118719651  -0.0134661011  -0.8502257454
  -0.5531406648   0.6274149270  -1.1593769565
      
      
#  type   0  conf  1.0000
  -0.5531406648   0.6274149270  -1.1593769565
  -1.9944713080   2.2622836284  -2.4453954191
      
      
#  type   0  conf  1.0000
  -1.9944713080   2.2622836284  -2.4453954191
  -2.4707592814   2.8025262883  -2.9725240662
      
      
#  type   0  conf  1.0000
  -2.4707592814   2.8025262883  -2.9725240662
  -2.7324662946   3.0993746256  -3.5916351181
      
      
#  type   0  conf  1.0000
  -2.7324662946   3.0993746256  -3.5916351181
  -2.7288229333   3.0952420434  -3.8304866215
      
      
#  type   0  conf  1.0000
  -2.7288229333   3.0952420434  -3.8304866215
  -2.3844505480   2.7046282470  -4.3657702313
      
      
#  type   0  conf  1.0000
  -2.3844505480   2.7046282470  -4.3657702313
  -2.3668585394   2.6846740301  -4.3822049514
      
      
#  type   0  conf  1.0000
  -2.3668585394   2.6846740301  -4.3822049514
  -2.0020533564   2.2708837742  -4.5950047100
      
      
# 312  norm    -0.7552818123   -0.6554001709    0.0000000000
# nedges  14 
#  type   0  conf  1.0000
   2.0486151730  -2.3608199223  -4.5613811866
   2.3739298914  -2.7357119362  -4.3542929191
      
      
#  type   0  conf  1.0000
   2.3739298914  -2.7357119362  -4.3542929191
   2.7254619914  -3.1408168071  -3.7968869933
      
      
#  type   0  conf  1.0000
   2.7254619914  -3.1408168071  -3.7968869933
   2.7294572919  -3.1454209832  -3.5673916313
      
      
#  type   0  conf  1.0000
   2.7294572919  -3.1454209832  -3.5673916313
   2.4595016277  -2.8343246296  -2.9142522199
      
      
#  type   0  conf  1.0000
   2.4595016277  -2.8343246296  -2.9142522199
   2.0151860304  -2.3222962469  -2.3972944863
      
      
#  type   0  conf  1.0000
   2.0151860304  -2.3222962469  -2.3972944863
   0.5903342183  -0.6802999420  -1.1373327225
      
      
#  type   0  conf  1.0000
   0.5903342183  -0.6802999420  -1.1373327225
   0.0130703565  -0.0150622520  -0.8503009610
      
      
#  type   0  conf  1.0000
   0.0130703565  -0.0150622520  -0.8503009610
  -0.5484818584   0.6320693684  -1.1591041157
      
      
#  type   0  conf  1.0000
  -0.5484818584   0.6320693684  -1.1591041157
  -1.9788495564   2.2804221689  -2.4456690804
      
      
#  type   0  conf  1.0000
  -1.9788495564   2.2804221689  -2.4456690804
  -2.4460099259   2.8187768202  -2.9722433182
      
      
#  type   0  conf  1.0000
  -2.4460099259   2.8187768202  -2.9722433182
  -2.7054652687   3.1177726249  -3.5918735608
      
      
#  type   0  conf  1.0000
  -2.7054652687   3.1177726249  -3.5918735608
  -2.7015214364   3.1132277606  -3.8316517901
      
      
#  type   0  conf  1.0000
  -2.7015214364   3.1132277606  -3.8316517901
  -2.3529784307   2.7115675159  -4.3764323222
      
      
#  type   0  conf  1.0000
  -2.3529784307   2.7115675159  -4.3764323222
  -1.9800398651   2.2817938781  -4.5946269283
      
      
# 313  norm    -0.7604059656   -0.6494480483    0.0000000000
# nedges  15 
#  type   0  conf  1.0000
   2.0308721712  -2.3778458005  -4.5602565461
   2.3524169210  -2.7543263312  -4.3540253332
      
      
#  type   0  conf  1.0000
   2.3524169210  -2.7543263312  -4.3540253332
   2.7007720941  -3.1621978345  -3.7968217410
      
      
#  type   0  conf  1.0000
   2.7007720941  -3.1621978345  -3.7968217410
   2.7054972585  -3.1677302913  -3.5703127733
      
      
#  type   0  conf  1.0000
   2.7054972585  -3.1677302913  -3.5703127733
   2.4380344965  -2.8545716324  -2.9147621862
      
      
#  type   0  conf  1.0000
   2.4380344965  -2.8545716324  -2.9147621862
   2.0014736757  -2.3434245848  -2.3972068509
      
      
#  type   0  conf  1.0000
   2.0014736757  -2.3434245848  -2.3972068509
   0.5880760860  -0.6885486301  -1.1372559806
      
      
#  type   0  conf  1.0000
   0.5880760860  -0.6885486301  -1.1372559806
   0.0143732874  -0.0168289573  -0.8502780464
      
      
#  type   0  conf  1.0000
   0.0143732874  -0.0168289573  -0.8502780464
  -0.5446519869   0.6377055425  -1.1596722594
      
      
#  type   0  conf  1.0000
  -0.5446519869   0.6377055425  -1.1596722594
  -1.9639828597   2.2995284791  -2.4468438426
      
      
#  type   0  conf  1.0000
  -1.9639828597   2.2995284791  -2.4468438426
  -2.4220701684   2.8358798058  -2.9738779625
      
      
#  type   0  conf  1.0000
  -2.4220701684   2.8358798058  -2.9738779625
  -2.6786776223   3.1363285318  -3.5942557843
      
      
#  type   0  conf  1.0000
  -2.6786776223   3.1363285318  -3.5942557843
  -2.6737587323   3.1305692516  -3.8323631847
      
      
#  type   0  conf  1.0000
  -2.6737587323   3.1305692516  -3.8323631847
  -2.3333592499   2.7320126653  -4.3684924886
      
      
#  type   0  conf  1.0000
  -2.3333592499   2.7320126653  -4.3684924886
  -2.3160440256   2.7117391425  -4.3839157325
      
      
#  type   0  conf  1.0000
  -2.3160440256   2.7117391425  -4.3839157325
  -1.9577389813   2.2922178368  -4.5950136646
      
      
# 314  norm    -0.7654832135   -0.6434558647   -0.0000000000
# nedges  15 
#  type   0  conf  1.0000
   2.0076604190  -2.3884005623  -4.5627877398
   2.3308253703  -2.7728517095  -4.3535016616
      
      
#  type   0  conf  1.0000
   2.3308253703  -2.7728517095  -4.3535016616
   2.6756241636  -3.1830394206  -3.7971801729
      
      
#  type   0  conf  1.0000
   2.6756241636  -3.1830394206  -3.7971801729
   2.6806862893  -3.1890615465  -3.5703992884
      
      
#  type   0  conf  1.0000
   2.6806862893  -3.1890615465  -3.5703992884
   2.4155521448  -2.8736463828  -2.9144975350
      
      
#  type   0  conf  1.0000
   2.4155521448  -2.8736463828  -2.9144975350
   1.9870700983  -2.3639054171  -2.3972299298
      
      
#  type   0  conf  1.0000
   1.9870700983  -2.3639054171  -2.3972299298
   0.5854721762  -0.6965032840  -1.1372378208
      
      
#  type   0  conf  1.0000
   0.5854721762  -0.6965032840  -1.1372378208
   0.0154332002  -0.0183600094  -0.8502792274
      
      
#  type   0  conf  1.0000
   0.0154332002  -0.0183600094  -0.8502792274
  -0.5400950223   0.6425206389  -1.1596802501
      
      
#  type   0  conf  1.0000
  -0.5400950223   0.6425206389  -1.1596802501
  -1.9462606151   2.3153566726  -2.4457804757
      
      
#  type   0  conf  1.0000
  -1.9462606151   2.3153566726  -2.4457804757
  -2.3965567751   2.8510486609  -2.9727293011
      
      
#  type   0  conf  1.0000
  -2.3965567751   2.8510486609  -2.9727293011
  -2.6506989864   3.1533873407  -3.5920528360
      
      
#  type   0  conf  1.0000
  -2.6506989864   3.1533873407  -3.5920528360
  -2.6468871916   3.1488526629  -3.8312455966
      
      
#  type   0  conf  1.0000
  -2.6468871916   3.1488526629  -3.8312455966
  -2.3116169537   2.7500005378  -4.3646016283
      
      
#  type   0  conf  1.0000
  -2.3116169537   2.7500005378  -4.3646016283
  -2.2949167842   2.7301332864  -4.3820941618
      
      
#  type   0  conf  1.0000
  -2.2949167842   2.7301332864  -4.3820941618
  -1.9363604192   2.3035789670  -4.5945763188
      
      
# 315  norm    -0.7705132428   -0.6374239897    0.0000000000
# nedges  15 
#  type   0  conf  1.0000
   1.9934499606  -2.4096670633  -4.5585918145
   2.3085040832  -2.7905020767  -4.3537935608
      
      
#  type   0  conf  1.0000
   2.3085040832  -2.7905020767  -4.3537935608
   2.6502502873  -3.2036022740  -3.7967103109
      
      
#  type   0  conf  1.0000
   2.6502502873  -3.2036022740  -3.7967103109
   2.6552183296  -3.2096076055  -3.5701087665
      
      
#  type   0  conf  1.0000
   2.6552183296  -3.2096076055  -3.5701087665
   2.3929885528  -2.8926262572  -2.9144778387
      
      
#  type   0  conf  1.0000
   2.3929885528  -2.8926262572  -2.9144778387
   1.9730297080  -2.3849832182  -2.3975404589
      
      
#  type   0  conf  1.0000
   1.9730297080  -2.3849832182  -2.3975404589
   0.5830197827  -0.7047498535  -1.1372773713
      
      
#  type   0  conf  1.0000
   0.5830197827  -0.7047498535  -1.1372773713
   0.0166447497  -0.0201200461  -0.8502600086
      
      
#  type   0  conf  1.0000
   0.0166447497  -0.0201200461  -0.8502600086
  -0.5357737088   0.6476391607  -1.1597746978
      
      
#  type   0  conf  1.0000
  -0.5357737088   0.6476391607  -1.1597746978
  -1.9291038443   2.3318859702  -2.4452190778
      
      
#  type   0  conf  1.0000
  -1.9291038443   2.3318859702  -2.4452190778
  -2.3712245560   2.8663181044  -2.9725844723
      
      
#  type   0  conf  1.0000
  -2.3712245560   2.8663181044  -2.9725844723
  -2.6233456561   3.1710801616  -3.5935582596
      
      
#  type   0  conf  1.0000
  -2.6233456561   3.1710801616  -3.5935582596
  -2.6184772385   3.1651952556  -3.8326905743
      
      
#  type   0  conf  1.0000
  -2.6184772385   3.1651952556  -3.8326905743
  -2.2822966907   2.7588227810  -4.3712076573
      
      
#  type   0  conf  1.0000
  -2.2822966907   2.7588227810  -4.3712076573
  -2.2628068229   2.7352635780  -4.3865912796
      
      
#  type   0  conf  1.0000
  -2.2628068229   2.7352635780  -4.3865912796
  -1.9136785245   2.3132399616  -4.5947451850
      
      
# 316  norm    -0.7754957432   -0.6313527954    0.0000000000
# nedges  15 
#  type   0  conf  1.0000
   1.9736974526  -2.4243085385  -4.5583272208
   2.2857635606  -2.8076218621  -4.3539704038
      
      
#  type   0  conf  1.0000
   2.2857635606  -2.8076218621  -4.3539704038
   2.6244051612  -3.2235780780  -3.7971630190
      
      
#  type   0  conf  1.0000
   2.6244051612  -3.2235780780  -3.7971630190
   2.6297384716  -3.2301290263  -3.5706486178
      
      
#  type   0  conf  1.0000
   2.6297384716  -3.2301290263  -3.5706486178
   2.3703969147  -2.9115776951  -2.9149738236
      
      
#  type   0  conf  1.0000
   2.3703969147  -2.9115776951  -2.9149738236
   1.9582297261  -2.4053094050  -2.3977913245
      
      
#  type   0  conf  1.0000
   1.9582297261  -2.4053094050  -2.3977913245
   0.5804040188  -0.7129149489  -1.1375174484
      
      
#  type   0  conf  1.0000
   0.5804040188  -0.7129149489  -1.1375174484
   0.0176147025  -0.0216362815  -0.8502925514
      
      
#  type   0  conf  1.0000
   0.0176147025  -0.0216362815  -0.8502925514
  -0.5312491467   0.6525376221  -1.1599460957
      
      
#  type   0  conf  1.0000
  -0.5312491467   0.6525376221  -1.1599460957
  -1.9109076391   2.3471833029  -2.4439559777
      
      
#  type   0  conf  1.0000
  -1.9109076391   2.3471833029  -2.4439559777
  -2.3451719878   2.8805937135  -2.9715148741
      
      
#  type   0  conf  1.0000
  -2.3451719878   2.8805937135  -2.9715148741
  -2.5951422712   3.1876342335  -3.5925503171
      
      
#  type   0  conf  1.0000
  -2.5951422712   3.1876342335  -3.5925503171
  -2.5905955440   3.1820494518  -3.8326893943
      
      
#  type   0  conf  1.0000
  -2.5905955440   3.1820494518  -3.8326893943
  -2.2565113879   2.7716911818  -4.3719865031
      
      
#  type   0  conf  1.0000
  -2.2565113879   2.7716911818  -4.3719865031
  -2.2357764481   2.7462222876  -4.3883603544
      
      
#  type   0  conf  1.0000
  -2.2357764481   2.7462222876  -4.3883603544
  -1.8912516291   2.3230396669  -4.5934987408
      
      
# 317  norm    -0.7804304073   -0.6252426563    0.0000000000
# nedges  15 
#  type   0  conf  1.0000
   1.9463641060  -2.4294595333  -4.5627856271
   2.2633470825  -2.8251189640  -4.3535658349
      
      
#  type   0  conf  1.0000
   2.2633470825  -2.8251189640  -4.3535658349
   2.5990487493  -3.2441431395  -3.7960255062
      
      
#  type   0  conf  1.0000
   2.5990487493  -3.2441431395  -3.7960255062
   2.6030475341  -3.2491344388  -3.5670900026
      
      
#  type   0  conf  1.0000
   2.6030475341  -3.2491344388  -3.5670900026
   2.3466532272  -2.9291020301  -2.9141920351
      
      
#  type   0  conf  1.0000
   2.3466532272  -2.9291020301  -2.9141920351
   1.9429156545  -2.4251551622  -2.3976244936
      
      
#  type   0  conf  1.0000
   1.9429156545  -2.4251551622  -2.3976244936
   0.5776511299  -0.7210264720  -1.1374831937
      
      
#  type   0  conf  1.0000
   0.5776511299  -0.7210264720  -1.1374831937
   0.0185944107  -0.0232096185  -0.8502476353
      
      
#  type   0  conf  1.0000
   0.0185944107  -0.0232096185  -0.8502476353
  -0.5272962407   0.6581732960  -1.1605609081
      
      
#  type   0  conf  1.0000
  -0.5272962407   0.6581732960  -1.1605609081
  -1.8933066809   2.3632330411  -2.4433747424
      
      
#  type   0  conf  1.0000
  -1.8933066809   2.3632330411  -2.4433747424
  -2.3202891268   2.8961942535  -2.9729277221
      
      
#  type   0  conf  1.0000
  -2.3202891268   2.8961942535  -2.9729277221
  -2.5665908795   3.2036290954  -3.5926086218
      
      
#  type   0  conf  1.0000
  -2.5665908795   3.2036290954  -3.5926086218
  -2.5626642599   3.1987278730  -3.8306274513
      
      
#  type   0  conf  1.0000
  -2.5626642599   3.1987278730  -3.8306274513
  -2.2305983971   2.7842419227  -4.3744284374
      
      
#  type   0  conf  1.0000
  -2.2305983971   2.7842419227  -4.3744284374
  -2.0438324775   2.5511199481  -4.4888226120
      
      
#  type   0  conf  1.0000
  -2.0438324775   2.5511199481  -4.4888226120
  -1.8689386778   2.3328168013  -4.5945902323
      
      
# 318  norm    -0.7853169309   -0.6190939493    0.0000000000
# nedges  14 
#  type   0  conf  1.0000
   1.9256613408  -2.4426897659  -4.5625478359
   2.2403714420  -2.8418976260  -4.3534788998
      
      
#  type   0  conf  1.0000
   2.2403714420  -2.8418976260  -4.3534788998
   2.5722638571  -3.2629011476  -3.7967092741
      
      
#  type   0  conf  1.0000
   2.5722638571  -3.2629011476  -3.7967092741
   2.5771555592  -3.2691062421  -3.5687692235
      
      
#  type   0  conf  1.0000
   2.5771555592  -3.2691062421  -3.5687692235
   2.3231889761  -2.9469511673  -2.9140902122
      
      
#  type   0  conf  1.0000
   2.3231889761  -2.9469511673  -2.9140902122
   1.9277612918  -2.4453535410  -2.3976925366
      
      
#  type   0  conf  1.0000
   1.9277612918  -2.4453535410  -2.3976925366
   0.5748667678  -0.7292150185  -1.1374246494
      
      
#  type   0  conf  1.0000
   0.5748667678  -0.7292150185  -1.1374246494
   0.0197197391  -0.0250143698  -0.8502429238
      
      
#  type   0  conf  1.0000
   0.0197197391  -0.0250143698  -0.8502429238
  -0.5227645209   0.6631236335  -1.1607521932
      
      
#  type   0  conf  1.0000
  -0.5227645209   0.6631236335  -1.1607521932
  -1.8744357784   2.3777104497  -2.4414537442
      
      
#  type   0  conf  1.0000
  -1.8744357784   2.3777104497  -2.4414537442
  -2.2940410206   2.9099771620  -2.9726787269
      
      
#  type   0  conf  1.0000
  -2.2940410206   2.9099771620  -2.9726787269
  -2.5383316982   3.2198584093  -3.5938399191
      
      
#  type   0  conf  1.0000
  -2.5383316982   3.2198584093  -3.5938399191
  -2.5335921802   3.2138463593  -3.8321640138
      
      
#  type   0  conf  1.0000
  -2.5335921802   3.2138463593  -3.8321640138
  -2.2035245713   2.7951575934  -4.3765882711
      
      
#  type   0  conf  1.0000
  -2.2035245713   2.7951575934  -4.3765882711
  -1.8453365648   2.3407982732  -4.5953309407
      
      
# 319  norm    -0.7901550124   -0.6129070537   -0.0000000000
# nedges  15 
#  type   0  conf  1.0000
   1.9050292926  -2.4559489653  -4.5628770624
   2.2177964550  -2.8591659614  -4.3523099599
      
      
#  type   0  conf  1.0000
   2.2177964550  -2.8591659614  -4.3523099599
   2.5458481478  -3.2820876555  -3.7963291549
      
      
#  type   0  conf  1.0000
   2.5458481478  -3.2820876555  -3.7963291549
   2.5503093491  -3.2878390015  -3.5667495171
      
      
#  type   0  conf  1.0000
   2.5503093491  -3.2878390015  -3.5667495171
   2.2989248297  -2.9637560319  -2.9134671317
      
      
#  type   0  conf  1.0000
   2.2989248297  -2.9637560319  -2.9134671317
   1.9124637221  -2.4655333741  -2.3978404378
      
      
#  type   0  conf  1.0000
   1.9124637221  -2.4655333741  -2.3978404378
   0.5720969870  -0.7375429915  -1.1374626429
      
      
#  type   0  conf  1.0000
   0.5720969870  -0.7375429915  -1.1374626429
   0.0207941825  -0.0268076985  -0.8502255021
      
      
#  type   0  conf  1.0000
   0.0207941825  -0.0268076985  -0.8502255021
  -0.5182347906   0.6681042663  -1.1609621707
      
      
#  type   0  conf  1.0000
  -0.5182347906   0.6681042663  -1.1609621707
  -1.8543198069   2.3905746903  -2.4384203895
      
      
#  type   0  conf  1.0000
  -1.8543198069   2.3905746903  -2.4384203895
  -2.2672555395   2.9229282290  -2.9718380798
      
      
#  type   0  conf  1.0000
  -2.2672555395   2.9229282290  -2.9718380798
  -2.5086428319   3.2341228512  -3.5913603202
      
      
#  type   0  conf  1.0000
  -2.5086428319   3.2341228512  -3.5913603202
  -2.5049338066   3.2293412046  -3.8306954455
      
      
#  type   0  conf  1.0000
  -2.5049338066   3.2293412046  -3.8306954455
  -2.1861325895   2.8183451520  -4.3634281797
      
      
#  type   0  conf  1.0000
  -2.1861325895   2.8183451520  -4.3634281797
  -2.1700338164   2.7975907388  -4.3812320385
      
      
#  type   0  conf  1.0000
  -2.1700338164   2.7975907388  -4.3812320385
  -1.8223515384   2.3493614469  -4.5949522709
      
      
# 320  norm    -0.7949443534   -0.6066823510    0.0000000000
# nedges  15 
#  type   0  conf  1.0000
   1.8836390288  -2.4681585137  -4.5626335520
   2.1927113381  -2.8731402751  -4.3538665274
      
      
#  type   0  conf  1.0000
   2.1927113381  -2.8731402751  -4.3538665274
   2.5191341544  -3.3008566479  -3.7965672665
      
      
#  type   0  conf  1.0000
   2.5191341544  -3.3008566479  -3.7965672665
   2.5233143386  -3.3063340016  -3.5678720719
      
      
#  type   0  conf  1.0000
   2.5233143386  -3.3063340016  -3.5678720719
   2.2758661058  -2.9820991280  -2.9149802280
      
      
#  type   0  conf  1.0000
   2.2758661058  -2.9820991280  -2.9149802280
   1.8960214159  -2.4843833284  -2.3971385521
      
      
#  type   0  conf  1.0000
   1.8960214159  -2.4843833284  -2.3971385521
   0.5693213996  -0.7459897772  -1.1377452216
      
      
#  type   0  conf  1.0000
   0.5693213996  -0.7459897772  -1.1377452216
   0.0220097368  -0.0288396653  -0.8502516309
      
      
#  type   0  conf  1.0000
   0.0220097368  -0.0288396653  -0.8502516309
  -0.5134260238   0.6727492860  -1.1610908616
      
      
#  type   0  conf  1.0000
  -0.5134260238   0.6727492860  -1.1610908616
  -1.8345264420   2.4038056057  -2.4357344886
      
      
#  type   0  conf  1.0000
  -1.8345264420   2.4038056057  -2.4357344886
  -2.2412149790   2.9366952728  -2.9727118270
      
      
#  type   0  conf  1.0000
  -2.2412149790   2.9366952728  -2.9727118270
  -2.4803315558   3.2500130613  -3.5941728758
      
      
#  type   0  conf  1.0000
  -2.4803315558   3.2500130613  -3.5941728758
  -2.4750132986   3.2430444746  -3.8329465957
      
      
#  type   0  conf  1.0000
  -2.4750132986   3.2430444746  -3.8329465957
  -2.1562041106   2.8253043453  -4.3690649814
      
      
#  type   0  conf  1.0000
  -2.1562041106   2.8253043453  -4.3690649814
  -2.1400867596   2.8041855552  -4.3839849329
      
      
#  type   0  conf  1.0000
  -2.1400867596   2.8041855552  -4.3839849329
  -1.7997890806   2.3582887561  -4.5947342862
      
      
# 321  norm    -0.7996846585   -0.6004202253    0.0000000000
# nedges  15 
#  type   0  conf  1.0000
   1.8622023116  -2.4802206135  -4.5626272815
   2.1689915873  -2.8888255651  -4.3538617037
      
      
#  type   0  conf  1.0000
   2.1689915873  -2.8888255651  -4.3538617037
   2.4920471543  -3.3190951828  -3.7958253756
      
      
#  type   0  conf  1.0000
   2.4920471543  -3.3190951828  -3.7958253756
   2.4961360252  -3.3245410475  -3.5666195225
      
      
#  type   0  conf  1.0000
   2.4961360252  -3.3245410475  -3.5666195225
   2.2511119457  -2.9981996135  -2.9143352208
      
      
#  type   0  conf  1.0000
   2.2511119457  -2.9981996135  -2.9143352208
   1.8794705133  -2.5032196987  -2.3965855373
      
      
#  type   0  conf  1.0000
   1.8794705133  -2.5032196987  -2.3965855373
   0.5662288482  -0.7541460197  -1.1377908546
      
      
#  type   0  conf  1.0000
   0.5662288482  -0.7541460197  -1.1377908546
   0.0228750760  -0.0304667407  -0.8502759462
      
      
#  type   0  conf  1.0000
   0.0228750760  -0.0304667407  -0.8502759462
  -0.5089502001   0.6778580230  -1.1614793372
      
      
#  type   0  conf  1.0000
  -0.5089502001   0.6778580230  -1.1614793372
  -1.8138636849   2.4158396074  -2.4323173354
      
      
#  type   0  conf  1.0000
  -1.8138636849   2.4158396074  -2.4323173354
  -2.2141169323   2.9489268818  -2.9719243018
      
      
#  type   0  conf  1.0000
  -2.2141169323   2.9489268818  -2.9719243018
  -2.4500419764   3.2631495385  -3.5914237718
      
      
#  type   0  conf  1.0000
  -2.4500419764   3.2631495385  -3.5914237718
  -2.4463709320   3.2582601665  -3.8307523918
      
      
#  type   0  conf  1.0000
  -2.4463709320   3.2582601665  -3.8307523918
  -2.1337454801   2.8418821579  -4.3637487317
      
      
#  type   0  conf  1.0000
  -2.1337454801   2.8418821579  -4.3637487317
  -2.1181559920   2.8211189092  -4.3812114452
      
      
#  type   0  conf  1.0000
  -2.1181559920   2.8211189092  -4.3812114452
  -1.7766685964   2.3663004007  -4.5943656059
      
      
# 322  norm    -0.8043756353   -0.5941210629    0.0000000000
# nedges  15 
#  type   0  conf  1.0000
   1.8407048338  -2.4921151808  -4.5625447788
   2.1449106365  -2.9039769225  -4.3540630661
      
      
#  type   0  conf  1.0000
   2.1449106365  -2.9039769225  -4.3540630661
   2.4647299863  -3.3369777177  -3.7963088219
      
      
#  type   0  conf  1.0000
   2.4647299863  -3.3369777177  -3.7963088219
   2.4690087068  -3.3427706422  -3.5667453743
      
      
#  type   0  conf  1.0000
   2.4690087068  -3.3427706422  -3.5667453743
   2.2265457316  -3.0145020083  -2.9141607070
      
      
#  type   0  conf  1.0000
   2.2265457316  -3.0145020083  -2.9141607070
   1.8615192622  -2.5202956646  -2.3949767559
      
      
#  type   0  conf  1.0000
   1.8615192622  -2.5202956646  -2.3949767559
   0.5624407594  -0.7614839321  -1.1376493353
      
      
#  type   0  conf  1.0000
   0.5624407594  -0.7614839321  -1.1376493353
   0.0236242334  -0.0319846559  -0.8501591385
      
      
#  type   0  conf  1.0000
   0.0236242334  -0.0319846559  -0.8501591385
  -0.5043052657   0.6827747640  -1.1619280600
      
      
#  type   0  conf  1.0000
  -0.5043052657   0.6827747640  -1.1619280600
  -1.7931983676   2.4277965657  -2.4290077157
      
      
#  type   0  conf  1.0000
  -1.7931983676   2.4277965657  -2.4290077157
  -2.1879287797   2.9622188338  -2.9726794388
      
      
#  type   0  conf  1.0000
  -2.1879287797   2.9622188338  -2.9726794388
  -2.4211778751   3.2780128715  -3.5930755293
      
      
#  type   0  conf  1.0000
  -2.4211778751   3.2780128715  -3.5930755293
  -2.4169233281   3.2722526751  -3.8316145063
      
      
#  type   0  conf  1.0000
  -2.4169233281   3.2722526751  -3.8316145063
  -2.1040111199   2.8486034023  -4.3694003312
      
      
#  type   0  conf  1.0000
  -2.1040111199   2.8486034023  -4.3694003312
  -2.0845678604   2.8222793327  -4.3866011909
      
      
#  type   0  conf  1.0000
  -2.0845678604   2.8222793327  -4.3866011909
  -1.7533675593   2.3738699609  -4.5944670311
      
      
# 323  norm    -0.8090169944   -0.5877852523    0.0000000000
# nedges  14 
#  type   0  conf  1.0000
   1.8188297100  -2.5034043292  -4.5628740028
   2.1210027873  -2.9193098897  -4.3535051450
      
      
#  type   0  conf  1.0000
   2.1210027873  -2.9193098897  -4.3535051450
   2.4368289902  -3.3540073654  -3.7964981721
      
      
#  type   0  conf  1.0000
   2.4368289902  -3.3540073654  -3.7964981721
   2.4414698679  -3.3603949855  -3.5686686160
      
      
#  type   0  conf  1.0000
   2.4414698679  -3.3603949855  -3.5686686160
   2.2022174601  -3.0310922970  -2.9147731607
      
      
#  type   0  conf  1.0000
   2.2022174601  -3.0310922970  -2.9147731607
   1.8432734810  -2.5370482938  -2.3930772835
      
      
#  type   0  conf  1.0000
   1.8432734810  -2.5370482938  -2.3930772835
   0.5597633497  -0.7704481542  -1.1381269727
      
      
#  type   0  conf  1.0000
   0.5597633497  -0.7704481542  -1.1381269727
   0.0245959315  -0.0338533954  -0.8501700776
      
      
#  type   0  conf  1.0000
   0.0245959315  -0.0338533954  -0.8501700776
  -0.4994107167   0.6873798813  -1.1620816000
      
      
#  type   0  conf  1.0000
  -0.4994107167   0.6873798813  -1.1620816000
  -1.7712694014   2.4379431803  -2.4242203519
      
      
#  type   0  conf  1.0000
  -1.7712694014   2.4379431803  -2.4242203519
  -2.1606812502   2.9739226087  -2.9723739383
      
      
#  type   0  conf  1.0000
  -2.1606812502   2.9739226087  -2.9723739383
  -2.3908223225   3.2906846198  -3.5911822428
      
      
#  type   0  conf  1.0000
  -2.3908223225   3.2906846198  -3.5911822428
  -2.3872744145   3.2858013433  -3.8306505184
      
      
#  type   0  conf  1.0000
  -2.3872744145   3.2858013433  -3.8306505184
  -2.0744275135   2.8552045250  -4.3757519338
      
      
#  type   0  conf  1.0000
  -2.0744275135   2.8552045250  -4.3757519338
  -1.7299960715   2.3811353153  -4.5950838040
      
      
# 324  norm    -0.8136084495   -0.5814131843    0.0000000000
# nedges  15 
#  type   0  conf  1.0000
   1.7972128115  -2.5149541985  -4.5626358460
   2.0965245732  -2.9338001843  -4.3535708525
      
      
#  type   0  conf  1.0000
   2.0965245732  -2.9338001843  -4.3535708525
   2.4084717098  -3.3703276539  -3.7972043851
      
      
#  type   0  conf  1.0000
   2.4084717098  -3.3703276539  -3.7972043851
   2.4137493265  -3.3777129586  -3.5691377917
      
      
#  type   0  conf  1.0000
   2.4137493265  -3.3777129586  -3.5691377917
   2.1774385549  -3.0470282654  -2.9153119552
      
      
#  type   0  conf  1.0000
   2.1774385549  -3.0470282654  -2.9153119552
   1.8246880871  -2.5534020993  -2.3909206303
      
      
#  type   0  conf  1.0000
   1.8246880871  -2.5534020993  -2.3909206303
   0.5557817938  -0.7777408145  -1.1380137336
      
      
#  type   0  conf  1.0000
   0.5557817938  -0.7777408145  -1.1380137336
   0.0254421827  -0.0356028646  -0.8501955893
      
      
#  type   0  conf  1.0000
   0.0254421827  -0.0356028646  -0.8501955893
  -0.4943291644   0.6917462415  -1.1622124415
      
      
#  type   0  conf  1.0000
  -0.4943291644   0.6917462415  -1.1622124415
  -1.7496868833   2.4484481443  -2.4200797691
      
      
#  type   0  conf  1.0000
  -1.7496868833   2.4484481443  -2.4200797691
  -2.1337044654   2.9858283724  -2.9724354216
      
      
#  type   0  conf  1.0000
  -2.1337044654   2.9858283724  -2.9724354216
  -2.3616256738   3.3047730161  -3.5933570462
      
      
#  type   0  conf  1.0000
  -2.3616256738   3.3047730161  -3.5933570462
  -2.3573675646   3.2988143730  -3.8315931001
      
      
#  type   0  conf  1.0000
  -2.3573675646   3.2988143730  -3.8315931001
  -2.0513672789   2.8706087103  -4.3690390602
      
      
#  type   0  conf  1.0000
  -2.0513672789   2.8706087103  -4.3690390602
  -2.0316170957   2.8429710226  -4.3869138088
      
      
#  type   0  conf  1.0000
  -2.0316170957   2.8429710226  -4.3869138088
  -1.7064241143   2.3879078000  -4.5945114132
      
      
# 325  norm    -0.8181497174   -0.5750052520    0.0000000000
# nedges  15 
#  type   0  conf  1.0000
   1.7750562316  -2.5256495469  -4.5624057719
   2.0719309811  -2.9480595884  -4.3536400669
      
      
#  type   0  conf  1.0000
   2.0719309811  -2.9480595884  -4.3536400669
   2.3805985243  -3.3872490783  -3.7962140236
      
      
#  type   0  conf  1.0000
   2.3805985243  -3.3872490783  -3.7962140236
   2.3850372838  -3.3935647942  -3.5661145828
      
      
#  type   0  conf  1.0000
   2.3850372838  -3.3935647942  -3.5661145828
   2.1513626528  -3.0610794253  -2.9137242902
      
      
#  type   0  conf  1.0000
   2.1513626528  -3.0610794253  -2.9137242902
   1.8053542435  -2.5687592573  -2.3882192650
      
      
#  type   0  conf  1.0000
   1.8053542435  -2.5687592573  -2.3882192650
   0.5526169434  -0.7862943764  -1.1384012148
      
      
#  type   0  conf  1.0000
   0.5526169434  -0.7862943764  -1.1384012148
   0.0262546002  -0.0373565174  -0.8501898350
      
      
#  type   0  conf  1.0000
   0.0262546002  -0.0373565174  -0.8501898350
  -0.4893125800   0.6962213782  -1.1624666787
      
      
#  type   0  conf  1.0000
  -0.4893125800   0.6962213782  -1.1624666787
  -1.7279756656   2.4586606775  -2.4157321802
      
      
#  type   0  conf  1.0000
  -1.7279756656   2.4586606775  -2.4157321802
  -2.1063938959   2.9970953562  -2.9722600858
      
      
#  type   0  conf  1.0000
  -2.1063938959   2.9970953562  -2.9722600858
  -2.3309893626   3.3166623810  -3.5917167708
      
      
#  type   0  conf  1.0000
  -2.3309893626   3.3166623810  -3.5917167708
  -2.3274666003   3.3116499973  -3.8303556448
      
      
#  type   0  conf  1.0000
  -2.3274666003   3.3116499973  -3.8303556448
  -2.0217606634   2.8766744470  -4.3747644855
      
      
#  type   0  conf  1.0000
  -2.0217606634   2.8766744470  -4.3747644855
  -1.8500765273   2.6323926306  -4.4869105478
      
      
#  type   0  conf  1.0000
  -1.8500765273   2.6323926306  -4.4869105478
  -1.6830054315   2.3946745066  -4.5946098663
      
      
# 326  norm    -0.8226405180   -0.5685618507   -0.0000000000
# nedges  14 
#  type   0  conf  1.0000
   1.7553468107  -2.5397754136  -4.5606864269
   2.0466096906  -2.9611977199  -4.3538303941
      
      
#  type   0  conf  1.0000
   2.0466096906  -2.9611977199  -4.3538303941
   2.3522844853  -3.4034723312  -3.7956090697
      
      
#  type   0  conf  1.0000
   2.3522844853  -3.4034723312  -3.7956090697
   2.3565228618  -3.4096047514  -3.5660061698
      
      
#  type   0  conf  1.0000
   2.3565228618  -3.4096047514  -3.5660061698
   2.1259433990  -3.0759840407  -2.9140918983
      
      
#  type   0  conf  1.0000
   2.1259433990  -3.0759840407  -2.9140918983
   1.7859784521  -2.5840957093  -2.3851951869
      
      
#  type   0  conf  1.0000
   1.7859784521  -2.5840957093  -2.3851951869
   0.5487944749  -0.7940395060  -1.1383394785
      
      
#  type   0  conf  1.0000
   0.5487944749  -0.7940395060  -1.1383394785
   0.0268756340  -0.0388858054  -0.8501862244
      
      
#  type   0  conf  1.0000
   0.0268756340  -0.0388858054  -0.8501862244
  -0.4844904065   0.7009992641  -1.1628639083
      
      
#  type   0  conf  1.0000
  -0.4844904065   0.7009992641  -1.1628639083
  -1.7059267165   2.4682704897  -2.4108729823
      
      
#  type   0  conf  1.0000
  -1.7059267165   2.4682704897  -2.4108729823
  -2.0786313565   3.0075292137  -2.9720177115
      
      
#  type   0  conf  1.0000
  -2.0786313565   3.0075292137  -2.9720177115
  -2.3010190656   3.3292974434  -3.5933863465
      
      
#  type   0  conf  1.0000
  -2.3010190656   3.3292974434  -3.5933863465
  -2.2964438899   3.3226777153  -3.8321984550
      
      
#  type   0  conf  1.0000
  -2.2964438899   3.3226777153  -3.8321984550
  -1.9936949320   2.8846364376  -4.3767228433
      
      
#  type   0  conf  1.0000
  -1.9936949320   2.8846364376  -4.3767228433
  -1.6592563087   2.4007440309  -4.5941933500
      
      
# 327  norm    -0.8270805743   -0.5620833779   -0.0000000000
# nedges  16 
#  type   0  conf  1.0000
   1.7301500432  -2.5458384783  -4.5624956260
   2.0209962108  -2.9738056176  -4.3540923310
      
      
#  type   0  conf  1.0000
   2.0209962108  -2.9738056176  -4.3540923310
   2.3237349570  -3.4192721550  -3.7954029022
      
      
#  type   0  conf  1.0000
   2.3237349570  -3.4192721550  -3.7954029022
   2.3276792190  -3.4250759603  -3.5664259231
      
      
#  type   0  conf  1.0000
   2.3276792190  -3.4250759603  -3.5664259231
   2.1003193575  -3.0905260835  -2.9142556996
      
      
#  type   0  conf  1.0000
   2.1003193575  -3.0905260835  -2.9142556996
   1.7663593709  -2.5991188859  -2.3820901724
      
      
#  type   0  conf  1.0000
   1.7663593709  -2.5991188859  -2.3820901724
   0.5454115056  -0.8025486593  -1.1386700006
      
      
#  type   0  conf  1.0000
   0.5454115056  -0.8025486593  -1.1386700006
   0.0278751566  -0.0410170473  -0.8501674765
      
      
#  type   0  conf  1.0000
   0.0278751566  -0.0410170473  -0.8501674765
  -0.4748555134   0.6987286694  -1.1603479447
      
      
#  type   0  conf  1.0000
  -0.4748555134   0.6987286694  -1.1603479447
  -1.5442642090   2.2723157793  -2.2587408949
      
      
#  type   0  conf  1.0000
  -1.5442642090   2.2723157793  -2.2587408949
  -1.7064907614   2.5110249023  -2.4411877340
      
      
#  type   0  conf  1.0000
  -1.7064907614   2.5110249023  -2.4411877340
  -2.0506071729   3.0173768253  -2.9719720775
      
      
#  type   0  conf  1.0000
  -2.0506071729   3.0173768253  -2.9719720775
  -2.2699301247   3.3401007485  -3.5918095530
      
      
#  type   0  conf  1.0000
  -2.2699301247   3.3401007485  -3.5918095530
  -2.2662938674   3.3347501584  -3.8311540447
      
      
#  type   0  conf  1.0000
  -2.2662938674   3.3347501584  -3.8311540447
  -1.9688516901   2.8970772854  -4.3717828466
      
      
#  type   0  conf  1.0000
  -1.9688516901   2.8970772854  -4.3717828466
  -1.9462268467   2.8637858393  -4.3904120210
      
      
#  type   0  conf  1.0000
  -1.9462268467   2.8637858393  -4.3904120210
  -1.6351069497   2.4059868131  -4.5941821816
      
      
# 328  norm    -0.8314696123   -0.5555702330    0.0000000000
# nedges  16 
#  type   0  conf  1.0000
   1.7074243637  -2.5553411420  -4.5630857673
   1.9968450546  -2.9884898158  -4.3523612941
      
      
#  type   0  conf  1.0000
   1.9968450546  -2.9884898158  -4.3523612941
   2.2940606521  -3.4333043918  -3.7963460134
      
      
#  type   0  conf  1.0000
   2.2940606521  -3.4333043918  -3.7963460134
   2.2990127433  -3.4407157200  -3.5684277257
      
      
#  type   0  conf  1.0000
   2.2990127433  -3.4407157200  -3.5684277257
   2.0748465423  -3.1052272919  -2.9152245521
      
      
#  type   0  conf  1.0000
   2.0748465423  -3.1052272919  -2.9152245521
   1.7459149468  -2.6129463704  -2.3781364615
      
      
#  type   0  conf  1.0000
   1.7459149468  -2.6129463704  -2.3781364615
   0.5412219397  -0.8099958738  -1.1385979235
      
      
#  type   0  conf  1.0000
   0.5412219397  -0.8099958738  -1.1385979235
   0.0288226883  -0.0431362014  -0.8501557347
      
      
#  type   0  conf  1.0000
   0.0288226883  -0.0431362014  -0.8501557347
  -0.4688367923   0.7016638450  -1.1599415455
      
      
#  type   0  conf  1.0000
  -0.4688367923   0.7016638450  -1.1599415455
  -1.5330654508   2.2943945883  -2.2632549864
      
      
#  type   0  conf  1.0000
  -1.5330654508   2.2943945883  -2.2632549864
  -1.6875403797   2.5255826570  -2.4424134389
      
      
#  type   0  conf  1.0000
  -1.6875403797   2.5255826570  -2.4424134389
  -2.0227066218   3.0271943864  -2.9722002296
      
      
#  type   0  conf  1.0000
  -2.0227066218   3.0271943864  -2.9722002296
  -2.2390348329   3.3509524338  -3.5915347921
      
      
#  type   0  conf  1.0000
  -2.2390348329   3.3509524338  -3.5915347921
  -2.2352079444   3.3452250903  -3.8302767382
      
      
#  type   0  conf  1.0000
  -2.2352079444   3.3452250903  -3.8302767382
  -1.9459391904   2.9123038062  -4.3650021116
      
      
#  type   0  conf  1.0000
  -1.9459391904   2.9123038062  -4.3650021116
  -1.9312355823   2.8902983015  -4.3820572886
      
      
#  type   0  conf  1.0000
  -1.9312355823   2.8902983015  -4.3820572886
  -1.6111747297   2.4112933851  -4.5943261521
      
      
# 329  norm    -0.8358073614   -0.5490228180    0.0000000000
# nedges  16 
#  type   0  conf  1.0000
   1.6880913584  -2.5698734875  -4.5602212272
   1.9701745371  -2.9993040860  -4.3538642332
      
      
#  type   0  conf  1.0000
   1.9701745371  -2.9993040860  -4.3538642332
   2.2650247071  -3.4481705711  -3.7959922512
      
      
#  type   0  conf  1.0000
   2.2650247071  -3.4481705711  -3.7959922512
   2.2693573702  -3.4547664203  -3.5656634485
      
      
#  type   0  conf  1.0000
   2.2693573702  -3.4547664203  -3.5656634485
   2.0480377564  -3.1178395087  -2.9142227196
      
      
#  type   0  conf  1.0000
   2.0480377564  -3.1178395087  -2.9142227196
   1.7248134323  -2.6257775023  -2.3734182971
      
      
#  type   0  conf  1.0000
   1.7248134323  -2.6257775023  -2.3734182971
   0.5368037696  -0.8172056380  -1.1385241049
      
      
#  type   0  conf  1.0000
   0.5368037696  -0.8172056380  -1.1385241049
   0.0295726171  -0.0450200069  -0.8502526380
      
      
#  type   0  conf  1.0000
   0.0295726171  -0.0450200069  -0.8502526380
  -0.4626216999   0.7042742298  -1.1594872312
      
      
#  type   0  conf  1.0000
  -0.4626216999   0.7042742298  -1.1594872312
  -1.5163210479   2.3083781811  -2.2621242755
      
      
#  type   0  conf  1.0000
  -1.5163210479   2.3083781811  -2.2621242755
  -1.6677664295   2.5389317403  -2.4427471962
      
      
#  type   0  conf  1.0000
  -1.6677664295   2.5389317403  -2.4427471962
  -1.9948223536   3.0368268004  -2.9725138197
      
      
#  type   0  conf  1.0000
  -1.9948223536   3.0368268004  -2.9725138197
  -2.2084367890   3.3620236989  -3.5931495501
      
      
#  type   0  conf  1.0000
  -2.2084367890   3.3620236989  -3.5931495501
  -2.2039988963   3.3552676530  -3.8320217067
      
      
#  type   0  conf  1.0000
  -2.2039988963   3.3552676530  -3.8320217067
  -1.9137929534   2.9134713279  -4.3718331074
      
      
#  type   0  conf  1.0000
  -1.9137929534   2.9134713279  -4.3718331074
  -1.8945002380   2.8841009756  -4.3892524917
      
      
#  type   0  conf  1.0000
  -1.8945002380   2.8841009756  -4.3892524917
  -1.5872287754   2.4163248798  -4.5927264162
      
      
# 330  norm    -0.8400935539   -0.5424415367    0.0000000000
# nedges  16 
#  type   0  conf  1.0000
   1.6609669653  -2.5723834671  -4.5634677729
   1.9446112268  -3.0116708364  -4.3536700842
      
      
#  type   0  conf  1.0000
   1.9446112268  -3.0116708364  -4.3536700842
   2.2359905745  -3.4629377384  -3.7959644172
      
      
#  type   0  conf  1.0000
   2.2359905745  -3.4629377384  -3.7959644172
   2.2402236738  -3.4694936513  -3.5672482720
      
      
#  type   0  conf  1.0000
   2.2402236738  -3.4694936513  -3.5672482720
   2.0220870171  -3.1316596420  -2.9144031911
      
      
#  type   0  conf  1.0000
   2.0220870171  -3.1316596420  -2.9144031911
   1.7042406811  -2.6394026153  -2.3701347601
      
      
#  type   0  conf  1.0000
   1.7042406811  -2.6394026153  -2.3701347601
   0.5332230614  -0.8258166574  -1.1389272697
      
      
#  type   0  conf  1.0000
   0.5332230614  -0.8258166574  -1.1389272697
   0.0302063076  -0.0467813074  -0.8501011130
      
      
#  type   0  conf  1.0000
   0.0302063076  -0.0467813074  -0.8501011130
  -0.4569240782   0.7076504043  -1.1595859935
      
      
#  type   0  conf  1.0000
  -0.4569240782   0.7076504043  -1.1595859935
  -1.4992725663   2.3219630751  -2.2611291237
      
      
#  type   0  conf  1.0000
  -1.4992725663   2.3219630751  -2.2611291237
  -1.6479726661   2.5522588523  -2.4433333051
      
      
#  type   0  conf  1.0000
  -1.6479726661   2.5522588523  -2.4433333051
  -1.9670886107   3.0464821553  -2.9727313105
      
      
#  type   0  conf  1.0000
  -1.9670886107   3.0464821553  -2.9727313105
  -2.1772524057   3.3719683830  -3.5921902472
      
      
#  type   0  conf  1.0000
  -2.1772524057   3.3719683830  -3.5921902472
  -2.1735724979   3.3662692124  -3.8294970731
      
      
#  type   0  conf  1.0000
  -2.1735724979   3.3662692124  -3.8294970731
  -1.8931366562   2.9319508076  -4.3615230442
      
      
#  type   0  conf  1.0000
  -1.8931366562   2.9319508076  -4.3615230442
  -1.8786088173   2.9094511593  -4.3808151258
      
      
#  type   0  conf  1.0000
  -1.8786088173   2.9094511593  -4.3808151258
  -1.5630687705   2.4207659437  -4.5943680534
      
      
# 331  norm    -0.8443279255   -0.5358267950   -0.0000000000
# nedges  17 
#  type   0  conf  1.0000
   1.6385572378  -2.5819530609  -4.5627162766
   1.9186959821  -3.0233810877  -4.3536504669
      
      
#  type   0  conf  1.0000
   1.9186959821  -3.0233810877  -4.3536504669
   2.2058906924  -3.4759275378  -3.7962815891
      
      
#  type   0  conf  1.0000
   2.2058906924  -3.4759275378  -3.7962815891
   2.2107310764  -3.4835547626  -3.5679043084
      
      
#  type   0  conf  1.0000
   2.2107310764  -3.4835547626  -3.5679043084
   1.9955895493  -3.1445459617  -2.9148539340
      
      
#  type   0  conf  1.0000
   1.9955895493  -3.1445459617  -2.9148539340
   1.6833224291  -2.6524917153  -2.3658775617
      
      
#  type   0  conf  1.0000
   1.6833224291  -2.6524917153  -2.3658775617
   0.5671422800  -0.8936732340  -1.1797261818
      
      
#  type   0  conf  1.0000
   0.5671422800  -0.8936732340  -1.1797261818
   0.5183619421  -0.8168077209  -1.1329470348
      
      
#  type   0  conf  1.0000
   0.5183619421  -0.8168077209  -1.1329470348
   0.0309381602  -0.0487507397  -0.8501246871
      
      
#  type   0  conf  1.0000
   0.0309381602  -0.0487507397  -0.8501246871
  -0.4507074690   0.7102013298  -1.1592108381
      
      
#  type   0  conf  1.0000
  -0.4507074690   0.7102013298  -1.1592108381
  -1.4843136128   2.3389039989  -2.2622935276
      
      
#  type   0  conf  1.0000
  -1.4843136128   2.3389039989  -2.2622935276
  -1.6278498220   2.5650808734  -2.4438538586
      
      
#  type   0  conf  1.0000
  -1.6278498220   2.5650808734  -2.4438538586
  -1.9384371762   3.0544882320  -2.9722714123
      
      
#  type   0  conf  1.0000
  -1.9384371762   3.0544882320  -2.9722714123
  -2.1459242895   3.3814356069  -3.5914876181
      
      
#  type   0  conf  1.0000
  -2.1459242895   3.3814356069  -3.5914876181
  -2.1419902543   3.3752365593  -3.8314478556
      
      
#  type   0  conf  1.0000
  -2.1419902543   3.3752365593  -3.8314478556
  -1.8628227747   2.9353390007  -4.3658583504
      
      
#  type   0  conf  1.0000
  -1.8628227747   2.9353390007  -4.3658583504
  -1.8486210588   2.9129606773  -4.3825751273
      
      
#  type   0  conf  1.0000
  -1.8486210588   2.9129606773  -4.3825751273
  -1.5388379326   2.4248205791  -4.5942514975
      
      
# 332  norm    -0.8485102150   -0.5291790010   -0.0000000000
# nedges  17 
#  type   0  conf  1.0000
   1.6156887196  -2.5906704165  -4.5627741884
   1.8920756361  -3.0338420493  -4.3540779328
      
      
#  type   0  conf  1.0000
   1.8920756361  -3.0338420493  -4.3540779328
   2.1764124450  -3.4897609092  -3.7961078149
      
      
#  type   0  conf  1.0000
   2.1764124450  -3.4897609092  -3.7961078149
   2.1804763861  -3.4962772214  -3.5647677604
      
      
#  type   0  conf  1.0000
   2.1804763861  -3.4962772214  -3.5647677604
   1.9683732984  -3.1561812686  -2.9138728663
      
      
#  type   0  conf  1.0000
   1.9683732984  -3.1561812686  -2.9138728663
   1.6803655255  -2.6943762142  -2.3948419058
      
      
#  type   0  conf  1.0000
   1.6803655255  -2.6943762142  -2.3948419058
   1.5505304506  -2.4861926183  -2.2385804670
      
      
#  type   0  conf  1.0000
   1.5505304506  -2.4861926183  -2.2385804670
   0.5204839608  -0.8345681833  -1.1368014159
      
      
#  type   0  conf  1.0000
   0.5204839608  -0.8345681833  -1.1368014159
   0.0312314028  -0.0500778834  -0.8503354104
      
      
#  type   0  conf  1.0000
   0.0312314028  -0.0500778834  -0.8503354104
  -0.4450752193   0.7136543010  -1.1593065874
      
      
#  type   0  conf  1.0000
  -0.4450752193   0.7136543010  -1.1593065874
  -1.4672398278   2.3526405611  -2.2617288440
      
      
#  type   0  conf  1.0000
  -1.4672398278   2.3526405611  -2.2617288440
  -1.6073490031   2.5772981273  -2.4440496040
      
      
#  type   0  conf  1.0000
  -1.6073490031   2.5772981273  -2.4440496040
  -1.9099035594   3.0624281705  -2.9717100425
      
      
#  type   0  conf  1.0000
  -1.9099035594   3.0624281705  -2.9717100425
  -2.1151333722   3.3915031947  -3.5930250300
      
      
#  type   0  conf  1.0000
  -2.1151333722   3.3915031947  -3.5930250300
  -2.1107789436   3.3845211013  -3.8316932313
      
      
#  type   0  conf  1.0000
  -2.1107789436   3.3845211013  -3.8316932313
  -1.8328538244   2.9388830428  -4.3698184409
      
      
#  type   0  conf  1.0000
  -1.8328538244   2.9388830428  -4.3698184409
  -1.8160847503   2.9119947297  -4.3864915390
      
      
#  type   0  conf  1.0000
  -1.8160847503   2.9119947297  -4.3864915390
  -1.5149897245   2.4292049655  -4.5940732656
      
      
# 333  norm    -0.8526401644   -0.5224985647    0.0000000000
# nedges  17 
#  type   0  conf  1.0000
   1.5923330217  -2.5984513280  -4.5628614549
   1.8662200586  -3.0453943511  -4.3538542655
      
      
#  type   0  conf  1.0000
   1.8662200586  -3.0453943511  -4.3538542655
   2.1465088721  -3.5027841244  -3.7959560798
      
      
#  type   0  conf  1.0000
   2.1465088721  -3.5027841244  -3.7959560798
   2.1508461381  -3.5098618992  -3.5655297071
      
      
#  type   0  conf  1.0000
   2.1508461381  -3.5098618992  -3.5655297071
   1.9413550404  -3.1680034981  -2.9134944944
      
      
#  type   0  conf  1.0000
   1.9413550404  -3.1680034981  -2.9134944944
   1.6611815887  -2.7108019782  -2.3955886750
      
      
#  type   0  conf  1.0000
   1.6611815887  -2.7108019782  -2.3955886750
   1.5353527746  -2.5054680156  -2.2391533055
      
      
#  type   0  conf  1.0000
   1.5353527746  -2.5054680156  -2.2391533055
   0.5156986843  -0.8415437680  -1.1368411403
      
      
#  type   0  conf  1.0000
   0.5156986843  -0.8415437680  -1.1368411403
   0.0320905256  -0.0523669783  -0.8500923072
      
      
#  type   0  conf  1.0000
   0.0320905256  -0.0523669783  -0.8500923072
  -0.4392878070   0.7168525490  -1.1594160581
      
      
#  type   0  conf  1.0000
  -0.4392878070   0.7168525490  -1.1594160581
  -1.4504042054   2.3668445497  -2.2614966745
      
      
#  type   0  conf  1.0000
  -1.4504042054   2.3668445497  -2.2614966745
  -1.5860101325   2.5881333106  -2.4431145451
      
      
#  type   0  conf  1.0000
  -1.5860101325   2.5881333106  -2.4431145451
  -1.8818188819   3.0708493172  -2.9723691623
      
      
#  type   0  conf  1.0000
  -1.8818188819   3.0708493172  -2.9723691623
  -2.0837701229   3.4004037906  -3.5932891840
      
      
#  type   0  conf  1.0000
  -2.0837701229   3.4004037906  -3.5932891840
  -2.0791406969   3.3928492540  -3.8324981330
      
      
#  type   0  conf  1.0000
  -2.0791406969   3.3928492540  -3.8324981330
  -1.8092688071   2.9524583554  -4.3616719962
      
      
#  type   0  conf  1.0000
  -1.8092688071   2.9524583554  -4.3616719962
  -1.7892446893   2.9197819649  -4.3859300222
      
      
#  type   0  conf  1.0000
  -1.7892446893   2.9197819649  -4.3859300222
  -1.4908767460   2.4328897333  -4.5943661347
      
      
# 334  norm    -0.8567175189   -0.5157858983    0.0000000000
# nedges  17 
#  type   0  conf  1.0000
   1.5689471530  -2.6060125269  -4.5625830032
   1.8399410646  -3.0561319124  -4.3535613451
      
      
#  type   0  conf  1.0000
   1.8399410646  -3.0561319124  -4.3535613451
   2.1157117857  -3.5141855521  -3.7962290647
      
      
#  type   0  conf  1.0000
   2.1157117857  -3.5141855521  -3.7962290647
   2.1204807035  -3.5221066980  -3.5664784099
      
      
#  type   0  conf  1.0000
   2.1204807035  -3.5221066980  -3.5664784099
   1.9142100740  -3.1794923254  -2.9136186313
      
      
#  type   0  conf  1.0000
   1.9142100740  -3.1794923254  -2.9136186313
   1.6413667464  -2.7263010703  -2.3955951025
      
      
#  type   0  conf  1.0000
   1.6413667464  -2.7263010703  -2.3955951025
   1.5180056061  -2.5213988999  -2.2371525926
      
      
#  type   0  conf  1.0000
   1.5180056061  -2.5213988999  -2.2371525926
   0.5104603919  -0.8478718822  -1.1365110356
      
      
#  type   0  conf  1.0000
   0.5104603919  -0.8478718822  -1.1365110356
   0.0328932032  -0.0546354282  -0.8501659263
      
      
#  type   0  conf  1.0000
   0.0328932032  -0.0546354282  -0.8501659263
  -0.4329944502   0.7192013823  -1.1589452007
      
      
#  type   0  conf  1.0000
  -0.4329944502   0.7192013823  -1.1589452007
  -1.4338427460   2.3816048555  -2.2615914524
      
      
#  type   0  conf  1.0000
  -1.4338427460   2.3816048555  -2.2615914524
  -1.5650284231   2.5995035384  -2.4432271534
      
      
#  type   0  conf  1.0000
  -1.5650284231   2.5995035384  -2.4432271534
  -1.8523890576   3.0768079598  -2.9707759310
      
      
#  type   0  conf  1.0000
  -1.8523890576   3.0768079598  -2.9707759310
  -2.0514455913   3.4074397593  -3.5912141256
      
      
#  type   0  conf  1.0000
  -2.0514455913   3.4074397593  -3.5912141256
  -2.0478270578   3.4014293952  -3.8302792186
      
      
#  type   0  conf  1.0000
  -2.0478270578   3.4014293952  -3.8302792186
  -1.7795119291   2.9557594532  -4.3652309929
      
      
#  type   0  conf  1.0000
  -1.7795119291   2.9557594532  -4.3652309929
  -1.7605636963   2.9242865435  -4.3868213813
      
      
#  type   0  conf  1.0000
  -1.7605636963   2.9242865435  -4.3868213813
  -1.4662075092   2.4353625479  -4.5937209405
      
      
# 335  norm    -0.8607420270   -0.5090414158   -0.0000000000
# nedges  17 
#  type   0  conf  1.0000
   1.5451980024  -2.6127871319  -4.5626984328
   1.8126539705  -3.0650304761  -4.3541607478
      
      
#  type   0  conf  1.0000
   1.8126539705  -3.0650304761  -4.3541607478
   2.0857447237  -3.5268017213  -3.7947580977
      
      
#  type   0  conf  1.0000
   2.0857447237  -3.5268017213  -3.7947580977
   2.0895201354  -3.5331855938  -3.5644424726
      
      
#  type   0  conf  1.0000
   2.0895201354  -3.5331855938  -3.5644424726
   1.8868559097  -3.1904991031  -2.9140688230
      
      
#  type   0  conf  1.0000
   1.8868559097  -3.1904991031  -2.9140688230
   1.6219414207  -2.7425531656  -2.3967121135
      
      
#  type   0  conf  1.0000
   1.6219414207  -2.7425531656  -2.3967121135
   1.5033449183  -2.5420174316  -2.2385650376
      
      
#  type   0  conf  1.0000
   1.5033449183  -2.5420174316  -2.2385650376
   0.5053228583  -0.8544542898  -1.1362790934
      
      
#  type   0  conf  1.0000
   0.5053228583  -0.8544542898  -1.1362790934
   0.0331373723  -0.0560322364  -0.8502121589
      
      
#  type   0  conf  1.0000
   0.0331373723  -0.0560322364  -0.8502121589
  -0.4272932074   0.7225133557  -1.1592365167
      
      
#  type   0  conf  1.0000
  -0.4272932074   0.7225133557  -1.1592365167
  -1.4165825541   2.3953102858  -2.2613123094
      
      
#  type   0  conf  1.0000
  -1.4165825541   2.3953102858  -2.2613123094
  -1.5441819240   2.6110690372  -2.4436128403
      
      
#  type   0  conf  1.0000
  -1.5441819240   2.6110690372  -2.4436128403
  -1.8237086750   3.0837229605  -2.9718390074
      
      
#  type   0  conf  1.0000
  -1.8237086750   3.0837229605  -2.9718390074
  -2.0197382219   3.4151908221  -3.5918994862
      
      
#  type   0  conf  1.0000
  -2.0197382219   3.4151908221  -3.5918994862
  -2.0154961710   3.4080179057  -3.8312025347
      
      
#  type   0  conf  1.0000
  -2.0154961710   3.4080179057  -3.8312025347
  -1.7499395599   2.9589861990  -4.3683072092
      
      
#  type   0  conf  1.0000
  -1.7499395599   2.9589861990  -4.3683072092
  -1.7328657138   2.9301159020  -4.3861701074
      
      
#  type   0  conf  1.0000
  -1.7328657138   2.9301159020  -4.3861701074
  -1.4417479214   2.4378625980  -4.5937696242
      
      
# 336  norm    -0.8647134405   -0.5022655331    0.0000000000
# nedges  17 
#  type   0  conf  1.0000
   1.5213643370  -2.6192205185  -4.5629050787
   1.7858846459  -3.0746255808  -4.3540050209
      
      
#  type   0  conf  1.0000
   1.7858846459  -3.0746255808  -4.3540050209
   2.0544041478  -3.5369157580  -3.7966216197
      
      
#  type   0  conf  1.0000
   2.0544041478  -3.5369157580  -3.7966216197
   2.0592539306  -3.5452652705  -3.5672108702
      
      
#  type   0  conf  1.0000
   2.0592539306  -3.5452652705  -3.5672108702
   1.8597773375  -3.2018411657  -2.9151417779
      
      
#  type   0  conf  1.0000
   1.8597773375  -3.2018411657  -2.9151417779
   1.6015725902  -2.7573091390  -2.3965633113
      
      
#  type   0  conf  1.0000
   1.6015725902  -2.7573091390  -2.3965633113
   1.4871255342  -2.5602741026  -2.2386578061
      
      
#  type   0  conf  1.0000
   1.4871255342  -2.5602741026  -2.2386578061
   0.5003835076  -0.8614732963  -1.1364634932
      
      
#  type   0  conf  1.0000
   0.5003835076  -0.8614732963  -1.1364634932
   0.0339546745  -0.0584572531  -0.8501020991
      
      
#  type   0  conf  1.0000
   0.0339546745  -0.0584572531  -0.8501020991
  -0.4209632382   0.7247412892  -1.1588584699
      
      
#  type   0  conf  1.0000
  -0.4209632382   0.7247412892  -1.1588584699
  -1.3993132660   2.4090942116  -2.2613445562
      
      
#  type   0  conf  1.0000
  -1.3993132660   2.4090942116  -2.2613445562
  -1.5237411624   2.6233125230  -2.4449861072
      
      
#  type   0  conf  1.0000
  -1.5237411624   2.6233125230  -2.4449861072
  -1.7953398055   3.0909038300  -2.9734250242
      
      
#  type   0  conf  1.0000
  -1.7953398055   3.0909038300  -2.9734250242
  -1.9879300591   3.4224722333  -3.5933424295
      
      
#  type   0  conf  1.0000
  -1.9879300591   3.4224722333  -3.5933424295
  -1.9834006549   3.4146742928  -3.8318038572
      
      
#  type   0  conf  1.0000
  -1.9834006549   3.4146742928  -3.8318038572
  -1.7201840533   2.9615137271  -4.3706792284
      
      
#  type   0  conf  1.0000
  -1.7201840533   2.9615137271  -4.3706792284
  -1.7000686557   2.9268825339  -4.3899926685
      
      
#  type   0  conf  1.0000
  -1.7000686557   2.9268825339  -4.3899926685
  -1.4168954954   2.4393642364  -4.5938982234
      
      
# 337  norm    -0.8686315144   -0.4954586684    0.0000000000
# nedges  18 
#  type   0  conf  1.0000
   1.4974753182  -2.6253537104  -4.5630635078
   1.7589331074  -3.0837380114  -4.3539826749
      
      
#  type   0  conf  1.0000
   1.7589331074  -3.0837380114  -4.3539826749
   2.0241149830  -3.5486513309  -3.7948467068
      
      
#  type   0  conf  1.0000
   2.0241149830  -3.5486513309  -3.7948467068
   2.0278252503  -3.5551561218  -3.5640705667
      
      
#  type   0  conf  1.0000
   2.0278252503  -3.5551561218  -3.5640705667
   1.8312101459  -3.2104531491  -2.9130646423
      
      
#  type   0  conf  1.0000
   1.8312101459  -3.2104531491  -2.9130646423
   1.5811402423  -2.7720339368  -2.3967966845
      
      
#  type   0  conf  1.0000
   1.5811402423  -2.7720339368  -2.3967966845
   1.4707083611  -2.5784262390  -2.2388121092
      
      
#  type   0  conf  1.0000
   1.4707083611  -2.5784262390  -2.2388121092
   0.4949802491  -0.8677927560  -1.1362420181
      
      
#  type   0  conf  1.0000
   0.4949802491  -0.8677927560  -1.1362420181
   0.0342702616  -0.0600821646  -0.8501867343
      
      
#  type   0  conf  1.0000
   0.0342702616  -0.0600821646  -0.8501867343
  -0.4151320636   0.7278039846  -1.1590561003
      
      
#  type   0  conf  1.0000
  -0.4151320636   0.7278039846  -1.1590561003
  -1.3823974626   2.4236007521  -2.2619890378
      
      
#  type   0  conf  1.0000
  -1.3823974626   2.4236007521  -2.2619890378
  -1.5013919295   2.6322202609  -2.4438917106
      
      
#  type   0  conf  1.0000
  -1.5013919295   2.6322202609  -2.4438917106
  -1.7216858839   3.0184366770  -2.8831495454
      
      
#  type   0  conf  1.0000
  -1.7216858839   3.0184366770  -2.8831495454
  -1.7672482999   3.0983160956  -2.9762124943
      
      
#  type   0  conf  1.0000
  -1.7672482999   3.0983160956  -2.9762124943
  -1.9557405735   3.4287782300  -3.5937494383
      
      
#  type   0  conf  1.0000
  -1.9557405735   3.4287782300  -3.5937494383
  -1.9516396786   3.4215885960  -3.8311046562
      
      
#  type   0  conf  1.0000
  -1.9516396786   3.4215885960  -3.8311046562
  -1.7028611022   2.9854333213  -4.3486944943
      
      
#  type   0  conf  1.0000
  -1.7028611022   2.9854333213  -4.3486944943
  -1.6838936882   2.9521799047  -4.3809566707
      
      
#  type   0  conf  1.0000
  -1.6838936882   2.9521799047  -4.3809566707
  -1.3931633070   2.4424752866  -4.5937618148
      
      
# 338  norm    -0.8724960071   -0.4886212415    0.0000000000
# nedges  17 
#  type   0  conf  1.0000
   1.4769824425  -2.6373419208  -4.5604656198
   1.7317836201  -3.0923221614  -4.3544974012
      
      
#  type   0  conf  1.0000
   1.7317836201  -3.0923221614  -4.3544974012
   1.9929660286  -3.5586969099  -3.7961077595
      
      
#  type   0  conf  1.0000
   1.9929660286  -3.5586969099  -3.7961077595
   1.9975377869  -3.5668603716  -3.5661804401
      
      
#  type   0  conf  1.0000
   1.9975377869  -3.5668603716  -3.5661804401
   1.8040692744  -3.2213974849  -2.9143419897
      
      
#  type   0  conf  1.0000
   1.8040692744  -3.2213974849  -2.9143419897
   1.5606627180  -2.7867638043  -2.3973194852
      
      
#  type   0  conf  1.0000
   1.5606627180  -2.7867638043  -2.3973194852
   1.4529949446  -2.5945091613  -2.2381406653
      
      
#  type   0  conf  1.0000
   1.4529949446  -2.5945091613  -2.2381406653
   0.4893214825  -0.8737463773  -1.1360321909
      
      
#  type   0  conf  1.0000
   0.4893214825  -0.8737463773  -1.1360321909
   0.0346916715  -0.0619464369  -0.8501446053
      
      
#  type   0  conf  1.0000
   0.0346916715  -0.0619464369  -0.8501446053
  -0.4091262613   0.7305475061  -1.1590251061
      
      
#  type   0  conf  1.0000
  -0.4091262613   0.7305475061  -1.1590251061
  -1.3634223087   2.4345657111  -2.2606465340
      
      
#  type   0  conf  1.0000
  -1.3634223087   2.4345657111  -2.2606465340
  -1.4793614952   2.6415900251  -2.4429101588
      
      
#  type   0  conf  1.0000
  -1.4793614952   2.6415900251  -2.4429101588
  -1.7371970508   3.1019885375  -2.9726967461
      
      
#  type   0  conf  1.0000
  -1.7371970508   3.1019885375  -2.9726967461
  -1.9238222926   3.4352318852  -3.5921769179
      
      
#  type   0  conf  1.0000
  -1.9238222926   3.4352318852  -3.5921769179
  -1.9196485002   3.4277790428  -3.8316371743
      
      
#  type   0  conf  1.0000
  -1.9196485002   3.4277790428  -3.8316371743
  -1.6701808056   2.9823224212  -4.3583889674
      
      
#  type   0  conf  1.0000
  -1.6701808056   2.9823224212  -4.3583889674
  -1.6546600933   2.9546081951  -4.3822377849
      
      
#  type   0  conf  1.0000
  -1.6546600933   2.9546081951  -4.3822377849
  -1.3689127544   2.4443696074  -4.5933462305
      
      
# 339  norm    -0.8763066800   -0.4817536741    0.0000000000
# nedges  18 
#  type   0  conf  1.0000
   1.4498739960  -2.6373110080  -4.5629981885
   1.7042125491  -3.0999511187  -4.3547818993
      
      
#  type   0  conf  1.0000
   1.7042125491  -3.0999511187  -4.3547818993
   1.9620079137  -3.5688791461  -3.7952283057
      
      
#  type   0  conf  1.0000
   1.9620079137  -3.5688791461  -3.7952283057
   1.9657934051  -3.5757649295  -3.5637223485
      
      
#  type   0  conf  1.0000
   1.9657934051  -3.5757649295  -3.5637223485
   1.7754993788  -3.2296213806  -2.9132031189
      
      
#  type   0  conf  1.0000
   1.7754993788  -3.2296213806  -2.9132031189
   1.5394972023  -2.8003350151  -2.3970042624
      
      
#  type   0  conf  1.0000
   1.5394972023  -2.8003350151  -2.3970042624
   1.4355954139  -2.6113383637  -2.2378668994
      
      
#  type   0  conf  1.0000
   1.4355954139  -2.6113383637  -2.2378668994
   0.4840711277  -0.8805221125  -1.1361520813
      
      
#  type   0  conf  1.0000
   0.4840711277  -0.8805221125  -1.1361520813
   0.0352481939  -0.0641162267  -0.8501177751
      
      
#  type   0  conf  1.0000
   0.0352481939  -0.0641162267  -0.8501177751
  -0.4030526034   0.7331499640  -1.1590459286
      
      
#  type   0  conf  1.0000
  -0.4030526034   0.7331499640  -1.1590459286
  -1.3463985993   2.4490899603  -2.2617379642
      
      
#  type   0  conf  1.0000
  -1.3463985993   2.4490899603  -2.2617379642
  -1.4576359984   2.6514300382  -2.4430931245
      
      
#  type   0  conf  1.0000
  -1.4576359984   2.6514300382  -2.4430931245
  -1.7071164062   3.1052332151  -2.9698789458
      
      
#  type   0  conf  1.0000
  -1.7071164062   3.1052332151  -2.9698789458
  -1.8914262955   3.4404916592  -3.5912427124
      
      
#  type   0  conf  1.0000
  -1.8914262955   3.4404916592  -3.5912427124
  -1.8895009973   3.4369895549  -3.7150507319
      
      
#  type   0  conf  1.0000
  -1.8895009973   3.4369895549  -3.7150507319
  -1.8864708022   3.4314776504  -3.8334831206
      
      
#  type   0  conf  1.0000
  -1.8864708022   3.4314776504  -3.8334831206
  -1.6372741837   2.9781906841  -4.3668344712
      
      
#  type   0  conf  1.0000
  -1.6372741837   2.9781906841  -4.3668344712
  -1.6183822413   2.9438263684  -4.3892035000
      
      
#  type   0  conf  1.0000
  -1.6183822413   2.9438263684  -4.3892035000
  -1.3441151711   2.4449364198  -4.5936405516
      
      
# 340  norm    -0.8800632983   -0.4748563899    0.0000000000
# nedges  18 
#  type   0  conf  1.0000
   1.4263737554  -2.6435343791  -4.5627710954
   1.6772161537  -3.1084269089  -4.3546258719
      
      
#  type   0  conf  1.0000
   1.6772161537  -3.1084269089  -4.3546258719
   1.9304409937  -3.5777348780  -3.7965200991
      
      
#  type   0  conf  1.0000
   1.9304409937  -3.5777348780  -3.7965200991
   1.9351661827  -3.5864921897  -3.5657092327
      
      
#  type   0  conf  1.0000
   1.9351661827  -3.5864921897  -3.5657092327
   1.7476444874  -3.2389535123  -2.9134545025
      
      
#  type   0  conf  1.0000
   1.7476444874  -3.2389535123  -2.9134545025
   1.5182540271  -2.8138183991  -2.3970978905
      
      
#  type   0  conf  1.0000
   1.5182540271  -2.8138183991  -2.3970978905
   1.4181631367  -2.6283174328  -2.2380839820
      
      
#  type   0  conf  1.0000
   1.4181631367  -2.6283174328  -2.2380839820
   0.4784897556  -0.8867971065  -1.1360538372
      
      
#  type   0  conf  1.0000
   0.4784897556  -0.8867971065  -1.1360538372
   0.0354456328  -0.0656922834  -0.8502276971
      
      
#  type   0  conf  1.0000
   0.0354456328  -0.0656922834  -0.8502276971
  -0.3970677543   0.7358956622  -1.1591985878
      
      
#  type   0  conf  1.0000
  -0.3970677543   0.7358956622  -1.1591985878
  -1.3278327444   2.4609058434  -2.2612576527
      
      
#  type   0  conf  1.0000
  -1.3278327444   2.4609058434  -2.2612576527
  -1.4365222890   2.6623429119  -2.4444993900
      
      
#  type   0  conf  1.0000
  -1.4365222890   2.6623429119  -2.4444993900
  -1.6786002606   3.1109921091  -2.9717186892
      
      
#  type   0  conf  1.0000
  -1.6786002606   3.1109921091  -2.9717186892
  -1.8595610474   3.4463712896  -3.5915880581
      
      
#  type   0  conf  1.0000
  -1.8595610474   3.4463712896  -3.5915880581
  -1.8557637593   3.4393336801  -3.8185870819
      
      
#  type   0  conf  1.0000
  -1.8557637593   3.4393336801  -3.8185870819
  -1.8497595925   3.4282060066  -3.8446957972
      
      
#  type   0  conf  1.0000
  -1.8497595925   3.4282060066  -3.8446957972
  -1.6077142532   2.9796172877  -4.3693119647
      
      
#  type   0  conf  1.0000
  -1.6077142532   2.9796172877  -4.3693119647
  -1.5891547499   2.9452204930  -4.3904759789
      
      
#  type   0  conf  1.0000
  -1.5891547499   2.9452204930  -4.3904759789
  -1.3202633502   2.4468772946  -4.5936576203
      
      
# 341  norm    -0.8837656301   -0.4679298143    0.0000000000
# nedges  17 
#  type   0  conf  1.0000
   1.4009626983  -2.6459580990  -4.5647407584
   1.6506719257  -3.1175767605  -4.3536299184
      
      
#  type   0  conf  1.0000
   1.6506719257  -3.1175767605  -4.3536299184
   1.8995134511  -3.5875566182  -3.7948915360
      
      
#  type   0  conf  1.0000
   1.8995134511  -3.5875566182  -3.7948915360
   1.9034186287  -3.5949322152  -3.5638075751
      
      
#  type   0  conf  1.0000
   1.9034186287  -3.5949322152  -3.5638075751
   1.7195344689  -3.2476354724  -2.9135993041
      
      
#  type   0  conf  1.0000
   1.7195344689  -3.2476354724  -2.9135993041
   1.4968153228  -2.8269922039  -2.3969831211
      
      
#  type   0  conf  1.0000
   1.4968153228  -2.8269922039  -2.3969831211
   1.4001754556  -2.6444712563  -2.2379266334
      
      
#  type   0  conf  1.0000
   1.4001754556  -2.6444712563  -2.2379266334
   0.4729351135  -0.8932189953  -1.1360771042
      
      
#  type   0  conf  1.0000
   0.4729351135  -0.8932189953  -1.1360771042
   0.0358607520  -0.0677291745  -0.8502461448
      
      
#  type   0  conf  1.0000
   0.0358607520  -0.0677291745  -0.8502461448
  -0.3904253695   0.7373852065  -1.1586700497
      
      
#  type   0  conf  1.0000
  -0.3904253695   0.7373852065  -1.1586700497
  -1.3094940560   2.4732038956  -2.2612789929
      
      
#  type   0  conf  1.0000
  -1.3094940560   2.4732038956  -2.2612789929
  -1.4148442206   2.6721757323  -2.4453114762
      
      
#  type   0  conf  1.0000
  -1.4148442206   2.6721757323  -2.4453114762
  -1.6495738405   3.1155028384  -2.9719148863
      
      
#  type   0  conf  1.0000
  -1.6495738405   3.1155028384  -2.9719148863
  -1.8276422827   3.4518156022  -3.5932057573
      
      
#  type   0  conf  1.0000
  -1.8276422827   3.4518156022  -3.5932057573
  -1.8232777156   3.4435723693  -3.8318650795
      
      
#  type   0  conf  1.0000
  -1.8232777156   3.4435723693  -3.8318650795
  -1.5842386134   2.9921060673  -4.3605806160
      
      
#  type   0  conf  1.0000
  -1.5842386134   2.9921060673  -4.3605806160
  -1.5677675358   2.9609976152  -4.3845047097
      
      
#  type   0  conf  1.0000
  -1.5677675358   2.9609976152  -4.3845047097
  -1.2963005481   2.4482856953  -4.5940445066
      
      
# 342  norm    -0.8874134471   -0.4609743745    0.0000000000
# nedges  17 
#  type   0  conf  1.0000
   1.3780815514  -2.6529199180  -4.5631507819
   1.6213361627  -3.1212049789  -4.3558056027
      
      
#  type   0  conf  1.0000
   1.6213361627  -3.1212049789  -4.3558056027
   1.8674265018  -3.5949490484  -3.7963498020
      
      
#  type   0  conf  1.0000
   1.8674265018  -3.5949490484  -3.7963498020
   1.8720194895  -3.6037909261  -3.5662268006
      
      
#  type   0  conf  1.0000
   1.8720194895  -3.6037909261  -3.5662268006
   1.6912644297  -3.2558226235  -2.9139911676
      
      
#  type   0  conf  1.0000
   1.6912644297  -3.2558226235  -2.9139911676
   1.4747410907  -2.8389974521  -2.3960672068
      
      
#  type   0  conf  1.0000
   1.4747410907  -2.8389974521  -2.3960672068
   1.3825789500  -2.6615777789  -2.2382151769
      
      
#  type   0  conf  1.0000
   1.3825789500  -2.6615777789  -2.2382151769
   0.4670860357  -0.8991788957  -1.1357698946
      
      
#  type   0  conf  1.0000
   0.4670860357  -0.8991788957  -1.1357698946
   0.0363243791  -0.0699274065  -0.8501632490
      
      
#  type   0  conf  1.0000
   0.0363243791  -0.0699274065  -0.8501632490
  -0.3845182949   0.7402292283  -1.1589526727
      
      
#  type   0  conf  1.0000
  -0.3845182949   0.7402292283  -1.1589526727
  -1.2908783441   2.4850465978  -2.2611063747
      
      
#  type   0  conf  1.0000
  -1.2908783441   2.4850465978  -2.2611063747
  -1.3919083945   2.6795377240  -2.4438589135
      
      
#  type   0  conf  1.0000
  -1.3919083945   2.6795377240  -2.4438589135
  -1.6202899478   3.1191909296  -2.9725470317
      
      
#  type   0  conf  1.0000
  -1.6202899478   3.1191909296  -2.9725470317
  -1.7949970212   3.4555163627  -3.5933853946
      
      
#  type   0  conf  1.0000
  -1.7949970212   3.4555163627  -3.5933853946
  -1.7907505917   3.4473416381  -3.8307712244
      
      
#  type   0  conf  1.0000
  -1.7907505917   3.4473416381  -3.8307712244
  -1.5547208738   2.9929650888  -4.3628323225
      
      
#  type   0  conf  1.0000
  -1.5547208738   2.9929650888  -4.3628323225
  -1.5370202343   2.9588899072  -4.3867900823
      
      
#  type   0  conf  1.0000
  -1.5370202343   2.9588899072  -4.3867900823
  -1.2717438400   2.4482111092  -4.5944344842
      
      
# 343  norm    -0.8910065242   -0.4539904997   -0.0000000000
# nedges  16 
#  type   0  conf  1.0000
   1.3538993962  -2.6571771785  -4.5631645284
   1.5935679435  -3.1275531872  -4.3559538460
      
      
#  type   0  conf  1.0000
   1.5935679435  -3.1275531872  -4.3559538460
   1.8360257357  -3.6034033973  -3.7955799065
      
      
#  type   0  conf  1.0000
   1.8360257357  -3.6034033973  -3.7955799065
   1.8398479813  -3.6109049765  -3.5635485316
      
      
#  type   0  conf  1.0000
   1.8398479813  -3.6109049765  -3.5635485316
   1.6622158325  -3.2622822554  -2.9130762026
      
      
#  type   0  conf  1.0000
   1.6622158325  -3.2622822554  -2.9130762026
   1.4532492317  -2.8521622092  -2.3966343705
      
      
#  type   0  conf  1.0000
   1.4532492317  -2.8521622092  -2.3966343705
   1.3644418469  -2.6778679029  -2.2381634438
      
      
#  type   0  conf  1.0000
   1.3644418469  -2.6778679029  -2.2381634438
   0.4613167751  -0.9053851492  -1.1357204923
      
      
#  type   0  conf  1.0000
   0.4613167751  -0.9053851492  -1.1357204923
   0.0366641503  -0.0719574465  -0.8500550112
      
      
#  type   0  conf  1.0000
   0.0366641503  -0.0719574465  -0.8500550112
  -0.3783007995   0.7424571234  -1.1590118054
      
      
#  type   0  conf  1.0000
  -0.3783007995   0.7424571234  -1.1590118054
  -1.2722498474   2.4969309162  -2.2611338276
      
      
#  type   0  conf  1.0000
  -1.2722498474   2.4969309162  -2.2611338276
  -1.3689240529   2.6866647275  -2.4429010613
      
      
#  type   0  conf  1.0000
  -1.3689240529   2.6866647275  -2.4429010613
  -1.5901315763   3.1208089367  -2.9705056563
      
      
#  type   0  conf  1.0000
  -1.5901315763   3.1208089367  -2.9705056563
  -1.7624861123   3.4590737599  -3.5943241813
      
      
#  type   0  conf  1.0000
  -1.7624861123   3.4590737599  -3.5943241813
  -1.7576388939   3.4495605580  -3.8325622666
      
      
#  type   0  conf  1.0000
  -1.7576388939   3.4495605580  -3.8325622666
  -1.5186788384   2.9805750428  -4.3788703139
      
      
#  type   0  conf  1.0000
  -1.5186788384   2.9805750428  -4.3788703139
  -1.2464911710   2.4463766672  -4.5956009609
      
      
# 344  norm    -0.8945446398   -0.4469786207    0.0000000000
# nedges  17 
#  type   0  conf  1.0000
   1.3277288661  -2.6572025717  -4.5652818509
   1.5659436695  -3.1339452293  -4.3559735007
      
      
#  type   0  conf  1.0000
   1.5659436695  -3.1339452293  -4.3559735007
   1.8038026509  -3.6099757753  -3.7956625619
      
      
#  type   0  conf  1.0000
   1.8038026509  -3.6099757753  -3.7956625619
   1.8079512689  -3.6182784631  -3.5634885543
      
      
#  type   0  conf  1.0000
   1.8079512689  -3.6182784631  -3.5634885543
   1.6334818742  -3.2691103943  -2.9129725482
      
      
#  type   0  conf  1.0000
   1.6334818742  -3.2691103943  -2.9129725482
   1.4308509556  -2.8635822688  -2.3956580433
      
      
#  type   0  conf  1.0000
   1.4308509556  -2.8635822688  -2.3956580433
   1.3456111352  -2.6929906099  -2.2377359881
      
      
#  type   0  conf  1.0000
   1.3456111352  -2.6929906099  -2.2377359881
   0.4558405084  -0.9122800611  -1.1361297314
      
      
#  type   0  conf  1.0000
   0.4558405084  -0.9122800611  -1.1361297314
   0.0369595339  -0.0739676383  -0.8500546481
      
      
#  type   0  conf  1.0000
   0.0369595339  -0.0739676383  -0.8500546481
  -0.3719200193   0.7443287986  -1.1588428628
      
      
#  type   0  conf  1.0000
  -0.3719200193   0.7443287986  -1.1588428628
  -1.2537325805   2.5091127580  -2.2615554691
      
      
#  type   0  conf  1.0000
  -1.2537325805   2.5091127580  -2.2615554691
  -1.3466102703   2.6949901931  -2.4432760883
      
      
#  type   0  conf  1.0000
  -1.3466102703   2.6949901931  -2.4432760883
  -1.5605869021   3.1232246549  -2.9707460240
      
      
#  type   0  conf  1.0000
  -1.5605869021   3.1232246549  -2.9707460240
  -1.7294189687   3.4611106592  -3.5925450453
      
      
#  type   0  conf  1.0000
  -1.7294189687   3.4611106592  -3.5925450453
  -1.7258378320   3.4539436797  -3.8154352837
      
      
#  type   0  conf  1.0000
  -1.7258378320   3.4539436797  -3.8154352837
  -1.7212020499   3.4446660235  -3.8422305548
      
      
#  type   0  conf  1.0000
  -1.7212020499   3.4446660235  -3.8422305548
  -1.4881055188   2.9781666366  -4.3814208933
      
      
#  type   0  conf  1.0000
  -1.4881055188   2.9781666366  -4.3814208933
  -1.2218234696   2.4452526028  -4.5959496393
      
      
# 345  norm    -0.8980275758   -0.4399391699    0.0000000000
# nedges  17 
#  type   0  conf  1.0000
   1.3056265745  -2.6651154249  -4.5638977069
   1.5374357265  -3.1382967760  -4.3567182261
      
      
#  type   0  conf  1.0000
   1.5374357265  -3.1382967760  -4.3567182261
   1.7716916723  -3.6164726546  -3.7965538085
      
      
#  type   0  conf  1.0000
   1.7716916723  -3.6164726546  -3.7965538085
   1.7762051588  -3.6256858268  -3.5650266475
      
      
#  type   0  conf  1.0000
   1.7762051588  -3.6256858268  -3.5650266475
   1.6048347376  -3.2758752746  -2.9133567551
      
      
#  type   0  conf  1.0000
   1.6048347376  -3.2758752746  -2.9133567551
   1.4099028443  -2.8779697742  -2.3988795432
      
      
#  type   0  conf  1.0000
   1.4099028443  -2.8779697742  -2.3988795432
   1.3279021146  -2.7105854593  -2.2390239740
      
      
#  type   0  conf  1.0000
   1.3279021146  -2.7105854593  -2.2390239740
   0.4497065001  -0.9179651773  -1.1357966500
      
      
#  type   0  conf  1.0000
   0.4497065001  -0.9179651773  -1.1357966500
   0.0371006870  -0.0757319245  -0.8501198844
      
      
#  type   0  conf  1.0000
   0.0371006870  -0.0757319245  -0.8501198844
  -0.3657759709   0.7466416516  -1.1590108899
      
      
#  type   0  conf  1.0000
  -0.3657759709   0.7466416516  -1.1590108899
  -1.2340080320   2.5189237908  -2.2607415149
      
      
#  type   0  conf  1.0000
  -1.2340080320   2.5189237908  -2.2607415149
  -1.3239409611   2.7024997391  -2.4429030425
      
      
#  type   0  conf  1.0000
  -1.3239409611   2.7024997391  -2.4429030425
  -1.5174889042   3.0975802457  -2.9364386443
      
      
#  type   0  conf  1.0000
  -1.5174889042   3.0975802457  -2.9364386443
  -1.5348893829   3.1330990420  -2.9845981738
      
      
#  type   0  conf  1.0000
  -1.5348893829   3.1330990420  -2.9845981738
  -1.6970826258   3.4641766425  -3.5949585159
      
      
#  type   0  conf  1.0000
  -1.6970826258   3.4641766425  -3.5949585159
  -1.6924638487   3.4547485453  -3.8323356060
      
      
#  type   0  conf  1.0000
  -1.6924638487   3.4547485453  -3.8323356060
  -1.4613867445   2.9830614898  -4.3791355753
      
      
#  type   0  conf  1.0000
  -1.4613867445   2.9830614898  -4.3791355753
  -1.1975777844   2.4445604033  -4.5976478477
      
      
# 346  norm    -0.9014551171   -0.4328725815    0.0000000000
# nedges  17 
#  type   0  conf  1.0000
   1.2808380256  -2.6673391702  -4.5653461598
   1.5096791252  -3.1438996849  -4.3570189024
      
      
#  type   0  conf  1.0000
   1.5096791252  -3.1438996849  -4.3570189024
   1.7403316084  -3.6242323973  -3.7949785224
      
      
#  type   0  conf  1.0000
   1.7403316084  -3.6242323973  -3.7949785224
   1.7439207617  -3.6317067922  -3.5625554637
      
      
#  type   0  conf  1.0000
   1.7439207617  -3.6317067922  -3.5625554637
   1.5758895247  -3.2817825307  -2.9123052733
      
      
#  type   0  conf  1.0000
   1.5758895247  -3.2817825307  -2.9123052733
   1.3868361502  -2.8880797666  -2.3970778740
      
      
#  type   0  conf  1.0000
   1.3868361502  -2.8880797666  -2.3970778740
   1.3081092952  -2.7241314609  -2.2381207594
      
      
#  type   0  conf  1.0000
   1.3081092952  -2.7241314609  -2.2381207594
   0.4435491595  -0.9236890406  -1.1357349451
      
      
#  type   0  conf  1.0000
   0.4435491595  -0.9236890406  -1.1357349451
   0.0374108542  -0.0779079281  -0.8500772404
      
      
#  type   0  conf  1.0000
   0.0374108542  -0.0779079281  -0.8500772404
  -0.3594272708   0.7485056026  -1.1589514631
      
      
#  type   0  conf  1.0000
  -0.3594272708   0.7485056026  -1.1589514631
  -1.2151191883   2.5304800003  -2.2612115081
      
      
#  type   0  conf  1.0000
  -1.2151191883   2.5304800003  -2.2612115081
  -1.3015906487   2.7105564103  -2.4436652177
      
      
#  type   0  conf  1.0000
  -1.3015906487   2.7105564103  -2.4436652177
  -1.5021929527   3.1283097658  -2.9722182033
      
      
#  type   0  conf  1.0000
  -1.5021929527   3.1283097658  -2.9722182033
  -1.6643613945   3.4660247838  -3.5920650833
      
      
#  type   0  conf  1.0000
  -1.6643613945   3.4660247838  -3.5920650833
  -1.6610663538   3.4591628770  -3.8186941289
      
      
#  type   0  conf  1.0000
  -1.6610663538   3.4591628770  -3.8186941289
  -1.6554934345   3.4475572988  -3.8447261071
      
      
#  type   0  conf  1.0000
  -1.6554934345   3.4475572988  -3.8447261071
  -1.4304202889   2.9788435307  -4.3833085388
      
      
#  type   0  conf  1.0000
  -1.4304202889   2.9788435307  -4.3833085388
  -1.1738121461   2.4444582790  -4.5973396612
      
      
# 347  norm    -0.9048270525   -0.4257792916    0.0000000000
# nedges  17 
#  type   0  conf  1.0000
   1.2543247646  -2.6655758089  -4.5684312158
   1.4815670074  -3.1484901564  -4.3570676213
      
      
#  type   0  conf  1.0000
   1.4815670074  -3.1484901564  -4.3570676213
   1.7075749348  -3.6287814503  -3.7966754805
      
      
#  type   0  conf  1.0000
   1.7075749348  -3.6287814503  -3.7966754805
   1.7120155471  -3.6382182318  -3.5637031670
      
      
#  type   0  conf  1.0000
   1.7120155471  -3.6382182318  -3.5637031670
   1.5470103028  -3.2875642385  -2.9127186845
      
      
#  type   0  conf  1.0000
   1.5470103028  -3.2875642385  -2.9127186845
   1.3645205521  -2.8997537778  -2.3978081047
      
      
#  type   0  conf  1.0000
   1.3645205521  -2.8997537778  -2.3978081047
   1.2890350703  -2.7393389634  -2.2383085763
      
      
#  type   0  conf  1.0000
   1.2890350703  -2.7393389634  -2.2383085763
   0.4373340494  -0.9293821629  -1.1356922594
      
      
#  type   0  conf  1.0000
   0.4373340494  -0.9293821629  -1.1356922594
   0.0376329898  -0.0799741743  -0.8500653550
      
      
#  type   0  conf  1.0000
   0.0376329898  -0.0799741743  -0.8500653550
  -0.3533423181   0.7508906481  -1.1591765803
      
      
#  type   0  conf  1.0000
  -0.3533423181   0.7508906481  -1.1591765803
  -1.1967504093   2.5432240760  -2.2628778362
      
      
#  type   0  conf  1.0000
  -1.1967504093   2.5432240760  -2.2628778362
  -1.2792904207   2.7186305289  -2.4452285973
      
      
#  type   0  conf  1.0000
  -1.2792904207   2.7186305289  -2.4452285973
  -1.4729537378   3.1301860269  -2.9731233183
      
      
#  type   0  conf  1.0000
  -1.4729537378   3.1301860269  -2.9731233183
  -1.6316353907   3.4674017044  -3.5920844720
      
      
#  type   0  conf  1.0000
  -1.6316353907   3.4674017044  -3.5920844720
  -1.6286294748   3.4610138079  -3.8055093989
      
      
#  type   0  conf  1.0000
  -1.6286294748   3.4610138079  -3.8055093989
  -1.6233927411   3.4498851824  -3.8435281045
      
      
#  type   0  conf  1.0000
  -1.6233927411   3.4498851824  -3.8435281045
  -1.4020595617   2.9795282338  -4.3829412363
      
      
#  type   0  conf  1.0000
  -1.4020595617   2.9795282338  -4.3829412363
  -1.1515538370   2.4471764708  -4.5979044054
      
      
# 348  norm    -0.9081431738   -0.4186597375    0.0000000000
# nedges  16 
#  type   0  conf  1.0000
   1.2279074013  -2.6635370555  -4.5721859417
   1.4535226622  -3.1529343887  -4.3571481785
      
      
#  type   0  conf  1.0000
   1.4535226622  -3.1529343887  -4.3571481785
   1.6759300831  -3.6353733792  -3.7958890867
      
      
#  type   0  conf  1.0000
   1.6759300831  -3.6353733792  -3.7958890867
   1.6798167572  -3.6438042271  -3.5632621710
      
      
#  type   0  conf  1.0000
   1.6798167572  -3.6438042271  -3.5632621710
   1.5180958282  -3.2930044139  -2.9123458000
      
      
#  type   0  conf  1.0000
   1.5180958282  -3.2930044139  -2.9123458000
   1.3420062782  -2.9110366521  -2.3985910052
      
      
#  type   0  conf  1.0000
   1.3420062782  -2.9110366521  -2.3985910052
   1.2698170747  -2.7544461647  -2.2387569151
      
      
#  type   0  conf  1.0000
   1.2698170747  -2.7544461647  -2.2387569151
   0.4309701488  -0.9348465202  -1.1355548236
      
      
#  type   0  conf  1.0000
   0.4309701488  -0.9348465202  -1.1355548236
   0.0377728140  -0.0819355675  -0.8501840001
      
      
#  type   0  conf  1.0000
   0.0377728140  -0.0819355675  -0.8501840001
  -0.3467582125   0.7521767092  -1.1590095767
      
      
#  type   0  conf  1.0000
  -0.3467582125   0.7521767092  -1.1590095767
  -1.1761667341   2.5513028722  -2.2613041268
      
      
#  type   0  conf  1.0000
  -1.1761667341   2.5513028722  -2.2613041268
  -1.2562610065   2.7250407796  -2.4447790714
      
      
#  type   0  conf  1.0000
  -1.2562610065   2.7250407796  -2.4447790714
  -1.4435122253   3.1312200725  -2.9730252484
      
      
#  type   0  conf  1.0000
  -1.4435122253   3.1312200725  -2.9730252484
  -1.5993897655   3.4693445955  -3.5927092020
      
      
#  type   0  conf  1.0000
  -1.5993897655   3.4693445955  -3.5927092020
  -1.5953836071   3.4606545663  -3.8318208990
      
      
#  type   0  conf  1.0000
  -1.5953836071   3.4606545663  -3.8318208990
  -1.3763433606   2.9855195417  -4.3790609129
      
      
#  type   0  conf  1.0000
  -1.3763433606   2.9855195417  -4.3790609129
  -1.1301073968   2.4513924461  -4.5984496188
      
      
# 349  norm    -0.9114032766   -0.4115143586    0.0000000000
# nedges  16 
#  type   0  conf  1.0000
   1.2016917087  -2.6614521167  -4.5756109292
   1.4253973820  -3.1569052629  -4.3575129222
      
      
#  type   0  conf  1.0000
   1.4253973820  -3.1569052629  -4.3575129222
   1.6438146598  -3.6406459113  -3.7952126891
      
      
#  type   0  conf  1.0000
   1.6438146598  -3.6406459113  -3.7952126891
   1.6474630359  -3.6487261687  -3.5626432166
      
      
#  type   0  conf  1.0000
   1.6474630359  -3.6487261687  -3.5626432166
   1.4892732595  -3.2983746500  -2.9126116572
      
      
#  type   0  conf  1.0000
   1.4892732595  -3.2983746500  -2.9126116572
   1.3185723351  -2.9203140100  -2.3969525338
      
      
#  type   0  conf  1.0000
   1.3185723351  -2.9203140100  -2.3969525338
   1.2493654927  -2.7670378443  -2.2378353658
      
      
#  type   0  conf  1.0000
   1.2493654927  -2.7670378443  -2.2378353658
   0.4246870603  -0.9405775769  -1.1356165818
      
      
#  type   0  conf  1.0000
   0.4246870603  -0.9405775769  -1.1356165818
   0.0378106840  -0.0837413824  -0.8500061053
      
      
#  type   0  conf  1.0000
   0.0378106840  -0.0837413824  -0.8500061053
  -0.3401665847   0.7533854734  -1.1587710572
      
      
#  type   0  conf  1.0000
  -0.3401665847   0.7533854734  -1.1587710572
  -1.1563192412   2.5609632403  -2.2610690927
      
      
#  type   0  conf  1.0000
  -1.1563192412   2.5609632403  -2.2610690927
  -1.2320037966   2.7285859499  -2.4413878416
      
      
#  type   0  conf  1.0000
  -1.2320037966   2.7285859499  -2.4413878416
  -1.4133288443   3.1301764147  -2.9700174697
      
      
#  type   0  conf  1.0000
  -1.4133288443   3.1301764147  -2.9700174697
  -1.5667304065   3.4699232146  -3.5918457961
      
      
#  type   0  conf  1.0000
  -1.5667304065   3.4699232146  -3.5918457961
  -1.5633617547   3.4624624780  -3.8315347244
      
      
#  type   0  conf  1.0000
  -1.5633617547   3.4624624780  -3.8315347244
  -1.3463056091   2.9817364031  -4.3816316501
      
      
#  type   0  conf  1.0000
  -1.3463056091   2.9817364031  -4.3816316501
  -1.1090762259   2.4563315597  -4.5979785427
      
      
# 350  norm    -0.9146071598   -0.4043435955    0.0000000000
# nedges  16 
#  type   0  conf  1.0000
   1.1777129476  -2.6639341045  -4.5776933051
   1.3972273774  -3.1604659437  -4.3572292365
      
      
#  type   0  conf  1.0000
   1.3972273774  -3.1604659437  -4.3572292365
   1.6110257891  -3.6440684053  -3.7960572086
      
      
#  type   0  conf  1.0000
   1.6110257891  -3.6440684053  -3.7960572086
   1.6149178484  -3.6528720696  -3.5627397727
      
      
#  type   0  conf  1.0000
   1.6149178484  -3.6528720696  -3.5627397727
   1.4598458107  -3.3021060441  -2.9122988057
      
      
#  type   0  conf  1.0000
   1.4598458107  -3.3021060441  -2.9122988057
   1.2958334046  -2.9311173043  -2.3980337241
      
      
#  type   0  conf  1.0000
   1.2958334046  -2.9311173043  -2.3980337241
   1.2294113748  -2.7808736385  -2.2376155954
      
      
#  type   0  conf  1.0000
   1.2294113748  -2.7808736385  -2.2376155954
   0.4180884369  -0.9456973773  -1.1353950830
      
      
#  type   0  conf  1.0000
   0.4180884369  -0.9456973773  -1.1353950830
   0.0379314110  -0.0857991581  -0.8500454211
      
      
#  type   0  conf  1.0000
   0.0379314110  -0.0857991581  -0.8500454211
  -0.3337917153   0.7550219569  -1.1588273773
      
      
#  type   0  conf  1.0000
  -0.3337917153   0.7550219569  -1.1588273773
  -1.1365304161   2.5707810570  -2.2611024303
      
      
#  type   0  conf  1.0000
  -1.1365304161   2.5707810570  -2.2611024303
  -1.2094725113   2.7357728195  -2.4430840178
      
      
#  type   0  conf  1.0000
  -1.2094725113   2.7357728195  -2.4430840178
  -1.3836096853   3.1296633322  -2.9700267520
      
      
#  type   0  conf  1.0000
  -1.3836096853   3.1296633322  -2.9700267520
  -1.5337868005   3.4693572616  -3.5918736468
      
      
#  type   0  conf  1.0000
  -1.5337868005   3.4693572616  -3.5918736468
  -1.5305280018   3.4619860044  -3.8305886726
      
      
#  type   0  conf  1.0000
  -1.5305280018   3.4619860044  -3.8305886726
  -1.3195462140   2.9847546204  -4.3784934225
      
      
#  type   0  conf  1.0000
  -1.3195462140   2.9847546204  -4.3784934225
  -1.0884229811   2.4619641869  -4.5980086125
      
      
# 351  norm    -0.9177546257   -0.3971478906   -0.0000000000
# nedges  17 
#  type   0  conf  1.0000
   1.1548602238  -2.6687245166  -4.5788341115
   1.3686649455  -3.1627980768  -4.3573334338
      
      
#  type   0  conf  1.0000
   1.3686649455  -3.1627980768  -4.3573334338
   1.5784005631  -3.6474684924  -3.7963947156
      
      
#  type   0  conf  1.0000
   1.5784005631  -3.6474684924  -3.7963947156
   1.5825691788  -3.6571015950  -3.5639973344
      
      
#  type   0  conf  1.0000
   1.5825691788  -3.6571015950  -3.5639973344
   1.4303465120  -3.3053357671  -2.9116032548
      
      
#  type   0  conf  1.0000
   1.4303465120  -3.3053357671  -2.9116032548
   1.2713499886  -2.9379164800  -2.3940302947
      
      
#  type   0  conf  1.0000
   1.2713499886  -2.9379164800  -2.3940302947
   1.2092945647  -2.7945148563  -2.2374235568
      
      
#  type   0  conf  1.0000
   1.2092945647  -2.7945148563  -2.2374235568
   0.4116871398  -0.9513528481  -1.1353489994
      
      
#  type   0  conf  1.0000
   0.4116871398  -0.9513528481  -1.1353489994
   0.0379869369  -0.0877826317  -0.8500550333
      
      
#  type   0  conf  1.0000
   0.0379869369  -0.0877826317  -0.8500550333
  -0.3273749793   0.7565189408  -1.1588787553
      
      
#  type   0  conf  1.0000
  -0.3273749793   0.7565189408  -1.1588787553
  -1.1164113144   2.5798743292  -2.2610005581
      
      
#  type   0  conf  1.0000
  -1.1164113144   2.5798743292  -2.2610005581
  -1.1867118712   2.7423293307  -2.4450074402
      
      
#  type   0  conf  1.0000
  -1.1867118712   2.7423293307  -2.4450074402
  -1.3495784185   3.1186917154  -2.9570644854
      
      
#  type   0  conf  1.0000
  -1.3495784185   3.1186917154  -2.9570644854
  -1.3597545282   3.1422073173  -2.9945631385
      
      
#  type   0  conf  1.0000
  -1.3597545282   3.1422073173  -2.9945631385
  -1.5010798288   3.4687908179  -3.5939312523
      
      
#  type   0  conf  1.0000
  -1.5010798288   3.4687908179  -3.5939312523
  -1.4973102243   3.4600797759  -3.8322112105
      
      
#  type   0  conf  1.0000
  -1.4973102243   3.4600797759  -3.8322112105
  -1.2890272560   2.9787662346  -4.3810931612
      
      
#  type   0  conf  1.0000
  -1.2890272560   2.9787662346  -4.3810931612
  -1.0680859716   2.4682010509  -4.5969294631
      
      
# 352  norm    -0.9208454801   -0.3899276878    0.0000000000
# nedges  17 
#  type   0  conf  1.0000
   1.1333591917  -2.6765185489  -4.5791256314
   1.3404890485  -3.1656723032  -4.3567772368
      
      
#  type   0  conf  1.0000
   1.3404890485  -3.1656723032  -4.3567772368
   1.5461909347  -3.6514537907  -3.7952446804
      
      
#  type   0  conf  1.0000
   1.5461909347  -3.6514537907  -3.7952446804
   1.5496282655  -3.6595713228  -3.5622470651
      
      
#  type   0  conf  1.0000
   1.5496282655  -3.6595713228  -3.5622470651
   1.4014455047  -3.3096258591  -2.9134769186
      
      
#  type   0  conf  1.0000
   1.4014455047  -3.3096258591  -2.9134769186
   1.2493678295  -2.9504822429  -2.3984823887
      
      
#  type   0  conf  1.0000
   1.2493678295  -2.9504822429  -2.3984823887
   1.1894821838  -2.8090574919  -2.2381632240
      
      
#  type   0  conf  1.0000
   1.1894821838  -2.8090574919  -2.2381632240
   0.4052233187  -0.9569673382  -1.1354086815
      
      
#  type   0  conf  1.0000
   0.4052233187  -0.9569673382  -1.1354086815
   0.0379827702  -0.0896993554  -0.8500744949
      
      
#  type   0  conf  1.0000
   0.0379827702  -0.0896993554  -0.8500744949
  -0.3209049294   0.7578427052  -1.1588773365
      
      
#  type   0  conf  1.0000
  -0.3209049294   0.7578427052  -1.1588773365
  -1.0964315178   2.5893108879  -2.2614245540
      
      
#  type   0  conf  1.0000
  -1.0964315178   2.5893108879  -2.2614245540
  -1.1625763595   2.7455172318  -2.4426064455
      
      
#  type   0  conf  1.0000
  -1.1625763595   2.7455172318  -2.4426064455
  -1.3096802962   3.0929149658  -2.9227587122
      
      
#  type   0  conf  1.0000
  -1.3096802962   3.0929149658  -2.9227587122
  -1.3259749976   3.1313962090  -2.9774143240
      
      
#  type   0  conf  1.0000
  -1.3259749976   3.1313962090  -2.9774143240
  -1.4682354252   3.4673556082  -3.5939253245
      
      
#  type   0  conf  1.0000
  -1.4682354252   3.4673556082  -3.5939253245
  -1.4646319111   3.4588456209  -3.8318224760
      
      
#  type   0  conf  1.0000
  -1.4646319111   3.4588456209  -3.8318224760
  -1.2606382055   2.9770981388  -4.3806589652
      
      
#  type   0  conf  1.0000
  -1.2606382055   2.9770981388  -4.3806589652
  -1.0477576780   2.4743637149  -4.5962701869
      
      
# 353  norm    -0.9238795325   -0.3826834324    0.0000000000
# nedges  16 
#  type   0  conf  1.0000
   1.1076405327  -2.6740807963  -4.5842315284
   1.3119004128  -3.1672077691  -4.3570469642
      
      
#  type   0  conf  1.0000
   1.3119004128  -3.1672077691  -4.3570469642
   1.5134945225  -3.6538990028  -3.7950607312
      
      
#  type   0  conf  1.0000
   1.5134945225  -3.6538990028  -3.7950607312
   1.5168755089  -3.6620614260  -3.5613883741
      
      
#  type   0  conf  1.0000
   1.5168755089  -3.6620614260  -3.5613883741
   1.3713682131  -3.3107757390  -2.9107118182
      
      
#  type   0  conf  1.0000
   1.3713682131  -3.3107757390  -2.9107118182
   1.2246621295  -2.9565959222  -2.3945702504
      
      
#  type   0  conf  1.0000
   1.2246621295  -2.9565959222  -2.3945702504
   1.1684194546  -2.8208140939  -2.2371942677
      
      
#  type   0  conf  1.0000
   1.1684194546  -2.8208140939  -2.2371942677
   0.3979720065  -0.9607894155  -1.1348179635
      
      
#  type   0  conf  1.0000
   0.3979720065  -0.9607894155  -1.1348179635
   0.0380178716  -0.0917832612  -0.8500277088
      
      
#  type   0  conf  1.0000
   0.0380178716  -0.0917832612  -0.8500277088
  -0.3143947592   0.7590160916  -1.1588459412
      
      
#  type   0  conf  1.0000
  -0.3143947592   0.7590160916  -1.1588459412
  -1.0759052935   2.5974651514  -2.2610709484
      
      
#  type   0  conf  1.0000
  -1.0759052935   2.5974651514  -2.2610709484
  -1.1390021895   2.7497945335  -2.4419298747
      
      
#  type   0  conf  1.0000
  -1.1390021895   2.7497945335  -2.4419298747
  -1.2944529054   3.1250857600  -2.9697799592
      
      
#  type   0  conf  1.0000
  -1.2944529054   3.1250857600  -2.9697799592
  -1.4354314173   3.4654379956  -3.5921117139
      
      
#  type   0  conf  1.0000
  -1.4354314173   3.4654379956  -3.5921117139
  -1.4317983888   3.4566670889  -3.8321646384
      
      
#  type   0  conf  1.0000
  -1.4317983888   3.4566670889  -3.8321646384
  -1.2324537931   2.9754066624  -4.3798550662
      
      
#  type   0  conf  1.0000
  -1.2324537931   2.9754066624  -4.3798550662
  -1.0275505508   2.4807264757  -4.5963411225
      
      
# 354  norm    -0.9268565956   -0.3754155712    0.0000000000
# nedges  16 
#  type   0  conf  1.0000
   1.0860879944  -2.6814226638  -4.5853050022
   1.2840779965  -3.1702365368  -4.3564741829
      
      
#  type   0  conf  1.0000
   1.2840779965  -3.1702365368  -4.3564741829
   1.4808626589  -3.6560745688  -3.7960305318
      
      
#  type   0  conf  1.0000
   1.4808626589  -3.6560745688  -3.7960305318
   1.4848474535  -3.6659125547  -3.5626253587
      
      
#  type   0  conf  1.0000
   1.4848474535  -3.6659125547  -3.5626253587
   1.3421785819  -3.3136800031  -2.9104115920
      
      
#  type   0  conf  1.0000
   1.3421785819  -3.3136800031  -2.9104115920
   1.2011376857  -2.9654667296  -2.3946951914
      
      
#  type   0  conf  1.0000
   1.2011376857  -2.9654667296  -2.3946951914
   1.1474695438  -2.8329664418  -2.2371266469
      
      
#  type   0  conf  1.0000
   1.1474695438  -2.8329664418  -2.2371266469
   0.3915925523  -0.9667956465  -1.1352314378
      
      
#  type   0  conf  1.0000
   0.3915925523  -0.9667956465  -1.1352314378
   0.0379019071  -0.0935753209  -0.8499462920
      
      
#  type   0  conf  1.0000
   0.0379019071  -0.0935753209  -0.8499462920
  -0.3080077644   0.7604347018  -1.1589835686
      
      
#  type   0  conf  1.0000
  -0.3080077644   0.7604347018  -1.1589835686
  -1.0557011270   2.6064010862  -2.2613983139
      
      
#  type   0  conf  1.0000
  -1.0557011270   2.6064010862  -2.2613983139
  -1.1165183147   2.7565515217  -2.4450311168
      
      
#  type   0  conf  1.0000
  -1.1165183147   2.7565515217  -2.4450311168
  -1.2658234567   3.1251682395  -2.9716588650
      
      
#  type   0  conf  1.0000
  -1.2658234567   3.1251682395  -2.9716588650
  -1.4032648347   3.4644947284  -3.5937311144
      
      
#  type   0  conf  1.0000
  -1.4032648347   3.4644947284  -3.5937311144
  -1.3995436601   3.4553075890  -3.8314457512
      
      
#  type   0  conf  1.0000
  -1.3995436601   3.4553075890  -3.8314457512
  -1.2065637205   2.9788629671  -4.3756798025
      
      
#  type   0  conf  1.0000
  -1.2065637205   2.9788629671  -4.3756798025
  -1.0076808280   2.4878446535  -4.5970560536
      
      
# 355  norm    -0.9297764859   -0.3681245527    0.0000000000
# nedges  16 
#  type   0  conf  1.0000
   1.0698404621  -2.7021085611  -4.5801554980
   1.2561271070  -3.1726149177  -4.3554673183
      
      
#  type   0  conf  1.0000
   1.2561271070  -3.1726149177  -4.3554673183
   1.4480519256  -3.6573616755  -3.7960840188
      
      
#  type   0  conf  1.0000
   1.4480519256  -3.6573616755  -3.7960840188
   1.4522593473  -3.6679884097  -3.5637904958
      
      
#  type   0  conf  1.0000
   1.4522593473  -3.6679884097  -3.5637904958
   1.3129431155  -3.3161157743  -2.9113021631
      
      
#  type   0  conf  1.0000
   1.3129431155  -3.3161157743  -2.9113021631
   1.1777638908  -2.9746920264  -2.3963775300
      
      
#  type   0  conf  1.0000
   1.1777638908  -2.9746920264  -2.3963775300
   1.1269788578  -2.8464236749  -2.2379121211
      
      
#  type   0  conf  1.0000
   1.1269788578  -2.8464236749  -2.2379121211
   0.3851076384  -0.9726708640  -1.1355807341
      
      
#  type   0  conf  1.0000
   0.3851076384  -0.9726708640  -1.1355807341
   0.0379229087  -0.0957823338  -0.8500014639
      
      
#  type   0  conf  1.0000
   0.0379229087  -0.0957823338  -0.8500014639
  -0.3012854666   0.7609602248  -1.1586795465
      
      
#  type   0  conf  1.0000
  -0.3012854666   0.7609602248  -1.1586795465
  -1.0348978859   2.6138536879  -2.2610339460
      
      
#  type   0  conf  1.0000
  -1.0348978859   2.6138536879  -2.2610339460
  -1.0925622669   2.7594972889  -2.4434512009
      
      
#  type   0  conf  1.0000
  -1.0925622669   2.7594972889  -2.4434512009
  -1.2356401559   3.1208707856  -2.9696686458
      
      
#  type   0  conf  1.0000
  -1.2356401559   3.1208707856  -2.9696686458
  -1.3705633029   3.4616477554  -3.5922319725
      
      
#  type   0  conf  1.0000
  -1.3705633029   3.4616477554  -3.5922319725
  -1.3670424213   3.4527550234  -3.8319744721
      
      
#  type   0  conf  1.0000
  -1.3670424213   3.4527550234  -3.8319744721
  -1.1765413603   2.9716042667  -4.3785496801
      
      
#  type   0  conf  1.0000
  -1.1765413603   2.9716042667  -4.3785496801
  -0.9871510368   2.4932589129  -4.5957616771
      
      
# 356  norm    -0.9326390231   -0.3608108265    0.0000000000
# nedges  16 
#  type   0  conf  1.0000
   1.0491976328  -2.7120102377  -4.5799555664
   1.2277870861  -3.1736357796  -4.3553825388
      
      
#  type   0  conf  1.0000
   1.2277870861  -3.1736357796  -4.3553825388
   1.4158447612  -3.6597351799  -3.7955824399
      
      
#  type   0  conf  1.0000
   1.4158447612  -3.6597351799  -3.7955824399
   1.4196958611  -3.6696896653  -3.5634113127
      
      
#  type   0  conf  1.0000
   1.4196958611  -3.6696896653  -3.5634113127
   1.2838370887  -3.3185161873  -2.9119809042
      
      
#  type   0  conf  1.0000
   1.2838370887  -3.3185161873  -2.9119809042
   1.1543029407  -2.9836908651  -2.3980390021
      
      
#  type   0  conf  1.0000
   1.1543029407  -2.9836908651  -2.3980390021
   1.1060072646  -2.8588541671  -2.2382516769
      
      
#  type   0  conf  1.0000
   1.1060072646  -2.8588541671  -2.2382516769
   0.3780328371  -0.9771552016  -1.1353122258
      
      
#  type   0  conf  1.0000
   0.3780328371  -0.9771552016  -1.1353122258
   0.0378395625  -0.0978092950  -0.8499774365
      
      
#  type   0  conf  1.0000
   0.0378395625  -0.0978092950  -0.8499774365
  -0.2948518858   0.7621455748  -1.1588505617
      
      
#  type   0  conf  1.0000
  -0.2948518858   0.7621455748  -1.1588505617
  -1.0142695380   2.6217266271  -2.2612307428
      
      
#  type   0  conf  1.0000
  -1.0142695380   2.6217266271  -2.2612307428
  -1.0687523126   2.7625559979  -2.4423662472
      
      
#  type   0  conf  1.0000
  -1.0687523126   2.7625559979  -2.4423662472
  -1.2059670190   3.1172343511  -2.9676580725
      
      
#  type   0  conf  1.0000
  -1.2059670190   3.1172343511  -2.9676580725
  -1.3381855050   3.4589982633  -3.5912337871
      
      
#  type   0  conf  1.0000
  -1.3381855050   3.4589982633  -3.5912337871
  -1.3347984192   3.4502431811  -3.8312311102
      
      
#  type   0  conf  1.0000
  -1.3347984192   3.4502431811  -3.8312311102
  -1.1496565422   2.9716806584  -4.3762723512
      
      
#  type   0  conf  1.0000
  -1.1496565422   2.9716806584  -4.3762723512
  -0.9668487726   2.4991514350  -4.5967504787
      
      
# 357  norm    -0.9354440308   -0.3534748438    0.0000000000
# nedges  16 
#  type   0  conf  1.0000
   1.0278014205  -2.7199975348  -4.5808690796
   1.1996574254  -3.1748012549  -4.3548198755
      
      
#  type   0  conf  1.0000
   1.1996574254  -3.1748012549  -4.3548198755
   1.3835651693  -3.6614989769  -3.7953023950
      
      
#  type   0  conf  1.0000
   1.3835651693  -3.6614989769  -3.7953023950
   1.3869254429  -3.6703916830  -3.5617788448
      
      
#  type   0  conf  1.0000
   1.3869254429  -3.6703916830  -3.5617788448
   1.2544202409  -3.3197268409  -2.9114526179
      
      
#  type   0  conf  1.0000
   1.2544202409  -3.3197268409  -2.9114526179
   1.1303222118  -2.9913109364  -2.3978698342
      
      
#  type   0  conf  1.0000
   1.1303222118  -2.9913109364  -2.3978698342
   1.0844074996  -2.8698011764  -2.2377655371
      
      
#  type   0  conf  1.0000
   1.0844074996  -2.8698011764  -2.2377655371
   0.3711591795  -0.9822442672  -1.1354262993
      
      
#  type   0  conf  1.0000
   0.3711591795  -0.9822442672  -1.1354262993
   0.0376665724  -0.0996816915  -0.8499607339
      
      
#  type   0  conf  1.0000
   0.0376665724  -0.0996816915  -0.8499607339
  -0.2884287717   0.7633045960  -1.1589758660
      
      
#  type   0  conf  1.0000
  -0.2884287717   0.7633045960  -1.1589758660
  -0.9935131316   2.6292562111  -2.2613479868
      
      
#  type   0  conf  1.0000
  -0.9935131316   2.6292562111  -2.2613479868
  -1.0456739370   2.7672957773  -2.4439452727
      
      
#  type   0  conf  1.0000
  -1.0456739370   2.7672957773  -2.4439452727
  -1.1778653629   3.1171302351  -2.9719630411
      
      
#  type   0  conf  1.0000
  -1.1778653629   3.1171302351  -2.9719630411
  -1.3057882670   3.4556683774  -3.5908608284
      
      
#  type   0  conf  1.0000
  -1.3057882670   3.4556683774  -3.5908608284
  -1.3027119342   3.4475270990  -3.8302928928
      
      
#  type   0  conf  1.0000
  -1.3027119342   3.4475270990  -3.8302928928
  -1.1218611556   2.9689194009  -4.3757724674
      
      
#  type   0  conf  1.0000
  -1.1218611556   2.9689194009  -4.3757724674
  -0.9463047416   2.5043228321  -4.5967511221
      
      
# 358  norm    -0.9381913359   -0.3461170571   -0.0000000000
# nedges  16 
#  type   0  conf  1.0000
   1.0063544885  -2.7278432040  -4.5819491591
   1.1714730945  -3.1754167703  -4.3540168846
      
      
#  type   0  conf  1.0000
   1.1714730945  -3.1754167703  -4.3540168846
   1.3504542378  -3.6605663881  -3.7957164506
      
      
#  type   0  conf  1.0000
   1.3504542378  -3.6605663881  -3.7957164506
   1.3540783945  -3.6703900947  -3.5622143724
      
      
#  type   0  conf  1.0000
   1.3540783945  -3.6703900947  -3.5622143724
   1.2252038630  -3.3210603914  -2.9132916636
      
      
#  type   0  conf  1.0000
   1.2252038630  -3.3210603914  -2.9132916636
   1.1061666072  -2.9983957905  -2.3980742119
      
      
#  type   0  conf  1.0000
   1.1061666072  -2.9983957905  -2.3980742119
   1.0629620216  -2.8812846368  -2.2377555930
      
      
#  type   0  conf  1.0000
   1.0629620216  -2.8812846368  -2.2377555930
   0.3639100035  -0.9864212275  -1.1351810125
      
      
#  type   0  conf  1.0000
   0.3639100035  -0.9864212275  -1.1351810125
   0.0375668005  -0.1018292686  -0.8498836106
      
      
#  type   0  conf  1.0000
   0.0375668005  -0.1018292686  -0.8498836106
  -0.2817721254   0.7637767666  -1.1588961450
      
      
#  type   0  conf  1.0000
  -0.2817721254   0.7637767666  -1.1588961450
  -0.9725197796   2.6361302126  -2.2612073758
      
      
#  type   0  conf  1.0000
  -0.9725197796   2.6361302126  -2.2612073758
  -1.0216058256   2.7691837623  -2.4430263538
      
      
#  type   0  conf  1.0000
  -1.0216058256   2.7691837623  -2.4430263538
  -1.1483734562   3.1128024608  -2.9721061236
      
      
#  type   0  conf  1.0000
  -1.1483734562   3.1128024608  -2.9721061236
  -1.2730969947   3.4508804053  -3.5915990274
      
      
#  type   0  conf  1.0000
  -1.2730969947   3.4508804053  -3.5915990274
  -1.2701785088   3.4429695032  -3.8306485324
      
      
#  type   0  conf  1.0000
  -1.2701785088   3.4429695032  -3.8306485324
  -1.0932990705   2.9635168061  -4.3758574866
      
      
#  type   0  conf  1.0000
  -1.0932990705   2.9635168061  -4.3758574866
  -0.9258535171   2.5096357730  -4.5961939320
      
      
# 359  norm    -0.9408807690   -0.3387379202    0.0000000000
# nedges  16 
#  type   0  conf  1.0000
   0.9847644152  -2.7352883893  -4.5830463336
   1.1430139289  -3.1748433229  -4.3537861103
      
      
#  type   0  conf  1.0000
   1.1430139289  -3.1748433229  -4.3537861103
   1.3177476376  -3.6601848699  -3.7946336982
      
      
#  type   0  conf  1.0000
   1.3177476376  -3.6601848699  -3.7946336982
   1.3210859711  -3.6694574478  -3.5613515851
      
      
#  type   0  conf  1.0000
   1.3210859711  -3.6694574478  -3.5613515851
   1.1950114423  -3.3192719726  -2.9110098673
      
      
#  type   0  conf  1.0000
   1.1950114423  -3.3192719726  -2.9110098673
   1.0811524182  -3.0030163669  -2.3949551577
      
      
#  type   0  conf  1.0000
   1.0811524182  -3.0030163669  -2.3949551577
   1.0412502439  -2.8921838141  -2.2375332977
      
      
#  type   0  conf  1.0000
   1.0412502439  -2.8921838141  -2.2375332977
   0.3566281578  -0.9905728154  -1.1349480866
      
      
#  type   0  conf  1.0000
   0.3566281578  -0.9905728154  -1.1349480866
   0.0373874208  -0.1038475562  -0.8498922780
      
      
#  type   0  conf  1.0000
   0.0373874208  -0.1038475562  -0.8498922780
  -0.2750858442   0.7640803263  -1.1587743756
      
      
#  type   0  conf  1.0000
  -0.2750858442   0.7640803263  -1.1587743756
  -0.9513940759   2.6425987060  -2.2611582935
      
      
#  type   0  conf  1.0000
  -0.9513940759   2.6425987060  -2.2611582935
  -0.9971531693   2.7696994775  -2.4403296575
      
      
#  type   0  conf  1.0000
  -0.9971531693   2.7696994775  -2.4403296575
  -1.1187011373   3.1073119464  -2.9714462844
      
      
#  type   0  conf  1.0000
  -1.1187011373   3.1073119464  -2.9714462844
  -1.2407425080   3.4462948942  -3.5932902231
      
      
#  type   0  conf  1.0000
  -1.2407425080   3.4462948942  -3.5932902231
  -1.2371514911   3.4363204610  -3.8320604298
      
      
#  type   0  conf  1.0000
  -1.2371514911   3.4363204610  -3.8320604298
  -1.0656683501   2.9600077132  -4.3738985841
      
      
#  type   0  conf  1.0000
  -1.0656683501   2.9600077132  -4.3738985841
  -0.9053432333   2.5146875699  -4.5968078607
      
      
# 360  norm    -0.9435121640   -0.3313378885   -0.0000000000
# nedges  15 
#  type   0  conf  1.0000
   0.9663340259  -2.7517164191  -4.5796610221
   1.1143151617  -3.1731049972  -4.3541091335
      
      
#  type   0  conf  1.0000
   1.1143151617  -3.1731049972  -4.3541091335
   1.2849938567  -3.6591267606  -3.7948861988
      
      
#  type   0  conf  1.0000
   1.2849938567  -3.6591267606  -3.7948861988
   1.2881159556  -3.6680171968  -3.5607783266
      
      
#  type   0  conf  1.0000
   1.2881159556  -3.6680171968  -3.5607783266
   1.1651521031  -3.3178674112  -2.9092199906
      
      
#  type   0  conf  1.0000
   1.1651521031  -3.3178674112  -2.9092199906
   1.0569084875  -3.0096347232  -2.3956390849
      
      
#  type   0  conf  1.0000
   1.0569084875  -3.0096347232  -2.3956390849
   1.0194309992  -2.9029144618  -2.2377049716
      
      
#  type   0  conf  1.0000
   1.0194309992  -2.9029144618  -2.2377049716
   0.3495681805  -0.9954244351  -1.1350399483
      
      
#  type   0  conf  1.0000
   0.3495681805  -0.9954244351  -1.1350399483
   0.0372413732  -0.1060479042  -0.8499784440
      
      
#  type   0  conf  1.0000
   0.0372413732  -0.1060479042  -0.8499784440
  -0.2682777276   0.7639431170  -1.1583818216
      
      
#  type   0  conf  1.0000
  -0.2682777276   0.7639431170  -1.1583818216
  -0.9338658814   2.6592606802  -2.2671499286
      
      
#  type   0  conf  1.0000
  -0.9338658814   2.6592606802  -2.2671499286
  -1.0854289563   3.0908491275  -2.9498671284
      
      
#  type   0  conf  1.0000
  -1.0854289563   3.0908491275  -2.9498671284
  -1.2082762119   3.4406668937  -3.5938095580
      
      
#  type   0  conf  1.0000
  -1.2082762119   3.4406668937  -3.5938095580
  -1.2048936237   3.4310346927  -3.8319429423
      
      
#  type   0  conf  1.0000
  -1.2048936237   3.4310346927  -3.8319429423
  -1.0376401761   2.9547666058  -4.3733481146
      
      
#  type   0  conf  1.0000
  -1.0376401761   2.9547666058  -4.3733481146
  -0.8849817115   2.5200589453  -4.5970921795
      
      
# 361  norm    -0.9460853588   -0.3239174182    0.0000000000
# nedges  14 
#  type   0  conf  1.0000
   0.9455163853  -2.7616273730  -4.5797953876
   1.0857685467  -3.1712704147  -4.3545696605
      
      
#  type   0  conf  1.0000
   1.0857685467  -3.1712704147  -4.3545696605
   1.2522321850  -3.6574709156  -3.7952016676
      
      
#  type   0  conf  1.0000
   1.2522321850  -3.6574709156  -3.7952016676
   1.2554430453  -3.6668490710  -3.5613190832
      
      
#  type   0  conf  1.0000
   1.2554430453  -3.6668490710  -3.5613190832
   1.1300158449  -3.3005061970  -2.8784839137
      
      
#  type   0  conf  1.0000
   1.1300158449  -3.3005061970  -2.8784839137
   1.0002480726  -2.9214855501  -2.2423875928
      
      
#  type   0  conf  1.0000
   1.0002480726  -2.9214855501  -2.2423875928
   0.3421784482  -0.9994214629  -1.1348331842
      
      
#  type   0  conf  1.0000
   0.3421784482  -0.9994214629  -1.1348331842
   0.0369227183  -0.1078424353  -0.8498958759
      
      
#  type   0  conf  1.0000
   0.0369227183  -0.1078424353  -0.8498958759
  -0.2617772839   0.7645888786  -1.1585602932
      
      
#  type   0  conf  1.0000
  -0.2617772839   0.7645888786  -1.1585602932
  -0.9119064032   2.6634606484  -2.2660172789
      
      
#  type   0  conf  1.0000
  -0.9119064032   2.6634606484  -2.2660172789
  -1.0553703034   3.0824844115  -2.9456299599
      
      
#  type   0  conf  1.0000
  -1.0553703034   3.0824844115  -2.9456299599
  -1.1757406905   3.4340575423  -3.5907696170
      
      
#  type   0  conf  1.0000
  -1.1757406905   3.4340575423  -3.5907696170
  -1.1729265431   3.4258380903  -3.8297405754
      
      
#  type   0  conf  1.0000
  -1.1729265431   3.4258380903  -3.8297405754
  -1.0099329387   2.9497727292  -4.3730257680
      
      
#  type   0  conf  1.0000
  -1.0099329387   2.9497727292  -4.3730257680
  -0.8643723299   2.5246249814  -4.5973897420
      
      
# 362  norm    -0.9486001946   -0.3164769672    0.0000000000
# nedges  14 
#  type   0  conf  1.0000
   0.9241100506  -2.7699044948  -4.5809341937
   1.0573789301  -3.1693613215  -4.3562282846
      
      
#  type   0  conf  1.0000
   1.0573789301  -3.1693613215  -4.3562282846
   1.2197084256  -3.6559237161  -3.7969330146
      
      
#  type   0  conf  1.0000
   1.2197084256  -3.6559237161  -3.7969330146
   1.2232561095  -3.6665574555  -3.5626604931
      
      
#  type   0  conf  1.0000
   1.2232561095  -3.6665574555  -3.5626604931
   1.1025672003  -3.3048075190  -2.8871418112
      
      
#  type   0  conf  1.0000
   1.1025672003  -3.3048075190  -2.8871418112
   0.9776008389  -2.9302364540  -2.2418480731
      
      
#  type   0  conf  1.0000
   0.9776008389  -2.9302364540  -2.2418480731
   0.3350281149  -1.0042049438  -1.1350541054
      
      
#  type   0  conf  1.0000
   0.3350281149  -1.0042049438  -1.1350541054
   0.0367325194  -0.1101011407  -0.8499717595
      
      
#  type   0  conf  1.0000
   0.0367325194  -0.1101011407  -0.8499717595
  -0.2551921186   0.7649065129  -1.1585342162
      
      
#  type   0  conf  1.0000
  -0.2551921186   0.7649065129  -1.1585342162
  -0.8898911330   2.6673375617  -2.2647931405
      
      
#  type   0  conf  1.0000
  -0.8898911330   2.6673375617  -2.2647931405
  -1.0264986615   3.0768015718  -2.9440438857
      
      
#  type   0  conf  1.0000
  -1.0264986615   3.0768015718  -2.9440438857
  -1.1439724568   3.4289146059  -3.5906028591
      
      
#  type   0  conf  1.0000
  -1.1439724568   3.4289146059  -3.5906028591
  -1.1412405788   3.4207261427  -3.8305587197
      
      
#  type   0  conf  1.0000
  -1.1412405788   3.4207261427  -3.8305587197
  -0.9822920065   2.9442976432  -4.3733553745
      
      
#  type   0  conf  1.0000
  -0.9822920065   2.9442976432  -4.3733553745
  -0.8438034323   2.5291954332  -4.5978824943
      
      
# 363  norm    -0.9510565163   -0.3090169944    0.0000000000
# nedges  14 
#  type   0  conf  1.0000
   0.9027227530  -2.7782949554  -4.5817541249
   1.0285631430  -3.1655918523  -4.3603299207
      
      
#  type   0  conf  1.0000
   1.0285631430  -3.1655918523  -4.3603299207
   1.1871095164  -3.6535474155  -3.7988825883
      
      
#  type   0  conf  1.0000
   1.1871095164  -3.6535474155  -3.7988825883
   1.1904964453  -3.6639713106  -3.5629403856
      
      
#  type   0  conf  1.0000
   1.1904964453  -3.6639713106  -3.5629403856
   1.0742118671  -3.3060841788  -2.8930323285
      
      
#  type   0  conf  1.0000
   1.0742118671  -3.3060841788  -2.8930323285
   0.9544918187  -2.9376237568  -2.2404622415
      
      
#  type   0  conf  1.0000
   0.9544918187  -2.9376237568  -2.2404622415
   0.3277201549  -1.0086189256  -1.1352032210
      
      
#  type   0  conf  1.0000
   0.3277201549  -1.0086189256  -1.1352032210
   0.0363114814  -0.1117552485  -0.8499035743
      
      
#  type   0  conf  1.0000
   0.0363114814  -0.1117552485  -0.8499035743
  -0.2489025057   0.7660431443  -1.1590818584
      
      
#  type   0  conf  1.0000
  -0.2489025057   0.7660431443  -1.1590818584
  -0.8681100428   2.6717679872  -2.2643579575
      
      
#  type   0  conf  1.0000
  -0.8681100428   2.6717679872  -2.2643579575
  -1.0004821179   3.0791673434  -2.9591309475
      
      
#  type   0  conf  1.0000
  -1.0004821179   3.0791673434  -2.9591309475
  -1.1120409722   3.4225101928  -3.5931026891
      
      
#  type   0  conf  1.0000
  -1.1120409722   3.4225101928  -3.5931026891
  -1.1093090657   3.4141022493  -3.8322708278
      
      
#  type   0  conf  1.0000
  -1.1093090657   3.4141022493  -3.8322708278
  -0.9534980207   2.9345651610  -4.3776941405
      
      
#  type   0  conf  1.0000
  -0.9534980207   2.9345651610  -4.3776941405
  -0.8231666341   2.5334463981  -4.5982259500
      
      
# 364  norm    -0.9534541723   -0.3015379599    0.0000000000
# nedges  14 
#  type   0  conf  1.0000
   0.8808012424  -2.7850676568  -4.5828538609
   1.0016718045  -3.1672568238  -4.3651326760
      
      
#  type   0  conf  1.0000
   1.0016718045  -3.1672568238  -4.3651326760
   1.1552275630  -3.6527956219  -3.8065854456
      
      
#  type   0  conf  1.0000
   1.1552275630  -3.6527956219  -3.8065854456
   1.1585631029  -3.6633425012  -3.5610201416
      
      
#  type   0  conf  1.0000
   1.1585631029  -3.6633425012  -3.5610201416
   0.9333965344  -2.9513724251  -2.2438016521
      
      
#  type   0  conf  1.0000
   0.9333965344  -2.9513724251  -2.2438016521
   0.3231495532  -1.0217893955  -1.1400908892
      
      
#  type   0  conf  1.0000
   0.3231495532  -1.0217893955  -1.1400908892
   0.3110549850  -0.9835467260  -1.1259204837
      
      
#  type   0  conf  1.0000
   0.3110549850  -0.9835467260  -1.1259204837
   0.0359875642  -0.1137916208  -0.8499505971
      
      
#  type   0  conf  1.0000
   0.0359875642  -0.1137916208  -0.8499505971
  -0.2420216439   0.7652653290  -1.1586096266
      
      
#  type   0  conf  1.0000
  -0.2420216439   0.7652653290  -1.1586096266
  -0.8462480691   2.6758115376  -2.2636909562
      
      
#  type   0  conf  1.0000
  -0.8462480691   2.6758115376  -2.2636909562
  -0.9730750023   3.0768345753  -2.9661162455
      
      
#  type   0  conf  1.0000
  -0.9730750023   3.0768345753  -2.9661162455
  -1.0808095295   3.4174879859  -3.5948440240
      
      
#  type   0  conf  1.0000
  -1.0808095295   3.4174879859  -3.5948440240
  -1.0773526574   3.4065574577  -3.8384135317
      
      
#  type   0  conf  1.0000
  -1.0773526574   3.4065574577  -3.8384135317
  -0.9259460882   2.9278143331  -4.3826175796
      
      
#  type   0  conf  1.0000
  -0.9259460882   2.9278143331  -4.3826175796
  -0.8026039414   2.5378100879  -4.5983947764
      
      
# 365  norm    -0.9540444024   -0.2996652770    0.0000000000
# nedges  14 
#  type   0  conf  1.0000
   0.8752954457  -2.7866782857  -4.5828027972
   0.9953337784  -3.1688443498  -4.3657208710
      
      
#  type   0  conf  1.0000
   0.9953337784  -3.1688443498  -4.3657208710
   1.1474019183  -3.6529837170  -3.8089765482
      
      
#  type   0  conf  1.0000
   1.1474019183  -3.6529837170  -3.8089765482
   1.1508820546  -3.6640634277  -3.5625982614
      
      
#  type   0  conf  1.0000
   1.1508820546  -3.6640634277  -3.5625982614
   0.9272272971  -2.9520137314  -2.2426423198
      
      
#  type   0  conf  1.0000
   0.9272272971  -2.9520137314  -2.2426423198
   0.3183271508  -1.0134582139  -1.1352963126
      
      
#  type   0  conf  1.0000
   0.3183271508  -1.0134582139  -1.1352963126
   0.0357732803  -0.1138913998  -0.8500419283
      
      
#  type   0  conf  1.0000
   0.0357732803  -0.1138913998  -0.8500419283
  -0.2360740605   0.7515890337  -1.1536213205
      
      
#  type   0  conf  1.0000
  -0.2360740605   0.7515890337  -1.1536213205
  -0.2459980146   0.7831839283  -1.1685331383
      
      
#  type   0  conf  1.0000
  -0.2459980146   0.7831839283  -1.1685331383
  -0.8410766616   2.6777359360  -2.2643341375
      
      
#  type   0  conf  1.0000
  -0.8410766616   2.6777359360  -2.2643341375
  -0.9650284358   3.0723612244  -2.9587344810
      
      
#  type   0  conf  1.0000
  -0.9650284358   3.0723612244  -2.9587344810
  -1.0732544231   3.4169203219  -3.5938629838
      
      
#  type   0  conf  1.0000
  -1.0732544231   3.4169203219  -3.5938629838
  -1.0701880441   3.4071578903  -3.8385408370
      
      
#  type   0  conf  1.0000
  -1.0701880441   3.4071578903  -3.8385408370
  -0.9200112123   2.9290398810  -4.3829140909
      
      
#  type   0  conf  1.0000
  -0.9200112123   2.9290398810  -4.3829140909
  -0.7976099973   2.5393511083  -4.5983606331
      
      
# 366  norm    -0.9552138259   -0.2959164524    0.0000000000
# nedges  13 
#  type   0  conf  1.0000
   0.8644326928  -2.7903756379  -4.5829747828
   0.9835152329  -3.1747722736  -4.3660377624
      
      
#  type   0  conf  1.0000
   0.9835152329  -3.1747722736  -4.3660377624
   1.1326032993  -3.6560262936  -3.8148418086
      
      
#  type   0  conf  1.0000
   1.1326032993  -3.6560262936  -3.8148418086
   1.1357906647  -3.6663150608  -3.5685593452
      
      
#  type   0  conf  1.0000
   1.1357906647  -3.6663150608  -3.5685593452
   0.9154904016  -2.9551891487  -2.2418234580
      
      
#  type   0  conf  1.0000
   0.9154904016  -2.9551891487  -2.2418234580
   0.3143422300  -1.0146919569  -1.1350535119
      
      
#  type   0  conf  1.0000
   0.3143422300  -1.0146919569  -1.1350535119
   0.0355115310  -0.1146306843  -0.8500281841
      
      
#  type   0  conf  1.0000
   0.0355115310  -0.1146306843  -0.8500281841
  -0.2372604518   0.7658731445  -1.1586565791
      
      
#  type   0  conf  1.0000
  -0.2372604518   0.7658731445  -1.1586565791
  -0.8253744021   2.6642960674  -2.2548189844
      
      
#  type   0  conf  1.0000
  -0.8253744021   2.6642960674  -2.2548189844
  -0.8375319730   2.7035405220  -2.3013490214
      
      
#  type   0  conf  1.0000
  -0.8375319730   2.7035405220  -2.3013490214
  -1.0581258978   3.4156143699  -3.5916078960
      
      
#  type   0  conf  1.0000
  -1.0581258978   3.4156143699  -3.5916078960
  -1.0546116655   3.4042704811  -3.8459139189
      
      
#  type   0  conf  1.0000
  -1.0546116655   3.4042704811  -3.8459139189
  -0.9083695455   2.9322031331  -4.3823335807
      
      
#  type   0  conf  1.0000
  -0.9083695455   2.9322031331  -4.3823335807
  -0.7872676762   2.5412881335  -4.5987579186
      
      
# 367  norm    -0.9557930148   -0.2940403252    0.0000000000
# nedges  12 
#  type   0  conf  1.0000
   0.8607851788  -2.7980259527  -4.5798741629
   0.9785661282  -3.1808789121  -4.3654238051
      
      
#  type   0  conf  1.0000
   0.9785661282  -3.1808789121  -4.3654238051
   1.1259171874  -3.6598510157  -3.8171201303
      
      
#  type   0  conf  1.0000
   1.1259171874  -3.6598510157  -3.8171201303
   1.1291852636  -3.6704740635  -3.5753723713
      
      
#  type   0  conf  1.0000
   1.1291852636  -3.6704740635  -3.5753723713
   0.9098707277  -2.9575810231  -2.2415694255
      
      
#  type   0  conf  1.0000
   0.9098707277  -2.9575810231  -2.2415694255
   0.3126198450  -1.0161866876  -1.1350274305
      
      
#  type   0  conf  1.0000
   0.3126198450  -1.0161866876  -1.1350274305
   0.0355720796  -0.1156288520  -0.8498889557
      
      
#  type   0  conf  1.0000
   0.0355720796  -0.1156288520  -0.8498889557
  -0.2353772581   0.7651057349  -1.1585545958
      
      
#  type   0  conf  1.0000
  -0.2353772581   0.7651057349  -1.1585545958
  -0.8254434677   2.6831459254  -2.2650581790
      
      
#  type   0  conf  1.0000
  -0.8254434677   2.6831459254  -2.2650581790
  -1.0503004161   3.4140548590  -3.5956100659
      
      
#  type   0  conf  1.0000
  -1.0503004161   3.4140548590  -3.5956100659
  -1.0471124017   3.4036920563  -3.8492801919
      
      
#  type   0  conf  1.0000
  -1.0471124017   3.4036920563  -3.8492801919
  -0.9022960591   2.9329591780  -4.3831273561
      
      
#  type   0  conf  1.0000
  -0.9022960591   2.9329591780  -4.3831273561
  -0.7819913329   2.5419025539  -4.5983820196
      
      
# 368  norm    -0.9563685188   -0.2921630644    0.0000000000
# nedges  12 
#  type   0  conf  1.0000
   0.8555200650  -2.8004650724  -4.5793143550
   0.9730857321  -3.1853053093  -4.3658715444
      
      
#  type   0  conf  1.0000
   0.9730857321  -3.1853053093  -4.3658715444
   1.1198097683  -3.6655927455  -3.8181893801
      
      
#  type   0  conf  1.0000
   1.1198097683  -3.6655927455  -3.8181893801
   1.1224319709  -3.6741762807  -3.5785884412
      
      
#  type   0  conf  1.0000
   1.1224319709  -3.6741762807  -3.5785884412
   0.9040220998  -2.9592319558  -2.2413124463
      
      
#  type   0  conf  1.0000
   0.9040220998  -2.9592319558  -2.2413124463
   0.3105758552  -1.0166410707  -1.1348727437
      
      
#  type   0  conf  1.0000
   0.3105758552  -1.0166410707  -1.1348727437
   0.0354454388  -0.1160273351  -0.8499992209
      
      
#  type   0  conf  1.0000
   0.0354454388  -0.1160273351  -0.8499992209
  -0.2336720879   0.7649037670  -1.1584089269
      
      
#  type   0  conf  1.0000
  -0.2336720879   0.7649037670  -1.1584089269
  -0.8199302179   2.6839650302  -2.2649448726
      
      
#  type   0  conf  1.0000
  -0.8199302179   2.6839650302  -2.2649448726
  -1.0432442967   3.4149628212  -3.6038984317
      
      
#  type   0  conf  1.0000
  -1.0432442967   3.4149628212  -3.6038984317
  -1.0400750442   3.4045885692  -3.8521785739
      
      
#  type   0  conf  1.0000
  -1.0400750442   3.4045885692  -3.8521785739
  -0.8976964021   2.9385253749  -4.3813207469
      
      
#  type   0  conf  1.0000
  -0.8976964021   2.9385253749  -4.3813207469
  -0.7767297202   2.5425522334  -4.5991570957
      
      
# 369  norm    -0.9580728995   -0.2865245527    0.0000000000
# nedges  12 
#  type   0  conf  1.0000
   0.8368751480  -2.7983200459  -4.5835596794
   0.9578770321  -3.2029228096  -4.3638763191
      
      
#  type   0  conf  1.0000
   0.9578770321  -3.2029228096  -4.3638763191
   1.1010916002  -3.6817997337  -3.8186872575
      
      
#  type   0  conf  1.0000
   1.1010916002  -3.6817997337  -3.8186872575
   1.1039685206  -3.6914195010  -3.5855408707
      
      
#  type   0  conf  1.0000
   1.1039685206  -3.6914195010  -3.5855408707
   0.8873036518  -2.9669414865  -2.2422744073
      
      
#  type   0  conf  1.0000
   0.8873036518  -2.9669414865  -2.2422744073
   0.3051444482  -1.0203335924  -1.1350385132
      
      
#  type   0  conf  1.0000
   0.3051444482  -1.0203335924  -1.1350385132
   0.0351702602  -0.1176013464  -0.8499283714
      
      
#  type   0  conf  1.0000
   0.0351702602  -0.1176013464  -0.8499283714
  -0.2286967663   0.7647099416  -1.1584410506
      
      
#  type   0  conf  1.0000
  -0.2286967663   0.7647099416  -1.1584410506
  -0.8034359476   2.6865069696  -2.2644706960
      
      
#  type   0  conf  1.0000
  -0.8034359476   2.6865069696  -2.2644706960
  -1.0238174436   3.4234125397  -3.6216570575
      
      
#  type   0  conf  1.0000
  -1.0238174436   3.4234125397  -3.6216570575
  -1.0211784895   3.4145884776  -3.8555789016
      
      
#  type   0  conf  1.0000
  -1.0211784895   3.4145884776  -3.8555789016
  -0.8819793208   2.9491381353  -4.3803738109
      
      
#  type   0  conf  1.0000
  -0.8819793208   2.9491381353  -4.3803738109
  -0.7612891750   2.5455777535  -4.5986204005
      
      
# 370  norm    -0.9602936857   -0.2789911060   -0.0000000000
# nedges  13 
#  type   0  conf  1.0000
   0.8148618786  -2.8047729831  -4.5837462677
   0.9369361743  -3.2249554648  -4.3636020617
      
      
#  type   0  conf  1.0000
   0.9369361743  -3.2249554648  -4.3636020617
   1.0767733051  -3.7062780261  -3.8186306272
      
      
#  type   0  conf  1.0000
   1.0767733051  -3.7062780261  -3.8186306272
   1.0797282219  -3.7164489165  -3.5920488028
      
      
#  type   0  conf  1.0000
   1.0797282219  -3.7164489165  -3.5920488028
   0.9854360017  -3.3918929656  -2.9854380131
      
      
#  type   0  conf  1.0000
   0.9854360017  -3.3918929656  -2.9854380131
   0.8639551225  -2.9737530369  -2.2414136102
      
      
#  type   0  conf  1.0000
   0.8639551225  -2.9737530369  -2.2414136102
   0.2975472780  -1.0241644484  -1.1350540102
      
      
#  type   0  conf  1.0000
   0.2975472780  -1.0241644484  -1.1350540102
   0.0347085154  -0.1194674937  -0.8499266183
      
      
#  type   0  conf  1.0000
   0.0347085154  -0.1194674937  -0.8499266183
  -0.2221483031   0.7646394745  -1.1585674745
      
      
#  type   0  conf  1.0000
  -0.2221483031   0.7646394745  -1.1585674745
  -0.7819388591   2.6914512067  -2.2652691225
      
      
#  type   0  conf  1.0000
  -0.7819388591   2.6914512067  -2.2652691225
  -1.0001970460   3.4427008134  -3.6317064291
      
      
#  type   0  conf  1.0000
  -1.0001970460   3.4427008134  -3.6317064291
  -0.9973821984   3.4330120444  -3.8559184387
      
      
#  type   0  conf  1.0000
  -0.9973821984   3.4330120444  -3.8559184387
  -0.8621232887   2.9674478237  -4.3788413986
      
      
#  type   0  conf  1.0000
  -0.8621232887   2.9674478237  -4.3788413986
  -0.7407665922   2.5497353345  -4.5975070893
      
      
# 371  norm    -0.9624552365   -0.2714404499    0.0000000000
# nedges  14 
#  type   0  conf  1.0000
   0.7927532560  -2.8108910179  -4.5842406558
   0.9156620389  -3.2466926893  -4.3636378567
      
      
#  type   0  conf  1.0000
   0.9156620389  -3.2466926893  -4.3636378567
   1.0523178412  -3.7312376148  -3.8172714624
      
      
#  type   0  conf  1.0000
   1.0523178412  -3.7312376148  -3.8172714624
   1.0547452508  -3.7398445598  -3.5884226275
      
      
#  type   0  conf  1.0000
   1.0547452508  -3.7398445598  -3.5884226275
   0.9559364878  -3.3894951134  -2.9406797043
      
      
#  type   0  conf  1.0000
   0.9559364878  -3.3894951134  -2.9406797043
   0.8409039706  -2.9816205739  -2.2410605563
      
      
#  type   0  conf  1.0000
   0.8409039706  -2.9816205739  -2.2410605563
   0.2895329553  -1.0266064219  -1.1346287074
      
      
#  type   0  conf  1.0000
   0.2895329553  -1.0266064219  -1.1346287074
   0.0342030446  -0.1212748481  -0.8499021953
      
      
#  type   0  conf  1.0000
   0.0342030446  -0.1212748481  -0.8499021953
  -0.2159495112   0.7656992095  -1.1592323936
      
      
#  type   0  conf  1.0000
  -0.2159495112   0.7656992095  -1.1592323936
  -0.7594235789   2.6927128973  -2.2641339116
      
      
#  type   0  conf  1.0000
  -0.7594235789   2.6927128973  -2.2641339116
  -0.8773723559   3.1109277144  -2.9937251965
      
      
#  type   0  conf  1.0000
  -0.8773723559   3.1109277144  -2.9937251965
  -0.9762727926   3.4616022112  -3.6352834796
      
      
#  type   0  conf  1.0000
  -0.9762727926   3.4616022112  -3.6352834796
  -0.9736993666   3.4524775309  -3.8554704038
      
      
#  type   0  conf  1.0000
  -0.9736993666   3.4524775309  -3.8554704038
  -0.8420974502   2.9858523331  -4.3774414106
      
      
#  type   0  conf  1.0000
  -0.8420974502   2.9858523331  -4.3774414106
  -0.7200334595   2.5530460691  -4.5971625564
      
      
# 372  norm    -0.9645574185   -0.2638730500   -0.0000000000
# nedges  14 
#  type   0  conf  1.0000
   0.7739917648  -2.8292373876  -4.5790311284
   0.8941677104  -3.2685266589  -4.3631509200
      
      
#  type   0  conf  1.0000
   0.8941677104  -3.2685266589  -4.3631509200
   1.0270344688  -3.7542057289  -3.8176714991
      
      
#  type   0  conf  1.0000
   1.0270344688  -3.7542057289  -3.8176714991
   1.0297411971  -3.7640998613  -3.5889509409
      
      
#  type   0  conf  1.0000
   1.0297411971  -3.7640998613  -3.5889509409
   0.9330348349  -3.4106009377  -2.9390785792
      
      
#  type   0  conf  1.0000
   0.9330348349  -3.4106009377  -2.9390785792
   0.8184366536  -2.9917005388  -2.2426834770
      
      
#  type   0  conf  1.0000
   0.8184366536  -2.9917005388  -2.2426834770
   0.2819903238  -1.0307830178  -1.1348972336
      
      
#  type   0  conf  1.0000
   0.2819903238  -1.0307830178  -1.1348972336
   0.0338978951  -0.1239098355  -0.8500627570
      
      
#  type   0  conf  1.0000
   0.0338978951  -0.1239098355  -0.8500627570
  -0.2088080215   0.7632735751  -1.1582861547
      
      
#  type   0  conf  1.0000
  -0.2088080215   0.7632735751  -1.1582861547
  -0.7374877866   2.6958013170  -2.2636987777
      
      
#  type   0  conf  1.0000
  -0.7374877866   2.6958013170  -2.2636987777
  -0.8549330423   3.1251088669  -2.9874690665
      
      
#  type   0  conf  1.0000
  -0.8549330423   3.1251088669  -2.9874690665
  -0.9523413775   3.4811737715  -3.6372418250
      
      
#  type   0  conf  1.0000
  -0.9523413775   3.4811737715  -3.6372418250
  -0.9494403972   3.4705695735  -3.8563818611
      
      
#  type   0  conf  1.0000
  -0.9494403972   3.4705695735  -3.8563818611
  -0.8213226210   3.0022498591  -4.3777423314
      
      
#  type   0  conf  1.0000
  -0.8213226210   3.0022498591  -4.3777423314
  -0.6991166290   2.5555399877  -4.5971438697
      
      
# 373  norm    -0.9666001020   -0.2562893731   -0.0000000000
# nedges  15 
#  type   0  conf  1.0000
   0.7513164422  -2.8336038316  -4.5803981489
   0.8713774214  -3.2864160311  -4.3647484473
      
      
#  type   0  conf  1.0000
   0.8713774214  -3.2864160311  -4.3647484473
   1.0011841051  -3.7759843347  -3.8181072127
      
      
#  type   0  conf  1.0000
   1.0011841051  -3.7759843347  -3.8181072127
   1.0039100084  -3.7862651293  -3.5901010454
      
      
#  type   0  conf  1.0000
   1.0039100084  -3.7862651293  -3.5901010454
   0.9144259628  -3.4487743996  -2.9714267189
      
      
#  type   0  conf  1.0000
   0.9144259628  -3.4487743996  -2.9714267189
   0.8247290282  -3.1104807548  -2.4161834058
      
      
#  type   0  conf  1.0000
   0.8247290282  -3.1104807548  -2.4161834058
   0.7928267735  -2.9901608122  -2.2376436645
      
      
#  type   0  conf  1.0000
   0.7928267735  -2.9901608122  -2.2376436645
   0.2741891935  -1.0341096051  -1.1350522479
      
      
#  type   0  conf  1.0000
   0.2741891935  -1.0341096051  -1.1350522479
   0.0333083578  -0.1256230863  -0.8498634850
      
      
#  type   0  conf  1.0000
   0.0333083578  -0.1256230863  -0.8498634850
  -0.2022656052   0.7628484640  -1.1583243510
      
      
#  type   0  conf  1.0000
  -0.2022656052   0.7628484640  -1.1583243510
  -0.7156747346   2.6991804733  -2.2637139117
      
      
#  type   0  conf  1.0000
  -0.7156747346   2.6991804733  -2.2637139117
  -0.8302587594   3.1313362383  -2.9707510250
      
      
#  type   0  conf  1.0000
  -0.8302587594   3.1313362383  -2.9707510250
  -0.9274381930   3.4978502658  -3.6340380196
      
      
#  type   0  conf  1.0000
  -0.9274381930   3.4978502658  -3.6340380196
  -0.9248479181   3.4880809965  -3.8566961824
      
      
#  type   0  conf  1.0000
  -0.9248479181   3.4880809965  -3.8566961824
  -0.7993987170   3.0149470185  -4.3800544414
      
      
#  type   0  conf  1.0000
  -0.7993987170   3.0149470185  -4.3800544414
  -0.6785556488   2.5591851558  -4.5958299091
      
      
# 374  norm    -0.9685831611   -0.2486898872    0.0000000000
# nedges  15 
#  type   0  conf  1.0000
   0.7298500169  -2.8425781386  -4.5799512354
   0.8492743071  -3.3077050393  -4.3640834220
      
      
#  type   0  conf  1.0000
   0.8492743071  -3.3077050393  -4.3640834220
   0.9752652824  -3.7984074902  -3.8179644063
      
      
#  type   0  conf  1.0000
   0.9752652824  -3.7984074902  -3.8179644063
   0.9780883983  -3.8094028007  -3.5901070388
      
      
#  type   0  conf  1.0000
   0.9780883983  -3.8094028007  -3.5901070388
   0.8906948257  -3.4690273082  -2.9702636281
      
      
#  type   0  conf  1.0000
   0.8906948257  -3.4690273082  -2.9702636281
   0.8018474977  -3.1229898122  -2.4168504005
      
      
#  type   0  conf  1.0000
   0.8018474977  -3.1229898122  -2.4168504005
   0.7693774003  -2.9965271326  -2.2374905055
      
      
#  type   0  conf  1.0000
   0.7693774003  -2.9965271326  -2.2374905055
   0.2662476240  -1.0369660313  -1.1348824294
      
      
#  type   0  conf  1.0000
   0.2662476240  -1.0369660313  -1.1348824294
   0.0327146971  -0.1274153329  -0.8499165221
      
      
#  type   0  conf  1.0000
   0.0327146971  -0.1274153329  -0.8499165221
  -0.1958111453   0.7626340589  -1.1585393469
      
      
#  type   0  conf  1.0000
  -0.1958111453   0.7626340589  -1.1585393469
  -0.6943782370   2.7044246771  -2.2654194003
      
      
#  type   0  conf  1.0000
  -0.6943782370   2.7044246771  -2.2654194003
  -0.8086070146   3.1493163924  -2.9737354622
      
      
#  type   0  conf  1.0000
  -0.8086070146   3.1493163924  -2.9737354622
  -0.9027365424   3.5159266984  -3.6340121472
      
      
#  type   0  conf  1.0000
  -0.9027365424   3.5159266984  -3.6340121472
  -0.9004440141   3.5069978903  -3.8545217919
      
      
#  type   0  conf  1.0000
  -0.9004440141   3.5069978903  -3.8545217919
  -0.7791970098   3.0347719865  -4.3770497034
      
      
#  type   0  conf  1.0000
  -0.7791970098   3.0347719865  -4.3770497034
  -0.6579371480   2.5624960060  -4.5974008228
      
      
# 375  norm    -0.9705064735   -0.2410750608    0.0000000000
# nedges  16 
#  type   0  conf  1.0000
   0.7075952251  -2.8485972136  -4.5807203198
   0.8259963687  -3.3252499041  -4.3656512265
      
      
#  type   0  conf  1.0000
   0.8259963687  -3.3252499041  -4.3656512265
   0.9488332813  -3.8197598647  -3.8182499487
      
      
#  type   0  conf  1.0000
   0.9488332813  -3.8197598647  -3.8182499487
   0.9517160530  -3.8313651654  -3.5916737784
      
      
#  type   0  conf  1.0000
   0.9517160530  -3.8313651654  -3.5916737784
   0.8726871868  -3.5132151834  -3.0139477573
      
      
#  type   0  conf  1.0000
   0.8726871868  -3.5132151834  -3.0139477573
   0.8654060408  -3.4839031538  -2.9623664249
      
      
#  type   0  conf  1.0000
   0.8654060408  -3.4839031538  -2.9623664249
   0.7789109975  -3.1356962547  -2.4186826058
      
      
#  type   0  conf  1.0000
   0.7789109975  -3.1356962547  -2.4186826058
   0.7460119213  -3.0032529968  -2.2377008617
      
      
#  type   0  conf  1.0000
   0.7460119213  -3.0032529968  -2.2377008617
   0.2583079599  -1.0398817129  -1.1348015040
      
      
#  type   0  conf  1.0000
   0.2583079599  -1.0398817129  -1.1348015040
   0.0321122434  -0.1292756703  -0.8499941592
      
      
#  type   0  conf  1.0000
   0.0321122434  -0.1292756703  -0.8499941592
  -0.1891210543   0.7613529449  -1.1582323033
      
      
#  type   0  conf  1.0000
  -0.1891210543   0.7613529449  -1.1582323033
  -0.6725415407   2.7074800550  -2.2655553419
      
      
#  type   0  conf  1.0000
  -0.6725415407   2.7074800550  -2.2655553419
  -0.7857505642   3.1632305991  -2.9711293664
      
      
#  type   0  conf  1.0000
  -0.7857505642   3.1632305991  -2.9711293664
  -0.8775779808   3.5329042681  -3.6337534917
      
      
#  type   0  conf  1.0000
  -0.8775779808   3.5329042681  -3.6337534917
  -0.8754531428   3.5243502144  -3.8539651358
      
      
#  type   0  conf  1.0000
  -0.8754531428   3.5243502144  -3.8539651358
  -0.7574064905   3.0491246152  -4.3778544669
      
      
#  type   0  conf  1.0000
  -0.7574064905   3.0491246152  -4.3778544669
  -0.6371850089   2.5651437100  -4.5971128143
      
      
# 376  norm    -0.9723699204   -0.2334453639    0.0000000000
# nedges  17 
#  type   0  conf  1.0000
   0.6860345802  -2.8575396793  -4.5803574564
   0.8023312994  -3.3419503771  -4.3671790128
      
      
#  type   0  conf  1.0000
   0.8023312994  -3.3419503771  -4.3671790128
   0.9222862730  -3.8415988008  -3.8181240333
      
      
#  type   0  conf  1.0000
   0.9222862730  -3.8415988008  -3.8181240333
   0.9248218857  -3.8521603879  -3.5908434463
      
      
#  type   0  conf  1.0000
   0.9248218857  -3.8521603879  -3.5908434463
   0.8503060960  -3.5417797861  -3.0297868292
      
      
#  type   0  conf  1.0000
   0.8503060960  -3.5417797861  -3.0297868292
   0.8411405295  -3.5036024541  -2.9625590214
      
      
#  type   0  conf  1.0000
   0.8411405295  -3.5036024541  -2.9625590214
   0.7549994565  -3.1447990624  -2.4156678444
      
      
#  type   0  conf  1.0000
   0.7549994565  -3.1447990624  -2.4156678444
   0.7226327905  -3.0099821962  -2.2382352813
      
      
#  type   0  conf  1.0000
   0.7226327905  -3.0099821962  -2.2382352813
   0.2505069909  -1.0434367115  -1.1350665015
      
      
#  type   0  conf  1.0000
   0.2505069909  -1.0434367115  -1.1350665015
   0.0314548362  -0.1310188220  -0.8499338526
      
      
#  type   0  conf  1.0000
   0.0314548362  -0.1310188220  -0.8499338526
  -0.1826306950   0.7607115918  -1.1582753979
      
      
#  type   0  conf  1.0000
  -0.1826306950   0.7607115918  -1.1582753979
  -0.6485693163   2.7014856241  -2.2609527551
      
      
#  type   0  conf  1.0000
  -0.6485693163   2.7014856241  -2.2609527551
  -0.6848058411   2.8524216126  -2.4739064299
      
      
#  type   0  conf  1.0000
  -0.6848058411   2.8524216126  -2.4739064299
  -0.7668791713   3.1942816359  -2.9994028065
      
      
#  type   0  conf  1.0000
  -0.7668791713   3.1942816359  -2.9994028065
  -0.8522159512   3.5497349058  -3.6339821220
      
      
#  type   0  conf  1.0000
  -0.8522159512   3.5497349058  -3.6339821220
  -0.8498980493   3.5400801494  -3.8571554485
      
      
#  type   0  conf  1.0000
  -0.8498980493   3.5400801494  -3.8571554485
  -0.7342869162   3.0585251231  -4.3817408032
      
      
#  type   0  conf  1.0000
  -0.7342869162   3.0585251231  -4.3817408032
  -0.6164139611   2.5675489306  -4.5957156179
      
      
# 377  norm    -0.9741733870   -0.2258012669    0.0000000000
# nedges  16 
#  type   0  conf  1.0000
   0.6638678767  -2.8641221854  -4.5813209264
   0.7791978639  -3.3616898290  -4.3674342506
      
      
#  type   0  conf  1.0000
   0.7791978639  -3.3616898290  -4.3674342506
   0.8957037068  -3.8643304616  -3.8169199496
      
      
#  type   0  conf  1.0000
   0.8957037068  -3.8643304616  -3.8169199496
   0.8978552761  -3.8736129672  -3.5871328522
      
      
#  type   0  conf  1.0000
   0.8978552761  -3.8736129672  -3.5871328522
   0.8173221244  -3.5261691541  -2.9659450032
      
      
#  type   0  conf  1.0000
   0.8173221244  -3.5261691541  -2.9659450032
   0.7315271481  -3.1560242749  -2.4155306683
      
      
#  type   0  conf  1.0000
   0.7315271481  -3.1560242749  -2.4155306683
   0.6987577683  -3.0146474876  -2.2375797124
      
      
#  type   0  conf  1.0000
   0.6987577683  -3.0146474876  -2.2375797124
   0.2421647761  -1.0447704012  -1.1343257066
      
      
#  type   0  conf  1.0000
   0.2421647761  -1.0447704012  -1.1343257066
   0.0306982189  -0.1324411874  -0.8500437351
      
      
#  type   0  conf  1.0000
   0.0306982189  -0.1324411874  -0.8500437351
  -0.1761240814   0.7598513296  -1.1584632673
      
      
#  type   0  conf  1.0000
  -0.1761240814   0.7598513296  -1.1584632673
  -0.6265065836   2.7029345273  -2.2610608738
      
      
#  type   0  conf  1.0000
  -0.6265065836   2.7029345273  -2.2610608738
  -0.6622217403   2.8570202668  -2.4705553845
      
      
#  type   0  conf  1.0000
  -0.6622217403   2.8570202668  -2.4705553845
  -0.7439560697   3.2096463153  -2.9988367874
      
      
#  type   0  conf  1.0000
  -0.7439560697   3.2096463153  -2.9988367874
  -0.8271018094   3.5683616050  -3.6364695297
      
      
#  type   0  conf  1.0000
  -0.8271018094   3.5683616050  -3.6364695297
  -0.8242591657   3.5560975998  -3.8586042576
      
      
#  type   0  conf  1.0000
  -0.8242591657   3.5560975998  -3.8586042576
  -0.7123836660   3.0734336366  -4.3819996497
      
      
#  type   0  conf  1.0000
  -0.7123836660   3.0734336366  -4.3819996497
  -0.5955246822   2.5692694498  -4.5965413403
      
      
# 378  norm    -0.9759167619   -0.2181432414    0.0000000000
# nedges  17 
#  type   0  conf  1.0000
   0.6423892913  -2.8738844856  -4.5812854780
   0.7556843263  -3.3807373358  -4.3678535233
      
      
#  type   0  conf  1.0000
   0.7556843263  -3.3807373358  -4.3678535233
   0.8684416430  -3.8851845732  -3.8178329800
      
      
#  type   0  conf  1.0000
   0.8684416430  -3.8851845732  -3.8178329800
   0.8708529256  -3.8959720313  -3.5900860871
      
      
#  type   0  conf  1.0000
   0.8708529256  -3.8959720313  -3.5900860871
   0.8101445788  -3.6243785001  -3.1044885697
      
      
#  type   0  conf  1.0000
   0.8101445788  -3.6243785001  -3.1044885697
   0.7921165929  -3.5437259274  -2.9622431867
      
      
#  type   0  conf  1.0000
   0.7921165929  -3.5437259274  -2.9622431867
   0.7078093926  -3.1665571948  -2.4151589940
      
      
#  type   0  conf  1.0000
   0.7078093926  -3.1665571948  -2.4151589940
   0.6750030353  -3.0197899887  -2.2374465699
      
      
#  type   0  conf  1.0000
   0.6750030353  -3.0197899887  -2.2374465699
   0.2342529625  -1.0479875110  -1.1345714641
      
      
#  type   0  conf  1.0000
   0.2342529625  -1.0479875110  -1.1345714641
   0.0301285408  -0.1347873435  -0.8499517194
      
      
#  type   0  conf  1.0000
   0.0301285408  -0.1347873435  -0.8499517194
  -0.1695791008   0.7586532864  -1.1584087193
      
      
#  type   0  conf  1.0000
  -0.1695791008   0.7586532864  -1.1584087193
  -0.6044149399   2.7039970032  -2.2611514651
      
      
#  type   0  conf  1.0000
  -0.6044149399   2.7039970032  -2.2611514651
  -0.6405822118   2.8658000766  -2.4738974434
      
      
#  type   0  conf  1.0000
  -0.6405822118   2.8658000766  -2.4738974434
  -0.7209089251   3.2251611342  -2.9993177905
      
      
#  type   0  conf  1.0000
  -0.7209089251   3.2251611342  -2.9993177905
  -0.8012699543   3.5846757124  -3.6355621106
      
      
#  type   0  conf  1.0000
  -0.8012699543   3.5846757124  -3.6355621106
  -0.7988328223   3.5737726104  -3.8571923650
      
      
#  type   0  conf  1.0000
  -0.7988328223   3.5737726104  -3.8571923650
  -0.6903096415   3.0882678086  -4.3824628091
      
      
#  type   0  conf  1.0000
  -0.6903096415   3.0882678086  -4.3824628091
  -0.5746358150   2.5707728569  -4.5964408839
      
      
# 379  norm    -0.9775999378   -0.2104717598    0.0000000000
# nedges  16 
#  type   0  conf  1.0000
   0.6214092982  -2.8863239981  -4.5804569712
   0.7318070511  -3.3990998516  -4.3681987479
      
      
#  type   0  conf  1.0000
   0.7318070511  -3.3990998516  -4.3681987479
   0.8409856281  -3.9062128735  -3.8172226725
      
      
#  type   0  conf  1.0000
   0.8409856281  -3.9062128735  -3.8172226725
   0.8432302226  -3.9166385736  -3.5884352553
      
      
#  type   0  conf  1.0000
   0.8432302226  -3.9166385736  -3.5884352553
   0.7678606660  -3.5665618036  -2.9674523115
      
      
#  type   0  conf  1.0000
   0.7678606660  -3.5665618036  -2.9674523115
   0.6837951663  -3.1760940880  -2.4143061758
      
      
#  type   0  conf  1.0000
   0.6837951663  -3.1760940880  -2.4143061758
   0.6513245487  -3.0252744542  -2.2379931359
      
      
#  type   0  conf  1.0000
   0.6513245487  -3.0252744542  -2.2379931359
   0.2261896694  -1.0506065370  -1.1345376833
      
      
#  type   0  conf  1.0000
   0.2261896694  -1.0506065370  -1.1345376833
   0.0294061864  -0.1365859534  -0.8499910886
      
      
#  type   0  conf  1.0000
   0.0294061864  -0.1365859534  -0.8499910886
  -0.1630172330   0.7571829918  -1.1582977731
      
      
#  type   0  conf  1.0000
  -0.1630172330   0.7571829918  -1.1582977731
  -0.5823355792   2.7048342565  -2.2610178691
      
      
#  type   0  conf  1.0000
  -0.5823355792   2.7048342565  -2.2610178691
  -0.6179198237   2.8701160748  -2.4713244797
      
      
#  type   0  conf  1.0000
  -0.6179198237   2.8701160748  -2.4713244797
  -0.6973209117   3.2389185158  -2.9979931373
      
      
#  type   0  conf  1.0000
  -0.6973209117   3.2389185158  -2.9979931373
  -0.7751181912   3.6002715808  -3.6338613562
      
      
#  type   0  conf  1.0000
  -0.7751181912   3.6002715808  -3.6338613562
  -0.7727513407   3.5892780256  -3.8584278456
      
      
#  type   0  conf  1.0000
  -0.7727513407   3.5892780256  -3.8584278456
  -0.6676865116   3.1012725544  -4.3834519460
      
      
#  type   0  conf  1.0000
  -0.6676865116   3.1012725544  -4.3834519460
  -0.5539717999   2.5730900790  -4.5961845051
      
      
# 380  norm    -0.9792228106   -0.2027872954    0.0000000000
# nedges  16 
#  type   0  conf  1.0000
   0.6001599806  -2.8980629282  -4.5801965665
   0.7078054940  -3.4178634516  -4.3680432871
      
      
#  type   0  conf  1.0000
   0.7078054940  -3.4178634516  -4.3680432871
   0.8130444125  -3.9260429670  -3.8174833201
      
      
#  type   0  conf  1.0000
   0.8130444125  -3.9260429670  -3.8174833201
   0.8154041744  -3.9374378263  -3.5894909930
      
      
#  type   0  conf  1.0000
   0.8154041744  -3.9374378263  -3.5894909930
   0.7428036711  -3.5868632562  -2.9696491940
      
      
#  type   0  conf  1.0000
   0.7428036711  -3.5868632562  -2.9696491940
   0.6601652772  -3.1878175459  -2.4165140077
      
      
#  type   0  conf  1.0000
   0.6601652772  -3.1878175459  -2.4165140077
   0.6273154998  -3.0291919710  -2.2375592391
      
      
#  type   0  conf  1.0000
   0.6273154998  -3.0291919710  -2.2375592391
   0.2181479848  -1.0533967742  -1.1346985810
      
      
#  type   0  conf  1.0000
   0.2181479848  -1.0533967742  -1.1346985810
   0.0287827666  -0.1389867226  -0.8499942231
      
      
#  type   0  conf  1.0000
   0.0287827666  -0.1389867226  -0.8499942231
  -0.1564740797   0.7555847510  -1.1581622970
      
      
#  type   0  conf  1.0000
  -0.1564740797   0.7555847510  -1.1581622970
  -0.5603217005   2.7056911502  -2.2612855148
      
      
#  type   0  conf  1.0000
  -0.5603217005   2.7056911502  -2.2612855148
  -0.5956750144   2.8764058460  -2.4720547626
      
      
#  type   0  conf  1.0000
  -0.5956750144   2.8764058460  -2.4720547626
  -0.6738978491   3.2541296275  -2.9994108460
      
      
#  type   0  conf  1.0000
  -0.6738978491   3.2541296275  -2.9994108460
  -0.7488015042   3.6158256966  -3.6335242149
      
      
#  type   0  conf  1.0000
  -0.7488015042   3.6158256966  -3.6335242149
  -0.7468921658   3.6066058506  -3.8547365473
      
      
#  type   0  conf  1.0000
  -0.7468921658   3.6066058506  -3.8547365473
  -0.6459415625   3.1191338255  -4.3814569327
      
      
#  type   0  conf  1.0000
  -0.6459415625   3.1191338255  -4.3814569327
  -0.5332565169   2.5749983218  -4.5971800976
      
      
# 381  norm    -0.9807852804   -0.1950903220    0.0000000000
# nedges  16 
#  type   0  conf  1.0000
   0.5790130655  -2.9108952504  -4.5796837444
   0.6831896799  -3.4346264581  -4.3681872674
      
      
#  type   0  conf  1.0000
   0.6831896799  -3.4346264581  -4.3681872674
   0.7846524022  -3.9447140091  -3.8172146201
      
      
#  type   0  conf  1.0000
   0.7846524022  -3.9447140091  -3.8172146201
   0.7869174870  -3.9561013595  -3.5877649819
      
      
#  type   0  conf  1.0000
   0.7869174870  -3.9561013595  -3.5877649819
   0.7163608180  -3.6013890311  -2.9655234300
      
      
#  type   0  conf  1.0000
   0.7163608180  -3.6013890311  -2.9655234300
   0.6358271440  -3.1965189111  -2.4159252195
      
      
#  type   0  conf  1.0000
   0.6358271440  -3.1965189111  -2.4159252195
   0.6034096611  -3.0335452191  -2.2376080497
      
      
#  type   0  conf  1.0000
   0.6034096611  -3.0335452191  -2.2376080497
   0.2098512056  -1.0549932533  -1.1343304359
      
      
#  type   0  conf  1.0000
   0.2098512056  -1.0549932533  -1.1343304359
   0.0279509378  -0.1405188536  -0.8498818193
      
      
#  type   0  conf  1.0000
   0.0279509378  -0.1405188536  -0.8498818193
  -0.1502063155   0.7551381417  -1.1585225852
      
      
#  type   0  conf  1.0000
  -0.1502063155   0.7551381417  -1.1585225852
  -0.5382338302   2.7058841905  -2.2611991655
      
      
#  type   0  conf  1.0000
  -0.5382338302   2.7058841905  -2.2611991655
  -0.5728843871   2.8800843035  -2.4700062826
      
      
#  type   0  conf  1.0000
  -0.5728843871   2.8800843035  -2.4700062826
  -0.6500750180   3.2681478110  -3.0005605966
      
      
#  type   0  conf  1.0000
  -0.6500750180   3.2681478110  -3.0005605966
  -0.7223913462   3.6317065434  -3.6371314200
      
      
#  type   0  conf  1.0000
  -0.7223913462   3.6317065434  -3.6371314200
  -0.7198874572   3.6191186434  -3.8588143691
      
      
#  type   0  conf  1.0000
  -0.7198874572   3.6191186434  -3.8588143691
  -0.6222102252   3.1280620374  -4.3837459429
      
      
#  type   0  conf  1.0000
  -0.6222102252   3.1280620374  -4.3837459429
  -0.5125688200   2.5768574711  -4.5973688400
      
      
# 382  norm    -0.9822872507   -0.1873813146    0.0000000000
# nedges  16 
#  type   0  conf  1.0000
   0.5579225105  -2.9247322243  -4.5793407426
   0.6585851916  -3.4524244782  -4.3678220916
      
      
#  type   0  conf  1.0000
   0.6585851916  -3.4524244782  -4.3678220916
   0.7561429156  -3.9638399772  -3.8173300425
      
      
#  type   0  conf  1.0000
   0.7561429156  -3.9638399772  -3.8173300425
   0.7583716847  -3.9755235937  -3.5887674102
      
      
#  type   0  conf  1.0000
   0.7583716847  -3.9755235937  -3.5887674102
   0.6906379981  -3.6204511742  -2.9672524161
      
      
#  type   0  conf  1.0000
   0.6906379981  -3.6204511742  -2.9672524161
   0.6111511697  -3.2037666271  -2.4137650315
      
      
#  type   0  conf  1.0000
   0.6111511697  -3.2037666271  -2.4137650315
   0.5792351126  -3.0364567971  -2.2371498177
      
      
#  type   0  conf  1.0000
   0.5792351126  -3.0364567971  -2.2371498177
   0.2016815375  -1.0572516447  -1.1344880168
      
      
#  type   0  conf  1.0000
   0.2016815375  -1.0572516447  -1.1344880168
   0.0271514371  -0.1423328179  -0.8498572026
      
      
#  type   0  conf  1.0000
   0.0271514371  -0.1423328179  -0.8498572026
  -0.1438059483   0.7538571811  -1.1586526583
      
      
#  type   0  conf  1.0000
  -0.1438059483   0.7538571811  -1.1586526583
  -0.5161566525   2.7057879292  -2.2612626953
      
      
#  type   0  conf  1.0000
  -0.5161566525   2.7057879292  -2.2612626953
  -0.5505715479   2.8861971287  -2.4712423004
      
      
#  type   0  conf  1.0000
  -0.5505715479   2.8861971287  -2.4712423004
  -0.6258137364   3.2806304937  -2.9992421163
      
      
#  type   0  conf  1.0000
  -0.6258137364   3.2806304937  -2.9992421163
  -0.6955333276   3.6461133899  -3.6353541674
      
      
#  type   0  conf  1.0000
  -0.6955333276   3.6461133899  -3.6353541674
  -0.6933371297   3.6346005173  -3.8570048263
      
      
#  type   0  conf  1.0000
  -0.6933371297   3.6346005173  -3.8570048263
  -0.5999490761   3.1450431963  -4.3814033399
      
      
#  type   0  conf  1.0000
  -0.5999490761   3.1450431963  -4.3814033399
  -0.4921939094   2.5801708305  -4.5977886454
      
      
# 383  norm    -0.9837286289   -0.1796607486    0.0000000000
# nedges  17 
#  type   0  conf  1.0000
   0.5365080389  -2.9376384193  -4.5797389698
   0.6341036726  -3.4720212474  -4.3656801869
      
      
#  type   0  conf  1.0000
   0.6341036726  -3.4720212474  -4.3656801869
   0.7273411129  -3.9825408801  -3.8159680793
      
      
#  type   0  conf  1.0000
   0.7273411129  -3.9825408801  -3.8159680793
   0.7291822450  -3.9926219595  -3.5856502153
      
      
#  type   0  conf  1.0000
   0.7291822450  -3.9926219595  -3.5856502153
   0.6639250061  -3.6353073282  -2.9645995060
      
      
#  type   0  conf  1.0000
   0.6639250061  -3.6353073282  -2.9645995060
   0.5868044595  -3.2130354068  -2.4149196826
      
      
#  type   0  conf  1.0000
   0.5868044595  -3.2130354068  -2.4149196826
   0.5553062979  -3.0405678891  -2.2376011515
      
      
#  type   0  conf  1.0000
   0.5553062979  -3.0405678891  -2.2376011515
   0.1935111687  -1.0595663113  -1.1345926832
      
      
#  type   0  conf  1.0000
   0.1935111687  -1.0595663113  -1.1345926832
   0.0263148893  -0.1440866197  -0.8499074353
      
      
#  type   0  conf  1.0000
   0.0263148893  -0.1440866197  -0.8499074353
  -0.1373266221   0.7519290149  -1.1583723146
      
      
#  type   0  conf  1.0000
  -0.1373266221   0.7519290149  -1.1583723146
  -0.4941375830   2.7056398842  -2.2612162951
      
      
#  type   0  conf  1.0000
  -0.4941375830   2.7056398842  -2.2612162951
  -0.5279167066   2.8905967609  -2.4710632906
      
      
#  type   0  conf  1.0000
  -0.5279167066   2.8905967609  -2.4710632906
  -0.6012989895   3.2923998991  -2.9982333798
      
      
#  type   0  conf  1.0000
  -0.6012989895   3.2923998991  -2.9982333798
  -0.6682588806   3.6590373665  -3.6331813868
      
      
#  type   0  conf  1.0000
  -0.6682588806   3.6590373665  -3.6331813868
  -0.6664243864   3.6489926322  -3.8440926102
      
      
#  type   0  conf  1.0000
  -0.6664243864   3.6489926322  -3.8440926102
  -0.6641419373   3.6364951303  -3.8713408932
      
      
#  type   0  conf  1.0000
  -0.6641419373   3.6364951303  -3.8713408932
  -0.5756185248   3.1517870577  -4.3848131709
      
      
#  type   0  conf  1.0000
  -0.5756185248   3.1517870577  -4.3848131709
  -0.4717155059   2.5828682755  -4.5978515423
      
      
# 384  norm    -0.9851093262   -0.1719291003   -0.0000000000
# nedges  16 
#  type   0  conf  1.0000
   0.5151220268  -2.9515161300  -4.5799055783
   0.6088577165  -3.4885974150  -4.3652682654
      
      
#  type   0  conf  1.0000
   0.6088577165  -3.4885974150  -4.3652682654
   0.6980753703  -3.9997915219  -3.8166770310
      
      
#  type   0  conf  1.0000
   0.6980753703  -3.9997915219  -3.8166770310
   0.7002013105  -4.0119726097  -3.5892520061
      
      
#  type   0  conf  1.0000
   0.7002013105  -4.0119726097  -3.5892520061
   0.6378187627  -3.6545367275  -2.9684344217
      
      
#  type   0  conf  1.0000
   0.6378187627  -3.6545367275  -2.9684344217
   0.5623764469  -3.2222717490  -2.4160974854
      
      
#  type   0  conf  1.0000
   0.5623764469  -3.2222717490  -2.4160974854
   0.5312730736  -3.0440574555  -2.2377739984
      
      
#  type   0  conf  1.0000
   0.5312730736  -3.0440574555  -2.2377739984
   0.1852215372  -1.0612715558  -1.1344436133
      
      
#  type   0  conf  1.0000
   0.1852215372  -1.0612715558  -1.1344436133
   0.0254260508  -0.1456847021  -0.8499055626
      
      
#  type   0  conf  1.0000
   0.0254260508  -0.1456847021  -0.8499055626
  -0.1309124089   0.7500942814  -1.1582392281
      
      
#  type   0  conf  1.0000
  -0.1309124089   0.7500942814  -1.1582392281
  -0.4720012504   2.7044452216  -2.2608975720
      
      
#  type   0  conf  1.0000
  -0.4720012504   2.7044452216  -2.2608975720
  -0.5053784404   2.8956878975  -2.4719346437
      
      
#  type   0  conf  1.0000
  -0.5053784404   2.8956878975  -2.4719346437
  -0.5769186929   3.3055950614  -2.9993770453
      
      
#  type   0  conf  1.0000
  -0.5769186929   3.3055950614  -2.9993770453
  -0.6411669680   3.6737210789  -3.6361989963
      
      
#  type   0  conf  1.0000
  -0.6411669680   3.6737210789  -3.6361989963
  -0.6390097153   3.6613605784  -3.8583506327
      
      
#  type   0  conf  1.0000
  -0.6390097153   3.6613605784  -3.8583506327
  -0.5529136014   3.1680520888  -4.3824742649
      
      
#  type   0  conf  1.0000
  -0.5529136014   3.1680520888  -4.3824742649
  -0.4516882098   2.5880567468  -4.5979217451
      
      
# 385  norm    -0.9864292572   -0.1641868466    0.0000000000
# nedges  16 
#  type   0  conf  1.0000
   0.4941513602  -2.9688453696  -4.5790827714
   0.5834763688  -3.5055071284  -4.3650352195
      
      
#  type   0  conf  1.0000
   0.5834763688  -3.5055071284  -4.3650352195
   0.6688246721  -4.0182769706  -3.8163141066
      
      
#  type   0  conf  1.0000
   0.6688246721  -4.0182769706  -3.8163141066
   0.6708003815  -4.0301469689  -3.5882732397
      
      
#  type   0  conf  1.0000
   0.6708003815  -4.0301469689  -3.5882732397
   0.6108959723  -3.6702432182  -2.9665952325
      
      
#  type   0  conf  1.0000
   0.6108959723  -3.6702432182  -2.9665952325
   0.5375417321  -3.2295333187  -2.4151220587
      
      
#  type   0  conf  1.0000
   0.5375417321  -3.2295333187  -2.4151220587
   0.5070200908  -3.0461602864  -2.2375707123
      
      
#  type   0  conf  1.0000
   0.5070200908  -3.0461602864  -2.2375707123
   0.1768649996  -1.0625991902  -1.1342312620
      
      
#  type   0  conf  1.0000
   0.1768649996  -1.0625991902  -1.1342312620
   0.0245713923  -0.1476241293  -0.8498627892
      
      
#  type   0  conf  1.0000
   0.0245713923  -0.1476241293  -0.8498627892
  -0.1246372915   0.7488168113  -1.1584566260
      
      
#  type   0  conf  1.0000
  -0.1246372915   0.7488168113  -1.1584566260
  -0.4500842078   2.7040913452  -2.2616320871
      
      
#  type   0  conf  1.0000
  -0.4500842078   2.7040913452  -2.2616320871
  -0.4825710709   2.8992713661  -2.4715145665
      
      
#  type   0  conf  1.0000
  -0.4825710709   2.8992713661  -2.4715145665
  -0.5522633052   3.3179800534  -2.9990973443
      
      
#  type   0  conf  1.0000
  -0.5522633052   3.3179800534  -2.9990973443
  -0.6137434795   3.6873509494  -3.6351993351
      
      
#  type   0  conf  1.0000
  -0.6137434795   3.6873509494  -3.6351993351
  -0.6118099231   3.6757342049  -3.8573099275
      
      
#  type   0  conf  1.0000
  -0.6118099231   3.6757342049  -3.8573099275
  -0.5295411304   3.1814659631  -4.3818018636
      
      
#  type   0  conf  1.0000
  -0.5295411304   3.1814659631  -4.3818018636
  -0.4316525905   2.5933547848  -4.5983608081
      
      
# 386  norm    -0.9876883406   -0.1564344650    0.0000000000
# nedges  16 
#  type   0  conf  1.0000
   0.4732575431  -2.9880305295  -4.5773564128
   0.5579050162  -3.5224736410  -4.3645196735
      
      
#  type   0  conf  1.0000
   0.5579050162  -3.5224736410  -4.3645196735
   0.6392856863  -4.0362909700  -3.8160160199
      
      
#  type   0  conf  1.0000
   0.6392856863  -4.0362909700  -3.8160160199
   0.6411741598  -4.0482143228  -3.5871603319
      
      
#  type   0  conf  1.0000
   0.6411741598  -4.0482143228  -3.5871603319
   0.5838300358  -3.6861577728  -2.9656306513
      
      
#  type   0  conf  1.0000
   0.5838300358  -3.6861577728  -2.9656306513
   0.5126937976  -3.2370212414  -2.4149609984
      
      
#  type   0  conf  1.0000
   0.5126937976  -3.2370212414  -2.4149609984
   0.4828247769  -3.0484356667  -2.2375790534
      
      
#  type   0  conf  1.0000
   0.4828247769  -3.0484356667  -2.2375790534
   0.1686268214  -1.0646678488  -1.1343252253
      
      
#  type   0  conf  1.0000
   0.1686268214  -1.0646678488  -1.1343252253
   0.0236765950  -0.1494881375  -0.8499089683
      
      
#  type   0  conf  1.0000
   0.0236765950  -0.1494881375  -0.8499089683
  -0.1182048786   0.7463162315  -1.1583692890
      
      
#  type   0  conf  1.0000
  -0.1182048786   0.7463162315  -1.1583692890
  -0.4279230818   2.7018000060  -2.2612014194
      
      
#  type   0  conf  1.0000
  -0.4279230818   2.7018000060  -2.2612014194
  -0.4599530792   2.9040294502  -2.4728916599
      
      
#  type   0  conf  1.0000
  -0.4599530792   2.9040294502  -2.4728916599
  -0.5274023305   3.3298872627  -2.9991009296
      
      
#  type   0  conf  1.0000
  -0.5274023305   3.3298872627  -2.9991009296
  -0.5860103760   3.6999238990  -3.6333441362
      
      
#  type   0  conf  1.0000
  -0.5860103760   3.6999238990  -3.6333441362
  -0.5844353363   3.6899794899  -3.8553875657
      
      
#  type   0  conf  1.0000
  -0.5844353363   3.6899794899  -3.8553875657
  -0.5060480126   3.1950614061  -4.3804422179
      
      
#  type   0  conf  1.0000
  -0.5060480126   3.1950614061  -4.3804422179
  -0.4118709365   2.6004507491  -4.5988151828
      
      
# 387  norm    -0.9888864987   -0.1486724339    0.0000000000
# nedges  16 
#  type   0  conf  1.0000
   0.4508906359  -2.9990742098  -4.5783172048
   0.5316808066  -3.5364455772  -4.3656236185
      
      
#  type   0  conf  1.0000
   0.5316808066  -3.5364455772  -4.3656236185
   0.6093570073  -4.0531045444  -3.8165081859
      
      
#  type   0  conf  1.0000
   0.6093570073  -4.0531045444  -3.8165081859
   0.6112717779  -4.0658405353  -3.5891589502
      
      
#  type   0  conf  1.0000
   0.6112717779  -4.0658405353  -3.5891589502
   0.5568025041  -3.7035411631  -2.9676253549
      
      
#  type   0  conf  1.0000
   0.5568025041  -3.7035411631  -2.9676253549
   0.4879274684  -3.2454226602  -2.4162016291
      
      
#  type   0  conf  1.0000
   0.4879274684  -3.2454226602  -2.4162016291
   0.4586520237  -3.0506986531  -2.2378311415
      
      
#  type   0  conf  1.0000
   0.4586520237  -3.0506986531  -2.2378311415
   0.1602552258  -1.0659288007  -1.1342455536
      
      
#  type   0  conf  1.0000
   0.1602552258  -1.0659288007  -1.1342455536
   0.0227298956  -0.1511866475  -0.8499406300
      
      
#  type   0  conf  1.0000
   0.0227298956  -0.1511866475  -0.8499406300
  -0.1119014287   0.7443061848  -1.1583138484
      
      
#  type   0  conf  1.0000
  -0.1119014287   0.7443061848  -1.1583138484
  -0.4059071903   2.6998693016  -2.2612818204
      
      
#  type   0  conf  1.0000
  -0.4059071903   2.6998693016  -2.2612818204
  -0.4370316397   2.9068918608  -2.4725362315
      
      
#  type   0  conf  1.0000
  -0.4370316397   2.9068918608  -2.4725362315
  -0.5023633625   3.3414422140  -2.9989106872
      
      
#  type   0  conf  1.0000
  -0.5023633625   3.3414422140  -2.9989106872
  -0.5582396077   3.7130999789  -3.6339111126
      
      
#  type   0  conf  1.0000
  -0.5582396077   3.7130999789  -3.6339111126
  -0.5564527378   3.7012147121  -3.8592027303
      
      
#  type   0  conf  1.0000
  -0.5564527378   3.7012147121  -3.8592027303
  -0.4813488927   3.2016656261  -4.3835823407
      
      
#  type   0  conf  1.0000
  -0.4813488927   3.2016656261  -4.3835823407
  -0.3921083102   2.6080868109  -4.5979120947
      
      
# 388  norm    -0.9900236577   -0.1409012319   -0.0000000000
# nedges  16 
#  type   0  conf  1.0000
   0.4290096613  -3.0143789963  -4.5781268199
   0.5054398722  -3.5514056490  -4.3656356458
      
      
#  type   0  conf  1.0000
   0.5054398722  -3.5514056490  -4.3656356458
   0.5792512922  -4.0700317178  -3.8165615248
      
      
#  type   0  conf  1.0000
   0.5792512922  -4.0700317178  -3.8165615248
   0.5809864450  -4.0822235364  -3.5870942027
      
      
#  type   0  conf  1.0000
   0.5809864450  -4.0822235364  -3.5870942027
   0.5291230979  -3.7178126658  -2.9660424515
      
      
#  type   0  conf  1.0000
   0.5291230979  -3.7178126658  -2.9660424515
   0.4628221262  -3.2519577577  -2.4160094529
      
      
#  type   0  conf  1.0000
   0.4628221262  -3.2519577577  -2.4160094529
   0.4344167765  -3.0523713678  -2.2379746654
      
      
#  type   0  conf  1.0000
   0.4344167765  -3.0523713678  -2.2379746654
   0.1519867232  -1.0679143795  -1.1345182012
      
      
#  type   0  conf  1.0000
   0.1519867232  -1.0679143795  -1.1345182012
   0.0218171654  -0.1532953941  -0.8498465590
      
      
#  type   0  conf  1.0000
   0.0218171654  -0.1532953941  -0.8498465590
  -0.1055460074   0.7416049017  -1.1580376656
      
      
#  type   0  conf  1.0000
  -0.1055460074   0.7416049017  -1.1580376656
  -0.3837941549   2.6966782892  -2.2606228454
      
      
#  type   0  conf  1.0000
  -0.3837941549   2.6966782892  -2.2606228454
  -0.4139146322   2.9083157934  -2.4708786372
      
      
#  type   0  conf  1.0000
  -0.4139146322   2.9083157934  -2.4708786372
  -0.4771891732   3.3529058914  -2.9991545581
      
      
#  type   0  conf  1.0000
  -0.4771891732   3.3529058914  -2.9991545581
  -0.5302668032   3.7258487584  -3.6352007097
      
      
#  type   0  conf  1.0000
  -0.5302668032   3.7258487584  -3.6352007097
  -0.5285250521   3.7136105772  -3.8588709534
      
      
#  type   0  conf  1.0000
  -0.5285250521   3.7136105772  -3.8588709534
  -0.4572450214   3.2127709767  -4.3833423978
      
      
#  type   0  conf  1.0000
  -0.4572450214   3.2127709767  -4.3833423978
  -0.3727346725   2.6189703150  -4.5968858491
      
      
# 389  norm    -0.9910997474   -0.1331213385    0.0000000000
# nedges  17 
#  type   0  conf  1.0000
   0.4078272084  -3.0363084361  -4.5747859032
   0.4789250901  -3.5656382447  -4.3653170420
      
      
#  type   0  conf  1.0000
   0.4789250901  -3.5656382447  -4.3653170420
   0.5487755618  -4.0856809783  -3.8158399839
      
      
#  type   0  conf  1.0000
   0.5487755618  -4.0856809783  -3.8158399839
   0.5503067732  -4.0970809785  -3.5864680231
      
      
#  type   0  conf  1.0000
   0.5503067732  -4.0970809785  -3.5864680231
   0.5012758813  -3.7320417958  -2.9663669952
      
      
#  type   0  conf  1.0000
   0.5012758813  -3.7320417958  -2.9663669952
   0.4376266866  -3.2581680993  -2.4160362341
      
      
#  type   0  conf  1.0000
   0.4376266866  -3.2581680993  -2.4160362341
   0.4100875028  -3.0531365212  -2.2376286766
      
      
#  type   0  conf  1.0000
   0.4100875028  -3.0531365212  -2.2376286766
   0.1434567002  -1.0680473990  -1.1340256863
      
      
#  type   0  conf  1.0000
   0.1434567002  -1.0680473990  -1.1340256863
   0.0207944893  -0.1548167508  -0.8498268388
      
      
#  type   0  conf  1.0000
   0.0207944893  -0.1548167508  -0.8498268388
  -0.0994041518   0.7400724093  -1.1582743891
      
      
#  type   0  conf  1.0000
  -0.0994041518   0.7400724093  -1.1582743891
  -0.3620135771   2.6952220339  -2.2611014250
      
      
#  type   0  conf  1.0000
  -0.3620135771   2.6952220339  -2.2611014250
  -0.3910600793   2.9114757262  -2.4714359367
      
      
#  type   0  conf  1.0000
  -0.3910600793   2.9114757262  -2.4714359367
  -0.4516489860   3.3625653173  -2.9987730825
      
      
#  type   0  conf  1.0000
  -0.4516489860   3.3625653173  -2.9987730825
  -0.5019487803   3.7370515863  -3.6347921419
      
      
#  type   0  conf  1.0000
  -0.5019487803   3.7370515863  -3.6347921419
  -0.5003400744   3.7250746335  -3.8437692319
      
      
#  type   0  conf  1.0000
  -0.5003400744   3.7250746335  -3.8437692319
  -0.4988377258   3.7138895200  -3.8709494253
      
      
#  type   0  conf  1.0000
  -0.4988377258   3.7138895200  -3.8709494253
  -0.4328147904   3.2223431206  -4.3830784340
      
      
#  type   0  conf  1.0000
  -0.4328147904   3.2223431206  -4.3830784340
  -0.3529137219   2.6274728339  -4.5969183206
      
      
# 390  norm    -0.9921147013   -0.1253332336    0.0000000000
# nedges  16 
#  type   0  conf  1.0000
   0.3855937285  -3.0522886542  -4.5742530283
   0.4523060420  -3.5803709919  -4.3649423010
      
      
#  type   0  conf  1.0000
   0.4523060420  -3.5803709919  -4.3649423010
   0.5181551054  -4.1016200014  -3.8151418164
      
      
#  type   0  conf  1.0000
   0.5181551054  -4.1016200014  -3.8151418164
   0.5195650008  -4.1127804729  -3.5861858929
      
      
#  type   0  conf  1.0000
   0.5195650008  -4.1127804729  -3.5861858929
   0.4732073074  -3.7458215438  -2.9654786737
      
      
#  type   0  conf  1.0000
   0.4732073074  -3.7458215438  -2.9654786737
   0.4122115229  -3.2629901923  -2.4150501824
      
      
#  type   0  conf  1.0000
   0.4122115229  -3.2629901923  -2.4150501824
   0.3858679149  -3.0544590629  -2.2381719940
      
      
#  type   0  conf  1.0000
   0.3858679149  -3.0544590629  -2.2381719940
   0.1351560022  -1.0698699214  -1.1342706271
      
      
#  type   0  conf  1.0000
   0.1351560022  -1.0698699214  -1.1342706271
   0.0197700263  -0.1564958727  -0.8498138345
      
      
#  type   0  conf  1.0000
   0.0197700263  -0.1564958727  -0.8498138345
  -0.0932471232   0.7381269848  -1.1584285414
      
      
#  type   0  conf  1.0000
  -0.0932471232   0.7381269848  -1.1584285414
  -0.3399491734   2.6909747958  -2.2604086247
      
      
#  type   0  conf  1.0000
  -0.3399491734   2.6909747958  -2.2604086247
  -0.3679518243   2.9126386026  -2.4702766546
      
      
#  type   0  conf  1.0000
  -0.3679518243   2.9126386026  -2.4702766546
  -0.4261667709   3.3734573549  -2.9995019640
      
      
#  type   0  conf  1.0000
  -0.4261667709   3.3734573549  -2.9995019640
  -0.4736797751   3.7495615105  -3.6366746929
      
      
#  type   0  conf  1.0000
  -0.4736797751   3.7495615105  -3.6366746929
  -0.4717375589   3.7341872866  -3.8607363548
      
      
#  type   0  conf  1.0000
  -0.4717375589   3.7341872866  -3.8607363548
  -0.4089644565   3.2372870151  -4.3803089827
      
      
#  type   0  conf  1.0000
  -0.4089644565   3.2372870151  -4.3803089827
  -0.3334348205   2.6394083833  -4.5960814790
      
      
# 391  norm    -0.9930684570   -0.1175373975    0.0000000000
# nedges  17 
#  type   0  conf  1.0000
   0.3628937866  -3.0660741215  -4.5742016043
   0.4254198340  -3.5943540286  -4.3646399754
      
      
#  type   0  conf  1.0000
   0.4254198340  -3.5943540286  -4.3646399754
   0.4871357896  -4.1157895054  -3.8148746186
      
      
#  type   0  conf  1.0000
   0.4871357896  -4.1157895054  -3.8148746186
   0.4884581498  -4.1269620701  -3.5858001971
      
      
#  type   0  conf  1.0000
   0.4884581498  -4.1269620701  -3.5858001971
   0.4450208727  -3.7599623688  -2.9663643194
      
      
#  type   0  conf  1.0000
   0.4450208727  -3.7599623688  -2.9663643194
   0.3869743379  -3.2695296724  -2.4159671617
      
      
#  type   0  conf  1.0000
   0.3869743379  -3.2695296724  -2.4159671617
   0.3615495840  -3.0547170115  -2.2380469084
      
      
#  type   0  conf  1.0000
   0.3615495840  -3.0547170115  -2.2380469084
   0.1267217486  -1.0706666481  -1.1342519744
      
      
#  type   0  conf  1.0000
   0.1267217486  -1.0706666481  -1.1342519744
   0.0186980005  -0.1579786089  -0.8497951832
      
      
#  type   0  conf  1.0000
   0.0186980005  -0.1579786089  -0.8497951832
  -0.0870992619   0.7358979482  -1.1584217318
      
      
#  type   0  conf  1.0000
  -0.0870992619   0.7358979482  -1.1584217318
  -0.3183074628   2.6893661745  -2.2610841448
      
      
#  type   0  conf  1.0000
  -0.3183074628   2.6893661745  -2.2610841448
  -0.3451575198   2.9162211602  -2.4722078061
      
      
#  type   0  conf  1.0000
  -0.3451575198   2.9162211602  -2.4722078061
  -0.4003144471   3.3822396858  -2.9986705764
      
      
#  type   0  conf  1.0000
  -0.4003144471   3.3822396858  -2.9986705764
  -0.4448060628   3.7581474490  -3.6330789449
      
      
#  type   0  conf  1.0000
  -0.4448060628   3.7581474490  -3.6330789449
  -0.4435574769   3.7475981997  -3.8563504907
      
      
#  type   0  conf  1.0000
  -0.4435574769   3.7475981997  -3.8563504907
  -0.3851570551   3.2541755278  -4.3721117189
      
      
#  type   0  conf  1.0000
  -0.3851570551   3.2541755278  -4.3721117189
  -0.3812754385   3.2213799149  -4.3898637557
      
      
#  type   0  conf  1.0000
  -0.3812754385   3.2213799149  -4.3898637557
  -0.3134221833   2.6480906561  -4.5957670065
      
      
# 392  norm    -0.9939609555   -0.1097343111    0.0000000000
# nedges  17 
#  type   0  conf  1.0000
   0.3404314900  -3.0835898610  -4.5723977670
   0.3982004260  -3.6068543374  -4.3646323817
      
      
#  type   0  conf  1.0000
   0.3982004260  -3.6068543374  -4.3646323817
   0.4558324849  -4.1288789960  -3.8163495225
      
      
#  type   0  conf  1.0000
   0.4558324849  -4.1288789960  -3.8163495225
   0.4573223598  -4.1423741146  -3.5874687904
      
      
#  type   0  conf  1.0000
   0.4573223598  -4.1423741146  -3.5874687904
   0.4164941131  -3.7725564823  -2.9657311323
      
      
#  type   0  conf  1.0000
   0.4164941131  -3.7725564823  -2.9657311323
   0.3614645184  -3.2741046485  -2.4155537337
      
      
#  type   0  conf  1.0000
   0.3614645184  -3.2741046485  -2.4155537337
   0.3372011711  -3.0543299978  -2.2376066759
      
      
#  type   0  conf  1.0000
   0.3372011711  -3.0543299978  -2.2376066759
   0.1181726121  -1.0703941294  -1.1337289698
      
      
#  type   0  conf  1.0000
   0.1181726121  -1.0703941294  -1.1337289698
   0.0176392993  -0.1597747739  -0.8498626736
      
      
#  type   0  conf  1.0000
   0.0176392993  -0.1597747739  -0.8498626736
  -0.0809328441   0.7330805311  -1.1581807174
      
      
#  type   0  conf  1.0000
  -0.0809328441   0.7330805311  -1.1581807174
  -0.2964940485   2.6856094943  -2.2609020968
      
      
#  type   0  conf  1.0000
  -0.2964940485   2.6856094943  -2.2609020968
  -0.3219688955   2.9163577721  -2.4708166763
      
      
#  type   0  conf  1.0000
  -0.3219688955   2.9163577721  -2.4708166763
  -0.3745465895   3.3926005660  -2.9999071529
      
      
#  type   0  conf  1.0000
  -0.3745465895   3.3926005660  -2.9999071529
  -0.4161189435   3.7691582379  -3.6357116302
      
      
#  type   0  conf  1.0000
  -0.4161189435   3.7691582379  -3.6357116302
  -0.4147346489   3.7566194549  -3.8591525998
      
      
#  type   0  conf  1.0000
  -0.4147346489   3.7566194549  -3.8591525998
  -0.3601375343   3.2620849771  -4.3721914356
      
      
#  type   0  conf  1.0000
  -0.3601375343   3.2620849771  -4.3721914356
  -0.3558092328   3.2228797127  -4.3925366039
      
      
#  type   0  conf  1.0000
  -0.3558092328   3.2228797127  -4.3925366039
  -0.2934814003   2.6583212686  -4.5949347920
      
      
# 393  norm    -0.9947921418   -0.1019244558    0.0000000000
# nedges  17 
#  type   0  conf  1.0000
   0.3157779888  -3.0820224578  -4.5784552242
   0.3709130035  -3.6201453157  -4.3646213730
      
      
#  type   0  conf  1.0000
   0.3709130035  -3.6201453157  -4.3646213730
   0.4245013137  -4.1431721927  -3.8162434143
      
      
#  type   0  conf  1.0000
   0.4245013137  -4.1431721927  -3.8162434143
   0.4259163557  -4.1569831341  -3.5897471039
      
      
#  type   0  conf  1.0000
   0.4259163557  -4.1569831341  -3.5897471039
   0.3885431530  -3.7922172097  -2.9751872129
      
      
#  type   0  conf  1.0000
   0.3885431530  -3.7922172097  -2.9751872129
   0.3863610507  -3.7709196887  -2.9495591134
      
      
#  type   0  conf  1.0000
   0.3863610507  -3.7709196887  -2.9495591134
   0.3359400688  -3.2788062293  -2.4153466148
      
      
#  type   0  conf  1.0000
   0.3359400688  -3.2788062293  -2.4153466148
   0.3128751306  -3.0536902928  -2.2377006493
      
      
#  type   0  conf  1.0000
   0.3128751306  -3.0536902928  -2.2377006493
   0.1098722030  -1.0723628916  -1.1341559993
      
      
#  type   0  conf  1.0000
   0.1098722030  -1.0723628916  -1.1341559993
   0.0165302903  -0.1613371666  -0.8498688586
      
      
#  type   0  conf  1.0000
   0.0165302903  -0.1613371666  -0.8498688586
  -0.0748366924   0.7304130585  -1.1581948454
      
      
#  type   0  conf  1.0000
  -0.0748366924   0.7304130585  -1.1581948454
  -0.2747579255   2.6816628355  -2.2609789547
      
      
#  type   0  conf  1.0000
  -0.2747579255   2.6816628355  -2.2609789547
  -0.2989277491   2.9175625555  -2.4709884254
      
      
#  type   0  conf  1.0000
  -0.2989277491   2.9175625555  -2.4709884254
  -0.3484315428   3.4007241734  -2.9987228901
      
      
#  type   0  conf  1.0000
  -0.3484315428   3.4007241734  -2.9987228901
  -0.3871352219   3.7784756717  -3.6329118068
      
      
#  type   0  conf  1.0000
  -0.3871352219   3.7784756717  -3.6329118068
  -0.3860128651   3.7675213652  -3.8572945755
      
      
#  type   0  conf  1.0000
  -0.3860128651   3.7675213652  -3.8572945755
  -0.3344664161   3.2644232417  -4.3802437016
      
      
#  type   0  conf  1.0000
  -0.3344664161   3.2644232417  -4.3802437016
  -0.2733033776   2.6674663136  -4.5955091329
      
      
# 394  norm    -0.9955619646   -0.0941083133    0.0000000000
# nedges  16 
#  type   0  conf  1.0000
   0.2926239142  -3.0956376608  -4.5784078209
   0.3434544965  -3.6333690533  -4.3644724844
      
      
#  type   0  conf  1.0000
   0.3434544965  -3.6333690533  -4.3644724844
   0.3930015452  -4.1575220794  -3.8155169129
      
      
#  type   0  conf  1.0000
   0.3930015452  -4.1575220794  -3.8155169129
   0.3942653865  -4.1708921230  -3.5881461712
      
      
#  type   0  conf  1.0000
   0.3942653865  -4.1708921230  -3.5881461712
   0.3591997444  -3.7999363776  -2.9667558510
      
      
#  type   0  conf  1.0000
   0.3591997444  -3.7999363776  -2.9667558510
   0.3103497384  -3.2831572938  -2.4153106127
      
      
#  type   0  conf  1.0000
   0.3103497384  -3.2831572938  -2.4153106127
   0.2885849475  -3.0529098563  -2.2377273419
      
      
#  type   0  conf  1.0000
   0.2885849475  -3.0529098563  -2.2377273419
   0.1013897751  -1.0725917847  -1.1339980409
      
      
#  type   0  conf  1.0000
   0.1013897751  -1.0725917847  -1.1339980409
   0.0154302040  -0.1632345081  -0.8499466149
      
      
#  type   0  conf  1.0000
   0.0154302040  -0.1632345081  -0.8499466149
  -0.0687595478   0.7274000359  -1.1580962977
      
      
#  type   0  conf  1.0000
  -0.0687595478   0.7274000359  -1.1580962977
  -0.2530070223   2.6765347220  -2.2607869925
      
      
#  type   0  conf  1.0000
  -0.2530070223   2.6765347220  -2.2607869925
  -0.2757736275   2.9173802478  -2.4703473069
      
      
#  type   0  conf  1.0000
  -0.2757736275   2.9173802478  -2.4703473069
  -0.3223810009   3.4104347560  -2.9995841502
      
      
#  type   0  conf  1.0000
  -0.3223810009   3.4104347560  -2.9995841502
  -0.3582187675   3.7895587266  -3.6364487184
      
      
#  type   0  conf  1.0000
  -0.3582187675   3.7895587266  -3.6364487184
  -0.3568778747   3.7753735623  -3.8609423584
      
      
#  type   0  conf  1.0000
  -0.3568778747   3.7753735623  -3.8609423584
  -0.3092092708   3.2710924071  -4.3812279792
      
      
#  type   0  conf  1.0000
  -0.3092092708   3.2710924071  -4.3812279792
  -0.2529385886   2.6758107686  -4.5950507277
      
      
# 395  norm    -0.9962703765   -0.0862863658    0.0000000000
# nedges  16 
#  type   0  conf  1.0000
   0.2691610206  -3.1077580893  -4.5790303813
   0.3157439451  -3.6456088533  -4.3643639867
      
      
#  type   0  conf  1.0000
   0.3157439451  -3.6456088533  -4.3643639867
   0.3612742855  -4.1713063829  -3.8151310433
      
      
#  type   0  conf  1.0000
   0.3612742855  -4.1713063829  -3.8151310433
   0.3623448497  -4.1836672172  -3.5864023175
      
      
#  type   0  conf  1.0000
   0.3623448497  -4.1836672172  -3.5864023175
   0.3301278935  -3.8116872544  -2.9660802312
      
      
#  type   0  conf  1.0000
   0.3301278935  -3.8116872544  -2.9660802312
   0.2847154438  -3.2873509020  -2.4156042270
      
      
#  type   0  conf  1.0000
   0.2847154438  -3.2873509020  -2.4156042270
   0.2644367894  -3.0532116778  -2.2386919884
      
      
#  type   0  conf  1.0000
   0.2644367894  -3.0532116778  -2.2386919884
   0.0929795017  -1.0735499436  -1.1341828735
      
      
#  type   0  conf  1.0000
   0.0929795017  -1.0735499436  -1.1341828735
   0.0142535163  -0.1645724208  -0.8498752898
      
      
#  type   0  conf  1.0000
   0.0142535163  -0.1645724208  -0.8498752898
  -0.0628090413   0.7251990117  -1.1584123849
      
      
#  type   0  conf  1.0000
  -0.0628090413   0.7251990117  -1.1584123849
  -0.2314324669   2.6721407121  -2.2609541442
      
      
#  type   0  conf  1.0000
  -0.2314324669   2.6721407121  -2.2609541442
  -0.2527241772   2.9179767720  -2.4707340509
      
      
#  type   0  conf  1.0000
  -0.2527241772   2.9179767720  -2.4707340509
  -0.2959715125   3.4173145142  -2.9979367876
      
      
#  type   0  conf  1.0000
  -0.2959715125   3.4173145142  -2.9979367876
  -0.3289162680   3.7976977143  -3.6330749145
      
      
#  type   0  conf  1.0000
  -0.3289162680   3.7976977143  -3.6330749145
  -0.3279043188   3.7860136548  -3.8573275885
      
      
#  type   0  conf  1.0000
  -0.3279043188   3.7860136548  -3.8573275885
  -0.2843497910   3.2831290402  -4.3792574561
      
      
#  type   0  conf  1.0000
  -0.2843497910   3.2831290402  -4.3792574561
  -0.2325258986   2.6847655762  -4.5956217570
      
      
# 396  norm    -0.9969173337   -0.0784590957    0.0000000000
# nedges  16 
#  type   0  conf  1.0000
   0.2453546784  -3.1175267765  -4.5796825719
   0.2878439461  -3.6574041118  -4.3642441008
      
      
#  type   0  conf  1.0000
   0.2878439461  -3.6574041118  -4.3642441008
   0.3293050529  -4.1842174226  -3.8145279734
      
      
#  type   0  conf  1.0000
   0.3293050529  -4.1842174226  -3.8145279734
   0.3302734580  -4.1965221766  -3.5861773487
      
      
#  type   0  conf  1.0000
   0.3302734580  -4.1965221766  -3.5861773487
   0.3009140374  -3.8234753667  -2.9659937070
      
      
#  type   0  conf  1.0000
   0.3009140374  -3.8234753667  -2.9659937070
   0.2590492494  -3.2915327995  -2.4162100176
      
      
#  type   0  conf  1.0000
   0.2590492494  -3.2915327995  -2.4162100176
   0.2401925650  -3.0519359066  -2.2389974662
      
      
#  type   0  conf  1.0000
   0.2401925650  -3.0519359066  -2.2389974662
   0.0845266009  -1.0740122961  -1.1342965886
      
      
#  type   0  conf  1.0000
   0.0845266009  -1.0740122961  -1.1342965886
   0.0130800073  -0.1661972503  -0.8498493443
      
      
#  type   0  conf  1.0000
   0.0130800073  -0.1661972503  -0.8498493443
  -0.0568079198   0.7218130600  -1.1581506905
      
      
#  type   0  conf  1.0000
  -0.0568079198   0.7218130600  -1.1581506905
  -0.2098945872   2.6669635974  -2.2608425362
      
      
#  type   0  conf  1.0000
  -0.2098945872   2.6669635974  -2.2608425362
  -0.2296604766   2.9181130359  -2.4707459156
      
      
#  type   0  conf  1.0000
  -0.2296604766   2.9181130359  -2.4707459156
  -0.2696579864   3.4263295845  -2.9993224121
      
      
#  type   0  conf  1.0000
  -0.2696579864   3.4263295845  -2.9993224121
  -0.2996543210   3.8074691523  -3.6361074198
      
      
#  type   0  conf  1.0000
  -0.2996543210   3.8074691523  -3.6361074198
  -0.2985287434   3.7931673334  -3.8606601530
      
      
#  type   0  conf  1.0000
  -0.2985287434   3.7931673334  -3.8606601530
  -0.2588491912   3.2889908190  -4.3800202427
      
      
#  type   0  conf  1.0000
  -0.2588491912   3.2889908190  -4.3800202427
  -0.2119091814   2.6925614444  -4.5951333914
      
      
# 397  norm    -0.9975027964   -0.0706269859   -0.0000000000
# nedges  17 
#  type   0  conf  1.0000
   0.2217160150  -3.1314141761  -4.5784438067
   0.2596916551  -3.6677645061  -4.3643371830
      
      
#  type   0  conf  1.0000
   0.2596916551  -3.6677645061  -4.3643371830
   0.2969969366  -4.1946470021  -3.8155439686
      
      
#  type   0  conf  1.0000
   0.2969969366  -4.1946470021  -3.8155439686
   0.2979937557  -4.2087256130  -3.5893712652
      
      
#  type   0  conf  1.0000
   0.2979937557  -4.2087256130  -3.5893712652
   0.2718848902  -3.8399761047  -2.9750091623
      
      
#  type   0  conf  1.0000
   0.2718848902  -3.8399761047  -2.9750091623
   0.2700737328  -3.8143961568  -2.9462207825
      
      
#  type   0  conf  1.0000
   0.2700737328  -3.8143961568  -2.9462207825
   0.2332276407  -3.2939990387  -2.4156060567
      
      
#  type   0  conf  1.0000
   0.2332276407  -3.2939990387  -2.4156060567
   0.2158671938  -3.0488081383  -2.2381342020
      
      
#  type   0  conf  1.0000
   0.2158671938  -3.0488081383  -2.2381342020
   0.0760486440  -1.0740757807  -1.1341439185
      
      
#  type   0  conf  1.0000
   0.0760486440  -1.0740757807  -1.1341439185
   0.0119026791  -0.1681079204  -0.8498294954
      
      
#  type   0  conf  1.0000
   0.0119026791  -0.1681079204  -0.8498294954
  -0.0509192997   0.7191605759  -1.1581780899
      
      
#  type   0  conf  1.0000
  -0.0509192997   0.7191605759  -1.1581780899
  -0.1884923615   2.6621787016  -2.2609902370
      
      
#  type   0  conf  1.0000
  -0.1884923615   2.6621787016  -2.2609902370
  -0.2066268021   2.9183011305  -2.4711603814
      
      
#  type   0  conf  1.0000
  -0.2066268021   2.9183011305  -2.4711603814
  -0.2430308101   3.4324544579  -2.9985519918
      
      
#  type   0  conf  1.0000
  -0.2430308101   3.4324544579  -2.9985519918
  -0.2700498798   3.8140592687  -3.6333232363
      
      
#  type   0  conf  1.0000
  -0.2700498798   3.8140592687  -3.6333232363
  -0.2691199072   3.8009247659  -3.8599577675
      
      
#  type   0  conf  1.0000
  -0.2691199072   3.8009247659  -3.8599577675
  -0.2336241098   3.2995985845  -4.3777726461
      
      
#  type   0  conf  1.0000
  -0.2336241098   3.2995985845  -4.3777726461
  -0.1911324789   2.6994664952  -4.5960401126
      
      
# 398  norm    -0.9980267284   -0.0627905195    0.0000000000
# nedges  16 
#  type   0  conf  1.0000
   0.1977640442  -3.1433694698  -4.5782014487
   0.2314745273  -3.6791822541  -4.3638780897
      
      
#  type   0  conf  1.0000
   0.2314745273  -3.6791822541  -4.3638780897
   0.2646298495  -4.2061710105  -3.8155485067
      
      
#  type   0  conf  1.0000
   0.2646298495  -4.2061710105  -3.8155485067
   0.2655054710  -4.2200886149  -3.5880355145
      
      
#  type   0  conf  1.0000
   0.2655054710  -4.2200886149  -3.5880355145
   0.2419533018  -3.8457376056  -2.9669351319
      
      
#  type   0  conf  1.0000
   0.2419533018  -3.8457376056  -2.9669351319
   0.2074625038  -3.2975220700  -2.4161730052
      
      
#  type   0  conf  1.0000
   0.2074625038  -3.2975220700  -2.4161730052
   0.1916599598  -3.0463478261  -2.2382488642
      
      
#  type   0  conf  1.0000
   0.1916599598  -3.0463478261  -2.2382488642
   0.0675644118  -1.0739055736  -1.1340067378
      
      
#  type   0  conf  1.0000
   0.0675644118  -1.0739055736  -1.1340067378
   0.0106656924  -0.1695263259  -0.8498319137
      
      
#  type   0  conf  1.0000
   0.0106656924  -0.1695263259  -0.8498319137
  -0.0450400670   0.7158913641  -1.1581042340
      
      
#  type   0  conf  1.0000
  -0.0450400670   0.7158913641  -1.1581042340
  -0.1671302284   2.6564589093  -2.2609768990
      
      
#  type   0  conf  1.0000
  -0.1671302284   2.6564589093  -2.2609768990
  -0.1834975568   2.9166101452  -2.4704940397
      
      
#  type   0  conf  1.0000
  -0.1834975568   2.9166101452  -2.4704940397
  -0.2164217468   3.4399251598  -2.9987075284
      
      
#  type   0  conf  1.0000
  -0.2164217468   3.4399251598  -2.9987075284
  -0.2405547612   3.8235084386  -3.6371229858
      
      
#  type   0  conf  1.0000
  -0.2405547612   3.8235084386  -3.6371229858
  -0.2395270410   3.8071732943  -3.8621997833
      
      
#  type   0  conf  1.0000
  -0.2395270410   3.8071732943  -3.8621997833
  -0.2078554423   3.3037676481  -4.3795642284
      
      
#  type   0  conf  1.0000
  -0.2078554423   3.3037676481  -4.3795642284
  -0.1703322048   2.7073528674  -4.5953306209
      
      
# 399  norm    -0.9984890975   -0.0549501799   -0.0000000000
# nedges  16 
#  type   0  conf  1.0000
   0.1739334404  -3.1605109254  -4.5753722351
   0.2029780847  -3.6882755426  -4.3644479140
      
      
#  type   0  conf  1.0000
   0.2029780847  -3.6882755426  -4.3644479140
   0.2321147503  -4.2177122596  -3.8140811201
      
      
#  type   0  conf  1.0000
   0.2321147503  -4.2177122596  -3.8140811201
   0.2327643419  -4.2295158632  -3.5846536373
      
      
#  type   0  conf  1.0000
   0.2327643419  -4.2295158632  -3.5846536373
   0.2121449295  -3.8548445063  -2.9664362844
      
      
#  type   0  conf  1.0000
   0.2121449295  -3.8548445063  -2.9664362844
   0.1815871953  -3.2995858259  -2.4160599577
      
      
#  type   0  conf  1.0000
   0.1815871953  -3.2995858259  -2.4160599577
   0.1676510554  -3.0463549203  -2.2396786305
      
      
#  type   0  conf  1.0000
   0.1676510554  -3.0463549203  -2.2396786305
   0.0591195515  -1.0742499433  -1.1342336863
      
      
#  type   0  conf  1.0000
   0.0591195515  -1.0742499433  -1.1342336863
   0.0094163129  -0.1711020020  -0.8498579816
      
      
#  type   0  conf  1.0000
   0.0094163129  -0.1711020020  -0.8498579816
  -0.0392379576   0.7129853435  -1.1580958280
      
      
#  type   0  conf  1.0000
  -0.0392379576   0.7129853435  -1.1580958280
  -0.1459486486   2.6520046814  -2.2615721159
      
      
#  type   0  conf  1.0000
  -0.1459486486   2.6520046814  -2.2615721159
  -0.1605302863   2.9169648031  -2.4716830649
      
      
#  type   0  conf  1.0000
  -0.1605302863   2.9169648031  -2.4716830649
  -0.1896403035   3.4459172979  -2.9988128946
      
      
#  type   0  conf  1.0000
  -0.1896403035   3.4459172979  -2.9988128946
  -0.2106960137   3.8285165385  -3.6330767927
      
      
#  type   0  conf  1.0000
  -0.2106960137   3.8285165385  -3.6330767927
  -0.2099966883   3.8158092308  -3.8597992857
      
      
#  type   0  conf  1.0000
  -0.2099966883   3.8158092308  -3.8597992857
  -0.1823341094   3.3131578580  -4.3775031444
      
      
#  type   0  conf  1.0000
  -0.1823341094   3.3131578580  -4.3775031444
  -0.1493431658   2.7136857984  -4.5959198583
      
      
# 400  norm    -0.9988898750   -0.0471064507    0.0000000000
# nedges  17 
#  type   0  conf  1.0000
   0.1491645159  -3.1630259217  -4.5786249928
   0.1743432271  -3.6969392018  -4.3647675168
      
      
#  type   0  conf  1.0000
   0.1743432271  -3.6969392018  -4.3647675168
   0.1993152628  -4.2264699407  -3.8160476864
      
      
#  type   0  conf  1.0000
   0.1993152628  -4.2264699407  -3.8160476864
   0.2000131901  -4.2412694542  -3.5890608560
      
      
#  type   0  conf  1.0000
   0.2000131901  -4.2412694542  -3.5890608560
   0.1826049464  -3.8721285371  -2.9781417130
      
      
#  type   0  conf  1.0000
   0.1826049464  -3.8721285371  -2.9781417130
   0.1814268562  -3.8471471957  -2.9494251981
      
      
#  type   0  conf  1.0000
   0.1814268562  -3.8471471957  -2.9494251981
   0.1556338392  -3.3002075891  -2.4149569065
      
      
#  type   0  conf  1.0000
   0.1556338392  -3.3002075891  -2.4149569065
   0.1434359189  -3.0415513150  -2.2386700320
      
      
#  type   0  conf  1.0000
   0.1434359189  -3.0415513150  -2.2386700320
   0.0506659001  -1.0743678163  -1.1341739304
      
      
#  type   0  conf  1.0000
   0.0506659001  -1.0743678163  -1.1341739304
   0.0081359278  -0.1725219332  -0.8498516051
      
      
#  type   0  conf  1.0000
   0.0081359278  -0.1725219332  -0.8498516051
  -0.0334934343   0.7102265582  -1.1582546221
      
      
#  type   0  conf  1.0000
  -0.0334934343   0.7102265582  -1.1582546221
  -0.1247565330   2.6454558931  -2.2613635965
      
      
#  type   0  conf  1.0000
  -0.1247565330   2.6454558931  -2.2613635965
  -0.1375168280   2.9160372964  -2.4719283033
      
      
#  type   0  conf  1.0000
  -0.1375168280   2.9160372964  -2.4719283033
  -0.1628115356   3.4524102739  -2.9996213724
      
      
#  type   0  conf  1.0000
  -0.1628115356   3.4524102739  -2.9996213724
  -0.1809071714   3.8361273057  -3.6354496607
      
      
#  type   0  conf  1.0000
  -0.1809071714   3.8361273057  -3.6354496607
  -0.1801966022   3.8210597216  -3.8614525291
      
      
#  type   0  conf  1.0000
  -0.1801966022   3.8210597216  -3.8614525291
  -0.1564085388   3.3166350552  -4.3791912229
      
      
#  type   0  conf  1.0000
  -0.1564085388   3.3166350552  -4.3791912229
  -0.1282723793   2.7200092342  -4.5955534101
      
      
# 401  norm    -0.9992290362   -0.0392598158   -0.0000000000
# nedges  16 
#  type   0  conf  1.0000
   0.1247070489  -3.1740063429  -4.5783700191
   0.1456807060  -3.7078215635  -4.3642200474
      
      
#  type   0  conf  1.0000
   0.1456807060  -3.7078215635  -4.3642200474
   0.1664905670  -4.2374678938  -3.8140987196
      
      
#  type   0  conf  1.0000
   0.1664905670  -4.2374678938  -3.8140987196
   0.1670198283  -4.2509384932  -3.5864750280
      
      
#  type   0  conf  1.0000
   0.1670198283  -4.2509384932  -3.5864750280
   0.1522258208  -3.8744058598  -2.9667906952
      
      
#  type   0  conf  1.0000
   0.1522258208  -3.8744058598  -2.9667906952
   0.1297045049  -3.3012000928  -2.4144626918
      
      
#  type   0  conf  1.0000
   0.1297045049  -3.3012000928  -2.4144626918
   0.1192800093  -3.0358789620  -2.2376233777
      
      
#  type   0  conf  1.0000
   0.1192800093  -3.0358789620  -2.2376233777
   0.0422046513  -1.0741801062  -1.1342428010
      
      
#  type   0  conf  1.0000
   0.0422046513  -1.0741801062  -1.1342428010
   0.0068388408  -0.1740601223  -0.8497864651
      
      
#  type   0  conf  1.0000
   0.0068388408  -0.1740601223  -0.8497864651
  -0.0277719067   0.7068422256  -1.1582965743
      
      
#  type   0  conf  1.0000
  -0.0277719067   0.7068422256  -1.1582965743
  -0.1036424842   2.6378773711  -2.2610282634
      
      
#  type   0  conf  1.0000
  -0.1036424842   2.6378773711  -2.2610282634
  -0.1144734469   2.9135437792  -2.4715200821
      
      
#  type   0  conf  1.0000
  -0.1144734469   2.9135437792  -2.4715200821
  -0.1358511774   3.4576433558  -2.9988545884
      
      
#  type   0  conf  1.0000
  -0.1358511774   3.4576433558  -2.9988545884
  -0.1509713932   3.8424785444  -3.6349151162
      
      
#  type   0  conf  1.0000
  -0.1509713932   3.8424785444  -3.6349151162
  -0.1503933367   3.8277660257  -3.8611346072
      
      
#  type   0  conf  1.0000
  -0.1503933367   3.8277660257  -3.8611346072
  -0.1305637511   3.3230693690  -4.3788945220
      
      
#  type   0  conf  1.0000
  -0.1305637511   3.3230693690  -4.3788945220
  -0.1071150231   2.7262593892  -4.5958406249
      
      
# 402  norm    -0.9995065604   -0.0314107591    0.0000000000
# nedges  16 
#  type   0  conf  1.0000
   0.0999723885  -3.1811729832  -4.5795483638
   0.1168008019  -3.7166617814  -4.3646290164
      
      
#  type   0  conf  1.0000
   0.1168008019  -3.7166617814  -4.3646290164
   0.1334844025  -4.2475425605  -3.8140961033
      
      
#  type   0  conf  1.0000
   0.1334844025  -4.2475425605  -3.8140961033
   0.1339003773  -4.2607790933  -3.5857645583
      
      
#  type   0  conf  1.0000
   0.1339003773  -4.2607790933  -3.5857645583
   0.1220371046  -3.8832836334  -2.9663775545
      
      
#  type   0  conf  1.0000
   0.1220371046  -3.8832836334  -2.9663775545
   0.1038054136  -3.3031418201  -2.4151111717
      
      
#  type   0  conf  1.0000
   0.1038054136  -3.3031418201  -2.4151111717
   0.0953333768  -3.0335572363  -2.2386938489
      
      
#  type   0  conf  1.0000
   0.0953333768  -3.0335572363  -2.2386938489
   0.0337508242  -1.0739686412  -1.1342685871
      
      
#  type   0  conf  1.0000
   0.0337508242  -1.0739686412  -1.1342685871
   0.0055174645  -0.1755685663  -0.8498527249
      
      
#  type   0  conf  1.0000
   0.0055174645  -0.1755685663  -0.8498527249
  -0.0220835102   0.7027086884  -1.1580472388
      
      
#  type   0  conf  1.0000
  -0.0220835102   0.7027086884  -1.1580472388
  -0.0826526648   2.6300504399  -2.2606981376
      
      
#  type   0  conf  1.0000
  -0.0826526648   2.6300504399  -2.2606981376
  -0.0914532113   2.9100883677  -2.4705674447
      
      
#  type   0  conf  1.0000
  -0.0914532113   2.9100883677  -2.4705674447
  -0.1088246087   3.4628551977  -2.9985500404
      
      
#  type   0  conf  1.0000
  -0.1088246087   3.4628551977  -2.9985500404
  -0.1208587023   3.8457862650  -3.6303146751
      
      
#  type   0  conf  1.0000
  -0.1208587023   3.8457862650  -3.6303146751
  -0.1205273452   3.8352423096  -3.8591569525
      
      
#  type   0  conf  1.0000
  -0.1205273452   3.8352423096  -3.8591569525
  -0.1046919626   3.3313522651  -4.3767643996
      
      
#  type   0  conf  1.0000
  -0.1046919626   3.3313522651  -4.3767643996
  -0.0858848635   2.7329006696  -4.5962365365
      
      
# 403  norm    -0.9997224302   -0.0235597648    0.0000000000
# nedges  17 
#  type   0  conf  1.0000
   0.0749142487  -3.1788710665  -4.5844221287
   0.0877639159  -3.7241269574  -4.3649571763
      
      
#  type   0  conf  1.0000
   0.0877639159  -3.7241269574  -4.3649571763
   0.1002487723  -4.2539026580  -3.8176897117
      
      
#  type   0  conf  1.0000
   0.1002487723  -4.2539026580  -3.8176897117
   0.1006763077  -4.2720444669  -3.5910845963
      
      
#  type   0  conf  1.0000
   0.1006763077  -4.2720444669  -3.5910845963
   0.0928397020  -3.9395101410  -3.0439547426
      
      
#  type   0  conf  1.0000
   0.0928397020  -3.9395101410  -3.0439547426
   0.0916064652  -3.8871796343  -2.9618558462
      
      
#  type   0  conf  1.0000
   0.0916064652  -3.8871796343  -2.9618558462
   0.0778217333  -3.3022457077  -2.4138440860
      
      
#  type   0  conf  1.0000
   0.0778217333  -3.3022457077  -2.4138440860
   0.0714119627  -3.0302569405  -2.2392580520
      
      
#  type   0  conf  1.0000
   0.0714119627  -3.0302569405  -2.2392580520
   0.0253035654  -1.0737179266  -1.1343145149
      
      
#  type   0  conf  1.0000
   0.0253035654  -1.0737179266  -1.1343145149
   0.0041731798  -0.1770824739  -0.8498518735
      
      
#  type   0  conf  1.0000
   0.0041731798  -0.1770824739  -0.8498518735
  -0.0164840971   0.6994773385  -1.1581189837
      
      
#  type   0  conf  1.0000
  -0.0164840971   0.6994773385  -1.1581189837
  -0.0618274023   2.6235508438  -2.2612716593
      
      
#  type   0  conf  1.0000
  -0.0618274023   2.6235508438  -2.2612716593
  -0.0685417428   2.9084635699  -2.4715522848
      
      
#  type   0  conf  1.0000
  -0.0685417428   2.9084635699  -2.4715522848
  -0.0817261324   3.4679228887  -2.9987226949
      
      
#  type   0  conf  1.0000
  -0.0817261324   3.4679228887  -2.9987226949
  -0.0908099087   3.8533789822  -3.6343538184
      
      
#  type   0  conf  1.0000
  -0.0908099087   3.8533789822  -3.6343538184
  -0.0904839030   3.8395454294  -3.8599655271
      
      
#  type   0  conf  1.0000
  -0.0904839030   3.8395454294  -3.8599655271
  -0.0785882653   3.3347723158  -4.3781185522
      
      
#  type   0  conf  1.0000
  -0.0785882653   3.3347723158  -4.3781185522
  -0.0645281915   2.7381546836  -4.5960149502
      
      
# 404  norm    -0.9998766325   -0.0157073173   -0.0000000000
# nedges  16 
#  type   0  conf  1.0000
   0.0499185311  -3.1776510139  -4.5886159636
   0.0586484506  -3.7333692373  -4.3646198093
      
      
#  type   0  conf  1.0000
   0.0586484506  -3.7333692373  -4.3646198093
   0.0669969854  -4.2648097584  -3.8141339162
      
      
#  type   0  conf  1.0000
   0.0669969854  -4.2648097584  -3.8141339162
   0.0672190415  -4.2789451280  -3.5864849654
      
      
#  type   0  conf  1.0000
   0.0672190415  -4.2789451280  -3.5864849654
   0.0612611610  -3.8996858670  -2.9660111908
      
      
#  type   0  conf  1.0000
   0.0612611610  -3.8996858670  -2.9660111908
   0.0518752563  -3.3022097631  -2.4135511716
      
      
#  type   0  conf  1.0000
   0.0518752563  -3.3022097631  -2.4135511716
   0.0475677471  -3.0280077658  -2.2406560443
      
      
#  type   0  conf  1.0000
   0.0475677471  -3.0280077658  -2.2406560443
   0.0168769813  -1.0743336278  -1.1348630363
      
      
#  type   0  conf  1.0000
   0.0168769813  -1.0743336278  -1.1348630363
   0.0028055834  -0.1785942953  -0.8497331282
      
      
#  type   0  conf  1.0000
   0.0028055834  -0.1785942953  -0.8497331282
  -0.0109316430   0.6958727690  -1.1581121163
      
      
#  type   0  conf  1.0000
  -0.0109316430   0.6958727690  -1.1581121163
  -0.0410898891   2.6156484370  -2.2611847143
      
      
#  type   0  conf  1.0000
  -0.0410898891   2.6156484370  -2.2611847143
  -0.0456500906   2.9059360010  -2.4719203362
      
      
#  type   0  conf  1.0000
  -0.0456500906   2.9059360010  -2.4719203362
  -0.0545472793   3.4723020397  -2.9987661372
      
      
#  type   0  conf  1.0000
  -0.0545472793   3.4723020397  -2.9987661372
  -0.0606133993   3.8584514684  -3.6341505700
      
      
#  type   0  conf  1.0000
  -0.0606133993   3.8584514684  -3.6341505700
  -0.0603869612   3.8440371615  -3.8611036834
      
      
#  type   0  conf  1.0000
  -0.0603869612   3.8440371615  -3.8611036834
  -0.0524809709   3.3407675779  -4.3766688722
      
      
#  type   0  conf  1.0000
  -0.0524809709   3.3407675779  -4.3766688722
  -0.0431182491   2.7447672237  -4.5961361056
      
      
# 405  norm    -0.9999691576   -0.0078539009   -0.0000000000
# nedges  17 
#  type   0  conf  1.0000
   0.0250623537  -3.1909723641  -4.5864843528
   0.0292065433  -3.7186161253  -4.3734564418
      
      
#  type   0  conf  1.0000
   0.0292065433  -3.7186161253  -4.3734564418
   0.0294359294  -3.7478218727  -4.3575807235
      
      
#  type   0  conf  1.0000
   0.0294359294  -3.7478218727  -4.3575807235
   0.0335573434  -4.2725658121  -3.8127775864
      
      
#  type   0  conf  1.0000
   0.0335573434  -4.2725658121  -3.8127775864
   0.0336665137  -4.2864655198  -3.5859502374
      
      
#  type   0  conf  1.0000
   0.0336665137  -4.2864655198  -3.5859502374
   0.0306838034  -3.9067028589  -2.9661774023
      
      
#  type   0  conf  1.0000
   0.0306838034  -3.9067028589  -2.9661774023
   0.0259328407  -3.3018039383  -2.4132946704
      
      
#  type   0  conf  1.0000
   0.0259328407  -3.3018039383  -2.4132946704
   0.0237367753  -3.0221979600  -2.2397039625
      
      
#  type   0  conf  1.0000
   0.0237367753  -3.0221979600  -2.2397039625
   0.0084355227  -1.0740220279  -1.1350009679
      
      
#  type   0  conf  1.0000
   0.0084355227  -1.0740220279  -1.1350009679
   0.0014139442  -0.1800252663  -0.8498243625
      
      
#  type   0  conf  1.0000
   0.0014139442  -0.1800252663  -0.8498243625
  -0.0054389302   0.6924918612  -1.1581237318
      
      
#  type   0  conf  1.0000
  -0.0054389302   0.6924918612  -1.1581237318
  -0.0204818814   2.6077805135  -2.2609471434
      
      
#  type   0  conf  1.0000
  -0.0204818814   2.6077805135  -2.2609471434
  -0.0227961186   2.9024322923  -2.4714497232
      
      
#  type   0  conf  1.0000
  -0.0227961186   2.9024322923  -2.4714497232
  -0.0273029601   3.4762493712  -2.9990703765
      
      
#  type   0  conf  1.0000
  -0.0273029601   3.4762493712  -2.9990703765
  -0.0303285052   3.8614658130  -3.6324822371
      
      
#  type   0  conf  1.0000
  -0.0303285052   3.8614658130  -3.6324822371
  -0.0302248563   3.8482690983  -3.8605807082
      
      
#  type   0  conf  1.0000
  -0.0302248563   3.8482690983  -3.8605807082
  -0.0262732735   3.3451482947  -4.3764395296
      
      
#  type   0  conf  1.0000
  -0.0262732735   3.3451482947  -4.3764395296
  -0.0215914393   2.7490509111  -4.5964042929
      
      
